#usda 1.0
(
    customLayerData = {
        string "aeco:cctv:algorithmRevision" = "4"
        bool "aeco:cctv:cull" = 1
        dictionary "aeco:cctv:exclusionViews" = {
        }
        string "aeco:cctv:inputHash" = "cb5508aa34c23704bb7553103dce00528caf9d5bb177a379394ddfbcc8de47b7"
        string "aeco:cctv:kernel" = "embree"
        string "aeco:cctv:libraryVersion" = "0.5.3"
        string "aeco:cctv:study" = "/SecurityStudies/CriticalDoors"
        string "aeco:cctv:time" = "2026-09-11T00:00:00Z"
        string "aeco:cctv:tool" = "aeco-cctv study 0.5.3"
        dictionary "aeco:cctv:views" = {
            dictionary "/demo_datacentre_01/demo_datacentre_01_Site/demo_datacentre_01/L00_Ground/Corridor_Centre/sec_cam_door_hall_a_e/Sensor_0" = {
                string cache = '{"candidates": [53, 111, 257, 321, 892, 942, 1378, 1384, 1640, 1833, 2176, 2477, 2697, 2778], "exclusions": {}, "flags": {"unclassified": [], "unphased": []}, "targets": {"/demo_datacentre_01/demo_datacentre_01_Site/demo_datacentre_01/L00_Ground/door_hall_a_e": {"blocker": null, "covered": true, "densities": [342.78822743509045, 370.2792431793753, 401.65069117567714, 437.44515113893675, 478.1030363808495, 523.7327165179321, 573.678240223226, 625.8218848344729, 354.6740156293206, 385.3929492520259, 421.15457823895525, 462.99466525627224, 512.0502283719002, 569.3540230092154, 635.296694112599, 708.4467556498264, 364.8903893042042, 398.60470241714887, 438.57214837815025, 486.44417931808584, 544.3285166004724, 614.7661387513912, 700.3509267821307, 802.307803410475, 372.8434042370446, 409.0386238180309, 452.5868704089976, 505.78333382199537, 571.8455379639097, 655.2701682837195, 762.0995621678828, 899.2863702684343, 378.0039345285108, 415.8817854149572, 461.9094487139976, 518.8963483061774, 591.0065290689245, 684.5670319254175, 809.3250254286079, 979.8961149634991, 379.99511886151583, 418.53795857701675, 465.55692566043115, 524.0833640890727, 598.7049211306869, 696.6117063677049, 829.4405367505074, 1016.2366934204484, 378.6641795937118, 416.76154819357913, 463.11573033623887, 520.608200850601, 593.5395655775096, 688.5122333531757, 815.86670494588, 991.5730542683187, 374.11369908744587, 410.71770134751495, 454.86450834280026, 508.9681960694098, 576.4606166734925, 662.2405770958599, 773.1274685468333, 917.5626885246535], "density": 342.78822743509045, "distance": 2.953853402519312, "fraction": 1.0, "inside": true, "points": [true, true, true, true, true, true, true, true, true, true, true, true, true, true, true, true, true, true, true, true, true, true, true, true, true, true, true, true, true, true, true, true, true, true, true, true, true, true, true, true, true, true, true, true, true, true, true, true, true, true, true, true, true, true, true, true, true, true, true, true, true, true, true, true], "through": [], "visible": true, "wouldCover": true}}, "through": []}'
                string hash = "61b36b73e01f6261a7b23b7736dd15a024e4a8c47044be85dcac02cb1fb7dfd2"
            }
            dictionary "/demo_datacentre_01/demo_datacentre_01_Site/demo_datacentre_01/L00_Ground/Corridor_Centre/sec_cam_door_hall_b_w/Sensor_0" = {
                string cache = '{"candidates": [130, 172, 182, 209, 214, 256, 580, 942, 1833, 1844, 2244, 2477, 2672, 2697, 2789], "exclusions": {}, "flags": {"unclassified": [], "unphased": []}, "targets": {"/demo_datacentre_01/demo_datacentre_01_Site/demo_datacentre_01/L00_Ground/door_hall_b_w": {"blocker": null, "covered": true, "densities": [344.275529425237, 372.1558880777592, 404.04910530980646, 440.5488234555778, 482.1634653431045, 529.083875232148, 580.7326539057486, 635.0124028379583, 356.3222144153849, 387.5102431647476, 423.92210227478057, 466.67926809521856, 517.0478360842081, 576.2482003404808, 644.9174947997311, 721.862850079378, 366.6858918104231, 400.9486466438803, 441.700044927229, 490.722783104721, 550.3435533427022, 623.471390897842, 713.3039044559454, 821.9528236173313, 374.7595109187949, 411.5726823298505, 456.02670570361244, 510.5979640376297, 578.8317381207396, 665.8426395225309, 778.8758794560828, 927.2163268375091, 380.0011392571872, 418.5460030525617, 465.56799736597003, 524.0991584265931, 598.7284686284659, 696.6487989997458, 829.5031527916124, 1016.3518633493449, 382.0242228347649, 421.25388719366777, 469.3035392712986, 529.4453930995816, 606.7367135610992, 709.3545337494287, 851.2022498953842, 1057.0751480334554, 380.67192595416645, 419.44282181858915, 466.8032508691123, 525.8632037652696, 601.3625511361104, 700.8078895638625, 836.5507751190337, 1029.3989598516105, 376.0495620845238, 413.28329468696535, 458.35694585035435, 513.875246649381, 583.6194767809367, 673.1597409095473, 790.6596827099022, 947.2878632370137], "density": 344.275529425237, "distance": 2.941092483811257, "fraction": 1.0, "inside": true, "points": [true, true, true, true, true, true, true, true, true, true, true, true, true, true, true, true, true, true, true, true, true, true, true, true, true, true, true, true, true, true, true, true, true, true, true, true, true, true, true, true, true, true, true, true, true, true, true, true, true, true, true, true, true, true, true, true, true, true, true, true, true, true, true, true], "through": [], "visible": true, "wouldCover": true}}, "through": []}'
                string hash = "475e79616fb78d2c9f99f35bab288072e45745657f5fe0d3e8eff9136cafb606"
            }
            dictionary "/demo_datacentre_01/demo_datacentre_01_Site/demo_datacentre_01/L00_Ground/Corridor_East/sec_cam_door_hall_b_e/Sensor_0" = {
                string cache = '{"candidates": [134, 149, 150, 175, 275, 304, 314, 807, 1833, 1880], "exclusions": {}, "flags": {"unclassified": [], "unphased": []}, "targets": {"/demo_datacentre_01/demo_datacentre_01_Site/demo_datacentre_01/L00_Ground/door_hall_b_e": {"blocker": null, "covered": true, "densities": [342.7882274350903, 370.27924317937516, 401.65069117567697, 437.44515113893647, 478.1030363808491, 523.7327165179316, 573.6782402232253, 625.8218848344721, 354.6740156293204, 385.39294925202574, 421.15457823895497, 462.99466525627196, 512.0502283718997, 569.354023009215, 635.2966941125982, 708.4467556498253, 364.89038930420406, 398.6047024171486, 438.57214837814996, 486.44417931808545, 544.3285166004719, 614.7661387513905, 700.3509267821296, 802.3078034104733, 372.84340423704435, 409.03862381803054, 452.58687040899724, 505.7833338219949, 571.845537963909, 655.2701682837187, 762.0995621678812, 899.2863702684318, 378.0039345285106, 415.88178541495705, 461.9094487139972, 518.896348306177, 591.0065290689239, 684.5670319254164, 809.3250254286062, 979.8961149634961, 379.99511886151566, 418.53795857701647, 465.55692566043075, 524.0833640890722, 598.7049211306862, 696.6117063677037, 829.4405367505053, 1016.2366934204449, 378.6641795937117, 416.76154819357885, 463.11573033623864, 520.6082008506005, 593.5395655775088, 688.5122333531746, 815.8667049458783, 991.5730542683153, 374.1136990874458, 410.71770134751466, 454.8645083427999, 508.9681960694094, 576.4606166734918, 662.240577095859, 773.1274685468318, 917.5626885246509], "density": 342.7882274350903, "distance": 2.9538534025193135, "fraction": 1.0, "inside": true, "points": [true, true, true, true, true, true, true, true, true, true, true, true, true, true, true, true, true, true, true, true, true, true, true, true, true, true, true, true, true, true, true, true, true, true, true, true, true, true, true, true, true, true, true, true, true, true, true, true, true, true, true, true, true, true, true, true, true, true, true, true, true, true, true, true], "through": [], "visible": true, "wouldCover": true}}, "through": []}'
                string hash = "5d35013a3ec9a062e483cf660d16c187a95bee95fecfbd848b414b57adc372eb"
            }
            dictionary "/demo_datacentre_01/demo_datacentre_01_Site/demo_datacentre_01/L00_Ground/Corridor_South/sec_cam_door_mmr_1/Sensor_0" = {
                string cache = '{"candidates": [270, 447, 512, 513, 515, 516, 553, 758, 1405, 1615, 1684, 1687, 1833, 2151, 2273, 2492, 2592, 2697, 2778], "exclusions": {}, "flags": {"unclassified": [], "unphased": []}, "targets": {"/demo_datacentre_01/demo_datacentre_01_Site/demo_datacentre_01/L00_Ground/door_mmr_1": {"blocker": null, "covered": true, "densities": [364.7773066046889, 398.45730253980156, 438.3758384370632, 486.17635434733467, 543.9533321041449, 614.2257979498902, 699.5523537479002, 801.1078656684945, 373.35567907688, 409.71532811844423, 453.5040486555877, 507.06439653366573, 573.6989539847094, 658.0630993061974, 766.5032452003771, 906.5467291527298, 379.20085801240407, 417.47737780822996, 464.09856015316694, 522.005559046486, 595.6128019739944, 691.754308220654, 821.2766089860953, 1001.3314309443953, 381.88834419559055, 421.0717241687657, 469.0517008196273, 529.083876066282, 606.1928039001527, 708.4857696249054, 849.7023597511335, 1054.2066322181126], "density": 364.7773066046889, "distance": 2.7757926647833044, "fraction": 1.0, "inside": true, "points": [true, true, true, true, true, true, true, true, true, true, true, true, true, true, true, true, true, true, true, true, true, true, true, true, true, true, true, true, true, true, true, true], "through": [], "visible": true, "wouldCover": true}}, "through": []}'
                string hash = "d6bde8c33823c7b1cadf1ff278ccd2f196fc9ee09a998becfbdea72a0496374d"
            }
            dictionary "/demo_datacentre_01/demo_datacentre_01_Site/demo_datacentre_01/L00_Ground/Corridor_South/sec_cam_door_office_link/Sensor_0" = {
                string cache = '{"candidates": [4, 266, 286, 389, 407, 445, 499, 511, 1016, 1199, 1307, 1498, 1553, 1638, 1716, 1745, 1833, 1865, 1948, 1964, 2130, 2174, 2205, 2301, 2697, 2701], "exclusions": {}, "flags": {"unclassified": [], "unphased": []}, "targets": {"/demo_datacentre_01/demo_datacentre_01_Site/demo_datacentre_01/L00_Ground/Office_Link": {"blocker": null, "covered": true, "densities": [344.2755294252369, 372.15588807775913, 404.0491053098064, 440.54882345557775, 482.1634653431045, 529.0838752321479, 580.7326539057485, 635.0124028379582, 356.3222144153849, 387.5102431647475, 423.9221022747805, 466.6792680952185, 517.047836084208, 576.2482003404807, 644.9174947997308, 721.8628500793776, 366.6858918104231, 400.94864664388024, 441.7000449272289, 490.7227831047208, 550.3435533427021, 623.4713908978417, 713.3039044559453, 821.952823617331, 374.75951091879483, 411.57268232985047, 456.02670570361227, 510.5979640376296, 578.8317381207394, 665.8426395225307, 778.8758794560823, 927.2163268375086, 380.00113925718716, 418.5460030525616, 465.5679973659699, 524.0991584265931, 598.7284686284657, 696.6487989997456, 829.5031527916121, 1016.3518633493442, 382.0242228347648, 421.25388719366765, 469.3035392712984, 529.4453930995815, 606.736713561099, 709.3545337494285, 851.2022498953837, 1057.0751480334548, 380.67192595416634, 419.44282181858904, 466.8032508691122, 525.8632037652695, 601.3625511361103, 700.8078895638622, 836.550775119033, 1029.398959851609, 376.04956208452376, 413.2832946869653, 458.35694585035424, 513.8752466493808, 583.6194767809363, 673.1597409095469, 790.6596827099015, 947.2878632370125], "density": 344.2755294252369, "distance": 2.9410924838112575, "fraction": 1.0, "inside": true, "points": [true, true, true, true, true, true, true, true, true, true, true, true, true, true, true, true, true, true, true, true, true, true, true, true, true, true, true, true, true, true, true, true, true, true, true, true, true, true, true, true, true, true, true, true, true, true, true, true, true, true, true, true, true, true, true, true, true, true, true, true, true, true, true, true], "through": [], "visible": true, "wouldCover": true}}, "through": []}'
                string hash = "e3bf2609cccfbc02d0dd4a674d9d58eaed30c597fd5794e808a85d97f2544d3a"
            }
            dictionary "/demo_datacentre_01/demo_datacentre_01_Site/demo_datacentre_01/L00_Ground/Corridor_Spine/sec_cam_door_elec_a/Sensor_0" = {
                string cache = '{"candidates": [332, 343, 346, 348, 349, 350, 359, 1200, 1257, 1265, 1421, 1479, 1602, 1676, 1693, 1833, 1901, 1995, 2151, 2166, 2273, 2307, 2492, 2592, 2697, 2778, 2816], "exclusions": {}, "flags": {"unclassified": [], "unphased": []}, "targets": {"/demo_datacentre_01/demo_datacentre_01_Site/demo_datacentre_01/L00_Ground/door_elec_a": {"blocker": null, "covered": true, "densities": [344.27552942523704, 372.15588807775924, 404.0491053098065, 440.54882345557803, 482.16346534310475, 529.0838752321482, 580.7326539057489, 635.0124028379588, 356.322214415385, 387.51024316474764, 423.9221022747807, 466.6792680952186, 517.0478360842083, 576.248200340481, 644.9174947997313, 721.8628500793783, 366.6858918104231, 400.9486466438803, 441.70004492722904, 490.72278310472103, 550.3435533427024, 623.4713908978421, 713.3039044559456, 821.9528236173315, 374.7595109187949, 411.5726823298505, 456.02670570361244, 510.5979640376297, 578.8317381207396, 665.842639522531, 778.8758794560828, 927.2163268375092, 380.0011392571872, 418.5460030525617, 465.56799736597003, 524.0991584265931, 598.7284686284659, 696.6487989997457, 829.5031527916124, 1016.3518633493447, 382.0242228347648, 421.25388719366765, 469.3035392712984, 529.4453930995815, 606.736713561099, 709.3545337494285, 851.2022498953837, 1057.0751480334548, 380.67192595416634, 419.44282181858904, 466.8032508691122, 525.8632037652695, 601.3625511361103, 700.8078895638622, 836.550775119033, 1029.398959851609, 376.04956208452376, 413.2832946869653, 458.35694585035424, 513.8752466493808, 583.6194767809363, 673.1597409095469, 790.6596827099015, 947.2878632370125], "density": 344.27552942523704, "distance": 2.9410924838112567, "fraction": 1.0, "inside": true, "points": [true, true, true, true, true, true, true, true, true, true, true, true, true, true, true, true, true, true, true, true, true, true, true, true, true, true, true, true, true, true, true, true, true, true, true, true, true, true, true, true, true, true, true, true, true, true, true, true, true, true, true, true, true, true, true, true, true, true, true, true, true, true, true, true], "through": [], "visible": true, "wouldCover": true}}, "through": []}'
                string hash = "340213786fc56b6ed30ad4ad86e5617ac5d84a13a22c35698fb9d7e0759ff4ef"
            }
            dictionary "/demo_datacentre_01/demo_datacentre_01_Site/demo_datacentre_01/L00_Ground/Corridor_Spine/sec_cam_door_elec_b/Sensor_0" = {
                string cache = '{"candidates": [315, 341, 357, 382, 523, 524, 525, 526, 529, 531, 768, 1006, 1119, 1315, 1346, 1394, 1447, 1594, 1613, 1833, 1834, 2014, 2270, 2409, 2502, 2524, 2625, 2671, 2697, 2722, 2945, 2952], "exclusions": {}, "flags": {"unclassified": [], "unphased": []}, "targets": {"/demo_datacentre_01/demo_datacentre_01_Site/demo_datacentre_01/L00_Ground/door_elec_b": {"blocker": null, "covered": true, "densities": [344.27552942523715, 372.15588807775936, 404.0491053098067, 440.54882345557814, 482.1634653431049, 529.0838752321486, 580.7326539057493, 635.0124028379594, 356.3222144153851, 387.51024316474775, 423.92210227478074, 466.67926809521884, 517.0478360842086, 576.2482003404814, 644.9174947997318, 721.862850079379, 366.68589181042324, 400.9486466438804, 441.70004492722916, 490.72278310472115, 550.3435533427025, 623.4713908978424, 713.3039044559462, 821.9528236173326, 374.759510918795, 411.5726823298506, 456.0267057036125, 510.5979640376299, 578.8317381207398, 665.8426395225313, 778.8758794560832, 927.21632683751, 380.0011392571872, 418.5460030525617, 465.56799736597003, 524.0991584265932, 598.7284686284659, 696.648798999746, 829.5031527916127, 1016.3518633493451, 382.0242228347648, 421.25388719366765, 469.3035392712984, 529.4453930995815, 606.736713561099, 709.3545337494285, 851.2022498953837, 1057.0751480334548, 380.67192595416634, 419.442821818589, 466.80325086911205, 525.8632037652695, 601.3625511361101, 700.8078895638621, 836.5507751190327, 1029.3989598516089, 376.04956208452376, 413.2832946869652, 458.3569458503542, 513.8752466493806, 583.6194767809362, 673.1597409095466, 790.6596827099011, 947.2878632370116], "density": 344.27552942523715, "distance": 2.9410924838112558, "fraction": 1.0, "inside": true, "points": [true, true, true, true, true, true, true, true, true, true, true, true, true, true, true, true, true, true, true, true, true, true, true, true, true, true, true, true, true, true, true, true, true, true, true, true, true, true, true, true, true, true, true, true, true, true, true, true, true, true, true, true, true, true, true, true, true, true, true, true, true, true, true, true], "through": [], "visible": true, "wouldCover": true}}, "through": []}'
                string hash = "db0888c49f3494cbaa4b57350072b4225cae5ca74f1efd3158afb4c22334c53b"
            }
            dictionary "/demo_datacentre_01/demo_datacentre_01_Site/demo_datacentre_01/L00_Ground/Corridor_Spine/sec_cam_door_hall_a_s/Sensor_0" = {
                string cache = '{"candidates": [30, 285, 334, 367, 682, 943, 1166, 1403, 1592, 1833, 1955, 2163, 2169, 2697, 2778, 2816], "exclusions": {}, "flags": {"unclassified": [], "unphased": []}, "targets": {"/demo_datacentre_01/demo_datacentre_01_Site/demo_datacentre_01/L00_Ground/door_hall_a_s": {"blocker": null, "covered": true, "densities": [342.7882274350904, 370.27924317937516, 401.650691175677, 437.4451511389365, 478.10303638084935, 523.7327165179317, 573.6782402232255, 625.8218848344724, 354.6740156293205, 385.3929492520258, 421.1545782389551, 462.99466525627207, 512.0502283719, 569.3540230092152, 635.2966941125985, 708.4467556498258, 364.8903893042041, 398.6047024171487, 438.57214837815013, 486.44417931808573, 544.3285166004723, 614.7661387513908, 700.3509267821303, 802.3078034104743, 372.84340423704447, 409.03862381803077, 452.58687040899747, 505.78333382199526, 571.8455379639095, 655.2701682837193, 762.0995621678824, 899.2863702684336, 378.0039345285108, 415.88178541495716, 461.9094487139975, 518.8963483061773, 591.0065290689245, 684.5670319254173, 809.3250254286078, 979.896114963499, 379.99511886151583, 418.5379585770167, 465.55692566043103, 524.0833640890727, 598.7049211306869, 696.6117063677046, 829.4405367505074, 1016.2366934204484, 378.6641795937118, 416.76154819357913, 463.11573033623887, 520.608200850601, 593.5395655775096, 688.5122333531759, 815.8667049458803, 991.5730542683191, 374.1136990874459, 410.71770134751495, 454.86450834280026, 508.9681960694099, 576.4606166734926, 662.2405770958602, 773.1274685468337, 917.5626885246543], "density": 342.7882274350904, "distance": 2.9538534025193126, "fraction": 1.0, "inside": true, "points": [true, true, true, true, true, true, true, true, true, true, true, true, true, true, true, true, true, true, true, true, true, true, true, true, true, true, true, true, true, true, true, true, true, true, true, true, true, true, true, true, true, true, true, true, true, true, true, true, true, true, true, true, true, true, true, true, true, true, true, true, true, true, true, true], "through": [], "visible": true, "wouldCover": true}}, "through": []}'
                string hash = "9258df5d8d4aa5cb0134353fa00c85a43dcdd16af212759c20e2404772870e1b"
            }
            dictionary "/demo_datacentre_01/demo_datacentre_01_Site/demo_datacentre_01/L00_Ground/Corridor_Spine/sec_cam_door_hall_b_s/Sensor_0" = {
                string cache = '{"candidates": [128, 130, 172, 195, 199, 211, 215, 235, 275, 365, 892, 922, 942, 1020, 1063, 1241, 1338, 1378, 1384, 1640, 1799, 1833, 2101, 2172, 2188, 2477, 2553, 2697], "exclusions": {}, "flags": {"unclassified": [], "unphased": []}, "targets": {"/demo_datacentre_01/demo_datacentre_01_Site/demo_datacentre_01/L00_Ground/door_hall_b_s": {"blocker": null, "covered": true, "densities": [342.7882274350903, 370.27924317937504, 401.6506911756769, 437.4451511389364, 478.10303638084906, 523.7327165179314, 573.6782402232251, 625.8218848344719, 354.6740156293204, 385.39294925202574, 421.15457823895497, 462.99466525627184, 512.0502283718997, 569.3540230092149, 635.296694112598, 708.4467556498251, 364.89038930420406, 398.60470241714864, 438.5721483781501, 486.44417931808545, 544.328516600472, 614.7661387513906, 700.3509267821297, 802.3078034104736, 372.8434042370444, 409.0386238180307, 452.58687040899736, 505.7833338219952, 571.8455379639094, 655.270168283719, 762.0995621678819, 899.2863702684327, 378.0039345285108, 415.88178541495716, 461.90944871399745, 518.8963483061773, 591.0065290689244, 684.5670319254172, 809.3250254286075, 979.8961149634983, 379.99511886151583, 418.5379585770167, 465.55692566043103, 524.0833640890727, 598.7049211306869, 696.6117063677046, 829.4405367505071, 1016.2366934204484, 378.6641795937118, 416.76154819357924, 463.11573033623904, 520.608200850601, 593.5395655775097, 688.5122333531759, 815.8667049458804, 991.5730542683195, 374.11369908744604, 410.717701347515, 454.8645083428004, 508.96819606941006, 576.4606166734928, 662.2405770958604, 773.127468546834, 917.5626885246548], "density": 342.7882274350903, "distance": 2.9538534025193135, "fraction": 1.0, "inside": true, "points": [true, true, true, true, true, true, true, true, true, true, true, true, true, true, true, true, true, true, true, true, true, true, true, true, true, true, true, true, true, true, true, true, true, true, true, true, true, true, true, true, true, true, true, true, true, true, true, true, true, true, true, true, true, true, true, true, true, true, true, true, true, true, true, true], "through": [], "visible": true, "wouldCover": true}}, "through": []}'
                string hash = "ef69a851edbaf297801e1e9b083226cf1de0b31ae817537ccaaacb041309ac02"
            }
            dictionary "/demo_datacentre_01/demo_datacentre_01_Site/demo_datacentre_01/L00_Ground/Corridor_Spine/sec_cam_door_mmr_2/Sensor_0" = {
                string cache = '{"candidates": [275, 287, 288, 289, 291, 362, 434, 492, 728, 892, 922, 948, 1044, 1116, 1236, 1241, 1338, 1378, 1384, 1565, 1640, 1705, 1799, 1828, 1833, 1923, 2059, 2188, 2697], "exclusions": {}, "flags": {"unclassified": [], "unphased": []}, "targets": {"/demo_datacentre_01/demo_datacentre_01_Site/demo_datacentre_01/L00_Ground/door_mmr_2": {"blocker": null, "covered": true, "densities": [364.7773066046889, 398.45730253980156, 438.3758384370632, 486.17635434733467, 543.9533321041448, 614.2257979498901, 699.5523537479, 801.1078656684942, 373.35567907687994, 409.7153281184442, 453.5040486555877, 507.06439653366556, 573.6989539847093, 658.0630993061972, 766.5032452003768, 906.5467291527292, 379.20085801240407, 417.4773778082299, 464.0985601531669, 522.005559046486, 595.6128019739942, 691.7543082206538, 821.2766089860949, 1001.3314309443946, 381.88834419559055, 421.07172416876557, 469.05170081962723, 529.0838760662818, 606.1928039001526, 708.4857696249052, 849.7023597511333, 1054.2066322181117], "density": 364.7773066046889, "distance": 2.7757926647833044, "fraction": 1.0, "inside": true, "points": [true, true, true, true, true, true, true, true, true, true, true, true, true, true, true, true, true, true, true, true, true, true, true, true, true, true, true, true, true, true, true, true], "through": [], "visible": true, "wouldCover": true}}, "through": []}'
                string hash = "223c2d14a0f3c2dee0b68228e3efbd11a5af4f85c6c7303d88ce8a065fb9c2fe"
            }
            dictionary "/demo_datacentre_01/demo_datacentre_01_Site/demo_datacentre_01/L00_Ground/Corridor_West/sec_cam_door_hall_a_w/Sensor_0" = {
                string cache = '{"candidates": [71, 92, 108, 334, 566, 779, 1403, 1534, 1592, 1833, 2697], "exclusions": {}, "flags": {"unclassified": [], "unphased": []}, "targets": {"/demo_datacentre_01/demo_datacentre_01_Site/demo_datacentre_01/L00_Ground/door_hall_a_w": {"blocker": null, "covered": true, "densities": [344.2755294252369, 372.1558880777592, 404.0491053098064, 440.5488234555778, 482.1634653431045, 529.0838752321479, 580.7326539057485, 635.0124028379583, 356.3222144153849, 387.5102431647475, 423.92210227478057, 466.67926809521856, 517.0478360842081, 576.2482003404808, 644.917494799731, 721.8628500793777, 366.6858918104231, 400.9486466438803, 441.700044927229, 490.722783104721, 550.3435533427021, 623.4713908978418, 713.3039044559453, 821.952823617331, 374.75951091879483, 411.57268232985047, 456.02670570361227, 510.5979640376296, 578.8317381207395, 665.8426395225309, 778.8758794560825, 927.2163268375089, 380.0011392571872, 418.5460030525617, 465.56799736597003, 524.0991584265931, 598.7284686284657, 696.6487989997457, 829.5031527916123, 1016.3518633493444, 382.0242228347648, 421.25388719366765, 469.3035392712984, 529.4453930995815, 606.7367135610991, 709.3545337494285, 851.2022498953838, 1057.0751480334548, 380.6719259541664, 419.44282181858904, 466.8032508691122, 525.8632037652696, 601.3625511361104, 700.8078895638624, 836.5507751190333, 1029.3989598516098, 376.0495620845238, 413.28329468696535, 458.35694585035435, 513.8752466493809, 583.6194767809366, 673.1597409095472, 790.659682709902, 947.2878632370133], "density": 344.2755294252369, "distance": 2.9410924838112575, "fraction": 1.0, "inside": true, "points": [true, true, true, true, true, true, true, true, true, true, true, true, true, true, true, true, true, true, true, true, true, true, true, true, true, true, true, true, true, true, true, true, true, true, true, true, true, true, true, true, true, true, true, true, true, true, true, true, true, true, true, true, true, true, true, true, true, true, true, true, true, true, true, true], "through": [], "visible": true, "wouldCover": true}}, "through": []}'
                string hash = "ae025d11eb8676b649ffe69629faa8e209008efe490e00b7a70043b3273e11ae"
            }
        }
        bool "aeco:cctv:writeShells" = 1
    }
)

over "demo_datacentre_01"
{
    over "demo_datacentre_01_Site"
    {
        over "demo_datacentre_01"
        {
            over "L00_Ground"
            {
                over "Corridor_Centre"
                {
                    over "sec_cam_door_hall_a_e"
                    {
                        over "Sensor_0"
                        {
                            def Mesh "Coverage_CriticalDoors" (
                                prepend apiSchemas = ["AecoDerivedGeometryAPI"]
                            )
                            {
                                token aeco:derived:approx = "tessellated"
                                token aeco:derived:role = "coverage"
                                string aeco:derived:source = "e879ff19-3558-5c1b-9863-bb8a6b8395cf"
                                string aeco:derived:stamp = "aeco-cctv study 0.5.3"
                                bool doubleSided = 1
                                float3[] extent = [(33.975, 20.605392, -3.328141e-7), (36.515076, 28.711498, 2.92)]
                                int[] faceVertexCounts = [4, 4, 4, 4, 4, 4, 4, 4, 4, 4, 4, 4, 4, 4, 4, 4, 4, 4, 4, 4, 4, 4, 4, 4, 4, 4, 4, 4, 4, 4, 4, 4, 4, 4, 4, 4, 4, 4, 4, 4, 4, 4, 4, 4, 4, 4, 4, 4, 4, 4, 4, 4, 4, 4, 4, 4, 4, 4, 4, 4, 4, 4, 4, 4, 4, 4, 4, 4, 4, 4, 4, 4, 4, 4, 4, 4, 4, 4, 4, 4, 4, 4, 4, 4, 4, 4, 4, 4, 4, 4, 4, 4, 4, 4, 4, 4, 4, 4, 4, 4, 4, 4, 4, 4, 4, 4, 4, 4, 4, 4, 4, 4, 4, 4, 4, 4, 4, 4, 4, 4, 4, 4, 4, 4, 4, 4, 4, 4, 4, 4, 4, 4, 4, 4, 4, 4, 4, 4, 4, 4, 4, 4, 4, 4, 4, 4, 4, 4, 4, 4, 4, 4, 4, 4, 4, 4, 4, 4, 4, 4, 4, 4, 4, 4, 4, 3, 3, 3, 3, 3, 3, 3, 3, 3, 3, 3, 3, 3, 3, 3, 3, 3, 3, 3, 3, 3, 3, 3, 3, 3, 3, 3, 3, 3, 3, 3, 3, 3, 3, 3, 3, 3, 3, 3, 3, 3, 3, 3, 3, 3, 3, 3, 3, 3, 3, 3, 3]
                                int[] faceVertexIndices = [1, 2, 18, 17, 2, 3, 19, 18, 3, 4, 20, 19, 4, 5, 21, 20, 5, 6, 22, 21, 6, 7, 23, 22, 7, 8, 24, 23, 8, 9, 25, 24, 9, 10, 26, 25, 10, 11, 27, 26, 11, 12, 28, 27, 12, 13, 29, 28, 13, 14, 30, 29, 14, 15, 31, 30, 15, 16, 32, 31, 17, 18, 34, 33, 18, 19, 35, 34, 19, 20, 36, 35, 20, 21, 37, 36, 21, 22, 38, 37, 22, 23, 39, 38, 23, 24, 40, 39, 24, 25, 41, 40, 25, 26, 42, 41, 26, 27, 43, 42, 27, 28, 44, 43, 28, 29, 45, 44, 29, 30, 46, 45, 30, 31, 47, 46, 31, 32, 48, 47, 33, 34, 50, 49, 34, 35, 51, 50, 35, 36, 52, 51, 36, 37, 53, 52, 37, 38, 54, 53, 38, 39, 55, 54, 39, 40, 56, 55, 40, 41, 57, 56, 41, 42, 58, 57, 42, 43, 59, 58, 43, 44, 60, 59, 44, 45, 61, 60, 45, 46, 62, 61, 46, 47, 63, 62, 47, 48, 64, 63, 49, 50, 66, 65, 50, 51, 67, 66, 51, 52, 68, 67, 52, 53, 69, 68, 53, 54, 70, 69, 54, 55, 71, 70, 55, 56, 72, 71, 56, 57, 73, 72, 57, 58, 74, 73, 58, 59, 75, 74, 59, 60, 76, 75, 60, 61, 77, 76, 61, 62, 78, 77, 62, 63, 79, 78, 63, 64, 80, 79, 65, 66, 82, 81, 66, 67, 83, 82, 67, 68, 84, 83, 68, 69, 85, 84, 69, 70, 86, 85, 70, 71, 87, 86, 71, 72, 88, 87, 72, 73, 89, 88, 73, 74, 90, 89, 74, 75, 91, 90, 75, 76, 92, 91, 76, 77, 93, 92, 77, 78, 94, 93, 78, 79, 95, 94, 79, 80, 96, 95, 81, 82, 98, 97, 82, 83, 99, 98, 83, 84, 100, 99, 84, 85, 101, 100, 85, 86, 102, 101, 86, 87, 103, 102, 87, 88, 104, 103, 88, 89, 105, 104, 89, 90, 106, 105, 90, 91, 107, 106, 91, 92, 108, 107, 92, 93, 109, 108, 93, 94, 110, 109, 94, 95, 111, 110, 95, 96, 112, 111, 97, 98, 114, 113, 98, 99, 115, 114, 99, 100, 116, 115, 100, 101, 117, 116, 101, 102, 118, 117, 102, 103, 119, 118, 103, 104, 120, 119, 104, 105, 121, 120, 105, 106, 122, 121, 106, 107, 123, 122, 107, 108, 124, 123, 108, 109, 125, 124, 109, 110, 126, 125, 110, 111, 127, 126, 111, 112, 128, 127, 113, 114, 130, 129, 114, 115, 131, 130, 115, 116, 132, 131, 116, 117, 133, 132, 117, 118, 134, 133, 118, 119, 135, 134, 119, 120, 136, 135, 120, 121, 137, 136, 121, 122, 138, 137, 122, 123, 139, 138, 123, 124, 140, 139, 124, 125, 141, 140, 125, 126, 142, 141, 126, 127, 143, 142, 127, 128, 144, 143, 129, 130, 146, 145, 130, 131, 147, 146, 131, 132, 148, 147, 132, 133, 149, 148, 133, 134, 150, 149, 134, 135, 151, 150, 135, 136, 152, 151, 136, 137, 153, 152, 137, 138, 154, 153, 138, 139, 155, 154, 139, 140, 156, 155, 140, 141, 157, 156, 141, 142, 158, 157, 142, 143, 159, 158, 143, 144, 160, 159, 145, 146, 162, 161, 146, 147, 163, 162, 147, 148, 164, 163, 148, 149, 165, 164, 149, 150, 166, 165, 150, 151, 167, 166, 151, 152, 168, 167, 152, 153, 169, 168, 153, 154, 170, 169, 154, 155, 171, 170, 155, 156, 172, 171, 156, 157, 173, 172, 157, 158, 174, 173, 158, 159, 175, 174, 159, 160, 176, 175, 161, 162, 178, 177, 162, 163, 179, 178, 163, 164, 180, 179, 164, 165, 181, 180, 165, 166, 182, 181, 166, 167, 183, 182, 167, 168, 184, 183, 168, 169, 185, 184, 169, 170, 186, 185, 170, 171, 187, 186, 171, 172, 188, 187, 172, 173, 189, 188, 173, 174, 190, 189, 174, 175, 191, 190, 175, 176, 192, 191, 0, 2, 1, 0, 3, 2, 0, 4, 3, 0, 5, 4, 0, 6, 5, 0, 7, 6, 0, 8, 7, 0, 9, 8, 0, 10, 9, 0, 11, 10, 0, 12, 11, 0, 13, 12, 0, 14, 13, 0, 15, 14, 0, 16, 15, 0, 177, 178, 0, 178, 179, 0, 179, 180, 0, 180, 181, 0, 181, 182, 0, 182, 183, 0, 183, 184, 0, 184, 185, 0, 185, 186, 0, 186, 187, 0, 187, 188, 0, 188, 189, 0, 189, 190, 0, 190, 191, 0, 191, 192, 0, 1, 17, 0, 17, 33, 0, 33, 49, 0, 49, 65, 0, 65, 81, 0, 81, 97, 0, 97, 113, 0, 113, 129, 0, 129, 145, 0, 145, 161, 0, 161, 177, 0, 32, 16, 0, 48, 32, 0, 64, 48, 0, 80, 64, 0, 96, 80, 0, 112, 96, 0, 128, 112, 0, 144, 128, 0, 160, 144, 0, 176, 160, 0, 192, 176]
                                point3f[] points = [(34.65, 27.45, 2.92), (36.515076, 25.259846, -1.7289078e-7), (36.29784, 25.573633, -7.554748e-8), (36.0806, 25.88742, -1.2447983e-7), (35.863365, 26.201206, 8.9410314e-8), (35.64613, 26.514994, 8.0095106e-8), (35.42889, 26.82878, -1.2562306e-7), (35.211655, 27.142567, -9.593376e-8), (34.99442, 27.456352, -1.28960265e-8), (34.77718, 27.77014, -1.28960265e-8), (34.559944, 28.083925, -9.593376e-8), (34.34271, 28.397713, -1.2562306e-7), (34.12547, 28.711498, 8.0095106e-8), (34.1, 28.618038, 0.754886), (34.1, 28.533411, 1.2453352), (34.1, 28.480043, 1.5546249), (34.1, 28.443316, 1.7674809), (36.386253, 24.975098, 4.467294e-9), (36.156815, 25.30651, -9.342079e-8), (35.927372, 25.637924, 1.2519197e-7), (35.697933, 25.969337, 3.1090153e-7), (35.468494, 26.30075, 1.09915284e-7), (35.23905, 26.632164, -3.328141e-7), (35.009613, 26.963577, 6.0436705e-8), (34.780174, 27.29499, -2.2041677e-7), (34.55073, 27.626404, -2.2041677e-7), (34.321293, 27.957819, 6.0436705e-8), (34.1, 28.276985, 0.042608738), (34.1, 28.267508, 0.8808504), (34.128643, 28.22, 1.4231237), (34.1, 28.259018, 1.6315521), (34.1, 28.256754, 1.8318502), (34.1, 28.255098, 1.9782515), (36.242096, 24.656452, 2.0772543e-8), (35.999, 25.007591, -1.6235211e-7), (35.755905, 25.358728, 1.4299167e-7), (35.51281, 25.709867, 7.542135e-8), (35.269714, 26.061007, 1.01084176e-7), (35.026615, 26.412146, -3.3022335e-8), (34.78352, 26.763283, 3.7712635e-8), (34.540424, 27.114422, -3.260219e-8), (34.29733, 27.46556, -3.260219e-8), (34.054234, 27.8167, 3.7712635e-8), (34.1, 27.920652, 1.0054936), (34.1, 27.993404, 1.4356477), (34.1, 28.039461, 1.7079684), (34.1, 28.071238, 1.8958584), (34.1, 28.094486, 2.0333133), (34.1, 28.11223, 2.1382372), (36.079693, 24.297476, -2.499073e-7), (35.821213, 24.670835, -1.1282037e-7), (35.562733, 25.044197, -1.7352541e-7), (35.304253, 25.417557, 1.8956658e-7), (35.045773, 25.790916, -3.0139714e-7), (34.787292, 26.164278, -2.8625564e-7), (34.528812, 26.537638, -1.5440861e-8), (34.270332, 26.911, 1.9022444e-7), (34.011852, 27.284359, 1.9022444e-7), (33.975, 27.606377, 0.721756), (33.975, 27.789562, 1.2136599), (34.005, 27.885498, 1.5876461), (34.08333, 27.9, 1.9303962), (34.1, 27.934652, 2.088108), (34.1, 27.971231, 2.1863377), (34.1, 28.000086, 2.2638195), (35.895348, 23.889994, -2.7734924e-7), (35.619404, 24.28858, -3.164703e-8), (35.34346, 24.687164, -1.106463e-7), (35.067516, 25.085749, 2.0326499e-7), (34.791573, 25.484333, -2.1292084e-7), (34.51563, 25.882917, -2.1767444e-7), (34.239685, 26.281504, -1.18736935e-7), (33.975, 26.692713, 0.04788252), (33.975, 27.189507, 0.87155956), (33.975, 27.46486, 1.3280928), (33.975, 27.639847, 1.618219), (33.975, 27.760883, 1.818896), (34.1, 27.77559, 2.142638), (34.1, 27.830835, 2.2342331), (34.1, 27.874434, 2.3065183), (34.1, 27.909716, 2.365018), (35.684288, 23.423464, -1.0688755e-7), (35.388348, 23.85093, -3.3420413e-9), (35.09241, 24.278393, -2.97812e-7), (34.796474, 24.705858, 4.715687e-8), (34.500538, 25.133322, 1.7940765e-8), (34.2046, 25.560787, -1.6394809e-7), (33.990696, 26.15, 0.32310772), (33.975, 26.776941, 1.0198158), (33.975, 27.142767, 1.4416062), (33.975, 27.375689, 1.7101586), (33.975, 27.536997, 1.8961437), (34.1, 27.617296, 2.196905), (34.1, 27.691034, 2.2819245), (34.1, 27.749258, 2.3490548), (34.1, 27.796396, 2.4034042), (34.1, 27.83534, 2.448306), (35.44025, 22.884047, -9.664778e-8), (35.121197, 23.344904, 8.330913e-8), (34.802143, 23.80576, -5.339295e-8), (34.48309, 24.266617, -2.774642e-8), (34.164036, 24.727472, 9.832516e-8), (34.1, 25.904789, 0.9250075), (33.975, 26.368616, 1.1665492), (33.975, 26.823254, 1.5542111), (33.975, 27.11326, 1.8014958), (34.1, 27.339472, 2.1483393), (34.1, 27.459764, 2.250911), (34.1, 27.551828, 2.3294134), (34.1, 27.62456, 2.3914294), (34.1, 27.683466, 2.4416587), (34.1, 27.73215, 2.48317), (34.1, 27.773058, 2.5180519), (35.15486, 22.253216, 1.0273344e-7), (34.80877, 22.753122, -3.137699e-7), (34.46268, 23.253029, -4.3747697e-8), (34.181095, 24.2, 0.3530982), (34.1, 25.450623, 1.0939459), (34.036583, 26.1, 1.4585112), (33.975, 26.506285, 1.6659185), (33.975, 26.852547, 1.8922362), (34.1, 27.15906, 2.2105863), (34.1, 27.302988, 2.3046575), (34.1, 27.413212, 2.376701), (34.1, 27.500334, 2.4336433), (34.1, 27.570925, 2.4797819), (34.1, 27.629282, 2.5179248), (34.1, 27.678333, 2.5499852), (34.1, 27.72014, 2.57731), (34.816628, 21.50558, -1.2927468e-7), (34.438496, 22.05177, 8.323301e-8), (34.1, 22.924074, 0.19626048), (34.1, 25.00288, 1.2604951), (34.1, 25.913603, 1.7267344), (33.975, 26.191833, 1.776739), (34.1, 26.752136, 2.1560173), (34.1, 26.979645, 2.2724898), (34.1, 27.146961, 2.358147), (34.1, 27.275183, 2.423789), (34.1, 27.376577, 2.4756973), (34.1, 27.458767, 2.517774), (34.1, 27.526737, 2.5525708), (34.1, 27.583881, 2.5818262), (34.1, 27.632599, 2.6067665), (34.1, 27.674623, 2.6282806), (34.409374, 20.605392, 1.1148161e-7), (34.1, 22.226616, 0.47678015), (34.1, 24.561426, 1.424705), (34.1, 25.590939, 1.842684), (34.069633, 26.1, 2.0315533), (34.1, 26.542454, 2.228996), (34.1, 26.801218, 2.3340528), (34.1, 26.991682, 2.4113805), (34.1, 27.137735, 2.4706779), (34.1, 27.25329, 2.5175927), (34.1, 27.346994, 2.5556364), (34.1, 27.424513, 2.5871084), (34.1, 27.489702, 2.6135757), (34.1, 27.545292, 2.6361444), (34.1, 27.593252, 2.6556165), (34.1, 27.635057, 2.6725888), (34.1, 21.544981, 0.7509356), (34.11222, 24.2, 1.6162587), (34.1, 25.271526, 1.9574665), (34.1, 25.91844, 2.1669161), (34.1, 26.334131, 2.3015025), (34.1, 26.623768, 2.3952777), (34.1, 26.837141, 2.4643607), (34.1, 27.000866, 2.5173695), (34.1, 27.130466, 2.5593297), (34.1, 27.235603, 2.5933695), (34.1, 27.322607, 2.6215382), (34.1, 27.395794, 2.6452339), (34.1, 27.458216, 2.665444), (34.1, 27.512083, 2.6828847), (34.1, 27.559044, 2.6980886), (34.1, 27.600344, 2.7114604), (34.17373, 24.2, 1.9036468), (34.1, 24.95531, 2.0710993), (34.1, 25.668228, 2.2550974), (34.1, 26.12715, 2.3735416), (34.1, 26.44729, 2.4561675), (34.1, 26.683336, 2.5170887), (34.1, 26.864573, 2.5638647), (34.1, 27.008106, 2.6009095), (34.1, 27.124592, 2.6309738), (34.1, 27.221018, 2.6558604), (34.1, 27.302155, 2.6768014), (34.1, 27.371372, 2.6946657), (34.1, 27.431116, 2.7100852), (34.1, 27.483208, 2.7235293), (34.1, 27.529028, 2.7353554), (34.1, 27.569645, 2.7458384)]
                                color3f[] primvars:displayColor = [(0.9, 0.6, 0.1)] (
                                    interpolation = "constant"
                                )
                                float[] primvars:displayOpacity = [0.45] (
                                    interpolation = "constant"
                                )
                                token purpose = "guide"
                                token subdivisionScheme = "none"
                                token[] xformOpOrder = ["!resetXformStack!"]
                            }
                        }
                    }

                    over "sec_cam_door_hall_b_w"
                    {
                        over "Sensor_0"
                        {
                            def Mesh "Coverage_CriticalDoors" (
                                prepend apiSchemas = ["AecoDerivedGeometryAPI"]
                            )
                            {
                                token aeco:derived:approx = "tessellated"
                                token aeco:derived:role = "coverage"
                                string aeco:derived:source = "05ff5cd2-7bdf-51b1-9b63-7ea84ca65250"
                                string aeco:derived:stamp = "aeco-cctv study 0.5.3"
                                bool doubleSided = 1
                                float3[] extent = [(35.484924, 25.288502, -3.328141e-7), (37.94, 33.394608, 2.92)]
                                int[] faceVertexCounts = [4, 4, 4, 4, 4, 4, 4, 4, 4, 4, 4, 4, 4, 4, 4, 4, 4, 4, 4, 4, 4, 4, 4, 4, 4, 4, 4, 4, 4, 4, 4, 4, 4, 4, 4, 4, 4, 4, 4, 4, 4, 4, 4, 4, 4, 4, 4, 4, 4, 4, 4, 4, 4, 4, 4, 4, 4, 4, 4, 4, 4, 4, 4, 4, 4, 4, 4, 4, 4, 4, 4, 4, 4, 4, 4, 4, 4, 4, 4, 4, 4, 4, 4, 4, 4, 4, 4, 4, 4, 4, 4, 4, 4, 4, 4, 4, 4, 4, 4, 4, 4, 4, 4, 4, 4, 4, 4, 4, 4, 4, 4, 4, 4, 4, 4, 4, 4, 4, 4, 4, 4, 4, 4, 4, 4, 4, 4, 4, 4, 4, 4, 4, 4, 4, 4, 4, 4, 4, 4, 4, 4, 4, 4, 4, 4, 4, 4, 4, 4, 4, 4, 4, 4, 4, 4, 4, 4, 4, 4, 4, 4, 4, 4, 4, 4, 3, 3, 3, 3, 3, 3, 3, 3, 3, 3, 3, 3, 3, 3, 3, 3, 3, 3, 3, 3, 3, 3, 3, 3, 3, 3, 3, 3, 3, 3, 3, 3, 3, 3, 3, 3, 3, 3, 3, 3, 3, 3, 3, 3, 3, 3, 3, 3, 3, 3, 3, 3]
                                int[] faceVertexIndices = [1, 2, 18, 17, 2, 3, 19, 18, 3, 4, 20, 19, 4, 5, 21, 20, 5, 6, 22, 21, 6, 7, 23, 22, 7, 8, 24, 23, 8, 9, 25, 24, 9, 10, 26, 25, 10, 11, 27, 26, 11, 12, 28, 27, 12, 13, 29, 28, 13, 14, 30, 29, 14, 15, 31, 30, 15, 16, 32, 31, 17, 18, 34, 33, 18, 19, 35, 34, 19, 20, 36, 35, 20, 21, 37, 36, 21, 22, 38, 37, 22, 23, 39, 38, 23, 24, 40, 39, 24, 25, 41, 40, 25, 26, 42, 41, 26, 27, 43, 42, 27, 28, 44, 43, 28, 29, 45, 44, 29, 30, 46, 45, 30, 31, 47, 46, 31, 32, 48, 47, 33, 34, 50, 49, 34, 35, 51, 50, 35, 36, 52, 51, 36, 37, 53, 52, 37, 38, 54, 53, 38, 39, 55, 54, 39, 40, 56, 55, 40, 41, 57, 56, 41, 42, 58, 57, 42, 43, 59, 58, 43, 44, 60, 59, 44, 45, 61, 60, 45, 46, 62, 61, 46, 47, 63, 62, 47, 48, 64, 63, 49, 50, 66, 65, 50, 51, 67, 66, 51, 52, 68, 67, 52, 53, 69, 68, 53, 54, 70, 69, 54, 55, 71, 70, 55, 56, 72, 71, 56, 57, 73, 72, 57, 58, 74, 73, 58, 59, 75, 74, 59, 60, 76, 75, 60, 61, 77, 76, 61, 62, 78, 77, 62, 63, 79, 78, 63, 64, 80, 79, 65, 66, 82, 81, 66, 67, 83, 82, 67, 68, 84, 83, 68, 69, 85, 84, 69, 70, 86, 85, 70, 71, 87, 86, 71, 72, 88, 87, 72, 73, 89, 88, 73, 74, 90, 89, 74, 75, 91, 90, 75, 76, 92, 91, 76, 77, 93, 92, 77, 78, 94, 93, 78, 79, 95, 94, 79, 80, 96, 95, 81, 82, 98, 97, 82, 83, 99, 98, 83, 84, 100, 99, 84, 85, 101, 100, 85, 86, 102, 101, 86, 87, 103, 102, 87, 88, 104, 103, 88, 89, 105, 104, 89, 90, 106, 105, 90, 91, 107, 106, 91, 92, 108, 107, 92, 93, 109, 108, 93, 94, 110, 109, 94, 95, 111, 110, 95, 96, 112, 111, 97, 98, 114, 113, 98, 99, 115, 114, 99, 100, 116, 115, 100, 101, 117, 116, 101, 102, 118, 117, 102, 103, 119, 118, 103, 104, 120, 119, 104, 105, 121, 120, 105, 106, 122, 121, 106, 107, 123, 122, 107, 108, 124, 123, 108, 109, 125, 124, 109, 110, 126, 125, 110, 111, 127, 126, 111, 112, 128, 127, 113, 114, 130, 129, 114, 115, 131, 130, 115, 116, 132, 131, 116, 117, 133, 132, 117, 118, 134, 133, 118, 119, 135, 134, 119, 120, 136, 135, 120, 121, 137, 136, 121, 122, 138, 137, 122, 123, 139, 138, 123, 124, 140, 139, 124, 125, 141, 140, 125, 126, 142, 141, 126, 127, 143, 142, 127, 128, 144, 143, 129, 130, 146, 145, 130, 131, 147, 146, 131, 132, 148, 147, 132, 133, 149, 148, 133, 134, 150, 149, 134, 135, 151, 150, 135, 136, 152, 151, 136, 137, 153, 152, 137, 138, 154, 153, 138, 139, 155, 154, 139, 140, 156, 155, 140, 141, 157, 156, 141, 142, 158, 157, 142, 143, 159, 158, 143, 144, 160, 159, 145, 146, 162, 161, 146, 147, 163, 162, 147, 148, 164, 163, 148, 149, 165, 164, 149, 150, 166, 165, 150, 151, 167, 166, 151, 152, 168, 167, 152, 153, 169, 168, 153, 154, 170, 169, 154, 155, 171, 170, 155, 156, 172, 171, 156, 157, 173, 172, 157, 158, 174, 173, 158, 159, 175, 174, 159, 160, 176, 175, 161, 162, 178, 177, 162, 163, 179, 178, 163, 164, 180, 179, 164, 165, 181, 180, 165, 166, 182, 181, 166, 167, 183, 182, 167, 168, 184, 183, 168, 169, 185, 184, 169, 170, 186, 185, 170, 171, 187, 186, 171, 172, 188, 187, 172, 173, 189, 188, 173, 174, 190, 189, 174, 175, 191, 190, 175, 176, 192, 191, 0, 2, 1, 0, 3, 2, 0, 4, 3, 0, 5, 4, 0, 6, 5, 0, 7, 6, 0, 8, 7, 0, 9, 8, 0, 10, 9, 0, 11, 10, 0, 12, 11, 0, 13, 12, 0, 14, 13, 0, 15, 14, 0, 16, 15, 0, 177, 178, 0, 178, 179, 0, 179, 180, 0, 180, 181, 0, 181, 182, 0, 182, 183, 0, 183, 184, 0, 184, 185, 0, 185, 186, 0, 186, 187, 0, 187, 188, 0, 188, 189, 0, 189, 190, 0, 190, 191, 0, 191, 192, 0, 1, 17, 0, 17, 33, 0, 33, 49, 0, 49, 65, 0, 65, 81, 0, 81, 97, 0, 97, 113, 0, 113, 129, 0, 129, 145, 0, 145, 161, 0, 161, 177, 0, 32, 16, 0, 48, 32, 0, 64, 48, 0, 80, 64, 0, 96, 80, 0, 112, 96, 0, 128, 112, 0, 144, 128, 0, 160, 144, 0, 176, 160, 0, 192, 176]
                                point3f[] points = [(37.35, 26.55, 2.92), (35.484924, 28.740154, -1.7289078e-7), (35.70216, 28.426367, -7.554748e-8), (35.9194, 28.11258, -1.2447983e-7), (36.136635, 27.798794, 8.9410314e-8), (36.35387, 27.485006, 8.0095106e-8), (36.57111, 27.17122, -1.2562306e-7), (36.788345, 26.857433, -9.593376e-8), (37.00558, 26.543648, -1.28960265e-8), (37.22282, 26.22986, -1.28960265e-8), (37.440056, 25.916075, -9.593376e-8), (37.65729, 25.602287, -1.2562306e-7), (37.87453, 25.288502, 8.0095106e-8), (37.9, 25.381962, 0.754886), (37.9, 25.466589, 1.2453352), (37.9, 25.519957, 1.5546249), (37.9, 25.556684, 1.7674809), (35.613747, 29.024902, 4.467294e-9), (35.843185, 28.69349, -9.342079e-8), (36.072628, 28.362076, 1.2519197e-7), (36.302067, 28.030663, 3.1090153e-7), (36.531506, 27.69925, 1.09915284e-7), (36.76095, 27.367836, -3.328141e-7), (36.990387, 27.036423, 6.0436705e-8), (37.219826, 26.70501, -2.2041677e-7), (37.44927, 26.373596, -2.2041677e-7), (37.678707, 26.042181, 6.0436705e-8), (37.9, 25.723015, 0.042608738), (37.9, 25.732492, 0.8808504), (37.9, 25.737696, 1.3408799), (37.9, 25.740982, 1.6315521), (37.9, 25.743246, 1.8318502), (37.9, 25.744902, 1.9782515), (35.757904, 29.343548, 2.0772543e-8), (36.001, 28.992409, -1.6235211e-7), (36.244095, 28.641272, 1.4299167e-7), (36.48719, 28.290133, 7.542135e-8), (36.730286, 27.938993, 1.01084176e-7), (36.973385, 27.587854, -3.3022335e-8), (37.21648, 27.236717, 3.7712635e-8), (37.459576, 26.885578, -3.260219e-8), (37.70267, 26.53444, -3.260219e-8), (37.94, 26.18685, 0.028265985), (37.9, 26.079348, 1.0054936), (37.9, 26.006596, 1.4356477), (37.9, 25.960539, 1.7079684), (37.9, 25.928762, 1.8958584), (37.9, 25.905514, 2.0333133), (37.9, 25.88777, 2.1382372), (35.920307, 29.702524, -2.499073e-7), (36.178787, 29.329165, -1.1282037e-7), (36.437267, 28.955803, -1.7352541e-7), (36.695747, 28.582443, 1.8956658e-7), (36.954227, 28.209084, -3.0139714e-7), (37.212708, 27.835722, -2.8625564e-7), (37.471188, 27.462362, -1.5440861e-8), (37.729668, 27.089, 1.9022444e-7), (37.94, 26.703144, 0.22031437), (37.94, 26.413317, 0.9985803), (37.94, 26.253199, 1.4285388), (37.94, 26.151638, 1.7012583), (37.91667, 26.1, 1.9303962), (37.9, 26.065348, 2.088108), (37.9, 26.028769, 2.1863377), (37.9, 25.999914, 2.2638195), (36.104652, 30.110006, -2.7734924e-7), (36.380596, 29.71142, -3.164703e-8), (36.65654, 29.312836, -1.106463e-7), (36.932484, 28.914251, 2.0326499e-7), (37.208427, 28.515667, -2.1292084e-7), (37.48437, 28.117083, -2.1767444e-7), (37.760315, 27.718496, -1.18736935e-7), (37.94, 27.211922, 0.40956748), (37.94, 26.777689, 1.1295192), (37.94, 26.53701, 1.5285612), (37.94, 26.38406, 1.7821519), (37.94, 26.278265, 1.9575578), (37.9, 26.22441, 2.142638), (37.9, 26.169165, 2.234233), (37.9, 26.125566, 2.3065183), (37.9, 26.090284, 2.365018), (36.315712, 30.576536, -1.0688755e-7), (36.611652, 30.14907, -3.3420413e-9), (36.90759, 29.721607, -2.97812e-7), (37.203526, 29.294142, 4.715687e-8), (37.499462, 28.866678, 1.7940765e-8), (37.7954, 28.439213, -1.6394809e-7), (37.94, 27.713348, 0.59608585), (37.94, 27.1383, 1.2591054), (37.94, 26.818542, 1.6277798), (37.94, 26.614954, 1.8625137), (37.94, 26.473959, 2.0250776), (37.9, 26.382704, 2.196905), (37.9, 26.308966, 2.2819245), (37.9, 26.250742, 2.3490548), (37.9, 26.203604, 2.4034042), (37.9, 26.16466, 2.448306), (36.55975, 31.115953, -9.664778e-8), (36.878803, 30.655096, 8.330913e-8), (37.197857, 30.19424, -5.339295e-8), (37.51691, 29.733383, -2.774642e-8), (37.835964, 29.272528, 9.832516e-8), (37.9, 28.095211, 0.9250075), (37.94, 27.495205, 1.3873607), (37.94, 27.09782, 1.7262045), (37.94, 26.844334, 1.9423487), (37.9, 26.660528, 2.1483393), (37.9, 26.540236, 2.250911), (37.9, 26.448172, 2.3294134), (37.9, 26.37544, 2.3914294), (37.9, 26.316534, 2.4416587), (37.9, 26.26785, 2.48317), (37.9, 26.226942, 2.5180519), (36.84514, 31.746784, 1.0273344e-7), (37.19123, 31.246878, -3.137699e-7), (37.53732, 30.746971, -4.3747697e-8), (37.818905, 29.8, 0.3530982), (37.9, 28.549377, 1.0939459), (37.94, 27.848463, 1.514305), (37.94, 27.374874, 1.8238447), (37.94, 27.072216, 2.0216622), (37.9, 26.84094, 2.2105863), (37.9, 26.697012, 2.3046575), (37.9, 26.586788, 2.376701), (37.9, 26.499666, 2.4336433), (37.9, 26.429075, 2.4797819), (37.9, 26.370718, 2.5179248), (37.9, 26.321667, 2.549985), (37.9, 26.27986, 2.57731), (37.183372, 32.49442, -1.2927468e-7), (37.561504, 31.94823, 8.323301e-8), (37.9, 31.075926, 0.19626048), (37.9, 28.99712, 1.2604951), (37.9, 28.086397, 1.7267344), (37.94, 27.649727, 1.9207095), (37.9, 27.247864, 2.1560173), (37.9, 27.020355, 2.2724898), (37.9, 26.853039, 2.358147), (37.9, 26.724817, 2.4237888), (37.9, 26.623423, 2.4756973), (37.9, 26.541233, 2.517774), (37.9, 26.473263, 2.5525708), (37.9, 26.416119, 2.5818262), (37.9, 26.367401, 2.6067665), (37.9, 26.325377, 2.6282806), (37.590626, 33.394608, 1.1148161e-7), (37.9, 31.773384, 0.47678015), (37.9, 29.438574, 1.424705), (37.9, 28.409061, 1.842684), (37.930367, 27.9, 2.0315533), (37.9, 27.457546, 2.228996), (37.9, 27.198782, 2.3340528), (37.9, 27.008318, 2.4113805), (37.9, 26.862265, 2.4706779), (37.9, 26.74671, 2.5175924), (37.9, 26.653006, 2.5556364), (37.9, 26.575487, 2.5871084), (37.9, 26.510298, 2.6135757), (37.9, 26.454708, 2.6361444), (37.9, 26.406748, 2.6556165), (37.9, 26.364943, 2.6725888), (37.9, 32.455017, 0.7509356), (37.88778, 29.8, 1.6162587), (37.9, 28.728474, 1.9574665), (37.9, 28.08156, 2.1669161), (37.9, 27.665869, 2.3015025), (37.9, 27.376232, 2.3952777), (37.9, 27.162859, 2.4643607), (37.9, 26.999134, 2.5173695), (37.9, 26.869534, 2.5593297), (37.9, 26.764397, 2.5933695), (37.9, 26.677393, 2.6215382), (37.9, 26.604206, 2.6452339), (37.9, 26.541784, 2.665444), (37.9, 26.487917, 2.6828847), (37.9, 26.440956, 2.6980886), (37.9, 26.399656, 2.7114604), (37.82627, 29.8, 1.9036468), (37.9, 29.04469, 2.0710993), (37.9, 28.331772, 2.2550974), (37.9, 27.87285, 2.3735414), (37.9, 27.55271, 2.4561675), (37.9, 27.316664, 2.517089), (37.9, 27.135427, 2.5638647), (37.9, 26.991894, 2.6009095), (37.9, 26.875408, 2.6309738), (37.9, 26.778982, 2.6558604), (37.9, 26.697845, 2.6768014), (37.9, 26.628628, 2.6946657), (37.9, 26.568884, 2.7100852), (37.9, 26.516792, 2.7235293), (37.9, 26.470972, 2.7353554), (37.9, 26.430355, 2.7458384)]
                                color3f[] primvars:displayColor = [(0.9, 0.6, 0.1)] (
                                    interpolation = "constant"
                                )
                                float[] primvars:displayOpacity = [0.45] (
                                    interpolation = "constant"
                                )
                                token purpose = "guide"
                                token subdivisionScheme = "none"
                                token[] xformOpOrder = ["!resetXformStack!"]
                            }
                        }
                    }
                }

                over "Corridor_East"
                {
                    over "sec_cam_door_hall_b_e"
                    {
                        over "Sensor_0"
                        {
                            def Mesh "Coverage_CriticalDoors" (
                                prepend apiSchemas = ["AecoDerivedGeometryAPI"]
                            )
                            {
                                token aeco:derived:approx = "tessellated"
                                token aeco:derived:role = "coverage"
                                string aeco:derived:source = "f72a4c59-2931-5574-8be9-4a98e49cccc7"
                                string aeco:derived:stamp = "aeco-cctv study 0.5.3"
                                bool doubleSided = 1
                                float3[] extent = [(67.975, 20.605392, -3.328141e-7), (70.515076, 28.711498, 2.92)]
                                int[] faceVertexCounts = [4, 4, 4, 4, 4, 4, 4, 4, 4, 4, 4, 4, 4, 4, 4, 4, 4, 4, 4, 4, 4, 4, 4, 4, 4, 4, 4, 4, 4, 4, 4, 4, 4, 4, 4, 4, 4, 4, 4, 4, 4, 4, 4, 4, 4, 4, 4, 4, 4, 4, 4, 4, 4, 4, 4, 4, 4, 4, 4, 4, 4, 4, 4, 4, 4, 4, 4, 4, 4, 4, 4, 4, 4, 4, 4, 4, 4, 4, 4, 4, 4, 4, 4, 4, 4, 4, 4, 4, 4, 4, 4, 4, 4, 4, 4, 4, 4, 4, 4, 4, 4, 4, 4, 4, 4, 4, 4, 4, 4, 4, 4, 4, 4, 4, 4, 4, 4, 4, 4, 4, 4, 4, 4, 4, 4, 4, 4, 4, 4, 4, 4, 4, 4, 4, 4, 4, 4, 4, 4, 4, 4, 4, 4, 4, 4, 4, 4, 4, 4, 4, 4, 4, 4, 4, 4, 4, 4, 4, 4, 4, 4, 4, 4, 4, 4, 3, 3, 3, 3, 3, 3, 3, 3, 3, 3, 3, 3, 3, 3, 3, 3, 3, 3, 3, 3, 3, 3, 3, 3, 3, 3, 3, 3, 3, 3, 3, 3, 3, 3, 3, 3, 3, 3, 3, 3, 3, 3, 3, 3, 3, 3, 3, 3, 3, 3, 3, 3]
                                int[] faceVertexIndices = [1, 2, 18, 17, 2, 3, 19, 18, 3, 4, 20, 19, 4, 5, 21, 20, 5, 6, 22, 21, 6, 7, 23, 22, 7, 8, 24, 23, 8, 9, 25, 24, 9, 10, 26, 25, 10, 11, 27, 26, 11, 12, 28, 27, 12, 13, 29, 28, 13, 14, 30, 29, 14, 15, 31, 30, 15, 16, 32, 31, 17, 18, 34, 33, 18, 19, 35, 34, 19, 20, 36, 35, 20, 21, 37, 36, 21, 22, 38, 37, 22, 23, 39, 38, 23, 24, 40, 39, 24, 25, 41, 40, 25, 26, 42, 41, 26, 27, 43, 42, 27, 28, 44, 43, 28, 29, 45, 44, 29, 30, 46, 45, 30, 31, 47, 46, 31, 32, 48, 47, 33, 34, 50, 49, 34, 35, 51, 50, 35, 36, 52, 51, 36, 37, 53, 52, 37, 38, 54, 53, 38, 39, 55, 54, 39, 40, 56, 55, 40, 41, 57, 56, 41, 42, 58, 57, 42, 43, 59, 58, 43, 44, 60, 59, 44, 45, 61, 60, 45, 46, 62, 61, 46, 47, 63, 62, 47, 48, 64, 63, 49, 50, 66, 65, 50, 51, 67, 66, 51, 52, 68, 67, 52, 53, 69, 68, 53, 54, 70, 69, 54, 55, 71, 70, 55, 56, 72, 71, 56, 57, 73, 72, 57, 58, 74, 73, 58, 59, 75, 74, 59, 60, 76, 75, 60, 61, 77, 76, 61, 62, 78, 77, 62, 63, 79, 78, 63, 64, 80, 79, 65, 66, 82, 81, 66, 67, 83, 82, 67, 68, 84, 83, 68, 69, 85, 84, 69, 70, 86, 85, 70, 71, 87, 86, 71, 72, 88, 87, 72, 73, 89, 88, 73, 74, 90, 89, 74, 75, 91, 90, 75, 76, 92, 91, 76, 77, 93, 92, 77, 78, 94, 93, 78, 79, 95, 94, 79, 80, 96, 95, 81, 82, 98, 97, 82, 83, 99, 98, 83, 84, 100, 99, 84, 85, 101, 100, 85, 86, 102, 101, 86, 87, 103, 102, 87, 88, 104, 103, 88, 89, 105, 104, 89, 90, 106, 105, 90, 91, 107, 106, 91, 92, 108, 107, 92, 93, 109, 108, 93, 94, 110, 109, 94, 95, 111, 110, 95, 96, 112, 111, 97, 98, 114, 113, 98, 99, 115, 114, 99, 100, 116, 115, 100, 101, 117, 116, 101, 102, 118, 117, 102, 103, 119, 118, 103, 104, 120, 119, 104, 105, 121, 120, 105, 106, 122, 121, 106, 107, 123, 122, 107, 108, 124, 123, 108, 109, 125, 124, 109, 110, 126, 125, 110, 111, 127, 126, 111, 112, 128, 127, 113, 114, 130, 129, 114, 115, 131, 130, 115, 116, 132, 131, 116, 117, 133, 132, 117, 118, 134, 133, 118, 119, 135, 134, 119, 120, 136, 135, 120, 121, 137, 136, 121, 122, 138, 137, 122, 123, 139, 138, 123, 124, 140, 139, 124, 125, 141, 140, 125, 126, 142, 141, 126, 127, 143, 142, 127, 128, 144, 143, 129, 130, 146, 145, 130, 131, 147, 146, 131, 132, 148, 147, 132, 133, 149, 148, 133, 134, 150, 149, 134, 135, 151, 150, 135, 136, 152, 151, 136, 137, 153, 152, 137, 138, 154, 153, 138, 139, 155, 154, 139, 140, 156, 155, 140, 141, 157, 156, 141, 142, 158, 157, 142, 143, 159, 158, 143, 144, 160, 159, 145, 146, 162, 161, 146, 147, 163, 162, 147, 148, 164, 163, 148, 149, 165, 164, 149, 150, 166, 165, 150, 151, 167, 166, 151, 152, 168, 167, 152, 153, 169, 168, 153, 154, 170, 169, 154, 155, 171, 170, 155, 156, 172, 171, 156, 157, 173, 172, 157, 158, 174, 173, 158, 159, 175, 174, 159, 160, 176, 175, 161, 162, 178, 177, 162, 163, 179, 178, 163, 164, 180, 179, 164, 165, 181, 180, 165, 166, 182, 181, 166, 167, 183, 182, 167, 168, 184, 183, 168, 169, 185, 184, 169, 170, 186, 185, 170, 171, 187, 186, 171, 172, 188, 187, 172, 173, 189, 188, 173, 174, 190, 189, 174, 175, 191, 190, 175, 176, 192, 191, 0, 2, 1, 0, 3, 2, 0, 4, 3, 0, 5, 4, 0, 6, 5, 0, 7, 6, 0, 8, 7, 0, 9, 8, 0, 10, 9, 0, 11, 10, 0, 12, 11, 0, 13, 12, 0, 14, 13, 0, 15, 14, 0, 16, 15, 0, 177, 178, 0, 178, 179, 0, 179, 180, 0, 180, 181, 0, 181, 182, 0, 182, 183, 0, 183, 184, 0, 184, 185, 0, 185, 186, 0, 186, 187, 0, 187, 188, 0, 188, 189, 0, 189, 190, 0, 190, 191, 0, 191, 192, 0, 1, 17, 0, 17, 33, 0, 33, 49, 0, 49, 65, 0, 65, 81, 0, 81, 97, 0, 97, 113, 0, 113, 129, 0, 129, 145, 0, 145, 161, 0, 161, 177, 0, 32, 16, 0, 48, 32, 0, 64, 48, 0, 80, 64, 0, 96, 80, 0, 112, 96, 0, 128, 112, 0, 144, 128, 0, 160, 144, 0, 176, 160, 0, 192, 176]
                                point3f[] points = [(68.65, 27.45, 2.92), (70.515076, 25.259846, -1.7289078e-7), (70.29784, 25.573633, -7.554748e-8), (70.080605, 25.88742, -1.2447983e-7), (69.863365, 26.201206, 8.9410314e-8), (69.646126, 26.514994, 8.0095106e-8), (69.428894, 26.82878, -1.2562306e-7), (69.211655, 27.142567, -9.593376e-8), (68.994415, 27.456352, -1.28960265e-8), (68.77718, 27.77014, -1.28960265e-8), (68.559944, 28.083925, -9.593376e-8), (68.342705, 28.397713, -1.2562306e-7), (68.12547, 28.711498, 8.0095106e-8), (68.1, 28.618038, 0.754886), (68.1, 28.533411, 1.2453352), (68.1, 28.480043, 1.5546249), (68.1, 28.443316, 1.7674809), (70.38625, 24.975098, 4.467294e-9), (70.156815, 25.30651, -9.342079e-8), (69.927376, 25.637924, 1.2519197e-7), (69.69793, 25.969337, 3.1090153e-7), (69.46849, 26.30075, 1.09915284e-7), (69.23905, 26.632164, -3.328141e-7), (69.00961, 26.963577, 6.0436705e-8), (68.780174, 27.29499, -2.2041677e-7), (68.550735, 27.626404, -2.2041677e-7), (68.32129, 27.957819, 6.0436705e-8), (68.1, 28.276985, 0.042608738), (68.1, 28.267508, 0.8808504), (68.12864, 28.22, 1.4231237), (68.1, 28.259018, 1.6315521), (68.1, 28.256754, 1.8318502), (68.1, 28.255098, 1.9782515), (70.242096, 24.656452, 2.0772543e-8), (69.999, 25.007591, -1.6235211e-7), (69.755905, 25.358728, 1.4299167e-7), (69.51281, 25.709867, 7.542135e-8), (69.269714, 26.061007, 1.01084176e-7), (69.02662, 26.412146, -3.3022335e-8), (68.78352, 26.763283, 3.7712635e-8), (68.54043, 27.114422, -3.260219e-8), (68.297325, 27.46556, -3.260219e-8), (68.05423, 27.8167, 3.7712635e-8), (68.1, 27.920652, 1.0054936), (68.1, 27.993404, 1.4356477), (68.1, 28.039461, 1.7079684), (68.1, 28.071238, 1.8958584), (68.1, 28.094486, 2.0333133), (68.1, 28.11223, 2.1382372), (70.0797, 24.297476, -2.499073e-7), (69.82121, 24.670835, -1.1282037e-7), (69.56274, 25.044197, -1.7352541e-7), (69.30425, 25.417557, 1.8956658e-7), (69.04578, 25.790916, -3.0139714e-7), (68.78729, 26.164278, -2.8625564e-7), (68.52881, 26.537638, -1.5440861e-8), (68.27033, 26.911, 1.9022444e-7), (68.01185, 27.284359, 1.9022444e-7), (67.975, 27.606377, 0.721756), (67.975, 27.789562, 1.2136599), (68.005, 27.8855, 1.5876383), (68.08333, 27.9, 1.9303962), (68.1, 27.934652, 2.088108), (68.1, 27.971231, 2.1863377), (68.1, 28.000086, 2.2638195), (69.89535, 23.889994, -2.7734924e-7), (69.6194, 24.28858, -3.164703e-8), (69.34346, 24.687164, -1.106463e-7), (69.06752, 25.085749, 2.0326499e-7), (68.79157, 25.484333, -2.1292084e-7), (68.51563, 25.882917, -2.1767444e-7), (68.239685, 26.281504, -1.18736935e-7), (67.975, 26.692713, 0.04788252), (67.975, 27.189507, 0.87155956), (67.975, 27.46486, 1.3280928), (67.975, 27.639847, 1.618219), (67.975, 27.760883, 1.818896), (68.1, 27.77559, 2.142638), (68.1, 27.830835, 2.2342331), (68.1, 27.874434, 2.3065183), (68.1, 27.909716, 2.365018), (69.68429, 23.423464, -1.0688755e-7), (69.38835, 23.85093, -3.3420413e-9), (69.092415, 24.278393, -2.97812e-7), (68.79648, 24.705858, 4.715687e-8), (68.50054, 25.133322, 1.7940765e-8), (68.204605, 25.560787, -1.6394809e-7), (67.99069, 26.15, 0.32310772), (67.975, 26.776941, 1.0198158), (67.975, 27.142767, 1.4416062), (67.975, 27.375689, 1.7101586), (67.975, 27.536997, 1.8961437), (68.1, 27.617296, 2.196905), (68.1, 27.691034, 2.2819245), (68.1, 27.749258, 2.3490548), (68.1, 27.796396, 2.4034042), (68.1, 27.83534, 2.448306), (69.440254, 22.884047, -9.664778e-8), (69.1212, 23.344904, 8.330913e-8), (68.80214, 23.80576, -5.339295e-8), (68.483086, 24.266617, -2.774642e-8), (68.16403, 24.727472, 9.832516e-8), (68.1, 25.904789, 0.9250075), (67.975, 26.368616, 1.1665492), (67.975, 26.823254, 1.5542111), (67.975, 27.11326, 1.8014958), (68.1, 27.339472, 2.1483393), (68.1, 27.459764, 2.250911), (68.1, 27.551828, 2.3294134), (68.1, 27.62456, 2.3914294), (68.1, 27.683466, 2.4416587), (68.1, 27.73215, 2.48317), (68.1, 27.773058, 2.5180519), (69.15486, 22.253216, 1.0273344e-7), (68.80877, 22.753122, -3.137699e-7), (68.462685, 23.253029, -4.3747697e-8), (68.11659, 23.752937, 2.6217572e-7), (68.1, 25.450623, 1.0939459), (68.03658, 26.1, 1.4585112), (67.975, 26.506285, 1.6659185), (67.975, 26.852547, 1.8922362), (68.1, 27.15906, 2.2105863), (68.1, 27.302988, 2.3046575), (68.1, 27.413212, 2.376701), (68.1, 27.500334, 2.4336433), (68.1, 27.570925, 2.4797819), (68.1, 27.629282, 2.5179248), (68.1, 27.678333, 2.5499852), (68.1, 27.72014, 2.57731), (68.81663, 21.50558, -1.2927468e-7), (68.4385, 22.05177, 8.323301e-8), (68.1, 22.924074, 0.19626048), (68.1, 25.00288, 1.2604951), (68.1, 25.913603, 1.7267344), (67.975, 26.191833, 1.776739), (68.1, 26.752136, 2.1560173), (68.1, 26.979645, 2.2724898), (68.1, 27.146961, 2.358147), (68.1, 27.275183, 2.423789), (68.1, 27.376577, 2.4756973), (68.1, 27.458767, 2.517774), (68.1, 27.526737, 2.5525708), (68.1, 27.583881, 2.5818262), (68.1, 27.632599, 2.6067665), (68.1, 27.674623, 2.6282806), (68.40938, 20.605392, 1.1148161e-7), (68.1, 22.226616, 0.47678015), (68.1, 24.561426, 1.424705), (68.1, 25.590939, 1.842684), (68.06963, 26.1, 2.0315533), (68.1, 26.542454, 2.228996), (68.1, 26.801218, 2.3340528), (68.1, 26.991682, 2.4113805), (68.1, 27.137735, 2.4706779), (68.1, 27.25329, 2.5175927), (68.1, 27.346994, 2.5556364), (68.1, 27.424513, 2.5871084), (68.1, 27.489702, 2.6135757), (68.1, 27.545292, 2.6361444), (68.1, 27.593252, 2.6556165), (68.1, 27.635057, 2.6725888), (68.1, 21.544981, 0.7509356), (68.1, 24.12613, 1.586625), (68.1, 25.271526, 1.9574665), (68.1, 25.91844, 2.1669161), (68.1, 26.334131, 2.3015025), (68.1, 26.623768, 2.3952777), (68.1, 26.837141, 2.4643607), (68.1, 27.000866, 2.5173695), (68.1, 27.130466, 2.5593297), (68.1, 27.235603, 2.5933695), (68.1, 27.322607, 2.6215382), (68.1, 27.395794, 2.6452339), (68.1, 27.458216, 2.665444), (68.1, 27.512083, 2.6828847), (68.1, 27.559044, 2.6980886), (68.1, 27.600344, 2.7114604), (68.1, 23.69686, 1.7463025), (68.1, 24.95531, 2.0710993), (68.1, 25.668228, 2.2550974), (68.1, 26.12715, 2.3735416), (68.1, 26.44729, 2.4561675), (68.1, 26.683336, 2.5170887), (68.1, 26.864573, 2.5638647), (68.1, 27.008106, 2.6009095), (68.1, 27.124592, 2.6309738), (68.1, 27.221018, 2.6558604), (68.1, 27.302155, 2.6768014), (68.1, 27.371372, 2.6946657), (68.1, 27.431116, 2.7100852), (68.1, 27.483208, 2.7235293), (68.1, 27.529028, 2.7353554), (68.1, 27.569645, 2.7458384)]
                                color3f[] primvars:displayColor = [(0.9, 0.6, 0.1)] (
                                    interpolation = "constant"
                                )
                                float[] primvars:displayOpacity = [0.45] (
                                    interpolation = "constant"
                                )
                                token purpose = "guide"
                                token subdivisionScheme = "none"
                                token[] xformOpOrder = ["!resetXformStack!"]
                            }
                        }
                    }
                }

                over "Corridor_South"
                {
                    over "sec_cam_door_mmr_1"
                    {
                        over "Sensor_0"
                        {
                            def Mesh "Coverage_CriticalDoors" (
                                prepend apiSchemas = ["AecoDerivedGeometryAPI"]
                            )
                            {
                                token aeco:derived:approx = "tessellated"
                                token aeco:derived:role = "coverage"
                                string aeco:derived:source = "9f69ec75-4c5a-5c9d-a6f8-f2c19355e505"
                                string aeco:derived:stamp = "aeco-cctv study 0.5.3"
                                bool doubleSided = 1
                                float3[] extent = [(15.484924, 8.288502, -3.328141e-7), (17.94, 14.925, 2.92)]
                                int[] faceVertexCounts = [4, 4, 4, 4, 4, 4, 4, 4, 4, 4, 4, 4, 4, 4, 4, 4, 4, 4, 4, 4, 4, 4, 4, 4, 4, 4, 4, 4, 4, 4, 4, 4, 4, 4, 4, 4, 4, 4, 4, 4, 4, 4, 4, 4, 4, 4, 4, 4, 4, 4, 4, 4, 4, 4, 4, 4, 4, 4, 4, 4, 4, 4, 4, 4, 4, 4, 4, 4, 4, 4, 4, 4, 4, 4, 4, 4, 4, 4, 4, 4, 4, 4, 4, 4, 4, 4, 4, 4, 4, 4, 4, 4, 4, 4, 4, 4, 4, 4, 4, 4, 4, 4, 4, 4, 4, 4, 4, 4, 4, 4, 4, 4, 4, 4, 4, 4, 4, 4, 4, 4, 4, 4, 4, 4, 4, 4, 4, 4, 4, 4, 4, 4, 4, 4, 4, 4, 4, 4, 4, 4, 4, 4, 4, 4, 4, 4, 4, 4, 4, 4, 4, 4, 4, 4, 4, 4, 4, 4, 4, 4, 4, 4, 4, 4, 4, 3, 3, 3, 3, 3, 3, 3, 3, 3, 3, 3, 3, 3, 3, 3, 3, 3, 3, 3, 3, 3, 3, 3, 3, 3, 3, 3, 3, 3, 3, 3, 3, 3, 3, 3, 3, 3, 3, 3, 3, 3, 3, 3, 3, 3, 3, 3, 3, 3, 3, 3, 3]
                                int[] faceVertexIndices = [1, 2, 18, 17, 2, 3, 19, 18, 3, 4, 20, 19, 4, 5, 21, 20, 5, 6, 22, 21, 6, 7, 23, 22, 7, 8, 24, 23, 8, 9, 25, 24, 9, 10, 26, 25, 10, 11, 27, 26, 11, 12, 28, 27, 12, 13, 29, 28, 13, 14, 30, 29, 14, 15, 31, 30, 15, 16, 32, 31, 17, 18, 34, 33, 18, 19, 35, 34, 19, 20, 36, 35, 20, 21, 37, 36, 21, 22, 38, 37, 22, 23, 39, 38, 23, 24, 40, 39, 24, 25, 41, 40, 25, 26, 42, 41, 26, 27, 43, 42, 27, 28, 44, 43, 28, 29, 45, 44, 29, 30, 46, 45, 30, 31, 47, 46, 31, 32, 48, 47, 33, 34, 50, 49, 34, 35, 51, 50, 35, 36, 52, 51, 36, 37, 53, 52, 37, 38, 54, 53, 38, 39, 55, 54, 39, 40, 56, 55, 40, 41, 57, 56, 41, 42, 58, 57, 42, 43, 59, 58, 43, 44, 60, 59, 44, 45, 61, 60, 45, 46, 62, 61, 46, 47, 63, 62, 47, 48, 64, 63, 49, 50, 66, 65, 50, 51, 67, 66, 51, 52, 68, 67, 52, 53, 69, 68, 53, 54, 70, 69, 54, 55, 71, 70, 55, 56, 72, 71, 56, 57, 73, 72, 57, 58, 74, 73, 58, 59, 75, 74, 59, 60, 76, 75, 60, 61, 77, 76, 61, 62, 78, 77, 62, 63, 79, 78, 63, 64, 80, 79, 65, 66, 82, 81, 66, 67, 83, 82, 67, 68, 84, 83, 68, 69, 85, 84, 69, 70, 86, 85, 70, 71, 87, 86, 71, 72, 88, 87, 72, 73, 89, 88, 73, 74, 90, 89, 74, 75, 91, 90, 75, 76, 92, 91, 76, 77, 93, 92, 77, 78, 94, 93, 78, 79, 95, 94, 79, 80, 96, 95, 81, 82, 98, 97, 82, 83, 99, 98, 83, 84, 100, 99, 84, 85, 101, 100, 85, 86, 102, 101, 86, 87, 103, 102, 87, 88, 104, 103, 88, 89, 105, 104, 89, 90, 106, 105, 90, 91, 107, 106, 91, 92, 108, 107, 92, 93, 109, 108, 93, 94, 110, 109, 94, 95, 111, 110, 95, 96, 112, 111, 97, 98, 114, 113, 98, 99, 115, 114, 99, 100, 116, 115, 100, 101, 117, 116, 101, 102, 118, 117, 102, 103, 119, 118, 103, 104, 120, 119, 104, 105, 121, 120, 105, 106, 122, 121, 106, 107, 123, 122, 107, 108, 124, 123, 108, 109, 125, 124, 109, 110, 126, 125, 110, 111, 127, 126, 111, 112, 128, 127, 113, 114, 130, 129, 114, 115, 131, 130, 115, 116, 132, 131, 116, 117, 133, 132, 117, 118, 134, 133, 118, 119, 135, 134, 119, 120, 136, 135, 120, 121, 137, 136, 121, 122, 138, 137, 122, 123, 139, 138, 123, 124, 140, 139, 124, 125, 141, 140, 125, 126, 142, 141, 126, 127, 143, 142, 127, 128, 144, 143, 129, 130, 146, 145, 130, 131, 147, 146, 131, 132, 148, 147, 132, 133, 149, 148, 133, 134, 150, 149, 134, 135, 151, 150, 135, 136, 152, 151, 136, 137, 153, 152, 137, 138, 154, 153, 138, 139, 155, 154, 139, 140, 156, 155, 140, 141, 157, 156, 141, 142, 158, 157, 142, 143, 159, 158, 143, 144, 160, 159, 145, 146, 162, 161, 146, 147, 163, 162, 147, 148, 164, 163, 148, 149, 165, 164, 149, 150, 166, 165, 150, 151, 167, 166, 151, 152, 168, 167, 152, 153, 169, 168, 153, 154, 170, 169, 154, 155, 171, 170, 155, 156, 172, 171, 156, 157, 173, 172, 157, 158, 174, 173, 158, 159, 175, 174, 159, 160, 176, 175, 161, 162, 178, 177, 162, 163, 179, 178, 163, 164, 180, 179, 164, 165, 181, 180, 165, 166, 182, 181, 166, 167, 183, 182, 167, 168, 184, 183, 168, 169, 185, 184, 169, 170, 186, 185, 170, 171, 187, 186, 171, 172, 188, 187, 172, 173, 189, 188, 173, 174, 190, 189, 174, 175, 191, 190, 175, 176, 192, 191, 0, 2, 1, 0, 3, 2, 0, 4, 3, 0, 5, 4, 0, 6, 5, 0, 7, 6, 0, 8, 7, 0, 9, 8, 0, 10, 9, 0, 11, 10, 0, 12, 11, 0, 13, 12, 0, 14, 13, 0, 15, 14, 0, 16, 15, 0, 177, 178, 0, 178, 179, 0, 179, 180, 0, 180, 181, 0, 181, 182, 0, 182, 183, 0, 183, 184, 0, 184, 185, 0, 185, 186, 0, 186, 187, 0, 187, 188, 0, 188, 189, 0, 189, 190, 0, 190, 191, 0, 191, 192, 0, 1, 17, 0, 17, 33, 0, 33, 49, 0, 49, 65, 0, 65, 81, 0, 81, 97, 0, 97, 113, 0, 113, 129, 0, 129, 145, 0, 145, 161, 0, 161, 177, 0, 32, 16, 0, 48, 32, 0, 64, 48, 0, 80, 64, 0, 96, 80, 0, 112, 96, 0, 128, 112, 0, 144, 128, 0, 160, 144, 0, 176, 160, 0, 192, 176]
                                point3f[] points = [(17.35, 9.55, 2.92), (15.484924, 11.740153, -1.7289078e-7), (15.702162, 11.426367, -7.554748e-8), (15.919398, 11.11258, -1.2447983e-7), (16.136635, 10.798794, 8.9410314e-8), (16.353872, 10.485007, 8.0095106e-8), (16.571108, 10.171221, -1.2562306e-7), (16.788345, 9.857434, -9.593376e-8), (17.005583, 9.543648, -1.28960265e-8), (17.222818, 9.229861, -1.28960265e-8), (17.440056, 8.916075, -9.593376e-8), (17.657293, 8.602288, -1.2562306e-7), (17.874529, 8.288502, 8.0095106e-8), (17.9, 8.38197, 0.7549011), (17.9, 8.466596, 1.2453469), (17.9, 8.519963, 1.5546343), (17.9, 8.556691, 1.7674888), (15.613747, 12.024903, 4.467294e-9), (15.843186, 11.693489, -9.342079e-8), (16.072626, 11.362076, 1.2519197e-7), (16.302067, 11.030663, 3.1090153e-7), (16.531507, 10.699249, 1.09915284e-7), (16.760946, 10.367836, -3.328141e-7), (16.990387, 10.036422, 6.0436705e-8), (17.219828, 9.7050085, -2.2041677e-7), (17.449268, 9.373595, -2.2041677e-7), (17.678707, 9.042182, 6.0436705e-8), (17.9, 8.723021, 0.042628795), (17.9, 8.732499, 0.8808648), (17.9, 8.7377, 1.340891), (17.9, 8.740988, 1.6315609), (17.9, 8.743253, 1.8318578), (17.9, 8.744907, 1.978258), (15.757903, 12.343548, 2.0772543e-8), (16.001, 11.99241, -1.6235211e-7), (16.244095, 11.641271, 1.4299167e-7), (16.487192, 11.2901325, 7.542135e-8), (16.730288, 10.938993, 1.01084176e-7), (16.973383, 10.587855, -3.3022335e-8), (17.21648, 10.236716, 3.7712635e-8), (17.459576, 9.885578, -3.260219e-8), (17.702671, 9.534439, -3.260219e-8), (17.9, 9.211472, 0.22432052), (17.9, 9.07935, 1.0055072), (17.9, 9.0066, 1.435658), (17.9, 8.960544, 1.7079768), (17.9, 8.928766, 1.8958656), (17.9, 8.905519, 2.0333192), (17.9, 8.8877735, 2.1382427), (15.920306, 12.702524, -2.499073e-7), (16.178787, 12.3291645, -1.1282037e-7), (16.437267, 11.955804, -1.7352541e-7), (16.695747, 11.582443, 1.8956658e-7), (16.954227, 11.209083, -3.0139714e-7), (17.212708, 10.835722, -2.8625564e-7), (17.471188, 10.462362, -1.5440861e-8), (17.729668, 10.089002, 1.9022444e-7), (17.94, 9.703143, 0.22031437), (17.9, 9.422584, 1.1288489), (17.9, 9.273322, 1.529657), (17.9, 9.178646, 1.7838868), (17.9, 9.113242, 1.9595151), (17.9, 9.0653515, 2.0881138), (17.9, 9.028771, 2.1863427), (17.9, 8.999917, 2.263824), (16.104652, 13.110006, -2.7734924e-7), (16.380596, 12.711421, -3.164703e-8), (16.65654, 12.312837, -1.106463e-7), (16.932484, 11.914251, 2.0326499e-7), (17.208426, 11.515667, -2.1292084e-7), (17.48437, 11.117082, -2.1767444e-7), (17.760313, 10.718496, -1.18736935e-7), (17.94, 10.211922, 0.40956748), (17.94, 9.77769, 1.1295191), (17.9, 9.537891, 1.6228982), (17.9, 9.39531, 1.859296), (17.9, 9.296689, 2.0228095), (17.9, 9.224412, 2.1426435), (17.9, 9.1691675, 2.234238), (17.9, 9.12557, 2.3065226), (17.9, 9.090286, 2.3650217), (16.315714, 13.576536, -1.0688755e-7), (16.61165, 13.149072, -3.3420413e-9), (16.907587, 12.721607, -2.97812e-7), (17.203526, 12.294142, 4.715687e-8), (17.499462, 11.866677, 1.7940765e-8), (17.795399, 11.439213, -1.6394809e-7), (17.9, 10.634476, 0.7536428), (17.94, 10.1383, 1.2591054), (17.94, 9.8185425, 1.6277798), (17.94, 9.614954, 1.8625137), (17.9, 9.479115, 2.0857518), (17.9, 9.382705, 2.1969101), (17.9, 9.308967, 2.281929), (17.9, 9.250744, 2.3490586), (17.9, 9.203606, 2.403408), (17.9, 9.164662, 2.4483094), (16.559748, 14.1159525, -9.664778e-8), (16.878803, 13.655096, 8.330913e-8), (17.197857, 13.194241, -5.339295e-8), (17.51691, 12.733384, -2.774642e-8), (17.835966, 12.272528, 9.832516e-8), (17.9, 11.095201, 0.92502135), (17.911783, 10.45, 1.4606615), (17.94, 10.097821, 1.7262045), (17.94, 9.844335, 1.9423487), (17.9, 9.660528, 2.1483448), (17.9, 9.540236, 2.2509155), (17.9, 9.448172, 2.3294177), (17.9, 9.3754425, 2.391433), (17.9, 9.316535, 2.441662), (17.9, 9.267853, 2.4831731), (17.9, 9.226945, 2.5180547), (16.84514, 14.746783, 1.0273344e-7), (17.191229, 14.246878, -3.137699e-7), (17.53732, 13.74697, -4.3747697e-8), (17.883408, 13.247064, 2.6217572e-7), (17.9, 11.549363, 1.0939585), (17.9, 10.760429, 1.6096084), (17.94, 10.374873, 1.8238447), (17.94, 10.072216, 2.0216622), (17.9, 9.840938, 2.2105913), (17.9, 9.697012, 2.3046618), (17.9, 9.586787, 2.376705), (17.9, 9.499667, 2.4336467), (17.9, 9.429077, 2.4797847), (17.9, 9.370719, 2.5179276), (17.9, 9.321668, 2.5499876), (17.9, 9.279861, 2.5773125), (17.199335, 14.925, 0.2797084), (17.560593, 14.925, 0.012566028), (17.9, 14.075894, 0.19627908), (17.9, 11.997103, 1.2605065), (17.9, 11.086388, 1.7267426), (17.9, 10.575167, 1.9884596), (17.9, 10.24786, 2.1560228), (17.9, 10.020351, 2.2724943), (17.9, 9.853036, 2.3581507), (17.9, 9.724816, 2.4237924), (17.9, 9.623423, 2.4757004), (17.9, 9.541233, 2.517777), (17.9, 9.473264, 2.5525732), (17.9, 9.416119, 2.5818286), (17.9, 9.367402, 2.6067686), (17.9, 9.325378, 2.6282828), (17.53896, 14.925, 0.6269544), (17.9, 14.773347, 0.47679704), (17.9, 12.438554, 1.4247154), (17.9, 11.409047, 1.8426915), (17.9, 10.829359, 2.0780432), (17.9, 10.457539, 2.2290008), (17.9, 10.198778, 2.3340569), (17.9, 10.008315, 2.411384), (17.9, 9.862263, 2.470681), (17.9, 9.746709, 2.5175953), (17.9, 9.653005, 2.555639), (17.9, 9.575488, 2.5871105), (17.9, 9.510297, 2.6135778), (17.9, 9.454709, 2.6361463), (17.9, 9.406748, 2.6556184), (17.9, 9.364944, 2.6725905), (17.838993, 14.8, 0.9915407), (17.9, 12.873849, 1.5866343), (17.9, 11.728459, 1.9574732), (17.9, 11.081549, 2.1669211), (17.9, 10.665862, 2.3015068), (17.9, 10.376225, 2.3952813), (17.9, 10.162854, 2.4643638), (17.9, 9.99913, 2.5173724), (17.9, 9.869532, 2.5593321), (17.9, 9.764395, 2.5933716), (17.9, 9.677393, 2.62154), (17.9, 9.604205, 2.6452358), (17.9, 9.541784, 2.6654458), (17.9, 9.487917, 2.6828864), (17.9, 9.440957, 2.6980903), (17.9, 9.399656, 2.7114618), (17.9, 13.303115, 1.7463107), (17.9, 12.044671, 2.071105), (17.9, 11.33176, 2.255102), (17.9, 10.872841, 2.3735454), (17.9, 10.552702, 2.4561708), (17.9, 10.316659, 2.5170915), (17.9, 10.135423, 2.5638673), (17.9, 9.991891, 2.6009119), (17.9, 9.875405, 2.6309757), (17.9, 9.77898, 2.6558623), (17.9, 9.697844, 2.676803), (17.9, 9.628628, 2.694667), (17.9, 9.568884, 2.7100866), (17.9, 9.516793, 2.7235308), (17.9, 9.470973, 2.7353566), (17.9, 9.430356, 2.7458396)]
                                color3f[] primvars:displayColor = [(0.9, 0.6, 0.1)] (
                                    interpolation = "constant"
                                )
                                float[] primvars:displayOpacity = [0.45] (
                                    interpolation = "constant"
                                )
                                token purpose = "guide"
                                token subdivisionScheme = "none"
                                token[] xformOpOrder = ["!resetXformStack!"]
                            }
                        }
                    }

                    over "sec_cam_door_office_link"
                    {
                        over "Sensor_0"
                        {
                            def Mesh "Coverage_CriticalDoors" (
                                prepend apiSchemas = ["AecoDerivedGeometryAPI"]
                            )
                            {
                                token aeco:derived:approx = "tessellated"
                                token aeco:derived:role = "coverage"
                                string aeco:derived:source = "45eb74fd-120c-50f4-8a96-04557e24e6d4"
                                string aeco:derived:stamp = "aeco-cctv study 0.5.3"
                                bool doubleSided = 1
                                float3[] extent = [(14.788502, 0.059999943, -3.328141e-7), (17.900002, 2.2746837, 2.92)]
                                int[] faceVertexCounts = [4, 4, 4, 4, 4, 4, 4, 4, 4, 4, 4, 4, 4, 4, 4, 4, 4, 4, 4, 4, 4, 4, 4, 4, 4, 4, 4, 4, 4, 4, 4, 4, 4, 4, 4, 4, 4, 4, 4, 4, 4, 4, 4, 4, 4, 4, 4, 4, 4, 4, 4, 4, 4, 4, 4, 4, 4, 4, 4, 4, 4, 4, 4, 4, 4, 4, 4, 4, 4, 4, 4, 4, 4, 4, 4, 4, 4, 4, 4, 4, 4, 4, 4, 4, 4, 4, 4, 4, 4, 4, 4, 4, 4, 4, 4, 4, 4, 4, 4, 4, 4, 4, 4, 4, 4, 4, 4, 4, 4, 4, 4, 4, 4, 4, 4, 4, 4, 4, 4, 4, 4, 4, 4, 4, 4, 4, 4, 4, 4, 4, 4, 4, 4, 4, 4, 4, 4, 4, 4, 4, 4, 4, 4, 4, 4, 4, 4, 4, 4, 4, 4, 4, 4, 4, 4, 4, 4, 4, 4, 4, 4, 4, 4, 4, 4, 3, 3, 3, 3, 3, 3, 3, 3, 3, 3, 3, 3, 3, 3, 3, 3, 3, 3, 3, 3, 3, 3, 3, 3, 3, 3, 3, 3, 3, 3, 3, 3, 3, 3, 3, 3, 3, 3, 3, 3, 3, 3, 3, 3, 3, 3, 3, 3, 3, 3, 3, 3]
                                int[] faceVertexIndices = [1, 2, 18, 17, 2, 3, 19, 18, 3, 4, 20, 19, 4, 5, 21, 20, 5, 6, 22, 21, 6, 7, 23, 22, 7, 8, 24, 23, 8, 9, 25, 24, 9, 10, 26, 25, 10, 11, 27, 26, 11, 12, 28, 27, 12, 13, 29, 28, 13, 14, 30, 29, 14, 15, 31, 30, 15, 16, 32, 31, 17, 18, 34, 33, 18, 19, 35, 34, 19, 20, 36, 35, 20, 21, 37, 36, 21, 22, 38, 37, 22, 23, 39, 38, 23, 24, 40, 39, 24, 25, 41, 40, 25, 26, 42, 41, 26, 27, 43, 42, 27, 28, 44, 43, 28, 29, 45, 44, 29, 30, 46, 45, 30, 31, 47, 46, 31, 32, 48, 47, 33, 34, 50, 49, 34, 35, 51, 50, 35, 36, 52, 51, 36, 37, 53, 52, 37, 38, 54, 53, 38, 39, 55, 54, 39, 40, 56, 55, 40, 41, 57, 56, 41, 42, 58, 57, 42, 43, 59, 58, 43, 44, 60, 59, 44, 45, 61, 60, 45, 46, 62, 61, 46, 47, 63, 62, 47, 48, 64, 63, 49, 50, 66, 65, 50, 51, 67, 66, 51, 52, 68, 67, 52, 53, 69, 68, 53, 54, 70, 69, 54, 55, 71, 70, 55, 56, 72, 71, 56, 57, 73, 72, 57, 58, 74, 73, 58, 59, 75, 74, 59, 60, 76, 75, 60, 61, 77, 76, 61, 62, 78, 77, 62, 63, 79, 78, 63, 64, 80, 79, 65, 66, 82, 81, 66, 67, 83, 82, 67, 68, 84, 83, 68, 69, 85, 84, 69, 70, 86, 85, 70, 71, 87, 86, 71, 72, 88, 87, 72, 73, 89, 88, 73, 74, 90, 89, 74, 75, 91, 90, 75, 76, 92, 91, 76, 77, 93, 92, 77, 78, 94, 93, 78, 79, 95, 94, 79, 80, 96, 95, 81, 82, 98, 97, 82, 83, 99, 98, 83, 84, 100, 99, 84, 85, 101, 100, 85, 86, 102, 101, 86, 87, 103, 102, 87, 88, 104, 103, 88, 89, 105, 104, 89, 90, 106, 105, 90, 91, 107, 106, 91, 92, 108, 107, 92, 93, 109, 108, 93, 94, 110, 109, 94, 95, 111, 110, 95, 96, 112, 111, 97, 98, 114, 113, 98, 99, 115, 114, 99, 100, 116, 115, 100, 101, 117, 116, 101, 102, 118, 117, 102, 103, 119, 118, 103, 104, 120, 119, 104, 105, 121, 120, 105, 106, 122, 121, 106, 107, 123, 122, 107, 108, 124, 123, 108, 109, 125, 124, 109, 110, 126, 125, 110, 111, 127, 126, 111, 112, 128, 127, 113, 114, 130, 129, 114, 115, 131, 130, 115, 116, 132, 131, 116, 117, 133, 132, 117, 118, 134, 133, 118, 119, 135, 134, 119, 120, 136, 135, 120, 121, 137, 136, 121, 122, 138, 137, 122, 123, 139, 138, 123, 124, 140, 139, 124, 125, 141, 140, 125, 126, 142, 141, 126, 127, 143, 142, 127, 128, 144, 143, 129, 130, 146, 145, 130, 131, 147, 146, 131, 132, 148, 147, 132, 133, 149, 148, 133, 134, 150, 149, 134, 135, 151, 150, 135, 136, 152, 151, 136, 137, 153, 152, 137, 138, 154, 153, 138, 139, 155, 154, 139, 140, 156, 155, 140, 141, 157, 156, 141, 142, 158, 157, 142, 143, 159, 158, 143, 144, 160, 159, 145, 146, 162, 161, 146, 147, 163, 162, 147, 148, 164, 163, 148, 149, 165, 164, 149, 150, 166, 165, 150, 151, 167, 166, 151, 152, 168, 167, 152, 153, 169, 168, 153, 154, 170, 169, 154, 155, 171, 170, 155, 156, 172, 171, 156, 157, 173, 172, 157, 158, 174, 173, 158, 159, 175, 174, 159, 160, 176, 175, 161, 162, 178, 177, 162, 163, 179, 178, 163, 164, 180, 179, 164, 165, 181, 180, 165, 166, 182, 181, 166, 167, 183, 182, 167, 168, 184, 183, 168, 169, 185, 184, 169, 170, 186, 185, 170, 171, 187, 186, 171, 172, 188, 187, 172, 173, 189, 188, 173, 174, 190, 189, 174, 175, 191, 190, 175, 176, 192, 191, 0, 2, 1, 0, 3, 2, 0, 4, 3, 0, 5, 4, 0, 6, 5, 0, 7, 6, 0, 8, 7, 0, 9, 8, 0, 10, 9, 0, 11, 10, 0, 12, 11, 0, 13, 12, 0, 14, 13, 0, 15, 14, 0, 16, 15, 0, 177, 178, 0, 178, 179, 0, 179, 180, 0, 180, 181, 0, 181, 182, 0, 182, 183, 0, 183, 184, 0, 184, 185, 0, 185, 186, 0, 186, 187, 0, 187, 188, 0, 188, 189, 0, 189, 190, 0, 190, 191, 0, 191, 192, 0, 1, 17, 0, 17, 33, 0, 33, 49, 0, 49, 65, 0, 65, 81, 0, 81, 97, 0, 97, 113, 0, 113, 129, 0, 129, 145, 0, 145, 161, 0, 161, 177, 0, 32, 16, 0, 48, 32, 0, 64, 48, 0, 80, 64, 0, 96, 80, 0, 112, 96, 0, 128, 112, 0, 144, 128, 0, 160, 144, 0, 176, 160, 0, 192, 176]
                                point3f[] points = [(16.05, 0.65, 2.92), (17.9, 2.2254105, 0.45350522), (17.9, 2.2746837, 0.041031014), (17.61258, 2.080602, -1.2447983e-7), (17.298794, 1.8633649, 8.9410314e-8), (16.985006, 1.6461282, 8.0095106e-8), (16.67122, 1.4288914, -1.2562306e-7), (16.357433, 1.2116545, -9.593376e-8), (16.043648, 0.9944177, -1.28960265e-8), (15.729861, 0.7771809, -1.28960265e-8), (15.416075, 0.55994403, -9.593376e-8), (15.102288, 0.34270722, -1.2562306e-7), (14.788502, 0.12547043, 8.0095106e-8), (14.8819685, 0.10000009, 0.75489825), (14.966595, 0.1, 1.2453445), (15.019962, 0.1, 1.5546324), (15.05669, 0.100000024, 1.7674872), (17.9, 1.9478567, 0.7372877), (17.9, 1.9504986, 0.39980975), (17.862076, 1.927373, 1.2519197e-7), (17.530663, 1.6979328, 3.1090153e-7), (17.19925, 1.4684929, 1.09915284e-7), (16.867836, 1.2390529, -3.328141e-7), (16.536423, 1.0096128, 6.0436705e-8), (16.20501, 0.7801727, -2.2041677e-7), (15.873595, 0.5507326, -2.2041677e-7), (15.542182, 0.32129255, 6.0436705e-8), (15.223019, 0.10000002, 0.042624738), (15.232497, 0.09999999, 0.88086176), (15.2376995, 0.100000046, 1.3408887), (15.240986, 0.100000024, 1.6315593), (15.243251, 0.100000024, 1.8318563), (15.244906, 0.10000002, 1.9782567), (17.9, 1.7043506, 0.98625803), (17.9, 1.6717991, 0.70824903), (17.9, 1.628316, 0.3368811), (17.790133, 1.5128086, 7.542135e-8), (17.438993, 1.2697126, 1.01084176e-7), (17.087854, 1.0266166, -3.3022335e-8), (16.736717, 0.78352064, 3.7712635e-8), (16.385578, 0.54042464, -3.260219e-8), (16.03444, 0.29732868, -3.260219e-8), (15.686851, 0.059999965, 0.02826668), (15.57935, 0.10000005, 1.0055046), (15.506599, 0.100000076, 1.435656), (15.460543, 0.10000001, 1.707975), (15.428765, 0.100000024, 1.8958641), (15.405519, 0.09999999, 2.033318), (15.387773, 0.10000004, 2.1382418), (17.9, 1.4889892, 1.2064521), (17.9, 1.4296393, 0.9762494), (17.900002, 1.3518683, 0.6745955), (17.9, 1.2455238, 0.26211438), (17.709084, 1.0457727, -3.0139714e-7), (17.335722, 0.78729236, -2.8625564e-7), (16.962362, 0.52881205, -1.5440861e-8), (16.589, 0.27033177, 1.9022444e-7), (16.203144, 0.059999995, 0.22031507), (15.913317, 0.059999954, 0.9985805), (15.7532, 0.05999999, 1.4285392), (15.651638, 0.06000002, 1.7012587), (15.600001, 0.08332652, 1.9303962), (15.5653515, 0.100000046, 2.0881128), (15.52877, 0.1, 2.1863418), (15.499917, 0.10000004, 2.263823), (17.9, 1.2971598, 1.4025865), (17.9, 1.2172757, 1.2112744), (17.9, 1.1143425, 0.96476233), (17.9, 0.97670245, 0.63513225), (17.9, 0.783243, 0.17182213), (17.617083, 0.5156303, -2.1767444e-7), (17.218496, 0.23968692, -1.18736935e-7), (16.711922, 0.059999965, 0.40956792), (16.277689, 0.060000032, 1.1295195), (16.03701, 0.059999987, 1.5285615), (15.88406, 0.060000032, 1.7821522), (15.778266, 0.060000014, 1.9575579), (15.724412, 0.100000046, 2.1426425), (15.6691675, 0.100000024, 2.234237), (15.625569, 0.10000004, 2.306522), (15.590286, 0.100000076, 2.365021), (17.9, 1.125205, 1.5783999), (17.9, 1.0295275, 1.419057), (17.9, 0.9080595, 1.2167621), (17.9, 0.74874836, 0.9514428), (17.9, 0.5306463, 0.5882121), (17.9, 0.2138461, 0.06060776), (17.213348, 0.05999997, 0.59608626), (16.6383, 0.059999943, 1.2591058), (16.318542, 0.05999999, 1.6277801), (16.114954, 0.059999995, 1.8625139), (15.973959, 0.05999997, 2.0250778), (15.882705, 0.10000001, 2.196909), (15.808967, 0.10000004, 2.281928), (15.750744, 0.10000008, 2.349058), (15.703606, 0.10000005, 2.4034073), (15.664661, 0.100000024, 2.4483087), (17.9, 0.97018856, 1.7368951), (17.9, 0.86234945, 1.6040745), (17.9, 0.72723544, 1.4376605), (17.9, 0.5530007, 1.2230631), (17.9, 0.31977865, 0.9358139), (17.595203, 0.10000008, 0.9250187), (16.995205, 0.060000017, 1.387361), (16.59782, 0.05999999, 1.7262048), (16.344334, 0.060000025, 1.942349), (16.160528, 0.10000006, 2.1483438), (16.040237, 0.10000008, 2.2509148), (15.948172, 0.100000046, 2.3294168), (15.875442, 0.10000005, 2.3914323), (15.816535, 0.100000046, 2.4416614), (15.767852, 0.10000002, 2.4831727), (15.726944, 0.10000002, 2.5180542), (17.9, 0.8297249, 1.8805107), (17.9, 0.7125365, 1.7698739), (17.9, 0.56743115, 1.6328808), (17.9, 0.38308433, 1.4588401), (17.8, 0.16859743, 1.3217049), (17.348463, 0.059999984, 1.5143052), (16.874872, 0.060000002, 1.8238449), (16.572216, 0.060000014, 2.0216625), (16.340939, 0.1, 2.2105904), (16.197012, 0.10000008, 2.304661), (16.086786, 0.10000006, 2.3767042), (15.999667, 0.10000006, 2.4336462), (15.929077, 0.100000076, 2.4797843), (15.870719, 0.10000004, 2.5179272), (15.821668, 0.100000046, 2.549987), (15.779861, 0.1, 2.577312), (17.9, 0.7018568, 2.0112484), (17.9, 0.5775166, 1.9193016), (17.9, 0.42518285, 1.8066546), (17.9, 0.23420271, 1.6654292), (17.58639, 0.10000005, 1.726741), (17.149725, 0.060000014, 1.9207098), (16.74786, 0.10000009, 2.1560218), (16.520353, 0.100000076, 2.2724936), (16.353037, 0.10000007, 2.35815), (16.224817, 0.100000024, 2.4237916), (16.123423, 0.100000024, 2.4757), (16.041233, 0.100000046, 2.5177765), (15.973264, 0.100000046, 2.5525727), (15.916119, 0.1, 2.581828), (15.867402, 0.100000046, 2.6067681), (15.825377, 0.099999994, 2.6282823), (17.9, 0.58496267, 2.1307654), (17.9, 0.45520177, 2.0546687), (17.9, 0.29774803, 1.9623314), (17.8, 0.13226253, 1.9058841), (17.4, 0.06963171, 2.0315533), (16.95754, 0.099999994, 2.2289999), (16.69878, 0.100000106, 2.3340561), (16.508316, 0.10000007, 2.4113834), (16.362263, 0.100000024, 2.4706805), (16.24671, 0.10000008, 2.5175948), (16.153006, 0.10000004, 2.5556386), (16.075487, 0.10000005, 2.5871103), (16.010298, 0.10000004, 2.6135774), (15.954709, 0.10000004, 2.6361458), (15.906748, 0.1, 2.655618), (15.864944, 0.10000004, 2.6725903), (17.9, 0.47768795, 2.2404475), (17.9, 0.34387934, 2.1778703), (17.832378, 0.20000003, 2.132477), (17.58155, 0.09999999, 2.1669202), (17.165863, 0.10000005, 2.301506), (16.876226, 0.100000024, 2.3952806), (16.662855, 0.10000001, 2.464363), (16.49913, 0.100000024, 2.5173717), (16.369532, 0.10000006, 2.5593317), (16.264395, 0.10000007, 2.5933714), (16.177393, 0.10000004, 2.6215398), (16.104206, 0.10000003, 2.6452355), (16.041784, 0.10000007, 2.6654453), (15.987916, 0.10000009, 2.682886), (15.940957, 0.10000001, 2.6980898), (15.899656, 0.09999998, 2.7114615), (17.9, 0.37889218, 2.3414605), (17.9, 0.24213114, 2.2904758), (17.8, 0.10980453, 2.2669537), (17.372843, 0.100000076, 2.3735447), (17.052704, 0.1, 2.45617), (16.81666, 0.100000106, 2.517091), (16.635424, 0.10000002, 2.5638669), (16.491892, 0.10000006, 2.6009114), (16.375406, 0.10000004, 2.6309755), (16.27898, 0.10000007, 2.655862), (16.197844, 0.09999998, 2.6768026), (16.128628, 0.1, 2.6946669), (16.068884, 0.10000007, 2.7100863), (16.016792, 0.10000007, 2.7235305), (15.970973, 0.10000008, 2.7353563), (15.930356, 0.10000006, 2.7458394)]
                                color3f[] primvars:displayColor = [(0.9, 0.6, 0.1)] (
                                    interpolation = "constant"
                                )
                                float[] primvars:displayOpacity = [0.45] (
                                    interpolation = "constant"
                                )
                                token purpose = "guide"
                                token subdivisionScheme = "none"
                                token[] xformOpOrder = ["!resetXformStack!"]
                            }
                        }
                    }
                }

                over "Corridor_Spine"
                {
                    over "sec_cam_door_elec_a"
                    {
                        over "Sensor_0"
                        {
                            def Mesh "Coverage_CriticalDoors" (
                                prepend apiSchemas = ["AecoDerivedGeometryAPI"]
                            )
                            {
                                token aeco:derived:approx = "tessellated"
                                token aeco:derived:role = "coverage"
                                string aeco:derived:source = "6787dbc9-b68c-542e-9141-7234ea79b9de"
                                string aeco:derived:stamp = "aeco-cctv study 0.5.3"
                                bool doubleSided = 1
                                float3[] extent = [(7.2885017, 15.06, -3.328141e-7), (15.3946085, 17.515076, 2.92)]
                                int[] faceVertexCounts = [4, 4, 4, 4, 4, 4, 4, 4, 4, 4, 4, 4, 4, 4, 4, 4, 4, 4, 4, 4, 4, 4, 4, 4, 4, 4, 4, 4, 4, 4, 4, 4, 4, 4, 4, 4, 4, 4, 4, 4, 4, 4, 4, 4, 4, 4, 4, 4, 4, 4, 4, 4, 4, 4, 4, 4, 4, 4, 4, 4, 4, 4, 4, 4, 4, 4, 4, 4, 4, 4, 4, 4, 4, 4, 4, 4, 4, 4, 4, 4, 4, 4, 4, 4, 4, 4, 4, 4, 4, 4, 4, 4, 4, 4, 4, 4, 4, 4, 4, 4, 4, 4, 4, 4, 4, 4, 4, 4, 4, 4, 4, 4, 4, 4, 4, 4, 4, 4, 4, 4, 4, 4, 4, 4, 4, 4, 4, 4, 4, 4, 4, 4, 4, 4, 4, 4, 4, 4, 4, 4, 4, 4, 4, 4, 4, 4, 4, 4, 4, 4, 4, 4, 4, 4, 4, 4, 4, 4, 4, 4, 4, 4, 4, 4, 4, 3, 3, 3, 3, 3, 3, 3, 3, 3, 3, 3, 3, 3, 3, 3, 3, 3, 3, 3, 3, 3, 3, 3, 3, 3, 3, 3, 3, 3, 3, 3, 3, 3, 3, 3, 3, 3, 3, 3, 3, 3, 3, 3, 3, 3, 3, 3, 3, 3, 3, 3, 3]
                                int[] faceVertexIndices = [1, 2, 18, 17, 2, 3, 19, 18, 3, 4, 20, 19, 4, 5, 21, 20, 5, 6, 22, 21, 6, 7, 23, 22, 7, 8, 24, 23, 8, 9, 25, 24, 9, 10, 26, 25, 10, 11, 27, 26, 11, 12, 28, 27, 12, 13, 29, 28, 13, 14, 30, 29, 14, 15, 31, 30, 15, 16, 32, 31, 17, 18, 34, 33, 18, 19, 35, 34, 19, 20, 36, 35, 20, 21, 37, 36, 21, 22, 38, 37, 22, 23, 39, 38, 23, 24, 40, 39, 24, 25, 41, 40, 25, 26, 42, 41, 26, 27, 43, 42, 27, 28, 44, 43, 28, 29, 45, 44, 29, 30, 46, 45, 30, 31, 47, 46, 31, 32, 48, 47, 33, 34, 50, 49, 34, 35, 51, 50, 35, 36, 52, 51, 36, 37, 53, 52, 37, 38, 54, 53, 38, 39, 55, 54, 39, 40, 56, 55, 40, 41, 57, 56, 41, 42, 58, 57, 42, 43, 59, 58, 43, 44, 60, 59, 44, 45, 61, 60, 45, 46, 62, 61, 46, 47, 63, 62, 47, 48, 64, 63, 49, 50, 66, 65, 50, 51, 67, 66, 51, 52, 68, 67, 52, 53, 69, 68, 53, 54, 70, 69, 54, 55, 71, 70, 55, 56, 72, 71, 56, 57, 73, 72, 57, 58, 74, 73, 58, 59, 75, 74, 59, 60, 76, 75, 60, 61, 77, 76, 61, 62, 78, 77, 62, 63, 79, 78, 63, 64, 80, 79, 65, 66, 82, 81, 66, 67, 83, 82, 67, 68, 84, 83, 68, 69, 85, 84, 69, 70, 86, 85, 70, 71, 87, 86, 71, 72, 88, 87, 72, 73, 89, 88, 73, 74, 90, 89, 74, 75, 91, 90, 75, 76, 92, 91, 76, 77, 93, 92, 77, 78, 94, 93, 78, 79, 95, 94, 79, 80, 96, 95, 81, 82, 98, 97, 82, 83, 99, 98, 83, 84, 100, 99, 84, 85, 101, 100, 85, 86, 102, 101, 86, 87, 103, 102, 87, 88, 104, 103, 88, 89, 105, 104, 89, 90, 106, 105, 90, 91, 107, 106, 91, 92, 108, 107, 92, 93, 109, 108, 93, 94, 110, 109, 94, 95, 111, 110, 95, 96, 112, 111, 97, 98, 114, 113, 98, 99, 115, 114, 99, 100, 116, 115, 100, 101, 117, 116, 101, 102, 118, 117, 102, 103, 119, 118, 103, 104, 120, 119, 104, 105, 121, 120, 105, 106, 122, 121, 106, 107, 123, 122, 107, 108, 124, 123, 108, 109, 125, 124, 109, 110, 126, 125, 110, 111, 127, 126, 111, 112, 128, 127, 113, 114, 130, 129, 114, 115, 131, 130, 115, 116, 132, 131, 116, 117, 133, 132, 117, 118, 134, 133, 118, 119, 135, 134, 119, 120, 136, 135, 120, 121, 137, 136, 121, 122, 138, 137, 122, 123, 139, 138, 123, 124, 140, 139, 124, 125, 141, 140, 125, 126, 142, 141, 126, 127, 143, 142, 127, 128, 144, 143, 129, 130, 146, 145, 130, 131, 147, 146, 131, 132, 148, 147, 132, 133, 149, 148, 133, 134, 150, 149, 134, 135, 151, 150, 135, 136, 152, 151, 136, 137, 153, 152, 137, 138, 154, 153, 138, 139, 155, 154, 139, 140, 156, 155, 140, 141, 157, 156, 141, 142, 158, 157, 142, 143, 159, 158, 143, 144, 160, 159, 145, 146, 162, 161, 146, 147, 163, 162, 147, 148, 164, 163, 148, 149, 165, 164, 149, 150, 166, 165, 150, 151, 167, 166, 151, 152, 168, 167, 152, 153, 169, 168, 153, 154, 170, 169, 154, 155, 171, 170, 155, 156, 172, 171, 156, 157, 173, 172, 157, 158, 174, 173, 158, 159, 175, 174, 159, 160, 176, 175, 161, 162, 178, 177, 162, 163, 179, 178, 163, 164, 180, 179, 164, 165, 181, 180, 165, 166, 182, 181, 166, 167, 183, 182, 167, 168, 184, 183, 168, 169, 185, 184, 169, 170, 186, 185, 170, 171, 187, 186, 171, 172, 188, 187, 172, 173, 189, 188, 173, 174, 190, 189, 174, 175, 191, 190, 175, 176, 192, 191, 0, 2, 1, 0, 3, 2, 0, 4, 3, 0, 5, 4, 0, 6, 5, 0, 7, 6, 0, 8, 7, 0, 9, 8, 0, 10, 9, 0, 11, 10, 0, 12, 11, 0, 13, 12, 0, 14, 13, 0, 15, 14, 0, 16, 15, 0, 177, 178, 0, 178, 179, 0, 179, 180, 0, 180, 181, 0, 181, 182, 0, 182, 183, 0, 183, 184, 0, 184, 185, 0, 185, 186, 0, 186, 187, 0, 187, 188, 0, 188, 189, 0, 189, 190, 0, 190, 191, 0, 191, 192, 0, 1, 17, 0, 17, 33, 0, 33, 49, 0, 49, 65, 0, 65, 81, 0, 81, 97, 0, 97, 113, 0, 113, 129, 0, 129, 145, 0, 145, 161, 0, 161, 177, 0, 32, 16, 0, 48, 32, 0, 64, 48, 0, 80, 64, 0, 96, 80, 0, 112, 96, 0, 128, 112, 0, 144, 128, 0, 160, 144, 0, 176, 160, 0, 192, 176]
                                point3f[] points = [(8.55, 15.65, 2.92), (10.740153, 17.515076, -1.7289076e-7), (10.426367, 17.297838, -7.554748e-8), (10.11258, 17.080603, -1.2447983e-7), (9.798794, 16.863365, 8.9410314e-8), (9.485007, 16.646128, 8.0095106e-8), (9.171221, 16.428892, -1.2562306e-7), (8.857434, 16.211655, -9.593376e-8), (8.543648, 15.994418, -1.2896026e-8), (8.229861, 15.777181, -1.2896026e-8), (7.9160748, 15.559944, -9.593376e-8), (7.602288, 15.342708, -1.2562306e-7), (7.2885017, 15.12547, 8.0095106e-8), (7.38197, 15.1, 0.7549011), (7.466596, 15.1, 1.2453469), (7.5199633, 15.1, 1.5546343), (7.5566916, 15.1, 1.7674888), (11.024903, 17.386253, 4.467295e-9), (10.693489, 17.156813, -9.342078e-8), (10.362076, 16.927374, 1.2519197e-7), (10.030663, 16.697933, 3.1090153e-7), (9.699249, 16.468493, 1.09915284e-7), (9.367836, 16.239054, -3.328141e-7), (9.036422, 16.009613, 6.0436705e-8), (8.7050085, 15.780172, -2.2041677e-7), (8.373595, 15.550733, -2.2041677e-7), (8.042182, 15.321293, 6.0436705e-8), (7.72302, 15.1, 0.04262857), (7.7324986, 15.1, 0.88086456), (7.7377005, 15.1, 1.3408909), (7.7409873, 15.1, 1.631561), (7.7432523, 15.1, 1.8318577), (7.744908, 15.1, 1.978258), (11.343548, 17.242096, 2.0772543e-8), (10.99241, 16.999, -1.6235211e-7), (10.641271, 16.755905, 1.4299167e-7), (10.2901325, 16.512808, 7.542135e-8), (9.938993, 16.269712, 1.01084176e-7), (9.587855, 16.026617, -3.3022335e-8), (9.236716, 15.783521, 3.7712635e-8), (8.885578, 15.540424, -3.260219e-8), (8.534439, 15.297329, -3.260219e-8), (8.186851, 15.06, 0.02827062), (8.07935, 15.1, 1.005507), (8.0066, 15.1, 1.435658), (7.9605436, 15.1, 1.7079767), (7.9287663, 15.1, 1.8958656), (7.905519, 15.1, 2.0333195), (7.8877735, 15.1, 2.1382427), (11.702524, 17.079695, -2.499073e-7), (11.3291645, 16.821213, -1.12820366e-7), (10.955804, 16.562733, -1.7352541e-7), (10.582443, 16.304253, 1.8956658e-7), (10.209083, 16.045773, -3.0139714e-7), (9.835722, 15.7872925, -2.8625564e-7), (9.462362, 15.528812, -1.544086e-8), (9.089002, 15.270331, 1.9022444e-7), (8.703143, 15.06, 0.22031833), (8.413317, 15.06, 0.9985832), (8.2532, 15.06, 1.4285411), (8.151639, 15.06, 1.7012601), (8.1, 15.083325, 1.930394), (8.065352, 15.1, 2.088114), (8.028771, 15.1, 2.1863427), (7.9999175, 15.1, 2.263824), (12.110006, 16.895348, -2.7734924e-7), (11.711421, 16.619404, -3.164703e-8), (11.312837, 16.34346, -1.106463e-7), (10.914251, 16.067516, 2.0326499e-7), (10.515667, 15.791574, -2.1292084e-7), (10.117082, 15.515631, -2.1767444e-7), (9.718496, 15.239687, -1.18736935e-7), (9.211921, 15.06, 0.4095713), (8.777689, 15.06, 1.1295218), (8.537011, 15.06, 1.5285635), (8.384061, 15.06, 1.7821537), (8.278266, 15.06, 1.9575591), (8.224412, 15.1, 2.1426435), (8.1691675, 15.1, 2.234238), (8.12557, 15.1, 2.3065226), (8.090286, 15.1, 2.3650217), (12.576536, 16.684286, -1.0688755e-7), (12.149072, 16.38835, -3.3420404e-9), (11.721607, 16.092413, -2.97812e-7), (11.294142, 15.796475, 4.7156874e-8), (10.866677, 15.500539, 1.7940767e-8), (10.439213, 15.204601, -1.6394809e-7), (9.7133465, 15.06, 0.59608936), (9.138299, 15.06, 1.2591081), (8.8185425, 15.06, 1.6277817), (8.614954, 15.06, 1.8625152), (8.473959, 15.06, 2.025079), (8.382705, 15.1, 2.19691), (8.308967, 15.1, 2.281929), (8.250744, 15.1, 2.3490586), (8.203606, 15.1, 2.403408), (8.164662, 15.1, 2.4483094), (13.1159525, 16.440252, -9.6647774e-8), (12.655096, 16.121197, 8.330913e-8), (12.194241, 15.802143, -5.339295e-8), (11.733384, 15.4830885, -2.7746418e-8), (11.272528, 15.164034, 9.832516e-8), (10.095201, 15.1, 0.9250212), (9.495204, 15.06, 1.3873631), (9.09782, 15.06, 1.7262063), (8.844334, 15.06, 1.9423501), (8.660528, 15.1, 2.1483448), (8.540236, 15.1, 2.2509155), (8.448172, 15.1, 2.3294177), (8.3754425, 15.1, 2.391433), (8.316535, 15.1, 2.441662), (8.267853, 15.1, 2.4831731), (8.226945, 15.1, 2.5180547), (13.746783, 16.15486, 1.0273344e-7), (13.246878, 15.808771, -3.137699e-7), (12.74697, 15.462682, -4.3747697e-8), (11.799999, 15.181094, 0.3530982), (10.549363, 15.1, 1.0939585), (9.84846, 15.06, 1.5143071), (9.374872, 15.06, 1.8238463), (9.072215, 15.06, 2.0216637), (8.840938, 15.1, 2.2105913), (8.697012, 15.1, 2.3046618), (8.586787, 15.1, 2.376705), (8.499667, 15.1, 2.4336467), (8.429077, 15.1, 2.4797847), (8.370719, 15.1, 2.5179276), (8.321668, 15.1, 2.5499876), (8.279861, 15.1, 2.5773125), (14.494419, 15.816627, -1.2927468e-7), (13.948231, 15.438497, 8.323301e-8), (13.281622, 15.075, 0.07247064), (10.997103, 15.1, 1.2605065), (10.086388, 15.1, 1.7267425), (9.649724, 15.06, 1.9207112), (9.24786, 15.1, 2.1560228), (9.020351, 15.1, 2.2724943), (8.853036, 15.1, 2.3581507), (8.724816, 15.1, 2.4237924), (8.623423, 15.1, 2.4757004), (8.541233, 15.1, 2.517777), (8.473264, 15.1, 2.5525732), (8.416119, 15.1, 2.5818286), (8.367402, 15.1, 2.6067686), (8.325378, 15.1, 2.6282828), (15.3946085, 15.409376, 1.1148161e-7), (14.010778, 15.075, 0.36573943), (11.438554, 15.1, 1.4247153), (10.409047, 15.1, 1.8426915), (9.9, 15.069633, 2.031554), (9.457539, 15.1, 2.2290008), (9.198778, 15.1, 2.3340569), (9.008315, 15.1, 2.411384), (8.862263, 15.1, 2.470681), (8.746709, 15.1, 2.5175953), (8.653005, 15.1, 2.555639), (8.575488, 15.1, 2.5871105), (8.510297, 15.1, 2.6135778), (8.454709, 15.1, 2.6361463), (8.406748, 15.1, 2.6556184), (8.364944, 15.1, 2.6725905), (14.884431, 15.06, 0.59320134), (11.8, 15.112221, 1.6162587), (10.728459, 15.1, 1.9574732), (10.081549, 15.1, 2.1669211), (9.665862, 15.1, 2.3015068), (9.376225, 15.1, 2.3952813), (9.162855, 15.1, 2.4643638), (8.99913, 15.1, 2.5173721), (8.869532, 15.1, 2.5593321), (8.764395, 15.1, 2.5933716), (8.677393, 15.1, 2.62154), (8.604205, 15.1, 2.6452358), (8.541784, 15.1, 2.6654458), (8.487917, 15.1, 2.6828864), (8.440957, 15.1, 2.6980903), (8.399656, 15.1, 2.7114618), (11.8, 15.17373, 1.9036468), (11.044671, 15.1, 2.071105), (10.33176, 15.1, 2.255102), (9.872842, 15.1, 2.3735452), (9.552702, 15.1, 2.4561708), (9.316659, 15.1, 2.5170915), (9.135423, 15.1, 2.563867), (8.991891, 15.1, 2.6009119), (8.875405, 15.1, 2.6309757), (8.77898, 15.1, 2.6558623), (8.697844, 15.1, 2.676803), (8.628628, 15.1, 2.6946673), (8.568884, 15.1, 2.7100866), (8.516793, 15.1, 2.7235308), (8.470973, 15.1, 2.7353566), (8.430356, 15.1, 2.7458396)]
                                color3f[] primvars:displayColor = [(0.9, 0.6, 0.1)] (
                                    interpolation = "constant"
                                )
                                float[] primvars:displayOpacity = [0.45] (
                                    interpolation = "constant"
                                )
                                token purpose = "guide"
                                token subdivisionScheme = "none"
                                token[] xformOpOrder = ["!resetXformStack!"]
                            }
                        }
                    }

                    over "sec_cam_door_elec_b"
                    {
                        over "Sensor_0"
                        {
                            def Mesh "Coverage_CriticalDoors" (
                                prepend apiSchemas = ["AecoDerivedGeometryAPI"]
                            )
                            {
                                token aeco:derived:approx = "tessellated"
                                token aeco:derived:role = "coverage"
                                string aeco:derived:source = "9659bb7a-bd71-5cfc-939e-0c7df304e336"
                                string aeco:derived:stamp = "aeco-cctv study 0.5.3"
                                bool doubleSided = 1
                                float3[] extent = [(67.2885, 15.06, -3.328141e-7), (71.85, 17.515076, 2.92)]
                                int[] faceVertexCounts = [4, 4, 4, 4, 4, 4, 4, 4, 4, 4, 4, 4, 4, 4, 4, 4, 4, 4, 4, 4, 4, 4, 4, 4, 4, 4, 4, 4, 4, 4, 4, 4, 4, 4, 4, 4, 4, 4, 4, 4, 4, 4, 4, 4, 4, 4, 4, 4, 4, 4, 4, 4, 4, 4, 4, 4, 4, 4, 4, 4, 4, 4, 4, 4, 4, 4, 4, 4, 4, 4, 4, 4, 4, 4, 4, 4, 4, 4, 4, 4, 4, 4, 4, 4, 4, 4, 4, 4, 4, 4, 4, 4, 4, 4, 4, 4, 4, 4, 4, 4, 4, 4, 4, 4, 4, 4, 4, 4, 4, 4, 4, 4, 4, 4, 4, 4, 4, 4, 4, 4, 4, 4, 4, 4, 4, 4, 4, 4, 4, 4, 4, 4, 4, 4, 4, 4, 4, 4, 4, 4, 4, 4, 4, 4, 4, 4, 4, 4, 4, 4, 4, 4, 4, 4, 4, 4, 4, 4, 4, 4, 4, 4, 4, 4, 4, 3, 3, 3, 3, 3, 3, 3, 3, 3, 3, 3, 3, 3, 3, 3, 3, 3, 3, 3, 3, 3, 3, 3, 3, 3, 3, 3, 3, 3, 3, 3, 3, 3, 3, 3, 3, 3, 3, 3, 3, 3, 3, 3, 3, 3, 3, 3, 3, 3, 3, 3, 3]
                                int[] faceVertexIndices = [1, 2, 18, 17, 2, 3, 19, 18, 3, 4, 20, 19, 4, 5, 21, 20, 5, 6, 22, 21, 6, 7, 23, 22, 7, 8, 24, 23, 8, 9, 25, 24, 9, 10, 26, 25, 10, 11, 27, 26, 11, 12, 28, 27, 12, 13, 29, 28, 13, 14, 30, 29, 14, 15, 31, 30, 15, 16, 32, 31, 17, 18, 34, 33, 18, 19, 35, 34, 19, 20, 36, 35, 20, 21, 37, 36, 21, 22, 38, 37, 22, 23, 39, 38, 23, 24, 40, 39, 24, 25, 41, 40, 25, 26, 42, 41, 26, 27, 43, 42, 27, 28, 44, 43, 28, 29, 45, 44, 29, 30, 46, 45, 30, 31, 47, 46, 31, 32, 48, 47, 33, 34, 50, 49, 34, 35, 51, 50, 35, 36, 52, 51, 36, 37, 53, 52, 37, 38, 54, 53, 38, 39, 55, 54, 39, 40, 56, 55, 40, 41, 57, 56, 41, 42, 58, 57, 42, 43, 59, 58, 43, 44, 60, 59, 44, 45, 61, 60, 45, 46, 62, 61, 46, 47, 63, 62, 47, 48, 64, 63, 49, 50, 66, 65, 50, 51, 67, 66, 51, 52, 68, 67, 52, 53, 69, 68, 53, 54, 70, 69, 54, 55, 71, 70, 55, 56, 72, 71, 56, 57, 73, 72, 57, 58, 74, 73, 58, 59, 75, 74, 59, 60, 76, 75, 60, 61, 77, 76, 61, 62, 78, 77, 62, 63, 79, 78, 63, 64, 80, 79, 65, 66, 82, 81, 66, 67, 83, 82, 67, 68, 84, 83, 68, 69, 85, 84, 69, 70, 86, 85, 70, 71, 87, 86, 71, 72, 88, 87, 72, 73, 89, 88, 73, 74, 90, 89, 74, 75, 91, 90, 75, 76, 92, 91, 76, 77, 93, 92, 77, 78, 94, 93, 78, 79, 95, 94, 79, 80, 96, 95, 81, 82, 98, 97, 82, 83, 99, 98, 83, 84, 100, 99, 84, 85, 101, 100, 85, 86, 102, 101, 86, 87, 103, 102, 87, 88, 104, 103, 88, 89, 105, 104, 89, 90, 106, 105, 90, 91, 107, 106, 91, 92, 108, 107, 92, 93, 109, 108, 93, 94, 110, 109, 94, 95, 111, 110, 95, 96, 112, 111, 97, 98, 114, 113, 98, 99, 115, 114, 99, 100, 116, 115, 100, 101, 117, 116, 101, 102, 118, 117, 102, 103, 119, 118, 103, 104, 120, 119, 104, 105, 121, 120, 105, 106, 122, 121, 106, 107, 123, 122, 107, 108, 124, 123, 108, 109, 125, 124, 109, 110, 126, 125, 110, 111, 127, 126, 111, 112, 128, 127, 113, 114, 130, 129, 114, 115, 131, 130, 115, 116, 132, 131, 116, 117, 133, 132, 117, 118, 134, 133, 118, 119, 135, 134, 119, 120, 136, 135, 120, 121, 137, 136, 121, 122, 138, 137, 122, 123, 139, 138, 123, 124, 140, 139, 124, 125, 141, 140, 125, 126, 142, 141, 126, 127, 143, 142, 127, 128, 144, 143, 129, 130, 146, 145, 130, 131, 147, 146, 131, 132, 148, 147, 132, 133, 149, 148, 133, 134, 150, 149, 134, 135, 151, 150, 135, 136, 152, 151, 136, 137, 153, 152, 137, 138, 154, 153, 138, 139, 155, 154, 139, 140, 156, 155, 140, 141, 157, 156, 141, 142, 158, 157, 142, 143, 159, 158, 143, 144, 160, 159, 145, 146, 162, 161, 146, 147, 163, 162, 147, 148, 164, 163, 148, 149, 165, 164, 149, 150, 166, 165, 150, 151, 167, 166, 151, 152, 168, 167, 152, 153, 169, 168, 153, 154, 170, 169, 154, 155, 171, 170, 155, 156, 172, 171, 156, 157, 173, 172, 157, 158, 174, 173, 158, 159, 175, 174, 159, 160, 176, 175, 161, 162, 178, 177, 162, 163, 179, 178, 163, 164, 180, 179, 164, 165, 181, 180, 165, 166, 182, 181, 166, 167, 183, 182, 167, 168, 184, 183, 168, 169, 185, 184, 169, 170, 186, 185, 170, 171, 187, 186, 171, 172, 188, 187, 172, 173, 189, 188, 173, 174, 190, 189, 174, 175, 191, 190, 175, 176, 192, 191, 0, 2, 1, 0, 3, 2, 0, 4, 3, 0, 5, 4, 0, 6, 5, 0, 7, 6, 0, 8, 7, 0, 9, 8, 0, 10, 9, 0, 11, 10, 0, 12, 11, 0, 13, 12, 0, 14, 13, 0, 15, 14, 0, 16, 15, 0, 177, 178, 0, 178, 179, 0, 179, 180, 0, 180, 181, 0, 181, 182, 0, 182, 183, 0, 183, 184, 0, 184, 185, 0, 185, 186, 0, 186, 187, 0, 187, 188, 0, 188, 189, 0, 189, 190, 0, 190, 191, 0, 191, 192, 0, 1, 17, 0, 17, 33, 0, 33, 49, 0, 49, 65, 0, 65, 81, 0, 81, 97, 0, 97, 113, 0, 113, 129, 0, 129, 145, 0, 145, 161, 0, 161, 177, 0, 32, 16, 0, 48, 32, 0, 64, 48, 0, 80, 64, 0, 96, 80, 0, 112, 96, 0, 128, 112, 0, 144, 128, 0, 160, 144, 0, 176, 160, 0, 192, 176]
                                point3f[] points = [(68.55, 15.65, 2.92), (70.74015, 17.515076, -1.7289076e-7), (70.42637, 17.297838, -7.554748e-8), (70.11258, 17.080603, -1.2447983e-7), (69.79879, 16.863365, 8.9410314e-8), (69.48501, 16.646128, 8.0095106e-8), (69.17122, 16.428892, -1.2562306e-7), (68.85744, 16.211655, -9.593376e-8), (68.54365, 15.994418, -1.28960265e-8), (68.22986, 15.777181, -1.28960265e-8), (67.91608, 15.559944, -9.593376e-8), (67.60229, 15.342708, -1.2562306e-7), (67.2885, 15.12547, 8.0095106e-8), (67.38197, 15.1, 0.75490093), (67.4666, 15.1, 1.2453469), (67.519966, 15.1, 1.5546342), (67.556694, 15.1, 1.7674888), (71.0249, 17.386253, 4.467294e-9), (70.69349, 17.156813, -9.342079e-8), (70.362076, 16.927374, 1.2519197e-7), (70.03066, 16.697933, 3.1090153e-7), (69.69925, 16.468493, 1.09915284e-7), (69.367836, 16.239054, -3.328141e-7), (69.03642, 16.009613, 6.0436705e-8), (68.70501, 15.780172, -2.2041677e-7), (68.3736, 15.550733, -2.2041677e-7), (68.04218, 15.321293, 6.0436705e-8), (67.72302, 15.1, 0.042628795), (67.7325, 15.1, 0.8808648), (67.7377, 15.1, 1.3408909), (67.74099, 15.1, 1.631561), (67.743256, 15.1, 1.8318578), (67.74491, 15.1, 1.978258), (71.34355, 17.242096, 2.0772543e-8), (70.99241, 16.999, -1.6235211e-7), (70.64127, 16.755905, 1.4299167e-7), (70.29013, 16.512808, 7.542135e-8), (69.938995, 16.269712, 1.01084176e-7), (69.58785, 16.026617, -3.3022335e-8), (69.23672, 15.783521, 3.7712635e-8), (68.885574, 15.540424, -3.260219e-8), (68.53444, 15.297329, -3.260219e-8), (68.18685, 15.06, 0.02827062), (68.07935, 15.1, 1.005507), (68.0066, 15.1, 1.4356579), (67.96054, 15.1, 1.7079768), (67.928764, 15.1, 1.8958654), (67.90552, 15.1, 2.0333192), (67.88777, 15.1, 2.1382427), (71.70252, 17.079695, -2.499073e-7), (71.32916, 16.821213, -1.1282037e-7), (70.9558, 16.562733, -1.7352541e-7), (70.58244, 16.304253, 1.8956658e-7), (70.20908, 16.045773, -3.0139714e-7), (69.835724, 15.7872925, -2.8625564e-7), (69.462364, 15.528812, -1.5440861e-8), (69.089005, 15.270331, 1.9022444e-7), (68.70314, 15.06, 0.22031856), (68.413315, 15.06, 0.9985832), (68.2532, 15.06, 1.4285412), (68.15164, 15.06, 1.7012602), (68.1, 15.08332, 1.9303836), (68.06535, 15.1, 2.0881138), (68.02877, 15.1, 2.1863427), (67.999916, 15.1, 2.263824), (71.85, 16.804392, 0.21326666), (71.71142, 16.619404, -3.164703e-8), (71.312836, 16.34346, -1.106463e-7), (70.91425, 16.067516, 2.0326499e-7), (70.51566, 15.791574, -2.1292084e-7), (70.11708, 15.515631, -2.1767444e-7), (69.7185, 15.239687, -1.18736935e-7), (69.21192, 15.06, 0.4095713), (68.77769, 15.06, 1.129522), (68.53701, 15.06, 1.5285635), (68.38406, 15.06, 1.7821537), (68.27827, 15.06, 1.9575592), (68.22441, 15.1, 2.1426435), (68.16917, 15.1, 2.234238), (68.12557, 15.1, 2.3065226), (68.09029, 15.1, 2.3650217), (71.85, 16.497662, 0.52687913), (71.85, 16.326994, 0.24264656), (71.7216, 16.092413, -2.97812e-7), (71.29414, 15.796475, 4.715687e-8), (70.86668, 15.500539, 1.7940765e-8), (70.43922, 15.204601, -1.6394809e-7), (69.71335, 15.06, 0.59608936), (69.1383, 15.06, 1.2591081), (68.81854, 15.06, 1.627782), (68.61495, 15.06, 1.8625153), (68.47396, 15.06, 2.025079), (68.382706, 15.1, 2.1969101), (68.30897, 15.1, 2.281929), (68.25075, 15.1, 2.3490586), (68.203606, 15.1, 2.403408), (68.164665, 15.1, 2.4483094), (71.85, 16.221146, 0.8096001), (71.85, 16.028786, 0.57267725), (71.85, 15.787771, 0.2758309), (71.73338, 15.4830885, -2.774642e-8), (71.27253, 15.164034, 9.832516e-8), (70.0952, 15.1, 0.92502135), (69.4952, 15.06, 1.3873631), (69.09782, 15.06, 1.7262064), (68.84434, 15.06, 1.9423503), (68.66053, 15.1, 2.1483448), (68.54024, 15.1, 2.2509155), (68.44817, 15.1, 2.3294177), (68.37544, 15.1, 2.391433), (68.316536, 15.1, 2.441662), (68.26785, 15.1, 2.4831731), (68.226944, 15.1, 2.5180547), (71.85, 15.97059, 1.0657786), (71.85, 15.761552, 0.868427), (71.85, 15.502715, 0.62406105), (71.8, 15.181094, 0.3530982), (70.54936, 15.1, 1.0939585), (69.84846, 15.06, 1.5143071), (69.37487, 15.06, 1.8238463), (69.07221, 15.06, 2.0216637), (68.840935, 15.1, 2.2105913), (68.697014, 15.1, 2.3046618), (68.586784, 15.1, 2.376705), (68.499664, 15.1, 2.4336467), (68.42908, 15.1, 2.4797847), (68.37072, 15.1, 2.5179276), (68.32167, 15.1, 2.5499876), (68.27986, 15.1, 2.5773125), (71.85, 15.742501, 1.298986), (71.85, 15.520705, 1.1349733), (71.85, 15.248976, 0.9340353), (70.9971, 15.1, 1.2605064), (70.08639, 15.1, 1.7267426), (69.64973, 15.06, 1.9207112), (69.247856, 15.1, 2.1560228), (69.020355, 15.1, 2.2724943), (68.853035, 15.1, 2.3581507), (68.724815, 15.1, 2.4237924), (68.62342, 15.1, 2.4757004), (68.54123, 15.1, 2.517777), (68.47327, 15.1, 2.5525732), (68.416115, 15.1, 2.5818286), (68.3674, 15.1, 2.6067686), (68.32538, 15.1, 2.6282828), (71.85, 15.533988, 1.5121785), (71.85, 15.302523, 1.3764384), (71.43855, 15.1, 1.4247154), (70.40905, 15.1, 1.8426915), (69.9, 15.069633, 2.0315547), (69.45754, 15.1, 2.2290008), (69.19878, 15.1, 2.3340569), (69.008316, 15.1, 2.411384), (68.86226, 15.1, 2.470681), (68.74671, 15.1, 2.5175953), (68.65301, 15.1, 2.555639), (68.575485, 15.1, 2.5871105), (68.5103, 15.1, 2.6135778), (68.45471, 15.1, 2.6361463), (68.406746, 15.1, 2.6556184), (68.364944, 15.1, 2.6725905), (71.85, 15.342633, 1.7078272), (71.8, 15.112221, 1.6162587), (70.72846, 15.1, 1.9574732), (70.08155, 15.1, 2.1669211), (69.66586, 15.1, 2.3015068), (69.37623, 15.1, 2.3952813), (69.16286, 15.1, 2.4643638), (68.99913, 15.1, 2.5173721), (68.86953, 15.1, 2.5593321), (68.7644, 15.1, 2.5933716), (68.67739, 15.1, 2.62154), (68.6042, 15.1, 2.6452358), (68.54179, 15.1, 2.6654458), (68.487915, 15.1, 2.6828864), (68.440956, 15.1, 2.6980903), (68.39966, 15.1, 2.7114618), (71.8, 15.17373, 1.9036468), (71.04467, 15.1, 2.071105), (70.33176, 15.1, 2.255102), (69.87284, 15.1, 2.3735454), (69.552704, 15.1, 2.4561708), (69.31666, 15.1, 2.5170915), (69.13542, 15.1, 2.563867), (68.99189, 15.1, 2.6009119), (68.875404, 15.1, 2.6309757), (68.77898, 15.1, 2.6558623), (68.697845, 15.1, 2.676803), (68.628624, 15.1, 2.6946673), (68.568886, 15.1, 2.7100866), (68.51679, 15.1, 2.7235308), (68.47097, 15.1, 2.7353566), (68.43036, 15.1, 2.7458396)]
                                color3f[] primvars:displayColor = [(0.9, 0.6, 0.1)] (
                                    interpolation = "constant"
                                )
                                float[] primvars:displayOpacity = [0.45] (
                                    interpolation = "constant"
                                )
                                token purpose = "guide"
                                token subdivisionScheme = "none"
                                token[] xformOpOrder = ["!resetXformStack!"]
                            }
                        }
                    }

                    over "sec_cam_door_hall_a_s"
                    {
                        over "Sensor_0"
                        {
                            def Mesh "Coverage_CriticalDoors" (
                                prepend apiSchemas = ["AecoDerivedGeometryAPI"]
                            )
                            {
                                token aeco:derived:approx = "tessellated"
                                token aeco:derived:role = "coverage"
                                string aeco:derived:source = "ebb5fb2b-745a-56a9-b089-d5d95c593514"
                                string aeco:derived:stamp = "aeco-cctv study 0.5.3"
                                bool doubleSided = 1
                                float3[] extent = [(2.505581, 15.484924, -3.328141e-7), (9.711498, 18.025, 2.92)]
                                int[] faceVertexCounts = [4, 4, 4, 4, 4, 4, 4, 4, 4, 4, 4, 4, 4, 4, 4, 4, 4, 4, 4, 4, 4, 4, 4, 4, 4, 4, 4, 4, 4, 4, 4, 4, 4, 4, 4, 4, 4, 4, 4, 4, 4, 4, 4, 4, 4, 4, 4, 4, 4, 4, 4, 4, 4, 4, 4, 4, 4, 4, 4, 4, 4, 4, 4, 4, 4, 4, 4, 4, 4, 4, 4, 4, 4, 4, 4, 4, 4, 4, 4, 4, 4, 4, 4, 4, 4, 4, 4, 4, 4, 4, 4, 4, 4, 4, 4, 4, 4, 4, 4, 4, 4, 4, 4, 4, 4, 4, 4, 4, 4, 4, 4, 4, 4, 4, 4, 4, 4, 4, 4, 4, 4, 4, 4, 4, 4, 4, 4, 4, 4, 4, 4, 4, 4, 4, 4, 4, 4, 4, 4, 4, 4, 4, 4, 4, 4, 4, 4, 4, 4, 4, 4, 4, 4, 4, 4, 4, 4, 4, 4, 4, 4, 4, 4, 4, 4, 3, 3, 3, 3, 3, 3, 3, 3, 3, 3, 3, 3, 3, 3, 3, 3, 3, 3, 3, 3, 3, 3, 3, 3, 3, 3, 3, 3, 3, 3, 3, 3, 3, 3, 3, 3, 3, 3, 3, 3, 3, 3, 3, 3, 3, 3, 3, 3, 3, 3, 3, 3]
                                int[] faceVertexIndices = [1, 2, 18, 17, 2, 3, 19, 18, 3, 4, 20, 19, 4, 5, 21, 20, 5, 6, 22, 21, 6, 7, 23, 22, 7, 8, 24, 23, 8, 9, 25, 24, 9, 10, 26, 25, 10, 11, 27, 26, 11, 12, 28, 27, 12, 13, 29, 28, 13, 14, 30, 29, 14, 15, 31, 30, 15, 16, 32, 31, 17, 18, 34, 33, 18, 19, 35, 34, 19, 20, 36, 35, 20, 21, 37, 36, 21, 22, 38, 37, 22, 23, 39, 38, 23, 24, 40, 39, 24, 25, 41, 40, 25, 26, 42, 41, 26, 27, 43, 42, 27, 28, 44, 43, 28, 29, 45, 44, 29, 30, 46, 45, 30, 31, 47, 46, 31, 32, 48, 47, 33, 34, 50, 49, 34, 35, 51, 50, 35, 36, 52, 51, 36, 37, 53, 52, 37, 38, 54, 53, 38, 39, 55, 54, 39, 40, 56, 55, 40, 41, 57, 56, 41, 42, 58, 57, 42, 43, 59, 58, 43, 44, 60, 59, 44, 45, 61, 60, 45, 46, 62, 61, 46, 47, 63, 62, 47, 48, 64, 63, 49, 50, 66, 65, 50, 51, 67, 66, 51, 52, 68, 67, 52, 53, 69, 68, 53, 54, 70, 69, 54, 55, 71, 70, 55, 56, 72, 71, 56, 57, 73, 72, 57, 58, 74, 73, 58, 59, 75, 74, 59, 60, 76, 75, 60, 61, 77, 76, 61, 62, 78, 77, 62, 63, 79, 78, 63, 64, 80, 79, 65, 66, 82, 81, 66, 67, 83, 82, 67, 68, 84, 83, 68, 69, 85, 84, 69, 70, 86, 85, 70, 71, 87, 86, 71, 72, 88, 87, 72, 73, 89, 88, 73, 74, 90, 89, 74, 75, 91, 90, 75, 76, 92, 91, 76, 77, 93, 92, 77, 78, 94, 93, 78, 79, 95, 94, 79, 80, 96, 95, 81, 82, 98, 97, 82, 83, 99, 98, 83, 84, 100, 99, 84, 85, 101, 100, 85, 86, 102, 101, 86, 87, 103, 102, 87, 88, 104, 103, 88, 89, 105, 104, 89, 90, 106, 105, 90, 91, 107, 106, 91, 92, 108, 107, 92, 93, 109, 108, 93, 94, 110, 109, 94, 95, 111, 110, 95, 96, 112, 111, 97, 98, 114, 113, 98, 99, 115, 114, 99, 100, 116, 115, 100, 101, 117, 116, 101, 102, 118, 117, 102, 103, 119, 118, 103, 104, 120, 119, 104, 105, 121, 120, 105, 106, 122, 121, 106, 107, 123, 122, 107, 108, 124, 123, 108, 109, 125, 124, 109, 110, 126, 125, 110, 111, 127, 126, 111, 112, 128, 127, 113, 114, 130, 129, 114, 115, 131, 130, 115, 116, 132, 131, 116, 117, 133, 132, 117, 118, 134, 133, 118, 119, 135, 134, 119, 120, 136, 135, 120, 121, 137, 136, 121, 122, 138, 137, 122, 123, 139, 138, 123, 124, 140, 139, 124, 125, 141, 140, 125, 126, 142, 141, 126, 127, 143, 142, 127, 128, 144, 143, 129, 130, 146, 145, 130, 131, 147, 146, 131, 132, 148, 147, 132, 133, 149, 148, 133, 134, 150, 149, 134, 135, 151, 150, 135, 136, 152, 151, 136, 137, 153, 152, 137, 138, 154, 153, 138, 139, 155, 154, 139, 140, 156, 155, 140, 141, 157, 156, 141, 142, 158, 157, 142, 143, 159, 158, 143, 144, 160, 159, 145, 146, 162, 161, 146, 147, 163, 162, 147, 148, 164, 163, 148, 149, 165, 164, 149, 150, 166, 165, 150, 151, 167, 166, 151, 152, 168, 167, 152, 153, 169, 168, 153, 154, 170, 169, 154, 155, 171, 170, 155, 156, 172, 171, 156, 157, 173, 172, 157, 158, 174, 173, 158, 159, 175, 174, 159, 160, 176, 175, 161, 162, 178, 177, 162, 163, 179, 178, 163, 164, 180, 179, 164, 165, 181, 180, 165, 166, 182, 181, 166, 167, 183, 182, 167, 168, 184, 183, 168, 169, 185, 184, 169, 170, 186, 185, 170, 171, 187, 186, 171, 172, 188, 187, 172, 173, 189, 188, 173, 174, 190, 189, 174, 175, 191, 190, 175, 176, 192, 191, 0, 2, 1, 0, 3, 2, 0, 4, 3, 0, 5, 4, 0, 6, 5, 0, 7, 6, 0, 8, 7, 0, 9, 8, 0, 10, 9, 0, 11, 10, 0, 12, 11, 0, 13, 12, 0, 14, 13, 0, 15, 14, 0, 16, 15, 0, 177, 178, 0, 178, 179, 0, 179, 180, 0, 180, 181, 0, 181, 182, 0, 182, 183, 0, 183, 184, 0, 184, 185, 0, 185, 186, 0, 186, 187, 0, 187, 188, 0, 188, 189, 0, 189, 190, 0, 190, 191, 0, 191, 192, 0, 1, 17, 0, 17, 33, 0, 33, 49, 0, 49, 65, 0, 65, 81, 0, 81, 97, 0, 97, 113, 0, 113, 129, 0, 129, 145, 0, 145, 161, 0, 161, 177, 0, 32, 16, 0, 48, 32, 0, 64, 48, 0, 80, 64, 0, 96, 80, 0, 112, 96, 0, 128, 112, 0, 144, 128, 0, 160, 144, 0, 176, 160, 0, 192, 176]
                                point3f[] points = [(8.45, 17.35, 2.92), (6.2598467, 15.484924, -1.7289078e-7), (6.573633, 15.702162, -7.554748e-8), (6.8874197, 15.919398, -1.2447983e-7), (7.201206, 16.136635, 8.9410314e-8), (7.5149927, 16.353872, 8.0095106e-8), (7.828779, 16.571108, -1.2562306e-7), (8.142566, 16.788345, -9.593376e-8), (8.456352, 17.005583, -1.28960265e-8), (8.770139, 17.222818, -1.28960265e-8), (9.083925, 17.440056, -9.593376e-8), (9.397712, 17.657293, -1.2562306e-7), (9.711498, 17.874529, 8.0095106e-8), (9.618031, 17.9, 0.75490093), (9.533404, 17.9, 1.2453469), (9.480037, 17.9, 1.5546342), (9.443309, 17.9, 1.7674887), (5.975097, 15.613747, 4.467294e-9), (6.3065104, 15.843186, -9.342079e-8), (6.637924, 16.072626, 1.2519197e-7), (6.9693375, 16.302067, 3.1090153e-7), (7.3007507, 16.531507, 1.09915284e-7), (7.6321645, 16.760946, -3.328141e-7), (7.9635777, 16.990387, 6.0436705e-8), (8.2949915, 17.219828, -2.2041677e-7), (8.626405, 17.449268, -2.2041677e-7), (8.957818, 17.678707, 6.0436705e-8), (9.276979, 17.9, 0.04262857), (9.267501, 17.9, 0.88086456), (9.22, 17.871359, 1.42312), (9.259012, 17.9, 1.631561), (9.256748, 17.9, 1.8318577), (9.255093, 17.9, 1.978258), (5.6564517, 15.757903, 2.0772543e-8), (6.0075903, 16.001, -1.6235211e-7), (6.3587294, 16.244095, 1.4299167e-7), (6.709868, 16.487192, 7.542135e-8), (7.0610065, 16.730288, 1.01084176e-7), (7.412145, 16.973383, -3.3022335e-8), (7.7632837, 17.21648, 3.7712635e-8), (8.114422, 17.459576, -3.260219e-8), (8.465561, 17.702671, -3.260219e-8), (8.816699, 17.945766, 3.7712635e-8), (8.92065, 17.9, 1.005507), (8.9934, 17.9, 1.4356579), (9.039456, 17.9, 1.7079767), (9.071234, 17.9, 1.8958654), (9.0944805, 17.9, 2.0333195), (9.1122265, 17.9, 2.1382427), (5.2974753, 15.920306, -2.499073e-7), (5.670836, 16.178787, -1.1282037e-7), (6.044196, 16.437267, -1.7352541e-7), (6.4175572, 16.695747, 1.8956658e-7), (6.7909174, 16.954227, -3.0139714e-7), (7.1642776, 17.212708, -2.8625564e-7), (7.537638, 17.471188, -1.5440861e-8), (7.910999, 17.729668, 1.9022444e-7), (8.284359, 17.988148, 1.9022444e-7), (8.606375, 18.025, 0.72176874), (8.789559, 18.025, 1.2136697), (8.885497, 17.995, 1.5876461), (8.9, 17.916676, 1.930394), (8.9346485, 17.9, 2.0881138), (8.971229, 17.9, 2.1863427), (9.000083, 17.9, 2.263824), (4.8899937, 16.104652, -2.7734924e-7), (5.288579, 16.380596, -3.164703e-8), (5.687164, 16.65654, -1.106463e-7), (6.085749, 16.932484, 2.0326499e-7), (6.4843335, 17.208426, -2.1292084e-7), (6.8829184, 17.48437, -2.1767444e-7), (7.281503, 17.760313, -1.18736935e-7), (7.6927176, 18.025, 0.047898933), (8.1895075, 18.025, 0.87157124), (8.46486, 18.025, 1.328102), (8.639846, 18.025, 1.6182264), (8.760882, 18.025, 1.8189023), (8.775588, 17.9, 2.1426435), (8.8308325, 17.9, 2.234238), (8.87443, 17.9, 2.3065226), (8.909714, 17.9, 2.3650217), (4.423464, 16.315714, -1.0688755e-7), (4.850929, 16.61165, -3.3420413e-9), (5.278393, 16.907587, -2.97812e-7), (5.7058578, 17.203526, 4.715687e-8), (6.1333222, 17.499462, 1.7940765e-8), (6.5607867, 17.795399, -1.6394809e-7), (7.15, 18.009304, 0.32311043), (7.7769456, 18.025, 1.0198267), (8.14277, 18.025, 1.4416145), (8.375689, 18.025, 1.7101656), (8.536996, 18.025, 1.8961495), (8.617295, 17.9, 2.1969101), (8.691033, 17.9, 2.281929), (8.749256, 17.9, 2.3490586), (8.796394, 17.9, 2.4034078), (8.835338, 17.9, 2.4483092), (3.8840473, 16.559748, -9.664778e-8), (4.344904, 16.878803, 8.330913e-8), (4.80576, 17.197857, -5.339295e-8), (5.2666163, 17.51691, -2.774642e-8), (5.9289694, 17.8, 0.21611226), (6.9047995, 17.9, 0.92502135), (7.3686223, 18.025, 1.166559), (7.8232565, 18.025, 1.5542188), (8.113262, 18.025, 1.8015021), (8.339472, 17.9, 2.1483448), (8.459764, 17.9, 2.2509155), (8.551828, 17.9, 2.3294175), (8.6245575, 17.9, 2.391433), (8.683465, 17.9, 2.441662), (8.732147, 17.9, 2.4831731), (8.773055, 17.9, 2.5180547), (3.2532165, 16.84514, 1.0273344e-7), (3.7531226, 17.191229, -3.137699e-7), (4.25303, 17.53732, -4.3747697e-8), (4.752937, 17.883408, 2.6217572e-7), (6.4506364, 17.9, 1.0939585), (7.1000004, 17.963417, 1.4585117), (7.5062904, 18.025, 1.6659257), (7.85255, 18.025, 1.892242), (8.159062, 17.9, 2.2105913), (8.302988, 17.9, 2.3046618), (8.413213, 17.9, 2.376705), (8.500333, 17.9, 2.4336467), (8.570923, 17.9, 2.4797847), (8.629281, 17.9, 2.5179276), (8.678332, 17.9, 2.5499876), (8.720139, 17.9, 2.5773125), (2.505581, 17.183374, -1.2927468e-7), (3.051769, 17.561504, 8.323301e-8), (3.7183862, 17.925, 0.07247554), (6.2000003, 17.8557, 1.3941709), (6.9136124, 17.9, 1.7267425), (7.1918406, 18.025, 1.7767456), (7.75214, 17.9, 2.1560228), (7.979648, 17.9, 2.2724943), (8.146964, 17.9, 2.3581507), (8.275184, 17.9, 2.4237924), (8.376577, 17.9, 2.4757004), (8.458767, 17.9, 2.517777), (8.526736, 17.9, 2.5525732), (8.583881, 17.9, 2.5818286), (8.632598, 17.9, 2.6067686), (8.674622, 17.9, 2.6282828), (8.3, 17.355274, 2.8560083), (2.989231, 17.925, 0.36574385), (6.086641, 17.8, 1.6965868), (6.5909524, 17.9, 1.8426915), (7.1000004, 17.930368, 2.0315537), (7.542461, 17.9, 2.2290008), (7.8012214, 17.9, 2.3340569), (7.9916844, 17.9, 2.411384), (8.137737, 17.9, 2.470681), (8.253291, 17.9, 2.5175953), (8.346995, 17.9, 2.555639), (8.424512, 17.9, 2.5871105), (8.489703, 17.9, 2.6135778), (8.545291, 17.9, 2.6361463), (8.593252, 17.9, 2.6556184), (8.635056, 17.9, 2.6725905), (8.3, 17.363972, 2.8649013), (8.3, 17.37482, 2.8598275), (8.3, 17.38787, 2.8537245), (6.9184513, 17.9, 2.1669211), (7.3341384, 17.9, 2.3015068), (7.623774, 17.9, 2.3952813), (7.8371453, 17.9, 2.4643638), (8.00087, 17.9, 2.5173721), (8.130468, 17.9, 2.5593321), (8.235605, 17.9, 2.5933716), (8.322607, 17.9, 2.62154), (8.395795, 17.9, 2.6452358), (8.458216, 17.9, 2.6654458), (8.512083, 17.9, 2.6828864), (8.559043, 17.9, 2.6980903), (8.600344, 17.9, 2.7114618), (8.3, 17.371983, 2.8730915), (8.3, 17.38307, 2.8689578), (8.3, 17.396303, 2.8640246), (8.3, 17.412365, 2.8580365), (8.3, 17.432278, 2.8506134), (7.683341, 17.9, 2.5170915), (7.864577, 17.9, 2.5638673), (8.008109, 17.9, 2.6009119), (8.124595, 17.9, 2.6309757), (8.22102, 17.9, 2.6558623), (8.302156, 17.9, 2.676803), (8.371372, 17.9, 2.6946673), (8.431116, 17.9, 2.7100866), (8.483207, 17.9, 2.7235308), (8.529027, 17.9, 2.7353566), (8.569644, 17.9, 2.7458396)]
                                color3f[] primvars:displayColor = [(0.9, 0.6, 0.1)] (
                                    interpolation = "constant"
                                )
                                float[] primvars:displayOpacity = [0.45] (
                                    interpolation = "constant"
                                )
                                token purpose = "guide"
                                token subdivisionScheme = "none"
                                token[] xformOpOrder = ["!resetXformStack!"]
                            }
                        }
                    }

                    over "sec_cam_door_hall_b_s"
                    {
                        over "Sensor_0"
                        {
                            def Mesh "Coverage_CriticalDoors" (
                                prepend apiSchemas = ["AecoDerivedGeometryAPI"]
                            )
                            {
                                token aeco:derived:approx = "tessellated"
                                token aeco:derived:role = "coverage"
                                string aeco:derived:source = "eecb40ab-3b50-5217-8489-8fed04a3483c"
                                string aeco:derived:stamp = "aeco-cctv study 0.5.3"
                                bool doubleSided = 1
                                float3[] extent = [(38.605392, 15.484924, -3.328141e-7), (46.7115, 18.025, 2.92)]
                                int[] faceVertexCounts = [4, 4, 4, 4, 4, 4, 4, 4, 4, 4, 4, 4, 4, 4, 4, 4, 4, 4, 4, 4, 4, 4, 4, 4, 4, 4, 4, 4, 4, 4, 4, 4, 4, 4, 4, 4, 4, 4, 4, 4, 4, 4, 4, 4, 4, 4, 4, 4, 4, 4, 4, 4, 4, 4, 4, 4, 4, 4, 4, 4, 4, 4, 4, 4, 4, 4, 4, 4, 4, 4, 4, 4, 4, 4, 4, 4, 4, 4, 4, 4, 4, 4, 4, 4, 4, 4, 4, 4, 4, 4, 4, 4, 4, 4, 4, 4, 4, 4, 4, 4, 4, 4, 4, 4, 4, 4, 4, 4, 4, 4, 4, 4, 4, 4, 4, 4, 4, 4, 4, 4, 4, 4, 4, 4, 4, 4, 4, 4, 4, 4, 4, 4, 4, 4, 4, 4, 4, 4, 4, 4, 4, 4, 4, 4, 4, 4, 4, 4, 4, 4, 4, 4, 4, 4, 4, 4, 4, 4, 4, 4, 4, 4, 4, 4, 4, 3, 3, 3, 3, 3, 3, 3, 3, 3, 3, 3, 3, 3, 3, 3, 3, 3, 3, 3, 3, 3, 3, 3, 3, 3, 3, 3, 3, 3, 3, 3, 3, 3, 3, 3, 3, 3, 3, 3, 3, 3, 3, 3, 3, 3, 3, 3, 3, 3, 3, 3, 3]
                                int[] faceVertexIndices = [1, 2, 18, 17, 2, 3, 19, 18, 3, 4, 20, 19, 4, 5, 21, 20, 5, 6, 22, 21, 6, 7, 23, 22, 7, 8, 24, 23, 8, 9, 25, 24, 9, 10, 26, 25, 10, 11, 27, 26, 11, 12, 28, 27, 12, 13, 29, 28, 13, 14, 30, 29, 14, 15, 31, 30, 15, 16, 32, 31, 17, 18, 34, 33, 18, 19, 35, 34, 19, 20, 36, 35, 20, 21, 37, 36, 21, 22, 38, 37, 22, 23, 39, 38, 23, 24, 40, 39, 24, 25, 41, 40, 25, 26, 42, 41, 26, 27, 43, 42, 27, 28, 44, 43, 28, 29, 45, 44, 29, 30, 46, 45, 30, 31, 47, 46, 31, 32, 48, 47, 33, 34, 50, 49, 34, 35, 51, 50, 35, 36, 52, 51, 36, 37, 53, 52, 37, 38, 54, 53, 38, 39, 55, 54, 39, 40, 56, 55, 40, 41, 57, 56, 41, 42, 58, 57, 42, 43, 59, 58, 43, 44, 60, 59, 44, 45, 61, 60, 45, 46, 62, 61, 46, 47, 63, 62, 47, 48, 64, 63, 49, 50, 66, 65, 50, 51, 67, 66, 51, 52, 68, 67, 52, 53, 69, 68, 53, 54, 70, 69, 54, 55, 71, 70, 55, 56, 72, 71, 56, 57, 73, 72, 57, 58, 74, 73, 58, 59, 75, 74, 59, 60, 76, 75, 60, 61, 77, 76, 61, 62, 78, 77, 62, 63, 79, 78, 63, 64, 80, 79, 65, 66, 82, 81, 66, 67, 83, 82, 67, 68, 84, 83, 68, 69, 85, 84, 69, 70, 86, 85, 70, 71, 87, 86, 71, 72, 88, 87, 72, 73, 89, 88, 73, 74, 90, 89, 74, 75, 91, 90, 75, 76, 92, 91, 76, 77, 93, 92, 77, 78, 94, 93, 78, 79, 95, 94, 79, 80, 96, 95, 81, 82, 98, 97, 82, 83, 99, 98, 83, 84, 100, 99, 84, 85, 101, 100, 85, 86, 102, 101, 86, 87, 103, 102, 87, 88, 104, 103, 88, 89, 105, 104, 89, 90, 106, 105, 90, 91, 107, 106, 91, 92, 108, 107, 92, 93, 109, 108, 93, 94, 110, 109, 94, 95, 111, 110, 95, 96, 112, 111, 97, 98, 114, 113, 98, 99, 115, 114, 99, 100, 116, 115, 100, 101, 117, 116, 101, 102, 118, 117, 102, 103, 119, 118, 103, 104, 120, 119, 104, 105, 121, 120, 105, 106, 122, 121, 106, 107, 123, 122, 107, 108, 124, 123, 108, 109, 125, 124, 109, 110, 126, 125, 110, 111, 127, 126, 111, 112, 128, 127, 113, 114, 130, 129, 114, 115, 131, 130, 115, 116, 132, 131, 116, 117, 133, 132, 117, 118, 134, 133, 118, 119, 135, 134, 119, 120, 136, 135, 120, 121, 137, 136, 121, 122, 138, 137, 122, 123, 139, 138, 123, 124, 140, 139, 124, 125, 141, 140, 125, 126, 142, 141, 126, 127, 143, 142, 127, 128, 144, 143, 129, 130, 146, 145, 130, 131, 147, 146, 131, 132, 148, 147, 132, 133, 149, 148, 133, 134, 150, 149, 134, 135, 151, 150, 135, 136, 152, 151, 136, 137, 153, 152, 137, 138, 154, 153, 138, 139, 155, 154, 139, 140, 156, 155, 140, 141, 157, 156, 141, 142, 158, 157, 142, 143, 159, 158, 143, 144, 160, 159, 145, 146, 162, 161, 146, 147, 163, 162, 147, 148, 164, 163, 148, 149, 165, 164, 149, 150, 166, 165, 150, 151, 167, 166, 151, 152, 168, 167, 152, 153, 169, 168, 153, 154, 170, 169, 154, 155, 171, 170, 155, 156, 172, 171, 156, 157, 173, 172, 157, 158, 174, 173, 158, 159, 175, 174, 159, 160, 176, 175, 161, 162, 178, 177, 162, 163, 179, 178, 163, 164, 180, 179, 164, 165, 181, 180, 165, 166, 182, 181, 166, 167, 183, 182, 167, 168, 184, 183, 168, 169, 185, 184, 169, 170, 186, 185, 170, 171, 187, 186, 171, 172, 188, 187, 172, 173, 189, 188, 173, 174, 190, 189, 174, 175, 191, 190, 175, 176, 192, 191, 0, 2, 1, 0, 3, 2, 0, 4, 3, 0, 5, 4, 0, 6, 5, 0, 7, 6, 0, 8, 7, 0, 9, 8, 0, 10, 9, 0, 11, 10, 0, 12, 11, 0, 13, 12, 0, 14, 13, 0, 15, 14, 0, 16, 15, 0, 177, 178, 0, 178, 179, 0, 179, 180, 0, 180, 181, 0, 181, 182, 0, 182, 183, 0, 183, 184, 0, 184, 185, 0, 185, 186, 0, 186, 187, 0, 187, 188, 0, 188, 189, 0, 189, 190, 0, 190, 191, 0, 191, 192, 0, 1, 17, 0, 17, 33, 0, 33, 49, 0, 49, 65, 0, 65, 81, 0, 81, 97, 0, 97, 113, 0, 113, 129, 0, 129, 145, 0, 145, 161, 0, 161, 177, 0, 32, 16, 0, 48, 32, 0, 64, 48, 0, 80, 64, 0, 96, 80, 0, 112, 96, 0, 128, 112, 0, 144, 128, 0, 160, 144, 0, 176, 160, 0, 192, 176]
                                point3f[] points = [(45.45, 17.35, 2.92), (43.259846, 15.484924, -1.7289078e-7), (43.573635, 15.702162, -7.554748e-8), (43.88742, 15.919398, -1.2447983e-7), (44.201206, 16.136635, 8.9410314e-8), (44.51499, 16.353872, 8.0095106e-8), (44.82878, 16.571108, -1.2562306e-7), (45.142567, 16.788345, -9.593376e-8), (45.456352, 17.005583, -1.28960265e-8), (45.770138, 17.222818, -1.28960265e-8), (46.083927, 17.440056, -9.593376e-8), (46.397713, 17.657293, -1.2562306e-7), (46.7115, 17.874529, 8.0095106e-8), (46.61803, 17.9, 0.7549007), (46.533405, 17.9, 1.2453469), (46.480038, 17.9, 1.5546343), (46.44331, 17.9, 1.7674887), (42.975098, 15.613747, 4.467294e-9), (43.30651, 15.843186, -9.342079e-8), (43.637924, 16.072626, 1.2519197e-7), (43.969337, 16.302067, 3.1090153e-7), (44.30075, 16.531507, 1.09915284e-7), (44.632164, 16.760946, -3.328141e-7), (44.963577, 16.990387, 6.0436705e-8), (45.29499, 17.219828, -2.2041677e-7), (45.626404, 17.449268, -2.2041677e-7), (45.957817, 17.678707, 6.0436705e-8), (46.27698, 17.9, 0.04262857), (46.2675, 17.9, 0.88086456), (46.22, 17.871359, 1.42312), (46.259014, 17.9, 1.6315609), (46.25675, 17.9, 1.8318576), (46.255093, 17.9, 1.978258), (42.656452, 15.757903, 2.0772543e-8), (43.00759, 16.001, -1.6235211e-7), (43.35873, 16.244095, 1.4299167e-7), (43.70987, 16.487192, 7.542135e-8), (44.061005, 16.730288, 1.01084176e-7), (44.412144, 16.973383, -3.3022335e-8), (44.763283, 17.21648, 3.7712635e-8), (45.11442, 17.459576, -3.260219e-8), (45.46556, 17.702671, -3.260219e-8), (45.8167, 17.945766, 3.7712635e-8), (45.92065, 17.9, 1.0055069), (45.9934, 17.9, 1.4356577), (46.039455, 17.9, 1.7079766), (46.07123, 17.9, 1.8958654), (46.094482, 17.9, 2.0333192), (46.112225, 17.9, 2.1382427), (42.297474, 15.920306, -2.499073e-7), (42.670837, 16.178787, -1.1282037e-7), (43.044197, 16.437267, -1.7352541e-7), (43.417557, 16.695747, 1.8956658e-7), (43.790916, 16.954227, -3.0139714e-7), (44.164276, 17.212708, -2.8625564e-7), (44.53764, 17.471188, -1.5440861e-8), (44.911, 17.729668, 1.9022444e-7), (45.28436, 17.988148, 1.9022444e-7), (45.606377, 18.025, 0.7217685), (45.78956, 18.025, 1.2136697), (45.885498, 17.995, 1.5876462), (45.9, 17.916676, 1.9303919), (45.934647, 17.9, 2.0881138), (45.97123, 17.9, 2.1863427), (46.000084, 17.9, 2.263824), (41.889996, 16.104652, -2.7734924e-7), (42.288578, 16.380596, -3.164703e-8), (42.687164, 16.65654, -1.106463e-7), (43.08575, 16.932484, 2.0326499e-7), (43.484333, 17.208426, -2.1292084e-7), (43.88292, 17.48437, -2.1767444e-7), (44.2815, 17.760313, -1.18736935e-7), (44.69272, 18.025, 0.047898933), (45.189507, 18.025, 0.87157124), (45.46486, 18.025, 1.3281019), (45.639847, 18.025, 1.6182264), (45.760883, 18.025, 1.8189023), (45.77559, 17.9, 2.1426435), (45.830833, 17.9, 2.2342377), (45.87443, 17.9, 2.3065226), (45.909714, 17.9, 2.3650217), (41.423466, 16.315714, -1.0688755e-7), (41.85093, 16.61165, -3.3420413e-9), (42.278393, 16.907587, -2.97812e-7), (42.705856, 17.203526, 4.715687e-8), (43.133324, 17.499462, 1.7940765e-8), (43.560787, 17.795399, -1.6394809e-7), (44.15, 18.009304, 0.32311165), (44.776947, 18.025, 1.0198267), (45.14277, 18.025, 1.4416145), (45.375687, 18.025, 1.7101656), (45.536995, 18.025, 1.8961495), (45.617294, 17.9, 2.1969101), (45.691032, 17.9, 2.281929), (45.749256, 17.9, 2.3490586), (45.796394, 17.9, 2.403408), (45.83534, 17.9, 2.4483092), (40.88405, 16.559748, -9.664778e-8), (41.344902, 16.878803, 8.330913e-8), (41.80576, 17.197857, -5.339295e-8), (42.266617, 17.51691, -2.774642e-8), (42.727474, 17.835966, 9.832516e-8), (43.9048, 17.9, 0.92502135), (44.36862, 18.025, 1.1665592), (44.823257, 18.025, 1.554219), (45.113262, 18.025, 1.8015021), (45.339474, 17.9, 2.1483448), (45.459763, 17.9, 2.2509155), (45.551826, 17.9, 2.3294175), (45.624557, 17.9, 2.391433), (45.683464, 17.9, 2.441662), (45.732147, 17.9, 2.4831731), (45.773056, 17.9, 2.5180547), (40.253216, 16.84514, 1.0273344e-7), (40.753124, 17.191229, -3.137699e-7), (41.25303, 17.53732, -4.3747697e-8), (42.2, 17.818905, 0.3530982), (43.450638, 17.9, 1.0939585), (44.1, 17.963419, 1.458509), (44.50629, 18.025, 1.6659257), (44.85255, 18.025, 1.8922422), (45.15906, 17.9, 2.2105913), (45.30299, 17.9, 2.3046618), (45.41321, 17.9, 2.376705), (45.50033, 17.9, 2.4336467), (45.570923, 17.9, 2.4797847), (45.62928, 17.9, 2.5179276), (45.678333, 17.9, 2.5499876), (45.72014, 17.9, 2.5773125), (39.50558, 17.183374, -1.2927468e-7), (40.05177, 17.561504, 8.323301e-8), (40.924107, 17.9, 0.19627932), (43.0029, 17.9, 1.2605065), (43.913612, 17.9, 1.7267426), (44.19184, 18.025, 1.7767456), (44.75214, 17.9, 2.1560228), (44.97965, 17.9, 2.2724943), (45.146965, 17.9, 2.3581507), (45.275185, 17.9, 2.4237924), (45.37658, 17.9, 2.4757004), (45.458767, 17.9, 2.517777), (45.526737, 17.9, 2.5525732), (45.58388, 17.9, 2.5818286), (45.6326, 17.9, 2.6067686), (45.67462, 17.9, 2.6282828), (38.605392, 17.590624, 1.1148161e-7), (40.226654, 17.9, 0.47679687), (42.561447, 17.9, 1.4247155), (43.590954, 17.9, 1.8426915), (44.1, 17.930368, 2.031552), (44.54246, 17.9, 2.2290008), (44.80122, 17.9, 2.3340569), (44.991684, 17.9, 2.411384), (45.137737, 17.9, 2.470681), (45.253292, 17.9, 2.5175953), (45.346996, 17.9, 2.555639), (45.42451, 17.9, 2.5871105), (45.489704, 17.9, 2.6135778), (45.54529, 17.9, 2.6361463), (45.59325, 17.9, 2.6556184), (45.635056, 17.9, 2.6725905), (39.54502, 17.9, 0.7509505), (42.2, 17.88778, 1.6162587), (43.27154, 17.9, 1.9574732), (43.91845, 17.9, 2.1669211), (44.334137, 17.9, 2.3015068), (44.623775, 17.9, 2.3952813), (44.837147, 17.9, 2.4643638), (45.00087, 17.9, 2.5173721), (45.13047, 17.9, 2.5593321), (45.235603, 17.9, 2.5933716), (45.32261, 17.9, 2.62154), (45.395794, 17.9, 2.6452358), (45.458218, 17.9, 2.6654458), (45.512085, 17.9, 2.6828864), (45.559044, 17.9, 2.6980903), (45.60034, 17.9, 2.7114618), (42.2, 17.826271, 1.9036468), (42.95533, 17.9, 2.071105), (43.66824, 17.9, 2.255102), (44.12716, 17.9, 2.3735454), (44.447296, 17.9, 2.4561708), (44.683342, 17.9, 2.5170915), (44.86458, 17.9, 2.563867), (45.00811, 17.9, 2.6009119), (45.124596, 17.9, 2.6309757), (45.22102, 17.9, 2.6558623), (45.302155, 17.9, 2.676803), (45.371372, 17.9, 2.694667), (45.431118, 17.9, 2.7100866), (45.483208, 17.9, 2.7235308), (45.529026, 17.9, 2.7353566), (45.569645, 17.9, 2.7458396)]
                                color3f[] primvars:displayColor = [(0.9, 0.6, 0.1)] (
                                    interpolation = "constant"
                                )
                                float[] primvars:displayOpacity = [0.45] (
                                    interpolation = "constant"
                                )
                                token purpose = "guide"
                                token subdivisionScheme = "none"
                                token[] xformOpOrder = ["!resetXformStack!"]
                            }
                        }
                    }

                    over "sec_cam_door_mmr_2"
                    {
                        over "Sensor_0"
                        {
                            def Mesh "Coverage_CriticalDoors" (
                                prepend apiSchemas = ["AecoDerivedGeometryAPI"]
                            )
                            {
                                token aeco:derived:approx = "tessellated"
                                token aeco:derived:role = "coverage"
                                string aeco:derived:source = "1c297e59-d234-5b8e-a6a3-609f5585cf74"
                                string aeco:derived:stamp = "aeco-cctv study 0.5.3"
                                bool doubleSided = 1
                                float3[] extent = [(49.2885, 15.06, -3.328141e-7), (56.49442, 17.515076, 2.92)]
                                int[] faceVertexCounts = [4, 4, 4, 4, 4, 4, 4, 4, 4, 4, 4, 4, 4, 4, 4, 4, 4, 4, 4, 4, 4, 4, 4, 4, 4, 4, 4, 4, 4, 4, 4, 4, 4, 4, 4, 4, 4, 4, 4, 4, 4, 4, 4, 4, 4, 4, 4, 4, 4, 4, 4, 4, 4, 4, 4, 4, 4, 4, 4, 4, 4, 4, 4, 4, 4, 4, 4, 4, 4, 4, 4, 4, 4, 4, 4, 4, 4, 4, 4, 4, 4, 4, 4, 4, 4, 4, 4, 4, 4, 4, 4, 4, 4, 4, 4, 4, 4, 4, 4, 4, 4, 4, 4, 4, 4, 4, 4, 4, 4, 4, 4, 4, 4, 4, 4, 4, 4, 4, 4, 4, 4, 4, 4, 4, 4, 4, 4, 4, 4, 4, 4, 4, 4, 4, 4, 4, 4, 4, 4, 4, 4, 4, 4, 4, 4, 4, 4, 4, 4, 4, 4, 4, 4, 4, 4, 4, 4, 4, 4, 4, 4, 4, 4, 4, 4, 3, 3, 3, 3, 3, 3, 3, 3, 3, 3, 3, 3, 3, 3, 3, 3, 3, 3, 3, 3, 3, 3, 3, 3, 3, 3, 3, 3, 3, 3, 3, 3, 3, 3, 3, 3, 3, 3, 3, 3, 3, 3, 3, 3, 3, 3, 3, 3, 3, 3, 3, 3]
                                int[] faceVertexIndices = [1, 2, 18, 17, 2, 3, 19, 18, 3, 4, 20, 19, 4, 5, 21, 20, 5, 6, 22, 21, 6, 7, 23, 22, 7, 8, 24, 23, 8, 9, 25, 24, 9, 10, 26, 25, 10, 11, 27, 26, 11, 12, 28, 27, 12, 13, 29, 28, 13, 14, 30, 29, 14, 15, 31, 30, 15, 16, 32, 31, 17, 18, 34, 33, 18, 19, 35, 34, 19, 20, 36, 35, 20, 21, 37, 36, 21, 22, 38, 37, 22, 23, 39, 38, 23, 24, 40, 39, 24, 25, 41, 40, 25, 26, 42, 41, 26, 27, 43, 42, 27, 28, 44, 43, 28, 29, 45, 44, 29, 30, 46, 45, 30, 31, 47, 46, 31, 32, 48, 47, 33, 34, 50, 49, 34, 35, 51, 50, 35, 36, 52, 51, 36, 37, 53, 52, 37, 38, 54, 53, 38, 39, 55, 54, 39, 40, 56, 55, 40, 41, 57, 56, 41, 42, 58, 57, 42, 43, 59, 58, 43, 44, 60, 59, 44, 45, 61, 60, 45, 46, 62, 61, 46, 47, 63, 62, 47, 48, 64, 63, 49, 50, 66, 65, 50, 51, 67, 66, 51, 52, 68, 67, 52, 53, 69, 68, 53, 54, 70, 69, 54, 55, 71, 70, 55, 56, 72, 71, 56, 57, 73, 72, 57, 58, 74, 73, 58, 59, 75, 74, 59, 60, 76, 75, 60, 61, 77, 76, 61, 62, 78, 77, 62, 63, 79, 78, 63, 64, 80, 79, 65, 66, 82, 81, 66, 67, 83, 82, 67, 68, 84, 83, 68, 69, 85, 84, 69, 70, 86, 85, 70, 71, 87, 86, 71, 72, 88, 87, 72, 73, 89, 88, 73, 74, 90, 89, 74, 75, 91, 90, 75, 76, 92, 91, 76, 77, 93, 92, 77, 78, 94, 93, 78, 79, 95, 94, 79, 80, 96, 95, 81, 82, 98, 97, 82, 83, 99, 98, 83, 84, 100, 99, 84, 85, 101, 100, 85, 86, 102, 101, 86, 87, 103, 102, 87, 88, 104, 103, 88, 89, 105, 104, 89, 90, 106, 105, 90, 91, 107, 106, 91, 92, 108, 107, 92, 93, 109, 108, 93, 94, 110, 109, 94, 95, 111, 110, 95, 96, 112, 111, 97, 98, 114, 113, 98, 99, 115, 114, 99, 100, 116, 115, 100, 101, 117, 116, 101, 102, 118, 117, 102, 103, 119, 118, 103, 104, 120, 119, 104, 105, 121, 120, 105, 106, 122, 121, 106, 107, 123, 122, 107, 108, 124, 123, 108, 109, 125, 124, 109, 110, 126, 125, 110, 111, 127, 126, 111, 112, 128, 127, 113, 114, 130, 129, 114, 115, 131, 130, 115, 116, 132, 131, 116, 117, 133, 132, 117, 118, 134, 133, 118, 119, 135, 134, 119, 120, 136, 135, 120, 121, 137, 136, 121, 122, 138, 137, 122, 123, 139, 138, 123, 124, 140, 139, 124, 125, 141, 140, 125, 126, 142, 141, 126, 127, 143, 142, 127, 128, 144, 143, 129, 130, 146, 145, 130, 131, 147, 146, 131, 132, 148, 147, 132, 133, 149, 148, 133, 134, 150, 149, 134, 135, 151, 150, 135, 136, 152, 151, 136, 137, 153, 152, 137, 138, 154, 153, 138, 139, 155, 154, 139, 140, 156, 155, 140, 141, 157, 156, 141, 142, 158, 157, 142, 143, 159, 158, 143, 144, 160, 159, 145, 146, 162, 161, 146, 147, 163, 162, 147, 148, 164, 163, 148, 149, 165, 164, 149, 150, 166, 165, 150, 151, 167, 166, 151, 152, 168, 167, 152, 153, 169, 168, 153, 154, 170, 169, 154, 155, 171, 170, 155, 156, 172, 171, 156, 157, 173, 172, 157, 158, 174, 173, 158, 159, 175, 174, 159, 160, 176, 175, 161, 162, 178, 177, 162, 163, 179, 178, 163, 164, 180, 179, 164, 165, 181, 180, 165, 166, 182, 181, 166, 167, 183, 182, 167, 168, 184, 183, 168, 169, 185, 184, 169, 170, 186, 185, 170, 171, 187, 186, 171, 172, 188, 187, 172, 173, 189, 188, 173, 174, 190, 189, 174, 175, 191, 190, 175, 176, 192, 191, 0, 2, 1, 0, 3, 2, 0, 4, 3, 0, 5, 4, 0, 6, 5, 0, 7, 6, 0, 8, 7, 0, 9, 8, 0, 10, 9, 0, 11, 10, 0, 12, 11, 0, 13, 12, 0, 14, 13, 0, 15, 14, 0, 16, 15, 0, 177, 178, 0, 178, 179, 0, 179, 180, 0, 180, 181, 0, 181, 182, 0, 182, 183, 0, 183, 184, 0, 184, 185, 0, 185, 186, 0, 186, 187, 0, 187, 188, 0, 188, 189, 0, 189, 190, 0, 190, 191, 0, 191, 192, 0, 1, 17, 0, 17, 33, 0, 33, 49, 0, 49, 65, 0, 65, 81, 0, 81, 97, 0, 97, 113, 0, 113, 129, 0, 129, 145, 0, 145, 161, 0, 161, 177, 0, 32, 16, 0, 48, 32, 0, 64, 48, 0, 80, 64, 0, 96, 80, 0, 112, 96, 0, 128, 112, 0, 144, 128, 0, 160, 144, 0, 176, 160, 0, 192, 176]
                                point3f[] points = [(50.55, 15.65, 2.92), (52.740154, 17.515076, -1.7289076e-7), (52.426365, 17.297838, -7.554748e-8), (52.11258, 17.080603, -1.2447983e-7), (51.798794, 16.863365, 8.9410314e-8), (51.48501, 16.646128, 8.0095106e-8), (51.17122, 16.428892, -1.2562306e-7), (50.857433, 16.211655, -9.593376e-8), (50.543648, 15.994418, -1.28960265e-8), (50.229862, 15.777181, -1.28960265e-8), (49.916073, 15.559944, -9.593376e-8), (49.602287, 15.342708, -1.2562306e-7), (49.2885, 15.12547, 8.0095106e-8), (49.38197, 15.1, 0.75490093), (49.466595, 15.1, 1.2453469), (49.519962, 15.1, 1.5546343), (49.55669, 15.1, 1.7674887), (53.024902, 17.386253, 4.467294e-9), (52.69349, 17.156813, -9.342079e-8), (52.362076, 16.927374, 1.2519197e-7), (52.030663, 16.697933, 3.1090153e-7), (51.69925, 16.468493, 1.09915284e-7), (51.367836, 16.239054, -3.328141e-7), (51.036423, 16.009613, 6.0436705e-8), (50.70501, 15.780172, -2.2041677e-7), (50.373596, 15.550733, -2.2041677e-7), (50.042183, 15.321293, 6.0436705e-8), (49.72302, 15.1, 0.04262857), (49.7325, 15.1, 0.8808648), (49.7377, 15.1, 1.340891), (49.740986, 15.1, 1.6315609), (49.74325, 15.1, 1.8318577), (49.744907, 15.1, 1.978258), (53.343548, 17.242096, 2.0772543e-8), (52.99241, 16.999, -1.6235211e-7), (52.64127, 16.755905, 1.4299167e-7), (52.29013, 16.512808, 7.542135e-8), (51.938995, 16.269712, 1.01084176e-7), (51.587856, 16.026617, -3.3022335e-8), (51.236717, 15.783521, 3.7712635e-8), (50.88558, 15.540424, -3.260219e-8), (50.53444, 15.297329, -3.260219e-8), (50.21147, 15.1, 0.22432028), (50.07935, 15.1, 1.005507), (50.0066, 15.1, 1.4356579), (49.960545, 15.1, 1.7079767), (49.92877, 15.1, 1.8958656), (49.905518, 15.1, 2.0333195), (49.887775, 15.1, 2.1382427), (53.702526, 17.079695, -2.499073e-7), (53.329163, 16.821213, -1.1282037e-7), (52.955803, 16.562733, -1.7352541e-7), (52.582443, 16.304253, 1.8956658e-7), (52.209084, 16.045773, -3.0139714e-7), (51.835724, 15.7872925, -2.8625564e-7), (51.46236, 15.528812, -1.5440861e-8), (51.089, 15.270331, 1.9022444e-7), (50.703144, 15.06, 0.22031856), (50.422585, 15.1, 1.128849), (50.273323, 15.1, 1.5296572), (50.178646, 15.1, 1.7838867), (50.113243, 15.1, 1.959515), (50.065353, 15.1, 2.088114), (50.02877, 15.1, 2.1863427), (49.999916, 15.1, 2.263824), (54.110004, 16.895348, -2.7734924e-7), (53.711422, 16.619404, -3.164703e-8), (53.312836, 16.34346, -1.106463e-7), (52.91425, 16.067516, 2.0326499e-7), (52.515667, 15.791574, -2.1292084e-7), (52.11708, 15.515631, -2.1767444e-7), (51.7185, 15.239687, -1.18736935e-7), (51.21192, 15.06, 0.4095713), (50.77769, 15.06, 1.1295218), (50.53789, 15.1, 1.6228982), (50.39531, 15.1, 1.8592958), (50.296688, 15.1, 2.0228095), (50.22441, 15.1, 2.1426435), (50.169167, 15.1, 2.234238), (50.12557, 15.1, 2.3065226), (50.090286, 15.1, 2.3650217), (54.576534, 16.684286, -1.0688755e-7), (54.14907, 16.38835, -3.3420413e-9), (53.721607, 16.092413, -2.97812e-7), (53.294144, 15.796475, 4.715687e-8), (52.866676, 15.500539, 1.7940765e-8), (52.439213, 15.204601, -1.6394809e-7), (51.634476, 15.1, 0.7536428), (51.138298, 15.06, 1.2591081), (50.818542, 15.06, 1.627782), (50.614952, 15.06, 1.8625153), (50.479115, 15.1, 2.0857518), (50.382706, 15.1, 2.1969101), (50.308968, 15.1, 2.281929), (50.250744, 15.1, 2.3490586), (50.203606, 15.1, 2.403408), (50.16466, 15.1, 2.4483094), (55.11595, 16.440252, -9.664778e-8), (54.655098, 16.121197, 8.330913e-8), (54.19424, 15.802143, -5.3392952e-8), (53.733383, 15.4830885, -2.774642e-8), (53.272526, 15.164034, 9.832516e-8), (52.0952, 15.1, 0.92502135), (51.45, 15.088217, 1.4606584), (51.09782, 15.06, 1.7262064), (50.844334, 15.06, 1.9423503), (50.660526, 15.1, 2.1483448), (50.540237, 15.1, 2.2509155), (50.448174, 15.1, 2.3294177), (50.375443, 15.1, 2.391433), (50.316536, 15.1, 2.441662), (50.267853, 15.1, 2.4831731), (50.226944, 15.1, 2.5180547), (55.746784, 16.15486, 1.0273344e-7), (55.246876, 15.808771, -3.137699e-7), (54.74697, 15.462682, -4.3747697e-8), (53.8, 15.181094, 0.3530982), (52.549362, 15.1, 1.0939586), (51.76043, 15.1, 1.6096085), (51.37487, 15.06, 1.8238463), (51.072216, 15.06, 2.0216637), (50.84094, 15.1, 2.2105913), (50.69701, 15.1, 2.3046618), (50.58679, 15.1, 2.376705), (50.49967, 15.1, 2.4336467), (50.429077, 15.1, 2.4797847), (50.37072, 15.1, 2.5179276), (50.321667, 15.1, 2.5499876), (50.27986, 15.1, 2.5773125), (56.49442, 15.816627, -1.2927468e-7), (55.94823, 15.438497, 8.323301e-8), (55.28162, 15.075, 0.07247064), (52.9971, 15.1, 1.2605065), (52.086388, 15.1, 1.7267426), (51.575165, 15.1, 1.9884596), (51.24786, 15.1, 2.1560228), (51.02035, 15.1, 2.2724943), (50.853035, 15.1, 2.3581507), (50.724815, 15.1, 2.4237924), (50.62342, 15.1, 2.4757004), (50.541233, 15.1, 2.517777), (50.473263, 15.1, 2.5525732), (50.41612, 15.1, 2.5818286), (50.3674, 15.1, 2.6067686), (50.32538, 15.1, 2.6282828), (50.7, 15.644727, 2.8560073), (56.010777, 15.075, 0.36573982), (53.438553, 15.1, 1.4247154), (52.409046, 15.1, 1.8426915), (51.829357, 15.1, 2.0780432), (51.45754, 15.1, 2.2290008), (51.19878, 15.1, 2.3340569), (51.008316, 15.1, 2.411384), (50.862263, 15.1, 2.470681), (50.746708, 15.1, 2.5175953), (50.653004, 15.1, 2.555639), (50.57549, 15.1, 2.5871105), (50.510296, 15.1, 2.6135778), (50.45471, 15.1, 2.6361463), (50.40675, 15.1, 2.6556184), (50.364944, 15.1, 2.6725905), (50.7, 15.636028, 2.8649006), (50.7, 15.625179, 2.8598268), (50.7, 15.612129, 2.8537235), (52.08155, 15.1, 2.1669211), (51.665863, 15.1, 2.3015068), (51.376225, 15.1, 2.3952813), (51.162853, 15.1, 2.4643638), (50.99913, 15.1, 2.5173721), (50.86953, 15.1, 2.5593321), (50.764397, 15.1, 2.5933716), (50.67739, 15.1, 2.62154), (50.604206, 15.1, 2.6452358), (50.541782, 15.1, 2.6654458), (50.487915, 15.1, 2.6828864), (50.440956, 15.1, 2.6980903), (50.39966, 15.1, 2.7114618), (50.7, 15.628018, 2.873091), (50.7, 15.616929, 2.868957), (50.7, 15.603697, 2.8640242), (50.7, 15.587634, 2.8580356), (50.7, 15.567721, 2.8506124), (51.316658, 15.1, 2.5170915), (51.13542, 15.1, 2.563867), (50.99189, 15.1, 2.6009119), (50.875404, 15.1, 2.6309757), (50.77898, 15.1, 2.6558623), (50.697845, 15.1, 2.676803), (50.628628, 15.1, 2.6946673), (50.568882, 15.1, 2.7100866), (50.516792, 15.1, 2.7235308), (50.470974, 15.1, 2.7353566), (50.430355, 15.1, 2.7458396)]
                                color3f[] primvars:displayColor = [(0.9, 0.6, 0.1)] (
                                    interpolation = "constant"
                                )
                                float[] primvars:displayOpacity = [0.45] (
                                    interpolation = "constant"
                                )
                                token purpose = "guide"
                                token subdivisionScheme = "none"
                                token[] xformOpOrder = ["!resetXformStack!"]
                            }
                        }
                    }
                }

                over "Corridor_West"
                {
                    over "sec_cam_door_hall_a_w"
                    {
                        over "Sensor_0"
                        {
                            def Mesh "Coverage_CriticalDoors" (
                                prepend apiSchemas = ["AecoDerivedGeometryAPI"]
                            )
                            {
                                token aeco:derived:approx = "tessellated"
                                token aeco:derived:role = "coverage"
                                string aeco:derived:source = "34321c5e-dd53-5220-a18c-e0a186cbc38a"
                                string aeco:derived:stamp = "aeco-cctv study 0.5.3"
                                bool doubleSided = 1
                                float3[] extent = [(1.4849244, 25.288502, -3.328141e-7), (3.9400003, 33.394608, 2.92)]
                                int[] faceVertexCounts = [4, 4, 4, 4, 4, 4, 4, 4, 4, 4, 4, 4, 4, 4, 4, 4, 4, 4, 4, 4, 4, 4, 4, 4, 4, 4, 4, 4, 4, 4, 4, 4, 4, 4, 4, 4, 4, 4, 4, 4, 4, 4, 4, 4, 4, 4, 4, 4, 4, 4, 4, 4, 4, 4, 4, 4, 4, 4, 4, 4, 4, 4, 4, 4, 4, 4, 4, 4, 4, 4, 4, 4, 4, 4, 4, 4, 4, 4, 4, 4, 4, 4, 4, 4, 4, 4, 4, 4, 4, 4, 4, 4, 4, 4, 4, 4, 4, 4, 4, 4, 4, 4, 4, 4, 4, 4, 4, 4, 4, 4, 4, 4, 4, 4, 4, 4, 4, 4, 4, 4, 4, 4, 4, 4, 4, 4, 4, 4, 4, 4, 4, 4, 4, 4, 4, 4, 4, 4, 4, 4, 4, 4, 4, 4, 4, 4, 4, 4, 4, 4, 4, 4, 4, 4, 4, 4, 4, 4, 4, 4, 4, 4, 4, 4, 4, 3, 3, 3, 3, 3, 3, 3, 3, 3, 3, 3, 3, 3, 3, 3, 3, 3, 3, 3, 3, 3, 3, 3, 3, 3, 3, 3, 3, 3, 3, 3, 3, 3, 3, 3, 3, 3, 3, 3, 3, 3, 3, 3, 3, 3, 3, 3, 3, 3, 3, 3, 3]
                                int[] faceVertexIndices = [1, 2, 18, 17, 2, 3, 19, 18, 3, 4, 20, 19, 4, 5, 21, 20, 5, 6, 22, 21, 6, 7, 23, 22, 7, 8, 24, 23, 8, 9, 25, 24, 9, 10, 26, 25, 10, 11, 27, 26, 11, 12, 28, 27, 12, 13, 29, 28, 13, 14, 30, 29, 14, 15, 31, 30, 15, 16, 32, 31, 17, 18, 34, 33, 18, 19, 35, 34, 19, 20, 36, 35, 20, 21, 37, 36, 21, 22, 38, 37, 22, 23, 39, 38, 23, 24, 40, 39, 24, 25, 41, 40, 25, 26, 42, 41, 26, 27, 43, 42, 27, 28, 44, 43, 28, 29, 45, 44, 29, 30, 46, 45, 30, 31, 47, 46, 31, 32, 48, 47, 33, 34, 50, 49, 34, 35, 51, 50, 35, 36, 52, 51, 36, 37, 53, 52, 37, 38, 54, 53, 38, 39, 55, 54, 39, 40, 56, 55, 40, 41, 57, 56, 41, 42, 58, 57, 42, 43, 59, 58, 43, 44, 60, 59, 44, 45, 61, 60, 45, 46, 62, 61, 46, 47, 63, 62, 47, 48, 64, 63, 49, 50, 66, 65, 50, 51, 67, 66, 51, 52, 68, 67, 52, 53, 69, 68, 53, 54, 70, 69, 54, 55, 71, 70, 55, 56, 72, 71, 56, 57, 73, 72, 57, 58, 74, 73, 58, 59, 75, 74, 59, 60, 76, 75, 60, 61, 77, 76, 61, 62, 78, 77, 62, 63, 79, 78, 63, 64, 80, 79, 65, 66, 82, 81, 66, 67, 83, 82, 67, 68, 84, 83, 68, 69, 85, 84, 69, 70, 86, 85, 70, 71, 87, 86, 71, 72, 88, 87, 72, 73, 89, 88, 73, 74, 90, 89, 74, 75, 91, 90, 75, 76, 92, 91, 76, 77, 93, 92, 77, 78, 94, 93, 78, 79, 95, 94, 79, 80, 96, 95, 81, 82, 98, 97, 82, 83, 99, 98, 83, 84, 100, 99, 84, 85, 101, 100, 85, 86, 102, 101, 86, 87, 103, 102, 87, 88, 104, 103, 88, 89, 105, 104, 89, 90, 106, 105, 90, 91, 107, 106, 91, 92, 108, 107, 92, 93, 109, 108, 93, 94, 110, 109, 94, 95, 111, 110, 95, 96, 112, 111, 97, 98, 114, 113, 98, 99, 115, 114, 99, 100, 116, 115, 100, 101, 117, 116, 101, 102, 118, 117, 102, 103, 119, 118, 103, 104, 120, 119, 104, 105, 121, 120, 105, 106, 122, 121, 106, 107, 123, 122, 107, 108, 124, 123, 108, 109, 125, 124, 109, 110, 126, 125, 110, 111, 127, 126, 111, 112, 128, 127, 113, 114, 130, 129, 114, 115, 131, 130, 115, 116, 132, 131, 116, 117, 133, 132, 117, 118, 134, 133, 118, 119, 135, 134, 119, 120, 136, 135, 120, 121, 137, 136, 121, 122, 138, 137, 122, 123, 139, 138, 123, 124, 140, 139, 124, 125, 141, 140, 125, 126, 142, 141, 126, 127, 143, 142, 127, 128, 144, 143, 129, 130, 146, 145, 130, 131, 147, 146, 131, 132, 148, 147, 132, 133, 149, 148, 133, 134, 150, 149, 134, 135, 151, 150, 135, 136, 152, 151, 136, 137, 153, 152, 137, 138, 154, 153, 138, 139, 155, 154, 139, 140, 156, 155, 140, 141, 157, 156, 141, 142, 158, 157, 142, 143, 159, 158, 143, 144, 160, 159, 145, 146, 162, 161, 146, 147, 163, 162, 147, 148, 164, 163, 148, 149, 165, 164, 149, 150, 166, 165, 150, 151, 167, 166, 151, 152, 168, 167, 152, 153, 169, 168, 153, 154, 170, 169, 154, 155, 171, 170, 155, 156, 172, 171, 156, 157, 173, 172, 157, 158, 174, 173, 158, 159, 175, 174, 159, 160, 176, 175, 161, 162, 178, 177, 162, 163, 179, 178, 163, 164, 180, 179, 164, 165, 181, 180, 165, 166, 182, 181, 166, 167, 183, 182, 167, 168, 184, 183, 168, 169, 185, 184, 169, 170, 186, 185, 170, 171, 187, 186, 171, 172, 188, 187, 172, 173, 189, 188, 173, 174, 190, 189, 174, 175, 191, 190, 175, 176, 192, 191, 0, 2, 1, 0, 3, 2, 0, 4, 3, 0, 5, 4, 0, 6, 5, 0, 7, 6, 0, 8, 7, 0, 9, 8, 0, 10, 9, 0, 11, 10, 0, 12, 11, 0, 13, 12, 0, 14, 13, 0, 15, 14, 0, 16, 15, 0, 177, 178, 0, 178, 179, 0, 179, 180, 0, 180, 181, 0, 181, 182, 0, 182, 183, 0, 183, 184, 0, 184, 185, 0, 185, 186, 0, 186, 187, 0, 187, 188, 0, 188, 189, 0, 189, 190, 0, 190, 191, 0, 191, 192, 0, 1, 17, 0, 17, 33, 0, 33, 49, 0, 49, 65, 0, 65, 81, 0, 81, 97, 0, 97, 113, 0, 113, 129, 0, 129, 145, 0, 145, 161, 0, 161, 177, 0, 32, 16, 0, 48, 32, 0, 64, 48, 0, 80, 64, 0, 96, 80, 0, 112, 96, 0, 128, 112, 0, 144, 128, 0, 160, 144, 0, 176, 160, 0, 192, 176]
                                point3f[] points = [(3.35, 26.55, 2.92), (1.4849244, 28.740154, -1.7289078e-7), (1.7021613, 28.426367, -7.554748e-8), (1.9193981, 28.11258, -1.2447983e-7), (2.136635, 27.798794, 8.9410314e-8), (2.3538718, 27.485006, 8.0095106e-8), (2.5711086, 27.17122, -1.2562306e-7), (2.7883456, 26.857433, -9.593376e-8), (3.0055823, 26.543648, -1.28960265e-8), (3.222819, 26.22986, -1.28960265e-8), (3.4400558, 25.916075, -9.593376e-8), (3.6572928, 25.602287, -1.2562306e-7), (3.8745296, 25.288502, 8.0095106e-8), (3.9, 25.381968, 0.75489724), (3.9, 25.466595, 1.2453439), (3.9, 25.519962, 1.554632), (3.9, 25.55669, 1.7674868), (1.6137468, 29.024902, 4.467294e-9), (1.8431867, 28.69349, -9.342079e-8), (2.072627, 28.362076, 1.2519197e-7), (2.302067, 28.030663, 3.1090153e-7), (2.531507, 27.69925, 1.09915284e-7), (2.760947, 27.367836, -3.328141e-7), (2.9903872, 27.036423, 6.0436705e-8), (3.2198274, 26.70501, -2.2041677e-7), (3.4492674, 26.373596, -2.2041677e-7), (3.6787074, 26.042181, 6.0436705e-8), (3.9, 25.723019, 0.042623613), (3.9, 25.732498, 0.8808611), (3.9, 25.7377, 1.3408881), (3.9, 25.740986, 1.6315588), (3.9, 25.743252, 1.8318558), (3.9, 25.744905, 1.9782563), (1.7579036, 29.343548, 2.0772543e-8), (2.0009995, 28.992409, -1.6235211e-7), (2.2440956, 28.641272, 1.4299167e-7), (2.4871914, 28.290133, 7.542135e-8), (2.7302876, 27.938993, 1.01084176e-7), (2.9733834, 27.587854, -3.3022335e-8), (3.2164793, 27.236717, 3.7712635e-8), (3.4595754, 26.885578, -3.260219e-8), (3.7026713, 26.53444, -3.260219e-8), (3.9400003, 26.18685, 0.028265985), (3.9, 26.07935, 1.0055037), (3.9, 26.0066, 1.4356554), (3.9, 25.960543, 1.7079747), (3.9, 25.928764, 1.8958638), (3.9, 25.905518, 2.0333178), (3.9, 25.887772, 2.1382413), (1.9203061, 29.702524, -2.499073e-7), (2.1787865, 29.329165, -1.1282037e-7), (2.4372668, 28.955803, -1.7352541e-7), (2.6957471, 28.582443, 1.8956658e-7), (2.9542274, 28.209084, -3.0139714e-7), (3.2127078, 27.835722, -2.8625564e-7), (3.471188, 27.462362, -1.5440861e-8), (3.7296681, 27.089, 1.9022444e-7), (3.94, 26.703144, 0.22031437), (3.94, 26.413317, 0.9985803), (3.94, 26.253199, 1.4285388), (3.94, 26.151638, 1.7012583), (3.9166734, 26.1, 1.9303962), (3.9, 26.065351, 2.0881126), (3.9, 26.02877, 2.1863415), (3.9, 25.999916, 2.2638228), (2.104653, 30.110006, -2.7734924e-7), (2.3805964, 29.71142, -3.164703e-8), (2.6565397, 29.312836, -1.106463e-7), (2.932483, 28.914251, 2.0326499e-7), (3.2084262, 28.515667, -2.1292084e-7), (3.4843698, 28.117083, -2.1767444e-7), (3.760313, 27.718496, -1.18736935e-7), (3.94, 27.211922, 0.40956748), (3.94, 26.777689, 1.1295192), (3.94, 26.53701, 1.5285612), (3.94, 26.38406, 1.7821519), (3.94, 26.278265, 1.9575578), (3.9, 26.224411, 2.142642), (3.9000003, 26.169167, 2.2342367), (3.9, 26.125568, 2.3065217), (3.9, 26.090286, 2.3650208), (2.3157136, 30.576536, -1.0688755e-7), (2.6116505, 30.14907, -3.3420413e-9), (2.9075875, 29.721607, -2.97812e-7), (3.2035246, 29.294142, 4.715687e-8), (3.4994617, 28.866678, 1.7940765e-8), (3.7953987, 28.439213, -1.6394809e-7), (3.94, 27.713348, 0.59608585), (3.94, 27.1383, 1.2591054), (3.94, 26.818542, 1.6277798), (3.94, 26.614954, 1.8625137), (3.94, 26.473959, 2.0250776), (3.9000003, 26.382706, 2.1969087), (3.9, 26.308966, 2.2819278), (3.9, 26.250744, 2.3490577), (3.9, 26.203606, 2.403407), (3.9000003, 26.164661, 2.4483085), (2.5597484, 31.115953, -9.664778e-8), (2.8788028, 30.655096, 8.330913e-8), (3.1978571, 30.19424, -5.339295e-8), (3.5169113, 29.733383, -2.774642e-8), (3.8359656, 29.272528, 9.832516e-8), (3.9, 28.095203, 0.92501783), (3.94, 27.495205, 1.3873607), (3.94, 27.09782, 1.7262045), (3.94, 26.844334, 1.9423487), (3.9, 26.660528, 2.1483433), (3.9, 26.540236, 2.2509143), (3.9, 26.448172, 2.3294165), (3.9000003, 26.375443, 2.391432), (3.9, 26.316534, 2.4416611), (3.9, 26.267853, 2.4831724), (3.9, 26.226944, 2.518054), (2.8451397, 31.746784, 1.0273344e-7), (3.191229, 31.246878, -3.137699e-7), (3.5373182, 30.746971, -4.3747697e-8), (3.8834076, 30.247063, 2.6217572e-7), (3.9, 28.549366, 1.0939553), (3.94, 27.848463, 1.514305), (3.94, 27.374874, 1.8238447), (3.94, 27.072216, 2.0216622), (3.9, 26.840939, 2.2105901), (3.9, 26.697012, 2.3046608), (3.9, 26.586786, 2.376704), (3.9, 26.499668, 2.433646), (3.9, 26.429077, 2.479784), (3.9, 26.37072, 2.517927), (3.9, 26.321669, 2.549987), (3.9, 26.279861, 2.577312), (3.1833737, 32.49442, -1.2927468e-7), (3.561504, 31.94823, 8.323301e-8), (3.9, 31.075901, 0.19627467), (3.9, 28.997107, 1.2605035), (3.9, 28.08639, 1.7267406), (3.94, 27.649727, 1.9207095), (3.9, 27.247862, 2.1560214), (3.9, 27.020353, 2.2724931), (3.9, 26.853037, 2.3581498), (3.9000003, 26.724817, 2.4237914), (3.9, 26.623423, 2.4756997), (3.9, 26.541233, 2.5177763), (3.9, 26.473265, 2.5525727), (3.9, 26.416119, 2.5818279), (3.9, 26.367401, 2.6067681), (3.9, 26.325378, 2.6282823), (3.5906243, 33.394608, 1.1148161e-7), (3.9, 31.773355, 0.47679284), (3.9, 29.438559, 1.4247129), (3.9, 28.40905, 1.8426896), (3.9303682, 27.9, 2.0315533), (3.9, 27.45754, 2.2289996), (3.9, 27.19878, 2.3340557), (3.9, 27.008316, 2.4113832), (3.9, 26.862263, 2.4706802), (3.9, 26.74671, 2.5175946), (3.9, 26.653006, 2.5556383), (3.9, 26.575487, 2.58711), (3.9, 26.510298, 2.6135774), (3.9, 26.45471, 2.6361458), (3.9, 26.406748, 2.655618), (3.9, 26.364944, 2.67259), (3.9, 32.454987, 0.7509469), (3.9, 29.873854, 1.586632), (3.9, 28.728462, 1.9574715), (3.9, 28.08155, 2.16692), (3.9, 27.665863, 2.3015058), (3.9, 27.376226, 2.3952804), (3.9, 27.162855, 2.4643629), (3.9, 26.999132, 2.5173717), (3.9, 26.869532, 2.5593314), (3.9, 26.764395, 2.5933712), (3.9000003, 26.677393, 2.6215396), (3.9, 26.604206, 2.6452353), (3.9, 26.541784, 2.6654453), (3.9000003, 26.487917, 2.682886), (3.9, 26.440956, 2.6980898), (3.9, 26.399656, 2.7114615), (3.9, 30.303122, 1.7463087), (3.9, 29.044676, 2.0711036), (3.9000003, 28.331762, 2.2551007), (3.9000003, 27.872843, 2.3735442), (3.9, 27.552704, 2.4561698), (3.9000003, 27.31666, 2.5170908), (3.9, 27.135424, 2.5638666), (3.9, 26.991892, 2.6009111), (3.9, 26.875406, 2.6309752), (3.9, 26.77898, 2.6558619), (3.9, 26.697844, 2.6768026), (3.9, 26.628628, 2.6946669), (3.9, 26.568884, 2.7100863), (3.9, 26.516792, 2.7235305), (3.9, 26.470972, 2.7353563), (3.9000003, 26.430355, 2.7458394)]
                                color3f[] primvars:displayColor = [(0.9, 0.6, 0.1)] (
                                    interpolation = "constant"
                                )
                                float[] primvars:displayOpacity = [0.45] (
                                    interpolation = "constant"
                                )
                                token purpose = "guide"
                                token subdivisionScheme = "none"
                                token[] xformOpOrder = ["!resetXformStack!"]
                            }
                        }
                    }
                }
            }
        }
    }
}

over "SecurityStudies"
{
    over "CriticalDoors"
    {
        rel aeco:cctvStudy:exclusionsCovered = None
        string aeco:cctvStudy:inputHash = "cb5508aa34c23704bb7553103dce00528caf9d5bb177a379394ddfbcc8de47b7"
        string aeco:cctvStudy:stamp = "aeco-cctv study 0.5.3"
        rel aeco:cctvStudy:unclassifiedInView = None
        rel aeco:cctvStudy:unphasedInView = None

        def Scope "Results"
        {
            def Scope "Office_Link" (
                prepend apiSchemas = ["AecoCctvCoverageAPI"]
            )
            {
                rel aeco:cctvCoverage:blockers = None
                double aeco:cctvCoverage:density = 344.2755294252369
                double aeco:cctvCoverage:dutyFraction = 1
                int aeco:cctvCoverage:enclosedSamples = 0
                bool aeco:cctvCoverage:fixedCoverage = 1
                double aeco:cctvCoverage:fraction = 1
                uniform token aeco:cctvCoverage:level = "identify"
                double aeco:cctvCoverage:nearestViewDistance = 2.9410924838112575
                double aeco:cctvCoverage:requiredDensity = 250
                rel aeco:cctvCoverage:target = </demo_datacentre_01/demo_datacentre_01_Site/demo_datacentre_01/L00_Ground/Office_Link>
                string[] aeco:cctvCoverage:viewNotes = ["sec_cam_door_office_link/Sensor_0 344 px/m 100%"]
                rel aeco:cctvCoverage:views = </demo_datacentre_01/demo_datacentre_01_Site/demo_datacentre_01/L00_Ground/Corridor_South/sec_cam_door_office_link/Sensor_0>
            }

            def Scope "door_elec_a" (
                prepend apiSchemas = ["AecoCctvCoverageAPI"]
            )
            {
                rel aeco:cctvCoverage:blockers = None
                double aeco:cctvCoverage:density = 344.27552942523704
                double aeco:cctvCoverage:dutyFraction = 1
                int aeco:cctvCoverage:enclosedSamples = 0
                bool aeco:cctvCoverage:fixedCoverage = 1
                double aeco:cctvCoverage:fraction = 1
                uniform token aeco:cctvCoverage:level = "identify"
                double aeco:cctvCoverage:nearestViewDistance = 2.9410924838112567
                double aeco:cctvCoverage:requiredDensity = 250
                rel aeco:cctvCoverage:target = </demo_datacentre_01/demo_datacentre_01_Site/demo_datacentre_01/L00_Ground/door_elec_a>
                string[] aeco:cctvCoverage:viewNotes = ["sec_cam_door_elec_a/Sensor_0 344 px/m 100%"]
                rel aeco:cctvCoverage:views = </demo_datacentre_01/demo_datacentre_01_Site/demo_datacentre_01/L00_Ground/Corridor_Spine/sec_cam_door_elec_a/Sensor_0>
            }

            def Scope "door_elec_b" (
                prepend apiSchemas = ["AecoCctvCoverageAPI"]
            )
            {
                rel aeco:cctvCoverage:blockers = None
                double aeco:cctvCoverage:density = 344.27552942523715
                double aeco:cctvCoverage:dutyFraction = 1
                int aeco:cctvCoverage:enclosedSamples = 0
                bool aeco:cctvCoverage:fixedCoverage = 1
                double aeco:cctvCoverage:fraction = 1
                uniform token aeco:cctvCoverage:level = "identify"
                double aeco:cctvCoverage:nearestViewDistance = 2.9410924838112558
                double aeco:cctvCoverage:requiredDensity = 250
                rel aeco:cctvCoverage:target = </demo_datacentre_01/demo_datacentre_01_Site/demo_datacentre_01/L00_Ground/door_elec_b>
                string[] aeco:cctvCoverage:viewNotes = ["sec_cam_door_elec_b/Sensor_0 344 px/m 100%"]
                rel aeco:cctvCoverage:views = </demo_datacentre_01/demo_datacentre_01_Site/demo_datacentre_01/L00_Ground/Corridor_Spine/sec_cam_door_elec_b/Sensor_0>
            }

            def Scope "door_hall_a_e" (
                prepend apiSchemas = ["AecoCctvCoverageAPI"]
            )
            {
                rel aeco:cctvCoverage:blockers = None
                double aeco:cctvCoverage:density = 342.78822743509045
                double aeco:cctvCoverage:dutyFraction = 1
                int aeco:cctvCoverage:enclosedSamples = 0
                bool aeco:cctvCoverage:fixedCoverage = 1
                double aeco:cctvCoverage:fraction = 1
                uniform token aeco:cctvCoverage:level = "identify"
                double aeco:cctvCoverage:nearestViewDistance = 2.953853402519312
                double aeco:cctvCoverage:requiredDensity = 250
                rel aeco:cctvCoverage:target = </demo_datacentre_01/demo_datacentre_01_Site/demo_datacentre_01/L00_Ground/door_hall_a_e>
                string[] aeco:cctvCoverage:viewNotes = ["sec_cam_door_hall_a_e/Sensor_0 343 px/m 100%"]
                rel aeco:cctvCoverage:views = </demo_datacentre_01/demo_datacentre_01_Site/demo_datacentre_01/L00_Ground/Corridor_Centre/sec_cam_door_hall_a_e/Sensor_0>
            }

            def Scope "door_hall_a_s" (
                prepend apiSchemas = ["AecoCctvCoverageAPI"]
            )
            {
                rel aeco:cctvCoverage:blockers = None
                double aeco:cctvCoverage:density = 342.7882274350904
                double aeco:cctvCoverage:dutyFraction = 1
                int aeco:cctvCoverage:enclosedSamples = 0
                bool aeco:cctvCoverage:fixedCoverage = 1
                double aeco:cctvCoverage:fraction = 1
                uniform token aeco:cctvCoverage:level = "identify"
                double aeco:cctvCoverage:nearestViewDistance = 2.9538534025193126
                double aeco:cctvCoverage:requiredDensity = 250
                rel aeco:cctvCoverage:target = </demo_datacentre_01/demo_datacentre_01_Site/demo_datacentre_01/L00_Ground/door_hall_a_s>
                string[] aeco:cctvCoverage:viewNotes = ["sec_cam_door_hall_a_s/Sensor_0 343 px/m 100%"]
                rel aeco:cctvCoverage:views = </demo_datacentre_01/demo_datacentre_01_Site/demo_datacentre_01/L00_Ground/Corridor_Spine/sec_cam_door_hall_a_s/Sensor_0>
            }

            def Scope "door_hall_a_w" (
                prepend apiSchemas = ["AecoCctvCoverageAPI"]
            )
            {
                rel aeco:cctvCoverage:blockers = None
                double aeco:cctvCoverage:density = 344.2755294252369
                double aeco:cctvCoverage:dutyFraction = 1
                int aeco:cctvCoverage:enclosedSamples = 0
                bool aeco:cctvCoverage:fixedCoverage = 1
                double aeco:cctvCoverage:fraction = 1
                uniform token aeco:cctvCoverage:level = "identify"
                double aeco:cctvCoverage:nearestViewDistance = 2.9410924838112575
                double aeco:cctvCoverage:requiredDensity = 250
                rel aeco:cctvCoverage:target = </demo_datacentre_01/demo_datacentre_01_Site/demo_datacentre_01/L00_Ground/door_hall_a_w>
                string[] aeco:cctvCoverage:viewNotes = ["sec_cam_door_hall_a_w/Sensor_0 344 px/m 100%"]
                rel aeco:cctvCoverage:views = </demo_datacentre_01/demo_datacentre_01_Site/demo_datacentre_01/L00_Ground/Corridor_West/sec_cam_door_hall_a_w/Sensor_0>
            }

            def Scope "door_hall_b_e" (
                prepend apiSchemas = ["AecoCctvCoverageAPI"]
            )
            {
                rel aeco:cctvCoverage:blockers = None
                double aeco:cctvCoverage:density = 342.7882274350903
                double aeco:cctvCoverage:dutyFraction = 1
                int aeco:cctvCoverage:enclosedSamples = 0
                bool aeco:cctvCoverage:fixedCoverage = 1
                double aeco:cctvCoverage:fraction = 1
                uniform token aeco:cctvCoverage:level = "identify"
                double aeco:cctvCoverage:nearestViewDistance = 2.9538534025193135
                double aeco:cctvCoverage:requiredDensity = 250
                rel aeco:cctvCoverage:target = </demo_datacentre_01/demo_datacentre_01_Site/demo_datacentre_01/L00_Ground/door_hall_b_e>
                string[] aeco:cctvCoverage:viewNotes = ["sec_cam_door_hall_b_e/Sensor_0 343 px/m 100%"]
                rel aeco:cctvCoverage:views = </demo_datacentre_01/demo_datacentre_01_Site/demo_datacentre_01/L00_Ground/Corridor_East/sec_cam_door_hall_b_e/Sensor_0>
            }

            def Scope "door_hall_b_s" (
                prepend apiSchemas = ["AecoCctvCoverageAPI"]
            )
            {
                rel aeco:cctvCoverage:blockers = None
                double aeco:cctvCoverage:density = 342.7882274350903
                double aeco:cctvCoverage:dutyFraction = 1
                int aeco:cctvCoverage:enclosedSamples = 0
                bool aeco:cctvCoverage:fixedCoverage = 1
                double aeco:cctvCoverage:fraction = 1
                uniform token aeco:cctvCoverage:level = "identify"
                double aeco:cctvCoverage:nearestViewDistance = 2.9538534025193135
                double aeco:cctvCoverage:requiredDensity = 250
                rel aeco:cctvCoverage:target = </demo_datacentre_01/demo_datacentre_01_Site/demo_datacentre_01/L00_Ground/door_hall_b_s>
                string[] aeco:cctvCoverage:viewNotes = ["sec_cam_door_hall_b_s/Sensor_0 343 px/m 100%"]
                rel aeco:cctvCoverage:views = </demo_datacentre_01/demo_datacentre_01_Site/demo_datacentre_01/L00_Ground/Corridor_Spine/sec_cam_door_hall_b_s/Sensor_0>
            }

            def Scope "door_hall_b_w" (
                prepend apiSchemas = ["AecoCctvCoverageAPI"]
            )
            {
                rel aeco:cctvCoverage:blockers = None
                double aeco:cctvCoverage:density = 344.275529425237
                double aeco:cctvCoverage:dutyFraction = 1
                int aeco:cctvCoverage:enclosedSamples = 0
                bool aeco:cctvCoverage:fixedCoverage = 1
                double aeco:cctvCoverage:fraction = 1
                uniform token aeco:cctvCoverage:level = "identify"
                double aeco:cctvCoverage:nearestViewDistance = 2.941092483811257
                double aeco:cctvCoverage:requiredDensity = 250
                rel aeco:cctvCoverage:target = </demo_datacentre_01/demo_datacentre_01_Site/demo_datacentre_01/L00_Ground/door_hall_b_w>
                string[] aeco:cctvCoverage:viewNotes = ["sec_cam_door_hall_b_w/Sensor_0 344 px/m 100%"]
                rel aeco:cctvCoverage:views = </demo_datacentre_01/demo_datacentre_01_Site/demo_datacentre_01/L00_Ground/Corridor_Centre/sec_cam_door_hall_b_w/Sensor_0>
            }

            def Scope "door_mmr_1" (
                prepend apiSchemas = ["AecoCctvCoverageAPI"]
            )
            {
                rel aeco:cctvCoverage:blockers = None
                double aeco:cctvCoverage:density = 364.7773066046889
                double aeco:cctvCoverage:dutyFraction = 1
                int aeco:cctvCoverage:enclosedSamples = 0
                bool aeco:cctvCoverage:fixedCoverage = 1
                double aeco:cctvCoverage:fraction = 1
                uniform token aeco:cctvCoverage:level = "identify"
                double aeco:cctvCoverage:nearestViewDistance = 2.7757926647833044
                double aeco:cctvCoverage:requiredDensity = 250
                rel aeco:cctvCoverage:target = </demo_datacentre_01/demo_datacentre_01_Site/demo_datacentre_01/L00_Ground/door_mmr_1>
                string[] aeco:cctvCoverage:viewNotes = ["sec_cam_door_mmr_1/Sensor_0 365 px/m 100%"]
                rel aeco:cctvCoverage:views = </demo_datacentre_01/demo_datacentre_01_Site/demo_datacentre_01/L00_Ground/Corridor_South/sec_cam_door_mmr_1/Sensor_0>
            }

            def Scope "door_mmr_2" (
                prepend apiSchemas = ["AecoCctvCoverageAPI"]
            )
            {
                rel aeco:cctvCoverage:blockers = None
                double aeco:cctvCoverage:density = 364.7773066046889
                double aeco:cctvCoverage:dutyFraction = 1
                int aeco:cctvCoverage:enclosedSamples = 0
                bool aeco:cctvCoverage:fixedCoverage = 1
                double aeco:cctvCoverage:fraction = 1
                uniform token aeco:cctvCoverage:level = "identify"
                double aeco:cctvCoverage:nearestViewDistance = 2.7757926647833044
                double aeco:cctvCoverage:requiredDensity = 250
                rel aeco:cctvCoverage:target = </demo_datacentre_01/demo_datacentre_01_Site/demo_datacentre_01/L00_Ground/door_mmr_2>
                string[] aeco:cctvCoverage:viewNotes = ["sec_cam_door_mmr_2/Sensor_0 365 px/m 100%"]
                rel aeco:cctvCoverage:views = </demo_datacentre_01/demo_datacentre_01_Site/demo_datacentre_01/L00_Ground/Corridor_Spine/sec_cam_door_mmr_2/Sensor_0>
            }
        }
    }
}

