#usda 1.0
(
    customLayerData = {
        string "aeco:cctv:densityModel" = "plane"
        string "aeco:cctv:layer" = "derived"
        string "aeco:cctv:levelSystem" = "dori2015"
        string "aeco:cctv:stamp" = "usdAecoCctv derive 0.5.3"
    }
)

over "demo_datacentre_01"
{
    over "demo_datacentre_01_Site"
    {
        over "Heat_Rejection_Yard"
        {
            over "sec_cam_ext_dock"
            {
                double aeco:cctv:mountHeight = 4

                over "Sensor_0"
                {
                    double aeco:cctvSensor:effectiveWidth = 7.315988828487922
                    double aeco:cctvSensor:hfov = 52
                    double aeco:cctvSensor:targetRange = 11.022433452330297
                    double aeco:cctvSensor:vfov = 29.999999999999996
                    float2 clippingRange = (0.05, 40)
                    float focalLength = 7.5
                    float horizontalAperture = 7.315989
                    float verticalAperture = 4.019238
                    matrix4d xformOp:transform = ( (1, 0, 0, 0), (0, 0.3491532268561263, 0.9370656456065147, 0), (0, -0.9370656456065147, 0.3491532268561263, 0), (0, 0, 0, 1) )
                    uniform token[] xformOpOrder = ["xformOp:transform"]

                    def Mesh "Sector" (
                        prepend apiSchemas = ["AecoDerivedGeometryAPI", "MaterialBindingAPI"]
                    )
                    {
                        uniform token aeco:derived:approx = "tessellated"
                        uniform token aeco:derived:role = "sector"
                        string aeco:derived:source = "36e6aabe-a946-534d-a4f0-43274b1f365b"
                        string aeco:derived:stamp = "usdAecoCctv derive 0.5.3"
                        uniform bool doubleSided = 1
                        float3[] extent = [(-17.534845, -10.352762, -40), (17.534845, 10.352762, 0)]
                        int[] faceVertexCounts = [4, 4, 4, 4, 4, 4, 4, 4, 4, 4, 4, 4, 4, 4, 4, 4, 4, 4, 4, 4, 4, 4, 4, 4, 4, 4, 4, 4, 4, 4, 4, 4, 4, 4, 4, 4, 4, 4, 4, 4, 4, 4, 4, 4, 4, 4, 4, 4, 4, 4, 4, 4, 4, 4, 4, 4, 4, 4, 4, 4, 4, 4, 4, 4, 4, 4, 4, 4, 4, 4, 4, 4, 4, 4, 4, 4, 4, 4, 4, 4, 4, 4, 4, 4, 4, 4, 4, 4, 4, 4, 4, 4, 4, 4, 4, 4, 4, 4, 4, 4, 4, 4, 4, 4, 4, 4, 4, 4, 4, 4, 4, 4, 4, 4, 4, 4, 4, 4, 4, 4, 4, 4, 4, 4, 4, 4, 4, 4, 4, 4, 4, 4, 4, 4, 4, 4, 4, 4, 4, 4, 4, 4, 4, 4, 4, 4, 4, 4, 4, 4, 4, 4, 4, 4, 4, 4, 4, 4, 4, 4, 4, 4, 4, 4, 4, 4, 4, 4, 4, 4, 4, 4, 4, 4, 4, 4, 4, 4, 4, 4, 4, 4, 4, 4, 4, 4, 4, 4, 4, 4, 4, 4, 4, 4, 4, 4, 4, 4, 4, 4, 4, 4, 4, 4, 4, 4, 4, 4, 4, 4, 4, 4, 4, 4, 4, 4, 4, 4, 4, 4, 4, 4, 4, 4, 4, 4, 4, 4, 4, 4, 4, 4, 4, 4, 4, 4, 4, 4, 4, 4, 4, 4, 4, 4, 4, 4, 4, 4, 4, 4, 4, 4, 4, 4, 4, 4, 4, 4, 4, 4, 4, 4, 4, 4, 4, 4, 4, 4, 4, 4, 4, 4, 4, 4, 4, 4, 4, 4, 4, 4, 4, 4, 4, 4, 4, 4, 4, 4, 4, 4, 4, 4, 4, 4, 4, 4, 4, 4, 4, 4, 4, 4, 4, 4, 4, 4, 4, 4, 4, 4, 4, 4, 4, 4, 4, 4, 4, 4, 4, 4, 4, 4, 4, 4, 4, 4, 4, 4, 4, 4, 4, 4, 4, 4, 4, 4, 3, 3, 3, 3, 3, 3, 3, 3, 3, 3, 3, 3, 3, 3, 3, 3, 3, 3, 3, 3, 3, 3, 3, 3, 3, 3, 3, 3, 3, 3, 3, 3, 3, 3, 3, 3, 3, 3, 3, 3, 3, 3, 3, 3, 3, 3, 3, 3, 3, 3, 3, 3, 3, 3, 3, 3, 3, 3, 3, 3, 3, 3, 3, 3, 3, 3, 3, 3, 3, 3, 3, 3, 3, 3, 3, 3]
                        int[] faceVertexIndices = [1, 26, 27, 2, 2, 27, 28, 3, 3, 28, 29, 4, 4, 29, 30, 5, 5, 30, 31, 6, 6, 31, 32, 7, 7, 32, 33, 8, 8, 33, 34, 9, 9, 34, 35, 10, 10, 35, 36, 11, 11, 36, 37, 12, 12, 37, 38, 13, 13, 38, 39, 14, 14, 39, 40, 15, 15, 40, 41, 16, 16, 41, 42, 17, 17, 42, 43, 18, 18, 43, 44, 19, 19, 44, 45, 20, 20, 45, 46, 21, 21, 46, 47, 22, 22, 47, 48, 23, 23, 48, 49, 24, 24, 49, 50, 25, 26, 51, 52, 27, 27, 52, 53, 28, 28, 53, 54, 29, 29, 54, 55, 30, 30, 55, 56, 31, 31, 56, 57, 32, 32, 57, 58, 33, 33, 58, 59, 34, 34, 59, 60, 35, 35, 60, 61, 36, 36, 61, 62, 37, 37, 62, 63, 38, 38, 63, 64, 39, 39, 64, 65, 40, 40, 65, 66, 41, 41, 66, 67, 42, 42, 67, 68, 43, 43, 68, 69, 44, 44, 69, 70, 45, 45, 70, 71, 46, 46, 71, 72, 47, 47, 72, 73, 48, 48, 73, 74, 49, 49, 74, 75, 50, 51, 76, 77, 52, 52, 77, 78, 53, 53, 78, 79, 54, 54, 79, 80, 55, 55, 80, 81, 56, 56, 81, 82, 57, 57, 82, 83, 58, 58, 83, 84, 59, 59, 84, 85, 60, 60, 85, 86, 61, 61, 86, 87, 62, 62, 87, 88, 63, 63, 88, 89, 64, 64, 89, 90, 65, 65, 90, 91, 66, 66, 91, 92, 67, 67, 92, 93, 68, 68, 93, 94, 69, 69, 94, 95, 70, 70, 95, 96, 71, 71, 96, 97, 72, 72, 97, 98, 73, 73, 98, 99, 74, 74, 99, 100, 75, 76, 101, 102, 77, 77, 102, 103, 78, 78, 103, 104, 79, 79, 104, 105, 80, 80, 105, 106, 81, 81, 106, 107, 82, 82, 107, 108, 83, 83, 108, 109, 84, 84, 109, 110, 85, 85, 110, 111, 86, 86, 111, 112, 87, 87, 112, 113, 88, 88, 113, 114, 89, 89, 114, 115, 90, 90, 115, 116, 91, 91, 116, 117, 92, 92, 117, 118, 93, 93, 118, 119, 94, 94, 119, 120, 95, 95, 120, 121, 96, 96, 121, 122, 97, 97, 122, 123, 98, 98, 123, 124, 99, 99, 124, 125, 100, 101, 126, 127, 102, 102, 127, 128, 103, 103, 128, 129, 104, 104, 129, 130, 105, 105, 130, 131, 106, 106, 131, 132, 107, 107, 132, 133, 108, 108, 133, 134, 109, 109, 134, 135, 110, 110, 135, 136, 111, 111, 136, 137, 112, 112, 137, 138, 113, 113, 138, 139, 114, 114, 139, 140, 115, 115, 140, 141, 116, 116, 141, 142, 117, 117, 142, 143, 118, 118, 143, 144, 119, 119, 144, 145, 120, 120, 145, 146, 121, 121, 146, 147, 122, 122, 147, 148, 123, 123, 148, 149, 124, 124, 149, 150, 125, 126, 151, 152, 127, 127, 152, 153, 128, 128, 153, 154, 129, 129, 154, 155, 130, 130, 155, 156, 131, 131, 156, 157, 132, 132, 157, 158, 133, 133, 158, 159, 134, 134, 159, 160, 135, 135, 160, 161, 136, 136, 161, 162, 137, 137, 162, 163, 138, 138, 163, 164, 139, 139, 164, 165, 140, 140, 165, 166, 141, 141, 166, 167, 142, 142, 167, 168, 143, 143, 168, 169, 144, 144, 169, 170, 145, 145, 170, 171, 146, 146, 171, 172, 147, 147, 172, 173, 148, 148, 173, 174, 149, 149, 174, 175, 150, 151, 176, 177, 152, 152, 177, 178, 153, 153, 178, 179, 154, 154, 179, 180, 155, 155, 180, 181, 156, 156, 181, 182, 157, 157, 182, 183, 158, 158, 183, 184, 159, 159, 184, 185, 160, 160, 185, 186, 161, 161, 186, 187, 162, 162, 187, 188, 163, 163, 188, 189, 164, 164, 189, 190, 165, 165, 190, 191, 166, 166, 191, 192, 167, 167, 192, 193, 168, 168, 193, 194, 169, 169, 194, 195, 170, 170, 195, 196, 171, 171, 196, 197, 172, 172, 197, 198, 173, 173, 198, 199, 174, 174, 199, 200, 175, 176, 201, 202, 177, 177, 202, 203, 178, 178, 203, 204, 179, 179, 204, 205, 180, 180, 205, 206, 181, 181, 206, 207, 182, 182, 207, 208, 183, 183, 208, 209, 184, 184, 209, 210, 185, 185, 210, 211, 186, 186, 211, 212, 187, 187, 212, 213, 188, 188, 213, 214, 189, 189, 214, 215, 190, 190, 215, 216, 191, 191, 216, 217, 192, 192, 217, 218, 193, 193, 218, 219, 194, 194, 219, 220, 195, 195, 220, 221, 196, 196, 221, 222, 197, 197, 222, 223, 198, 198, 223, 224, 199, 199, 224, 225, 200, 201, 226, 227, 202, 202, 227, 228, 203, 203, 228, 229, 204, 204, 229, 230, 205, 205, 230, 231, 206, 206, 231, 232, 207, 207, 232, 233, 208, 208, 233, 234, 209, 209, 234, 235, 210, 210, 235, 236, 211, 211, 236, 237, 212, 212, 237, 238, 213, 213, 238, 239, 214, 214, 239, 240, 215, 215, 240, 241, 216, 216, 241, 242, 217, 217, 242, 243, 218, 218, 243, 244, 219, 219, 244, 245, 220, 220, 245, 246, 221, 221, 246, 247, 222, 222, 247, 248, 223, 223, 248, 249, 224, 224, 249, 250, 225, 226, 251, 252, 227, 227, 252, 253, 228, 228, 253, 254, 229, 229, 254, 255, 230, 230, 255, 256, 231, 231, 256, 257, 232, 232, 257, 258, 233, 233, 258, 259, 234, 234, 259, 260, 235, 235, 260, 261, 236, 236, 261, 262, 237, 237, 262, 263, 238, 238, 263, 264, 239, 239, 264, 265, 240, 240, 265, 266, 241, 241, 266, 267, 242, 242, 267, 268, 243, 243, 268, 269, 244, 244, 269, 270, 245, 245, 270, 271, 246, 246, 271, 272, 247, 247, 272, 273, 248, 248, 273, 274, 249, 249, 274, 275, 250, 251, 276, 277, 252, 252, 277, 278, 253, 253, 278, 279, 254, 254, 279, 280, 255, 255, 280, 281, 256, 256, 281, 282, 257, 257, 282, 283, 258, 258, 283, 284, 259, 259, 284, 285, 260, 260, 285, 286, 261, 261, 286, 287, 262, 262, 287, 288, 263, 263, 288, 289, 264, 264, 289, 290, 265, 265, 290, 291, 266, 266, 291, 292, 267, 267, 292, 293, 268, 268, 293, 294, 269, 269, 294, 295, 270, 270, 295, 296, 271, 271, 296, 297, 272, 272, 297, 298, 273, 273, 298, 299, 274, 274, 299, 300, 275, 276, 301, 302, 277, 277, 302, 303, 278, 278, 303, 304, 279, 279, 304, 305, 280, 280, 305, 306, 281, 281, 306, 307, 282, 282, 307, 308, 283, 283, 308, 309, 284, 284, 309, 310, 285, 285, 310, 311, 286, 286, 311, 312, 287, 287, 312, 313, 288, 288, 313, 314, 289, 289, 314, 315, 290, 290, 315, 316, 291, 291, 316, 317, 292, 292, 317, 318, 293, 293, 318, 319, 294, 294, 319, 320, 295, 295, 320, 321, 296, 296, 321, 322, 297, 297, 322, 323, 298, 298, 323, 324, 299, 299, 324, 325, 300, 301, 326, 327, 302, 302, 327, 328, 303, 303, 328, 329, 304, 304, 329, 330, 305, 305, 330, 331, 306, 306, 331, 332, 307, 307, 332, 333, 308, 308, 333, 334, 309, 309, 334, 335, 310, 310, 335, 336, 311, 311, 336, 337, 312, 312, 337, 338, 313, 313, 338, 339, 314, 314, 339, 340, 315, 315, 340, 341, 316, 316, 341, 342, 317, 317, 342, 343, 318, 318, 343, 344, 319, 319, 344, 345, 320, 320, 345, 346, 321, 321, 346, 347, 322, 322, 347, 348, 323, 323, 348, 349, 324, 324, 349, 350, 325, 326, 351, 352, 327, 327, 352, 353, 328, 328, 353, 354, 329, 329, 354, 355, 330, 330, 355, 356, 331, 331, 356, 357, 332, 332, 357, 358, 333, 333, 358, 359, 334, 334, 359, 360, 335, 335, 360, 361, 336, 336, 361, 362, 337, 337, 362, 363, 338, 338, 363, 364, 339, 339, 364, 365, 340, 340, 365, 366, 341, 341, 366, 367, 342, 342, 367, 368, 343, 343, 368, 369, 344, 344, 369, 370, 345, 345, 370, 371, 346, 346, 371, 372, 347, 347, 372, 373, 348, 348, 373, 374, 349, 349, 374, 375, 350, 0, 1, 2, 0, 2, 3, 0, 3, 4, 0, 4, 5, 0, 5, 6, 0, 6, 7, 0, 7, 8, 0, 8, 9, 0, 9, 10, 0, 10, 11, 0, 11, 12, 0, 12, 13, 0, 13, 14, 0, 14, 15, 0, 15, 16, 0, 16, 17, 0, 17, 18, 0, 18, 19, 0, 19, 20, 0, 20, 21, 0, 21, 22, 0, 22, 23, 0, 23, 24, 0, 24, 25, 0, 352, 351, 0, 353, 352, 0, 354, 353, 0, 355, 354, 0, 356, 355, 0, 357, 356, 0, 358, 357, 0, 359, 358, 0, 360, 359, 0, 361, 360, 0, 362, 361, 0, 363, 362, 0, 364, 363, 0, 365, 364, 0, 366, 365, 0, 367, 366, 0, 368, 367, 0, 369, 368, 0, 370, 369, 0, 371, 370, 0, 372, 371, 0, 373, 372, 0, 374, 373, 0, 375, 374, 0, 26, 1, 0, 51, 26, 0, 76, 51, 0, 101, 76, 0, 126, 101, 0, 151, 126, 0, 176, 151, 0, 201, 176, 0, 226, 201, 0, 251, 226, 0, 276, 251, 0, 301, 276, 0, 326, 301, 0, 351, 326, 0, 25, 50, 0, 50, 75, 0, 75, 100, 0, 100, 125, 0, 125, 150, 0, 150, 175, 0, 175, 200, 0, 200, 225, 0, 225, 250, 0, 250, 275, 0, 275, 300, 0, 300, 325, 0, 325, 350, 0, 350, 375]
                        rel material:binding = </AecoCctvLooks/Sector>
                        point3f[] points = [(0, 0, 0), (-17.047441, -9.365477, -34.952435), (-15.858551, -9.504356, -35.47074), (-14.617625, -9.636709, -35.964687), (-13.326016, -9.761347, -36.429844), (-11.985768, -9.877063, -36.861702), (-10.5996685, -9.982657, -37.255787), (-9.171262, -10.076965, -37.60775), (-7.7048507, -10.158888, -37.913483), (-6.2054634, -10.227421, -38.169254), (-4.6787953, -10.281694, -38.371807), (-3.1311195, -10.320995, -38.51848), (-1.5691695, -10.344792, -38.607292), (0, -10.352762, -38.63703), (1.5691695, -10.344792, -38.607292), (3.1311195, -10.320995, -38.51848), (4.6787953, -10.281694, -38.371807), (6.2054634, -10.227421, -38.169254), (7.7048507, -10.158888, -37.913483), (9.171262, -10.076965, -37.60775), (10.5996685, -9.982657, -37.255787), (11.985768, -9.877063, -36.861702), (13.326016, -9.761347, -36.429844), (14.617625, -9.636709, -35.964687), (15.858551, -9.504356, -35.47074), (17.047441, -9.365477, -34.952435), (-17.17278, -8.086573, -35.209415), (-15.978672, -8.208298, -35.739418), (-14.731489, -8.324378, -36.244835), (-13.432553, -8.433759, -36.72109), (-12.083904, -8.535372, -37.163513), (-10.688345, -8.628147, -37.567463), (-9.249463, -8.711048, -37.92842), (-7.7716346, -8.783093, -38.24211), (-6.259989, -8.843389, -38.504635), (-4.72035, -8.891152, -38.712605), (-3.1591442, -8.925747, -38.86323), (-1.5832798, -8.946699, -38.954456), (0, -8.953716, -38.98501), (1.5832798, -8.946699, -38.954456), (3.1591442, -8.925747, -38.86323), (4.72035, -8.891152, -38.712605), (6.259989, -8.843389, -38.504635), (7.7716346, -8.783093, -38.24211), (9.249463, -8.711048, -37.92842), (10.688345, -8.628147, -37.567463), (12.083904, -8.535372, -37.163513), (13.432553, -8.433759, -36.72109), (14.731489, -8.324378, -36.244835), (15.978672, -8.208298, -35.739418), (17.17278, -8.086573, -35.209415), (-17.281023, -6.7812862, -35.431347), (-16.082474, -6.8846846, -35.97159), (-14.829942, -6.983342, -36.487064), (-13.524724, -7.076358, -36.973057), (-12.168852, -7.1628113, -37.424767), (-10.765142, -7.241785, -37.83739), (-9.31722, -7.3123837, -38.20626), (-7.829521, -7.3737617, -38.526955), (-6.3072658, -7.425146, -38.795433), (-4.7563896, -7.465863, -39.008175), (-3.1834545, -7.4953604, -39.162292), (-1.5955215, -7.5132275, -39.255646), (0, -7.519212, -39.28691), (1.5955215, -7.5132275, -39.255646), (3.1834545, -7.4953604, -39.162292), (4.7563896, -7.465863, -39.008175), (6.3072658, -7.425146, -38.795433), (7.829521, -7.3737617, -38.526955), (9.31722, -7.3123837, -38.20626), (10.765142, -7.241785, -37.83739), (12.168852, -7.1628113, -37.424767), (13.524724, -7.076358, -36.973057), (14.829942, -6.983342, -36.487064), (16.082474, -6.8846846, -35.97159), (17.281023, -6.7812862, -35.431347), (-17.371124, -5.453315, -35.616085), (-16.168922, -5.537354, -36.16495), (-14.911979, -5.6175785, -36.688904), (-13.601564, -5.6932497, -37.18312), (-12.239704, -5.7636127, -37.642666), (-10.829223, -5.8279138, -38.062626), (-9.373778, -5.8854175, -38.438187), (-7.8778577, -5.9354277, -38.764805), (-6.3467536, -5.977307, -39.038322), (-4.7864985, -6.0104995, -39.255104), (-3.2037675, -6.0345497, -39.41218), (-1.6057513, -6.0491195, -39.507336), (0, -6.0539994, -39.53921), (1.6057513, -6.0491195, -39.507336), (3.2037675, -6.0345497, -39.41218), (4.7864985, -6.0104995, -39.255104), (6.3467536, -5.977307, -39.038322), (7.8778577, -5.9354277, -38.764805), (9.373778, -5.8854175, -38.438187), (10.829223, -5.8279138, -38.062626), (12.239704, -5.7636127, -37.642666), (13.601564, -5.6932497, -37.18312), (14.911979, -5.6175785, -36.688904), (16.168922, -5.537354, -36.16495), (17.371124, -5.453315, -35.616085), (-17.442186, -4.106717, -35.76178), (-16.237133, -4.1705356, -36.317516), (-14.976735, -4.23148, -36.84823), (-13.662243, -4.288986, -37.349), (-12.295674, -4.342477, -37.814804), (-10.879863, -4.3913746, -38.240612), (-9.418488, -4.4351163, -38.62152), (-7.9160776, -4.473168, -38.952877), (-6.377985, -4.5050397, -39.23042), (-4.810316, -4.530306, -39.45044), (-3.2198384, -4.5486155, -39.609882), (-1.6138453, -4.559708, -39.706482), (0, -4.563424, -39.73884), (1.6138453, -4.559708, -39.706482), (3.2198384, -4.5486155, -39.609882), (4.810316, -4.530306, -39.45044), (6.377985, -4.5050397, -39.23042), (7.9160776, -4.473168, -38.952877), (9.418488, -4.4351163, -38.62152), (10.879863, -4.3913746, -38.240612), (12.295674, -4.342477, -37.814804), (13.662243, -4.288986, -37.349), (14.976735, -4.23148, -36.84823), (16.237133, -4.1705356, -36.317516), (17.442186, -4.106717, -35.76178), (-17.493483, -2.7458632, -35.866955), (-16.286388, -2.788791, -36.427685), (-15.02351, -2.829797, -36.96331), (-13.706085, -2.8684998, -37.468853), (-12.336126, -2.9045088, -37.939213), (-10.9164715, -2.937434, -38.369286), (-9.450817, -2.9668937, -38.754093), (-7.943721, -2.9925256, -39.0889), (-6.400577, -3.0139985, -39.369385), (-4.827548, -3.031023, -39.591763), (-3.2314668, -3.0433617, -39.752934), (-1.6197023, -3.0508375, -39.850582), (0, -3.0533419, -39.883293), (1.6197023, -3.0508375, -39.850582), (3.2314668, -3.0433617, -39.752934), (4.827548, -3.031023, -39.591763), (6.400577, -3.0139985, -39.369385), (7.943721, -2.9925256, -39.0889), (9.450817, -2.9668937, -38.754093), (10.9164715, -2.937434, -38.369286), (12.336126, -2.9045088, -37.939213), (13.706085, -2.8684998, -37.468853), (15.02351, -2.829797, -36.96331), (16.286388, -2.788791, -36.427685), (17.493483, -2.7458632, -35.866955), (-17.524477, -1.3753642, -35.930504), (-16.316156, -1.3969442, -36.494267), (-15.051785, -1.4175615, -37.032883), (-13.7325945, -1.4370239, -37.54132), (-12.360591, -1.4551344, -38.01445), (-10.938615, -1.4716963, -38.447117), (-9.470375, -1.4865167, -38.834293), (-7.9604464, -1.4994131, -39.171204), (-6.4142485, -1.5102181, -39.453476), (-4.837977, -1.5187854, -39.677288), (-3.2385044, -1.5249949, -39.839508), (-1.6232473, -1.5287573, -39.9378), (0, -1.5300177, -39.970726), (1.6232473, -1.5287573, -39.9378), (3.2385044, -1.5249949, -39.839508), (4.837977, -1.5187854, -39.677288), (6.4142485, -1.5102181, -39.453476), (7.9604464, -1.4994131, -39.171204), (9.470375, -1.4865167, -38.834293), (10.938615, -1.4716963, -38.447117), (12.360591, -1.4551344, -38.01445), (13.7325945, -1.4370239, -37.54132), (15.051785, -1.4175615, -37.032883), (16.316156, -1.3969442, -36.494267), (17.524477, -1.3753642, -35.930504), (-17.534845, 0, -35.951763), (-16.326117, 0, -36.516544), (-15.061247, 0, -37.05616), (-13.741465, 0, -37.56557), (-12.368777, 0, -38.039627), (-10.946027, 0, -38.473167), (-9.476921, 0, -38.861137), (-7.9660454, 0, -39.198753), (-6.418825, 0, -39.481625), (-4.841468, 0, -39.70592), (-3.2408607, 0, -39.868496), (-1.6244341, 0, -39.967003), (0, 0, -40), (1.6244341, 0, -39.967003), (3.2408607, 0, -39.868496), (4.841468, 0, -39.70592), (6.418825, 0, -39.481625), (7.9660454, 0, -39.198753), (9.476921, 0, -38.861137), (10.946027, 0, -38.473167), (12.368777, 0, -38.039627), (13.741465, 0, -37.56557), (15.061247, 0, -37.05616), (16.326117, 0, -36.516544), (17.534845, 0, -35.951763), (-17.524477, 1.3753642, -35.930504), (-16.316156, 1.3969442, -36.494267), (-15.051785, 1.4175615, -37.032883), (-13.7325945, 1.4370239, -37.54132), (-12.360591, 1.4551344, -38.01445), (-10.938615, 1.4716963, -38.447117), (-9.470375, 1.4865167, -38.834293), (-7.9604464, 1.4994131, -39.171204), (-6.4142485, 1.5102181, -39.453476), (-4.837977, 1.5187854, -39.677288), (-3.2385044, 1.5249949, -39.839508), (-1.6232473, 1.5287573, -39.9378), (0, 1.5300177, -39.970726), (1.6232473, 1.5287573, -39.9378), (3.2385044, 1.5249949, -39.839508), (4.837977, 1.5187854, -39.677288), (6.4142485, 1.5102181, -39.453476), (7.9604464, 1.4994131, -39.171204), (9.470375, 1.4865167, -38.834293), (10.938615, 1.4716963, -38.447117), (12.360591, 1.4551344, -38.01445), (13.7325945, 1.4370239, -37.54132), (15.051785, 1.4175615, -37.032883), (16.316156, 1.3969442, -36.494267), (17.524477, 1.3753642, -35.930504), (-17.493483, 2.7458632, -35.866955), (-16.286388, 2.788791, -36.427685), (-15.02351, 2.829797, -36.96331), (-13.706085, 2.8684998, -37.468853), (-12.336126, 2.9045088, -37.939213), (-10.9164715, 2.937434, -38.369286), (-9.450817, 2.9668937, -38.754093), (-7.943721, 2.9925256, -39.0889), (-6.400577, 3.0139985, -39.369385), (-4.827548, 3.031023, -39.591763), (-3.2314668, 3.0433617, -39.752934), (-1.6197023, 3.0508375, -39.850582), (0, 3.0533419, -39.883293), (1.6197023, 3.0508375, -39.850582), (3.2314668, 3.0433617, -39.752934), (4.827548, 3.031023, -39.591763), (6.400577, 3.0139985, -39.369385), (7.943721, 2.9925256, -39.0889), (9.450817, 2.9668937, -38.754093), (10.9164715, 2.937434, -38.369286), (12.336126, 2.9045088, -37.939213), (13.706085, 2.8684998, -37.468853), (15.02351, 2.829797, -36.96331), (16.286388, 2.788791, -36.427685), (17.493483, 2.7458632, -35.866955), (-17.442186, 4.106717, -35.76178), (-16.237133, 4.1705356, -36.317516), (-14.976735, 4.23148, -36.84823), (-13.662243, 4.288986, -37.349), (-12.295674, 4.342477, -37.814804), (-10.879863, 4.3913746, -38.240612), (-9.418488, 4.4351163, -38.62152), (-7.9160776, 4.473168, -38.952877), (-6.377985, 4.5050397, -39.23042), (-4.810316, 4.530306, -39.45044), (-3.2198384, 4.5486155, -39.609882), (-1.6138453, 4.559708, -39.706482), (0, 4.563424, -39.73884), (1.6138453, 4.559708, -39.706482), (3.2198384, 4.5486155, -39.609882), (4.810316, 4.530306, -39.45044), (6.377985, 4.5050397, -39.23042), (7.9160776, 4.473168, -38.952877), (9.418488, 4.4351163, -38.62152), (10.879863, 4.3913746, -38.240612), (12.295674, 4.342477, -37.814804), (13.662243, 4.288986, -37.349), (14.976735, 4.23148, -36.84823), (16.237133, 4.1705356, -36.317516), (17.442186, 4.106717, -35.76178), (-17.371124, 5.453315, -35.616085), (-16.168922, 5.537354, -36.16495), (-14.911979, 5.6175785, -36.688904), (-13.601564, 5.6932497, -37.18312), (-12.239704, 5.7636127, -37.642666), (-10.829223, 5.8279138, -38.062626), (-9.373778, 5.8854175, -38.438187), (-7.8778577, 5.9354277, -38.764805), (-6.3467536, 5.977307, -39.038322), (-4.7864985, 6.0104995, -39.255104), (-3.2037675, 6.0345497, -39.41218), (-1.6057513, 6.0491195, -39.507336), (0, 6.0539994, -39.53921), (1.6057513, 6.0491195, -39.507336), (3.2037675, 6.0345497, -39.41218), (4.7864985, 6.0104995, -39.255104), (6.3467536, 5.977307, -39.038322), (7.8778577, 5.9354277, -38.764805), (9.373778, 5.8854175, -38.438187), (10.829223, 5.8279138, -38.062626), (12.239704, 5.7636127, -37.642666), (13.601564, 5.6932497, -37.18312), (14.911979, 5.6175785, -36.688904), (16.168922, 5.537354, -36.16495), (17.371124, 5.453315, -35.616085), (-17.281023, 6.7812862, -35.431347), (-16.082474, 6.8846846, -35.97159), (-14.829942, 6.983342, -36.487064), (-13.524724, 7.076358, -36.973057), (-12.168852, 7.1628113, -37.424767), (-10.765142, 7.241785, -37.83739), (-9.31722, 7.3123837, -38.20626), (-7.829521, 7.3737617, -38.526955), (-6.3072658, 7.425146, -38.795433), (-4.7563896, 7.465863, -39.008175), (-3.1834545, 7.4953604, -39.162292), (-1.5955215, 7.5132275, -39.255646), (0, 7.519212, -39.28691), (1.5955215, 7.5132275, -39.255646), (3.1834545, 7.4953604, -39.162292), (4.7563896, 7.465863, -39.008175), (6.3072658, 7.425146, -38.795433), (7.829521, 7.3737617, -38.526955), (9.31722, 7.3123837, -38.20626), (10.765142, 7.241785, -37.83739), (12.168852, 7.1628113, -37.424767), (13.524724, 7.076358, -36.973057), (14.829942, 6.983342, -36.487064), (16.082474, 6.8846846, -35.97159), (17.281023, 6.7812862, -35.431347), (-17.17278, 8.086573, -35.209415), (-15.978672, 8.208298, -35.739418), (-14.731489, 8.324378, -36.244835), (-13.432553, 8.433759, -36.72109), (-12.083904, 8.535372, -37.163513), (-10.688345, 8.628147, -37.567463), (-9.249463, 8.711048, -37.92842), (-7.7716346, 8.783093, -38.24211), (-6.259989, 8.843389, -38.504635), (-4.72035, 8.891152, -38.712605), (-3.1591442, 8.925747, -38.86323), (-1.5832798, 8.946699, -38.954456), (0, 8.953716, -38.98501), (1.5832798, 8.946699, -38.954456), (3.1591442, 8.925747, -38.86323), (4.72035, 8.891152, -38.712605), (6.259989, 8.843389, -38.504635), (7.7716346, 8.783093, -38.24211), (9.249463, 8.711048, -37.92842), (10.688345, 8.628147, -37.567463), (12.083904, 8.535372, -37.163513), (13.432553, 8.433759, -36.72109), (14.731489, 8.324378, -36.244835), (15.978672, 8.208298, -35.739418), (17.17278, 8.086573, -35.209415), (-17.047441, 9.365477, -34.952435), (-15.858551, 9.504356, -35.47074), (-14.617625, 9.636709, -35.964687), (-13.326016, 9.761347, -36.429844), (-11.985768, 9.877063, -36.861702), (-10.5996685, 9.982657, -37.255787), (-9.171262, 10.076965, -37.60775), (-7.7048507, 10.158888, -37.913483), (-6.2054634, 10.227421, -38.169254), (-4.6787953, 10.281694, -38.371807), (-3.1311195, 10.320995, -38.51848), (-1.5691695, 10.344792, -38.607292), (0, 10.352762, -38.63703), (1.5691695, 10.344792, -38.607292), (3.1311195, 10.320995, -38.51848), (4.6787953, 10.281694, -38.371807), (6.2054634, 10.227421, -38.169254), (7.7048507, 10.158888, -37.913483), (9.171262, 10.076965, -37.60775), (10.5996685, 9.982657, -37.255787), (11.985768, 9.877063, -36.861702), (13.326016, 9.761347, -36.429844), (14.617625, 9.636709, -35.964687), (15.858551, 9.504356, -35.47074), (17.047441, 9.365477, -34.952435)]
                        color3f[] primvars:displayColor = [(0, 0.85, 0.95)] (
                            interpolation = "constant"
                        )
                        float[] primvars:displayOpacity = [0.3] (
                            interpolation = "constant"
                        )
                        uniform token purpose = "guide"
                        uniform token subdivisionScheme = "none"
                    }

                    def Mesh "Shell_identify" (
                        prepend apiSchemas = ["AecoDerivedGeometryAPI", "MaterialBindingAPI"]
                    )
                    {
                        uniform token aeco:derived:approx = "tessellated"
                        uniform token aeco:derived:role = "coverage"
                        string aeco:derived:source = "36e6aabe-a946-534d-a4f0-43274b1f365b"
                        string aeco:derived:stamp = "usdAecoCctv derive 0.5.3"
                        uniform bool doubleSided = 1
                        float3[] extent = [(-4.831917, -2.8528156, -11.022433), (4.831917, 2.8528156, 0)]
                        int[] faceVertexCounts = [4, 4, 4, 4, 4, 4, 4, 4, 4, 4, 4, 4, 4, 4, 4, 4, 4, 4, 4, 4, 4, 4, 4, 4, 4, 4, 4, 4, 4, 4, 4, 4, 4, 4, 4, 4, 4, 4, 4, 4, 4, 4, 4, 4, 4, 4, 4, 4, 4, 4, 4, 4, 4, 4, 4, 4, 4, 4, 4, 4, 4, 4, 4, 4, 4, 4, 4, 4, 4, 4, 4, 4, 4, 4, 4, 4, 4, 4, 4, 4, 4, 4, 4, 4, 4, 4, 4, 4, 4, 4, 4, 4, 4, 4, 4, 4, 4, 4, 4, 4, 4, 4, 4, 4, 4, 4, 4, 4, 4, 4, 4, 4, 4, 4, 4, 4, 4, 4, 4, 4, 4, 4, 4, 4, 4, 4, 4, 4, 4, 4, 4, 4, 4, 4, 4, 4, 4, 4, 4, 4, 4, 4, 4, 4, 4, 4, 4, 4, 4, 4, 4, 4, 4, 4, 4, 4, 4, 4, 4, 4, 4, 4, 4, 4, 4, 4, 4, 4, 4, 4, 4, 4, 4, 4, 4, 4, 4, 4, 4, 4, 4, 4, 4, 4, 4, 4, 4, 4, 4, 4, 4, 4, 4, 4, 4, 4, 4, 4, 4, 4, 4, 4, 4, 4, 4, 4, 4, 4, 4, 4, 4, 4, 4, 4, 4, 4, 4, 4, 4, 4, 4, 4, 4, 4, 4, 4, 4, 4, 4, 4, 4, 4, 4, 4, 4, 4, 4, 4, 4, 4, 4, 4, 4, 4, 4, 4, 4, 4, 4, 4, 4, 4, 4, 4, 4, 4, 4, 4, 4, 4, 4, 4, 4, 4, 4, 4, 4, 4, 4, 4, 4, 4, 4, 4, 4, 4, 4, 4, 4, 4, 4, 4, 4, 4, 4, 4, 4, 4, 4, 4, 4, 4, 4, 4, 4, 4, 4, 4, 4, 4, 4, 4, 4, 4, 4, 4, 4, 4, 4, 4, 4, 4, 4, 4, 4, 4, 4, 4, 4, 4, 4, 4, 4, 4, 4, 4, 4, 4, 4, 4, 4, 4, 4, 4, 4, 4, 3, 3, 3, 3, 3, 3, 3, 3, 3, 3, 3, 3, 3, 3, 3, 3, 3, 3, 3, 3, 3, 3, 3, 3, 3, 3, 3, 3, 3, 3, 3, 3, 3, 3, 3, 3, 3, 3, 3, 3, 3, 3, 3, 3, 3, 3, 3, 3, 3, 3, 3, 3, 3, 3, 3, 3, 3, 3, 3, 3, 3, 3, 3, 3, 3, 3, 3, 3, 3, 3, 3, 3, 3, 3, 3, 3]
                        int[] faceVertexIndices = [1, 26, 27, 2, 2, 27, 28, 3, 3, 28, 29, 4, 4, 29, 30, 5, 5, 30, 31, 6, 6, 31, 32, 7, 7, 32, 33, 8, 8, 33, 34, 9, 9, 34, 35, 10, 10, 35, 36, 11, 11, 36, 37, 12, 12, 37, 38, 13, 13, 38, 39, 14, 14, 39, 40, 15, 15, 40, 41, 16, 16, 41, 42, 17, 17, 42, 43, 18, 18, 43, 44, 19, 19, 44, 45, 20, 20, 45, 46, 21, 21, 46, 47, 22, 22, 47, 48, 23, 23, 48, 49, 24, 24, 49, 50, 25, 26, 51, 52, 27, 27, 52, 53, 28, 28, 53, 54, 29, 29, 54, 55, 30, 30, 55, 56, 31, 31, 56, 57, 32, 32, 57, 58, 33, 33, 58, 59, 34, 34, 59, 60, 35, 35, 60, 61, 36, 36, 61, 62, 37, 37, 62, 63, 38, 38, 63, 64, 39, 39, 64, 65, 40, 40, 65, 66, 41, 41, 66, 67, 42, 42, 67, 68, 43, 43, 68, 69, 44, 44, 69, 70, 45, 45, 70, 71, 46, 46, 71, 72, 47, 47, 72, 73, 48, 48, 73, 74, 49, 49, 74, 75, 50, 51, 76, 77, 52, 52, 77, 78, 53, 53, 78, 79, 54, 54, 79, 80, 55, 55, 80, 81, 56, 56, 81, 82, 57, 57, 82, 83, 58, 58, 83, 84, 59, 59, 84, 85, 60, 60, 85, 86, 61, 61, 86, 87, 62, 62, 87, 88, 63, 63, 88, 89, 64, 64, 89, 90, 65, 65, 90, 91, 66, 66, 91, 92, 67, 67, 92, 93, 68, 68, 93, 94, 69, 69, 94, 95, 70, 70, 95, 96, 71, 71, 96, 97, 72, 72, 97, 98, 73, 73, 98, 99, 74, 74, 99, 100, 75, 76, 101, 102, 77, 77, 102, 103, 78, 78, 103, 104, 79, 79, 104, 105, 80, 80, 105, 106, 81, 81, 106, 107, 82, 82, 107, 108, 83, 83, 108, 109, 84, 84, 109, 110, 85, 85, 110, 111, 86, 86, 111, 112, 87, 87, 112, 113, 88, 88, 113, 114, 89, 89, 114, 115, 90, 90, 115, 116, 91, 91, 116, 117, 92, 92, 117, 118, 93, 93, 118, 119, 94, 94, 119, 120, 95, 95, 120, 121, 96, 96, 121, 122, 97, 97, 122, 123, 98, 98, 123, 124, 99, 99, 124, 125, 100, 101, 126, 127, 102, 102, 127, 128, 103, 103, 128, 129, 104, 104, 129, 130, 105, 105, 130, 131, 106, 106, 131, 132, 107, 107, 132, 133, 108, 108, 133, 134, 109, 109, 134, 135, 110, 110, 135, 136, 111, 111, 136, 137, 112, 112, 137, 138, 113, 113, 138, 139, 114, 114, 139, 140, 115, 115, 140, 141, 116, 116, 141, 142, 117, 117, 142, 143, 118, 118, 143, 144, 119, 119, 144, 145, 120, 120, 145, 146, 121, 121, 146, 147, 122, 122, 147, 148, 123, 123, 148, 149, 124, 124, 149, 150, 125, 126, 151, 152, 127, 127, 152, 153, 128, 128, 153, 154, 129, 129, 154, 155, 130, 130, 155, 156, 131, 131, 156, 157, 132, 132, 157, 158, 133, 133, 158, 159, 134, 134, 159, 160, 135, 135, 160, 161, 136, 136, 161, 162, 137, 137, 162, 163, 138, 138, 163, 164, 139, 139, 164, 165, 140, 140, 165, 166, 141, 141, 166, 167, 142, 142, 167, 168, 143, 143, 168, 169, 144, 144, 169, 170, 145, 145, 170, 171, 146, 146, 171, 172, 147, 147, 172, 173, 148, 148, 173, 174, 149, 149, 174, 175, 150, 151, 176, 177, 152, 152, 177, 178, 153, 153, 178, 179, 154, 154, 179, 180, 155, 155, 180, 181, 156, 156, 181, 182, 157, 157, 182, 183, 158, 158, 183, 184, 159, 159, 184, 185, 160, 160, 185, 186, 161, 161, 186, 187, 162, 162, 187, 188, 163, 163, 188, 189, 164, 164, 189, 190, 165, 165, 190, 191, 166, 166, 191, 192, 167, 167, 192, 193, 168, 168, 193, 194, 169, 169, 194, 195, 170, 170, 195, 196, 171, 171, 196, 197, 172, 172, 197, 198, 173, 173, 198, 199, 174, 174, 199, 200, 175, 176, 201, 202, 177, 177, 202, 203, 178, 178, 203, 204, 179, 179, 204, 205, 180, 180, 205, 206, 181, 181, 206, 207, 182, 182, 207, 208, 183, 183, 208, 209, 184, 184, 209, 210, 185, 185, 210, 211, 186, 186, 211, 212, 187, 187, 212, 213, 188, 188, 213, 214, 189, 189, 214, 215, 190, 190, 215, 216, 191, 191, 216, 217, 192, 192, 217, 218, 193, 193, 218, 219, 194, 194, 219, 220, 195, 195, 220, 221, 196, 196, 221, 222, 197, 197, 222, 223, 198, 198, 223, 224, 199, 199, 224, 225, 200, 201, 226, 227, 202, 202, 227, 228, 203, 203, 228, 229, 204, 204, 229, 230, 205, 205, 230, 231, 206, 206, 231, 232, 207, 207, 232, 233, 208, 208, 233, 234, 209, 209, 234, 235, 210, 210, 235, 236, 211, 211, 236, 237, 212, 212, 237, 238, 213, 213, 238, 239, 214, 214, 239, 240, 215, 215, 240, 241, 216, 216, 241, 242, 217, 217, 242, 243, 218, 218, 243, 244, 219, 219, 244, 245, 220, 220, 245, 246, 221, 221, 246, 247, 222, 222, 247, 248, 223, 223, 248, 249, 224, 224, 249, 250, 225, 226, 251, 252, 227, 227, 252, 253, 228, 228, 253, 254, 229, 229, 254, 255, 230, 230, 255, 256, 231, 231, 256, 257, 232, 232, 257, 258, 233, 233, 258, 259, 234, 234, 259, 260, 235, 235, 260, 261, 236, 236, 261, 262, 237, 237, 262, 263, 238, 238, 263, 264, 239, 239, 264, 265, 240, 240, 265, 266, 241, 241, 266, 267, 242, 242, 267, 268, 243, 243, 268, 269, 244, 244, 269, 270, 245, 245, 270, 271, 246, 246, 271, 272, 247, 247, 272, 273, 248, 248, 273, 274, 249, 249, 274, 275, 250, 251, 276, 277, 252, 252, 277, 278, 253, 253, 278, 279, 254, 254, 279, 280, 255, 255, 280, 281, 256, 256, 281, 282, 257, 257, 282, 283, 258, 258, 283, 284, 259, 259, 284, 285, 260, 260, 285, 286, 261, 261, 286, 287, 262, 262, 287, 288, 263, 263, 288, 289, 264, 264, 289, 290, 265, 265, 290, 291, 266, 266, 291, 292, 267, 267, 292, 293, 268, 268, 293, 294, 269, 269, 294, 295, 270, 270, 295, 296, 271, 271, 296, 297, 272, 272, 297, 298, 273, 273, 298, 299, 274, 274, 299, 300, 275, 276, 301, 302, 277, 277, 302, 303, 278, 278, 303, 304, 279, 279, 304, 305, 280, 280, 305, 306, 281, 281, 306, 307, 282, 282, 307, 308, 283, 283, 308, 309, 284, 284, 309, 310, 285, 285, 310, 311, 286, 286, 311, 312, 287, 287, 312, 313, 288, 288, 313, 314, 289, 289, 314, 315, 290, 290, 315, 316, 291, 291, 316, 317, 292, 292, 317, 318, 293, 293, 318, 319, 294, 294, 319, 320, 295, 295, 320, 321, 296, 296, 321, 322, 297, 297, 322, 323, 298, 298, 323, 324, 299, 299, 324, 325, 300, 301, 326, 327, 302, 302, 327, 328, 303, 303, 328, 329, 304, 304, 329, 330, 305, 305, 330, 331, 306, 306, 331, 332, 307, 307, 332, 333, 308, 308, 333, 334, 309, 309, 334, 335, 310, 310, 335, 336, 311, 311, 336, 337, 312, 312, 337, 338, 313, 313, 338, 339, 314, 314, 339, 340, 315, 315, 340, 341, 316, 316, 341, 342, 317, 317, 342, 343, 318, 318, 343, 344, 319, 319, 344, 345, 320, 320, 345, 346, 321, 321, 346, 347, 322, 322, 347, 348, 323, 323, 348, 349, 324, 324, 349, 350, 325, 326, 351, 352, 327, 327, 352, 353, 328, 328, 353, 354, 329, 329, 354, 355, 330, 330, 355, 356, 331, 331, 356, 357, 332, 332, 357, 358, 333, 333, 358, 359, 334, 334, 359, 360, 335, 335, 360, 361, 336, 336, 361, 362, 337, 337, 362, 363, 338, 338, 363, 364, 339, 339, 364, 365, 340, 340, 365, 366, 341, 341, 366, 367, 342, 342, 367, 368, 343, 343, 368, 369, 344, 344, 369, 370, 345, 345, 370, 371, 346, 346, 371, 372, 347, 347, 372, 373, 348, 348, 373, 374, 349, 349, 374, 375, 350, 0, 1, 2, 0, 2, 3, 0, 3, 4, 0, 4, 5, 0, 5, 6, 0, 6, 7, 0, 7, 8, 0, 8, 9, 0, 9, 10, 0, 10, 11, 0, 11, 12, 0, 12, 13, 0, 13, 14, 0, 14, 15, 0, 15, 16, 0, 16, 17, 0, 17, 18, 0, 18, 19, 0, 19, 20, 0, 20, 21, 0, 21, 22, 0, 22, 23, 0, 23, 24, 0, 24, 25, 0, 352, 351, 0, 353, 352, 0, 354, 353, 0, 355, 354, 0, 356, 355, 0, 357, 356, 0, 358, 357, 0, 359, 358, 0, 360, 359, 0, 361, 360, 0, 362, 361, 0, 363, 362, 0, 364, 363, 0, 365, 364, 0, 366, 365, 0, 367, 366, 0, 368, 367, 0, 369, 368, 0, 370, 369, 0, 371, 370, 0, 372, 371, 0, 373, 372, 0, 374, 373, 0, 375, 374, 0, 26, 1, 0, 51, 26, 0, 76, 51, 0, 101, 76, 0, 126, 101, 0, 151, 126, 0, 176, 151, 0, 201, 176, 0, 226, 201, 0, 251, 226, 0, 276, 251, 0, 301, 276, 0, 326, 301, 0, 351, 326, 0, 25, 50, 0, 50, 75, 0, 75, 100, 0, 100, 125, 0, 125, 150, 0, 150, 175, 0, 175, 200, 0, 200, 225, 0, 225, 250, 0, 250, 275, 0, 275, 300, 0, 300, 325, 0, 325, 350, 0, 350, 375]
                        rel material:binding = </AecoCctvLooks/Shell_identify>
                        point3f[] points = [(0, 0, 0), (-4.697607, -2.5807586, -9.631522), (-4.3699956, -2.6190286, -9.774347), (-4.028045, -2.6554997, -9.9104595), (-3.6721282, -2.6898448, -10.038638), (-3.3028083, -2.7217317, -10.157641), (-2.9208536, -2.7508295, -10.266235), (-2.5272408, -2.776817, -10.363222), (-2.123155, -2.7993915, -10.447472), (-1.7099826, -2.8182766, -10.517952), (-1.2892927, -2.8332324, -10.573768), (-0.8628139, -2.844062, -10.614184), (-0.43240166, -2.8506198, -10.638658), (0, -2.8528156, -10.646853), (0.43240166, -2.8506198, -10.638658), (0.8628139, -2.844062, -10.614184), (1.2892927, -2.8332324, -10.573768), (1.7099826, -2.8182766, -10.517952), (2.123155, -2.7993915, -10.447472), (2.5272408, -2.776817, -10.363222), (2.9208536, -2.7508295, -10.266235), (3.3028083, -2.7217317, -10.157641), (3.6721282, -2.6898448, -10.038638), (4.028045, -2.6554997, -9.9104595), (4.3699956, -2.6190286, -9.774347), (4.697607, -2.5807586, -9.631522), (-4.7321453, -2.2283428, -9.702336), (-4.403096, -2.2618854, -9.848384), (-4.0594215, -2.2938724, -9.987657), (-3.7014856, -2.3240137, -10.118894), (-3.3298507, -2.352014, -10.2408085), (-2.9452891, -2.3775795, -10.352122), (-2.5487897, -2.4004238, -10.451588), (-2.1415582, -2.4202766, -10.538028), (-1.7250077, -2.4368916, -10.61037), (-1.3007435, -2.4500535, -10.667678), (-0.8705364, -2.4595864, -10.709185), (-0.43628994, -2.46536, -10.7343235), (0, -2.4672935, -10.742742), (0.43628994, -2.46536, -10.7343235), (0.8705364, -2.4595864, -10.709185), (1.3007435, -2.4500535, -10.667678), (1.7250077, -2.4368916, -10.61037), (2.1415582, -2.4202766, -10.538028), (2.5487897, -2.4004238, -10.451588), (2.9452891, -2.3775795, -10.352122), (3.3298507, -2.352014, -10.2408085), (3.7014856, -2.3240137, -10.118894), (4.0594215, -2.2938724, -9.987657), (4.403096, -2.2618854, -9.848384), (4.7321453, -2.2283428, -9.702336), (-4.761973, -1.868657, -9.763492), (-4.4316998, -1.8971493, -9.912361), (-4.086551, -1.9243356, -10.054405), (-3.7268841, -1.949967, -10.188327), (-3.353259, -1.9737903, -10.3128), (-2.9664516, -1.9955523, -10.426503), (-2.5674608, -2.0150065, -10.52815), (-2.1575096, -2.03192, -10.61652), (-1.7380354, -2.0460796, -10.690502), (-1.3106747, -2.0572996, -10.7491255), (-0.87723535, -2.0654278, -10.7915945), (-0.43966323, -2.0703514, -10.817319), (0, -2.0720003, -10.825934), (0.43966323, -2.0703514, -10.817319), (0.87723535, -2.0654278, -10.7915945), (1.3106747, -2.0572996, -10.7491255), (1.7380354, -2.0460796, -10.690502), (2.1575096, -2.03192, -10.61652), (2.5674608, -2.0150065, -10.52815), (2.9664516, -1.9955523, -10.426503), (3.353259, -1.9737903, -10.3128), (3.7268841, -1.949967, -10.188327), (4.086551, -1.9243356, -10.054405), (4.4316998, -1.8971493, -9.912361), (4.761973, -1.868657, -9.763492), (-4.786802, -1.50272, -9.814398), (-4.455522, -1.5258778, -9.965644), (-4.109157, -1.5479846, -10.110025), (-3.7480583, -1.5688366, -10.246211), (-3.372783, -1.588226, -10.372845), (-2.9841096, -1.6059449, -10.488568), (-2.5830462, -1.6217906, -10.592059), (-2.170829, -1.6355714, -10.682062), (-1.7489167, -1.6471117, -10.757432), (-1.3189715, -1.6562582, -10.81717), (-0.8828329, -1.6628857, -10.860454), (-0.44248217, -1.6669004, -10.886675), (0, -1.6682452, -10.895457), (0.44248217, -1.6669004, -10.886675), (0.8828329, -1.6628857, -10.860454), (1.3189715, -1.6562582, -10.81717), (1.7489167, -1.6471117, -10.757432), (2.170829, -1.6355714, -10.682062), (2.5830462, -1.6217906, -10.592059), (2.9841096, -1.6059449, -10.488568), (3.372783, -1.588226, -10.372845), (3.7480583, -1.5688366, -10.246211), (4.109157, -1.5479846, -10.110025), (4.455522, -1.5258778, -9.965644), (4.786802, -1.50272, -9.814398), (-4.8063836, -1.1316504, -9.854547), (-4.474318, -1.1492363, -10.007686), (-4.127002, -1.1660302, -10.153929), (-3.764779, -1.1818765, -10.291922), (-3.3882062, -1.1966165, -10.420279), (-2.998064, -1.2100909, -10.537615), (-2.5953662, -1.2221444, -10.642578), (-2.181361, -1.2326299, -10.733887), (-1.7575228, -1.2414125, -10.810368), (-1.3255348, -1.2483748, -10.870996), (-0.88726133, -1.2534202, -10.914932), (-0.44471258, -1.256477, -10.941551), (0, -1.2575009, -10.950467), (0.44471258, -1.256477, -10.941551), (0.88726133, -1.2534202, -10.914932), (1.3255348, -1.2483748, -10.870996), (1.7575228, -1.2414125, -10.810368), (2.181361, -1.2326299, -10.733887), (2.5953662, -1.2221444, -10.642578), (2.998064, -1.2100909, -10.537615), (3.3882062, -1.1966165, -10.420279), (3.764779, -1.1818765, -10.291922), (4.127002, -1.1660302, -10.153929), (4.474318, -1.1492363, -10.007686), (4.8063836, -1.1316504, -9.854547), (-4.8205185, -0.75665236, -9.883528), (-4.4878907, -0.7684816, -10.038043), (-4.1398907, -0.7797812, -10.185641), (-3.7768605, -0.79044616, -10.324948), (-3.3993535, -0.8003689, -10.454561), (-3.008152, -0.8094418, -10.573072), (-2.604275, -0.81755966, -10.67911), (-2.1889784, -0.8246228, -10.77137), (-1.7637484, -0.83053994, -10.84866), (-1.3302833, -0.83523124, -10.909939), (-0.8904657, -0.8386313, -10.954351), (-0.44632652, -0.8406913, -10.98126), (0, -0.84138143, -10.990273), (0.44632652, -0.8406913, -10.98126), (0.8904657, -0.8386313, -10.954351), (1.3302833, -0.83523124, -10.909939), (1.7637484, -0.83053994, -10.84866), (2.1889784, -0.8246228, -10.77137), (2.604275, -0.81755966, -10.67911), (3.008152, -0.8094418, -10.573072), (3.3993535, -0.8003689, -10.454561), (3.7768605, -0.79044616, -10.324948), (4.1398907, -0.7797812, -10.185641), (4.4878907, -0.7684816, -10.038043), (4.8205185, -0.75665236, -9.883528), (-4.8290596, -0.37899652, -9.901039), (-4.4960938, -0.38494313, -10.056391), (-4.1476827, -0.39062443, -10.204812), (-3.7841651, -0.39598748, -10.344918), (-3.4060948, -0.40097806, -10.475293), (-3.0142539, -0.40554187, -10.59452), (-2.6096644, -0.4096258, -10.70121), (-2.1935873, -0.41317955, -10.794049), (-1.7675157, -0.41615695, -10.871833), (-1.333157, -0.41851777, -10.933507), (-0.892405, -0.42022887, -10.978209), (-0.44730338, -0.42126566, -11.005294), (0, -0.42161298, -11.014367), (0.44730338, -0.42126566, -11.005294), (0.892405, -0.42022887, -10.978209), (1.333157, -0.41851777, -10.933507), (1.7675157, -0.41615695, -10.871833), (2.1935873, -0.41317955, -10.794049), (2.6096644, -0.4096258, -10.70121), (3.0142539, -0.40554187, -10.59452), (3.4060948, -0.40097806, -10.475293), (3.7841651, -0.39598748, -10.344918), (4.1476827, -0.39062443, -10.204812), (4.4960938, -0.38494313, -10.056391), (4.8290596, -0.37899652, -9.901039), (-4.831917, 0, -9.906898), (-4.498838, 0, -10.06253), (-4.1502895, 0, -10.2112255), (-3.7866096, 0, -10.351601), (-3.4083507, 0, -10.482232), (-3.0162961, 0, -10.601698), (-2.6114683, 0, -10.708608), (-2.19513, 0, -10.8016405), (-1.7687768, 0, -10.879589), (-1.334119, 0, -10.941397), (-0.89305425, 0, -10.986196), (-0.4476304, 0, -11.01334), (0, 0, -11.022433), (0.4476304, 0, -11.01334), (0.89305425, 0, -10.986196), (1.334119, 0, -10.941397), (1.7687768, 0, -10.879589), (2.19513, 0, -10.8016405), (2.6114683, 0, -10.708608), (3.0162961, 0, -10.601698), (3.4083507, 0, -10.482232), (3.7866096, 0, -10.351601), (4.1502895, 0, -10.2112255), (4.498838, 0, -10.06253), (4.831917, 0, -9.906898), (-4.8290596, 0.37899652, -9.901039), (-4.4960938, 0.38494313, -10.056391), (-4.1476827, 0.39062443, -10.204812), (-3.7841651, 0.39598748, -10.344918), (-3.4060948, 0.40097806, -10.475293), (-3.0142539, 0.40554187, -10.59452), (-2.6096644, 0.4096258, -10.70121), (-2.1935873, 0.41317955, -10.794049), (-1.7675157, 0.41615695, -10.871833), (-1.333157, 0.41851777, -10.933507), (-0.892405, 0.42022887, -10.978209), (-0.44730338, 0.42126566, -11.005294), (0, 0.42161298, -11.014367), (0.44730338, 0.42126566, -11.005294), (0.892405, 0.42022887, -10.978209), (1.333157, 0.41851777, -10.933507), (1.7675157, 0.41615695, -10.871833), (2.1935873, 0.41317955, -10.794049), (2.6096644, 0.4096258, -10.70121), (3.0142539, 0.40554187, -10.59452), (3.4060948, 0.40097806, -10.475293), (3.7841651, 0.39598748, -10.344918), (4.1476827, 0.39062443, -10.204812), (4.4960938, 0.38494313, -10.056391), (4.8290596, 0.37899652, -9.901039), (-4.8205185, 0.75665236, -9.883528), (-4.4878907, 0.7684816, -10.038043), (-4.1398907, 0.7797812, -10.185641), (-3.7768605, 0.79044616, -10.324948), (-3.3993535, 0.8003689, -10.454561), (-3.008152, 0.8094418, -10.573072), (-2.604275, 0.81755966, -10.67911), (-2.1889784, 0.8246228, -10.77137), (-1.7637484, 0.83053994, -10.84866), (-1.3302833, 0.83523124, -10.909939), (-0.8904657, 0.8386313, -10.954351), (-0.44632652, 0.8406913, -10.98126), (0, 0.84138143, -10.990273), (0.44632652, 0.8406913, -10.98126), (0.8904657, 0.8386313, -10.954351), (1.3302833, 0.83523124, -10.909939), (1.7637484, 0.83053994, -10.84866), (2.1889784, 0.8246228, -10.77137), (2.604275, 0.81755966, -10.67911), (3.008152, 0.8094418, -10.573072), (3.3993535, 0.8003689, -10.454561), (3.7768605, 0.79044616, -10.324948), (4.1398907, 0.7797812, -10.185641), (4.4878907, 0.7684816, -10.038043), (4.8205185, 0.75665236, -9.883528), (-4.8063836, 1.1316504, -9.854547), (-4.474318, 1.1492363, -10.007686), (-4.127002, 1.1660302, -10.153929), (-3.764779, 1.1818765, -10.291922), (-3.3882062, 1.1966165, -10.420279), (-2.998064, 1.2100909, -10.537615), (-2.5953662, 1.2221444, -10.642578), (-2.181361, 1.2326299, -10.733887), (-1.7575228, 1.2414125, -10.810368), (-1.3255348, 1.2483748, -10.870996), (-0.88726133, 1.2534202, -10.914932), (-0.44471258, 1.256477, -10.941551), (0, 1.2575009, -10.950467), (0.44471258, 1.256477, -10.941551), (0.88726133, 1.2534202, -10.914932), (1.3255348, 1.2483748, -10.870996), (1.7575228, 1.2414125, -10.810368), (2.181361, 1.2326299, -10.733887), (2.5953662, 1.2221444, -10.642578), (2.998064, 1.2100909, -10.537615), (3.3882062, 1.1966165, -10.420279), (3.764779, 1.1818765, -10.291922), (4.127002, 1.1660302, -10.153929), (4.474318, 1.1492363, -10.007686), (4.8063836, 1.1316504, -9.854547), (-4.786802, 1.50272, -9.814398), (-4.455522, 1.5258778, -9.965644), (-4.109157, 1.5479846, -10.110025), (-3.7480583, 1.5688366, -10.246211), (-3.372783, 1.588226, -10.372845), (-2.9841096, 1.6059449, -10.488568), (-2.5830462, 1.6217906, -10.592059), (-2.170829, 1.6355714, -10.682062), (-1.7489167, 1.6471117, -10.757432), (-1.3189715, 1.6562582, -10.81717), (-0.8828329, 1.6628857, -10.860454), (-0.44248217, 1.6669004, -10.886675), (0, 1.6682452, -10.895457), (0.44248217, 1.6669004, -10.886675), (0.8828329, 1.6628857, -10.860454), (1.3189715, 1.6562582, -10.81717), (1.7489167, 1.6471117, -10.757432), (2.170829, 1.6355714, -10.682062), (2.5830462, 1.6217906, -10.592059), (2.9841096, 1.6059449, -10.488568), (3.372783, 1.588226, -10.372845), (3.7480583, 1.5688366, -10.246211), (4.109157, 1.5479846, -10.110025), (4.455522, 1.5258778, -9.965644), (4.786802, 1.50272, -9.814398), (-4.761973, 1.868657, -9.763492), (-4.4316998, 1.8971493, -9.912361), (-4.086551, 1.9243356, -10.054405), (-3.7268841, 1.949967, -10.188327), (-3.353259, 1.9737903, -10.3128), (-2.9664516, 1.9955523, -10.426503), (-2.5674608, 2.0150065, -10.52815), (-2.1575096, 2.03192, -10.61652), (-1.7380354, 2.0460796, -10.690502), (-1.3106747, 2.0572996, -10.7491255), (-0.87723535, 2.0654278, -10.7915945), (-0.43966323, 2.0703514, -10.817319), (0, 2.0720003, -10.825934), (0.43966323, 2.0703514, -10.817319), (0.87723535, 2.0654278, -10.7915945), (1.3106747, 2.0572996, -10.7491255), (1.7380354, 2.0460796, -10.690502), (2.1575096, 2.03192, -10.61652), (2.5674608, 2.0150065, -10.52815), (2.9664516, 1.9955523, -10.426503), (3.353259, 1.9737903, -10.3128), (3.7268841, 1.949967, -10.188327), (4.086551, 1.9243356, -10.054405), (4.4316998, 1.8971493, -9.912361), (4.761973, 1.868657, -9.763492), (-4.7321453, 2.2283428, -9.702336), (-4.403096, 2.2618854, -9.848384), (-4.0594215, 2.2938724, -9.987657), (-3.7014856, 2.3240137, -10.118894), (-3.3298507, 2.352014, -10.2408085), (-2.9452891, 2.3775795, -10.352122), (-2.5487897, 2.4004238, -10.451588), (-2.1415582, 2.4202766, -10.538028), (-1.7250077, 2.4368916, -10.61037), (-1.3007435, 2.4500535, -10.667678), (-0.8705364, 2.4595864, -10.709185), (-0.43628994, 2.46536, -10.7343235), (0, 2.4672935, -10.742742), (0.43628994, 2.46536, -10.7343235), (0.8705364, 2.4595864, -10.709185), (1.3007435, 2.4500535, -10.667678), (1.7250077, 2.4368916, -10.61037), (2.1415582, 2.4202766, -10.538028), (2.5487897, 2.4004238, -10.451588), (2.9452891, 2.3775795, -10.352122), (3.3298507, 2.352014, -10.2408085), (3.7014856, 2.3240137, -10.118894), (4.0594215, 2.2938724, -9.987657), (4.403096, 2.2618854, -9.848384), (4.7321453, 2.2283428, -9.702336), (-4.697607, 2.5807586, -9.631522), (-4.3699956, 2.6190286, -9.774347), (-4.028045, 2.6554997, -9.9104595), (-3.6721282, 2.6898448, -10.038638), (-3.3028083, 2.7217317, -10.157641), (-2.9208536, 2.7508295, -10.266235), (-2.5272408, 2.776817, -10.363222), (-2.123155, 2.7993915, -10.447472), (-1.7099826, 2.8182766, -10.517952), (-1.2892927, 2.8332324, -10.573768), (-0.8628139, 2.844062, -10.614184), (-0.43240166, 2.8506198, -10.638658), (0, 2.8528156, -10.646853), (0.43240166, 2.8506198, -10.638658), (0.8628139, 2.844062, -10.614184), (1.2892927, 2.8332324, -10.573768), (1.7099826, 2.8182766, -10.517952), (2.123155, 2.7993915, -10.447472), (2.5272408, 2.776817, -10.363222), (2.9208536, 2.7508295, -10.266235), (3.3028083, 2.7217317, -10.157641), (3.6721282, 2.6898448, -10.038638), (4.028045, 2.6554997, -9.9104595), (4.3699956, 2.6190286, -9.774347), (4.697607, 2.5807586, -9.631522)]
                        color3f[] primvars:displayColor = [(0, 0.5, 0.45)] (
                            interpolation = "constant"
                        )
                        float[] primvars:displayOpacity = [0.3] (
                            interpolation = "constant"
                        )
                        uniform token purpose = "guide"
                        uniform token subdivisionScheme = "none"
                    }

                    def Mesh "Shell_recognise" (
                        prepend apiSchemas = ["AecoDerivedGeometryAPI", "MaterialBindingAPI"]
                    )
                    {
                        uniform token aeco:derived:approx = "tessellated"
                        uniform token aeco:derived:role = "coverage"
                        string aeco:derived:source = "36e6aabe-a946-534d-a4f0-43274b1f365b"
                        string aeco:derived:stamp = "usdAecoCctv derive 0.5.3"
                        uniform bool doubleSided = 1
                        float3[] extent = [(-9.663834, -5.7056313, -22.044867), (9.663834, 5.7056313, 0)]
                        int[] faceVertexCounts = [4, 4, 4, 4, 4, 4, 4, 4, 4, 4, 4, 4, 4, 4, 4, 4, 4, 4, 4, 4, 4, 4, 4, 4, 4, 4, 4, 4, 4, 4, 4, 4, 4, 4, 4, 4, 4, 4, 4, 4, 4, 4, 4, 4, 4, 4, 4, 4, 4, 4, 4, 4, 4, 4, 4, 4, 4, 4, 4, 4, 4, 4, 4, 4, 4, 4, 4, 4, 4, 4, 4, 4, 4, 4, 4, 4, 4, 4, 4, 4, 4, 4, 4, 4, 4, 4, 4, 4, 4, 4, 4, 4, 4, 4, 4, 4, 4, 4, 4, 4, 4, 4, 4, 4, 4, 4, 4, 4, 4, 4, 4, 4, 4, 4, 4, 4, 4, 4, 4, 4, 4, 4, 4, 4, 4, 4, 4, 4, 4, 4, 4, 4, 4, 4, 4, 4, 4, 4, 4, 4, 4, 4, 4, 4, 4, 4, 4, 4, 4, 4, 4, 4, 4, 4, 4, 4, 4, 4, 4, 4, 4, 4, 4, 4, 4, 4, 4, 4, 4, 4, 4, 4, 4, 4, 4, 4, 4, 4, 4, 4, 4, 4, 4, 4, 4, 4, 4, 4, 4, 4, 4, 4, 4, 4, 4, 4, 4, 4, 4, 4, 4, 4, 4, 4, 4, 4, 4, 4, 4, 4, 4, 4, 4, 4, 4, 4, 4, 4, 4, 4, 4, 4, 4, 4, 4, 4, 4, 4, 4, 4, 4, 4, 4, 4, 4, 4, 4, 4, 4, 4, 4, 4, 4, 4, 4, 4, 4, 4, 4, 4, 4, 4, 4, 4, 4, 4, 4, 4, 4, 4, 4, 4, 4, 4, 4, 4, 4, 4, 4, 4, 4, 4, 4, 4, 4, 4, 4, 4, 4, 4, 4, 4, 4, 4, 4, 4, 4, 4, 4, 4, 4, 4, 4, 4, 4, 4, 4, 4, 4, 4, 4, 4, 4, 4, 4, 4, 4, 4, 4, 4, 4, 4, 4, 4, 4, 4, 4, 4, 4, 4, 4, 4, 4, 4, 4, 4, 4, 4, 4, 4, 4, 4, 4, 4, 4, 4, 3, 3, 3, 3, 3, 3, 3, 3, 3, 3, 3, 3, 3, 3, 3, 3, 3, 3, 3, 3, 3, 3, 3, 3, 3, 3, 3, 3, 3, 3, 3, 3, 3, 3, 3, 3, 3, 3, 3, 3, 3, 3, 3, 3, 3, 3, 3, 3, 3, 3, 3, 3, 3, 3, 3, 3, 3, 3, 3, 3, 3, 3, 3, 3, 3, 3, 3, 3, 3, 3, 3, 3, 3, 3, 3, 3]
                        int[] faceVertexIndices = [1, 26, 27, 2, 2, 27, 28, 3, 3, 28, 29, 4, 4, 29, 30, 5, 5, 30, 31, 6, 6, 31, 32, 7, 7, 32, 33, 8, 8, 33, 34, 9, 9, 34, 35, 10, 10, 35, 36, 11, 11, 36, 37, 12, 12, 37, 38, 13, 13, 38, 39, 14, 14, 39, 40, 15, 15, 40, 41, 16, 16, 41, 42, 17, 17, 42, 43, 18, 18, 43, 44, 19, 19, 44, 45, 20, 20, 45, 46, 21, 21, 46, 47, 22, 22, 47, 48, 23, 23, 48, 49, 24, 24, 49, 50, 25, 26, 51, 52, 27, 27, 52, 53, 28, 28, 53, 54, 29, 29, 54, 55, 30, 30, 55, 56, 31, 31, 56, 57, 32, 32, 57, 58, 33, 33, 58, 59, 34, 34, 59, 60, 35, 35, 60, 61, 36, 36, 61, 62, 37, 37, 62, 63, 38, 38, 63, 64, 39, 39, 64, 65, 40, 40, 65, 66, 41, 41, 66, 67, 42, 42, 67, 68, 43, 43, 68, 69, 44, 44, 69, 70, 45, 45, 70, 71, 46, 46, 71, 72, 47, 47, 72, 73, 48, 48, 73, 74, 49, 49, 74, 75, 50, 51, 76, 77, 52, 52, 77, 78, 53, 53, 78, 79, 54, 54, 79, 80, 55, 55, 80, 81, 56, 56, 81, 82, 57, 57, 82, 83, 58, 58, 83, 84, 59, 59, 84, 85, 60, 60, 85, 86, 61, 61, 86, 87, 62, 62, 87, 88, 63, 63, 88, 89, 64, 64, 89, 90, 65, 65, 90, 91, 66, 66, 91, 92, 67, 67, 92, 93, 68, 68, 93, 94, 69, 69, 94, 95, 70, 70, 95, 96, 71, 71, 96, 97, 72, 72, 97, 98, 73, 73, 98, 99, 74, 74, 99, 100, 75, 76, 101, 102, 77, 77, 102, 103, 78, 78, 103, 104, 79, 79, 104, 105, 80, 80, 105, 106, 81, 81, 106, 107, 82, 82, 107, 108, 83, 83, 108, 109, 84, 84, 109, 110, 85, 85, 110, 111, 86, 86, 111, 112, 87, 87, 112, 113, 88, 88, 113, 114, 89, 89, 114, 115, 90, 90, 115, 116, 91, 91, 116, 117, 92, 92, 117, 118, 93, 93, 118, 119, 94, 94, 119, 120, 95, 95, 120, 121, 96, 96, 121, 122, 97, 97, 122, 123, 98, 98, 123, 124, 99, 99, 124, 125, 100, 101, 126, 127, 102, 102, 127, 128, 103, 103, 128, 129, 104, 104, 129, 130, 105, 105, 130, 131, 106, 106, 131, 132, 107, 107, 132, 133, 108, 108, 133, 134, 109, 109, 134, 135, 110, 110, 135, 136, 111, 111, 136, 137, 112, 112, 137, 138, 113, 113, 138, 139, 114, 114, 139, 140, 115, 115, 140, 141, 116, 116, 141, 142, 117, 117, 142, 143, 118, 118, 143, 144, 119, 119, 144, 145, 120, 120, 145, 146, 121, 121, 146, 147, 122, 122, 147, 148, 123, 123, 148, 149, 124, 124, 149, 150, 125, 126, 151, 152, 127, 127, 152, 153, 128, 128, 153, 154, 129, 129, 154, 155, 130, 130, 155, 156, 131, 131, 156, 157, 132, 132, 157, 158, 133, 133, 158, 159, 134, 134, 159, 160, 135, 135, 160, 161, 136, 136, 161, 162, 137, 137, 162, 163, 138, 138, 163, 164, 139, 139, 164, 165, 140, 140, 165, 166, 141, 141, 166, 167, 142, 142, 167, 168, 143, 143, 168, 169, 144, 144, 169, 170, 145, 145, 170, 171, 146, 146, 171, 172, 147, 147, 172, 173, 148, 148, 173, 174, 149, 149, 174, 175, 150, 151, 176, 177, 152, 152, 177, 178, 153, 153, 178, 179, 154, 154, 179, 180, 155, 155, 180, 181, 156, 156, 181, 182, 157, 157, 182, 183, 158, 158, 183, 184, 159, 159, 184, 185, 160, 160, 185, 186, 161, 161, 186, 187, 162, 162, 187, 188, 163, 163, 188, 189, 164, 164, 189, 190, 165, 165, 190, 191, 166, 166, 191, 192, 167, 167, 192, 193, 168, 168, 193, 194, 169, 169, 194, 195, 170, 170, 195, 196, 171, 171, 196, 197, 172, 172, 197, 198, 173, 173, 198, 199, 174, 174, 199, 200, 175, 176, 201, 202, 177, 177, 202, 203, 178, 178, 203, 204, 179, 179, 204, 205, 180, 180, 205, 206, 181, 181, 206, 207, 182, 182, 207, 208, 183, 183, 208, 209, 184, 184, 209, 210, 185, 185, 210, 211, 186, 186, 211, 212, 187, 187, 212, 213, 188, 188, 213, 214, 189, 189, 214, 215, 190, 190, 215, 216, 191, 191, 216, 217, 192, 192, 217, 218, 193, 193, 218, 219, 194, 194, 219, 220, 195, 195, 220, 221, 196, 196, 221, 222, 197, 197, 222, 223, 198, 198, 223, 224, 199, 199, 224, 225, 200, 201, 226, 227, 202, 202, 227, 228, 203, 203, 228, 229, 204, 204, 229, 230, 205, 205, 230, 231, 206, 206, 231, 232, 207, 207, 232, 233, 208, 208, 233, 234, 209, 209, 234, 235, 210, 210, 235, 236, 211, 211, 236, 237, 212, 212, 237, 238, 213, 213, 238, 239, 214, 214, 239, 240, 215, 215, 240, 241, 216, 216, 241, 242, 217, 217, 242, 243, 218, 218, 243, 244, 219, 219, 244, 245, 220, 220, 245, 246, 221, 221, 246, 247, 222, 222, 247, 248, 223, 223, 248, 249, 224, 224, 249, 250, 225, 226, 251, 252, 227, 227, 252, 253, 228, 228, 253, 254, 229, 229, 254, 255, 230, 230, 255, 256, 231, 231, 256, 257, 232, 232, 257, 258, 233, 233, 258, 259, 234, 234, 259, 260, 235, 235, 260, 261, 236, 236, 261, 262, 237, 237, 262, 263, 238, 238, 263, 264, 239, 239, 264, 265, 240, 240, 265, 266, 241, 241, 266, 267, 242, 242, 267, 268, 243, 243, 268, 269, 244, 244, 269, 270, 245, 245, 270, 271, 246, 246, 271, 272, 247, 247, 272, 273, 248, 248, 273, 274, 249, 249, 274, 275, 250, 251, 276, 277, 252, 252, 277, 278, 253, 253, 278, 279, 254, 254, 279, 280, 255, 255, 280, 281, 256, 256, 281, 282, 257, 257, 282, 283, 258, 258, 283, 284, 259, 259, 284, 285, 260, 260, 285, 286, 261, 261, 286, 287, 262, 262, 287, 288, 263, 263, 288, 289, 264, 264, 289, 290, 265, 265, 290, 291, 266, 266, 291, 292, 267, 267, 292, 293, 268, 268, 293, 294, 269, 269, 294, 295, 270, 270, 295, 296, 271, 271, 296, 297, 272, 272, 297, 298, 273, 273, 298, 299, 274, 274, 299, 300, 275, 276, 301, 302, 277, 277, 302, 303, 278, 278, 303, 304, 279, 279, 304, 305, 280, 280, 305, 306, 281, 281, 306, 307, 282, 282, 307, 308, 283, 283, 308, 309, 284, 284, 309, 310, 285, 285, 310, 311, 286, 286, 311, 312, 287, 287, 312, 313, 288, 288, 313, 314, 289, 289, 314, 315, 290, 290, 315, 316, 291, 291, 316, 317, 292, 292, 317, 318, 293, 293, 318, 319, 294, 294, 319, 320, 295, 295, 320, 321, 296, 296, 321, 322, 297, 297, 322, 323, 298, 298, 323, 324, 299, 299, 324, 325, 300, 301, 326, 327, 302, 302, 327, 328, 303, 303, 328, 329, 304, 304, 329, 330, 305, 305, 330, 331, 306, 306, 331, 332, 307, 307, 332, 333, 308, 308, 333, 334, 309, 309, 334, 335, 310, 310, 335, 336, 311, 311, 336, 337, 312, 312, 337, 338, 313, 313, 338, 339, 314, 314, 339, 340, 315, 315, 340, 341, 316, 316, 341, 342, 317, 317, 342, 343, 318, 318, 343, 344, 319, 319, 344, 345, 320, 320, 345, 346, 321, 321, 346, 347, 322, 322, 347, 348, 323, 323, 348, 349, 324, 324, 349, 350, 325, 326, 351, 352, 327, 327, 352, 353, 328, 328, 353, 354, 329, 329, 354, 355, 330, 330, 355, 356, 331, 331, 356, 357, 332, 332, 357, 358, 333, 333, 358, 359, 334, 334, 359, 360, 335, 335, 360, 361, 336, 336, 361, 362, 337, 337, 362, 363, 338, 338, 363, 364, 339, 339, 364, 365, 340, 340, 365, 366, 341, 341, 366, 367, 342, 342, 367, 368, 343, 343, 368, 369, 344, 344, 369, 370, 345, 345, 370, 371, 346, 346, 371, 372, 347, 347, 372, 373, 348, 348, 373, 374, 349, 349, 374, 375, 350, 0, 1, 2, 0, 2, 3, 0, 3, 4, 0, 4, 5, 0, 5, 6, 0, 6, 7, 0, 7, 8, 0, 8, 9, 0, 9, 10, 0, 10, 11, 0, 11, 12, 0, 12, 13, 0, 13, 14, 0, 14, 15, 0, 15, 16, 0, 16, 17, 0, 17, 18, 0, 18, 19, 0, 19, 20, 0, 20, 21, 0, 21, 22, 0, 22, 23, 0, 23, 24, 0, 24, 25, 0, 352, 351, 0, 353, 352, 0, 354, 353, 0, 355, 354, 0, 356, 355, 0, 357, 356, 0, 358, 357, 0, 359, 358, 0, 360, 359, 0, 361, 360, 0, 362, 361, 0, 363, 362, 0, 364, 363, 0, 365, 364, 0, 366, 365, 0, 367, 366, 0, 368, 367, 0, 369, 368, 0, 370, 369, 0, 371, 370, 0, 372, 371, 0, 373, 372, 0, 374, 373, 0, 375, 374, 0, 26, 1, 0, 51, 26, 0, 76, 51, 0, 101, 76, 0, 126, 101, 0, 151, 126, 0, 176, 151, 0, 201, 176, 0, 226, 201, 0, 251, 226, 0, 276, 251, 0, 301, 276, 0, 326, 301, 0, 351, 326, 0, 25, 50, 0, 50, 75, 0, 75, 100, 0, 100, 125, 0, 125, 150, 0, 150, 175, 0, 175, 200, 0, 200, 225, 0, 225, 250, 0, 250, 275, 0, 275, 300, 0, 300, 325, 0, 325, 350, 0, 350, 375]
                        rel material:binding = </AecoCctvLooks/Shell_recognise>
                        point3f[] points = [(0, 0, 0), (-9.395214, -5.161517, -19.263044), (-8.739991, -5.238057, -19.548695), (-8.05609, -5.3109994, -19.820919), (-7.3442564, -5.3796897, -20.077276), (-6.6056166, -5.4434633, -20.315283), (-5.841707, -5.501659, -20.53247), (-5.0544815, -5.553634, -20.726444), (-4.24631, -5.598783, -20.894943), (-3.4199653, -5.6365533, -21.035904), (-2.5785854, -5.666465, -21.147535), (-1.7256278, -5.688124, -21.228369), (-0.8648033, -5.7012396, -21.277315), (0, -5.7056313, -21.293707), (0.8648033, -5.7012396, -21.277315), (1.7256278, -5.688124, -21.228369), (2.5785854, -5.666465, -21.147535), (3.4199653, -5.6365533, -21.035904), (4.24631, -5.598783, -20.894943), (5.0544815, -5.553634, -20.726444), (5.841707, -5.501659, -20.53247), (6.6056166, -5.4434633, -20.315283), (7.3442564, -5.3796897, -20.077276), (8.05609, -5.3109994, -19.820919), (8.739991, -5.238057, -19.548695), (9.395214, -5.161517, -19.263044), (-9.464291, -4.4566855, -19.404673), (-8.806192, -4.523771, -19.696768), (-8.118843, -4.5877447, -19.975313), (-7.4029713, -4.6480274, -20.237787), (-6.6597013, -4.704028, -20.481617), (-5.8905783, -4.755159, -20.704245), (-5.0975795, -4.8008475, -20.903175), (-4.2831163, -4.8405533, -21.076056), (-3.4500153, -4.873783, -21.22074), (-2.601487, -4.900107, -21.335356), (-1.7410728, -4.919173, -21.41837), (-0.8725799, -4.93072, -21.468647), (0, -4.934587, -21.485483), (0.8725799, -4.93072, -21.468647), (1.7410728, -4.919173, -21.41837), (2.601487, -4.900107, -21.335356), (3.4500153, -4.873783, -21.22074), (4.2831163, -4.8405533, -21.076056), (5.0975795, -4.8008475, -20.903175), (5.8905783, -4.755159, -20.704245), (6.6597013, -4.704028, -20.481617), (7.4029713, -4.6480274, -20.237787), (8.118843, -4.5877447, -19.975313), (8.806192, -4.523771, -19.696768), (9.464291, -4.4566855, -19.404673), (-9.523946, -3.737314, -19.526983), (-8.8633995, -3.7942986, -19.824722), (-8.173102, -3.8486712, -20.10881), (-7.4537683, -3.899934, -20.376654), (-6.706518, -3.9475806, -20.6256), (-5.9329033, -3.9911046, -20.853006), (-5.1349216, -4.030013, -21.0563), (-4.315019, -4.06384, -21.23304), (-3.476071, -4.0921593, -21.381004), (-2.6213493, -4.114599, -21.498251), (-1.7544707, -4.1308556, -21.583189), (-0.87932646, -4.1407027, -21.634638), (0, -4.1440005, -21.651869), (0.87932646, -4.1407027, -21.634638), (1.7544707, -4.1308556, -21.583189), (2.6213493, -4.114599, -21.498251), (3.476071, -4.0921593, -21.381004), (4.315019, -4.06384, -21.23304), (5.1349216, -4.030013, -21.0563), (5.9329033, -3.9911046, -20.853006), (6.706518, -3.9475806, -20.6256), (7.4537683, -3.899934, -20.376654), (8.173102, -3.8486712, -20.10881), (8.8633995, -3.7942986, -19.824722), (9.523946, -3.737314, -19.526983), (-9.573604, -3.00544, -19.628796), (-8.911044, -3.0517557, -19.931288), (-8.218314, -3.0959692, -20.22005), (-7.4961166, -3.1376731, -20.492422), (-6.745566, -3.176452, -20.74569), (-5.9682193, -3.2118897, -20.977137), (-5.1660924, -3.2435813, -21.184118), (-4.341658, -3.2711427, -21.364124), (-3.4978335, -3.2942233, -21.514864), (-2.637943, -3.3125165, -21.63434), (-1.7656658, -3.3257713, -21.720907), (-0.88496435, -3.3338008, -21.77335), (0, -3.3364904, -21.790915), (0.88496435, -3.3338008, -21.77335), (1.7656658, -3.3257713, -21.720907), (2.637943, -3.3125165, -21.63434), (3.4978335, -3.2942233, -21.514864), (4.341658, -3.2711427, -21.364124), (5.1660924, -3.2435813, -21.184118), (5.9682193, -3.2118897, -20.977137), (6.745566, -3.176452, -20.74569), (7.4961166, -3.1376731, -20.492422), (8.218314, -3.0959692, -20.22005), (8.911044, -3.0517557, -19.931288), (9.573604, -3.00544, -19.628796), (-9.612767, -2.263301, -19.709093), (-8.948636, -2.2984726, -20.015371), (-8.254004, -2.3320603, -20.307858), (-7.529558, -2.363753, -20.583843), (-6.7764125, -2.393233, -20.840557), (-5.996128, -2.4201818, -21.07523), (-5.1907325, -2.4442887, -21.285156), (-4.362722, -2.4652598, -21.467773), (-3.5150456, -2.482825, -21.620735), (-2.6510696, -2.4967496, -21.741993), (-1.7745227, -2.5068405, -21.829865), (-0.88942516, -2.512954, -21.883102), (0, -2.5150018, -21.900934), (0.88942516, -2.512954, -21.883102), (1.7745227, -2.5068405, -21.829865), (2.6510696, -2.4967496, -21.741993), (3.5150456, -2.482825, -21.620735), (4.362722, -2.4652598, -21.467773), (5.1907325, -2.4442887, -21.285156), (5.996128, -2.4201818, -21.07523), (6.7764125, -2.393233, -20.840557), (7.529558, -2.363753, -20.583843), (8.254004, -2.3320603, -20.307858), (8.948636, -2.2984726, -20.015371), (9.612767, -2.263301, -19.709093), (-9.641037, -1.5133047, -19.767056), (-8.975781, -1.5369632, -20.076086), (-8.279781, -1.5595624, -20.371283), (-7.553721, -1.5808923, -20.649897), (-6.798707, -1.6007378, -20.909122), (-6.016304, -1.6188836, -21.146145), (-5.20855, -1.6351193, -21.35822), (-4.377957, -1.6492456, -21.54274), (-3.5274968, -1.6610799, -21.69732), (-2.6605666, -1.6704625, -21.819878), (-1.7809314, -1.6772625, -21.908703), (-0.89265305, -1.6813827, -21.96252), (0, -1.6827629, -21.980547), (0.89265305, -1.6813827, -21.96252), (1.7809314, -1.6772625, -21.908703), (2.6605666, -1.6704625, -21.819878), (3.5274968, -1.6610799, -21.69732), (4.377957, -1.6492456, -21.54274), (5.20855, -1.6351193, -21.35822), (6.016304, -1.6188836, -21.146145), (6.798707, -1.6007378, -20.909122), (7.553721, -1.5808923, -20.649897), (8.279781, -1.5595624, -20.371283), (8.975781, -1.5369632, -20.076086), (9.641037, -1.5133047, -19.767056), (-9.658119, -0.75799304, -19.802078), (-8.9921875, -0.76988626, -20.112782), (-8.295365, -0.78124887, -20.409624), (-7.5683303, -0.79197496, -20.689837), (-6.8121896, -0.8019561, -20.950586), (-6.0285077, -0.81108373, -21.18904), (-5.219329, -0.8192516, -21.40242), (-4.3871746, -0.8263591, -21.588099), (-3.5350313, -0.8323139, -21.743666), (-2.666314, -0.83703554, -21.867014), (-1.78481, -0.84045774, -21.956417), (-0.89460677, -0.8425313, -22.010588), (0, -0.84322596, -22.028734), (0.89460677, -0.8425313, -22.010588), (1.78481, -0.84045774, -21.956417), (2.666314, -0.83703554, -21.867014), (3.5350313, -0.8323139, -21.743666), (4.3871746, -0.8263591, -21.588099), (5.219329, -0.8192516, -21.40242), (6.0285077, -0.81108373, -21.18904), (6.8121896, -0.8019561, -20.950586), (7.5683303, -0.79197496, -20.689837), (8.295365, -0.78124887, -20.409624), (8.9921875, -0.76988626, -20.112782), (9.658119, -0.75799304, -19.802078), (-9.663834, 0, -19.813795), (-8.997676, 0, -20.12506), (-8.300579, 0, -20.422451), (-7.5732193, 0, -20.703201), (-6.8167014, 0, -20.964464), (-6.0325923, 0, -21.203396), (-5.2229366, 0, -21.417215), (-4.39026, 0, -21.603281), (-3.5375535, 0, -21.759178), (-2.668238, 0, -21.882793), (-1.7861085, 0, -21.972391), (-0.8952608, 0, -22.02668), (0, 0, -22.044867), (0.8952608, 0, -22.02668), (1.7861085, 0, -21.972391), (2.668238, 0, -21.882793), (3.5375535, 0, -21.759178), (4.39026, 0, -21.603281), (5.2229366, 0, -21.417215), (6.0325923, 0, -21.203396), (6.8167014, 0, -20.964464), (7.5732193, 0, -20.703201), (8.300579, 0, -20.422451), (8.997676, 0, -20.12506), (9.663834, 0, -19.813795), (-9.658119, 0.75799304, -19.802078), (-8.9921875, 0.76988626, -20.112782), (-8.295365, 0.78124887, -20.409624), (-7.5683303, 0.79197496, -20.689837), (-6.8121896, 0.8019561, -20.950586), (-6.0285077, 0.81108373, -21.18904), (-5.219329, 0.8192516, -21.40242), (-4.3871746, 0.8263591, -21.588099), (-3.5350313, 0.8323139, -21.743666), (-2.666314, 0.83703554, -21.867014), (-1.78481, 0.84045774, -21.956417), (-0.89460677, 0.8425313, -22.010588), (0, 0.84322596, -22.028734), (0.89460677, 0.8425313, -22.010588), (1.78481, 0.84045774, -21.956417), (2.666314, 0.83703554, -21.867014), (3.5350313, 0.8323139, -21.743666), (4.3871746, 0.8263591, -21.588099), (5.219329, 0.8192516, -21.40242), (6.0285077, 0.81108373, -21.18904), (6.8121896, 0.8019561, -20.950586), (7.5683303, 0.79197496, -20.689837), (8.295365, 0.78124887, -20.409624), (8.9921875, 0.76988626, -20.112782), (9.658119, 0.75799304, -19.802078), (-9.641037, 1.5133047, -19.767056), (-8.975781, 1.5369632, -20.076086), (-8.279781, 1.5595624, -20.371283), (-7.553721, 1.5808923, -20.649897), (-6.798707, 1.6007378, -20.909122), (-6.016304, 1.6188836, -21.146145), (-5.20855, 1.6351193, -21.35822), (-4.377957, 1.6492456, -21.54274), (-3.5274968, 1.6610799, -21.69732), (-2.6605666, 1.6704625, -21.819878), (-1.7809314, 1.6772625, -21.908703), (-0.89265305, 1.6813827, -21.96252), (0, 1.6827629, -21.980547), (0.89265305, 1.6813827, -21.96252), (1.7809314, 1.6772625, -21.908703), (2.6605666, 1.6704625, -21.819878), (3.5274968, 1.6610799, -21.69732), (4.377957, 1.6492456, -21.54274), (5.20855, 1.6351193, -21.35822), (6.016304, 1.6188836, -21.146145), (6.798707, 1.6007378, -20.909122), (7.553721, 1.5808923, -20.649897), (8.279781, 1.5595624, -20.371283), (8.975781, 1.5369632, -20.076086), (9.641037, 1.5133047, -19.767056), (-9.612767, 2.263301, -19.709093), (-8.948636, 2.2984726, -20.015371), (-8.254004, 2.3320603, -20.307858), (-7.529558, 2.363753, -20.583843), (-6.7764125, 2.393233, -20.840557), (-5.996128, 2.4201818, -21.07523), (-5.1907325, 2.4442887, -21.285156), (-4.362722, 2.4652598, -21.467773), (-3.5150456, 2.482825, -21.620735), (-2.6510696, 2.4967496, -21.741993), (-1.7745227, 2.5068405, -21.829865), (-0.88942516, 2.512954, -21.883102), (0, 2.5150018, -21.900934), (0.88942516, 2.512954, -21.883102), (1.7745227, 2.5068405, -21.829865), (2.6510696, 2.4967496, -21.741993), (3.5150456, 2.482825, -21.620735), (4.362722, 2.4652598, -21.467773), (5.1907325, 2.4442887, -21.285156), (5.996128, 2.4201818, -21.07523), (6.7764125, 2.393233, -20.840557), (7.529558, 2.363753, -20.583843), (8.254004, 2.3320603, -20.307858), (8.948636, 2.2984726, -20.015371), (9.612767, 2.263301, -19.709093), (-9.573604, 3.00544, -19.628796), (-8.911044, 3.0517557, -19.931288), (-8.218314, 3.0959692, -20.22005), (-7.4961166, 3.1376731, -20.492422), (-6.745566, 3.176452, -20.74569), (-5.9682193, 3.2118897, -20.977137), (-5.1660924, 3.2435813, -21.184118), (-4.341658, 3.2711427, -21.364124), (-3.4978335, 3.2942233, -21.514864), (-2.637943, 3.3125165, -21.63434), (-1.7656658, 3.3257713, -21.720907), (-0.88496435, 3.3338008, -21.77335), (0, 3.3364904, -21.790915), (0.88496435, 3.3338008, -21.77335), (1.7656658, 3.3257713, -21.720907), (2.637943, 3.3125165, -21.63434), (3.4978335, 3.2942233, -21.514864), (4.341658, 3.2711427, -21.364124), (5.1660924, 3.2435813, -21.184118), (5.9682193, 3.2118897, -20.977137), (6.745566, 3.176452, -20.74569), (7.4961166, 3.1376731, -20.492422), (8.218314, 3.0959692, -20.22005), (8.911044, 3.0517557, -19.931288), (9.573604, 3.00544, -19.628796), (-9.523946, 3.737314, -19.526983), (-8.8633995, 3.7942986, -19.824722), (-8.173102, 3.8486712, -20.10881), (-7.4537683, 3.899934, -20.376654), (-6.706518, 3.9475806, -20.6256), (-5.9329033, 3.9911046, -20.853006), (-5.1349216, 4.030013, -21.0563), (-4.315019, 4.06384, -21.23304), (-3.476071, 4.0921593, -21.381004), (-2.6213493, 4.114599, -21.498251), (-1.7544707, 4.1308556, -21.583189), (-0.87932646, 4.1407027, -21.634638), (0, 4.1440005, -21.651869), (0.87932646, 4.1407027, -21.634638), (1.7544707, 4.1308556, -21.583189), (2.6213493, 4.114599, -21.498251), (3.476071, 4.0921593, -21.381004), (4.315019, 4.06384, -21.23304), (5.1349216, 4.030013, -21.0563), (5.9329033, 3.9911046, -20.853006), (6.706518, 3.9475806, -20.6256), (7.4537683, 3.899934, -20.376654), (8.173102, 3.8486712, -20.10881), (8.8633995, 3.7942986, -19.824722), (9.523946, 3.737314, -19.526983), (-9.464291, 4.4566855, -19.404673), (-8.806192, 4.523771, -19.696768), (-8.118843, 4.5877447, -19.975313), (-7.4029713, 4.6480274, -20.237787), (-6.6597013, 4.704028, -20.481617), (-5.8905783, 4.755159, -20.704245), (-5.0975795, 4.8008475, -20.903175), (-4.2831163, 4.8405533, -21.076056), (-3.4500153, 4.873783, -21.22074), (-2.601487, 4.900107, -21.335356), (-1.7410728, 4.919173, -21.41837), (-0.8725799, 4.93072, -21.468647), (0, 4.934587, -21.485483), (0.8725799, 4.93072, -21.468647), (1.7410728, 4.919173, -21.41837), (2.601487, 4.900107, -21.335356), (3.4500153, 4.873783, -21.22074), (4.2831163, 4.8405533, -21.076056), (5.0975795, 4.8008475, -20.903175), (5.8905783, 4.755159, -20.704245), (6.6597013, 4.704028, -20.481617), (7.4029713, 4.6480274, -20.237787), (8.118843, 4.5877447, -19.975313), (8.806192, 4.523771, -19.696768), (9.464291, 4.4566855, -19.404673), (-9.395214, 5.161517, -19.263044), (-8.739991, 5.238057, -19.548695), (-8.05609, 5.3109994, -19.820919), (-7.3442564, 5.3796897, -20.077276), (-6.6056166, 5.4434633, -20.315283), (-5.841707, 5.501659, -20.53247), (-5.0544815, 5.553634, -20.726444), (-4.24631, 5.598783, -20.894943), (-3.4199653, 5.6365533, -21.035904), (-2.5785854, 5.666465, -21.147535), (-1.7256278, 5.688124, -21.228369), (-0.8648033, 5.7012396, -21.277315), (0, 5.7056313, -21.293707), (0.8648033, 5.7012396, -21.277315), (1.7256278, 5.688124, -21.228369), (2.5785854, 5.666465, -21.147535), (3.4199653, 5.6365533, -21.035904), (4.24631, 5.598783, -20.894943), (5.0544815, 5.553634, -20.726444), (5.841707, 5.501659, -20.53247), (6.6056166, 5.4434633, -20.315283), (7.3442564, 5.3796897, -20.077276), (8.05609, 5.3109994, -19.820919), (8.739991, 5.238057, -19.548695), (9.395214, 5.161517, -19.263044)]
                        color3f[] primvars:displayColor = [(0.18333334, 0.6166667, 0.56666666)] (
                            interpolation = "constant"
                        )
                        float[] primvars:displayOpacity = [0.3] (
                            interpolation = "constant"
                        )
                        uniform token purpose = "guide"
                        uniform token subdivisionScheme = "none"
                    }
                }
            }

            over "sec_cam_ext_main"
            {
                double aeco:cctv:mountHeight = 3.5

                over "Sensor_0"
                {
                    double aeco:cctvSensor:effectiveWidth = 8.818976585197152
                    double aeco:cctvSensor:hfov = 99.99999999999999
                    double aeco:cctvSensor:targetRange = 4.510999617209059
                    double aeco:cctvSensor:vfov = 54.99999999999999
                    float2 clippingRange = (0.05, 40)
                    float focalLength = 3.7
                    float horizontalAperture = 8.818976
                    float verticalAperture = 3.8521962
                    matrix4d xformOp:transform = ( (1, 0, 0, 0), (0, 0.8191520442889919, 0.5735764363510459, 0), (0, -0.5735764363510459, 0.8191520442889919, 0), (0, 0, 0, 1) )
                    uniform token[] xformOpOrder = ["xformOp:transform"]

                    def Mesh "Sector" (
                        prepend apiSchemas = ["AecoDerivedGeometryAPI", "MaterialBindingAPI"]
                    )
                    {
                        uniform token aeco:derived:approx = "tessellated"
                        uniform token aeco:derived:role = "sector"
                        string aeco:derived:source = "7cc0bb8b-1ee6-5dbd-bb56-ce1bbc1c346a"
                        string aeco:derived:stamp = "usdAecoCctv derive 0.5.3"
                        uniform bool doubleSided = 1
                        float3[] extent = [(-30.641777, -18.469944, -40), (30.641777, 18.469944, 0)]
                        int[] faceVertexCounts = [4, 4, 4, 4, 4, 4, 4, 4, 4, 4, 4, 4, 4, 4, 4, 4, 4, 4, 4, 4, 4, 4, 4, 4, 4, 4, 4, 4, 4, 4, 4, 4, 4, 4, 4, 4, 4, 4, 4, 4, 4, 4, 4, 4, 4, 4, 4, 4, 4, 4, 4, 4, 4, 4, 4, 4, 4, 4, 4, 4, 4, 4, 4, 4, 4, 4, 4, 4, 4, 4, 4, 4, 4, 4, 4, 4, 4, 4, 4, 4, 4, 4, 4, 4, 4, 4, 4, 4, 4, 4, 4, 4, 4, 4, 4, 4, 4, 4, 4, 4, 4, 4, 4, 4, 4, 4, 4, 4, 4, 4, 4, 4, 4, 4, 4, 4, 4, 4, 4, 4, 4, 4, 4, 4, 4, 4, 4, 4, 4, 4, 4, 4, 4, 4, 4, 4, 4, 4, 4, 4, 4, 4, 4, 4, 4, 4, 4, 4, 4, 4, 4, 4, 4, 4, 4, 4, 4, 4, 4, 4, 4, 4, 4, 4, 4, 4, 4, 4, 4, 4, 4, 4, 4, 4, 4, 4, 4, 4, 4, 4, 4, 4, 4, 4, 4, 4, 4, 4, 4, 4, 4, 4, 4, 4, 4, 4, 4, 4, 4, 4, 4, 4, 4, 4, 4, 4, 4, 4, 4, 4, 4, 4, 4, 4, 4, 4, 4, 4, 4, 4, 4, 4, 4, 4, 4, 4, 4, 4, 4, 4, 4, 4, 4, 4, 4, 4, 4, 4, 4, 4, 4, 4, 4, 4, 4, 4, 4, 4, 4, 4, 4, 4, 4, 4, 4, 4, 4, 4, 4, 4, 4, 4, 4, 4, 4, 4, 4, 4, 4, 4, 4, 4, 4, 4, 4, 4, 4, 4, 4, 4, 4, 4, 4, 4, 4, 4, 4, 4, 4, 4, 4, 4, 4, 4, 4, 4, 4, 4, 4, 4, 4, 4, 4, 4, 4, 4, 4, 4, 4, 4, 4, 4, 4, 4, 4, 4, 4, 4, 4, 4, 4, 4, 4, 4, 4, 4, 4, 4, 4, 4, 4, 4, 4, 4, 4, 4, 3, 3, 3, 3, 3, 3, 3, 3, 3, 3, 3, 3, 3, 3, 3, 3, 3, 3, 3, 3, 3, 3, 3, 3, 3, 3, 3, 3, 3, 3, 3, 3, 3, 3, 3, 3, 3, 3, 3, 3, 3, 3, 3, 3, 3, 3, 3, 3, 3, 3, 3, 3, 3, 3, 3, 3, 3, 3, 3, 3, 3, 3, 3, 3, 3, 3, 3, 3, 3, 3, 3, 3, 3, 3, 3, 3]
                        int[] faceVertexIndices = [1, 26, 27, 2, 2, 27, 28, 3, 3, 28, 29, 4, 4, 29, 30, 5, 5, 30, 31, 6, 6, 31, 32, 7, 7, 32, 33, 8, 8, 33, 34, 9, 9, 34, 35, 10, 10, 35, 36, 11, 11, 36, 37, 12, 12, 37, 38, 13, 13, 38, 39, 14, 14, 39, 40, 15, 15, 40, 41, 16, 16, 41, 42, 17, 17, 42, 43, 18, 18, 43, 44, 19, 19, 44, 45, 20, 20, 45, 46, 21, 21, 46, 47, 22, 22, 47, 48, 23, 23, 48, 49, 24, 24, 49, 50, 25, 26, 51, 52, 27, 27, 52, 53, 28, 28, 53, 54, 29, 29, 54, 55, 30, 30, 55, 56, 31, 31, 56, 57, 32, 32, 57, 58, 33, 33, 58, 59, 34, 34, 59, 60, 35, 35, 60, 61, 36, 36, 61, 62, 37, 37, 62, 63, 38, 38, 63, 64, 39, 39, 64, 65, 40, 40, 65, 66, 41, 41, 66, 67, 42, 42, 67, 68, 43, 43, 68, 69, 44, 44, 69, 70, 45, 45, 70, 71, 46, 46, 71, 72, 47, 47, 72, 73, 48, 48, 73, 74, 49, 49, 74, 75, 50, 51, 76, 77, 52, 52, 77, 78, 53, 53, 78, 79, 54, 54, 79, 80, 55, 55, 80, 81, 56, 56, 81, 82, 57, 57, 82, 83, 58, 58, 83, 84, 59, 59, 84, 85, 60, 60, 85, 86, 61, 61, 86, 87, 62, 62, 87, 88, 63, 63, 88, 89, 64, 64, 89, 90, 65, 65, 90, 91, 66, 66, 91, 92, 67, 67, 92, 93, 68, 68, 93, 94, 69, 69, 94, 95, 70, 70, 95, 96, 71, 71, 96, 97, 72, 72, 97, 98, 73, 73, 98, 99, 74, 74, 99, 100, 75, 76, 101, 102, 77, 77, 102, 103, 78, 78, 103, 104, 79, 79, 104, 105, 80, 80, 105, 106, 81, 81, 106, 107, 82, 82, 107, 108, 83, 83, 108, 109, 84, 84, 109, 110, 85, 85, 110, 111, 86, 86, 111, 112, 87, 87, 112, 113, 88, 88, 113, 114, 89, 89, 114, 115, 90, 90, 115, 116, 91, 91, 116, 117, 92, 92, 117, 118, 93, 93, 118, 119, 94, 94, 119, 120, 95, 95, 120, 121, 96, 96, 121, 122, 97, 97, 122, 123, 98, 98, 123, 124, 99, 99, 124, 125, 100, 101, 126, 127, 102, 102, 127, 128, 103, 103, 128, 129, 104, 104, 129, 130, 105, 105, 130, 131, 106, 106, 131, 132, 107, 107, 132, 133, 108, 108, 133, 134, 109, 109, 134, 135, 110, 110, 135, 136, 111, 111, 136, 137, 112, 112, 137, 138, 113, 113, 138, 139, 114, 114, 139, 140, 115, 115, 140, 141, 116, 116, 141, 142, 117, 117, 142, 143, 118, 118, 143, 144, 119, 119, 144, 145, 120, 120, 145, 146, 121, 121, 146, 147, 122, 122, 147, 148, 123, 123, 148, 149, 124, 124, 149, 150, 125, 126, 151, 152, 127, 127, 152, 153, 128, 128, 153, 154, 129, 129, 154, 155, 130, 130, 155, 156, 131, 131, 156, 157, 132, 132, 157, 158, 133, 133, 158, 159, 134, 134, 159, 160, 135, 135, 160, 161, 136, 136, 161, 162, 137, 137, 162, 163, 138, 138, 163, 164, 139, 139, 164, 165, 140, 140, 165, 166, 141, 141, 166, 167, 142, 142, 167, 168, 143, 143, 168, 169, 144, 144, 169, 170, 145, 145, 170, 171, 146, 146, 171, 172, 147, 147, 172, 173, 148, 148, 173, 174, 149, 149, 174, 175, 150, 151, 176, 177, 152, 152, 177, 178, 153, 153, 178, 179, 154, 154, 179, 180, 155, 155, 180, 181, 156, 156, 181, 182, 157, 157, 182, 183, 158, 158, 183, 184, 159, 159, 184, 185, 160, 160, 185, 186, 161, 161, 186, 187, 162, 162, 187, 188, 163, 163, 188, 189, 164, 164, 189, 190, 165, 165, 190, 191, 166, 166, 191, 192, 167, 167, 192, 193, 168, 168, 193, 194, 169, 169, 194, 195, 170, 170, 195, 196, 171, 171, 196, 197, 172, 172, 197, 198, 173, 173, 198, 199, 174, 174, 199, 200, 175, 176, 201, 202, 177, 177, 202, 203, 178, 178, 203, 204, 179, 179, 204, 205, 180, 180, 205, 206, 181, 181, 206, 207, 182, 182, 207, 208, 183, 183, 208, 209, 184, 184, 209, 210, 185, 185, 210, 211, 186, 186, 211, 212, 187, 187, 212, 213, 188, 188, 213, 214, 189, 189, 214, 215, 190, 190, 215, 216, 191, 191, 216, 217, 192, 192, 217, 218, 193, 193, 218, 219, 194, 194, 219, 220, 195, 195, 220, 221, 196, 196, 221, 222, 197, 197, 222, 223, 198, 198, 223, 224, 199, 199, 224, 225, 200, 201, 226, 227, 202, 202, 227, 228, 203, 203, 228, 229, 204, 204, 229, 230, 205, 205, 230, 231, 206, 206, 231, 232, 207, 207, 232, 233, 208, 208, 233, 234, 209, 209, 234, 235, 210, 210, 235, 236, 211, 211, 236, 237, 212, 212, 237, 238, 213, 213, 238, 239, 214, 214, 239, 240, 215, 215, 240, 241, 216, 216, 241, 242, 217, 217, 242, 243, 218, 218, 243, 244, 219, 219, 244, 245, 220, 220, 245, 246, 221, 221, 246, 247, 222, 222, 247, 248, 223, 223, 248, 249, 224, 224, 249, 250, 225, 226, 251, 252, 227, 227, 252, 253, 228, 228, 253, 254, 229, 229, 254, 255, 230, 230, 255, 256, 231, 231, 256, 257, 232, 232, 257, 258, 233, 233, 258, 259, 234, 234, 259, 260, 235, 235, 260, 261, 236, 236, 261, 262, 237, 237, 262, 263, 238, 238, 263, 264, 239, 239, 264, 265, 240, 240, 265, 266, 241, 241, 266, 267, 242, 242, 267, 268, 243, 243, 268, 269, 244, 244, 269, 270, 245, 245, 270, 271, 246, 246, 271, 272, 247, 247, 272, 273, 248, 248, 273, 274, 249, 249, 274, 275, 250, 251, 276, 277, 252, 252, 277, 278, 253, 253, 278, 279, 254, 254, 279, 280, 255, 255, 280, 281, 256, 256, 281, 282, 257, 257, 282, 283, 258, 258, 283, 284, 259, 259, 284, 285, 260, 260, 285, 286, 261, 261, 286, 287, 262, 262, 287, 288, 263, 263, 288, 289, 264, 264, 289, 290, 265, 265, 290, 291, 266, 266, 291, 292, 267, 267, 292, 293, 268, 268, 293, 294, 269, 269, 294, 295, 270, 270, 295, 296, 271, 271, 296, 297, 272, 272, 297, 298, 273, 273, 298, 299, 274, 274, 299, 300, 275, 276, 301, 302, 277, 277, 302, 303, 278, 278, 303, 304, 279, 279, 304, 305, 280, 280, 305, 306, 281, 281, 306, 307, 282, 282, 307, 308, 283, 283, 308, 309, 284, 284, 309, 310, 285, 285, 310, 311, 286, 286, 311, 312, 287, 287, 312, 313, 288, 288, 313, 314, 289, 289, 314, 315, 290, 290, 315, 316, 291, 291, 316, 317, 292, 292, 317, 318, 293, 293, 318, 319, 294, 294, 319, 320, 295, 295, 320, 321, 296, 296, 321, 322, 297, 297, 322, 323, 298, 298, 323, 324, 299, 299, 324, 325, 300, 301, 326, 327, 302, 302, 327, 328, 303, 303, 328, 329, 304, 304, 329, 330, 305, 305, 330, 331, 306, 306, 331, 332, 307, 307, 332, 333, 308, 308, 333, 334, 309, 309, 334, 335, 310, 310, 335, 336, 311, 311, 336, 337, 312, 312, 337, 338, 313, 313, 338, 339, 314, 314, 339, 340, 315, 315, 340, 341, 316, 316, 341, 342, 317, 317, 342, 343, 318, 318, 343, 344, 319, 319, 344, 345, 320, 320, 345, 346, 321, 321, 346, 347, 322, 322, 347, 348, 323, 323, 348, 349, 324, 324, 349, 350, 325, 326, 351, 352, 327, 327, 352, 353, 328, 328, 353, 354, 329, 329, 354, 355, 330, 330, 355, 356, 331, 331, 356, 357, 332, 332, 357, 358, 333, 333, 358, 359, 334, 334, 359, 360, 335, 335, 360, 361, 336, 336, 361, 362, 337, 337, 362, 363, 338, 338, 363, 364, 339, 339, 364, 365, 340, 340, 365, 366, 341, 341, 366, 367, 342, 342, 367, 368, 343, 343, 368, 369, 344, 344, 369, 370, 345, 345, 370, 371, 346, 346, 371, 372, 347, 347, 372, 373, 348, 348, 373, 374, 349, 349, 374, 375, 350, 0, 1, 2, 0, 2, 3, 0, 3, 4, 0, 4, 5, 0, 5, 6, 0, 6, 7, 0, 7, 8, 0, 8, 9, 0, 9, 10, 0, 10, 11, 0, 11, 12, 0, 12, 13, 0, 13, 14, 0, 14, 15, 0, 15, 16, 0, 16, 17, 0, 17, 18, 0, 18, 19, 0, 19, 20, 0, 20, 21, 0, 21, 22, 0, 22, 23, 0, 23, 24, 0, 24, 25, 0, 352, 351, 0, 353, 352, 0, 354, 353, 0, 355, 354, 0, 356, 355, 0, 357, 356, 0, 358, 357, 0, 359, 358, 0, 360, 359, 0, 361, 360, 0, 362, 361, 0, 363, 362, 0, 364, 363, 0, 365, 364, 0, 366, 365, 0, 367, 366, 0, 368, 367, 0, 369, 368, 0, 370, 369, 0, 371, 370, 0, 372, 371, 0, 373, 372, 0, 374, 373, 0, 375, 374, 0, 26, 1, 0, 51, 26, 0, 76, 51, 0, 101, 76, 0, 126, 101, 0, 151, 126, 0, 176, 151, 0, 201, 176, 0, 226, 201, 0, 251, 226, 0, 276, 251, 0, 301, 276, 0, 326, 301, 0, 351, 326, 0, 25, 50, 0, 50, 75, 0, 75, 100, 0, 100, 125, 0, 125, 150, 0, 150, 175, 0, 175, 200, 0, 200, 225, 0, 225, 250, 0, 250, 275, 0, 275, 300, 0, 300, 325, 0, 325, 350, 0, 350, 375]
                        rel material:binding = </AecoCctvLooks/Sector>
                        point3f[] points = [(0, 0, 0), (-29.058159, -12.692825, -24.38269), (-27.835613, -13.264154, -25.480204), (-26.440596, -13.859344, -26.623552), (-24.850407, -14.473129, -27.802622), (-23.042223, -15.0975275, -29.00208), (-20.994907, -15.721261, -30.200262), (-18.691677, -16.329334, -31.36836), (-16.123579, -16.902966, -32.470295), (-13.293511, -17.42012, -33.46374), (-10.220115, -17.856895, -34.302776), (-6.9404283, -18.189793, -34.942265), (-3.5100682, -18.398695, -35.343563), (0, -18.469944, -35.480434), (3.5100682, -18.398695, -35.343563), (6.9404283, -18.189793, -34.942265), (10.220115, -17.856895, -34.302776), (13.293511, -17.42012, -33.46374), (16.123579, -16.902966, -32.470295), (18.691677, -16.329334, -31.36836), (20.994907, -15.721261, -30.200262), (23.042223, -15.0975275, -29.00208), (24.850407, -14.473129, -27.802622), (26.440596, -13.859344, -26.623552), (27.835613, -13.264154, -25.480204), (29.058159, -12.692825, -24.38269), (-29.454247, -11.027863, -24.715048), (-28.25075, -11.538835, -25.86021), (-26.871998, -12.073261, -27.05794), (-25.29356, -12.626765, -28.298422), (-23.490412, -13.192446, -29.566195), (-21.438816, -13.760284, -30.838802), (-19.119127, -14.316652, -32.085705), (-16.51964, -14.844146, -33.267895), (-13.641143, -15.322, -34.338833), (-10.501512, -15.727338, -35.247257), (-7.1390266, -16.037388, -35.942127), (-3.6129308, -16.232458, -36.379307), (0, -16.299082, -36.528618), (3.6129308, -16.232458, -36.379307), (7.1390266, -16.037388, -35.942127), (10.501512, -15.727338, -35.247257), (13.641143, -15.322, -34.338833), (16.51964, -14.844146, -33.267895), (19.119127, -14.316652, -32.085705), (21.438816, -13.760284, -30.838802), (23.490412, -13.192446, -29.566195), (25.29356, -12.626765, -28.298422), (26.871998, -12.073261, -27.05794), (28.25075, -11.538835, -25.86021), (29.454247, -11.027863, -24.715048), (-29.802357, -9.298498, -25.007147), (-28.61691, -9.740326, -26.195389), (-27.254007, -10.204079, -27.442593), (-25.687647, -10.686248, -28.739326), (-23.890797, -11.1810875, -30.070137), (-21.837265, -11.680021, -31.411957), (-19.504673, -12.171128, -32.732727), (-16.878586, -12.638906, -33.990757), (-13.957614, -13.064555, -35.135487), (-10.758688, -13.427077, -36.110443), (-7.3210874, -13.705315, -36.85873), (-3.707413, -13.880796, -37.330666), (0, -13.9408045, -37.49205), (3.707413, -13.880796, -37.330666), (7.3210874, -13.705315, -36.85873), (10.758688, -13.427077, -36.110443), (13.957614, -13.064555, -35.135487), (16.878586, -12.638906, -33.990757), (19.504673, -12.171128, -32.732727), (21.837265, -11.680021, -31.411957), (23.890797, -11.1810875, -30.070137), (25.687647, -10.686248, -28.739326), (27.254007, -10.204079, -27.442593), (28.61691, -9.740326, -26.195389), (29.802357, -9.298498, -25.007147), (-30.096544, -7.5122285, -25.254), (-28.927328, -7.8767858, -26.479538), (-27.578978, -8.260599, -27.769812), (-26.024157, -8.66099, -29.115812), (-24.234064, -9.073392, -30.502192), (-22.180332, -9.490813, -31.905443), (-19.838083, -9.903343, -33.292255), (-17.19034, -10.29788, -34.618576), (-14.233601, -10.658306, -35.830227), (-10.983769, -10.966387, -36.86591), (-7.480876, -11.203556, -37.663204), (-3.790486, -11.353462, -38.16715), (0, -11.404784, -38.339676), (3.790486, -11.353462, -38.16715), (7.480876, -11.203556, -37.663204), (10.983769, -10.966387, -36.86591), (14.233601, -10.658306, -35.830227), (17.19034, -10.29788, -34.618576), (19.838083, -9.903343, -33.292255), (22.180332, -9.490813, -31.905443), (24.234064, -9.073392, -30.502192), (26.024157, -8.66099, -29.115812), (27.578978, -8.260599, -27.769812), (28.927328, -7.8767858, -26.479538), (30.096544, -7.5122285, -25.254), (-30.331478, -5.6781516, -25.451132), (-29.175873, -5.9583473, -26.70705), (-27.83993, -6.2540708, -28.03257), (-26.295227, -6.563403, -29.419088), (-24.511526, -6.8829565, -30.851418), (-22.458635, -7.2074227, -32.30577), (-20.109562, -7.529151, -33.747852), (-17.445127, -7.837884, -35.131683), (-14.459952, -8.120851, -36.40002), (-11.168944, -8.363452, -37.48743), (-7.6126566, -8.550685, -38.326664), (-3.859106, -8.669247, -38.858093), (0, -8.709877, -39.04021), (3.859106, -8.669247, -38.858093), (7.6126566, -8.550685, -38.326664), (11.168944, -8.363452, -37.48743), (14.459952, -8.120851, -36.40002), (17.445127, -7.837884, -35.131683), (20.109562, -7.529151, -33.747852), (22.458635, -7.2074227, -32.30577), (24.511526, -6.8829565, -30.851418), (26.295227, -6.563403, -29.419088), (27.83993, -6.2540708, -28.03257), (29.175873, -5.9583473, -26.70705), (30.331478, -5.6781516, -25.451132), (-30.502695, -3.8068027, -25.5948), (-29.357378, -3.9969432, -26.873198), (-28.030924, -4.1979847, -28.224886), (-26.49412, -4.4086986, -29.64161), (-24.71565, -4.6268506, -31.108341), (-22.663961, -4.8488774, -32.601124), (-20.310444, -5.0695753, -34.084972), (-17.634218, -5.281893, -35.512478), (-14.6284075, -5.4769716, -36.824074), (-11.307097, -5.644602, -37.951126), (-7.7111673, -5.774223, -38.822624), (-3.9104667, -5.856417, -39.375256), (0, -5.8846054, -39.564774), (3.9104667, -5.856417, -39.375256), (7.7111673, -5.774223, -38.822624), (11.307097, -5.644602, -37.951126), (14.6284075, -5.4769716, -36.824074), (17.634218, -5.281893, -35.512478), (20.310444, -5.0695753, -34.084972), (22.663961, -4.8488774, -32.601124), (24.71565, -4.6268506, -31.108341), (26.49412, -4.4086986, -29.64161), (28.030924, -4.1979847, -28.224886), (29.357378, -3.9969432, -26.873198), (30.502695, -3.8068027, -25.5948), (-30.606829, -1.9098995, -25.682178), (-29.467922, -2.0059967, -26.974388), (-28.147427, -2.107716, -28.342194), (-26.615644, -2.2144601, -29.777569), (-24.840601, -2.325121, -31.26561), (-22.789894, -2.43791, -32.782272), (-20.4339, -2.5501955, -34.29216), (-17.750666, -2.658386, -35.746983), (-14.732351, -2.7579443, -37.08573), (-11.392492, -2.8436155, -38.237743), (-7.7721415, -2.9099405, -39.129604), (-3.9422853, -2.9520347, -39.69564), (0, -2.9664772, -39.889847), (3.9422853, -2.9520347, -39.69564), (7.7721415, -2.9099405, -39.129604), (11.392492, -2.8436155, -38.237743), (14.732351, -2.7579443, -37.08573), (17.750666, -2.658386, -35.746983), (20.4339, -2.5501955, -34.29216), (22.789894, -2.43791, -32.782272), (24.840601, -2.325121, -31.26561), (26.615644, -2.2144601, -29.777569), (28.147427, -2.107716, -28.342194), (29.467922, -2.0059967, -26.974388), (30.606829, -1.9098995, -25.682178), (-30.641777, 0, -25.711504), (-29.505047, 0, -27.008371), (-28.186584, 0, -28.381622), (-26.656525, 0, -29.823307), (-24.882675, 0, -31.318565), (-22.83234, 0, -32.84333), (-20.475557, 0, -34.362064), (-17.789997, 0, -35.82619), (-14.767495, 0, -37.1742), (-11.42139, 0, -38.334736), (-7.79279, 0, -39.233562), (-3.9530652, 0, -39.804188), (0, 0, -40), (3.9530652, 0, -39.804188), (7.79279, 0, -39.233562), (11.42139, 0, -38.334736), (14.767495, 0, -37.1742), (17.789997, 0, -35.82619), (20.475557, 0, -34.362064), (22.83234, 0, -32.84333), (24.882675, 0, -31.318565), (26.656525, 0, -29.823307), (28.186584, 0, -28.381622), (29.505047, 0, -27.008371), (30.641777, 0, -25.711504), (-30.606829, 1.9098995, -25.682178), (-29.467922, 2.0059967, -26.974388), (-28.147427, 2.107716, -28.342194), (-26.615644, 2.2144601, -29.777569), (-24.840601, 2.325121, -31.26561), (-22.789894, 2.43791, -32.782272), (-20.4339, 2.5501955, -34.29216), (-17.750666, 2.658386, -35.746983), (-14.732351, 2.7579443, -37.08573), (-11.392492, 2.8436155, -38.237743), (-7.7721415, 2.9099405, -39.129604), (-3.9422853, 2.9520347, -39.69564), (0, 2.9664772, -39.889847), (3.9422853, 2.9520347, -39.69564), (7.7721415, 2.9099405, -39.129604), (11.392492, 2.8436155, -38.237743), (14.732351, 2.7579443, -37.08573), (17.750666, 2.658386, -35.746983), (20.4339, 2.5501955, -34.29216), (22.789894, 2.43791, -32.782272), (24.840601, 2.325121, -31.26561), (26.615644, 2.2144601, -29.777569), (28.147427, 2.107716, -28.342194), (29.467922, 2.0059967, -26.974388), (30.606829, 1.9098995, -25.682178), (-30.502695, 3.8068027, -25.5948), (-29.357378, 3.9969432, -26.873198), (-28.030924, 4.1979847, -28.224886), (-26.49412, 4.4086986, -29.64161), (-24.71565, 4.6268506, -31.108341), (-22.663961, 4.8488774, -32.601124), (-20.310444, 5.0695753, -34.084972), (-17.634218, 5.281893, -35.512478), (-14.6284075, 5.4769716, -36.824074), (-11.307097, 5.644602, -37.951126), (-7.7111673, 5.774223, -38.822624), (-3.9104667, 5.856417, -39.375256), (0, 5.8846054, -39.564774), (3.9104667, 5.856417, -39.375256), (7.7111673, 5.774223, -38.822624), (11.307097, 5.644602, -37.951126), (14.6284075, 5.4769716, -36.824074), (17.634218, 5.281893, -35.512478), (20.310444, 5.0695753, -34.084972), (22.663961, 4.8488774, -32.601124), (24.71565, 4.6268506, -31.108341), (26.49412, 4.4086986, -29.64161), (28.030924, 4.1979847, -28.224886), (29.357378, 3.9969432, -26.873198), (30.502695, 3.8068027, -25.5948), (-30.331478, 5.6781516, -25.451132), (-29.175873, 5.9583473, -26.70705), (-27.83993, 6.2540708, -28.03257), (-26.295227, 6.563403, -29.419088), (-24.511526, 6.8829565, -30.851418), (-22.458635, 7.2074227, -32.30577), (-20.109562, 7.529151, -33.747852), (-17.445127, 7.837884, -35.131683), (-14.459952, 8.120851, -36.40002), (-11.168944, 8.363452, -37.48743), (-7.6126566, 8.550685, -38.326664), (-3.859106, 8.669247, -38.858093), (0, 8.709877, -39.04021), (3.859106, 8.669247, -38.858093), (7.6126566, 8.550685, -38.326664), (11.168944, 8.363452, -37.48743), (14.459952, 8.120851, -36.40002), (17.445127, 7.837884, -35.131683), (20.109562, 7.529151, -33.747852), (22.458635, 7.2074227, -32.30577), (24.511526, 6.8829565, -30.851418), (26.295227, 6.563403, -29.419088), (27.83993, 6.2540708, -28.03257), (29.175873, 5.9583473, -26.70705), (30.331478, 5.6781516, -25.451132), (-30.096544, 7.5122285, -25.254), (-28.927328, 7.8767858, -26.479538), (-27.578978, 8.260599, -27.769812), (-26.024157, 8.66099, -29.115812), (-24.234064, 9.073392, -30.502192), (-22.180332, 9.490813, -31.905443), (-19.838083, 9.903343, -33.292255), (-17.19034, 10.29788, -34.618576), (-14.233601, 10.658306, -35.830227), (-10.983769, 10.966387, -36.86591), (-7.480876, 11.203556, -37.663204), (-3.790486, 11.353462, -38.16715), (0, 11.404784, -38.339676), (3.790486, 11.353462, -38.16715), (7.480876, 11.203556, -37.663204), (10.983769, 10.966387, -36.86591), (14.233601, 10.658306, -35.830227), (17.19034, 10.29788, -34.618576), (19.838083, 9.903343, -33.292255), (22.180332, 9.490813, -31.905443), (24.234064, 9.073392, -30.502192), (26.024157, 8.66099, -29.115812), (27.578978, 8.260599, -27.769812), (28.927328, 7.8767858, -26.479538), (30.096544, 7.5122285, -25.254), (-29.802357, 9.298498, -25.007147), (-28.61691, 9.740326, -26.195389), (-27.254007, 10.204079, -27.442593), (-25.687647, 10.686248, -28.739326), (-23.890797, 11.1810875, -30.070137), (-21.837265, 11.680021, -31.411957), (-19.504673, 12.171128, -32.732727), (-16.878586, 12.638906, -33.990757), (-13.957614, 13.064555, -35.135487), (-10.758688, 13.427077, -36.110443), (-7.3210874, 13.705315, -36.85873), (-3.707413, 13.880796, -37.330666), (0, 13.9408045, -37.49205), (3.707413, 13.880796, -37.330666), (7.3210874, 13.705315, -36.85873), (10.758688, 13.427077, -36.110443), (13.957614, 13.064555, -35.135487), (16.878586, 12.638906, -33.990757), (19.504673, 12.171128, -32.732727), (21.837265, 11.680021, -31.411957), (23.890797, 11.1810875, -30.070137), (25.687647, 10.686248, -28.739326), (27.254007, 10.204079, -27.442593), (28.61691, 9.740326, -26.195389), (29.802357, 9.298498, -25.007147), (-29.454247, 11.027863, -24.715048), (-28.25075, 11.538835, -25.86021), (-26.871998, 12.073261, -27.05794), (-25.29356, 12.626765, -28.298422), (-23.490412, 13.192446, -29.566195), (-21.438816, 13.760284, -30.838802), (-19.119127, 14.316652, -32.085705), (-16.51964, 14.844146, -33.267895), (-13.641143, 15.322, -34.338833), (-10.501512, 15.727338, -35.247257), (-7.1390266, 16.037388, -35.942127), (-3.6129308, 16.232458, -36.379307), (0, 16.299082, -36.528618), (3.6129308, 16.232458, -36.379307), (7.1390266, 16.037388, -35.942127), (10.501512, 15.727338, -35.247257), (13.641143, 15.322, -34.338833), (16.51964, 14.844146, -33.267895), (19.119127, 14.316652, -32.085705), (21.438816, 13.760284, -30.838802), (23.490412, 13.192446, -29.566195), (25.29356, 12.626765, -28.298422), (26.871998, 12.073261, -27.05794), (28.25075, 11.538835, -25.86021), (29.454247, 11.027863, -24.715048), (-29.058159, 12.692825, -24.38269), (-27.835613, 13.264154, -25.480204), (-26.440596, 13.859344, -26.623552), (-24.850407, 14.473129, -27.802622), (-23.042223, 15.0975275, -29.00208), (-20.994907, 15.721261, -30.200262), (-18.691677, 16.329334, -31.36836), (-16.123579, 16.902966, -32.470295), (-13.293511, 17.42012, -33.46374), (-10.220115, 17.856895, -34.302776), (-6.9404283, 18.189793, -34.942265), (-3.5100682, 18.398695, -35.343563), (0, 18.469944, -35.480434), (3.5100682, 18.398695, -35.343563), (6.9404283, 18.189793, -34.942265), (10.220115, 17.856895, -34.302776), (13.293511, 17.42012, -33.46374), (16.123579, 16.902966, -32.470295), (18.691677, 16.329334, -31.36836), (20.994907, 15.721261, -30.200262), (23.042223, 15.0975275, -29.00208), (24.850407, 14.473129, -27.802622), (26.440596, 13.859344, -26.623552), (27.835613, 13.264154, -25.480204), (29.058159, 12.692825, -24.38269)]
                        color3f[] primvars:displayColor = [(0, 0.85, 0.95)] (
                            interpolation = "constant"
                        )
                        float[] primvars:displayOpacity = [0.3] (
                            interpolation = "constant"
                        )
                        uniform token purpose = "guide"
                        uniform token subdivisionScheme = "none"
                    }

                    def Mesh "Shell_identify" (
                        prepend apiSchemas = ["AecoDerivedGeometryAPI", "MaterialBindingAPI"]
                    )
                    {
                        uniform token aeco:derived:approx = "tessellated"
                        uniform token aeco:derived:role = "coverage"
                        string aeco:derived:source = "7cc0bb8b-1ee6-5dbd-bb56-ce1bbc1c346a"
                        string aeco:derived:stamp = "usdAecoCctv derive 0.5.3"
                        uniform bool doubleSided = 1
                        float3[] extent = [(-3.4556262, -2.0829477, -4.5109997), (3.4556262, 2.0829477, 0)]
                        int[] faceVertexCounts = [4, 4, 4, 4, 4, 4, 4, 4, 4, 4, 4, 4, 4, 4, 4, 4, 4, 4, 4, 4, 4, 4, 4, 4, 4, 4, 4, 4, 4, 4, 4, 4, 4, 4, 4, 4, 4, 4, 4, 4, 4, 4, 4, 4, 4, 4, 4, 4, 4, 4, 4, 4, 4, 4, 4, 4, 4, 4, 4, 4, 4, 4, 4, 4, 4, 4, 4, 4, 4, 4, 4, 4, 4, 4, 4, 4, 4, 4, 4, 4, 4, 4, 4, 4, 4, 4, 4, 4, 4, 4, 4, 4, 4, 4, 4, 4, 4, 4, 4, 4, 4, 4, 4, 4, 4, 4, 4, 4, 4, 4, 4, 4, 4, 4, 4, 4, 4, 4, 4, 4, 4, 4, 4, 4, 4, 4, 4, 4, 4, 4, 4, 4, 4, 4, 4, 4, 4, 4, 4, 4, 4, 4, 4, 4, 4, 4, 4, 4, 4, 4, 4, 4, 4, 4, 4, 4, 4, 4, 4, 4, 4, 4, 4, 4, 4, 4, 4, 4, 4, 4, 4, 4, 4, 4, 4, 4, 4, 4, 4, 4, 4, 4, 4, 4, 4, 4, 4, 4, 4, 4, 4, 4, 4, 4, 4, 4, 4, 4, 4, 4, 4, 4, 4, 4, 4, 4, 4, 4, 4, 4, 4, 4, 4, 4, 4, 4, 4, 4, 4, 4, 4, 4, 4, 4, 4, 4, 4, 4, 4, 4, 4, 4, 4, 4, 4, 4, 4, 4, 4, 4, 4, 4, 4, 4, 4, 4, 4, 4, 4, 4, 4, 4, 4, 4, 4, 4, 4, 4, 4, 4, 4, 4, 4, 4, 4, 4, 4, 4, 4, 4, 4, 4, 4, 4, 4, 4, 4, 4, 4, 4, 4, 4, 4, 4, 4, 4, 4, 4, 4, 4, 4, 4, 4, 4, 4, 4, 4, 4, 4, 4, 4, 4, 4, 4, 4, 4, 4, 4, 4, 4, 4, 4, 4, 4, 4, 4, 4, 4, 4, 4, 4, 4, 4, 4, 4, 4, 4, 4, 4, 4, 4, 4, 4, 4, 4, 4, 3, 3, 3, 3, 3, 3, 3, 3, 3, 3, 3, 3, 3, 3, 3, 3, 3, 3, 3, 3, 3, 3, 3, 3, 3, 3, 3, 3, 3, 3, 3, 3, 3, 3, 3, 3, 3, 3, 3, 3, 3, 3, 3, 3, 3, 3, 3, 3, 3, 3, 3, 3, 3, 3, 3, 3, 3, 3, 3, 3, 3, 3, 3, 3, 3, 3, 3, 3, 3, 3, 3, 3, 3, 3, 3, 3]
                        int[] faceVertexIndices = [1, 26, 27, 2, 2, 27, 28, 3, 3, 28, 29, 4, 4, 29, 30, 5, 5, 30, 31, 6, 6, 31, 32, 7, 7, 32, 33, 8, 8, 33, 34, 9, 9, 34, 35, 10, 10, 35, 36, 11, 11, 36, 37, 12, 12, 37, 38, 13, 13, 38, 39, 14, 14, 39, 40, 15, 15, 40, 41, 16, 16, 41, 42, 17, 17, 42, 43, 18, 18, 43, 44, 19, 19, 44, 45, 20, 20, 45, 46, 21, 21, 46, 47, 22, 22, 47, 48, 23, 23, 48, 49, 24, 24, 49, 50, 25, 26, 51, 52, 27, 27, 52, 53, 28, 28, 53, 54, 29, 29, 54, 55, 30, 30, 55, 56, 31, 31, 56, 57, 32, 32, 57, 58, 33, 33, 58, 59, 34, 34, 59, 60, 35, 35, 60, 61, 36, 36, 61, 62, 37, 37, 62, 63, 38, 38, 63, 64, 39, 39, 64, 65, 40, 40, 65, 66, 41, 41, 66, 67, 42, 42, 67, 68, 43, 43, 68, 69, 44, 44, 69, 70, 45, 45, 70, 71, 46, 46, 71, 72, 47, 47, 72, 73, 48, 48, 73, 74, 49, 49, 74, 75, 50, 51, 76, 77, 52, 52, 77, 78, 53, 53, 78, 79, 54, 54, 79, 80, 55, 55, 80, 81, 56, 56, 81, 82, 57, 57, 82, 83, 58, 58, 83, 84, 59, 59, 84, 85, 60, 60, 85, 86, 61, 61, 86, 87, 62, 62, 87, 88, 63, 63, 88, 89, 64, 64, 89, 90, 65, 65, 90, 91, 66, 66, 91, 92, 67, 67, 92, 93, 68, 68, 93, 94, 69, 69, 94, 95, 70, 70, 95, 96, 71, 71, 96, 97, 72, 72, 97, 98, 73, 73, 98, 99, 74, 74, 99, 100, 75, 76, 101, 102, 77, 77, 102, 103, 78, 78, 103, 104, 79, 79, 104, 105, 80, 80, 105, 106, 81, 81, 106, 107, 82, 82, 107, 108, 83, 83, 108, 109, 84, 84, 109, 110, 85, 85, 110, 111, 86, 86, 111, 112, 87, 87, 112, 113, 88, 88, 113, 114, 89, 89, 114, 115, 90, 90, 115, 116, 91, 91, 116, 117, 92, 92, 117, 118, 93, 93, 118, 119, 94, 94, 119, 120, 95, 95, 120, 121, 96, 96, 121, 122, 97, 97, 122, 123, 98, 98, 123, 124, 99, 99, 124, 125, 100, 101, 126, 127, 102, 102, 127, 128, 103, 103, 128, 129, 104, 104, 129, 130, 105, 105, 130, 131, 106, 106, 131, 132, 107, 107, 132, 133, 108, 108, 133, 134, 109, 109, 134, 135, 110, 110, 135, 136, 111, 111, 136, 137, 112, 112, 137, 138, 113, 113, 138, 139, 114, 114, 139, 140, 115, 115, 140, 141, 116, 116, 141, 142, 117, 117, 142, 143, 118, 118, 143, 144, 119, 119, 144, 145, 120, 120, 145, 146, 121, 121, 146, 147, 122, 122, 147, 148, 123, 123, 148, 149, 124, 124, 149, 150, 125, 126, 151, 152, 127, 127, 152, 153, 128, 128, 153, 154, 129, 129, 154, 155, 130, 130, 155, 156, 131, 131, 156, 157, 132, 132, 157, 158, 133, 133, 158, 159, 134, 134, 159, 160, 135, 135, 160, 161, 136, 136, 161, 162, 137, 137, 162, 163, 138, 138, 163, 164, 139, 139, 164, 165, 140, 140, 165, 166, 141, 141, 166, 167, 142, 142, 167, 168, 143, 143, 168, 169, 144, 144, 169, 170, 145, 145, 170, 171, 146, 146, 171, 172, 147, 147, 172, 173, 148, 148, 173, 174, 149, 149, 174, 175, 150, 151, 176, 177, 152, 152, 177, 178, 153, 153, 178, 179, 154, 154, 179, 180, 155, 155, 180, 181, 156, 156, 181, 182, 157, 157, 182, 183, 158, 158, 183, 184, 159, 159, 184, 185, 160, 160, 185, 186, 161, 161, 186, 187, 162, 162, 187, 188, 163, 163, 188, 189, 164, 164, 189, 190, 165, 165, 190, 191, 166, 166, 191, 192, 167, 167, 192, 193, 168, 168, 193, 194, 169, 169, 194, 195, 170, 170, 195, 196, 171, 171, 196, 197, 172, 172, 197, 198, 173, 173, 198, 199, 174, 174, 199, 200, 175, 176, 201, 202, 177, 177, 202, 203, 178, 178, 203, 204, 179, 179, 204, 205, 180, 180, 205, 206, 181, 181, 206, 207, 182, 182, 207, 208, 183, 183, 208, 209, 184, 184, 209, 210, 185, 185, 210, 211, 186, 186, 211, 212, 187, 187, 212, 213, 188, 188, 213, 214, 189, 189, 214, 215, 190, 190, 215, 216, 191, 191, 216, 217, 192, 192, 217, 218, 193, 193, 218, 219, 194, 194, 219, 220, 195, 195, 220, 221, 196, 196, 221, 222, 197, 197, 222, 223, 198, 198, 223, 224, 199, 199, 224, 225, 200, 201, 226, 227, 202, 202, 227, 228, 203, 203, 228, 229, 204, 204, 229, 230, 205, 205, 230, 231, 206, 206, 231, 232, 207, 207, 232, 233, 208, 208, 233, 234, 209, 209, 234, 235, 210, 210, 235, 236, 211, 211, 236, 237, 212, 212, 237, 238, 213, 213, 238, 239, 214, 214, 239, 240, 215, 215, 240, 241, 216, 216, 241, 242, 217, 217, 242, 243, 218, 218, 243, 244, 219, 219, 244, 245, 220, 220, 245, 246, 221, 221, 246, 247, 222, 222, 247, 248, 223, 223, 248, 249, 224, 224, 249, 250, 225, 226, 251, 252, 227, 227, 252, 253, 228, 228, 253, 254, 229, 229, 254, 255, 230, 230, 255, 256, 231, 231, 256, 257, 232, 232, 257, 258, 233, 233, 258, 259, 234, 234, 259, 260, 235, 235, 260, 261, 236, 236, 261, 262, 237, 237, 262, 263, 238, 238, 263, 264, 239, 239, 264, 265, 240, 240, 265, 266, 241, 241, 266, 267, 242, 242, 267, 268, 243, 243, 268, 269, 244, 244, 269, 270, 245, 245, 270, 271, 246, 246, 271, 272, 247, 247, 272, 273, 248, 248, 273, 274, 249, 249, 274, 275, 250, 251, 276, 277, 252, 252, 277, 278, 253, 253, 278, 279, 254, 254, 279, 280, 255, 255, 280, 281, 256, 256, 281, 282, 257, 257, 282, 283, 258, 258, 283, 284, 259, 259, 284, 285, 260, 260, 285, 286, 261, 261, 286, 287, 262, 262, 287, 288, 263, 263, 288, 289, 264, 264, 289, 290, 265, 265, 290, 291, 266, 266, 291, 292, 267, 267, 292, 293, 268, 268, 293, 294, 269, 269, 294, 295, 270, 270, 295, 296, 271, 271, 296, 297, 272, 272, 297, 298, 273, 273, 298, 299, 274, 274, 299, 300, 275, 276, 301, 302, 277, 277, 302, 303, 278, 278, 303, 304, 279, 279, 304, 305, 280, 280, 305, 306, 281, 281, 306, 307, 282, 282, 307, 308, 283, 283, 308, 309, 284, 284, 309, 310, 285, 285, 310, 311, 286, 286, 311, 312, 287, 287, 312, 313, 288, 288, 313, 314, 289, 289, 314, 315, 290, 290, 315, 316, 291, 291, 316, 317, 292, 292, 317, 318, 293, 293, 318, 319, 294, 294, 319, 320, 295, 295, 320, 321, 296, 296, 321, 322, 297, 297, 322, 323, 298, 298, 323, 324, 299, 299, 324, 325, 300, 301, 326, 327, 302, 302, 327, 328, 303, 303, 328, 329, 304, 304, 329, 330, 305, 305, 330, 331, 306, 306, 331, 332, 307, 307, 332, 333, 308, 308, 333, 334, 309, 309, 334, 335, 310, 310, 335, 336, 311, 311, 336, 337, 312, 312, 337, 338, 313, 313, 338, 339, 314, 314, 339, 340, 315, 315, 340, 341, 316, 316, 341, 342, 317, 317, 342, 343, 318, 318, 343, 344, 319, 319, 344, 345, 320, 320, 345, 346, 321, 321, 346, 347, 322, 322, 347, 348, 323, 323, 348, 349, 324, 324, 349, 350, 325, 326, 351, 352, 327, 327, 352, 353, 328, 328, 353, 354, 329, 329, 354, 355, 330, 330, 355, 356, 331, 331, 356, 357, 332, 332, 357, 358, 333, 333, 358, 359, 334, 334, 359, 360, 335, 335, 360, 361, 336, 336, 361, 362, 337, 337, 362, 363, 338, 338, 363, 364, 339, 339, 364, 365, 340, 340, 365, 366, 341, 341, 366, 367, 342, 342, 367, 368, 343, 343, 368, 369, 344, 344, 369, 370, 345, 345, 370, 371, 346, 346, 371, 372, 347, 347, 372, 373, 348, 348, 373, 374, 349, 349, 374, 375, 350, 0, 1, 2, 0, 2, 3, 0, 3, 4, 0, 4, 5, 0, 5, 6, 0, 6, 7, 0, 7, 8, 0, 8, 9, 0, 9, 10, 0, 10, 11, 0, 11, 12, 0, 12, 13, 0, 13, 14, 0, 14, 15, 0, 15, 16, 0, 16, 17, 0, 17, 18, 0, 18, 19, 0, 19, 20, 0, 20, 21, 0, 21, 22, 0, 22, 23, 0, 23, 24, 0, 24, 25, 0, 352, 351, 0, 353, 352, 0, 354, 353, 0, 355, 354, 0, 356, 355, 0, 357, 356, 0, 358, 357, 0, 359, 358, 0, 360, 359, 0, 361, 360, 0, 362, 361, 0, 363, 362, 0, 364, 363, 0, 365, 364, 0, 366, 365, 0, 367, 366, 0, 368, 367, 0, 369, 368, 0, 370, 369, 0, 371, 370, 0, 372, 371, 0, 373, 372, 0, 374, 373, 0, 375, 374, 0, 26, 1, 0, 51, 26, 0, 76, 51, 0, 101, 76, 0, 126, 101, 0, 151, 126, 0, 176, 151, 0, 201, 176, 0, 226, 201, 0, 251, 226, 0, 276, 251, 0, 301, 276, 0, 326, 301, 0, 351, 326, 0, 25, 50, 0, 50, 75, 0, 75, 100, 0, 100, 125, 0, 125, 150, 0, 150, 175, 0, 175, 200, 0, 200, 225, 0, 225, 250, 0, 250, 275, 0, 275, 300, 0, 300, 325, 0, 325, 350, 0, 350, 375]
                        rel material:binding = </AecoCctvLooks/Shell_identify>
                        point3f[] points = [(0, 0, 0), (-3.2770336, -1.4314332, -2.7497578), (-3.139161, -1.4958649, -2.8735297), (-2.9818377, -1.5629873, -3.0024707), (-2.8025043, -1.632207, -3.1354406), (-2.5985863, -1.7026235, -3.2707093), (-2.3677006, -1.7729651, -3.4058342), (-2.1079538, -1.8415406, -3.5375664), (-1.8183365, -1.9062318, -3.661837), (-1.4991755, -1.964554, -3.773873), (-1.1525733, -2.0138113, -3.8684955), (-0.78270674, -2.0513537, -3.9406137), (-0.39584792, -2.0749125, -3.9858701), (0, -2.0829477, -4.0013056), (0.39584792, -2.0749125, -3.9858701), (0.78270674, -2.0513537, -3.9406137), (1.1525733, -2.0138113, -3.8684955), (1.4991755, -1.964554, -3.773873), (1.8183365, -1.9062318, -3.661837), (2.1079538, -1.8415406, -3.5375664), (2.3677006, -1.7729651, -3.4058342), (2.5985863, -1.7026235, -3.2707093), (2.8025043, -1.632207, -3.1354406), (2.9818377, -1.5629873, -3.0024707), (3.139161, -1.4958649, -2.8735297), (3.2770336, -1.4314332, -2.7497578), (-3.3217025, -1.2436671, -2.7872393), (-3.185978, -1.301292, -2.916385), (-3.0304892, -1.361562, -3.0514588), (-2.852481, -1.4239833, -3.1913543), (-2.649131, -1.487778, -3.3343275), (-2.4177623, -1.5518159, -3.4778457), (-2.1561594, -1.6145602, -3.618465), (-1.8630022, -1.6740484, -3.7517865), (-1.5383798, -1.7279383, -3.8725617), (-1.1843078, -1.7736503, -3.975009), (-0.80510366, -1.8086164, -4.053373), (-0.40744823, -1.8306154, -4.102676), (0, -1.8381288, -4.1195145), (0.40744823, -1.8306154, -4.102676), (0.80510366, -1.8086164, -4.053373), (1.1843078, -1.7736503, -3.975009), (1.5383798, -1.7279383, -3.8725617), (1.8630022, -1.6740484, -3.7517865), (2.1561594, -1.6145602, -3.618465), (2.4177623, -1.5518159, -3.4778457), (2.649131, -1.487778, -3.3343275), (2.852481, -1.4239833, -3.1913543), (3.0304892, -1.361562, -3.0514588), (3.185978, -1.301292, -2.916385), (3.3217025, -1.2436671, -2.7872393), (-3.3609605, -1.048638, -2.820181), (-3.227272, -1.0984652, -2.9541848), (-3.0735705, -1.1507648, -3.0948381), (-2.8969243, -1.2051414, -3.2410774), (-2.6942842, -1.260947, -3.3911595), (-2.4626973, -1.3172143, -3.542483), (-2.1996393, -1.3725989, -3.691433), (-1.9034823, -1.4253525, -3.833307), (-1.5740699, -1.473355, -3.9624043), (-1.213311, -1.5142385, -4.0723553), (-0.82563555, -1.5456167, -4.156743), (-0.41810346, -1.5654067, -4.209965), (0, -1.5721742, -4.2281656), (0.41810346, -1.5654067, -4.209965), (0.82563555, -1.5456167, -4.156743), (1.213311, -1.5142385, -4.0723553), (1.5740699, -1.473355, -3.9624043), (1.9034823, -1.4253525, -3.833307), (2.1996393, -1.3725989, -3.691433), (2.4626973, -1.3172143, -3.542483), (2.6942842, -1.260947, -3.3911595), (2.8969243, -1.2051414, -3.2410774), (3.0735705, -1.1507648, -3.0948381), (3.227272, -1.0984652, -2.9541848), (3.3609605, -1.048638, -2.820181), (-3.3941374, -0.8471915, -2.8480196), (-3.262279, -0.8883045, -2.9862297), (-3.110219, -0.93158907, -3.1317403), (-2.9348738, -0.9767431, -3.2835355), (-2.7329965, -1.0232517, -3.4398844), (-2.501387, -1.0703263, -3.5981362), (-2.2372396, -1.1168494, -3.7545338), (-1.9386404, -1.1613433, -3.9041097), (-1.6051941, -1.2019904, -4.0407534), (-1.2386945, -1.2367342, -4.1575522), (-0.84365577, -1.2634809, -4.2474675), (-0.42747205, -1.2803866, -4.3043), (0, -1.2861744, -4.3237567), (0.42747205, -1.2803866, -4.3043), (0.84365577, -1.2634809, -4.2474675), (1.2386945, -1.2367342, -4.1575522), (1.6051941, -1.2019904, -4.0407534), (1.9386404, -1.1613433, -3.9041097), (2.2372396, -1.1168494, -3.7545338), (2.501387, -1.0703263, -3.5981362), (2.7329965, -1.0232517, -3.4398844), (2.9348738, -0.9767431, -3.2835355), (3.110219, -0.93158907, -3.1317403), (3.262279, -0.8883045, -2.9862297), (3.3941374, -0.8471915, -2.8480196), (-3.4206321, -0.6403535, -2.8702512), (-3.2903087, -0.6719526, -3.0118876), (-3.1396477, -0.7053028, -3.1613727), (-2.965444, -0.74018776, -3.3177373), (-2.764287, -0.7762253, -3.4792683), (-2.5327723, -0.81281704, -3.643283), (-2.2678556, -0.84909993, -3.8059134), (-1.9673742, -0.8839173, -3.961975), (-1.630721, -0.9158289, -4.105012), (-1.2595776, -0.9431882, -4.2276444), (-0.8585173, -0.96430343, -4.3222895), (-0.43521065, -0.97767425, -4.382221), (0, -0.98225635, -4.4027596), (0.43521065, -0.97767425, -4.382221), (0.8585173, -0.96430343, -4.3222895), (1.2595776, -0.9431882, -4.2276444), (1.630721, -0.9158289, -4.105012), (1.9673742, -0.8839173, -3.961975), (2.2678556, -0.84909993, -3.8059134), (2.5327723, -0.81281704, -3.643283), (2.764287, -0.7762253, -3.4792683), (2.965444, -0.74018776, -3.3177373), (3.1396477, -0.7053028, -3.1613727), (3.2903087, -0.6719526, -3.0118876), (3.4206321, -0.6403535, -2.8702512), (-3.4399412, -0.42931214, -2.8864534), (-3.3107781, -0.45075524, -3.0306246), (-3.1611872, -0.47342765, -3.1830614), (-2.9878743, -0.49719092, -3.342832), (-2.7873073, -0.521793, -3.5082428), (-2.555928, -0.5468321, -3.6765914), (-2.2905102, -0.5717213, -3.8439324), (-1.9886987, -0.5956654, -4.004919), (-1.6497185, -0.6176654, -4.152835), (-1.2751578, -0.6365699, -4.2799377), (-0.8696268, -0.6511879, -4.378221), (-0.44100285, -0.6604574, -4.440544), (0, -0.66363627, -4.461917), (0.44100285, -0.6604574, -4.440544), (0.8696268, -0.6511879, -4.378221), (1.2751578, -0.6365699, -4.2799377), (1.6497185, -0.6176654, -4.152835), (1.9886987, -0.5956654, -4.004919), (2.2905102, -0.5717213, -3.8439324), (2.555928, -0.5468321, -3.6765914), (2.7873073, -0.521793, -3.5082428), (2.9878743, -0.49719092, -3.342832), (3.1611872, -0.47342765, -3.1830614), (3.3107781, -0.45075524, -3.0306246), (3.4399412, -0.42931214, -2.8864534), (-3.451685, -0.2153889, -2.8963075), (-3.3232446, -0.22622627, -3.0420363), (-3.1743257, -0.23769766, -3.1962907), (-3.001579, -0.24973573, -3.358165), (-2.8013985, -0.2622155, -3.5259788), (-2.57013, -0.27493528, -3.6970203), (-2.304433, -0.28759825, -3.867298), (-2.001831, -0.29979944, -4.031366), (-1.6614408, -0.31102714, -4.182343), (-1.2847881, -0.32068872, -4.312261), (-0.87650317, -0.3281685, -4.412841), (-0.44459116, -0.3329157, -4.4766755), (0, -0.33454445, -4.498577), (0.44459116, -0.3329157, -4.4766755), (0.87650317, -0.3281685, -4.412841), (1.2847881, -0.32068872, -4.312261), (1.6614408, -0.31102714, -4.182343), (2.001831, -0.29979944, -4.031366), (2.304433, -0.28759825, -3.867298), (2.57013, -0.27493528, -3.6970203), (2.8013985, -0.2622155, -3.5259788), (3.001579, -0.24973573, -3.358165), (3.1743257, -0.23769766, -3.1962907), (3.3232446, -0.22622627, -3.0420363), (3.451685, -0.2153889, -2.8963075), (-3.4556262, 0, -2.8996146), (-3.3274314, 0, -3.0458689), (-3.1787417, 0, -3.2007372), (-3.0061893, 0, -3.3633232), (-2.8061433, 0, -3.531951), (-2.574917, 0, -3.703906), (-2.309131, 0, -3.8751817), (-2.0062668, 0, -4.0402985), (-1.6654041, 0, -4.19232), (-1.2880471, 0, -4.3231993), (-0.8788318, 0, -4.424565), (-0.4458069, 0, -4.488917), (0, 0, -4.5109997), (0.4458069, 0, -4.488917), (0.8788318, 0, -4.424565), (1.2880471, 0, -4.3231993), (1.6654041, 0, -4.19232), (2.0062668, 0, -4.0402985), (2.309131, 0, -3.8751817), (2.574917, 0, -3.703906), (2.8061433, 0, -3.531951), (3.0061893, 0, -3.3633232), (3.1787417, 0, -3.2007372), (3.3274314, 0, -3.0458689), (3.4556262, 0, -2.8996146), (-3.451685, 0.2153889, -2.8963075), (-3.3232446, 0.22622627, -3.0420363), (-3.1743257, 0.23769766, -3.1962907), (-3.001579, 0.24973573, -3.358165), (-2.8013985, 0.2622155, -3.5259788), (-2.57013, 0.27493528, -3.6970203), (-2.304433, 0.28759825, -3.867298), (-2.001831, 0.29979944, -4.031366), (-1.6614408, 0.31102714, -4.182343), (-1.2847881, 0.32068872, -4.312261), (-0.87650317, 0.3281685, -4.412841), (-0.44459116, 0.3329157, -4.4766755), (0, 0.33454445, -4.498577), (0.44459116, 0.3329157, -4.4766755), (0.87650317, 0.3281685, -4.412841), (1.2847881, 0.32068872, -4.312261), (1.6614408, 0.31102714, -4.182343), (2.001831, 0.29979944, -4.031366), (2.304433, 0.28759825, -3.867298), (2.57013, 0.27493528, -3.6970203), (2.8013985, 0.2622155, -3.5259788), (3.001579, 0.24973573, -3.358165), (3.1743257, 0.23769766, -3.1962907), (3.3232446, 0.22622627, -3.0420363), (3.451685, 0.2153889, -2.8963075), (-3.4399412, 0.42931214, -2.8864534), (-3.3107781, 0.45075524, -3.0306246), (-3.1611872, 0.47342765, -3.1830614), (-2.9878743, 0.49719092, -3.342832), (-2.7873073, 0.521793, -3.5082428), (-2.555928, 0.5468321, -3.6765914), (-2.2905102, 0.5717213, -3.8439324), (-1.9886987, 0.5956654, -4.004919), (-1.6497185, 0.6176654, -4.152835), (-1.2751578, 0.6365699, -4.2799377), (-0.8696268, 0.6511879, -4.378221), (-0.44100285, 0.6604574, -4.440544), (0, 0.66363627, -4.461917), (0.44100285, 0.6604574, -4.440544), (0.8696268, 0.6511879, -4.378221), (1.2751578, 0.6365699, -4.2799377), (1.6497185, 0.6176654, -4.152835), (1.9886987, 0.5956654, -4.004919), (2.2905102, 0.5717213, -3.8439324), (2.555928, 0.5468321, -3.6765914), (2.7873073, 0.521793, -3.5082428), (2.9878743, 0.49719092, -3.342832), (3.1611872, 0.47342765, -3.1830614), (3.3107781, 0.45075524, -3.0306246), (3.4399412, 0.42931214, -2.8864534), (-3.4206321, 0.6403535, -2.8702512), (-3.2903087, 0.6719526, -3.0118876), (-3.1396477, 0.7053028, -3.1613727), (-2.965444, 0.74018776, -3.3177373), (-2.764287, 0.7762253, -3.4792683), (-2.5327723, 0.81281704, -3.643283), (-2.2678556, 0.84909993, -3.8059134), (-1.9673742, 0.8839173, -3.961975), (-1.630721, 0.9158289, -4.105012), (-1.2595776, 0.9431882, -4.2276444), (-0.8585173, 0.96430343, -4.3222895), (-0.43521065, 0.97767425, -4.382221), (0, 0.98225635, -4.4027596), (0.43521065, 0.97767425, -4.382221), (0.8585173, 0.96430343, -4.3222895), (1.2595776, 0.9431882, -4.2276444), (1.630721, 0.9158289, -4.105012), (1.9673742, 0.8839173, -3.961975), (2.2678556, 0.84909993, -3.8059134), (2.5327723, 0.81281704, -3.643283), (2.764287, 0.7762253, -3.4792683), (2.965444, 0.74018776, -3.3177373), (3.1396477, 0.7053028, -3.1613727), (3.2903087, 0.6719526, -3.0118876), (3.4206321, 0.6403535, -2.8702512), (-3.3941374, 0.8471915, -2.8480196), (-3.262279, 0.8883045, -2.9862297), (-3.110219, 0.93158907, -3.1317403), (-2.9348738, 0.9767431, -3.2835355), (-2.7329965, 1.0232517, -3.4398844), (-2.501387, 1.0703263, -3.5981362), (-2.2372396, 1.1168494, -3.7545338), (-1.9386404, 1.1613433, -3.9041097), (-1.6051941, 1.2019904, -4.0407534), (-1.2386945, 1.2367342, -4.1575522), (-0.84365577, 1.2634809, -4.2474675), (-0.42747205, 1.2803866, -4.3043), (0, 1.2861744, -4.3237567), (0.42747205, 1.2803866, -4.3043), (0.84365577, 1.2634809, -4.2474675), (1.2386945, 1.2367342, -4.1575522), (1.6051941, 1.2019904, -4.0407534), (1.9386404, 1.1613433, -3.9041097), (2.2372396, 1.1168494, -3.7545338), (2.501387, 1.0703263, -3.5981362), (2.7329965, 1.0232517, -3.4398844), (2.9348738, 0.9767431, -3.2835355), (3.110219, 0.93158907, -3.1317403), (3.262279, 0.8883045, -2.9862297), (3.3941374, 0.8471915, -2.8480196), (-3.3609605, 1.048638, -2.820181), (-3.227272, 1.0984652, -2.9541848), (-3.0735705, 1.1507648, -3.0948381), (-2.8969243, 1.2051414, -3.2410774), (-2.6942842, 1.260947, -3.3911595), (-2.4626973, 1.3172143, -3.542483), (-2.1996393, 1.3725989, -3.691433), (-1.9034823, 1.4253525, -3.833307), (-1.5740699, 1.473355, -3.9624043), (-1.213311, 1.5142385, -4.0723553), (-0.82563555, 1.5456167, -4.156743), (-0.41810346, 1.5654067, -4.209965), (0, 1.5721742, -4.2281656), (0.41810346, 1.5654067, -4.209965), (0.82563555, 1.5456167, -4.156743), (1.213311, 1.5142385, -4.0723553), (1.5740699, 1.473355, -3.9624043), (1.9034823, 1.4253525, -3.833307), (2.1996393, 1.3725989, -3.691433), (2.4626973, 1.3172143, -3.542483), (2.6942842, 1.260947, -3.3911595), (2.8969243, 1.2051414, -3.2410774), (3.0735705, 1.1507648, -3.0948381), (3.227272, 1.0984652, -2.9541848), (3.3609605, 1.048638, -2.820181), (-3.3217025, 1.2436671, -2.7872393), (-3.185978, 1.301292, -2.916385), (-3.0304892, 1.361562, -3.0514588), (-2.852481, 1.4239833, -3.1913543), (-2.649131, 1.487778, -3.3343275), (-2.4177623, 1.5518159, -3.4778457), (-2.1561594, 1.6145602, -3.618465), (-1.8630022, 1.6740484, -3.7517865), (-1.5383798, 1.7279383, -3.8725617), (-1.1843078, 1.7736503, -3.975009), (-0.80510366, 1.8086164, -4.053373), (-0.40744823, 1.8306154, -4.102676), (0, 1.8381288, -4.1195145), (0.40744823, 1.8306154, -4.102676), (0.80510366, 1.8086164, -4.053373), (1.1843078, 1.7736503, -3.975009), (1.5383798, 1.7279383, -3.8725617), (1.8630022, 1.6740484, -3.7517865), (2.1561594, 1.6145602, -3.618465), (2.4177623, 1.5518159, -3.4778457), (2.649131, 1.487778, -3.3343275), (2.852481, 1.4239833, -3.1913543), (3.0304892, 1.361562, -3.0514588), (3.185978, 1.301292, -2.916385), (3.3217025, 1.2436671, -2.7872393), (-3.2770336, 1.4314332, -2.7497578), (-3.139161, 1.4958649, -2.8735297), (-2.9818377, 1.5629873, -3.0024707), (-2.8025043, 1.632207, -3.1354406), (-2.5985863, 1.7026235, -3.2707093), (-2.3677006, 1.7729651, -3.4058342), (-2.1079538, 1.8415406, -3.5375664), (-1.8183365, 1.9062318, -3.661837), (-1.4991755, 1.964554, -3.773873), (-1.1525733, 2.0138113, -3.8684955), (-0.78270674, 2.0513537, -3.9406137), (-0.39584792, 2.0749125, -3.9858701), (0, 2.0829477, -4.0013056), (0.39584792, 2.0749125, -3.9858701), (0.78270674, 2.0513537, -3.9406137), (1.1525733, 2.0138113, -3.8684955), (1.4991755, 1.964554, -3.773873), (1.8183365, 1.9062318, -3.661837), (2.1079538, 1.8415406, -3.5375664), (2.3677006, 1.7729651, -3.4058342), (2.5985863, 1.7026235, -3.2707093), (2.8025043, 1.632207, -3.1354406), (2.9818377, 1.5629873, -3.0024707), (3.139161, 1.4958649, -2.8735297), (3.2770336, 1.4314332, -2.7497578)]
                        color3f[] primvars:displayColor = [(0, 0.5, 0.45)] (
                            interpolation = "constant"
                        )
                        float[] primvars:displayOpacity = [0.3] (
                            interpolation = "constant"
                        )
                        uniform token purpose = "guide"
                        uniform token subdivisionScheme = "none"
                    }

                    def Mesh "Shell_recognise" (
                        prepend apiSchemas = ["AecoDerivedGeometryAPI", "MaterialBindingAPI"]
                    )
                    {
                        uniform token aeco:derived:approx = "tessellated"
                        uniform token aeco:derived:role = "coverage"
                        string aeco:derived:source = "7cc0bb8b-1ee6-5dbd-bb56-ce1bbc1c346a"
                        string aeco:derived:stamp = "usdAecoCctv derive 0.5.3"
                        uniform bool doubleSided = 1
                        float3[] extent = [(-6.9112525, -4.1658955, -9.021999), (6.9112525, 4.1658955, 0)]
                        int[] faceVertexCounts = [4, 4, 4, 4, 4, 4, 4, 4, 4, 4, 4, 4, 4, 4, 4, 4, 4, 4, 4, 4, 4, 4, 4, 4, 4, 4, 4, 4, 4, 4, 4, 4, 4, 4, 4, 4, 4, 4, 4, 4, 4, 4, 4, 4, 4, 4, 4, 4, 4, 4, 4, 4, 4, 4, 4, 4, 4, 4, 4, 4, 4, 4, 4, 4, 4, 4, 4, 4, 4, 4, 4, 4, 4, 4, 4, 4, 4, 4, 4, 4, 4, 4, 4, 4, 4, 4, 4, 4, 4, 4, 4, 4, 4, 4, 4, 4, 4, 4, 4, 4, 4, 4, 4, 4, 4, 4, 4, 4, 4, 4, 4, 4, 4, 4, 4, 4, 4, 4, 4, 4, 4, 4, 4, 4, 4, 4, 4, 4, 4, 4, 4, 4, 4, 4, 4, 4, 4, 4, 4, 4, 4, 4, 4, 4, 4, 4, 4, 4, 4, 4, 4, 4, 4, 4, 4, 4, 4, 4, 4, 4, 4, 4, 4, 4, 4, 4, 4, 4, 4, 4, 4, 4, 4, 4, 4, 4, 4, 4, 4, 4, 4, 4, 4, 4, 4, 4, 4, 4, 4, 4, 4, 4, 4, 4, 4, 4, 4, 4, 4, 4, 4, 4, 4, 4, 4, 4, 4, 4, 4, 4, 4, 4, 4, 4, 4, 4, 4, 4, 4, 4, 4, 4, 4, 4, 4, 4, 4, 4, 4, 4, 4, 4, 4, 4, 4, 4, 4, 4, 4, 4, 4, 4, 4, 4, 4, 4, 4, 4, 4, 4, 4, 4, 4, 4, 4, 4, 4, 4, 4, 4, 4, 4, 4, 4, 4, 4, 4, 4, 4, 4, 4, 4, 4, 4, 4, 4, 4, 4, 4, 4, 4, 4, 4, 4, 4, 4, 4, 4, 4, 4, 4, 4, 4, 4, 4, 4, 4, 4, 4, 4, 4, 4, 4, 4, 4, 4, 4, 4, 4, 4, 4, 4, 4, 4, 4, 4, 4, 4, 4, 4, 4, 4, 4, 4, 4, 4, 4, 4, 4, 4, 4, 4, 4, 4, 4, 4, 3, 3, 3, 3, 3, 3, 3, 3, 3, 3, 3, 3, 3, 3, 3, 3, 3, 3, 3, 3, 3, 3, 3, 3, 3, 3, 3, 3, 3, 3, 3, 3, 3, 3, 3, 3, 3, 3, 3, 3, 3, 3, 3, 3, 3, 3, 3, 3, 3, 3, 3, 3, 3, 3, 3, 3, 3, 3, 3, 3, 3, 3, 3, 3, 3, 3, 3, 3, 3, 3, 3, 3, 3, 3, 3, 3]
                        int[] faceVertexIndices = [1, 26, 27, 2, 2, 27, 28, 3, 3, 28, 29, 4, 4, 29, 30, 5, 5, 30, 31, 6, 6, 31, 32, 7, 7, 32, 33, 8, 8, 33, 34, 9, 9, 34, 35, 10, 10, 35, 36, 11, 11, 36, 37, 12, 12, 37, 38, 13, 13, 38, 39, 14, 14, 39, 40, 15, 15, 40, 41, 16, 16, 41, 42, 17, 17, 42, 43, 18, 18, 43, 44, 19, 19, 44, 45, 20, 20, 45, 46, 21, 21, 46, 47, 22, 22, 47, 48, 23, 23, 48, 49, 24, 24, 49, 50, 25, 26, 51, 52, 27, 27, 52, 53, 28, 28, 53, 54, 29, 29, 54, 55, 30, 30, 55, 56, 31, 31, 56, 57, 32, 32, 57, 58, 33, 33, 58, 59, 34, 34, 59, 60, 35, 35, 60, 61, 36, 36, 61, 62, 37, 37, 62, 63, 38, 38, 63, 64, 39, 39, 64, 65, 40, 40, 65, 66, 41, 41, 66, 67, 42, 42, 67, 68, 43, 43, 68, 69, 44, 44, 69, 70, 45, 45, 70, 71, 46, 46, 71, 72, 47, 47, 72, 73, 48, 48, 73, 74, 49, 49, 74, 75, 50, 51, 76, 77, 52, 52, 77, 78, 53, 53, 78, 79, 54, 54, 79, 80, 55, 55, 80, 81, 56, 56, 81, 82, 57, 57, 82, 83, 58, 58, 83, 84, 59, 59, 84, 85, 60, 60, 85, 86, 61, 61, 86, 87, 62, 62, 87, 88, 63, 63, 88, 89, 64, 64, 89, 90, 65, 65, 90, 91, 66, 66, 91, 92, 67, 67, 92, 93, 68, 68, 93, 94, 69, 69, 94, 95, 70, 70, 95, 96, 71, 71, 96, 97, 72, 72, 97, 98, 73, 73, 98, 99, 74, 74, 99, 100, 75, 76, 101, 102, 77, 77, 102, 103, 78, 78, 103, 104, 79, 79, 104, 105, 80, 80, 105, 106, 81, 81, 106, 107, 82, 82, 107, 108, 83, 83, 108, 109, 84, 84, 109, 110, 85, 85, 110, 111, 86, 86, 111, 112, 87, 87, 112, 113, 88, 88, 113, 114, 89, 89, 114, 115, 90, 90, 115, 116, 91, 91, 116, 117, 92, 92, 117, 118, 93, 93, 118, 119, 94, 94, 119, 120, 95, 95, 120, 121, 96, 96, 121, 122, 97, 97, 122, 123, 98, 98, 123, 124, 99, 99, 124, 125, 100, 101, 126, 127, 102, 102, 127, 128, 103, 103, 128, 129, 104, 104, 129, 130, 105, 105, 130, 131, 106, 106, 131, 132, 107, 107, 132, 133, 108, 108, 133, 134, 109, 109, 134, 135, 110, 110, 135, 136, 111, 111, 136, 137, 112, 112, 137, 138, 113, 113, 138, 139, 114, 114, 139, 140, 115, 115, 140, 141, 116, 116, 141, 142, 117, 117, 142, 143, 118, 118, 143, 144, 119, 119, 144, 145, 120, 120, 145, 146, 121, 121, 146, 147, 122, 122, 147, 148, 123, 123, 148, 149, 124, 124, 149, 150, 125, 126, 151, 152, 127, 127, 152, 153, 128, 128, 153, 154, 129, 129, 154, 155, 130, 130, 155, 156, 131, 131, 156, 157, 132, 132, 157, 158, 133, 133, 158, 159, 134, 134, 159, 160, 135, 135, 160, 161, 136, 136, 161, 162, 137, 137, 162, 163, 138, 138, 163, 164, 139, 139, 164, 165, 140, 140, 165, 166, 141, 141, 166, 167, 142, 142, 167, 168, 143, 143, 168, 169, 144, 144, 169, 170, 145, 145, 170, 171, 146, 146, 171, 172, 147, 147, 172, 173, 148, 148, 173, 174, 149, 149, 174, 175, 150, 151, 176, 177, 152, 152, 177, 178, 153, 153, 178, 179, 154, 154, 179, 180, 155, 155, 180, 181, 156, 156, 181, 182, 157, 157, 182, 183, 158, 158, 183, 184, 159, 159, 184, 185, 160, 160, 185, 186, 161, 161, 186, 187, 162, 162, 187, 188, 163, 163, 188, 189, 164, 164, 189, 190, 165, 165, 190, 191, 166, 166, 191, 192, 167, 167, 192, 193, 168, 168, 193, 194, 169, 169, 194, 195, 170, 170, 195, 196, 171, 171, 196, 197, 172, 172, 197, 198, 173, 173, 198, 199, 174, 174, 199, 200, 175, 176, 201, 202, 177, 177, 202, 203, 178, 178, 203, 204, 179, 179, 204, 205, 180, 180, 205, 206, 181, 181, 206, 207, 182, 182, 207, 208, 183, 183, 208, 209, 184, 184, 209, 210, 185, 185, 210, 211, 186, 186, 211, 212, 187, 187, 212, 213, 188, 188, 213, 214, 189, 189, 214, 215, 190, 190, 215, 216, 191, 191, 216, 217, 192, 192, 217, 218, 193, 193, 218, 219, 194, 194, 219, 220, 195, 195, 220, 221, 196, 196, 221, 222, 197, 197, 222, 223, 198, 198, 223, 224, 199, 199, 224, 225, 200, 201, 226, 227, 202, 202, 227, 228, 203, 203, 228, 229, 204, 204, 229, 230, 205, 205, 230, 231, 206, 206, 231, 232, 207, 207, 232, 233, 208, 208, 233, 234, 209, 209, 234, 235, 210, 210, 235, 236, 211, 211, 236, 237, 212, 212, 237, 238, 213, 213, 238, 239, 214, 214, 239, 240, 215, 215, 240, 241, 216, 216, 241, 242, 217, 217, 242, 243, 218, 218, 243, 244, 219, 219, 244, 245, 220, 220, 245, 246, 221, 221, 246, 247, 222, 222, 247, 248, 223, 223, 248, 249, 224, 224, 249, 250, 225, 226, 251, 252, 227, 227, 252, 253, 228, 228, 253, 254, 229, 229, 254, 255, 230, 230, 255, 256, 231, 231, 256, 257, 232, 232, 257, 258, 233, 233, 258, 259, 234, 234, 259, 260, 235, 235, 260, 261, 236, 236, 261, 262, 237, 237, 262, 263, 238, 238, 263, 264, 239, 239, 264, 265, 240, 240, 265, 266, 241, 241, 266, 267, 242, 242, 267, 268, 243, 243, 268, 269, 244, 244, 269, 270, 245, 245, 270, 271, 246, 246, 271, 272, 247, 247, 272, 273, 248, 248, 273, 274, 249, 249, 274, 275, 250, 251, 276, 277, 252, 252, 277, 278, 253, 253, 278, 279, 254, 254, 279, 280, 255, 255, 280, 281, 256, 256, 281, 282, 257, 257, 282, 283, 258, 258, 283, 284, 259, 259, 284, 285, 260, 260, 285, 286, 261, 261, 286, 287, 262, 262, 287, 288, 263, 263, 288, 289, 264, 264, 289, 290, 265, 265, 290, 291, 266, 266, 291, 292, 267, 267, 292, 293, 268, 268, 293, 294, 269, 269, 294, 295, 270, 270, 295, 296, 271, 271, 296, 297, 272, 272, 297, 298, 273, 273, 298, 299, 274, 274, 299, 300, 275, 276, 301, 302, 277, 277, 302, 303, 278, 278, 303, 304, 279, 279, 304, 305, 280, 280, 305, 306, 281, 281, 306, 307, 282, 282, 307, 308, 283, 283, 308, 309, 284, 284, 309, 310, 285, 285, 310, 311, 286, 286, 311, 312, 287, 287, 312, 313, 288, 288, 313, 314, 289, 289, 314, 315, 290, 290, 315, 316, 291, 291, 316, 317, 292, 292, 317, 318, 293, 293, 318, 319, 294, 294, 319, 320, 295, 295, 320, 321, 296, 296, 321, 322, 297, 297, 322, 323, 298, 298, 323, 324, 299, 299, 324, 325, 300, 301, 326, 327, 302, 302, 327, 328, 303, 303, 328, 329, 304, 304, 329, 330, 305, 305, 330, 331, 306, 306, 331, 332, 307, 307, 332, 333, 308, 308, 333, 334, 309, 309, 334, 335, 310, 310, 335, 336, 311, 311, 336, 337, 312, 312, 337, 338, 313, 313, 338, 339, 314, 314, 339, 340, 315, 315, 340, 341, 316, 316, 341, 342, 317, 317, 342, 343, 318, 318, 343, 344, 319, 319, 344, 345, 320, 320, 345, 346, 321, 321, 346, 347, 322, 322, 347, 348, 323, 323, 348, 349, 324, 324, 349, 350, 325, 326, 351, 352, 327, 327, 352, 353, 328, 328, 353, 354, 329, 329, 354, 355, 330, 330, 355, 356, 331, 331, 356, 357, 332, 332, 357, 358, 333, 333, 358, 359, 334, 334, 359, 360, 335, 335, 360, 361, 336, 336, 361, 362, 337, 337, 362, 363, 338, 338, 363, 364, 339, 339, 364, 365, 340, 340, 365, 366, 341, 341, 366, 367, 342, 342, 367, 368, 343, 343, 368, 369, 344, 344, 369, 370, 345, 345, 370, 371, 346, 346, 371, 372, 347, 347, 372, 373, 348, 348, 373, 374, 349, 349, 374, 375, 350, 0, 1, 2, 0, 2, 3, 0, 3, 4, 0, 4, 5, 0, 5, 6, 0, 6, 7, 0, 7, 8, 0, 8, 9, 0, 9, 10, 0, 10, 11, 0, 11, 12, 0, 12, 13, 0, 13, 14, 0, 14, 15, 0, 15, 16, 0, 16, 17, 0, 17, 18, 0, 18, 19, 0, 19, 20, 0, 20, 21, 0, 21, 22, 0, 22, 23, 0, 23, 24, 0, 24, 25, 0, 352, 351, 0, 353, 352, 0, 354, 353, 0, 355, 354, 0, 356, 355, 0, 357, 356, 0, 358, 357, 0, 359, 358, 0, 360, 359, 0, 361, 360, 0, 362, 361, 0, 363, 362, 0, 364, 363, 0, 365, 364, 0, 366, 365, 0, 367, 366, 0, 368, 367, 0, 369, 368, 0, 370, 369, 0, 371, 370, 0, 372, 371, 0, 373, 372, 0, 374, 373, 0, 375, 374, 0, 26, 1, 0, 51, 26, 0, 76, 51, 0, 101, 76, 0, 126, 101, 0, 151, 126, 0, 176, 151, 0, 201, 176, 0, 226, 201, 0, 251, 226, 0, 276, 251, 0, 301, 276, 0, 326, 301, 0, 351, 326, 0, 25, 50, 0, 50, 75, 0, 75, 100, 0, 100, 125, 0, 125, 150, 0, 150, 175, 0, 175, 200, 0, 200, 225, 0, 225, 250, 0, 250, 275, 0, 275, 300, 0, 300, 325, 0, 325, 350, 0, 350, 375]
                        rel material:binding = </AecoCctvLooks/Shell_recognise>
                        point3f[] points = [(0, 0, 0), (-6.554067, -2.8628664, -5.4995155), (-6.278322, -2.9917297, -5.7470593), (-5.9636755, -3.1259747, -6.0049415), (-5.6050086, -3.264414, -6.270881), (-5.1971726, -3.405247, -6.5414186), (-4.735401, -3.5459301, -6.8116684), (-4.2159076, -3.6830812, -7.075133), (-3.636673, -3.8124635, -7.323674), (-2.998351, -3.929108, -7.547746), (-2.3051467, -4.0276227, -7.736991), (-1.5654135, -4.1027074, -7.8812275), (-0.79169583, -4.149825, -7.9717402), (0, -4.1658955, -8.002611), (0.79169583, -4.149825, -7.9717402), (1.5654135, -4.1027074, -7.8812275), (2.3051467, -4.0276227, -7.736991), (2.998351, -3.929108, -7.547746), (3.636673, -3.8124635, -7.323674), (4.2159076, -3.6830812, -7.075133), (4.735401, -3.5459301, -6.8116684), (5.1971726, -3.405247, -6.5414186), (5.6050086, -3.264414, -6.270881), (5.9636755, -3.1259747, -6.0049415), (6.278322, -2.9917297, -5.7470593), (6.554067, -2.8628664, -5.4995155), (-6.643405, -2.4873343, -5.5744786), (-6.371956, -2.602584, -5.83277), (-6.0609784, -2.723124, -6.1029177), (-5.704962, -2.8479667, -6.3827085), (-5.298262, -2.975556, -6.668655), (-4.8355246, -3.1036317, -6.9556913), (-4.312319, -3.2291205, -7.23693), (-3.7260044, -3.3480968, -7.503573), (-3.0767596, -3.4558766, -7.7451234), (-2.3686156, -3.5473006, -7.950018), (-1.6102073, -3.6172328, -8.106746), (-0.81489646, -3.6612308, -8.205352), (0, -3.6762576, -8.239029), (0.81489646, -3.6612308, -8.205352), (1.6102073, -3.6172328, -8.106746), (2.3686156, -3.5473006, -7.950018), (3.0767596, -3.4558766, -7.7451234), (3.7260044, -3.3480968, -7.503573), (4.312319, -3.2291205, -7.23693), (4.8355246, -3.1036317, -6.9556913), (5.298262, -2.975556, -6.668655), (5.704962, -2.8479667, -6.3827085), (6.0609784, -2.723124, -6.1029177), (6.371956, -2.602584, -5.83277), (6.643405, -2.4873343, -5.5744786), (-6.721921, -2.097276, -5.640362), (-6.454544, -2.1969304, -5.9083695), (-6.147141, -2.3015296, -6.1896763), (-5.7938485, -2.4102829, -6.482155), (-5.3885684, -2.521894, -6.782319), (-4.9253945, -2.6344285, -7.084966), (-4.3992786, -2.7451978, -7.382866), (-3.8069646, -2.850705, -7.666614), (-3.1481397, -2.94671, -7.9248085), (-2.426622, -3.028477, -8.144711), (-1.6512711, -3.0912335, -8.313486), (-0.8362069, -3.1308134, -8.41993), (0, -3.1443484, -8.456331), (0.8362069, -3.1308134, -8.41993), (1.6512711, -3.0912335, -8.313486), (2.426622, -3.028477, -8.144711), (3.1481397, -2.94671, -7.9248085), (3.8069646, -2.850705, -7.666614), (4.3992786, -2.7451978, -7.382866), (4.9253945, -2.6344285, -7.084966), (5.3885684, -2.521894, -6.782319), (5.7938485, -2.4102829, -6.482155), (6.147141, -2.3015296, -6.1896763), (6.454544, -2.1969304, -5.9083695), (6.721921, -2.097276, -5.640362), (-6.788275, -1.694383, -5.696039), (-6.524558, -1.776609, -5.9724593), (-6.220438, -1.8631781, -6.2634807), (-5.8697476, -1.9534862, -6.567071), (-5.465993, -2.0465033, -6.879769), (-5.002774, -2.1406527, -7.1962724), (-4.474479, -2.2336988, -7.5090675), (-3.8772807, -2.3226867, -7.8082194), (-3.2103882, -2.4039807, -8.081507), (-2.477389, -2.4734683, -8.3151045), (-1.6873115, -2.5269618, -8.494935), (-0.8549441, -2.5607731, -8.6086), (0, -2.5723488, -8.647513), (0.8549441, -2.5607731, -8.6086), (1.6873115, -2.5269618, -8.494935), (2.477389, -2.4734683, -8.3151045), (3.2103882, -2.4039807, -8.081507), (3.8772807, -2.3226867, -7.8082194), (4.474479, -2.2336988, -7.5090675), (5.002774, -2.1406527, -7.1962724), (5.465993, -2.0465033, -6.879769), (5.8697476, -1.9534862, -6.567071), (6.220438, -1.8631781, -6.2634807), (6.524558, -1.776609, -5.9724593), (6.788275, -1.694383, -5.696039), (-6.8412642, -1.280707, -5.7405024), (-6.5806174, -1.3439052, -6.023775), (-6.2792954, -1.4106055, -6.3227453), (-5.930888, -1.4803755, -6.6354747), (-5.528574, -1.5524507, -6.9585366), (-5.0655446, -1.6256341, -7.286566), (-4.5357113, -1.6981999, -7.611827), (-3.9347484, -1.7678345, -7.92395), (-3.261442, -1.8316578, -8.210024), (-2.5191553, -1.8863764, -8.455289), (-1.7170346, -1.9286069, -8.644579), (-0.8704213, -1.9553485, -8.764442), (0, -1.9645127, -8.805519), (0.8704213, -1.9553485, -8.764442), (1.7170346, -1.9286069, -8.644579), (2.5191553, -1.8863764, -8.455289), (3.261442, -1.8316578, -8.210024), (3.9347484, -1.7678345, -7.92395), (4.5357113, -1.6981999, -7.611827), (5.0655446, -1.6256341, -7.286566), (5.528574, -1.5524507, -6.9585366), (5.930888, -1.4803755, -6.6354747), (6.2792954, -1.4106055, -6.3227453), (6.5806174, -1.3439052, -6.023775), (6.8412642, -1.280707, -5.7405024), (-6.8798823, -0.8586243, -5.772907), (-6.6215563, -0.9015105, -6.0612493), (-6.3223743, -0.9468553, -6.3661227), (-5.9757485, -0.99438184, -6.685664), (-5.5746145, -1.043586, -7.0164857), (-5.111856, -1.0936642, -7.353183), (-4.5810204, -1.1434426, -7.687865), (-3.9773974, -1.1913308, -8.009838), (-3.299437, -1.2353308, -8.30567), (-2.5503156, -1.2731398, -8.5598755), (-1.7392536, -1.3023758, -8.756442), (-0.8820057, -1.3209147, -8.881088), (0, -1.3272725, -8.923834), (0.8820057, -1.3209147, -8.881088), (1.7392536, -1.3023758, -8.756442), (2.5503156, -1.2731398, -8.5598755), (3.299437, -1.2353308, -8.30567), (3.9773974, -1.1913308, -8.009838), (4.5810204, -1.1434426, -7.687865), (5.111856, -1.0936642, -7.353183), (5.5746145, -1.043586, -7.0164857), (5.9757485, -0.99438184, -6.685664), (6.3223743, -0.9468553, -6.3661227), (6.6215563, -0.9015105, -6.0612493), (6.8798823, -0.8586243, -5.772907), (-6.90337, -0.4307778, -5.792615), (-6.646489, -0.45245254, -6.0840726), (-6.3486514, -0.47539532, -6.3925815), (-6.003158, -0.49947146, -6.71633), (-5.602797, -0.524431, -7.0519576), (-5.14026, -0.54987055, -7.3940406), (-4.608866, -0.5751965, -7.734596), (-4.003662, -0.5995989, -8.062732), (-3.3228817, -0.6220543, -8.364686), (-2.5695763, -0.64137745, -8.624522), (-1.7530063, -0.656337, -8.825682), (-0.8891823, -0.6658314, -8.953351), (0, -0.6690889, -8.997154), (0.8891823, -0.6658314, -8.953351), (1.7530063, -0.656337, -8.825682), (2.5695763, -0.64137745, -8.624522), (3.3228817, -0.6220543, -8.364686), (4.003662, -0.5995989, -8.062732), (4.608866, -0.5751965, -7.734596), (5.14026, -0.54987055, -7.3940406), (5.602797, -0.524431, -7.0519576), (6.003158, -0.49947146, -6.71633), (6.3486514, -0.47539532, -6.3925815), (6.646489, -0.45245254, -6.0840726), (6.90337, -0.4307778, -5.792615), (-6.9112525, 0, -5.799229), (-6.654863, 0, -6.0917377), (-6.3574834, 0, -6.4014745), (-6.0123787, 0, -6.7266464), (-5.6122866, 0, -7.063902), (-5.149834, 0, -7.407812), (-4.618262, 0, -7.7503633), (-4.0125337, 0, -8.080597), (-3.3308082, 0, -8.38464), (-2.5760942, 0, -8.646399), (-1.7576636, 0, -8.84913), (-0.8916138, 0, -8.977834), (0, 0, -9.021999), (0.8916138, 0, -8.977834), (1.7576636, 0, -8.84913), (2.5760942, 0, -8.646399), (3.3308082, 0, -8.38464), (4.0125337, 0, -8.080597), (4.618262, 0, -7.7503633), (5.149834, 0, -7.407812), (5.6122866, 0, -7.063902), (6.0123787, 0, -6.7266464), (6.3574834, 0, -6.4014745), (6.654863, 0, -6.0917377), (6.9112525, 0, -5.799229), (-6.90337, 0.4307778, -5.792615), (-6.646489, 0.45245254, -6.0840726), (-6.3486514, 0.47539532, -6.3925815), (-6.003158, 0.49947146, -6.71633), (-5.602797, 0.524431, -7.0519576), (-5.14026, 0.54987055, -7.3940406), (-4.608866, 0.5751965, -7.734596), (-4.003662, 0.5995989, -8.062732), (-3.3228817, 0.6220543, -8.364686), (-2.5695763, 0.64137745, -8.624522), (-1.7530063, 0.656337, -8.825682), (-0.8891823, 0.6658314, -8.953351), (0, 0.6690889, -8.997154), (0.8891823, 0.6658314, -8.953351), (1.7530063, 0.656337, -8.825682), (2.5695763, 0.64137745, -8.624522), (3.3228817, 0.6220543, -8.364686), (4.003662, 0.5995989, -8.062732), (4.608866, 0.5751965, -7.734596), (5.14026, 0.54987055, -7.3940406), (5.602797, 0.524431, -7.0519576), (6.003158, 0.49947146, -6.71633), (6.3486514, 0.47539532, -6.3925815), (6.646489, 0.45245254, -6.0840726), (6.90337, 0.4307778, -5.792615), (-6.8798823, 0.8586243, -5.772907), (-6.6215563, 0.9015105, -6.0612493), (-6.3223743, 0.9468553, -6.3661227), (-5.9757485, 0.99438184, -6.685664), (-5.5746145, 1.043586, -7.0164857), (-5.111856, 1.0936642, -7.353183), (-4.5810204, 1.1434426, -7.687865), (-3.9773974, 1.1913308, -8.009838), (-3.299437, 1.2353308, -8.30567), (-2.5503156, 1.2731398, -8.5598755), (-1.7392536, 1.3023758, -8.756442), (-0.8820057, 1.3209147, -8.881088), (0, 1.3272725, -8.923834), (0.8820057, 1.3209147, -8.881088), (1.7392536, 1.3023758, -8.756442), (2.5503156, 1.2731398, -8.5598755), (3.299437, 1.2353308, -8.30567), (3.9773974, 1.1913308, -8.009838), (4.5810204, 1.1434426, -7.687865), (5.111856, 1.0936642, -7.353183), (5.5746145, 1.043586, -7.0164857), (5.9757485, 0.99438184, -6.685664), (6.3223743, 0.9468553, -6.3661227), (6.6215563, 0.9015105, -6.0612493), (6.8798823, 0.8586243, -5.772907), (-6.8412642, 1.280707, -5.7405024), (-6.5806174, 1.3439052, -6.023775), (-6.2792954, 1.4106055, -6.3227453), (-5.930888, 1.4803755, -6.6354747), (-5.528574, 1.5524507, -6.9585366), (-5.0655446, 1.6256341, -7.286566), (-4.5357113, 1.6981999, -7.611827), (-3.9347484, 1.7678345, -7.92395), (-3.261442, 1.8316578, -8.210024), (-2.5191553, 1.8863764, -8.455289), (-1.7170346, 1.9286069, -8.644579), (-0.8704213, 1.9553485, -8.764442), (0, 1.9645127, -8.805519), (0.8704213, 1.9553485, -8.764442), (1.7170346, 1.9286069, -8.644579), (2.5191553, 1.8863764, -8.455289), (3.261442, 1.8316578, -8.210024), (3.9347484, 1.7678345, -7.92395), (4.5357113, 1.6981999, -7.611827), (5.0655446, 1.6256341, -7.286566), (5.528574, 1.5524507, -6.9585366), (5.930888, 1.4803755, -6.6354747), (6.2792954, 1.4106055, -6.3227453), (6.5806174, 1.3439052, -6.023775), (6.8412642, 1.280707, -5.7405024), (-6.788275, 1.694383, -5.696039), (-6.524558, 1.776609, -5.9724593), (-6.220438, 1.8631781, -6.2634807), (-5.8697476, 1.9534862, -6.567071), (-5.465993, 2.0465033, -6.879769), (-5.002774, 2.1406527, -7.1962724), (-4.474479, 2.2336988, -7.5090675), (-3.8772807, 2.3226867, -7.8082194), (-3.2103882, 2.4039807, -8.081507), (-2.477389, 2.4734683, -8.3151045), (-1.6873115, 2.5269618, -8.494935), (-0.8549441, 2.5607731, -8.6086), (0, 2.5723488, -8.647513), (0.8549441, 2.5607731, -8.6086), (1.6873115, 2.5269618, -8.494935), (2.477389, 2.4734683, -8.3151045), (3.2103882, 2.4039807, -8.081507), (3.8772807, 2.3226867, -7.8082194), (4.474479, 2.2336988, -7.5090675), (5.002774, 2.1406527, -7.1962724), (5.465993, 2.0465033, -6.879769), (5.8697476, 1.9534862, -6.567071), (6.220438, 1.8631781, -6.2634807), (6.524558, 1.776609, -5.9724593), (6.788275, 1.694383, -5.696039), (-6.721921, 2.097276, -5.640362), (-6.454544, 2.1969304, -5.9083695), (-6.147141, 2.3015296, -6.1896763), (-5.7938485, 2.4102829, -6.482155), (-5.3885684, 2.521894, -6.782319), (-4.9253945, 2.6344285, -7.084966), (-4.3992786, 2.7451978, -7.382866), (-3.8069646, 2.850705, -7.666614), (-3.1481397, 2.94671, -7.9248085), (-2.426622, 3.028477, -8.144711), (-1.6512711, 3.0912335, -8.313486), (-0.8362069, 3.1308134, -8.41993), (0, 3.1443484, -8.456331), (0.8362069, 3.1308134, -8.41993), (1.6512711, 3.0912335, -8.313486), (2.426622, 3.028477, -8.144711), (3.1481397, 2.94671, -7.9248085), (3.8069646, 2.850705, -7.666614), (4.3992786, 2.7451978, -7.382866), (4.9253945, 2.6344285, -7.084966), (5.3885684, 2.521894, -6.782319), (5.7938485, 2.4102829, -6.482155), (6.147141, 2.3015296, -6.1896763), (6.454544, 2.1969304, -5.9083695), (6.721921, 2.097276, -5.640362), (-6.643405, 2.4873343, -5.5744786), (-6.371956, 2.602584, -5.83277), (-6.0609784, 2.723124, -6.1029177), (-5.704962, 2.8479667, -6.3827085), (-5.298262, 2.975556, -6.668655), (-4.8355246, 3.1036317, -6.9556913), (-4.312319, 3.2291205, -7.23693), (-3.7260044, 3.3480968, -7.503573), (-3.0767596, 3.4558766, -7.7451234), (-2.3686156, 3.5473006, -7.950018), (-1.6102073, 3.6172328, -8.106746), (-0.81489646, 3.6612308, -8.205352), (0, 3.6762576, -8.239029), (0.81489646, 3.6612308, -8.205352), (1.6102073, 3.6172328, -8.106746), (2.3686156, 3.5473006, -7.950018), (3.0767596, 3.4558766, -7.7451234), (3.7260044, 3.3480968, -7.503573), (4.312319, 3.2291205, -7.23693), (4.8355246, 3.1036317, -6.9556913), (5.298262, 2.975556, -6.668655), (5.704962, 2.8479667, -6.3827085), (6.0609784, 2.723124, -6.1029177), (6.371956, 2.602584, -5.83277), (6.643405, 2.4873343, -5.5744786), (-6.554067, 2.8628664, -5.4995155), (-6.278322, 2.9917297, -5.7470593), (-5.9636755, 3.1259747, -6.0049415), (-5.6050086, 3.264414, -6.270881), (-5.1971726, 3.405247, -6.5414186), (-4.735401, 3.5459301, -6.8116684), (-4.2159076, 3.6830812, -7.075133), (-3.636673, 3.8124635, -7.323674), (-2.998351, 3.929108, -7.547746), (-2.3051467, 4.0276227, -7.736991), (-1.5654135, 4.1027074, -7.8812275), (-0.79169583, 4.149825, -7.9717402), (0, 4.1658955, -8.002611), (0.79169583, 4.149825, -7.9717402), (1.5654135, 4.1027074, -7.8812275), (2.3051467, 4.0276227, -7.736991), (2.998351, 3.929108, -7.547746), (3.636673, 3.8124635, -7.323674), (4.2159076, 3.6830812, -7.075133), (4.735401, 3.5459301, -6.8116684), (5.1971726, 3.405247, -6.5414186), (5.6050086, 3.264414, -6.270881), (5.9636755, 3.1259747, -6.0049415), (6.278322, 2.9917297, -5.7470593), (6.554067, 2.8628664, -5.4995155)]
                        color3f[] primvars:displayColor = [(0.18333334, 0.6166667, 0.56666666)] (
                            interpolation = "constant"
                        )
                        float[] primvars:displayOpacity = [0.3] (
                            interpolation = "constant"
                        )
                        uniform token purpose = "guide"
                        uniform token subdivisionScheme = "none"
                    }

                    def Mesh "Shell_observe" (
                        prepend apiSchemas = ["AecoDerivedGeometryAPI", "MaterialBindingAPI"]
                    )
                    {
                        uniform token aeco:derived:approx = "tessellated"
                        uniform token aeco:derived:role = "coverage"
                        string aeco:derived:source = "7cc0bb8b-1ee6-5dbd-bb56-ce1bbc1c346a"
                        string aeco:derived:stamp = "usdAecoCctv derive 0.5.3"
                        uniform bool doubleSided = 1
                        float3[] extent = [(-13.822505, -8.331791, -18.043999), (13.822505, 8.331791, 0)]
                        int[] faceVertexCounts = [4, 4, 4, 4, 4, 4, 4, 4, 4, 4, 4, 4, 4, 4, 4, 4, 4, 4, 4, 4, 4, 4, 4, 4, 4, 4, 4, 4, 4, 4, 4, 4, 4, 4, 4, 4, 4, 4, 4, 4, 4, 4, 4, 4, 4, 4, 4, 4, 4, 4, 4, 4, 4, 4, 4, 4, 4, 4, 4, 4, 4, 4, 4, 4, 4, 4, 4, 4, 4, 4, 4, 4, 4, 4, 4, 4, 4, 4, 4, 4, 4, 4, 4, 4, 4, 4, 4, 4, 4, 4, 4, 4, 4, 4, 4, 4, 4, 4, 4, 4, 4, 4, 4, 4, 4, 4, 4, 4, 4, 4, 4, 4, 4, 4, 4, 4, 4, 4, 4, 4, 4, 4, 4, 4, 4, 4, 4, 4, 4, 4, 4, 4, 4, 4, 4, 4, 4, 4, 4, 4, 4, 4, 4, 4, 4, 4, 4, 4, 4, 4, 4, 4, 4, 4, 4, 4, 4, 4, 4, 4, 4, 4, 4, 4, 4, 4, 4, 4, 4, 4, 4, 4, 4, 4, 4, 4, 4, 4, 4, 4, 4, 4, 4, 4, 4, 4, 4, 4, 4, 4, 4, 4, 4, 4, 4, 4, 4, 4, 4, 4, 4, 4, 4, 4, 4, 4, 4, 4, 4, 4, 4, 4, 4, 4, 4, 4, 4, 4, 4, 4, 4, 4, 4, 4, 4, 4, 4, 4, 4, 4, 4, 4, 4, 4, 4, 4, 4, 4, 4, 4, 4, 4, 4, 4, 4, 4, 4, 4, 4, 4, 4, 4, 4, 4, 4, 4, 4, 4, 4, 4, 4, 4, 4, 4, 4, 4, 4, 4, 4, 4, 4, 4, 4, 4, 4, 4, 4, 4, 4, 4, 4, 4, 4, 4, 4, 4, 4, 4, 4, 4, 4, 4, 4, 4, 4, 4, 4, 4, 4, 4, 4, 4, 4, 4, 4, 4, 4, 4, 4, 4, 4, 4, 4, 4, 4, 4, 4, 4, 4, 4, 4, 4, 4, 4, 4, 4, 4, 4, 4, 4, 4, 4, 4, 4, 4, 4, 3, 3, 3, 3, 3, 3, 3, 3, 3, 3, 3, 3, 3, 3, 3, 3, 3, 3, 3, 3, 3, 3, 3, 3, 3, 3, 3, 3, 3, 3, 3, 3, 3, 3, 3, 3, 3, 3, 3, 3, 3, 3, 3, 3, 3, 3, 3, 3, 3, 3, 3, 3, 3, 3, 3, 3, 3, 3, 3, 3, 3, 3, 3, 3, 3, 3, 3, 3, 3, 3, 3, 3, 3, 3, 3, 3]
                        int[] faceVertexIndices = [1, 26, 27, 2, 2, 27, 28, 3, 3, 28, 29, 4, 4, 29, 30, 5, 5, 30, 31, 6, 6, 31, 32, 7, 7, 32, 33, 8, 8, 33, 34, 9, 9, 34, 35, 10, 10, 35, 36, 11, 11, 36, 37, 12, 12, 37, 38, 13, 13, 38, 39, 14, 14, 39, 40, 15, 15, 40, 41, 16, 16, 41, 42, 17, 17, 42, 43, 18, 18, 43, 44, 19, 19, 44, 45, 20, 20, 45, 46, 21, 21, 46, 47, 22, 22, 47, 48, 23, 23, 48, 49, 24, 24, 49, 50, 25, 26, 51, 52, 27, 27, 52, 53, 28, 28, 53, 54, 29, 29, 54, 55, 30, 30, 55, 56, 31, 31, 56, 57, 32, 32, 57, 58, 33, 33, 58, 59, 34, 34, 59, 60, 35, 35, 60, 61, 36, 36, 61, 62, 37, 37, 62, 63, 38, 38, 63, 64, 39, 39, 64, 65, 40, 40, 65, 66, 41, 41, 66, 67, 42, 42, 67, 68, 43, 43, 68, 69, 44, 44, 69, 70, 45, 45, 70, 71, 46, 46, 71, 72, 47, 47, 72, 73, 48, 48, 73, 74, 49, 49, 74, 75, 50, 51, 76, 77, 52, 52, 77, 78, 53, 53, 78, 79, 54, 54, 79, 80, 55, 55, 80, 81, 56, 56, 81, 82, 57, 57, 82, 83, 58, 58, 83, 84, 59, 59, 84, 85, 60, 60, 85, 86, 61, 61, 86, 87, 62, 62, 87, 88, 63, 63, 88, 89, 64, 64, 89, 90, 65, 65, 90, 91, 66, 66, 91, 92, 67, 67, 92, 93, 68, 68, 93, 94, 69, 69, 94, 95, 70, 70, 95, 96, 71, 71, 96, 97, 72, 72, 97, 98, 73, 73, 98, 99, 74, 74, 99, 100, 75, 76, 101, 102, 77, 77, 102, 103, 78, 78, 103, 104, 79, 79, 104, 105, 80, 80, 105, 106, 81, 81, 106, 107, 82, 82, 107, 108, 83, 83, 108, 109, 84, 84, 109, 110, 85, 85, 110, 111, 86, 86, 111, 112, 87, 87, 112, 113, 88, 88, 113, 114, 89, 89, 114, 115, 90, 90, 115, 116, 91, 91, 116, 117, 92, 92, 117, 118, 93, 93, 118, 119, 94, 94, 119, 120, 95, 95, 120, 121, 96, 96, 121, 122, 97, 97, 122, 123, 98, 98, 123, 124, 99, 99, 124, 125, 100, 101, 126, 127, 102, 102, 127, 128, 103, 103, 128, 129, 104, 104, 129, 130, 105, 105, 130, 131, 106, 106, 131, 132, 107, 107, 132, 133, 108, 108, 133, 134, 109, 109, 134, 135, 110, 110, 135, 136, 111, 111, 136, 137, 112, 112, 137, 138, 113, 113, 138, 139, 114, 114, 139, 140, 115, 115, 140, 141, 116, 116, 141, 142, 117, 117, 142, 143, 118, 118, 143, 144, 119, 119, 144, 145, 120, 120, 145, 146, 121, 121, 146, 147, 122, 122, 147, 148, 123, 123, 148, 149, 124, 124, 149, 150, 125, 126, 151, 152, 127, 127, 152, 153, 128, 128, 153, 154, 129, 129, 154, 155, 130, 130, 155, 156, 131, 131, 156, 157, 132, 132, 157, 158, 133, 133, 158, 159, 134, 134, 159, 160, 135, 135, 160, 161, 136, 136, 161, 162, 137, 137, 162, 163, 138, 138, 163, 164, 139, 139, 164, 165, 140, 140, 165, 166, 141, 141, 166, 167, 142, 142, 167, 168, 143, 143, 168, 169, 144, 144, 169, 170, 145, 145, 170, 171, 146, 146, 171, 172, 147, 147, 172, 173, 148, 148, 173, 174, 149, 149, 174, 175, 150, 151, 176, 177, 152, 152, 177, 178, 153, 153, 178, 179, 154, 154, 179, 180, 155, 155, 180, 181, 156, 156, 181, 182, 157, 157, 182, 183, 158, 158, 183, 184, 159, 159, 184, 185, 160, 160, 185, 186, 161, 161, 186, 187, 162, 162, 187, 188, 163, 163, 188, 189, 164, 164, 189, 190, 165, 165, 190, 191, 166, 166, 191, 192, 167, 167, 192, 193, 168, 168, 193, 194, 169, 169, 194, 195, 170, 170, 195, 196, 171, 171, 196, 197, 172, 172, 197, 198, 173, 173, 198, 199, 174, 174, 199, 200, 175, 176, 201, 202, 177, 177, 202, 203, 178, 178, 203, 204, 179, 179, 204, 205, 180, 180, 205, 206, 181, 181, 206, 207, 182, 182, 207, 208, 183, 183, 208, 209, 184, 184, 209, 210, 185, 185, 210, 211, 186, 186, 211, 212, 187, 187, 212, 213, 188, 188, 213, 214, 189, 189, 214, 215, 190, 190, 215, 216, 191, 191, 216, 217, 192, 192, 217, 218, 193, 193, 218, 219, 194, 194, 219, 220, 195, 195, 220, 221, 196, 196, 221, 222, 197, 197, 222, 223, 198, 198, 223, 224, 199, 199, 224, 225, 200, 201, 226, 227, 202, 202, 227, 228, 203, 203, 228, 229, 204, 204, 229, 230, 205, 205, 230, 231, 206, 206, 231, 232, 207, 207, 232, 233, 208, 208, 233, 234, 209, 209, 234, 235, 210, 210, 235, 236, 211, 211, 236, 237, 212, 212, 237, 238, 213, 213, 238, 239, 214, 214, 239, 240, 215, 215, 240, 241, 216, 216, 241, 242, 217, 217, 242, 243, 218, 218, 243, 244, 219, 219, 244, 245, 220, 220, 245, 246, 221, 221, 246, 247, 222, 222, 247, 248, 223, 223, 248, 249, 224, 224, 249, 250, 225, 226, 251, 252, 227, 227, 252, 253, 228, 228, 253, 254, 229, 229, 254, 255, 230, 230, 255, 256, 231, 231, 256, 257, 232, 232, 257, 258, 233, 233, 258, 259, 234, 234, 259, 260, 235, 235, 260, 261, 236, 236, 261, 262, 237, 237, 262, 263, 238, 238, 263, 264, 239, 239, 264, 265, 240, 240, 265, 266, 241, 241, 266, 267, 242, 242, 267, 268, 243, 243, 268, 269, 244, 244, 269, 270, 245, 245, 270, 271, 246, 246, 271, 272, 247, 247, 272, 273, 248, 248, 273, 274, 249, 249, 274, 275, 250, 251, 276, 277, 252, 252, 277, 278, 253, 253, 278, 279, 254, 254, 279, 280, 255, 255, 280, 281, 256, 256, 281, 282, 257, 257, 282, 283, 258, 258, 283, 284, 259, 259, 284, 285, 260, 260, 285, 286, 261, 261, 286, 287, 262, 262, 287, 288, 263, 263, 288, 289, 264, 264, 289, 290, 265, 265, 290, 291, 266, 266, 291, 292, 267, 267, 292, 293, 268, 268, 293, 294, 269, 269, 294, 295, 270, 270, 295, 296, 271, 271, 296, 297, 272, 272, 297, 298, 273, 273, 298, 299, 274, 274, 299, 300, 275, 276, 301, 302, 277, 277, 302, 303, 278, 278, 303, 304, 279, 279, 304, 305, 280, 280, 305, 306, 281, 281, 306, 307, 282, 282, 307, 308, 283, 283, 308, 309, 284, 284, 309, 310, 285, 285, 310, 311, 286, 286, 311, 312, 287, 287, 312, 313, 288, 288, 313, 314, 289, 289, 314, 315, 290, 290, 315, 316, 291, 291, 316, 317, 292, 292, 317, 318, 293, 293, 318, 319, 294, 294, 319, 320, 295, 295, 320, 321, 296, 296, 321, 322, 297, 297, 322, 323, 298, 298, 323, 324, 299, 299, 324, 325, 300, 301, 326, 327, 302, 302, 327, 328, 303, 303, 328, 329, 304, 304, 329, 330, 305, 305, 330, 331, 306, 306, 331, 332, 307, 307, 332, 333, 308, 308, 333, 334, 309, 309, 334, 335, 310, 310, 335, 336, 311, 311, 336, 337, 312, 312, 337, 338, 313, 313, 338, 339, 314, 314, 339, 340, 315, 315, 340, 341, 316, 316, 341, 342, 317, 317, 342, 343, 318, 318, 343, 344, 319, 319, 344, 345, 320, 320, 345, 346, 321, 321, 346, 347, 322, 322, 347, 348, 323, 323, 348, 349, 324, 324, 349, 350, 325, 326, 351, 352, 327, 327, 352, 353, 328, 328, 353, 354, 329, 329, 354, 355, 330, 330, 355, 356, 331, 331, 356, 357, 332, 332, 357, 358, 333, 333, 358, 359, 334, 334, 359, 360, 335, 335, 360, 361, 336, 336, 361, 362, 337, 337, 362, 363, 338, 338, 363, 364, 339, 339, 364, 365, 340, 340, 365, 366, 341, 341, 366, 367, 342, 342, 367, 368, 343, 343, 368, 369, 344, 344, 369, 370, 345, 345, 370, 371, 346, 346, 371, 372, 347, 347, 372, 373, 348, 348, 373, 374, 349, 349, 374, 375, 350, 0, 1, 2, 0, 2, 3, 0, 3, 4, 0, 4, 5, 0, 5, 6, 0, 6, 7, 0, 7, 8, 0, 8, 9, 0, 9, 10, 0, 10, 11, 0, 11, 12, 0, 12, 13, 0, 13, 14, 0, 14, 15, 0, 15, 16, 0, 16, 17, 0, 17, 18, 0, 18, 19, 0, 19, 20, 0, 20, 21, 0, 21, 22, 0, 22, 23, 0, 23, 24, 0, 24, 25, 0, 352, 351, 0, 353, 352, 0, 354, 353, 0, 355, 354, 0, 356, 355, 0, 357, 356, 0, 358, 357, 0, 359, 358, 0, 360, 359, 0, 361, 360, 0, 362, 361, 0, 363, 362, 0, 364, 363, 0, 365, 364, 0, 366, 365, 0, 367, 366, 0, 368, 367, 0, 369, 368, 0, 370, 369, 0, 371, 370, 0, 372, 371, 0, 373, 372, 0, 374, 373, 0, 375, 374, 0, 26, 1, 0, 51, 26, 0, 76, 51, 0, 101, 76, 0, 126, 101, 0, 151, 126, 0, 176, 151, 0, 201, 176, 0, 226, 201, 0, 251, 226, 0, 276, 251, 0, 301, 276, 0, 326, 301, 0, 351, 326, 0, 25, 50, 0, 50, 75, 0, 75, 100, 0, 100, 125, 0, 125, 150, 0, 150, 175, 0, 175, 200, 0, 200, 225, 0, 225, 250, 0, 250, 275, 0, 275, 300, 0, 300, 325, 0, 325, 350, 0, 350, 375]
                        rel material:binding = </AecoCctvLooks/Shell_observe>
                        point3f[] points = [(0, 0, 0), (-13.108134, -5.725733, -10.999031), (-12.556644, -5.9834595, -11.494119), (-11.927351, -6.2519493, -12.009883), (-11.210017, -6.528828, -12.541762), (-10.394345, -6.810494, -13.082837), (-9.470802, -7.0918603, -13.623337), (-8.431815, -7.3661623, -14.150266), (-7.273346, -7.624927, -14.647348), (-5.996702, -7.858216, -15.095492), (-4.6102934, -8.055245, -15.473982), (-3.130827, -8.205415, -15.762455), (-1.5833917, -8.29965, -15.9434805), (0, -8.331791, -16.005222), (1.5833917, -8.29965, -15.9434805), (3.130827, -8.205415, -15.762455), (4.6102934, -8.055245, -15.473982), (5.996702, -7.858216, -15.095492), (7.273346, -7.624927, -14.647348), (8.431815, -7.3661623, -14.150266), (9.470802, -7.0918603, -13.623337), (10.394345, -6.810494, -13.082837), (11.210017, -6.528828, -12.541762), (11.927351, -6.2519493, -12.009883), (12.556644, -5.9834595, -11.494119), (13.108134, -5.725733, -10.999031), (-13.28681, -4.9746685, -11.148957), (-12.743912, -5.205168, -11.66554), (-12.121957, -5.446248, -12.205835), (-11.409924, -5.6959333, -12.765417), (-10.596524, -5.951112, -13.33731), (-9.671049, -6.2072635, -13.911383), (-8.624638, -6.458241, -14.47386), (-7.4520087, -6.6961937, -15.007146), (-6.153519, -6.911753, -15.490247), (-4.7372313, -7.094601, -15.900036), (-3.2204146, -7.2344656, -16.213491), (-1.6297929, -7.3224616, -16.410704), (0, -7.352515, -16.478058), (1.6297929, -7.3224616, -16.410704), (3.2204146, -7.2344656, -16.213491), (4.7372313, -7.094601, -15.900036), (6.153519, -6.911753, -15.490247), (7.4520087, -6.6961937, -15.007146), (8.624638, -6.458241, -14.47386), (9.671049, -6.2072635, -13.911383), (10.596524, -5.951112, -13.33731), (11.409924, -5.6959333, -12.765417), (12.121957, -5.446248, -12.205835), (12.743912, -5.205168, -11.66554), (13.28681, -4.9746685, -11.148957), (-13.443842, -4.194552, -11.280724), (-12.909088, -4.393861, -11.816739), (-12.294282, -4.6030593, -12.379353), (-11.587697, -4.8205657, -12.96431), (-10.777137, -5.043788, -13.564638), (-9.850789, -5.268857, -14.169932), (-8.798557, -5.4903955, -14.765732), (-7.6139293, -5.70141, -15.333228), (-6.2962794, -5.89342, -15.849617), (-4.853244, -6.056954, -16.289421), (-3.3025422, -6.182467, -16.626972), (-1.6724138, -6.2616267, -16.83986), (0, -6.288697, -16.912663), (1.6724138, -6.2616267, -16.83986), (3.3025422, -6.182467, -16.626972), (4.853244, -6.056954, -16.289421), (6.2962794, -5.89342, -15.849617), (7.6139293, -5.70141, -15.333228), (8.798557, -5.4903955, -14.765732), (9.850789, -5.268857, -14.169932), (10.777137, -5.043788, -13.564638), (11.587697, -4.8205657, -12.96431), (12.294282, -4.6030593, -12.379353), (12.909088, -4.393861, -11.816739), (13.443842, -4.194552, -11.280724), (-13.57655, -3.388766, -11.392078), (-13.049116, -3.553218, -11.944919), (-12.440876, -3.7263563, -12.526961), (-11.739495, -3.9069724, -13.134142), (-10.931986, -4.0930066, -13.759538), (-10.005548, -4.2813053, -14.392545), (-8.948958, -4.4673977, -15.018135), (-7.7545614, -4.6453733, -15.616439), (-6.4207764, -4.8079615, -16.163013), (-4.954778, -4.9469366, -16.630209), (-3.374623, -5.0539236, -16.98987), (-1.7098882, -5.1215463, -17.2172), (0, -5.1446977, -17.295027), (1.7098882, -5.1215463, -17.2172), (3.374623, -5.0539236, -16.98987), (4.954778, -4.9469366, -16.630209), (6.4207764, -4.8079615, -16.163013), (7.7545614, -4.6453733, -15.616439), (8.948958, -4.4673977, -15.018135), (10.005548, -4.2813053, -14.392545), (10.931986, -4.0930066, -13.759538), (11.739495, -3.9069724, -13.134142), (12.440876, -3.7263563, -12.526961), (13.049116, -3.553218, -11.944919), (13.57655, -3.388766, -11.392078), (-13.6825285, -2.561414, -11.481005), (-13.161235, -2.6878104, -12.04755), (-12.558591, -2.821211, -12.645491), (-11.861776, -2.960751, -13.270949), (-11.057148, -3.1049013, -13.917073), (-10.131089, -3.2512681, -14.573132), (-9.071423, -3.3963997, -15.223654), (-7.869497, -3.535669, -15.8479), (-6.522884, -3.6633155, -16.420048), (-5.0383105, -3.7727528, -16.910578), (-3.4340692, -3.8572137, -17.289158), (-1.7408426, -3.910697, -17.528885), (0, -3.9290254, -17.611038), (1.7408426, -3.910697, -17.528885), (3.4340692, -3.8572137, -17.289158), (5.0383105, -3.7727528, -16.910578), (6.522884, -3.6633155, -16.420048), (7.869497, -3.535669, -15.8479), (9.071423, -3.3963997, -15.223654), (10.131089, -3.2512681, -14.573132), (11.057148, -3.1049013, -13.917073), (11.861776, -2.960751, -13.270949), (12.558591, -2.821211, -12.645491), (13.161235, -2.6878104, -12.04755), (13.6825285, -2.561414, -11.481005), (-13.759765, -1.7172486, -11.545814), (-13.243113, -1.803021, -12.1224985), (-12.644749, -1.8937106, -12.732245), (-11.951497, -1.9887637, -13.371328), (-11.149229, -2.087172, -14.032971), (-10.223712, -2.1873283, -14.706366), (-9.162041, -2.2868853, -15.37573), (-7.954795, -2.3826616, -16.019676), (-6.598874, -2.4706616, -16.61134), (-5.100631, -2.5462797, -17.119751), (-3.4785073, -2.6047516, -17.512884), (-1.7640114, -2.6418295, -17.762177), (0, -2.654545, -17.847668), (1.7640114, -2.6418295, -17.762177), (3.4785073, -2.6047516, -17.512884), (5.100631, -2.5462797, -17.119751), (6.598874, -2.4706616, -16.61134), (7.954795, -2.3826616, -16.019676), (9.162041, -2.2868853, -15.37573), (10.223712, -2.1873283, -14.706366), (11.149229, -2.087172, -14.032971), (11.951497, -1.9887637, -13.371328), (12.644749, -1.8937106, -12.732245), (13.243113, -1.803021, -12.1224985), (13.759765, -1.7172486, -11.545814), (-13.80674, -0.8615556, -11.58523), (-13.292978, -0.9049051, -12.168145), (-12.697303, -0.95079064, -12.785163), (-12.006316, -0.9989429, -13.43266), (-11.205594, -1.048862, -14.103915), (-10.28052, -1.0997411, -14.788081), (-9.217732, -1.150393, -15.469192), (-8.007324, -1.1991978, -16.125463), (-6.6457634, -1.2441086, -16.729372), (-5.1391525, -1.2827549, -17.249044), (-3.5060127, -1.312674, -17.651363), (-1.7783647, -1.3316628, -17.906702), (0, -1.3381778, -17.994308), (1.7783647, -1.3316628, -17.906702), (3.5060127, -1.312674, -17.651363), (5.1391525, -1.2827549, -17.249044), (6.6457634, -1.2441086, -16.729372), (8.007324, -1.1991978, -16.125463), (9.217732, -1.150393, -15.469192), (10.28052, -1.0997411, -14.788081), (11.205594, -1.048862, -14.103915), (12.006316, -0.9989429, -13.43266), (12.697303, -0.95079064, -12.785163), (13.292978, -0.9049051, -12.168145), (13.80674, -0.8615556, -11.58523), (-13.822505, 0, -11.598458), (-13.309726, 0, -12.1834755), (-12.714967, 0, -12.802949), (-12.024757, 0, -13.453293), (-11.224573, 0, -14.127804), (-10.299668, 0, -14.815624), (-9.236524, 0, -15.500727), (-8.025067, 0, -16.161194), (-6.6616163, 0, -16.76928), (-5.1521883, 0, -17.292797), (-3.5153272, 0, -17.69826), (-1.7832276, 0, -17.955667), (0, 0, -18.043999), (1.7832276, 0, -17.955667), (3.5153272, 0, -17.69826), (5.1521883, 0, -17.292797), (6.6616163, 0, -16.76928), (8.025067, 0, -16.161194), (9.236524, 0, -15.500727), (10.299668, 0, -14.815624), (11.224573, 0, -14.127804), (12.024757, 0, -13.453293), (12.714967, 0, -12.802949), (13.309726, 0, -12.1834755), (13.822505, 0, -11.598458), (-13.80674, 0.8615556, -11.58523), (-13.292978, 0.9049051, -12.168145), (-12.697303, 0.95079064, -12.785163), (-12.006316, 0.9989429, -13.43266), (-11.205594, 1.048862, -14.103915), (-10.28052, 1.0997411, -14.788081), (-9.217732, 1.150393, -15.469192), (-8.007324, 1.1991978, -16.125463), (-6.6457634, 1.2441086, -16.729372), (-5.1391525, 1.2827549, -17.249044), (-3.5060127, 1.312674, -17.651363), (-1.7783647, 1.3316628, -17.906702), (0, 1.3381778, -17.994308), (1.7783647, 1.3316628, -17.906702), (3.5060127, 1.312674, -17.651363), (5.1391525, 1.2827549, -17.249044), (6.6457634, 1.2441086, -16.729372), (8.007324, 1.1991978, -16.125463), (9.217732, 1.150393, -15.469192), (10.28052, 1.0997411, -14.788081), (11.205594, 1.048862, -14.103915), (12.006316, 0.9989429, -13.43266), (12.697303, 0.95079064, -12.785163), (13.292978, 0.9049051, -12.168145), (13.80674, 0.8615556, -11.58523), (-13.759765, 1.7172486, -11.545814), (-13.243113, 1.803021, -12.1224985), (-12.644749, 1.8937106, -12.732245), (-11.951497, 1.9887637, -13.371328), (-11.149229, 2.087172, -14.032971), (-10.223712, 2.1873283, -14.706366), (-9.162041, 2.2868853, -15.37573), (-7.954795, 2.3826616, -16.019676), (-6.598874, 2.4706616, -16.61134), (-5.100631, 2.5462797, -17.119751), (-3.4785073, 2.6047516, -17.512884), (-1.7640114, 2.6418295, -17.762177), (0, 2.654545, -17.847668), (1.7640114, 2.6418295, -17.762177), (3.4785073, 2.6047516, -17.512884), (5.100631, 2.5462797, -17.119751), (6.598874, 2.4706616, -16.61134), (7.954795, 2.3826616, -16.019676), (9.162041, 2.2868853, -15.37573), (10.223712, 2.1873283, -14.706366), (11.149229, 2.087172, -14.032971), (11.951497, 1.9887637, -13.371328), (12.644749, 1.8937106, -12.732245), (13.243113, 1.803021, -12.1224985), (13.759765, 1.7172486, -11.545814), (-13.6825285, 2.561414, -11.481005), (-13.161235, 2.6878104, -12.04755), (-12.558591, 2.821211, -12.645491), (-11.861776, 2.960751, -13.270949), (-11.057148, 3.1049013, -13.917073), (-10.131089, 3.2512681, -14.573132), (-9.071423, 3.3963997, -15.223654), (-7.869497, 3.535669, -15.8479), (-6.522884, 3.6633155, -16.420048), (-5.0383105, 3.7727528, -16.910578), (-3.4340692, 3.8572137, -17.289158), (-1.7408426, 3.910697, -17.528885), (0, 3.9290254, -17.611038), (1.7408426, 3.910697, -17.528885), (3.4340692, 3.8572137, -17.289158), (5.0383105, 3.7727528, -16.910578), (6.522884, 3.6633155, -16.420048), (7.869497, 3.535669, -15.8479), (9.071423, 3.3963997, -15.223654), (10.131089, 3.2512681, -14.573132), (11.057148, 3.1049013, -13.917073), (11.861776, 2.960751, -13.270949), (12.558591, 2.821211, -12.645491), (13.161235, 2.6878104, -12.04755), (13.6825285, 2.561414, -11.481005), (-13.57655, 3.388766, -11.392078), (-13.049116, 3.553218, -11.944919), (-12.440876, 3.7263563, -12.526961), (-11.739495, 3.9069724, -13.134142), (-10.931986, 4.0930066, -13.759538), (-10.005548, 4.2813053, -14.392545), (-8.948958, 4.4673977, -15.018135), (-7.7545614, 4.6453733, -15.616439), (-6.4207764, 4.8079615, -16.163013), (-4.954778, 4.9469366, -16.630209), (-3.374623, 5.0539236, -16.98987), (-1.7098882, 5.1215463, -17.2172), (0, 5.1446977, -17.295027), (1.7098882, 5.1215463, -17.2172), (3.374623, 5.0539236, -16.98987), (4.954778, 4.9469366, -16.630209), (6.4207764, 4.8079615, -16.163013), (7.7545614, 4.6453733, -15.616439), (8.948958, 4.4673977, -15.018135), (10.005548, 4.2813053, -14.392545), (10.931986, 4.0930066, -13.759538), (11.739495, 3.9069724, -13.134142), (12.440876, 3.7263563, -12.526961), (13.049116, 3.553218, -11.944919), (13.57655, 3.388766, -11.392078), (-13.443842, 4.194552, -11.280724), (-12.909088, 4.393861, -11.816739), (-12.294282, 4.6030593, -12.379353), (-11.587697, 4.8205657, -12.96431), (-10.777137, 5.043788, -13.564638), (-9.850789, 5.268857, -14.169932), (-8.798557, 5.4903955, -14.765732), (-7.6139293, 5.70141, -15.333228), (-6.2962794, 5.89342, -15.849617), (-4.853244, 6.056954, -16.289421), (-3.3025422, 6.182467, -16.626972), (-1.6724138, 6.2616267, -16.83986), (0, 6.288697, -16.912663), (1.6724138, 6.2616267, -16.83986), (3.3025422, 6.182467, -16.626972), (4.853244, 6.056954, -16.289421), (6.2962794, 5.89342, -15.849617), (7.6139293, 5.70141, -15.333228), (8.798557, 5.4903955, -14.765732), (9.850789, 5.268857, -14.169932), (10.777137, 5.043788, -13.564638), (11.587697, 4.8205657, -12.96431), (12.294282, 4.6030593, -12.379353), (12.909088, 4.393861, -11.816739), (13.443842, 4.194552, -11.280724), (-13.28681, 4.9746685, -11.148957), (-12.743912, 5.205168, -11.66554), (-12.121957, 5.446248, -12.205835), (-11.409924, 5.6959333, -12.765417), (-10.596524, 5.951112, -13.33731), (-9.671049, 6.2072635, -13.911383), (-8.624638, 6.458241, -14.47386), (-7.4520087, 6.6961937, -15.007146), (-6.153519, 6.911753, -15.490247), (-4.7372313, 7.094601, -15.900036), (-3.2204146, 7.2344656, -16.213491), (-1.6297929, 7.3224616, -16.410704), (0, 7.352515, -16.478058), (1.6297929, 7.3224616, -16.410704), (3.2204146, 7.2344656, -16.213491), (4.7372313, 7.094601, -15.900036), (6.153519, 6.911753, -15.490247), (7.4520087, 6.6961937, -15.007146), (8.624638, 6.458241, -14.47386), (9.671049, 6.2072635, -13.911383), (10.596524, 5.951112, -13.33731), (11.409924, 5.6959333, -12.765417), (12.121957, 5.446248, -12.205835), (12.743912, 5.205168, -11.66554), (13.28681, 4.9746685, -11.148957), (-13.108134, 5.725733, -10.999031), (-12.556644, 5.9834595, -11.494119), (-11.927351, 6.2519493, -12.009883), (-11.210017, 6.528828, -12.541762), (-10.394345, 6.810494, -13.082837), (-9.470802, 7.0918603, -13.623337), (-8.431815, 7.3661623, -14.150266), (-7.273346, 7.624927, -14.647348), (-5.996702, 7.858216, -15.095492), (-4.6102934, 8.055245, -15.473982), (-3.130827, 8.205415, -15.762455), (-1.5833917, 8.29965, -15.9434805), (0, 8.331791, -16.005222), (1.5833917, 8.29965, -15.9434805), (3.130827, 8.205415, -15.762455), (4.6102934, 8.055245, -15.473982), (5.996702, 7.858216, -15.095492), (7.273346, 7.624927, -14.647348), (8.431815, 7.3661623, -14.150266), (9.470802, 7.0918603, -13.623337), (10.394345, 6.810494, -13.082837), (11.210017, 6.528828, -12.541762), (11.927351, 6.2519493, -12.009883), (12.556644, 5.9834595, -11.494119), (13.108134, 5.725733, -10.999031)]
                        color3f[] primvars:displayColor = [(0.36666667, 0.73333335, 0.68333334)] (
                            interpolation = "constant"
                        )
                        float[] primvars:displayOpacity = [0.3] (
                            interpolation = "constant"
                        )
                        uniform token purpose = "guide"
                        uniform token subdivisionScheme = "none"
                    }
                }
            }

            over "sec_cam_ext_plant_ext"
            {
                double aeco:cctv:mountHeight = 3.5

                over "Sensor_0"
                {
                    double aeco:cctvSensor:effectiveWidth = 8.818976585197152
                    double aeco:cctvSensor:hfov = 99.99999999999999
                    double aeco:cctvSensor:targetRange = 4.510999617209059
                    double aeco:cctvSensor:vfov = 54.99999999999999
                    float2 clippingRange = (0.05, 40)
                    float focalLength = 3.7
                    float horizontalAperture = 8.818976
                    float verticalAperture = 3.8521962
                    matrix4d xformOp:transform = ( (1, 0, 0, 0), (0, 0.8191520442889919, 0.5735764363510459, 0), (0, -0.5735764363510459, 0.8191520442889919, 0), (0, 0, 0, 1) )
                    uniform token[] xformOpOrder = ["xformOp:transform"]

                    def Mesh "Sector" (
                        prepend apiSchemas = ["AecoDerivedGeometryAPI", "MaterialBindingAPI"]
                    )
                    {
                        uniform token aeco:derived:approx = "tessellated"
                        uniform token aeco:derived:role = "sector"
                        string aeco:derived:source = "1df38d7f-3bd3-5d3d-b760-abde2a162779"
                        string aeco:derived:stamp = "usdAecoCctv derive 0.5.3"
                        uniform bool doubleSided = 1
                        float3[] extent = [(-30.641777, -18.469944, -40), (30.641777, 18.469944, 0)]
                        int[] faceVertexCounts = [4, 4, 4, 4, 4, 4, 4, 4, 4, 4, 4, 4, 4, 4, 4, 4, 4, 4, 4, 4, 4, 4, 4, 4, 4, 4, 4, 4, 4, 4, 4, 4, 4, 4, 4, 4, 4, 4, 4, 4, 4, 4, 4, 4, 4, 4, 4, 4, 4, 4, 4, 4, 4, 4, 4, 4, 4, 4, 4, 4, 4, 4, 4, 4, 4, 4, 4, 4, 4, 4, 4, 4, 4, 4, 4, 4, 4, 4, 4, 4, 4, 4, 4, 4, 4, 4, 4, 4, 4, 4, 4, 4, 4, 4, 4, 4, 4, 4, 4, 4, 4, 4, 4, 4, 4, 4, 4, 4, 4, 4, 4, 4, 4, 4, 4, 4, 4, 4, 4, 4, 4, 4, 4, 4, 4, 4, 4, 4, 4, 4, 4, 4, 4, 4, 4, 4, 4, 4, 4, 4, 4, 4, 4, 4, 4, 4, 4, 4, 4, 4, 4, 4, 4, 4, 4, 4, 4, 4, 4, 4, 4, 4, 4, 4, 4, 4, 4, 4, 4, 4, 4, 4, 4, 4, 4, 4, 4, 4, 4, 4, 4, 4, 4, 4, 4, 4, 4, 4, 4, 4, 4, 4, 4, 4, 4, 4, 4, 4, 4, 4, 4, 4, 4, 4, 4, 4, 4, 4, 4, 4, 4, 4, 4, 4, 4, 4, 4, 4, 4, 4, 4, 4, 4, 4, 4, 4, 4, 4, 4, 4, 4, 4, 4, 4, 4, 4, 4, 4, 4, 4, 4, 4, 4, 4, 4, 4, 4, 4, 4, 4, 4, 4, 4, 4, 4, 4, 4, 4, 4, 4, 4, 4, 4, 4, 4, 4, 4, 4, 4, 4, 4, 4, 4, 4, 4, 4, 4, 4, 4, 4, 4, 4, 4, 4, 4, 4, 4, 4, 4, 4, 4, 4, 4, 4, 4, 4, 4, 4, 4, 4, 4, 4, 4, 4, 4, 4, 4, 4, 4, 4, 4, 4, 4, 4, 4, 4, 4, 4, 4, 4, 4, 4, 4, 4, 4, 4, 4, 4, 4, 4, 4, 4, 4, 4, 4, 4, 3, 3, 3, 3, 3, 3, 3, 3, 3, 3, 3, 3, 3, 3, 3, 3, 3, 3, 3, 3, 3, 3, 3, 3, 3, 3, 3, 3, 3, 3, 3, 3, 3, 3, 3, 3, 3, 3, 3, 3, 3, 3, 3, 3, 3, 3, 3, 3, 3, 3, 3, 3, 3, 3, 3, 3, 3, 3, 3, 3, 3, 3, 3, 3, 3, 3, 3, 3, 3, 3, 3, 3, 3, 3, 3, 3]
                        int[] faceVertexIndices = [1, 26, 27, 2, 2, 27, 28, 3, 3, 28, 29, 4, 4, 29, 30, 5, 5, 30, 31, 6, 6, 31, 32, 7, 7, 32, 33, 8, 8, 33, 34, 9, 9, 34, 35, 10, 10, 35, 36, 11, 11, 36, 37, 12, 12, 37, 38, 13, 13, 38, 39, 14, 14, 39, 40, 15, 15, 40, 41, 16, 16, 41, 42, 17, 17, 42, 43, 18, 18, 43, 44, 19, 19, 44, 45, 20, 20, 45, 46, 21, 21, 46, 47, 22, 22, 47, 48, 23, 23, 48, 49, 24, 24, 49, 50, 25, 26, 51, 52, 27, 27, 52, 53, 28, 28, 53, 54, 29, 29, 54, 55, 30, 30, 55, 56, 31, 31, 56, 57, 32, 32, 57, 58, 33, 33, 58, 59, 34, 34, 59, 60, 35, 35, 60, 61, 36, 36, 61, 62, 37, 37, 62, 63, 38, 38, 63, 64, 39, 39, 64, 65, 40, 40, 65, 66, 41, 41, 66, 67, 42, 42, 67, 68, 43, 43, 68, 69, 44, 44, 69, 70, 45, 45, 70, 71, 46, 46, 71, 72, 47, 47, 72, 73, 48, 48, 73, 74, 49, 49, 74, 75, 50, 51, 76, 77, 52, 52, 77, 78, 53, 53, 78, 79, 54, 54, 79, 80, 55, 55, 80, 81, 56, 56, 81, 82, 57, 57, 82, 83, 58, 58, 83, 84, 59, 59, 84, 85, 60, 60, 85, 86, 61, 61, 86, 87, 62, 62, 87, 88, 63, 63, 88, 89, 64, 64, 89, 90, 65, 65, 90, 91, 66, 66, 91, 92, 67, 67, 92, 93, 68, 68, 93, 94, 69, 69, 94, 95, 70, 70, 95, 96, 71, 71, 96, 97, 72, 72, 97, 98, 73, 73, 98, 99, 74, 74, 99, 100, 75, 76, 101, 102, 77, 77, 102, 103, 78, 78, 103, 104, 79, 79, 104, 105, 80, 80, 105, 106, 81, 81, 106, 107, 82, 82, 107, 108, 83, 83, 108, 109, 84, 84, 109, 110, 85, 85, 110, 111, 86, 86, 111, 112, 87, 87, 112, 113, 88, 88, 113, 114, 89, 89, 114, 115, 90, 90, 115, 116, 91, 91, 116, 117, 92, 92, 117, 118, 93, 93, 118, 119, 94, 94, 119, 120, 95, 95, 120, 121, 96, 96, 121, 122, 97, 97, 122, 123, 98, 98, 123, 124, 99, 99, 124, 125, 100, 101, 126, 127, 102, 102, 127, 128, 103, 103, 128, 129, 104, 104, 129, 130, 105, 105, 130, 131, 106, 106, 131, 132, 107, 107, 132, 133, 108, 108, 133, 134, 109, 109, 134, 135, 110, 110, 135, 136, 111, 111, 136, 137, 112, 112, 137, 138, 113, 113, 138, 139, 114, 114, 139, 140, 115, 115, 140, 141, 116, 116, 141, 142, 117, 117, 142, 143, 118, 118, 143, 144, 119, 119, 144, 145, 120, 120, 145, 146, 121, 121, 146, 147, 122, 122, 147, 148, 123, 123, 148, 149, 124, 124, 149, 150, 125, 126, 151, 152, 127, 127, 152, 153, 128, 128, 153, 154, 129, 129, 154, 155, 130, 130, 155, 156, 131, 131, 156, 157, 132, 132, 157, 158, 133, 133, 158, 159, 134, 134, 159, 160, 135, 135, 160, 161, 136, 136, 161, 162, 137, 137, 162, 163, 138, 138, 163, 164, 139, 139, 164, 165, 140, 140, 165, 166, 141, 141, 166, 167, 142, 142, 167, 168, 143, 143, 168, 169, 144, 144, 169, 170, 145, 145, 170, 171, 146, 146, 171, 172, 147, 147, 172, 173, 148, 148, 173, 174, 149, 149, 174, 175, 150, 151, 176, 177, 152, 152, 177, 178, 153, 153, 178, 179, 154, 154, 179, 180, 155, 155, 180, 181, 156, 156, 181, 182, 157, 157, 182, 183, 158, 158, 183, 184, 159, 159, 184, 185, 160, 160, 185, 186, 161, 161, 186, 187, 162, 162, 187, 188, 163, 163, 188, 189, 164, 164, 189, 190, 165, 165, 190, 191, 166, 166, 191, 192, 167, 167, 192, 193, 168, 168, 193, 194, 169, 169, 194, 195, 170, 170, 195, 196, 171, 171, 196, 197, 172, 172, 197, 198, 173, 173, 198, 199, 174, 174, 199, 200, 175, 176, 201, 202, 177, 177, 202, 203, 178, 178, 203, 204, 179, 179, 204, 205, 180, 180, 205, 206, 181, 181, 206, 207, 182, 182, 207, 208, 183, 183, 208, 209, 184, 184, 209, 210, 185, 185, 210, 211, 186, 186, 211, 212, 187, 187, 212, 213, 188, 188, 213, 214, 189, 189, 214, 215, 190, 190, 215, 216, 191, 191, 216, 217, 192, 192, 217, 218, 193, 193, 218, 219, 194, 194, 219, 220, 195, 195, 220, 221, 196, 196, 221, 222, 197, 197, 222, 223, 198, 198, 223, 224, 199, 199, 224, 225, 200, 201, 226, 227, 202, 202, 227, 228, 203, 203, 228, 229, 204, 204, 229, 230, 205, 205, 230, 231, 206, 206, 231, 232, 207, 207, 232, 233, 208, 208, 233, 234, 209, 209, 234, 235, 210, 210, 235, 236, 211, 211, 236, 237, 212, 212, 237, 238, 213, 213, 238, 239, 214, 214, 239, 240, 215, 215, 240, 241, 216, 216, 241, 242, 217, 217, 242, 243, 218, 218, 243, 244, 219, 219, 244, 245, 220, 220, 245, 246, 221, 221, 246, 247, 222, 222, 247, 248, 223, 223, 248, 249, 224, 224, 249, 250, 225, 226, 251, 252, 227, 227, 252, 253, 228, 228, 253, 254, 229, 229, 254, 255, 230, 230, 255, 256, 231, 231, 256, 257, 232, 232, 257, 258, 233, 233, 258, 259, 234, 234, 259, 260, 235, 235, 260, 261, 236, 236, 261, 262, 237, 237, 262, 263, 238, 238, 263, 264, 239, 239, 264, 265, 240, 240, 265, 266, 241, 241, 266, 267, 242, 242, 267, 268, 243, 243, 268, 269, 244, 244, 269, 270, 245, 245, 270, 271, 246, 246, 271, 272, 247, 247, 272, 273, 248, 248, 273, 274, 249, 249, 274, 275, 250, 251, 276, 277, 252, 252, 277, 278, 253, 253, 278, 279, 254, 254, 279, 280, 255, 255, 280, 281, 256, 256, 281, 282, 257, 257, 282, 283, 258, 258, 283, 284, 259, 259, 284, 285, 260, 260, 285, 286, 261, 261, 286, 287, 262, 262, 287, 288, 263, 263, 288, 289, 264, 264, 289, 290, 265, 265, 290, 291, 266, 266, 291, 292, 267, 267, 292, 293, 268, 268, 293, 294, 269, 269, 294, 295, 270, 270, 295, 296, 271, 271, 296, 297, 272, 272, 297, 298, 273, 273, 298, 299, 274, 274, 299, 300, 275, 276, 301, 302, 277, 277, 302, 303, 278, 278, 303, 304, 279, 279, 304, 305, 280, 280, 305, 306, 281, 281, 306, 307, 282, 282, 307, 308, 283, 283, 308, 309, 284, 284, 309, 310, 285, 285, 310, 311, 286, 286, 311, 312, 287, 287, 312, 313, 288, 288, 313, 314, 289, 289, 314, 315, 290, 290, 315, 316, 291, 291, 316, 317, 292, 292, 317, 318, 293, 293, 318, 319, 294, 294, 319, 320, 295, 295, 320, 321, 296, 296, 321, 322, 297, 297, 322, 323, 298, 298, 323, 324, 299, 299, 324, 325, 300, 301, 326, 327, 302, 302, 327, 328, 303, 303, 328, 329, 304, 304, 329, 330, 305, 305, 330, 331, 306, 306, 331, 332, 307, 307, 332, 333, 308, 308, 333, 334, 309, 309, 334, 335, 310, 310, 335, 336, 311, 311, 336, 337, 312, 312, 337, 338, 313, 313, 338, 339, 314, 314, 339, 340, 315, 315, 340, 341, 316, 316, 341, 342, 317, 317, 342, 343, 318, 318, 343, 344, 319, 319, 344, 345, 320, 320, 345, 346, 321, 321, 346, 347, 322, 322, 347, 348, 323, 323, 348, 349, 324, 324, 349, 350, 325, 326, 351, 352, 327, 327, 352, 353, 328, 328, 353, 354, 329, 329, 354, 355, 330, 330, 355, 356, 331, 331, 356, 357, 332, 332, 357, 358, 333, 333, 358, 359, 334, 334, 359, 360, 335, 335, 360, 361, 336, 336, 361, 362, 337, 337, 362, 363, 338, 338, 363, 364, 339, 339, 364, 365, 340, 340, 365, 366, 341, 341, 366, 367, 342, 342, 367, 368, 343, 343, 368, 369, 344, 344, 369, 370, 345, 345, 370, 371, 346, 346, 371, 372, 347, 347, 372, 373, 348, 348, 373, 374, 349, 349, 374, 375, 350, 0, 1, 2, 0, 2, 3, 0, 3, 4, 0, 4, 5, 0, 5, 6, 0, 6, 7, 0, 7, 8, 0, 8, 9, 0, 9, 10, 0, 10, 11, 0, 11, 12, 0, 12, 13, 0, 13, 14, 0, 14, 15, 0, 15, 16, 0, 16, 17, 0, 17, 18, 0, 18, 19, 0, 19, 20, 0, 20, 21, 0, 21, 22, 0, 22, 23, 0, 23, 24, 0, 24, 25, 0, 352, 351, 0, 353, 352, 0, 354, 353, 0, 355, 354, 0, 356, 355, 0, 357, 356, 0, 358, 357, 0, 359, 358, 0, 360, 359, 0, 361, 360, 0, 362, 361, 0, 363, 362, 0, 364, 363, 0, 365, 364, 0, 366, 365, 0, 367, 366, 0, 368, 367, 0, 369, 368, 0, 370, 369, 0, 371, 370, 0, 372, 371, 0, 373, 372, 0, 374, 373, 0, 375, 374, 0, 26, 1, 0, 51, 26, 0, 76, 51, 0, 101, 76, 0, 126, 101, 0, 151, 126, 0, 176, 151, 0, 201, 176, 0, 226, 201, 0, 251, 226, 0, 276, 251, 0, 301, 276, 0, 326, 301, 0, 351, 326, 0, 25, 50, 0, 50, 75, 0, 75, 100, 0, 100, 125, 0, 125, 150, 0, 150, 175, 0, 175, 200, 0, 200, 225, 0, 225, 250, 0, 250, 275, 0, 275, 300, 0, 300, 325, 0, 325, 350, 0, 350, 375]
                        rel material:binding = </AecoCctvLooks/Sector>
                        point3f[] points = [(0, 0, 0), (-29.058159, -12.692825, -24.38269), (-27.835613, -13.264154, -25.480204), (-26.440596, -13.859344, -26.623552), (-24.850407, -14.473129, -27.802622), (-23.042223, -15.0975275, -29.00208), (-20.994907, -15.721261, -30.200262), (-18.691677, -16.329334, -31.36836), (-16.123579, -16.902966, -32.470295), (-13.293511, -17.42012, -33.46374), (-10.220115, -17.856895, -34.302776), (-6.9404283, -18.189793, -34.942265), (-3.5100682, -18.398695, -35.343563), (0, -18.469944, -35.480434), (3.5100682, -18.398695, -35.343563), (6.9404283, -18.189793, -34.942265), (10.220115, -17.856895, -34.302776), (13.293511, -17.42012, -33.46374), (16.123579, -16.902966, -32.470295), (18.691677, -16.329334, -31.36836), (20.994907, -15.721261, -30.200262), (23.042223, -15.0975275, -29.00208), (24.850407, -14.473129, -27.802622), (26.440596, -13.859344, -26.623552), (27.835613, -13.264154, -25.480204), (29.058159, -12.692825, -24.38269), (-29.454247, -11.027863, -24.715048), (-28.25075, -11.538835, -25.86021), (-26.871998, -12.073261, -27.05794), (-25.29356, -12.626765, -28.298422), (-23.490412, -13.192446, -29.566195), (-21.438816, -13.760284, -30.838802), (-19.119127, -14.316652, -32.085705), (-16.51964, -14.844146, -33.267895), (-13.641143, -15.322, -34.338833), (-10.501512, -15.727338, -35.247257), (-7.1390266, -16.037388, -35.942127), (-3.6129308, -16.232458, -36.379307), (0, -16.299082, -36.528618), (3.6129308, -16.232458, -36.379307), (7.1390266, -16.037388, -35.942127), (10.501512, -15.727338, -35.247257), (13.641143, -15.322, -34.338833), (16.51964, -14.844146, -33.267895), (19.119127, -14.316652, -32.085705), (21.438816, -13.760284, -30.838802), (23.490412, -13.192446, -29.566195), (25.29356, -12.626765, -28.298422), (26.871998, -12.073261, -27.05794), (28.25075, -11.538835, -25.86021), (29.454247, -11.027863, -24.715048), (-29.802357, -9.298498, -25.007147), (-28.61691, -9.740326, -26.195389), (-27.254007, -10.204079, -27.442593), (-25.687647, -10.686248, -28.739326), (-23.890797, -11.1810875, -30.070137), (-21.837265, -11.680021, -31.411957), (-19.504673, -12.171128, -32.732727), (-16.878586, -12.638906, -33.990757), (-13.957614, -13.064555, -35.135487), (-10.758688, -13.427077, -36.110443), (-7.3210874, -13.705315, -36.85873), (-3.707413, -13.880796, -37.330666), (0, -13.9408045, -37.49205), (3.707413, -13.880796, -37.330666), (7.3210874, -13.705315, -36.85873), (10.758688, -13.427077, -36.110443), (13.957614, -13.064555, -35.135487), (16.878586, -12.638906, -33.990757), (19.504673, -12.171128, -32.732727), (21.837265, -11.680021, -31.411957), (23.890797, -11.1810875, -30.070137), (25.687647, -10.686248, -28.739326), (27.254007, -10.204079, -27.442593), (28.61691, -9.740326, -26.195389), (29.802357, -9.298498, -25.007147), (-30.096544, -7.5122285, -25.254), (-28.927328, -7.8767858, -26.479538), (-27.578978, -8.260599, -27.769812), (-26.024157, -8.66099, -29.115812), (-24.234064, -9.073392, -30.502192), (-22.180332, -9.490813, -31.905443), (-19.838083, -9.903343, -33.292255), (-17.19034, -10.29788, -34.618576), (-14.233601, -10.658306, -35.830227), (-10.983769, -10.966387, -36.86591), (-7.480876, -11.203556, -37.663204), (-3.790486, -11.353462, -38.16715), (0, -11.404784, -38.339676), (3.790486, -11.353462, -38.16715), (7.480876, -11.203556, -37.663204), (10.983769, -10.966387, -36.86591), (14.233601, -10.658306, -35.830227), (17.19034, -10.29788, -34.618576), (19.838083, -9.903343, -33.292255), (22.180332, -9.490813, -31.905443), (24.234064, -9.073392, -30.502192), (26.024157, -8.66099, -29.115812), (27.578978, -8.260599, -27.769812), (28.927328, -7.8767858, -26.479538), (30.096544, -7.5122285, -25.254), (-30.331478, -5.6781516, -25.451132), (-29.175873, -5.9583473, -26.70705), (-27.83993, -6.2540708, -28.03257), (-26.295227, -6.563403, -29.419088), (-24.511526, -6.8829565, -30.851418), (-22.458635, -7.2074227, -32.30577), (-20.109562, -7.529151, -33.747852), (-17.445127, -7.837884, -35.131683), (-14.459952, -8.120851, -36.40002), (-11.168944, -8.363452, -37.48743), (-7.6126566, -8.550685, -38.326664), (-3.859106, -8.669247, -38.858093), (0, -8.709877, -39.04021), (3.859106, -8.669247, -38.858093), (7.6126566, -8.550685, -38.326664), (11.168944, -8.363452, -37.48743), (14.459952, -8.120851, -36.40002), (17.445127, -7.837884, -35.131683), (20.109562, -7.529151, -33.747852), (22.458635, -7.2074227, -32.30577), (24.511526, -6.8829565, -30.851418), (26.295227, -6.563403, -29.419088), (27.83993, -6.2540708, -28.03257), (29.175873, -5.9583473, -26.70705), (30.331478, -5.6781516, -25.451132), (-30.502695, -3.8068027, -25.5948), (-29.357378, -3.9969432, -26.873198), (-28.030924, -4.1979847, -28.224886), (-26.49412, -4.4086986, -29.64161), (-24.71565, -4.6268506, -31.108341), (-22.663961, -4.8488774, -32.601124), (-20.310444, -5.0695753, -34.084972), (-17.634218, -5.281893, -35.512478), (-14.6284075, -5.4769716, -36.824074), (-11.307097, -5.644602, -37.951126), (-7.7111673, -5.774223, -38.822624), (-3.9104667, -5.856417, -39.375256), (0, -5.8846054, -39.564774), (3.9104667, -5.856417, -39.375256), (7.7111673, -5.774223, -38.822624), (11.307097, -5.644602, -37.951126), (14.6284075, -5.4769716, -36.824074), (17.634218, -5.281893, -35.512478), (20.310444, -5.0695753, -34.084972), (22.663961, -4.8488774, -32.601124), (24.71565, -4.6268506, -31.108341), (26.49412, -4.4086986, -29.64161), (28.030924, -4.1979847, -28.224886), (29.357378, -3.9969432, -26.873198), (30.502695, -3.8068027, -25.5948), (-30.606829, -1.9098995, -25.682178), (-29.467922, -2.0059967, -26.974388), (-28.147427, -2.107716, -28.342194), (-26.615644, -2.2144601, -29.777569), (-24.840601, -2.325121, -31.26561), (-22.789894, -2.43791, -32.782272), (-20.4339, -2.5501955, -34.29216), (-17.750666, -2.658386, -35.746983), (-14.732351, -2.7579443, -37.08573), (-11.392492, -2.8436155, -38.237743), (-7.7721415, -2.9099405, -39.129604), (-3.9422853, -2.9520347, -39.69564), (0, -2.9664772, -39.889847), (3.9422853, -2.9520347, -39.69564), (7.7721415, -2.9099405, -39.129604), (11.392492, -2.8436155, -38.237743), (14.732351, -2.7579443, -37.08573), (17.750666, -2.658386, -35.746983), (20.4339, -2.5501955, -34.29216), (22.789894, -2.43791, -32.782272), (24.840601, -2.325121, -31.26561), (26.615644, -2.2144601, -29.777569), (28.147427, -2.107716, -28.342194), (29.467922, -2.0059967, -26.974388), (30.606829, -1.9098995, -25.682178), (-30.641777, 0, -25.711504), (-29.505047, 0, -27.008371), (-28.186584, 0, -28.381622), (-26.656525, 0, -29.823307), (-24.882675, 0, -31.318565), (-22.83234, 0, -32.84333), (-20.475557, 0, -34.362064), (-17.789997, 0, -35.82619), (-14.767495, 0, -37.1742), (-11.42139, 0, -38.334736), (-7.79279, 0, -39.233562), (-3.9530652, 0, -39.804188), (0, 0, -40), (3.9530652, 0, -39.804188), (7.79279, 0, -39.233562), (11.42139, 0, -38.334736), (14.767495, 0, -37.1742), (17.789997, 0, -35.82619), (20.475557, 0, -34.362064), (22.83234, 0, -32.84333), (24.882675, 0, -31.318565), (26.656525, 0, -29.823307), (28.186584, 0, -28.381622), (29.505047, 0, -27.008371), (30.641777, 0, -25.711504), (-30.606829, 1.9098995, -25.682178), (-29.467922, 2.0059967, -26.974388), (-28.147427, 2.107716, -28.342194), (-26.615644, 2.2144601, -29.777569), (-24.840601, 2.325121, -31.26561), (-22.789894, 2.43791, -32.782272), (-20.4339, 2.5501955, -34.29216), (-17.750666, 2.658386, -35.746983), (-14.732351, 2.7579443, -37.08573), (-11.392492, 2.8436155, -38.237743), (-7.7721415, 2.9099405, -39.129604), (-3.9422853, 2.9520347, -39.69564), (0, 2.9664772, -39.889847), (3.9422853, 2.9520347, -39.69564), (7.7721415, 2.9099405, -39.129604), (11.392492, 2.8436155, -38.237743), (14.732351, 2.7579443, -37.08573), (17.750666, 2.658386, -35.746983), (20.4339, 2.5501955, -34.29216), (22.789894, 2.43791, -32.782272), (24.840601, 2.325121, -31.26561), (26.615644, 2.2144601, -29.777569), (28.147427, 2.107716, -28.342194), (29.467922, 2.0059967, -26.974388), (30.606829, 1.9098995, -25.682178), (-30.502695, 3.8068027, -25.5948), (-29.357378, 3.9969432, -26.873198), (-28.030924, 4.1979847, -28.224886), (-26.49412, 4.4086986, -29.64161), (-24.71565, 4.6268506, -31.108341), (-22.663961, 4.8488774, -32.601124), (-20.310444, 5.0695753, -34.084972), (-17.634218, 5.281893, -35.512478), (-14.6284075, 5.4769716, -36.824074), (-11.307097, 5.644602, -37.951126), (-7.7111673, 5.774223, -38.822624), (-3.9104667, 5.856417, -39.375256), (0, 5.8846054, -39.564774), (3.9104667, 5.856417, -39.375256), (7.7111673, 5.774223, -38.822624), (11.307097, 5.644602, -37.951126), (14.6284075, 5.4769716, -36.824074), (17.634218, 5.281893, -35.512478), (20.310444, 5.0695753, -34.084972), (22.663961, 4.8488774, -32.601124), (24.71565, 4.6268506, -31.108341), (26.49412, 4.4086986, -29.64161), (28.030924, 4.1979847, -28.224886), (29.357378, 3.9969432, -26.873198), (30.502695, 3.8068027, -25.5948), (-30.331478, 5.6781516, -25.451132), (-29.175873, 5.9583473, -26.70705), (-27.83993, 6.2540708, -28.03257), (-26.295227, 6.563403, -29.419088), (-24.511526, 6.8829565, -30.851418), (-22.458635, 7.2074227, -32.30577), (-20.109562, 7.529151, -33.747852), (-17.445127, 7.837884, -35.131683), (-14.459952, 8.120851, -36.40002), (-11.168944, 8.363452, -37.48743), (-7.6126566, 8.550685, -38.326664), (-3.859106, 8.669247, -38.858093), (0, 8.709877, -39.04021), (3.859106, 8.669247, -38.858093), (7.6126566, 8.550685, -38.326664), (11.168944, 8.363452, -37.48743), (14.459952, 8.120851, -36.40002), (17.445127, 7.837884, -35.131683), (20.109562, 7.529151, -33.747852), (22.458635, 7.2074227, -32.30577), (24.511526, 6.8829565, -30.851418), (26.295227, 6.563403, -29.419088), (27.83993, 6.2540708, -28.03257), (29.175873, 5.9583473, -26.70705), (30.331478, 5.6781516, -25.451132), (-30.096544, 7.5122285, -25.254), (-28.927328, 7.8767858, -26.479538), (-27.578978, 8.260599, -27.769812), (-26.024157, 8.66099, -29.115812), (-24.234064, 9.073392, -30.502192), (-22.180332, 9.490813, -31.905443), (-19.838083, 9.903343, -33.292255), (-17.19034, 10.29788, -34.618576), (-14.233601, 10.658306, -35.830227), (-10.983769, 10.966387, -36.86591), (-7.480876, 11.203556, -37.663204), (-3.790486, 11.353462, -38.16715), (0, 11.404784, -38.339676), (3.790486, 11.353462, -38.16715), (7.480876, 11.203556, -37.663204), (10.983769, 10.966387, -36.86591), (14.233601, 10.658306, -35.830227), (17.19034, 10.29788, -34.618576), (19.838083, 9.903343, -33.292255), (22.180332, 9.490813, -31.905443), (24.234064, 9.073392, -30.502192), (26.024157, 8.66099, -29.115812), (27.578978, 8.260599, -27.769812), (28.927328, 7.8767858, -26.479538), (30.096544, 7.5122285, -25.254), (-29.802357, 9.298498, -25.007147), (-28.61691, 9.740326, -26.195389), (-27.254007, 10.204079, -27.442593), (-25.687647, 10.686248, -28.739326), (-23.890797, 11.1810875, -30.070137), (-21.837265, 11.680021, -31.411957), (-19.504673, 12.171128, -32.732727), (-16.878586, 12.638906, -33.990757), (-13.957614, 13.064555, -35.135487), (-10.758688, 13.427077, -36.110443), (-7.3210874, 13.705315, -36.85873), (-3.707413, 13.880796, -37.330666), (0, 13.9408045, -37.49205), (3.707413, 13.880796, -37.330666), (7.3210874, 13.705315, -36.85873), (10.758688, 13.427077, -36.110443), (13.957614, 13.064555, -35.135487), (16.878586, 12.638906, -33.990757), (19.504673, 12.171128, -32.732727), (21.837265, 11.680021, -31.411957), (23.890797, 11.1810875, -30.070137), (25.687647, 10.686248, -28.739326), (27.254007, 10.204079, -27.442593), (28.61691, 9.740326, -26.195389), (29.802357, 9.298498, -25.007147), (-29.454247, 11.027863, -24.715048), (-28.25075, 11.538835, -25.86021), (-26.871998, 12.073261, -27.05794), (-25.29356, 12.626765, -28.298422), (-23.490412, 13.192446, -29.566195), (-21.438816, 13.760284, -30.838802), (-19.119127, 14.316652, -32.085705), (-16.51964, 14.844146, -33.267895), (-13.641143, 15.322, -34.338833), (-10.501512, 15.727338, -35.247257), (-7.1390266, 16.037388, -35.942127), (-3.6129308, 16.232458, -36.379307), (0, 16.299082, -36.528618), (3.6129308, 16.232458, -36.379307), (7.1390266, 16.037388, -35.942127), (10.501512, 15.727338, -35.247257), (13.641143, 15.322, -34.338833), (16.51964, 14.844146, -33.267895), (19.119127, 14.316652, -32.085705), (21.438816, 13.760284, -30.838802), (23.490412, 13.192446, -29.566195), (25.29356, 12.626765, -28.298422), (26.871998, 12.073261, -27.05794), (28.25075, 11.538835, -25.86021), (29.454247, 11.027863, -24.715048), (-29.058159, 12.692825, -24.38269), (-27.835613, 13.264154, -25.480204), (-26.440596, 13.859344, -26.623552), (-24.850407, 14.473129, -27.802622), (-23.042223, 15.0975275, -29.00208), (-20.994907, 15.721261, -30.200262), (-18.691677, 16.329334, -31.36836), (-16.123579, 16.902966, -32.470295), (-13.293511, 17.42012, -33.46374), (-10.220115, 17.856895, -34.302776), (-6.9404283, 18.189793, -34.942265), (-3.5100682, 18.398695, -35.343563), (0, 18.469944, -35.480434), (3.5100682, 18.398695, -35.343563), (6.9404283, 18.189793, -34.942265), (10.220115, 17.856895, -34.302776), (13.293511, 17.42012, -33.46374), (16.123579, 16.902966, -32.470295), (18.691677, 16.329334, -31.36836), (20.994907, 15.721261, -30.200262), (23.042223, 15.0975275, -29.00208), (24.850407, 14.473129, -27.802622), (26.440596, 13.859344, -26.623552), (27.835613, 13.264154, -25.480204), (29.058159, 12.692825, -24.38269)]
                        color3f[] primvars:displayColor = [(0, 0.85, 0.95)] (
                            interpolation = "constant"
                        )
                        float[] primvars:displayOpacity = [0.3] (
                            interpolation = "constant"
                        )
                        uniform token purpose = "guide"
                        uniform token subdivisionScheme = "none"
                    }

                    def Mesh "Shell_identify" (
                        prepend apiSchemas = ["AecoDerivedGeometryAPI", "MaterialBindingAPI"]
                    )
                    {
                        uniform token aeco:derived:approx = "tessellated"
                        uniform token aeco:derived:role = "coverage"
                        string aeco:derived:source = "1df38d7f-3bd3-5d3d-b760-abde2a162779"
                        string aeco:derived:stamp = "usdAecoCctv derive 0.5.3"
                        uniform bool doubleSided = 1
                        float3[] extent = [(-3.4556262, -2.0829477, -4.5109997), (3.4556262, 2.0829477, 0)]
                        int[] faceVertexCounts = [4, 4, 4, 4, 4, 4, 4, 4, 4, 4, 4, 4, 4, 4, 4, 4, 4, 4, 4, 4, 4, 4, 4, 4, 4, 4, 4, 4, 4, 4, 4, 4, 4, 4, 4, 4, 4, 4, 4, 4, 4, 4, 4, 4, 4, 4, 4, 4, 4, 4, 4, 4, 4, 4, 4, 4, 4, 4, 4, 4, 4, 4, 4, 4, 4, 4, 4, 4, 4, 4, 4, 4, 4, 4, 4, 4, 4, 4, 4, 4, 4, 4, 4, 4, 4, 4, 4, 4, 4, 4, 4, 4, 4, 4, 4, 4, 4, 4, 4, 4, 4, 4, 4, 4, 4, 4, 4, 4, 4, 4, 4, 4, 4, 4, 4, 4, 4, 4, 4, 4, 4, 4, 4, 4, 4, 4, 4, 4, 4, 4, 4, 4, 4, 4, 4, 4, 4, 4, 4, 4, 4, 4, 4, 4, 4, 4, 4, 4, 4, 4, 4, 4, 4, 4, 4, 4, 4, 4, 4, 4, 4, 4, 4, 4, 4, 4, 4, 4, 4, 4, 4, 4, 4, 4, 4, 4, 4, 4, 4, 4, 4, 4, 4, 4, 4, 4, 4, 4, 4, 4, 4, 4, 4, 4, 4, 4, 4, 4, 4, 4, 4, 4, 4, 4, 4, 4, 4, 4, 4, 4, 4, 4, 4, 4, 4, 4, 4, 4, 4, 4, 4, 4, 4, 4, 4, 4, 4, 4, 4, 4, 4, 4, 4, 4, 4, 4, 4, 4, 4, 4, 4, 4, 4, 4, 4, 4, 4, 4, 4, 4, 4, 4, 4, 4, 4, 4, 4, 4, 4, 4, 4, 4, 4, 4, 4, 4, 4, 4, 4, 4, 4, 4, 4, 4, 4, 4, 4, 4, 4, 4, 4, 4, 4, 4, 4, 4, 4, 4, 4, 4, 4, 4, 4, 4, 4, 4, 4, 4, 4, 4, 4, 4, 4, 4, 4, 4, 4, 4, 4, 4, 4, 4, 4, 4, 4, 4, 4, 4, 4, 4, 4, 4, 4, 4, 4, 4, 4, 4, 4, 4, 4, 4, 4, 4, 4, 4, 3, 3, 3, 3, 3, 3, 3, 3, 3, 3, 3, 3, 3, 3, 3, 3, 3, 3, 3, 3, 3, 3, 3, 3, 3, 3, 3, 3, 3, 3, 3, 3, 3, 3, 3, 3, 3, 3, 3, 3, 3, 3, 3, 3, 3, 3, 3, 3, 3, 3, 3, 3, 3, 3, 3, 3, 3, 3, 3, 3, 3, 3, 3, 3, 3, 3, 3, 3, 3, 3, 3, 3, 3, 3, 3, 3]
                        int[] faceVertexIndices = [1, 26, 27, 2, 2, 27, 28, 3, 3, 28, 29, 4, 4, 29, 30, 5, 5, 30, 31, 6, 6, 31, 32, 7, 7, 32, 33, 8, 8, 33, 34, 9, 9, 34, 35, 10, 10, 35, 36, 11, 11, 36, 37, 12, 12, 37, 38, 13, 13, 38, 39, 14, 14, 39, 40, 15, 15, 40, 41, 16, 16, 41, 42, 17, 17, 42, 43, 18, 18, 43, 44, 19, 19, 44, 45, 20, 20, 45, 46, 21, 21, 46, 47, 22, 22, 47, 48, 23, 23, 48, 49, 24, 24, 49, 50, 25, 26, 51, 52, 27, 27, 52, 53, 28, 28, 53, 54, 29, 29, 54, 55, 30, 30, 55, 56, 31, 31, 56, 57, 32, 32, 57, 58, 33, 33, 58, 59, 34, 34, 59, 60, 35, 35, 60, 61, 36, 36, 61, 62, 37, 37, 62, 63, 38, 38, 63, 64, 39, 39, 64, 65, 40, 40, 65, 66, 41, 41, 66, 67, 42, 42, 67, 68, 43, 43, 68, 69, 44, 44, 69, 70, 45, 45, 70, 71, 46, 46, 71, 72, 47, 47, 72, 73, 48, 48, 73, 74, 49, 49, 74, 75, 50, 51, 76, 77, 52, 52, 77, 78, 53, 53, 78, 79, 54, 54, 79, 80, 55, 55, 80, 81, 56, 56, 81, 82, 57, 57, 82, 83, 58, 58, 83, 84, 59, 59, 84, 85, 60, 60, 85, 86, 61, 61, 86, 87, 62, 62, 87, 88, 63, 63, 88, 89, 64, 64, 89, 90, 65, 65, 90, 91, 66, 66, 91, 92, 67, 67, 92, 93, 68, 68, 93, 94, 69, 69, 94, 95, 70, 70, 95, 96, 71, 71, 96, 97, 72, 72, 97, 98, 73, 73, 98, 99, 74, 74, 99, 100, 75, 76, 101, 102, 77, 77, 102, 103, 78, 78, 103, 104, 79, 79, 104, 105, 80, 80, 105, 106, 81, 81, 106, 107, 82, 82, 107, 108, 83, 83, 108, 109, 84, 84, 109, 110, 85, 85, 110, 111, 86, 86, 111, 112, 87, 87, 112, 113, 88, 88, 113, 114, 89, 89, 114, 115, 90, 90, 115, 116, 91, 91, 116, 117, 92, 92, 117, 118, 93, 93, 118, 119, 94, 94, 119, 120, 95, 95, 120, 121, 96, 96, 121, 122, 97, 97, 122, 123, 98, 98, 123, 124, 99, 99, 124, 125, 100, 101, 126, 127, 102, 102, 127, 128, 103, 103, 128, 129, 104, 104, 129, 130, 105, 105, 130, 131, 106, 106, 131, 132, 107, 107, 132, 133, 108, 108, 133, 134, 109, 109, 134, 135, 110, 110, 135, 136, 111, 111, 136, 137, 112, 112, 137, 138, 113, 113, 138, 139, 114, 114, 139, 140, 115, 115, 140, 141, 116, 116, 141, 142, 117, 117, 142, 143, 118, 118, 143, 144, 119, 119, 144, 145, 120, 120, 145, 146, 121, 121, 146, 147, 122, 122, 147, 148, 123, 123, 148, 149, 124, 124, 149, 150, 125, 126, 151, 152, 127, 127, 152, 153, 128, 128, 153, 154, 129, 129, 154, 155, 130, 130, 155, 156, 131, 131, 156, 157, 132, 132, 157, 158, 133, 133, 158, 159, 134, 134, 159, 160, 135, 135, 160, 161, 136, 136, 161, 162, 137, 137, 162, 163, 138, 138, 163, 164, 139, 139, 164, 165, 140, 140, 165, 166, 141, 141, 166, 167, 142, 142, 167, 168, 143, 143, 168, 169, 144, 144, 169, 170, 145, 145, 170, 171, 146, 146, 171, 172, 147, 147, 172, 173, 148, 148, 173, 174, 149, 149, 174, 175, 150, 151, 176, 177, 152, 152, 177, 178, 153, 153, 178, 179, 154, 154, 179, 180, 155, 155, 180, 181, 156, 156, 181, 182, 157, 157, 182, 183, 158, 158, 183, 184, 159, 159, 184, 185, 160, 160, 185, 186, 161, 161, 186, 187, 162, 162, 187, 188, 163, 163, 188, 189, 164, 164, 189, 190, 165, 165, 190, 191, 166, 166, 191, 192, 167, 167, 192, 193, 168, 168, 193, 194, 169, 169, 194, 195, 170, 170, 195, 196, 171, 171, 196, 197, 172, 172, 197, 198, 173, 173, 198, 199, 174, 174, 199, 200, 175, 176, 201, 202, 177, 177, 202, 203, 178, 178, 203, 204, 179, 179, 204, 205, 180, 180, 205, 206, 181, 181, 206, 207, 182, 182, 207, 208, 183, 183, 208, 209, 184, 184, 209, 210, 185, 185, 210, 211, 186, 186, 211, 212, 187, 187, 212, 213, 188, 188, 213, 214, 189, 189, 214, 215, 190, 190, 215, 216, 191, 191, 216, 217, 192, 192, 217, 218, 193, 193, 218, 219, 194, 194, 219, 220, 195, 195, 220, 221, 196, 196, 221, 222, 197, 197, 222, 223, 198, 198, 223, 224, 199, 199, 224, 225, 200, 201, 226, 227, 202, 202, 227, 228, 203, 203, 228, 229, 204, 204, 229, 230, 205, 205, 230, 231, 206, 206, 231, 232, 207, 207, 232, 233, 208, 208, 233, 234, 209, 209, 234, 235, 210, 210, 235, 236, 211, 211, 236, 237, 212, 212, 237, 238, 213, 213, 238, 239, 214, 214, 239, 240, 215, 215, 240, 241, 216, 216, 241, 242, 217, 217, 242, 243, 218, 218, 243, 244, 219, 219, 244, 245, 220, 220, 245, 246, 221, 221, 246, 247, 222, 222, 247, 248, 223, 223, 248, 249, 224, 224, 249, 250, 225, 226, 251, 252, 227, 227, 252, 253, 228, 228, 253, 254, 229, 229, 254, 255, 230, 230, 255, 256, 231, 231, 256, 257, 232, 232, 257, 258, 233, 233, 258, 259, 234, 234, 259, 260, 235, 235, 260, 261, 236, 236, 261, 262, 237, 237, 262, 263, 238, 238, 263, 264, 239, 239, 264, 265, 240, 240, 265, 266, 241, 241, 266, 267, 242, 242, 267, 268, 243, 243, 268, 269, 244, 244, 269, 270, 245, 245, 270, 271, 246, 246, 271, 272, 247, 247, 272, 273, 248, 248, 273, 274, 249, 249, 274, 275, 250, 251, 276, 277, 252, 252, 277, 278, 253, 253, 278, 279, 254, 254, 279, 280, 255, 255, 280, 281, 256, 256, 281, 282, 257, 257, 282, 283, 258, 258, 283, 284, 259, 259, 284, 285, 260, 260, 285, 286, 261, 261, 286, 287, 262, 262, 287, 288, 263, 263, 288, 289, 264, 264, 289, 290, 265, 265, 290, 291, 266, 266, 291, 292, 267, 267, 292, 293, 268, 268, 293, 294, 269, 269, 294, 295, 270, 270, 295, 296, 271, 271, 296, 297, 272, 272, 297, 298, 273, 273, 298, 299, 274, 274, 299, 300, 275, 276, 301, 302, 277, 277, 302, 303, 278, 278, 303, 304, 279, 279, 304, 305, 280, 280, 305, 306, 281, 281, 306, 307, 282, 282, 307, 308, 283, 283, 308, 309, 284, 284, 309, 310, 285, 285, 310, 311, 286, 286, 311, 312, 287, 287, 312, 313, 288, 288, 313, 314, 289, 289, 314, 315, 290, 290, 315, 316, 291, 291, 316, 317, 292, 292, 317, 318, 293, 293, 318, 319, 294, 294, 319, 320, 295, 295, 320, 321, 296, 296, 321, 322, 297, 297, 322, 323, 298, 298, 323, 324, 299, 299, 324, 325, 300, 301, 326, 327, 302, 302, 327, 328, 303, 303, 328, 329, 304, 304, 329, 330, 305, 305, 330, 331, 306, 306, 331, 332, 307, 307, 332, 333, 308, 308, 333, 334, 309, 309, 334, 335, 310, 310, 335, 336, 311, 311, 336, 337, 312, 312, 337, 338, 313, 313, 338, 339, 314, 314, 339, 340, 315, 315, 340, 341, 316, 316, 341, 342, 317, 317, 342, 343, 318, 318, 343, 344, 319, 319, 344, 345, 320, 320, 345, 346, 321, 321, 346, 347, 322, 322, 347, 348, 323, 323, 348, 349, 324, 324, 349, 350, 325, 326, 351, 352, 327, 327, 352, 353, 328, 328, 353, 354, 329, 329, 354, 355, 330, 330, 355, 356, 331, 331, 356, 357, 332, 332, 357, 358, 333, 333, 358, 359, 334, 334, 359, 360, 335, 335, 360, 361, 336, 336, 361, 362, 337, 337, 362, 363, 338, 338, 363, 364, 339, 339, 364, 365, 340, 340, 365, 366, 341, 341, 366, 367, 342, 342, 367, 368, 343, 343, 368, 369, 344, 344, 369, 370, 345, 345, 370, 371, 346, 346, 371, 372, 347, 347, 372, 373, 348, 348, 373, 374, 349, 349, 374, 375, 350, 0, 1, 2, 0, 2, 3, 0, 3, 4, 0, 4, 5, 0, 5, 6, 0, 6, 7, 0, 7, 8, 0, 8, 9, 0, 9, 10, 0, 10, 11, 0, 11, 12, 0, 12, 13, 0, 13, 14, 0, 14, 15, 0, 15, 16, 0, 16, 17, 0, 17, 18, 0, 18, 19, 0, 19, 20, 0, 20, 21, 0, 21, 22, 0, 22, 23, 0, 23, 24, 0, 24, 25, 0, 352, 351, 0, 353, 352, 0, 354, 353, 0, 355, 354, 0, 356, 355, 0, 357, 356, 0, 358, 357, 0, 359, 358, 0, 360, 359, 0, 361, 360, 0, 362, 361, 0, 363, 362, 0, 364, 363, 0, 365, 364, 0, 366, 365, 0, 367, 366, 0, 368, 367, 0, 369, 368, 0, 370, 369, 0, 371, 370, 0, 372, 371, 0, 373, 372, 0, 374, 373, 0, 375, 374, 0, 26, 1, 0, 51, 26, 0, 76, 51, 0, 101, 76, 0, 126, 101, 0, 151, 126, 0, 176, 151, 0, 201, 176, 0, 226, 201, 0, 251, 226, 0, 276, 251, 0, 301, 276, 0, 326, 301, 0, 351, 326, 0, 25, 50, 0, 50, 75, 0, 75, 100, 0, 100, 125, 0, 125, 150, 0, 150, 175, 0, 175, 200, 0, 200, 225, 0, 225, 250, 0, 250, 275, 0, 275, 300, 0, 300, 325, 0, 325, 350, 0, 350, 375]
                        rel material:binding = </AecoCctvLooks/Shell_identify>
                        point3f[] points = [(0, 0, 0), (-3.2770336, -1.4314332, -2.7497578), (-3.139161, -1.4958649, -2.8735297), (-2.9818377, -1.5629873, -3.0024707), (-2.8025043, -1.632207, -3.1354406), (-2.5985863, -1.7026235, -3.2707093), (-2.3677006, -1.7729651, -3.4058342), (-2.1079538, -1.8415406, -3.5375664), (-1.8183365, -1.9062318, -3.661837), (-1.4991755, -1.964554, -3.773873), (-1.1525733, -2.0138113, -3.8684955), (-0.78270674, -2.0513537, -3.9406137), (-0.39584792, -2.0749125, -3.9858701), (0, -2.0829477, -4.0013056), (0.39584792, -2.0749125, -3.9858701), (0.78270674, -2.0513537, -3.9406137), (1.1525733, -2.0138113, -3.8684955), (1.4991755, -1.964554, -3.773873), (1.8183365, -1.9062318, -3.661837), (2.1079538, -1.8415406, -3.5375664), (2.3677006, -1.7729651, -3.4058342), (2.5985863, -1.7026235, -3.2707093), (2.8025043, -1.632207, -3.1354406), (2.9818377, -1.5629873, -3.0024707), (3.139161, -1.4958649, -2.8735297), (3.2770336, -1.4314332, -2.7497578), (-3.3217025, -1.2436671, -2.7872393), (-3.185978, -1.301292, -2.916385), (-3.0304892, -1.361562, -3.0514588), (-2.852481, -1.4239833, -3.1913543), (-2.649131, -1.487778, -3.3343275), (-2.4177623, -1.5518159, -3.4778457), (-2.1561594, -1.6145602, -3.618465), (-1.8630022, -1.6740484, -3.7517865), (-1.5383798, -1.7279383, -3.8725617), (-1.1843078, -1.7736503, -3.975009), (-0.80510366, -1.8086164, -4.053373), (-0.40744823, -1.8306154, -4.102676), (0, -1.8381288, -4.1195145), (0.40744823, -1.8306154, -4.102676), (0.80510366, -1.8086164, -4.053373), (1.1843078, -1.7736503, -3.975009), (1.5383798, -1.7279383, -3.8725617), (1.8630022, -1.6740484, -3.7517865), (2.1561594, -1.6145602, -3.618465), (2.4177623, -1.5518159, -3.4778457), (2.649131, -1.487778, -3.3343275), (2.852481, -1.4239833, -3.1913543), (3.0304892, -1.361562, -3.0514588), (3.185978, -1.301292, -2.916385), (3.3217025, -1.2436671, -2.7872393), (-3.3609605, -1.048638, -2.820181), (-3.227272, -1.0984652, -2.9541848), (-3.0735705, -1.1507648, -3.0948381), (-2.8969243, -1.2051414, -3.2410774), (-2.6942842, -1.260947, -3.3911595), (-2.4626973, -1.3172143, -3.542483), (-2.1996393, -1.3725989, -3.691433), (-1.9034823, -1.4253525, -3.833307), (-1.5740699, -1.473355, -3.9624043), (-1.213311, -1.5142385, -4.0723553), (-0.82563555, -1.5456167, -4.156743), (-0.41810346, -1.5654067, -4.209965), (0, -1.5721742, -4.2281656), (0.41810346, -1.5654067, -4.209965), (0.82563555, -1.5456167, -4.156743), (1.213311, -1.5142385, -4.0723553), (1.5740699, -1.473355, -3.9624043), (1.9034823, -1.4253525, -3.833307), (2.1996393, -1.3725989, -3.691433), (2.4626973, -1.3172143, -3.542483), (2.6942842, -1.260947, -3.3911595), (2.8969243, -1.2051414, -3.2410774), (3.0735705, -1.1507648, -3.0948381), (3.227272, -1.0984652, -2.9541848), (3.3609605, -1.048638, -2.820181), (-3.3941374, -0.8471915, -2.8480196), (-3.262279, -0.8883045, -2.9862297), (-3.110219, -0.93158907, -3.1317403), (-2.9348738, -0.9767431, -3.2835355), (-2.7329965, -1.0232517, -3.4398844), (-2.501387, -1.0703263, -3.5981362), (-2.2372396, -1.1168494, -3.7545338), (-1.9386404, -1.1613433, -3.9041097), (-1.6051941, -1.2019904, -4.0407534), (-1.2386945, -1.2367342, -4.1575522), (-0.84365577, -1.2634809, -4.2474675), (-0.42747205, -1.2803866, -4.3043), (0, -1.2861744, -4.3237567), (0.42747205, -1.2803866, -4.3043), (0.84365577, -1.2634809, -4.2474675), (1.2386945, -1.2367342, -4.1575522), (1.6051941, -1.2019904, -4.0407534), (1.9386404, -1.1613433, -3.9041097), (2.2372396, -1.1168494, -3.7545338), (2.501387, -1.0703263, -3.5981362), (2.7329965, -1.0232517, -3.4398844), (2.9348738, -0.9767431, -3.2835355), (3.110219, -0.93158907, -3.1317403), (3.262279, -0.8883045, -2.9862297), (3.3941374, -0.8471915, -2.8480196), (-3.4206321, -0.6403535, -2.8702512), (-3.2903087, -0.6719526, -3.0118876), (-3.1396477, -0.7053028, -3.1613727), (-2.965444, -0.74018776, -3.3177373), (-2.764287, -0.7762253, -3.4792683), (-2.5327723, -0.81281704, -3.643283), (-2.2678556, -0.84909993, -3.8059134), (-1.9673742, -0.8839173, -3.961975), (-1.630721, -0.9158289, -4.105012), (-1.2595776, -0.9431882, -4.2276444), (-0.8585173, -0.96430343, -4.3222895), (-0.43521065, -0.97767425, -4.382221), (0, -0.98225635, -4.4027596), (0.43521065, -0.97767425, -4.382221), (0.8585173, -0.96430343, -4.3222895), (1.2595776, -0.9431882, -4.2276444), (1.630721, -0.9158289, -4.105012), (1.9673742, -0.8839173, -3.961975), (2.2678556, -0.84909993, -3.8059134), (2.5327723, -0.81281704, -3.643283), (2.764287, -0.7762253, -3.4792683), (2.965444, -0.74018776, -3.3177373), (3.1396477, -0.7053028, -3.1613727), (3.2903087, -0.6719526, -3.0118876), (3.4206321, -0.6403535, -2.8702512), (-3.4399412, -0.42931214, -2.8864534), (-3.3107781, -0.45075524, -3.0306246), (-3.1611872, -0.47342765, -3.1830614), (-2.9878743, -0.49719092, -3.342832), (-2.7873073, -0.521793, -3.5082428), (-2.555928, -0.5468321, -3.6765914), (-2.2905102, -0.5717213, -3.8439324), (-1.9886987, -0.5956654, -4.004919), (-1.6497185, -0.6176654, -4.152835), (-1.2751578, -0.6365699, -4.2799377), (-0.8696268, -0.6511879, -4.378221), (-0.44100285, -0.6604574, -4.440544), (0, -0.66363627, -4.461917), (0.44100285, -0.6604574, -4.440544), (0.8696268, -0.6511879, -4.378221), (1.2751578, -0.6365699, -4.2799377), (1.6497185, -0.6176654, -4.152835), (1.9886987, -0.5956654, -4.004919), (2.2905102, -0.5717213, -3.8439324), (2.555928, -0.5468321, -3.6765914), (2.7873073, -0.521793, -3.5082428), (2.9878743, -0.49719092, -3.342832), (3.1611872, -0.47342765, -3.1830614), (3.3107781, -0.45075524, -3.0306246), (3.4399412, -0.42931214, -2.8864534), (-3.451685, -0.2153889, -2.8963075), (-3.3232446, -0.22622627, -3.0420363), (-3.1743257, -0.23769766, -3.1962907), (-3.001579, -0.24973573, -3.358165), (-2.8013985, -0.2622155, -3.5259788), (-2.57013, -0.27493528, -3.6970203), (-2.304433, -0.28759825, -3.867298), (-2.001831, -0.29979944, -4.031366), (-1.6614408, -0.31102714, -4.182343), (-1.2847881, -0.32068872, -4.312261), (-0.87650317, -0.3281685, -4.412841), (-0.44459116, -0.3329157, -4.4766755), (0, -0.33454445, -4.498577), (0.44459116, -0.3329157, -4.4766755), (0.87650317, -0.3281685, -4.412841), (1.2847881, -0.32068872, -4.312261), (1.6614408, -0.31102714, -4.182343), (2.001831, -0.29979944, -4.031366), (2.304433, -0.28759825, -3.867298), (2.57013, -0.27493528, -3.6970203), (2.8013985, -0.2622155, -3.5259788), (3.001579, -0.24973573, -3.358165), (3.1743257, -0.23769766, -3.1962907), (3.3232446, -0.22622627, -3.0420363), (3.451685, -0.2153889, -2.8963075), (-3.4556262, 0, -2.8996146), (-3.3274314, 0, -3.0458689), (-3.1787417, 0, -3.2007372), (-3.0061893, 0, -3.3633232), (-2.8061433, 0, -3.531951), (-2.574917, 0, -3.703906), (-2.309131, 0, -3.8751817), (-2.0062668, 0, -4.0402985), (-1.6654041, 0, -4.19232), (-1.2880471, 0, -4.3231993), (-0.8788318, 0, -4.424565), (-0.4458069, 0, -4.488917), (0, 0, -4.5109997), (0.4458069, 0, -4.488917), (0.8788318, 0, -4.424565), (1.2880471, 0, -4.3231993), (1.6654041, 0, -4.19232), (2.0062668, 0, -4.0402985), (2.309131, 0, -3.8751817), (2.574917, 0, -3.703906), (2.8061433, 0, -3.531951), (3.0061893, 0, -3.3633232), (3.1787417, 0, -3.2007372), (3.3274314, 0, -3.0458689), (3.4556262, 0, -2.8996146), (-3.451685, 0.2153889, -2.8963075), (-3.3232446, 0.22622627, -3.0420363), (-3.1743257, 0.23769766, -3.1962907), (-3.001579, 0.24973573, -3.358165), (-2.8013985, 0.2622155, -3.5259788), (-2.57013, 0.27493528, -3.6970203), (-2.304433, 0.28759825, -3.867298), (-2.001831, 0.29979944, -4.031366), (-1.6614408, 0.31102714, -4.182343), (-1.2847881, 0.32068872, -4.312261), (-0.87650317, 0.3281685, -4.412841), (-0.44459116, 0.3329157, -4.4766755), (0, 0.33454445, -4.498577), (0.44459116, 0.3329157, -4.4766755), (0.87650317, 0.3281685, -4.412841), (1.2847881, 0.32068872, -4.312261), (1.6614408, 0.31102714, -4.182343), (2.001831, 0.29979944, -4.031366), (2.304433, 0.28759825, -3.867298), (2.57013, 0.27493528, -3.6970203), (2.8013985, 0.2622155, -3.5259788), (3.001579, 0.24973573, -3.358165), (3.1743257, 0.23769766, -3.1962907), (3.3232446, 0.22622627, -3.0420363), (3.451685, 0.2153889, -2.8963075), (-3.4399412, 0.42931214, -2.8864534), (-3.3107781, 0.45075524, -3.0306246), (-3.1611872, 0.47342765, -3.1830614), (-2.9878743, 0.49719092, -3.342832), (-2.7873073, 0.521793, -3.5082428), (-2.555928, 0.5468321, -3.6765914), (-2.2905102, 0.5717213, -3.8439324), (-1.9886987, 0.5956654, -4.004919), (-1.6497185, 0.6176654, -4.152835), (-1.2751578, 0.6365699, -4.2799377), (-0.8696268, 0.6511879, -4.378221), (-0.44100285, 0.6604574, -4.440544), (0, 0.66363627, -4.461917), (0.44100285, 0.6604574, -4.440544), (0.8696268, 0.6511879, -4.378221), (1.2751578, 0.6365699, -4.2799377), (1.6497185, 0.6176654, -4.152835), (1.9886987, 0.5956654, -4.004919), (2.2905102, 0.5717213, -3.8439324), (2.555928, 0.5468321, -3.6765914), (2.7873073, 0.521793, -3.5082428), (2.9878743, 0.49719092, -3.342832), (3.1611872, 0.47342765, -3.1830614), (3.3107781, 0.45075524, -3.0306246), (3.4399412, 0.42931214, -2.8864534), (-3.4206321, 0.6403535, -2.8702512), (-3.2903087, 0.6719526, -3.0118876), (-3.1396477, 0.7053028, -3.1613727), (-2.965444, 0.74018776, -3.3177373), (-2.764287, 0.7762253, -3.4792683), (-2.5327723, 0.81281704, -3.643283), (-2.2678556, 0.84909993, -3.8059134), (-1.9673742, 0.8839173, -3.961975), (-1.630721, 0.9158289, -4.105012), (-1.2595776, 0.9431882, -4.2276444), (-0.8585173, 0.96430343, -4.3222895), (-0.43521065, 0.97767425, -4.382221), (0, 0.98225635, -4.4027596), (0.43521065, 0.97767425, -4.382221), (0.8585173, 0.96430343, -4.3222895), (1.2595776, 0.9431882, -4.2276444), (1.630721, 0.9158289, -4.105012), (1.9673742, 0.8839173, -3.961975), (2.2678556, 0.84909993, -3.8059134), (2.5327723, 0.81281704, -3.643283), (2.764287, 0.7762253, -3.4792683), (2.965444, 0.74018776, -3.3177373), (3.1396477, 0.7053028, -3.1613727), (3.2903087, 0.6719526, -3.0118876), (3.4206321, 0.6403535, -2.8702512), (-3.3941374, 0.8471915, -2.8480196), (-3.262279, 0.8883045, -2.9862297), (-3.110219, 0.93158907, -3.1317403), (-2.9348738, 0.9767431, -3.2835355), (-2.7329965, 1.0232517, -3.4398844), (-2.501387, 1.0703263, -3.5981362), (-2.2372396, 1.1168494, -3.7545338), (-1.9386404, 1.1613433, -3.9041097), (-1.6051941, 1.2019904, -4.0407534), (-1.2386945, 1.2367342, -4.1575522), (-0.84365577, 1.2634809, -4.2474675), (-0.42747205, 1.2803866, -4.3043), (0, 1.2861744, -4.3237567), (0.42747205, 1.2803866, -4.3043), (0.84365577, 1.2634809, -4.2474675), (1.2386945, 1.2367342, -4.1575522), (1.6051941, 1.2019904, -4.0407534), (1.9386404, 1.1613433, -3.9041097), (2.2372396, 1.1168494, -3.7545338), (2.501387, 1.0703263, -3.5981362), (2.7329965, 1.0232517, -3.4398844), (2.9348738, 0.9767431, -3.2835355), (3.110219, 0.93158907, -3.1317403), (3.262279, 0.8883045, -2.9862297), (3.3941374, 0.8471915, -2.8480196), (-3.3609605, 1.048638, -2.820181), (-3.227272, 1.0984652, -2.9541848), (-3.0735705, 1.1507648, -3.0948381), (-2.8969243, 1.2051414, -3.2410774), (-2.6942842, 1.260947, -3.3911595), (-2.4626973, 1.3172143, -3.542483), (-2.1996393, 1.3725989, -3.691433), (-1.9034823, 1.4253525, -3.833307), (-1.5740699, 1.473355, -3.9624043), (-1.213311, 1.5142385, -4.0723553), (-0.82563555, 1.5456167, -4.156743), (-0.41810346, 1.5654067, -4.209965), (0, 1.5721742, -4.2281656), (0.41810346, 1.5654067, -4.209965), (0.82563555, 1.5456167, -4.156743), (1.213311, 1.5142385, -4.0723553), (1.5740699, 1.473355, -3.9624043), (1.9034823, 1.4253525, -3.833307), (2.1996393, 1.3725989, -3.691433), (2.4626973, 1.3172143, -3.542483), (2.6942842, 1.260947, -3.3911595), (2.8969243, 1.2051414, -3.2410774), (3.0735705, 1.1507648, -3.0948381), (3.227272, 1.0984652, -2.9541848), (3.3609605, 1.048638, -2.820181), (-3.3217025, 1.2436671, -2.7872393), (-3.185978, 1.301292, -2.916385), (-3.0304892, 1.361562, -3.0514588), (-2.852481, 1.4239833, -3.1913543), (-2.649131, 1.487778, -3.3343275), (-2.4177623, 1.5518159, -3.4778457), (-2.1561594, 1.6145602, -3.618465), (-1.8630022, 1.6740484, -3.7517865), (-1.5383798, 1.7279383, -3.8725617), (-1.1843078, 1.7736503, -3.975009), (-0.80510366, 1.8086164, -4.053373), (-0.40744823, 1.8306154, -4.102676), (0, 1.8381288, -4.1195145), (0.40744823, 1.8306154, -4.102676), (0.80510366, 1.8086164, -4.053373), (1.1843078, 1.7736503, -3.975009), (1.5383798, 1.7279383, -3.8725617), (1.8630022, 1.6740484, -3.7517865), (2.1561594, 1.6145602, -3.618465), (2.4177623, 1.5518159, -3.4778457), (2.649131, 1.487778, -3.3343275), (2.852481, 1.4239833, -3.1913543), (3.0304892, 1.361562, -3.0514588), (3.185978, 1.301292, -2.916385), (3.3217025, 1.2436671, -2.7872393), (-3.2770336, 1.4314332, -2.7497578), (-3.139161, 1.4958649, -2.8735297), (-2.9818377, 1.5629873, -3.0024707), (-2.8025043, 1.632207, -3.1354406), (-2.5985863, 1.7026235, -3.2707093), (-2.3677006, 1.7729651, -3.4058342), (-2.1079538, 1.8415406, -3.5375664), (-1.8183365, 1.9062318, -3.661837), (-1.4991755, 1.964554, -3.773873), (-1.1525733, 2.0138113, -3.8684955), (-0.78270674, 2.0513537, -3.9406137), (-0.39584792, 2.0749125, -3.9858701), (0, 2.0829477, -4.0013056), (0.39584792, 2.0749125, -3.9858701), (0.78270674, 2.0513537, -3.9406137), (1.1525733, 2.0138113, -3.8684955), (1.4991755, 1.964554, -3.773873), (1.8183365, 1.9062318, -3.661837), (2.1079538, 1.8415406, -3.5375664), (2.3677006, 1.7729651, -3.4058342), (2.5985863, 1.7026235, -3.2707093), (2.8025043, 1.632207, -3.1354406), (2.9818377, 1.5629873, -3.0024707), (3.139161, 1.4958649, -2.8735297), (3.2770336, 1.4314332, -2.7497578)]
                        color3f[] primvars:displayColor = [(0, 0.5, 0.45)] (
                            interpolation = "constant"
                        )
                        float[] primvars:displayOpacity = [0.3] (
                            interpolation = "constant"
                        )
                        uniform token purpose = "guide"
                        uniform token subdivisionScheme = "none"
                    }

                    def Mesh "Shell_recognise" (
                        prepend apiSchemas = ["AecoDerivedGeometryAPI", "MaterialBindingAPI"]
                    )
                    {
                        uniform token aeco:derived:approx = "tessellated"
                        uniform token aeco:derived:role = "coverage"
                        string aeco:derived:source = "1df38d7f-3bd3-5d3d-b760-abde2a162779"
                        string aeco:derived:stamp = "usdAecoCctv derive 0.5.3"
                        uniform bool doubleSided = 1
                        float3[] extent = [(-6.9112525, -4.1658955, -9.021999), (6.9112525, 4.1658955, 0)]
                        int[] faceVertexCounts = [4, 4, 4, 4, 4, 4, 4, 4, 4, 4, 4, 4, 4, 4, 4, 4, 4, 4, 4, 4, 4, 4, 4, 4, 4, 4, 4, 4, 4, 4, 4, 4, 4, 4, 4, 4, 4, 4, 4, 4, 4, 4, 4, 4, 4, 4, 4, 4, 4, 4, 4, 4, 4, 4, 4, 4, 4, 4, 4, 4, 4, 4, 4, 4, 4, 4, 4, 4, 4, 4, 4, 4, 4, 4, 4, 4, 4, 4, 4, 4, 4, 4, 4, 4, 4, 4, 4, 4, 4, 4, 4, 4, 4, 4, 4, 4, 4, 4, 4, 4, 4, 4, 4, 4, 4, 4, 4, 4, 4, 4, 4, 4, 4, 4, 4, 4, 4, 4, 4, 4, 4, 4, 4, 4, 4, 4, 4, 4, 4, 4, 4, 4, 4, 4, 4, 4, 4, 4, 4, 4, 4, 4, 4, 4, 4, 4, 4, 4, 4, 4, 4, 4, 4, 4, 4, 4, 4, 4, 4, 4, 4, 4, 4, 4, 4, 4, 4, 4, 4, 4, 4, 4, 4, 4, 4, 4, 4, 4, 4, 4, 4, 4, 4, 4, 4, 4, 4, 4, 4, 4, 4, 4, 4, 4, 4, 4, 4, 4, 4, 4, 4, 4, 4, 4, 4, 4, 4, 4, 4, 4, 4, 4, 4, 4, 4, 4, 4, 4, 4, 4, 4, 4, 4, 4, 4, 4, 4, 4, 4, 4, 4, 4, 4, 4, 4, 4, 4, 4, 4, 4, 4, 4, 4, 4, 4, 4, 4, 4, 4, 4, 4, 4, 4, 4, 4, 4, 4, 4, 4, 4, 4, 4, 4, 4, 4, 4, 4, 4, 4, 4, 4, 4, 4, 4, 4, 4, 4, 4, 4, 4, 4, 4, 4, 4, 4, 4, 4, 4, 4, 4, 4, 4, 4, 4, 4, 4, 4, 4, 4, 4, 4, 4, 4, 4, 4, 4, 4, 4, 4, 4, 4, 4, 4, 4, 4, 4, 4, 4, 4, 4, 4, 4, 4, 4, 4, 4, 4, 4, 4, 4, 4, 4, 4, 4, 4, 4, 3, 3, 3, 3, 3, 3, 3, 3, 3, 3, 3, 3, 3, 3, 3, 3, 3, 3, 3, 3, 3, 3, 3, 3, 3, 3, 3, 3, 3, 3, 3, 3, 3, 3, 3, 3, 3, 3, 3, 3, 3, 3, 3, 3, 3, 3, 3, 3, 3, 3, 3, 3, 3, 3, 3, 3, 3, 3, 3, 3, 3, 3, 3, 3, 3, 3, 3, 3, 3, 3, 3, 3, 3, 3, 3, 3]
                        int[] faceVertexIndices = [1, 26, 27, 2, 2, 27, 28, 3, 3, 28, 29, 4, 4, 29, 30, 5, 5, 30, 31, 6, 6, 31, 32, 7, 7, 32, 33, 8, 8, 33, 34, 9, 9, 34, 35, 10, 10, 35, 36, 11, 11, 36, 37, 12, 12, 37, 38, 13, 13, 38, 39, 14, 14, 39, 40, 15, 15, 40, 41, 16, 16, 41, 42, 17, 17, 42, 43, 18, 18, 43, 44, 19, 19, 44, 45, 20, 20, 45, 46, 21, 21, 46, 47, 22, 22, 47, 48, 23, 23, 48, 49, 24, 24, 49, 50, 25, 26, 51, 52, 27, 27, 52, 53, 28, 28, 53, 54, 29, 29, 54, 55, 30, 30, 55, 56, 31, 31, 56, 57, 32, 32, 57, 58, 33, 33, 58, 59, 34, 34, 59, 60, 35, 35, 60, 61, 36, 36, 61, 62, 37, 37, 62, 63, 38, 38, 63, 64, 39, 39, 64, 65, 40, 40, 65, 66, 41, 41, 66, 67, 42, 42, 67, 68, 43, 43, 68, 69, 44, 44, 69, 70, 45, 45, 70, 71, 46, 46, 71, 72, 47, 47, 72, 73, 48, 48, 73, 74, 49, 49, 74, 75, 50, 51, 76, 77, 52, 52, 77, 78, 53, 53, 78, 79, 54, 54, 79, 80, 55, 55, 80, 81, 56, 56, 81, 82, 57, 57, 82, 83, 58, 58, 83, 84, 59, 59, 84, 85, 60, 60, 85, 86, 61, 61, 86, 87, 62, 62, 87, 88, 63, 63, 88, 89, 64, 64, 89, 90, 65, 65, 90, 91, 66, 66, 91, 92, 67, 67, 92, 93, 68, 68, 93, 94, 69, 69, 94, 95, 70, 70, 95, 96, 71, 71, 96, 97, 72, 72, 97, 98, 73, 73, 98, 99, 74, 74, 99, 100, 75, 76, 101, 102, 77, 77, 102, 103, 78, 78, 103, 104, 79, 79, 104, 105, 80, 80, 105, 106, 81, 81, 106, 107, 82, 82, 107, 108, 83, 83, 108, 109, 84, 84, 109, 110, 85, 85, 110, 111, 86, 86, 111, 112, 87, 87, 112, 113, 88, 88, 113, 114, 89, 89, 114, 115, 90, 90, 115, 116, 91, 91, 116, 117, 92, 92, 117, 118, 93, 93, 118, 119, 94, 94, 119, 120, 95, 95, 120, 121, 96, 96, 121, 122, 97, 97, 122, 123, 98, 98, 123, 124, 99, 99, 124, 125, 100, 101, 126, 127, 102, 102, 127, 128, 103, 103, 128, 129, 104, 104, 129, 130, 105, 105, 130, 131, 106, 106, 131, 132, 107, 107, 132, 133, 108, 108, 133, 134, 109, 109, 134, 135, 110, 110, 135, 136, 111, 111, 136, 137, 112, 112, 137, 138, 113, 113, 138, 139, 114, 114, 139, 140, 115, 115, 140, 141, 116, 116, 141, 142, 117, 117, 142, 143, 118, 118, 143, 144, 119, 119, 144, 145, 120, 120, 145, 146, 121, 121, 146, 147, 122, 122, 147, 148, 123, 123, 148, 149, 124, 124, 149, 150, 125, 126, 151, 152, 127, 127, 152, 153, 128, 128, 153, 154, 129, 129, 154, 155, 130, 130, 155, 156, 131, 131, 156, 157, 132, 132, 157, 158, 133, 133, 158, 159, 134, 134, 159, 160, 135, 135, 160, 161, 136, 136, 161, 162, 137, 137, 162, 163, 138, 138, 163, 164, 139, 139, 164, 165, 140, 140, 165, 166, 141, 141, 166, 167, 142, 142, 167, 168, 143, 143, 168, 169, 144, 144, 169, 170, 145, 145, 170, 171, 146, 146, 171, 172, 147, 147, 172, 173, 148, 148, 173, 174, 149, 149, 174, 175, 150, 151, 176, 177, 152, 152, 177, 178, 153, 153, 178, 179, 154, 154, 179, 180, 155, 155, 180, 181, 156, 156, 181, 182, 157, 157, 182, 183, 158, 158, 183, 184, 159, 159, 184, 185, 160, 160, 185, 186, 161, 161, 186, 187, 162, 162, 187, 188, 163, 163, 188, 189, 164, 164, 189, 190, 165, 165, 190, 191, 166, 166, 191, 192, 167, 167, 192, 193, 168, 168, 193, 194, 169, 169, 194, 195, 170, 170, 195, 196, 171, 171, 196, 197, 172, 172, 197, 198, 173, 173, 198, 199, 174, 174, 199, 200, 175, 176, 201, 202, 177, 177, 202, 203, 178, 178, 203, 204, 179, 179, 204, 205, 180, 180, 205, 206, 181, 181, 206, 207, 182, 182, 207, 208, 183, 183, 208, 209, 184, 184, 209, 210, 185, 185, 210, 211, 186, 186, 211, 212, 187, 187, 212, 213, 188, 188, 213, 214, 189, 189, 214, 215, 190, 190, 215, 216, 191, 191, 216, 217, 192, 192, 217, 218, 193, 193, 218, 219, 194, 194, 219, 220, 195, 195, 220, 221, 196, 196, 221, 222, 197, 197, 222, 223, 198, 198, 223, 224, 199, 199, 224, 225, 200, 201, 226, 227, 202, 202, 227, 228, 203, 203, 228, 229, 204, 204, 229, 230, 205, 205, 230, 231, 206, 206, 231, 232, 207, 207, 232, 233, 208, 208, 233, 234, 209, 209, 234, 235, 210, 210, 235, 236, 211, 211, 236, 237, 212, 212, 237, 238, 213, 213, 238, 239, 214, 214, 239, 240, 215, 215, 240, 241, 216, 216, 241, 242, 217, 217, 242, 243, 218, 218, 243, 244, 219, 219, 244, 245, 220, 220, 245, 246, 221, 221, 246, 247, 222, 222, 247, 248, 223, 223, 248, 249, 224, 224, 249, 250, 225, 226, 251, 252, 227, 227, 252, 253, 228, 228, 253, 254, 229, 229, 254, 255, 230, 230, 255, 256, 231, 231, 256, 257, 232, 232, 257, 258, 233, 233, 258, 259, 234, 234, 259, 260, 235, 235, 260, 261, 236, 236, 261, 262, 237, 237, 262, 263, 238, 238, 263, 264, 239, 239, 264, 265, 240, 240, 265, 266, 241, 241, 266, 267, 242, 242, 267, 268, 243, 243, 268, 269, 244, 244, 269, 270, 245, 245, 270, 271, 246, 246, 271, 272, 247, 247, 272, 273, 248, 248, 273, 274, 249, 249, 274, 275, 250, 251, 276, 277, 252, 252, 277, 278, 253, 253, 278, 279, 254, 254, 279, 280, 255, 255, 280, 281, 256, 256, 281, 282, 257, 257, 282, 283, 258, 258, 283, 284, 259, 259, 284, 285, 260, 260, 285, 286, 261, 261, 286, 287, 262, 262, 287, 288, 263, 263, 288, 289, 264, 264, 289, 290, 265, 265, 290, 291, 266, 266, 291, 292, 267, 267, 292, 293, 268, 268, 293, 294, 269, 269, 294, 295, 270, 270, 295, 296, 271, 271, 296, 297, 272, 272, 297, 298, 273, 273, 298, 299, 274, 274, 299, 300, 275, 276, 301, 302, 277, 277, 302, 303, 278, 278, 303, 304, 279, 279, 304, 305, 280, 280, 305, 306, 281, 281, 306, 307, 282, 282, 307, 308, 283, 283, 308, 309, 284, 284, 309, 310, 285, 285, 310, 311, 286, 286, 311, 312, 287, 287, 312, 313, 288, 288, 313, 314, 289, 289, 314, 315, 290, 290, 315, 316, 291, 291, 316, 317, 292, 292, 317, 318, 293, 293, 318, 319, 294, 294, 319, 320, 295, 295, 320, 321, 296, 296, 321, 322, 297, 297, 322, 323, 298, 298, 323, 324, 299, 299, 324, 325, 300, 301, 326, 327, 302, 302, 327, 328, 303, 303, 328, 329, 304, 304, 329, 330, 305, 305, 330, 331, 306, 306, 331, 332, 307, 307, 332, 333, 308, 308, 333, 334, 309, 309, 334, 335, 310, 310, 335, 336, 311, 311, 336, 337, 312, 312, 337, 338, 313, 313, 338, 339, 314, 314, 339, 340, 315, 315, 340, 341, 316, 316, 341, 342, 317, 317, 342, 343, 318, 318, 343, 344, 319, 319, 344, 345, 320, 320, 345, 346, 321, 321, 346, 347, 322, 322, 347, 348, 323, 323, 348, 349, 324, 324, 349, 350, 325, 326, 351, 352, 327, 327, 352, 353, 328, 328, 353, 354, 329, 329, 354, 355, 330, 330, 355, 356, 331, 331, 356, 357, 332, 332, 357, 358, 333, 333, 358, 359, 334, 334, 359, 360, 335, 335, 360, 361, 336, 336, 361, 362, 337, 337, 362, 363, 338, 338, 363, 364, 339, 339, 364, 365, 340, 340, 365, 366, 341, 341, 366, 367, 342, 342, 367, 368, 343, 343, 368, 369, 344, 344, 369, 370, 345, 345, 370, 371, 346, 346, 371, 372, 347, 347, 372, 373, 348, 348, 373, 374, 349, 349, 374, 375, 350, 0, 1, 2, 0, 2, 3, 0, 3, 4, 0, 4, 5, 0, 5, 6, 0, 6, 7, 0, 7, 8, 0, 8, 9, 0, 9, 10, 0, 10, 11, 0, 11, 12, 0, 12, 13, 0, 13, 14, 0, 14, 15, 0, 15, 16, 0, 16, 17, 0, 17, 18, 0, 18, 19, 0, 19, 20, 0, 20, 21, 0, 21, 22, 0, 22, 23, 0, 23, 24, 0, 24, 25, 0, 352, 351, 0, 353, 352, 0, 354, 353, 0, 355, 354, 0, 356, 355, 0, 357, 356, 0, 358, 357, 0, 359, 358, 0, 360, 359, 0, 361, 360, 0, 362, 361, 0, 363, 362, 0, 364, 363, 0, 365, 364, 0, 366, 365, 0, 367, 366, 0, 368, 367, 0, 369, 368, 0, 370, 369, 0, 371, 370, 0, 372, 371, 0, 373, 372, 0, 374, 373, 0, 375, 374, 0, 26, 1, 0, 51, 26, 0, 76, 51, 0, 101, 76, 0, 126, 101, 0, 151, 126, 0, 176, 151, 0, 201, 176, 0, 226, 201, 0, 251, 226, 0, 276, 251, 0, 301, 276, 0, 326, 301, 0, 351, 326, 0, 25, 50, 0, 50, 75, 0, 75, 100, 0, 100, 125, 0, 125, 150, 0, 150, 175, 0, 175, 200, 0, 200, 225, 0, 225, 250, 0, 250, 275, 0, 275, 300, 0, 300, 325, 0, 325, 350, 0, 350, 375]
                        rel material:binding = </AecoCctvLooks/Shell_recognise>
                        point3f[] points = [(0, 0, 0), (-6.554067, -2.8628664, -5.4995155), (-6.278322, -2.9917297, -5.7470593), (-5.9636755, -3.1259747, -6.0049415), (-5.6050086, -3.264414, -6.270881), (-5.1971726, -3.405247, -6.5414186), (-4.735401, -3.5459301, -6.8116684), (-4.2159076, -3.6830812, -7.075133), (-3.636673, -3.8124635, -7.323674), (-2.998351, -3.929108, -7.547746), (-2.3051467, -4.0276227, -7.736991), (-1.5654135, -4.1027074, -7.8812275), (-0.79169583, -4.149825, -7.9717402), (0, -4.1658955, -8.002611), (0.79169583, -4.149825, -7.9717402), (1.5654135, -4.1027074, -7.8812275), (2.3051467, -4.0276227, -7.736991), (2.998351, -3.929108, -7.547746), (3.636673, -3.8124635, -7.323674), (4.2159076, -3.6830812, -7.075133), (4.735401, -3.5459301, -6.8116684), (5.1971726, -3.405247, -6.5414186), (5.6050086, -3.264414, -6.270881), (5.9636755, -3.1259747, -6.0049415), (6.278322, -2.9917297, -5.7470593), (6.554067, -2.8628664, -5.4995155), (-6.643405, -2.4873343, -5.5744786), (-6.371956, -2.602584, -5.83277), (-6.0609784, -2.723124, -6.1029177), (-5.704962, -2.8479667, -6.3827085), (-5.298262, -2.975556, -6.668655), (-4.8355246, -3.1036317, -6.9556913), (-4.312319, -3.2291205, -7.23693), (-3.7260044, -3.3480968, -7.503573), (-3.0767596, -3.4558766, -7.7451234), (-2.3686156, -3.5473006, -7.950018), (-1.6102073, -3.6172328, -8.106746), (-0.81489646, -3.6612308, -8.205352), (0, -3.6762576, -8.239029), (0.81489646, -3.6612308, -8.205352), (1.6102073, -3.6172328, -8.106746), (2.3686156, -3.5473006, -7.950018), (3.0767596, -3.4558766, -7.7451234), (3.7260044, -3.3480968, -7.503573), (4.312319, -3.2291205, -7.23693), (4.8355246, -3.1036317, -6.9556913), (5.298262, -2.975556, -6.668655), (5.704962, -2.8479667, -6.3827085), (6.0609784, -2.723124, -6.1029177), (6.371956, -2.602584, -5.83277), (6.643405, -2.4873343, -5.5744786), (-6.721921, -2.097276, -5.640362), (-6.454544, -2.1969304, -5.9083695), (-6.147141, -2.3015296, -6.1896763), (-5.7938485, -2.4102829, -6.482155), (-5.3885684, -2.521894, -6.782319), (-4.9253945, -2.6344285, -7.084966), (-4.3992786, -2.7451978, -7.382866), (-3.8069646, -2.850705, -7.666614), (-3.1481397, -2.94671, -7.9248085), (-2.426622, -3.028477, -8.144711), (-1.6512711, -3.0912335, -8.313486), (-0.8362069, -3.1308134, -8.41993), (0, -3.1443484, -8.456331), (0.8362069, -3.1308134, -8.41993), (1.6512711, -3.0912335, -8.313486), (2.426622, -3.028477, -8.144711), (3.1481397, -2.94671, -7.9248085), (3.8069646, -2.850705, -7.666614), (4.3992786, -2.7451978, -7.382866), (4.9253945, -2.6344285, -7.084966), (5.3885684, -2.521894, -6.782319), (5.7938485, -2.4102829, -6.482155), (6.147141, -2.3015296, -6.1896763), (6.454544, -2.1969304, -5.9083695), (6.721921, -2.097276, -5.640362), (-6.788275, -1.694383, -5.696039), (-6.524558, -1.776609, -5.9724593), (-6.220438, -1.8631781, -6.2634807), (-5.8697476, -1.9534862, -6.567071), (-5.465993, -2.0465033, -6.879769), (-5.002774, -2.1406527, -7.1962724), (-4.474479, -2.2336988, -7.5090675), (-3.8772807, -2.3226867, -7.8082194), (-3.2103882, -2.4039807, -8.081507), (-2.477389, -2.4734683, -8.3151045), (-1.6873115, -2.5269618, -8.494935), (-0.8549441, -2.5607731, -8.6086), (0, -2.5723488, -8.647513), (0.8549441, -2.5607731, -8.6086), (1.6873115, -2.5269618, -8.494935), (2.477389, -2.4734683, -8.3151045), (3.2103882, -2.4039807, -8.081507), (3.8772807, -2.3226867, -7.8082194), (4.474479, -2.2336988, -7.5090675), (5.002774, -2.1406527, -7.1962724), (5.465993, -2.0465033, -6.879769), (5.8697476, -1.9534862, -6.567071), (6.220438, -1.8631781, -6.2634807), (6.524558, -1.776609, -5.9724593), (6.788275, -1.694383, -5.696039), (-6.8412642, -1.280707, -5.7405024), (-6.5806174, -1.3439052, -6.023775), (-6.2792954, -1.4106055, -6.3227453), (-5.930888, -1.4803755, -6.6354747), (-5.528574, -1.5524507, -6.9585366), (-5.0655446, -1.6256341, -7.286566), (-4.5357113, -1.6981999, -7.611827), (-3.9347484, -1.7678345, -7.92395), (-3.261442, -1.8316578, -8.210024), (-2.5191553, -1.8863764, -8.455289), (-1.7170346, -1.9286069, -8.644579), (-0.8704213, -1.9553485, -8.764442), (0, -1.9645127, -8.805519), (0.8704213, -1.9553485, -8.764442), (1.7170346, -1.9286069, -8.644579), (2.5191553, -1.8863764, -8.455289), (3.261442, -1.8316578, -8.210024), (3.9347484, -1.7678345, -7.92395), (4.5357113, -1.6981999, -7.611827), (5.0655446, -1.6256341, -7.286566), (5.528574, -1.5524507, -6.9585366), (5.930888, -1.4803755, -6.6354747), (6.2792954, -1.4106055, -6.3227453), (6.5806174, -1.3439052, -6.023775), (6.8412642, -1.280707, -5.7405024), (-6.8798823, -0.8586243, -5.772907), (-6.6215563, -0.9015105, -6.0612493), (-6.3223743, -0.9468553, -6.3661227), (-5.9757485, -0.99438184, -6.685664), (-5.5746145, -1.043586, -7.0164857), (-5.111856, -1.0936642, -7.353183), (-4.5810204, -1.1434426, -7.687865), (-3.9773974, -1.1913308, -8.009838), (-3.299437, -1.2353308, -8.30567), (-2.5503156, -1.2731398, -8.5598755), (-1.7392536, -1.3023758, -8.756442), (-0.8820057, -1.3209147, -8.881088), (0, -1.3272725, -8.923834), (0.8820057, -1.3209147, -8.881088), (1.7392536, -1.3023758, -8.756442), (2.5503156, -1.2731398, -8.5598755), (3.299437, -1.2353308, -8.30567), (3.9773974, -1.1913308, -8.009838), (4.5810204, -1.1434426, -7.687865), (5.111856, -1.0936642, -7.353183), (5.5746145, -1.043586, -7.0164857), (5.9757485, -0.99438184, -6.685664), (6.3223743, -0.9468553, -6.3661227), (6.6215563, -0.9015105, -6.0612493), (6.8798823, -0.8586243, -5.772907), (-6.90337, -0.4307778, -5.792615), (-6.646489, -0.45245254, -6.0840726), (-6.3486514, -0.47539532, -6.3925815), (-6.003158, -0.49947146, -6.71633), (-5.602797, -0.524431, -7.0519576), (-5.14026, -0.54987055, -7.3940406), (-4.608866, -0.5751965, -7.734596), (-4.003662, -0.5995989, -8.062732), (-3.3228817, -0.6220543, -8.364686), (-2.5695763, -0.64137745, -8.624522), (-1.7530063, -0.656337, -8.825682), (-0.8891823, -0.6658314, -8.953351), (0, -0.6690889, -8.997154), (0.8891823, -0.6658314, -8.953351), (1.7530063, -0.656337, -8.825682), (2.5695763, -0.64137745, -8.624522), (3.3228817, -0.6220543, -8.364686), (4.003662, -0.5995989, -8.062732), (4.608866, -0.5751965, -7.734596), (5.14026, -0.54987055, -7.3940406), (5.602797, -0.524431, -7.0519576), (6.003158, -0.49947146, -6.71633), (6.3486514, -0.47539532, -6.3925815), (6.646489, -0.45245254, -6.0840726), (6.90337, -0.4307778, -5.792615), (-6.9112525, 0, -5.799229), (-6.654863, 0, -6.0917377), (-6.3574834, 0, -6.4014745), (-6.0123787, 0, -6.7266464), (-5.6122866, 0, -7.063902), (-5.149834, 0, -7.407812), (-4.618262, 0, -7.7503633), (-4.0125337, 0, -8.080597), (-3.3308082, 0, -8.38464), (-2.5760942, 0, -8.646399), (-1.7576636, 0, -8.84913), (-0.8916138, 0, -8.977834), (0, 0, -9.021999), (0.8916138, 0, -8.977834), (1.7576636, 0, -8.84913), (2.5760942, 0, -8.646399), (3.3308082, 0, -8.38464), (4.0125337, 0, -8.080597), (4.618262, 0, -7.7503633), (5.149834, 0, -7.407812), (5.6122866, 0, -7.063902), (6.0123787, 0, -6.7266464), (6.3574834, 0, -6.4014745), (6.654863, 0, -6.0917377), (6.9112525, 0, -5.799229), (-6.90337, 0.4307778, -5.792615), (-6.646489, 0.45245254, -6.0840726), (-6.3486514, 0.47539532, -6.3925815), (-6.003158, 0.49947146, -6.71633), (-5.602797, 0.524431, -7.0519576), (-5.14026, 0.54987055, -7.3940406), (-4.608866, 0.5751965, -7.734596), (-4.003662, 0.5995989, -8.062732), (-3.3228817, 0.6220543, -8.364686), (-2.5695763, 0.64137745, -8.624522), (-1.7530063, 0.656337, -8.825682), (-0.8891823, 0.6658314, -8.953351), (0, 0.6690889, -8.997154), (0.8891823, 0.6658314, -8.953351), (1.7530063, 0.656337, -8.825682), (2.5695763, 0.64137745, -8.624522), (3.3228817, 0.6220543, -8.364686), (4.003662, 0.5995989, -8.062732), (4.608866, 0.5751965, -7.734596), (5.14026, 0.54987055, -7.3940406), (5.602797, 0.524431, -7.0519576), (6.003158, 0.49947146, -6.71633), (6.3486514, 0.47539532, -6.3925815), (6.646489, 0.45245254, -6.0840726), (6.90337, 0.4307778, -5.792615), (-6.8798823, 0.8586243, -5.772907), (-6.6215563, 0.9015105, -6.0612493), (-6.3223743, 0.9468553, -6.3661227), (-5.9757485, 0.99438184, -6.685664), (-5.5746145, 1.043586, -7.0164857), (-5.111856, 1.0936642, -7.353183), (-4.5810204, 1.1434426, -7.687865), (-3.9773974, 1.1913308, -8.009838), (-3.299437, 1.2353308, -8.30567), (-2.5503156, 1.2731398, -8.5598755), (-1.7392536, 1.3023758, -8.756442), (-0.8820057, 1.3209147, -8.881088), (0, 1.3272725, -8.923834), (0.8820057, 1.3209147, -8.881088), (1.7392536, 1.3023758, -8.756442), (2.5503156, 1.2731398, -8.5598755), (3.299437, 1.2353308, -8.30567), (3.9773974, 1.1913308, -8.009838), (4.5810204, 1.1434426, -7.687865), (5.111856, 1.0936642, -7.353183), (5.5746145, 1.043586, -7.0164857), (5.9757485, 0.99438184, -6.685664), (6.3223743, 0.9468553, -6.3661227), (6.6215563, 0.9015105, -6.0612493), (6.8798823, 0.8586243, -5.772907), (-6.8412642, 1.280707, -5.7405024), (-6.5806174, 1.3439052, -6.023775), (-6.2792954, 1.4106055, -6.3227453), (-5.930888, 1.4803755, -6.6354747), (-5.528574, 1.5524507, -6.9585366), (-5.0655446, 1.6256341, -7.286566), (-4.5357113, 1.6981999, -7.611827), (-3.9347484, 1.7678345, -7.92395), (-3.261442, 1.8316578, -8.210024), (-2.5191553, 1.8863764, -8.455289), (-1.7170346, 1.9286069, -8.644579), (-0.8704213, 1.9553485, -8.764442), (0, 1.9645127, -8.805519), (0.8704213, 1.9553485, -8.764442), (1.7170346, 1.9286069, -8.644579), (2.5191553, 1.8863764, -8.455289), (3.261442, 1.8316578, -8.210024), (3.9347484, 1.7678345, -7.92395), (4.5357113, 1.6981999, -7.611827), (5.0655446, 1.6256341, -7.286566), (5.528574, 1.5524507, -6.9585366), (5.930888, 1.4803755, -6.6354747), (6.2792954, 1.4106055, -6.3227453), (6.5806174, 1.3439052, -6.023775), (6.8412642, 1.280707, -5.7405024), (-6.788275, 1.694383, -5.696039), (-6.524558, 1.776609, -5.9724593), (-6.220438, 1.8631781, -6.2634807), (-5.8697476, 1.9534862, -6.567071), (-5.465993, 2.0465033, -6.879769), (-5.002774, 2.1406527, -7.1962724), (-4.474479, 2.2336988, -7.5090675), (-3.8772807, 2.3226867, -7.8082194), (-3.2103882, 2.4039807, -8.081507), (-2.477389, 2.4734683, -8.3151045), (-1.6873115, 2.5269618, -8.494935), (-0.8549441, 2.5607731, -8.6086), (0, 2.5723488, -8.647513), (0.8549441, 2.5607731, -8.6086), (1.6873115, 2.5269618, -8.494935), (2.477389, 2.4734683, -8.3151045), (3.2103882, 2.4039807, -8.081507), (3.8772807, 2.3226867, -7.8082194), (4.474479, 2.2336988, -7.5090675), (5.002774, 2.1406527, -7.1962724), (5.465993, 2.0465033, -6.879769), (5.8697476, 1.9534862, -6.567071), (6.220438, 1.8631781, -6.2634807), (6.524558, 1.776609, -5.9724593), (6.788275, 1.694383, -5.696039), (-6.721921, 2.097276, -5.640362), (-6.454544, 2.1969304, -5.9083695), (-6.147141, 2.3015296, -6.1896763), (-5.7938485, 2.4102829, -6.482155), (-5.3885684, 2.521894, -6.782319), (-4.9253945, 2.6344285, -7.084966), (-4.3992786, 2.7451978, -7.382866), (-3.8069646, 2.850705, -7.666614), (-3.1481397, 2.94671, -7.9248085), (-2.426622, 3.028477, -8.144711), (-1.6512711, 3.0912335, -8.313486), (-0.8362069, 3.1308134, -8.41993), (0, 3.1443484, -8.456331), (0.8362069, 3.1308134, -8.41993), (1.6512711, 3.0912335, -8.313486), (2.426622, 3.028477, -8.144711), (3.1481397, 2.94671, -7.9248085), (3.8069646, 2.850705, -7.666614), (4.3992786, 2.7451978, -7.382866), (4.9253945, 2.6344285, -7.084966), (5.3885684, 2.521894, -6.782319), (5.7938485, 2.4102829, -6.482155), (6.147141, 2.3015296, -6.1896763), (6.454544, 2.1969304, -5.9083695), (6.721921, 2.097276, -5.640362), (-6.643405, 2.4873343, -5.5744786), (-6.371956, 2.602584, -5.83277), (-6.0609784, 2.723124, -6.1029177), (-5.704962, 2.8479667, -6.3827085), (-5.298262, 2.975556, -6.668655), (-4.8355246, 3.1036317, -6.9556913), (-4.312319, 3.2291205, -7.23693), (-3.7260044, 3.3480968, -7.503573), (-3.0767596, 3.4558766, -7.7451234), (-2.3686156, 3.5473006, -7.950018), (-1.6102073, 3.6172328, -8.106746), (-0.81489646, 3.6612308, -8.205352), (0, 3.6762576, -8.239029), (0.81489646, 3.6612308, -8.205352), (1.6102073, 3.6172328, -8.106746), (2.3686156, 3.5473006, -7.950018), (3.0767596, 3.4558766, -7.7451234), (3.7260044, 3.3480968, -7.503573), (4.312319, 3.2291205, -7.23693), (4.8355246, 3.1036317, -6.9556913), (5.298262, 2.975556, -6.668655), (5.704962, 2.8479667, -6.3827085), (6.0609784, 2.723124, -6.1029177), (6.371956, 2.602584, -5.83277), (6.643405, 2.4873343, -5.5744786), (-6.554067, 2.8628664, -5.4995155), (-6.278322, 2.9917297, -5.7470593), (-5.9636755, 3.1259747, -6.0049415), (-5.6050086, 3.264414, -6.270881), (-5.1971726, 3.405247, -6.5414186), (-4.735401, 3.5459301, -6.8116684), (-4.2159076, 3.6830812, -7.075133), (-3.636673, 3.8124635, -7.323674), (-2.998351, 3.929108, -7.547746), (-2.3051467, 4.0276227, -7.736991), (-1.5654135, 4.1027074, -7.8812275), (-0.79169583, 4.149825, -7.9717402), (0, 4.1658955, -8.002611), (0.79169583, 4.149825, -7.9717402), (1.5654135, 4.1027074, -7.8812275), (2.3051467, 4.0276227, -7.736991), (2.998351, 3.929108, -7.547746), (3.636673, 3.8124635, -7.323674), (4.2159076, 3.6830812, -7.075133), (4.735401, 3.5459301, -6.8116684), (5.1971726, 3.405247, -6.5414186), (5.6050086, 3.264414, -6.270881), (5.9636755, 3.1259747, -6.0049415), (6.278322, 2.9917297, -5.7470593), (6.554067, 2.8628664, -5.4995155)]
                        color3f[] primvars:displayColor = [(0.18333334, 0.6166667, 0.56666666)] (
                            interpolation = "constant"
                        )
                        float[] primvars:displayOpacity = [0.3] (
                            interpolation = "constant"
                        )
                        uniform token purpose = "guide"
                        uniform token subdivisionScheme = "none"
                    }

                    def Mesh "Shell_observe" (
                        prepend apiSchemas = ["AecoDerivedGeometryAPI", "MaterialBindingAPI"]
                    )
                    {
                        uniform token aeco:derived:approx = "tessellated"
                        uniform token aeco:derived:role = "coverage"
                        string aeco:derived:source = "1df38d7f-3bd3-5d3d-b760-abde2a162779"
                        string aeco:derived:stamp = "usdAecoCctv derive 0.5.3"
                        uniform bool doubleSided = 1
                        float3[] extent = [(-13.822505, -8.331791, -18.043999), (13.822505, 8.331791, 0)]
                        int[] faceVertexCounts = [4, 4, 4, 4, 4, 4, 4, 4, 4, 4, 4, 4, 4, 4, 4, 4, 4, 4, 4, 4, 4, 4, 4, 4, 4, 4, 4, 4, 4, 4, 4, 4, 4, 4, 4, 4, 4, 4, 4, 4, 4, 4, 4, 4, 4, 4, 4, 4, 4, 4, 4, 4, 4, 4, 4, 4, 4, 4, 4, 4, 4, 4, 4, 4, 4, 4, 4, 4, 4, 4, 4, 4, 4, 4, 4, 4, 4, 4, 4, 4, 4, 4, 4, 4, 4, 4, 4, 4, 4, 4, 4, 4, 4, 4, 4, 4, 4, 4, 4, 4, 4, 4, 4, 4, 4, 4, 4, 4, 4, 4, 4, 4, 4, 4, 4, 4, 4, 4, 4, 4, 4, 4, 4, 4, 4, 4, 4, 4, 4, 4, 4, 4, 4, 4, 4, 4, 4, 4, 4, 4, 4, 4, 4, 4, 4, 4, 4, 4, 4, 4, 4, 4, 4, 4, 4, 4, 4, 4, 4, 4, 4, 4, 4, 4, 4, 4, 4, 4, 4, 4, 4, 4, 4, 4, 4, 4, 4, 4, 4, 4, 4, 4, 4, 4, 4, 4, 4, 4, 4, 4, 4, 4, 4, 4, 4, 4, 4, 4, 4, 4, 4, 4, 4, 4, 4, 4, 4, 4, 4, 4, 4, 4, 4, 4, 4, 4, 4, 4, 4, 4, 4, 4, 4, 4, 4, 4, 4, 4, 4, 4, 4, 4, 4, 4, 4, 4, 4, 4, 4, 4, 4, 4, 4, 4, 4, 4, 4, 4, 4, 4, 4, 4, 4, 4, 4, 4, 4, 4, 4, 4, 4, 4, 4, 4, 4, 4, 4, 4, 4, 4, 4, 4, 4, 4, 4, 4, 4, 4, 4, 4, 4, 4, 4, 4, 4, 4, 4, 4, 4, 4, 4, 4, 4, 4, 4, 4, 4, 4, 4, 4, 4, 4, 4, 4, 4, 4, 4, 4, 4, 4, 4, 4, 4, 4, 4, 4, 4, 4, 4, 4, 4, 4, 4, 4, 4, 4, 4, 4, 4, 4, 4, 4, 4, 4, 4, 4, 3, 3, 3, 3, 3, 3, 3, 3, 3, 3, 3, 3, 3, 3, 3, 3, 3, 3, 3, 3, 3, 3, 3, 3, 3, 3, 3, 3, 3, 3, 3, 3, 3, 3, 3, 3, 3, 3, 3, 3, 3, 3, 3, 3, 3, 3, 3, 3, 3, 3, 3, 3, 3, 3, 3, 3, 3, 3, 3, 3, 3, 3, 3, 3, 3, 3, 3, 3, 3, 3, 3, 3, 3, 3, 3, 3]
                        int[] faceVertexIndices = [1, 26, 27, 2, 2, 27, 28, 3, 3, 28, 29, 4, 4, 29, 30, 5, 5, 30, 31, 6, 6, 31, 32, 7, 7, 32, 33, 8, 8, 33, 34, 9, 9, 34, 35, 10, 10, 35, 36, 11, 11, 36, 37, 12, 12, 37, 38, 13, 13, 38, 39, 14, 14, 39, 40, 15, 15, 40, 41, 16, 16, 41, 42, 17, 17, 42, 43, 18, 18, 43, 44, 19, 19, 44, 45, 20, 20, 45, 46, 21, 21, 46, 47, 22, 22, 47, 48, 23, 23, 48, 49, 24, 24, 49, 50, 25, 26, 51, 52, 27, 27, 52, 53, 28, 28, 53, 54, 29, 29, 54, 55, 30, 30, 55, 56, 31, 31, 56, 57, 32, 32, 57, 58, 33, 33, 58, 59, 34, 34, 59, 60, 35, 35, 60, 61, 36, 36, 61, 62, 37, 37, 62, 63, 38, 38, 63, 64, 39, 39, 64, 65, 40, 40, 65, 66, 41, 41, 66, 67, 42, 42, 67, 68, 43, 43, 68, 69, 44, 44, 69, 70, 45, 45, 70, 71, 46, 46, 71, 72, 47, 47, 72, 73, 48, 48, 73, 74, 49, 49, 74, 75, 50, 51, 76, 77, 52, 52, 77, 78, 53, 53, 78, 79, 54, 54, 79, 80, 55, 55, 80, 81, 56, 56, 81, 82, 57, 57, 82, 83, 58, 58, 83, 84, 59, 59, 84, 85, 60, 60, 85, 86, 61, 61, 86, 87, 62, 62, 87, 88, 63, 63, 88, 89, 64, 64, 89, 90, 65, 65, 90, 91, 66, 66, 91, 92, 67, 67, 92, 93, 68, 68, 93, 94, 69, 69, 94, 95, 70, 70, 95, 96, 71, 71, 96, 97, 72, 72, 97, 98, 73, 73, 98, 99, 74, 74, 99, 100, 75, 76, 101, 102, 77, 77, 102, 103, 78, 78, 103, 104, 79, 79, 104, 105, 80, 80, 105, 106, 81, 81, 106, 107, 82, 82, 107, 108, 83, 83, 108, 109, 84, 84, 109, 110, 85, 85, 110, 111, 86, 86, 111, 112, 87, 87, 112, 113, 88, 88, 113, 114, 89, 89, 114, 115, 90, 90, 115, 116, 91, 91, 116, 117, 92, 92, 117, 118, 93, 93, 118, 119, 94, 94, 119, 120, 95, 95, 120, 121, 96, 96, 121, 122, 97, 97, 122, 123, 98, 98, 123, 124, 99, 99, 124, 125, 100, 101, 126, 127, 102, 102, 127, 128, 103, 103, 128, 129, 104, 104, 129, 130, 105, 105, 130, 131, 106, 106, 131, 132, 107, 107, 132, 133, 108, 108, 133, 134, 109, 109, 134, 135, 110, 110, 135, 136, 111, 111, 136, 137, 112, 112, 137, 138, 113, 113, 138, 139, 114, 114, 139, 140, 115, 115, 140, 141, 116, 116, 141, 142, 117, 117, 142, 143, 118, 118, 143, 144, 119, 119, 144, 145, 120, 120, 145, 146, 121, 121, 146, 147, 122, 122, 147, 148, 123, 123, 148, 149, 124, 124, 149, 150, 125, 126, 151, 152, 127, 127, 152, 153, 128, 128, 153, 154, 129, 129, 154, 155, 130, 130, 155, 156, 131, 131, 156, 157, 132, 132, 157, 158, 133, 133, 158, 159, 134, 134, 159, 160, 135, 135, 160, 161, 136, 136, 161, 162, 137, 137, 162, 163, 138, 138, 163, 164, 139, 139, 164, 165, 140, 140, 165, 166, 141, 141, 166, 167, 142, 142, 167, 168, 143, 143, 168, 169, 144, 144, 169, 170, 145, 145, 170, 171, 146, 146, 171, 172, 147, 147, 172, 173, 148, 148, 173, 174, 149, 149, 174, 175, 150, 151, 176, 177, 152, 152, 177, 178, 153, 153, 178, 179, 154, 154, 179, 180, 155, 155, 180, 181, 156, 156, 181, 182, 157, 157, 182, 183, 158, 158, 183, 184, 159, 159, 184, 185, 160, 160, 185, 186, 161, 161, 186, 187, 162, 162, 187, 188, 163, 163, 188, 189, 164, 164, 189, 190, 165, 165, 190, 191, 166, 166, 191, 192, 167, 167, 192, 193, 168, 168, 193, 194, 169, 169, 194, 195, 170, 170, 195, 196, 171, 171, 196, 197, 172, 172, 197, 198, 173, 173, 198, 199, 174, 174, 199, 200, 175, 176, 201, 202, 177, 177, 202, 203, 178, 178, 203, 204, 179, 179, 204, 205, 180, 180, 205, 206, 181, 181, 206, 207, 182, 182, 207, 208, 183, 183, 208, 209, 184, 184, 209, 210, 185, 185, 210, 211, 186, 186, 211, 212, 187, 187, 212, 213, 188, 188, 213, 214, 189, 189, 214, 215, 190, 190, 215, 216, 191, 191, 216, 217, 192, 192, 217, 218, 193, 193, 218, 219, 194, 194, 219, 220, 195, 195, 220, 221, 196, 196, 221, 222, 197, 197, 222, 223, 198, 198, 223, 224, 199, 199, 224, 225, 200, 201, 226, 227, 202, 202, 227, 228, 203, 203, 228, 229, 204, 204, 229, 230, 205, 205, 230, 231, 206, 206, 231, 232, 207, 207, 232, 233, 208, 208, 233, 234, 209, 209, 234, 235, 210, 210, 235, 236, 211, 211, 236, 237, 212, 212, 237, 238, 213, 213, 238, 239, 214, 214, 239, 240, 215, 215, 240, 241, 216, 216, 241, 242, 217, 217, 242, 243, 218, 218, 243, 244, 219, 219, 244, 245, 220, 220, 245, 246, 221, 221, 246, 247, 222, 222, 247, 248, 223, 223, 248, 249, 224, 224, 249, 250, 225, 226, 251, 252, 227, 227, 252, 253, 228, 228, 253, 254, 229, 229, 254, 255, 230, 230, 255, 256, 231, 231, 256, 257, 232, 232, 257, 258, 233, 233, 258, 259, 234, 234, 259, 260, 235, 235, 260, 261, 236, 236, 261, 262, 237, 237, 262, 263, 238, 238, 263, 264, 239, 239, 264, 265, 240, 240, 265, 266, 241, 241, 266, 267, 242, 242, 267, 268, 243, 243, 268, 269, 244, 244, 269, 270, 245, 245, 270, 271, 246, 246, 271, 272, 247, 247, 272, 273, 248, 248, 273, 274, 249, 249, 274, 275, 250, 251, 276, 277, 252, 252, 277, 278, 253, 253, 278, 279, 254, 254, 279, 280, 255, 255, 280, 281, 256, 256, 281, 282, 257, 257, 282, 283, 258, 258, 283, 284, 259, 259, 284, 285, 260, 260, 285, 286, 261, 261, 286, 287, 262, 262, 287, 288, 263, 263, 288, 289, 264, 264, 289, 290, 265, 265, 290, 291, 266, 266, 291, 292, 267, 267, 292, 293, 268, 268, 293, 294, 269, 269, 294, 295, 270, 270, 295, 296, 271, 271, 296, 297, 272, 272, 297, 298, 273, 273, 298, 299, 274, 274, 299, 300, 275, 276, 301, 302, 277, 277, 302, 303, 278, 278, 303, 304, 279, 279, 304, 305, 280, 280, 305, 306, 281, 281, 306, 307, 282, 282, 307, 308, 283, 283, 308, 309, 284, 284, 309, 310, 285, 285, 310, 311, 286, 286, 311, 312, 287, 287, 312, 313, 288, 288, 313, 314, 289, 289, 314, 315, 290, 290, 315, 316, 291, 291, 316, 317, 292, 292, 317, 318, 293, 293, 318, 319, 294, 294, 319, 320, 295, 295, 320, 321, 296, 296, 321, 322, 297, 297, 322, 323, 298, 298, 323, 324, 299, 299, 324, 325, 300, 301, 326, 327, 302, 302, 327, 328, 303, 303, 328, 329, 304, 304, 329, 330, 305, 305, 330, 331, 306, 306, 331, 332, 307, 307, 332, 333, 308, 308, 333, 334, 309, 309, 334, 335, 310, 310, 335, 336, 311, 311, 336, 337, 312, 312, 337, 338, 313, 313, 338, 339, 314, 314, 339, 340, 315, 315, 340, 341, 316, 316, 341, 342, 317, 317, 342, 343, 318, 318, 343, 344, 319, 319, 344, 345, 320, 320, 345, 346, 321, 321, 346, 347, 322, 322, 347, 348, 323, 323, 348, 349, 324, 324, 349, 350, 325, 326, 351, 352, 327, 327, 352, 353, 328, 328, 353, 354, 329, 329, 354, 355, 330, 330, 355, 356, 331, 331, 356, 357, 332, 332, 357, 358, 333, 333, 358, 359, 334, 334, 359, 360, 335, 335, 360, 361, 336, 336, 361, 362, 337, 337, 362, 363, 338, 338, 363, 364, 339, 339, 364, 365, 340, 340, 365, 366, 341, 341, 366, 367, 342, 342, 367, 368, 343, 343, 368, 369, 344, 344, 369, 370, 345, 345, 370, 371, 346, 346, 371, 372, 347, 347, 372, 373, 348, 348, 373, 374, 349, 349, 374, 375, 350, 0, 1, 2, 0, 2, 3, 0, 3, 4, 0, 4, 5, 0, 5, 6, 0, 6, 7, 0, 7, 8, 0, 8, 9, 0, 9, 10, 0, 10, 11, 0, 11, 12, 0, 12, 13, 0, 13, 14, 0, 14, 15, 0, 15, 16, 0, 16, 17, 0, 17, 18, 0, 18, 19, 0, 19, 20, 0, 20, 21, 0, 21, 22, 0, 22, 23, 0, 23, 24, 0, 24, 25, 0, 352, 351, 0, 353, 352, 0, 354, 353, 0, 355, 354, 0, 356, 355, 0, 357, 356, 0, 358, 357, 0, 359, 358, 0, 360, 359, 0, 361, 360, 0, 362, 361, 0, 363, 362, 0, 364, 363, 0, 365, 364, 0, 366, 365, 0, 367, 366, 0, 368, 367, 0, 369, 368, 0, 370, 369, 0, 371, 370, 0, 372, 371, 0, 373, 372, 0, 374, 373, 0, 375, 374, 0, 26, 1, 0, 51, 26, 0, 76, 51, 0, 101, 76, 0, 126, 101, 0, 151, 126, 0, 176, 151, 0, 201, 176, 0, 226, 201, 0, 251, 226, 0, 276, 251, 0, 301, 276, 0, 326, 301, 0, 351, 326, 0, 25, 50, 0, 50, 75, 0, 75, 100, 0, 100, 125, 0, 125, 150, 0, 150, 175, 0, 175, 200, 0, 200, 225, 0, 225, 250, 0, 250, 275, 0, 275, 300, 0, 300, 325, 0, 325, 350, 0, 350, 375]
                        rel material:binding = </AecoCctvLooks/Shell_observe>
                        point3f[] points = [(0, 0, 0), (-13.108134, -5.725733, -10.999031), (-12.556644, -5.9834595, -11.494119), (-11.927351, -6.2519493, -12.009883), (-11.210017, -6.528828, -12.541762), (-10.394345, -6.810494, -13.082837), (-9.470802, -7.0918603, -13.623337), (-8.431815, -7.3661623, -14.150266), (-7.273346, -7.624927, -14.647348), (-5.996702, -7.858216, -15.095492), (-4.6102934, -8.055245, -15.473982), (-3.130827, -8.205415, -15.762455), (-1.5833917, -8.29965, -15.9434805), (0, -8.331791, -16.005222), (1.5833917, -8.29965, -15.9434805), (3.130827, -8.205415, -15.762455), (4.6102934, -8.055245, -15.473982), (5.996702, -7.858216, -15.095492), (7.273346, -7.624927, -14.647348), (8.431815, -7.3661623, -14.150266), (9.470802, -7.0918603, -13.623337), (10.394345, -6.810494, -13.082837), (11.210017, -6.528828, -12.541762), (11.927351, -6.2519493, -12.009883), (12.556644, -5.9834595, -11.494119), (13.108134, -5.725733, -10.999031), (-13.28681, -4.9746685, -11.148957), (-12.743912, -5.205168, -11.66554), (-12.121957, -5.446248, -12.205835), (-11.409924, -5.6959333, -12.765417), (-10.596524, -5.951112, -13.33731), (-9.671049, -6.2072635, -13.911383), (-8.624638, -6.458241, -14.47386), (-7.4520087, -6.6961937, -15.007146), (-6.153519, -6.911753, -15.490247), (-4.7372313, -7.094601, -15.900036), (-3.2204146, -7.2344656, -16.213491), (-1.6297929, -7.3224616, -16.410704), (0, -7.352515, -16.478058), (1.6297929, -7.3224616, -16.410704), (3.2204146, -7.2344656, -16.213491), (4.7372313, -7.094601, -15.900036), (6.153519, -6.911753, -15.490247), (7.4520087, -6.6961937, -15.007146), (8.624638, -6.458241, -14.47386), (9.671049, -6.2072635, -13.911383), (10.596524, -5.951112, -13.33731), (11.409924, -5.6959333, -12.765417), (12.121957, -5.446248, -12.205835), (12.743912, -5.205168, -11.66554), (13.28681, -4.9746685, -11.148957), (-13.443842, -4.194552, -11.280724), (-12.909088, -4.393861, -11.816739), (-12.294282, -4.6030593, -12.379353), (-11.587697, -4.8205657, -12.96431), (-10.777137, -5.043788, -13.564638), (-9.850789, -5.268857, -14.169932), (-8.798557, -5.4903955, -14.765732), (-7.6139293, -5.70141, -15.333228), (-6.2962794, -5.89342, -15.849617), (-4.853244, -6.056954, -16.289421), (-3.3025422, -6.182467, -16.626972), (-1.6724138, -6.2616267, -16.83986), (0, -6.288697, -16.912663), (1.6724138, -6.2616267, -16.83986), (3.3025422, -6.182467, -16.626972), (4.853244, -6.056954, -16.289421), (6.2962794, -5.89342, -15.849617), (7.6139293, -5.70141, -15.333228), (8.798557, -5.4903955, -14.765732), (9.850789, -5.268857, -14.169932), (10.777137, -5.043788, -13.564638), (11.587697, -4.8205657, -12.96431), (12.294282, -4.6030593, -12.379353), (12.909088, -4.393861, -11.816739), (13.443842, -4.194552, -11.280724), (-13.57655, -3.388766, -11.392078), (-13.049116, -3.553218, -11.944919), (-12.440876, -3.7263563, -12.526961), (-11.739495, -3.9069724, -13.134142), (-10.931986, -4.0930066, -13.759538), (-10.005548, -4.2813053, -14.392545), (-8.948958, -4.4673977, -15.018135), (-7.7545614, -4.6453733, -15.616439), (-6.4207764, -4.8079615, -16.163013), (-4.954778, -4.9469366, -16.630209), (-3.374623, -5.0539236, -16.98987), (-1.7098882, -5.1215463, -17.2172), (0, -5.1446977, -17.295027), (1.7098882, -5.1215463, -17.2172), (3.374623, -5.0539236, -16.98987), (4.954778, -4.9469366, -16.630209), (6.4207764, -4.8079615, -16.163013), (7.7545614, -4.6453733, -15.616439), (8.948958, -4.4673977, -15.018135), (10.005548, -4.2813053, -14.392545), (10.931986, -4.0930066, -13.759538), (11.739495, -3.9069724, -13.134142), (12.440876, -3.7263563, -12.526961), (13.049116, -3.553218, -11.944919), (13.57655, -3.388766, -11.392078), (-13.6825285, -2.561414, -11.481005), (-13.161235, -2.6878104, -12.04755), (-12.558591, -2.821211, -12.645491), (-11.861776, -2.960751, -13.270949), (-11.057148, -3.1049013, -13.917073), (-10.131089, -3.2512681, -14.573132), (-9.071423, -3.3963997, -15.223654), (-7.869497, -3.535669, -15.8479), (-6.522884, -3.6633155, -16.420048), (-5.0383105, -3.7727528, -16.910578), (-3.4340692, -3.8572137, -17.289158), (-1.7408426, -3.910697, -17.528885), (0, -3.9290254, -17.611038), (1.7408426, -3.910697, -17.528885), (3.4340692, -3.8572137, -17.289158), (5.0383105, -3.7727528, -16.910578), (6.522884, -3.6633155, -16.420048), (7.869497, -3.535669, -15.8479), (9.071423, -3.3963997, -15.223654), (10.131089, -3.2512681, -14.573132), (11.057148, -3.1049013, -13.917073), (11.861776, -2.960751, -13.270949), (12.558591, -2.821211, -12.645491), (13.161235, -2.6878104, -12.04755), (13.6825285, -2.561414, -11.481005), (-13.759765, -1.7172486, -11.545814), (-13.243113, -1.803021, -12.1224985), (-12.644749, -1.8937106, -12.732245), (-11.951497, -1.9887637, -13.371328), (-11.149229, -2.087172, -14.032971), (-10.223712, -2.1873283, -14.706366), (-9.162041, -2.2868853, -15.37573), (-7.954795, -2.3826616, -16.019676), (-6.598874, -2.4706616, -16.61134), (-5.100631, -2.5462797, -17.119751), (-3.4785073, -2.6047516, -17.512884), (-1.7640114, -2.6418295, -17.762177), (0, -2.654545, -17.847668), (1.7640114, -2.6418295, -17.762177), (3.4785073, -2.6047516, -17.512884), (5.100631, -2.5462797, -17.119751), (6.598874, -2.4706616, -16.61134), (7.954795, -2.3826616, -16.019676), (9.162041, -2.2868853, -15.37573), (10.223712, -2.1873283, -14.706366), (11.149229, -2.087172, -14.032971), (11.951497, -1.9887637, -13.371328), (12.644749, -1.8937106, -12.732245), (13.243113, -1.803021, -12.1224985), (13.759765, -1.7172486, -11.545814), (-13.80674, -0.8615556, -11.58523), (-13.292978, -0.9049051, -12.168145), (-12.697303, -0.95079064, -12.785163), (-12.006316, -0.9989429, -13.43266), (-11.205594, -1.048862, -14.103915), (-10.28052, -1.0997411, -14.788081), (-9.217732, -1.150393, -15.469192), (-8.007324, -1.1991978, -16.125463), (-6.6457634, -1.2441086, -16.729372), (-5.1391525, -1.2827549, -17.249044), (-3.5060127, -1.312674, -17.651363), (-1.7783647, -1.3316628, -17.906702), (0, -1.3381778, -17.994308), (1.7783647, -1.3316628, -17.906702), (3.5060127, -1.312674, -17.651363), (5.1391525, -1.2827549, -17.249044), (6.6457634, -1.2441086, -16.729372), (8.007324, -1.1991978, -16.125463), (9.217732, -1.150393, -15.469192), (10.28052, -1.0997411, -14.788081), (11.205594, -1.048862, -14.103915), (12.006316, -0.9989429, -13.43266), (12.697303, -0.95079064, -12.785163), (13.292978, -0.9049051, -12.168145), (13.80674, -0.8615556, -11.58523), (-13.822505, 0, -11.598458), (-13.309726, 0, -12.1834755), (-12.714967, 0, -12.802949), (-12.024757, 0, -13.453293), (-11.224573, 0, -14.127804), (-10.299668, 0, -14.815624), (-9.236524, 0, -15.500727), (-8.025067, 0, -16.161194), (-6.6616163, 0, -16.76928), (-5.1521883, 0, -17.292797), (-3.5153272, 0, -17.69826), (-1.7832276, 0, -17.955667), (0, 0, -18.043999), (1.7832276, 0, -17.955667), (3.5153272, 0, -17.69826), (5.1521883, 0, -17.292797), (6.6616163, 0, -16.76928), (8.025067, 0, -16.161194), (9.236524, 0, -15.500727), (10.299668, 0, -14.815624), (11.224573, 0, -14.127804), (12.024757, 0, -13.453293), (12.714967, 0, -12.802949), (13.309726, 0, -12.1834755), (13.822505, 0, -11.598458), (-13.80674, 0.8615556, -11.58523), (-13.292978, 0.9049051, -12.168145), (-12.697303, 0.95079064, -12.785163), (-12.006316, 0.9989429, -13.43266), (-11.205594, 1.048862, -14.103915), (-10.28052, 1.0997411, -14.788081), (-9.217732, 1.150393, -15.469192), (-8.007324, 1.1991978, -16.125463), (-6.6457634, 1.2441086, -16.729372), (-5.1391525, 1.2827549, -17.249044), (-3.5060127, 1.312674, -17.651363), (-1.7783647, 1.3316628, -17.906702), (0, 1.3381778, -17.994308), (1.7783647, 1.3316628, -17.906702), (3.5060127, 1.312674, -17.651363), (5.1391525, 1.2827549, -17.249044), (6.6457634, 1.2441086, -16.729372), (8.007324, 1.1991978, -16.125463), (9.217732, 1.150393, -15.469192), (10.28052, 1.0997411, -14.788081), (11.205594, 1.048862, -14.103915), (12.006316, 0.9989429, -13.43266), (12.697303, 0.95079064, -12.785163), (13.292978, 0.9049051, -12.168145), (13.80674, 0.8615556, -11.58523), (-13.759765, 1.7172486, -11.545814), (-13.243113, 1.803021, -12.1224985), (-12.644749, 1.8937106, -12.732245), (-11.951497, 1.9887637, -13.371328), (-11.149229, 2.087172, -14.032971), (-10.223712, 2.1873283, -14.706366), (-9.162041, 2.2868853, -15.37573), (-7.954795, 2.3826616, -16.019676), (-6.598874, 2.4706616, -16.61134), (-5.100631, 2.5462797, -17.119751), (-3.4785073, 2.6047516, -17.512884), (-1.7640114, 2.6418295, -17.762177), (0, 2.654545, -17.847668), (1.7640114, 2.6418295, -17.762177), (3.4785073, 2.6047516, -17.512884), (5.100631, 2.5462797, -17.119751), (6.598874, 2.4706616, -16.61134), (7.954795, 2.3826616, -16.019676), (9.162041, 2.2868853, -15.37573), (10.223712, 2.1873283, -14.706366), (11.149229, 2.087172, -14.032971), (11.951497, 1.9887637, -13.371328), (12.644749, 1.8937106, -12.732245), (13.243113, 1.803021, -12.1224985), (13.759765, 1.7172486, -11.545814), (-13.6825285, 2.561414, -11.481005), (-13.161235, 2.6878104, -12.04755), (-12.558591, 2.821211, -12.645491), (-11.861776, 2.960751, -13.270949), (-11.057148, 3.1049013, -13.917073), (-10.131089, 3.2512681, -14.573132), (-9.071423, 3.3963997, -15.223654), (-7.869497, 3.535669, -15.8479), (-6.522884, 3.6633155, -16.420048), (-5.0383105, 3.7727528, -16.910578), (-3.4340692, 3.8572137, -17.289158), (-1.7408426, 3.910697, -17.528885), (0, 3.9290254, -17.611038), (1.7408426, 3.910697, -17.528885), (3.4340692, 3.8572137, -17.289158), (5.0383105, 3.7727528, -16.910578), (6.522884, 3.6633155, -16.420048), (7.869497, 3.535669, -15.8479), (9.071423, 3.3963997, -15.223654), (10.131089, 3.2512681, -14.573132), (11.057148, 3.1049013, -13.917073), (11.861776, 2.960751, -13.270949), (12.558591, 2.821211, -12.645491), (13.161235, 2.6878104, -12.04755), (13.6825285, 2.561414, -11.481005), (-13.57655, 3.388766, -11.392078), (-13.049116, 3.553218, -11.944919), (-12.440876, 3.7263563, -12.526961), (-11.739495, 3.9069724, -13.134142), (-10.931986, 4.0930066, -13.759538), (-10.005548, 4.2813053, -14.392545), (-8.948958, 4.4673977, -15.018135), (-7.7545614, 4.6453733, -15.616439), (-6.4207764, 4.8079615, -16.163013), (-4.954778, 4.9469366, -16.630209), (-3.374623, 5.0539236, -16.98987), (-1.7098882, 5.1215463, -17.2172), (0, 5.1446977, -17.295027), (1.7098882, 5.1215463, -17.2172), (3.374623, 5.0539236, -16.98987), (4.954778, 4.9469366, -16.630209), (6.4207764, 4.8079615, -16.163013), (7.7545614, 4.6453733, -15.616439), (8.948958, 4.4673977, -15.018135), (10.005548, 4.2813053, -14.392545), (10.931986, 4.0930066, -13.759538), (11.739495, 3.9069724, -13.134142), (12.440876, 3.7263563, -12.526961), (13.049116, 3.553218, -11.944919), (13.57655, 3.388766, -11.392078), (-13.443842, 4.194552, -11.280724), (-12.909088, 4.393861, -11.816739), (-12.294282, 4.6030593, -12.379353), (-11.587697, 4.8205657, -12.96431), (-10.777137, 5.043788, -13.564638), (-9.850789, 5.268857, -14.169932), (-8.798557, 5.4903955, -14.765732), (-7.6139293, 5.70141, -15.333228), (-6.2962794, 5.89342, -15.849617), (-4.853244, 6.056954, -16.289421), (-3.3025422, 6.182467, -16.626972), (-1.6724138, 6.2616267, -16.83986), (0, 6.288697, -16.912663), (1.6724138, 6.2616267, -16.83986), (3.3025422, 6.182467, -16.626972), (4.853244, 6.056954, -16.289421), (6.2962794, 5.89342, -15.849617), (7.6139293, 5.70141, -15.333228), (8.798557, 5.4903955, -14.765732), (9.850789, 5.268857, -14.169932), (10.777137, 5.043788, -13.564638), (11.587697, 4.8205657, -12.96431), (12.294282, 4.6030593, -12.379353), (12.909088, 4.393861, -11.816739), (13.443842, 4.194552, -11.280724), (-13.28681, 4.9746685, -11.148957), (-12.743912, 5.205168, -11.66554), (-12.121957, 5.446248, -12.205835), (-11.409924, 5.6959333, -12.765417), (-10.596524, 5.951112, -13.33731), (-9.671049, 6.2072635, -13.911383), (-8.624638, 6.458241, -14.47386), (-7.4520087, 6.6961937, -15.007146), (-6.153519, 6.911753, -15.490247), (-4.7372313, 7.094601, -15.900036), (-3.2204146, 7.2344656, -16.213491), (-1.6297929, 7.3224616, -16.410704), (0, 7.352515, -16.478058), (1.6297929, 7.3224616, -16.410704), (3.2204146, 7.2344656, -16.213491), (4.7372313, 7.094601, -15.900036), (6.153519, 6.911753, -15.490247), (7.4520087, 6.6961937, -15.007146), (8.624638, 6.458241, -14.47386), (9.671049, 6.2072635, -13.911383), (10.596524, 5.951112, -13.33731), (11.409924, 5.6959333, -12.765417), (12.121957, 5.446248, -12.205835), (12.743912, 5.205168, -11.66554), (13.28681, 4.9746685, -11.148957), (-13.108134, 5.725733, -10.999031), (-12.556644, 5.9834595, -11.494119), (-11.927351, 6.2519493, -12.009883), (-11.210017, 6.528828, -12.541762), (-10.394345, 6.810494, -13.082837), (-9.470802, 7.0918603, -13.623337), (-8.431815, 7.3661623, -14.150266), (-7.273346, 7.624927, -14.647348), (-5.996702, 7.858216, -15.095492), (-4.6102934, 8.055245, -15.473982), (-3.130827, 8.205415, -15.762455), (-1.5833917, 8.29965, -15.9434805), (0, 8.331791, -16.005222), (1.5833917, 8.29965, -15.9434805), (3.130827, 8.205415, -15.762455), (4.6102934, 8.055245, -15.473982), (5.996702, 7.858216, -15.095492), (7.273346, 7.624927, -14.647348), (8.431815, 7.3661623, -14.150266), (9.470802, 7.0918603, -13.623337), (10.394345, 6.810494, -13.082837), (11.210017, 6.528828, -12.541762), (11.927351, 6.2519493, -12.009883), (12.556644, 5.9834595, -11.494119), (13.108134, 5.725733, -10.999031)]
                        color3f[] primvars:displayColor = [(0.36666667, 0.73333335, 0.68333334)] (
                            interpolation = "constant"
                        )
                        float[] primvars:displayOpacity = [0.3] (
                            interpolation = "constant"
                        )
                        uniform token purpose = "guide"
                        uniform token subdivisionScheme = "none"
                    }
                }
            }

            over "sec_cam_yard_hr_fixed_1"
            {
                double aeco:cctv:mountHeight = 2.5

                over "Sensor_0"
                {
                    double aeco:cctvSensor:effectiveWidth = 8.818976585197152
                    double aeco:cctvSensor:hfov = 99.99999999999999
                    double aeco:cctvSensor:targetRange = 4.510999617209059
                    double aeco:cctvSensor:vfov = 54.99999999999999
                    float2 clippingRange = (0.05, 40)
                    float focalLength = 3.7
                    float horizontalAperture = 8.818976
                    float verticalAperture = 3.8521962
                    matrix4d xformOp:transform = ( (0.47058823529411753, -0.8823529411764707, 0, 0), (0.5060968556038644, 0.2699183229887276, 0.8191520442889917, 0), (-0.7227812155491103, -0.3854833149595254, 0.5735764363510463, 0), (0, 0, 0, 1) )
                    uniform token[] xformOpOrder = ["xformOp:transform"]

                    def Mesh "Sector" (
                        prepend apiSchemas = ["AecoDerivedGeometryAPI", "MaterialBindingAPI"]
                    )
                    {
                        uniform token aeco:derived:approx = "tessellated"
                        uniform token aeco:derived:role = "sector"
                        string aeco:derived:source = "a7eacd6f-8c00-580b-997b-722f6d00561b"
                        string aeco:derived:stamp = "usdAecoCctv derive 0.5.3"
                        uniform bool doubleSided = 1
                        float3[] extent = [(-30.641777, -18.469944, -40), (30.641777, 18.469944, 0)]
                        int[] faceVertexCounts = [4, 4, 4, 4, 4, 4, 4, 4, 4, 4, 4, 4, 4, 4, 4, 4, 4, 4, 4, 4, 4, 4, 4, 4, 4, 4, 4, 4, 4, 4, 4, 4, 4, 4, 4, 4, 4, 4, 4, 4, 4, 4, 4, 4, 4, 4, 4, 4, 4, 4, 4, 4, 4, 4, 4, 4, 4, 4, 4, 4, 4, 4, 4, 4, 4, 4, 4, 4, 4, 4, 4, 4, 4, 4, 4, 4, 4, 4, 4, 4, 4, 4, 4, 4, 4, 4, 4, 4, 4, 4, 4, 4, 4, 4, 4, 4, 4, 4, 4, 4, 4, 4, 4, 4, 4, 4, 4, 4, 4, 4, 4, 4, 4, 4, 4, 4, 4, 4, 4, 4, 4, 4, 4, 4, 4, 4, 4, 4, 4, 4, 4, 4, 4, 4, 4, 4, 4, 4, 4, 4, 4, 4, 4, 4, 4, 4, 4, 4, 4, 4, 4, 4, 4, 4, 4, 4, 4, 4, 4, 4, 4, 4, 4, 4, 4, 4, 4, 4, 4, 4, 4, 4, 4, 4, 4, 4, 4, 4, 4, 4, 4, 4, 4, 4, 4, 4, 4, 4, 4, 4, 4, 4, 4, 4, 4, 4, 4, 4, 4, 4, 4, 4, 4, 4, 4, 4, 4, 4, 4, 4, 4, 4, 4, 4, 4, 4, 4, 4, 4, 4, 4, 4, 4, 4, 4, 4, 4, 4, 4, 4, 4, 4, 4, 4, 4, 4, 4, 4, 4, 4, 4, 4, 4, 4, 4, 4, 4, 4, 4, 4, 4, 4, 4, 4, 4, 4, 4, 4, 4, 4, 4, 4, 4, 4, 4, 4, 4, 4, 4, 4, 4, 4, 4, 4, 4, 4, 4, 4, 4, 4, 4, 4, 4, 4, 4, 4, 4, 4, 4, 4, 4, 4, 4, 4, 4, 4, 4, 4, 4, 4, 4, 4, 4, 4, 4, 4, 4, 4, 4, 4, 4, 4, 4, 4, 4, 4, 4, 4, 4, 4, 4, 4, 4, 4, 4, 4, 4, 4, 4, 4, 4, 4, 4, 4, 4, 4, 3, 3, 3, 3, 3, 3, 3, 3, 3, 3, 3, 3, 3, 3, 3, 3, 3, 3, 3, 3, 3, 3, 3, 3, 3, 3, 3, 3, 3, 3, 3, 3, 3, 3, 3, 3, 3, 3, 3, 3, 3, 3, 3, 3, 3, 3, 3, 3, 3, 3, 3, 3, 3, 3, 3, 3, 3, 3, 3, 3, 3, 3, 3, 3, 3, 3, 3, 3, 3, 3, 3, 3, 3, 3, 3, 3]
                        int[] faceVertexIndices = [1, 26, 27, 2, 2, 27, 28, 3, 3, 28, 29, 4, 4, 29, 30, 5, 5, 30, 31, 6, 6, 31, 32, 7, 7, 32, 33, 8, 8, 33, 34, 9, 9, 34, 35, 10, 10, 35, 36, 11, 11, 36, 37, 12, 12, 37, 38, 13, 13, 38, 39, 14, 14, 39, 40, 15, 15, 40, 41, 16, 16, 41, 42, 17, 17, 42, 43, 18, 18, 43, 44, 19, 19, 44, 45, 20, 20, 45, 46, 21, 21, 46, 47, 22, 22, 47, 48, 23, 23, 48, 49, 24, 24, 49, 50, 25, 26, 51, 52, 27, 27, 52, 53, 28, 28, 53, 54, 29, 29, 54, 55, 30, 30, 55, 56, 31, 31, 56, 57, 32, 32, 57, 58, 33, 33, 58, 59, 34, 34, 59, 60, 35, 35, 60, 61, 36, 36, 61, 62, 37, 37, 62, 63, 38, 38, 63, 64, 39, 39, 64, 65, 40, 40, 65, 66, 41, 41, 66, 67, 42, 42, 67, 68, 43, 43, 68, 69, 44, 44, 69, 70, 45, 45, 70, 71, 46, 46, 71, 72, 47, 47, 72, 73, 48, 48, 73, 74, 49, 49, 74, 75, 50, 51, 76, 77, 52, 52, 77, 78, 53, 53, 78, 79, 54, 54, 79, 80, 55, 55, 80, 81, 56, 56, 81, 82, 57, 57, 82, 83, 58, 58, 83, 84, 59, 59, 84, 85, 60, 60, 85, 86, 61, 61, 86, 87, 62, 62, 87, 88, 63, 63, 88, 89, 64, 64, 89, 90, 65, 65, 90, 91, 66, 66, 91, 92, 67, 67, 92, 93, 68, 68, 93, 94, 69, 69, 94, 95, 70, 70, 95, 96, 71, 71, 96, 97, 72, 72, 97, 98, 73, 73, 98, 99, 74, 74, 99, 100, 75, 76, 101, 102, 77, 77, 102, 103, 78, 78, 103, 104, 79, 79, 104, 105, 80, 80, 105, 106, 81, 81, 106, 107, 82, 82, 107, 108, 83, 83, 108, 109, 84, 84, 109, 110, 85, 85, 110, 111, 86, 86, 111, 112, 87, 87, 112, 113, 88, 88, 113, 114, 89, 89, 114, 115, 90, 90, 115, 116, 91, 91, 116, 117, 92, 92, 117, 118, 93, 93, 118, 119, 94, 94, 119, 120, 95, 95, 120, 121, 96, 96, 121, 122, 97, 97, 122, 123, 98, 98, 123, 124, 99, 99, 124, 125, 100, 101, 126, 127, 102, 102, 127, 128, 103, 103, 128, 129, 104, 104, 129, 130, 105, 105, 130, 131, 106, 106, 131, 132, 107, 107, 132, 133, 108, 108, 133, 134, 109, 109, 134, 135, 110, 110, 135, 136, 111, 111, 136, 137, 112, 112, 137, 138, 113, 113, 138, 139, 114, 114, 139, 140, 115, 115, 140, 141, 116, 116, 141, 142, 117, 117, 142, 143, 118, 118, 143, 144, 119, 119, 144, 145, 120, 120, 145, 146, 121, 121, 146, 147, 122, 122, 147, 148, 123, 123, 148, 149, 124, 124, 149, 150, 125, 126, 151, 152, 127, 127, 152, 153, 128, 128, 153, 154, 129, 129, 154, 155, 130, 130, 155, 156, 131, 131, 156, 157, 132, 132, 157, 158, 133, 133, 158, 159, 134, 134, 159, 160, 135, 135, 160, 161, 136, 136, 161, 162, 137, 137, 162, 163, 138, 138, 163, 164, 139, 139, 164, 165, 140, 140, 165, 166, 141, 141, 166, 167, 142, 142, 167, 168, 143, 143, 168, 169, 144, 144, 169, 170, 145, 145, 170, 171, 146, 146, 171, 172, 147, 147, 172, 173, 148, 148, 173, 174, 149, 149, 174, 175, 150, 151, 176, 177, 152, 152, 177, 178, 153, 153, 178, 179, 154, 154, 179, 180, 155, 155, 180, 181, 156, 156, 181, 182, 157, 157, 182, 183, 158, 158, 183, 184, 159, 159, 184, 185, 160, 160, 185, 186, 161, 161, 186, 187, 162, 162, 187, 188, 163, 163, 188, 189, 164, 164, 189, 190, 165, 165, 190, 191, 166, 166, 191, 192, 167, 167, 192, 193, 168, 168, 193, 194, 169, 169, 194, 195, 170, 170, 195, 196, 171, 171, 196, 197, 172, 172, 197, 198, 173, 173, 198, 199, 174, 174, 199, 200, 175, 176, 201, 202, 177, 177, 202, 203, 178, 178, 203, 204, 179, 179, 204, 205, 180, 180, 205, 206, 181, 181, 206, 207, 182, 182, 207, 208, 183, 183, 208, 209, 184, 184, 209, 210, 185, 185, 210, 211, 186, 186, 211, 212, 187, 187, 212, 213, 188, 188, 213, 214, 189, 189, 214, 215, 190, 190, 215, 216, 191, 191, 216, 217, 192, 192, 217, 218, 193, 193, 218, 219, 194, 194, 219, 220, 195, 195, 220, 221, 196, 196, 221, 222, 197, 197, 222, 223, 198, 198, 223, 224, 199, 199, 224, 225, 200, 201, 226, 227, 202, 202, 227, 228, 203, 203, 228, 229, 204, 204, 229, 230, 205, 205, 230, 231, 206, 206, 231, 232, 207, 207, 232, 233, 208, 208, 233, 234, 209, 209, 234, 235, 210, 210, 235, 236, 211, 211, 236, 237, 212, 212, 237, 238, 213, 213, 238, 239, 214, 214, 239, 240, 215, 215, 240, 241, 216, 216, 241, 242, 217, 217, 242, 243, 218, 218, 243, 244, 219, 219, 244, 245, 220, 220, 245, 246, 221, 221, 246, 247, 222, 222, 247, 248, 223, 223, 248, 249, 224, 224, 249, 250, 225, 226, 251, 252, 227, 227, 252, 253, 228, 228, 253, 254, 229, 229, 254, 255, 230, 230, 255, 256, 231, 231, 256, 257, 232, 232, 257, 258, 233, 233, 258, 259, 234, 234, 259, 260, 235, 235, 260, 261, 236, 236, 261, 262, 237, 237, 262, 263, 238, 238, 263, 264, 239, 239, 264, 265, 240, 240, 265, 266, 241, 241, 266, 267, 242, 242, 267, 268, 243, 243, 268, 269, 244, 244, 269, 270, 245, 245, 270, 271, 246, 246, 271, 272, 247, 247, 272, 273, 248, 248, 273, 274, 249, 249, 274, 275, 250, 251, 276, 277, 252, 252, 277, 278, 253, 253, 278, 279, 254, 254, 279, 280, 255, 255, 280, 281, 256, 256, 281, 282, 257, 257, 282, 283, 258, 258, 283, 284, 259, 259, 284, 285, 260, 260, 285, 286, 261, 261, 286, 287, 262, 262, 287, 288, 263, 263, 288, 289, 264, 264, 289, 290, 265, 265, 290, 291, 266, 266, 291, 292, 267, 267, 292, 293, 268, 268, 293, 294, 269, 269, 294, 295, 270, 270, 295, 296, 271, 271, 296, 297, 272, 272, 297, 298, 273, 273, 298, 299, 274, 274, 299, 300, 275, 276, 301, 302, 277, 277, 302, 303, 278, 278, 303, 304, 279, 279, 304, 305, 280, 280, 305, 306, 281, 281, 306, 307, 282, 282, 307, 308, 283, 283, 308, 309, 284, 284, 309, 310, 285, 285, 310, 311, 286, 286, 311, 312, 287, 287, 312, 313, 288, 288, 313, 314, 289, 289, 314, 315, 290, 290, 315, 316, 291, 291, 316, 317, 292, 292, 317, 318, 293, 293, 318, 319, 294, 294, 319, 320, 295, 295, 320, 321, 296, 296, 321, 322, 297, 297, 322, 323, 298, 298, 323, 324, 299, 299, 324, 325, 300, 301, 326, 327, 302, 302, 327, 328, 303, 303, 328, 329, 304, 304, 329, 330, 305, 305, 330, 331, 306, 306, 331, 332, 307, 307, 332, 333, 308, 308, 333, 334, 309, 309, 334, 335, 310, 310, 335, 336, 311, 311, 336, 337, 312, 312, 337, 338, 313, 313, 338, 339, 314, 314, 339, 340, 315, 315, 340, 341, 316, 316, 341, 342, 317, 317, 342, 343, 318, 318, 343, 344, 319, 319, 344, 345, 320, 320, 345, 346, 321, 321, 346, 347, 322, 322, 347, 348, 323, 323, 348, 349, 324, 324, 349, 350, 325, 326, 351, 352, 327, 327, 352, 353, 328, 328, 353, 354, 329, 329, 354, 355, 330, 330, 355, 356, 331, 331, 356, 357, 332, 332, 357, 358, 333, 333, 358, 359, 334, 334, 359, 360, 335, 335, 360, 361, 336, 336, 361, 362, 337, 337, 362, 363, 338, 338, 363, 364, 339, 339, 364, 365, 340, 340, 365, 366, 341, 341, 366, 367, 342, 342, 367, 368, 343, 343, 368, 369, 344, 344, 369, 370, 345, 345, 370, 371, 346, 346, 371, 372, 347, 347, 372, 373, 348, 348, 373, 374, 349, 349, 374, 375, 350, 0, 1, 2, 0, 2, 3, 0, 3, 4, 0, 4, 5, 0, 5, 6, 0, 6, 7, 0, 7, 8, 0, 8, 9, 0, 9, 10, 0, 10, 11, 0, 11, 12, 0, 12, 13, 0, 13, 14, 0, 14, 15, 0, 15, 16, 0, 16, 17, 0, 17, 18, 0, 18, 19, 0, 19, 20, 0, 20, 21, 0, 21, 22, 0, 22, 23, 0, 23, 24, 0, 24, 25, 0, 352, 351, 0, 353, 352, 0, 354, 353, 0, 355, 354, 0, 356, 355, 0, 357, 356, 0, 358, 357, 0, 359, 358, 0, 360, 359, 0, 361, 360, 0, 362, 361, 0, 363, 362, 0, 364, 363, 0, 365, 364, 0, 366, 365, 0, 367, 366, 0, 368, 367, 0, 369, 368, 0, 370, 369, 0, 371, 370, 0, 372, 371, 0, 373, 372, 0, 374, 373, 0, 375, 374, 0, 26, 1, 0, 51, 26, 0, 76, 51, 0, 101, 76, 0, 126, 101, 0, 151, 126, 0, 176, 151, 0, 201, 176, 0, 226, 201, 0, 251, 226, 0, 276, 251, 0, 301, 276, 0, 326, 301, 0, 351, 326, 0, 25, 50, 0, 50, 75, 0, 75, 100, 0, 100, 125, 0, 125, 150, 0, 150, 175, 0, 175, 200, 0, 200, 225, 0, 225, 250, 0, 250, 275, 0, 275, 300, 0, 300, 325, 0, 325, 350, 0, 350, 375]
                        rel material:binding = </AecoCctvLooks/Sector>
                        point3f[] points = [(0, 0, 0), (-29.058159, -12.692825, -24.38269), (-27.835613, -13.264154, -25.480204), (-26.440596, -13.859344, -26.623552), (-24.850407, -14.473129, -27.802622), (-23.042223, -15.0975275, -29.00208), (-20.994907, -15.721261, -30.200262), (-18.691677, -16.329334, -31.36836), (-16.123579, -16.902966, -32.470295), (-13.293511, -17.42012, -33.46374), (-10.220115, -17.856895, -34.302776), (-6.9404283, -18.189793, -34.942265), (-3.5100682, -18.398695, -35.343563), (0, -18.469944, -35.480434), (3.5100682, -18.398695, -35.343563), (6.9404283, -18.189793, -34.942265), (10.220115, -17.856895, -34.302776), (13.293511, -17.42012, -33.46374), (16.123579, -16.902966, -32.470295), (18.691677, -16.329334, -31.36836), (20.994907, -15.721261, -30.200262), (23.042223, -15.0975275, -29.00208), (24.850407, -14.473129, -27.802622), (26.440596, -13.859344, -26.623552), (27.835613, -13.264154, -25.480204), (29.058159, -12.692825, -24.38269), (-29.454247, -11.027863, -24.715048), (-28.25075, -11.538835, -25.86021), (-26.871998, -12.073261, -27.05794), (-25.29356, -12.626765, -28.298422), (-23.490412, -13.192446, -29.566195), (-21.438816, -13.760284, -30.838802), (-19.119127, -14.316652, -32.085705), (-16.51964, -14.844146, -33.267895), (-13.641143, -15.322, -34.338833), (-10.501512, -15.727338, -35.247257), (-7.1390266, -16.037388, -35.942127), (-3.6129308, -16.232458, -36.379307), (0, -16.299082, -36.528618), (3.6129308, -16.232458, -36.379307), (7.1390266, -16.037388, -35.942127), (10.501512, -15.727338, -35.247257), (13.641143, -15.322, -34.338833), (16.51964, -14.844146, -33.267895), (19.119127, -14.316652, -32.085705), (21.438816, -13.760284, -30.838802), (23.490412, -13.192446, -29.566195), (25.29356, -12.626765, -28.298422), (26.871998, -12.073261, -27.05794), (28.25075, -11.538835, -25.86021), (29.454247, -11.027863, -24.715048), (-29.802357, -9.298498, -25.007147), (-28.61691, -9.740326, -26.195389), (-27.254007, -10.204079, -27.442593), (-25.687647, -10.686248, -28.739326), (-23.890797, -11.1810875, -30.070137), (-21.837265, -11.680021, -31.411957), (-19.504673, -12.171128, -32.732727), (-16.878586, -12.638906, -33.990757), (-13.957614, -13.064555, -35.135487), (-10.758688, -13.427077, -36.110443), (-7.3210874, -13.705315, -36.85873), (-3.707413, -13.880796, -37.330666), (0, -13.9408045, -37.49205), (3.707413, -13.880796, -37.330666), (7.3210874, -13.705315, -36.85873), (10.758688, -13.427077, -36.110443), (13.957614, -13.064555, -35.135487), (16.878586, -12.638906, -33.990757), (19.504673, -12.171128, -32.732727), (21.837265, -11.680021, -31.411957), (23.890797, -11.1810875, -30.070137), (25.687647, -10.686248, -28.739326), (27.254007, -10.204079, -27.442593), (28.61691, -9.740326, -26.195389), (29.802357, -9.298498, -25.007147), (-30.096544, -7.5122285, -25.254), (-28.927328, -7.8767858, -26.479538), (-27.578978, -8.260599, -27.769812), (-26.024157, -8.66099, -29.115812), (-24.234064, -9.073392, -30.502192), (-22.180332, -9.490813, -31.905443), (-19.838083, -9.903343, -33.292255), (-17.19034, -10.29788, -34.618576), (-14.233601, -10.658306, -35.830227), (-10.983769, -10.966387, -36.86591), (-7.480876, -11.203556, -37.663204), (-3.790486, -11.353462, -38.16715), (0, -11.404784, -38.339676), (3.790486, -11.353462, -38.16715), (7.480876, -11.203556, -37.663204), (10.983769, -10.966387, -36.86591), (14.233601, -10.658306, -35.830227), (17.19034, -10.29788, -34.618576), (19.838083, -9.903343, -33.292255), (22.180332, -9.490813, -31.905443), (24.234064, -9.073392, -30.502192), (26.024157, -8.66099, -29.115812), (27.578978, -8.260599, -27.769812), (28.927328, -7.8767858, -26.479538), (30.096544, -7.5122285, -25.254), (-30.331478, -5.6781516, -25.451132), (-29.175873, -5.9583473, -26.70705), (-27.83993, -6.2540708, -28.03257), (-26.295227, -6.563403, -29.419088), (-24.511526, -6.8829565, -30.851418), (-22.458635, -7.2074227, -32.30577), (-20.109562, -7.529151, -33.747852), (-17.445127, -7.837884, -35.131683), (-14.459952, -8.120851, -36.40002), (-11.168944, -8.363452, -37.48743), (-7.6126566, -8.550685, -38.326664), (-3.859106, -8.669247, -38.858093), (0, -8.709877, -39.04021), (3.859106, -8.669247, -38.858093), (7.6126566, -8.550685, -38.326664), (11.168944, -8.363452, -37.48743), (14.459952, -8.120851, -36.40002), (17.445127, -7.837884, -35.131683), (20.109562, -7.529151, -33.747852), (22.458635, -7.2074227, -32.30577), (24.511526, -6.8829565, -30.851418), (26.295227, -6.563403, -29.419088), (27.83993, -6.2540708, -28.03257), (29.175873, -5.9583473, -26.70705), (30.331478, -5.6781516, -25.451132), (-30.502695, -3.8068027, -25.5948), (-29.357378, -3.9969432, -26.873198), (-28.030924, -4.1979847, -28.224886), (-26.49412, -4.4086986, -29.64161), (-24.71565, -4.6268506, -31.108341), (-22.663961, -4.8488774, -32.601124), (-20.310444, -5.0695753, -34.084972), (-17.634218, -5.281893, -35.512478), (-14.6284075, -5.4769716, -36.824074), (-11.307097, -5.644602, -37.951126), (-7.7111673, -5.774223, -38.822624), (-3.9104667, -5.856417, -39.375256), (0, -5.8846054, -39.564774), (3.9104667, -5.856417, -39.375256), (7.7111673, -5.774223, -38.822624), (11.307097, -5.644602, -37.951126), (14.6284075, -5.4769716, -36.824074), (17.634218, -5.281893, -35.512478), (20.310444, -5.0695753, -34.084972), (22.663961, -4.8488774, -32.601124), (24.71565, -4.6268506, -31.108341), (26.49412, -4.4086986, -29.64161), (28.030924, -4.1979847, -28.224886), (29.357378, -3.9969432, -26.873198), (30.502695, -3.8068027, -25.5948), (-30.606829, -1.9098995, -25.682178), (-29.467922, -2.0059967, -26.974388), (-28.147427, -2.107716, -28.342194), (-26.615644, -2.2144601, -29.777569), (-24.840601, -2.325121, -31.26561), (-22.789894, -2.43791, -32.782272), (-20.4339, -2.5501955, -34.29216), (-17.750666, -2.658386, -35.746983), (-14.732351, -2.7579443, -37.08573), (-11.392492, -2.8436155, -38.237743), (-7.7721415, -2.9099405, -39.129604), (-3.9422853, -2.9520347, -39.69564), (0, -2.9664772, -39.889847), (3.9422853, -2.9520347, -39.69564), (7.7721415, -2.9099405, -39.129604), (11.392492, -2.8436155, -38.237743), (14.732351, -2.7579443, -37.08573), (17.750666, -2.658386, -35.746983), (20.4339, -2.5501955, -34.29216), (22.789894, -2.43791, -32.782272), (24.840601, -2.325121, -31.26561), (26.615644, -2.2144601, -29.777569), (28.147427, -2.107716, -28.342194), (29.467922, -2.0059967, -26.974388), (30.606829, -1.9098995, -25.682178), (-30.641777, 0, -25.711504), (-29.505047, 0, -27.008371), (-28.186584, 0, -28.381622), (-26.656525, 0, -29.823307), (-24.882675, 0, -31.318565), (-22.83234, 0, -32.84333), (-20.475557, 0, -34.362064), (-17.789997, 0, -35.82619), (-14.767495, 0, -37.1742), (-11.42139, 0, -38.334736), (-7.79279, 0, -39.233562), (-3.9530652, 0, -39.804188), (0, 0, -40), (3.9530652, 0, -39.804188), (7.79279, 0, -39.233562), (11.42139, 0, -38.334736), (14.767495, 0, -37.1742), (17.789997, 0, -35.82619), (20.475557, 0, -34.362064), (22.83234, 0, -32.84333), (24.882675, 0, -31.318565), (26.656525, 0, -29.823307), (28.186584, 0, -28.381622), (29.505047, 0, -27.008371), (30.641777, 0, -25.711504), (-30.606829, 1.9098995, -25.682178), (-29.467922, 2.0059967, -26.974388), (-28.147427, 2.107716, -28.342194), (-26.615644, 2.2144601, -29.777569), (-24.840601, 2.325121, -31.26561), (-22.789894, 2.43791, -32.782272), (-20.4339, 2.5501955, -34.29216), (-17.750666, 2.658386, -35.746983), (-14.732351, 2.7579443, -37.08573), (-11.392492, 2.8436155, -38.237743), (-7.7721415, 2.9099405, -39.129604), (-3.9422853, 2.9520347, -39.69564), (0, 2.9664772, -39.889847), (3.9422853, 2.9520347, -39.69564), (7.7721415, 2.9099405, -39.129604), (11.392492, 2.8436155, -38.237743), (14.732351, 2.7579443, -37.08573), (17.750666, 2.658386, -35.746983), (20.4339, 2.5501955, -34.29216), (22.789894, 2.43791, -32.782272), (24.840601, 2.325121, -31.26561), (26.615644, 2.2144601, -29.777569), (28.147427, 2.107716, -28.342194), (29.467922, 2.0059967, -26.974388), (30.606829, 1.9098995, -25.682178), (-30.502695, 3.8068027, -25.5948), (-29.357378, 3.9969432, -26.873198), (-28.030924, 4.1979847, -28.224886), (-26.49412, 4.4086986, -29.64161), (-24.71565, 4.6268506, -31.108341), (-22.663961, 4.8488774, -32.601124), (-20.310444, 5.0695753, -34.084972), (-17.634218, 5.281893, -35.512478), (-14.6284075, 5.4769716, -36.824074), (-11.307097, 5.644602, -37.951126), (-7.7111673, 5.774223, -38.822624), (-3.9104667, 5.856417, -39.375256), (0, 5.8846054, -39.564774), (3.9104667, 5.856417, -39.375256), (7.7111673, 5.774223, -38.822624), (11.307097, 5.644602, -37.951126), (14.6284075, 5.4769716, -36.824074), (17.634218, 5.281893, -35.512478), (20.310444, 5.0695753, -34.084972), (22.663961, 4.8488774, -32.601124), (24.71565, 4.6268506, -31.108341), (26.49412, 4.4086986, -29.64161), (28.030924, 4.1979847, -28.224886), (29.357378, 3.9969432, -26.873198), (30.502695, 3.8068027, -25.5948), (-30.331478, 5.6781516, -25.451132), (-29.175873, 5.9583473, -26.70705), (-27.83993, 6.2540708, -28.03257), (-26.295227, 6.563403, -29.419088), (-24.511526, 6.8829565, -30.851418), (-22.458635, 7.2074227, -32.30577), (-20.109562, 7.529151, -33.747852), (-17.445127, 7.837884, -35.131683), (-14.459952, 8.120851, -36.40002), (-11.168944, 8.363452, -37.48743), (-7.6126566, 8.550685, -38.326664), (-3.859106, 8.669247, -38.858093), (0, 8.709877, -39.04021), (3.859106, 8.669247, -38.858093), (7.6126566, 8.550685, -38.326664), (11.168944, 8.363452, -37.48743), (14.459952, 8.120851, -36.40002), (17.445127, 7.837884, -35.131683), (20.109562, 7.529151, -33.747852), (22.458635, 7.2074227, -32.30577), (24.511526, 6.8829565, -30.851418), (26.295227, 6.563403, -29.419088), (27.83993, 6.2540708, -28.03257), (29.175873, 5.9583473, -26.70705), (30.331478, 5.6781516, -25.451132), (-30.096544, 7.5122285, -25.254), (-28.927328, 7.8767858, -26.479538), (-27.578978, 8.260599, -27.769812), (-26.024157, 8.66099, -29.115812), (-24.234064, 9.073392, -30.502192), (-22.180332, 9.490813, -31.905443), (-19.838083, 9.903343, -33.292255), (-17.19034, 10.29788, -34.618576), (-14.233601, 10.658306, -35.830227), (-10.983769, 10.966387, -36.86591), (-7.480876, 11.203556, -37.663204), (-3.790486, 11.353462, -38.16715), (0, 11.404784, -38.339676), (3.790486, 11.353462, -38.16715), (7.480876, 11.203556, -37.663204), (10.983769, 10.966387, -36.86591), (14.233601, 10.658306, -35.830227), (17.19034, 10.29788, -34.618576), (19.838083, 9.903343, -33.292255), (22.180332, 9.490813, -31.905443), (24.234064, 9.073392, -30.502192), (26.024157, 8.66099, -29.115812), (27.578978, 8.260599, -27.769812), (28.927328, 7.8767858, -26.479538), (30.096544, 7.5122285, -25.254), (-29.802357, 9.298498, -25.007147), (-28.61691, 9.740326, -26.195389), (-27.254007, 10.204079, -27.442593), (-25.687647, 10.686248, -28.739326), (-23.890797, 11.1810875, -30.070137), (-21.837265, 11.680021, -31.411957), (-19.504673, 12.171128, -32.732727), (-16.878586, 12.638906, -33.990757), (-13.957614, 13.064555, -35.135487), (-10.758688, 13.427077, -36.110443), (-7.3210874, 13.705315, -36.85873), (-3.707413, 13.880796, -37.330666), (0, 13.9408045, -37.49205), (3.707413, 13.880796, -37.330666), (7.3210874, 13.705315, -36.85873), (10.758688, 13.427077, -36.110443), (13.957614, 13.064555, -35.135487), (16.878586, 12.638906, -33.990757), (19.504673, 12.171128, -32.732727), (21.837265, 11.680021, -31.411957), (23.890797, 11.1810875, -30.070137), (25.687647, 10.686248, -28.739326), (27.254007, 10.204079, -27.442593), (28.61691, 9.740326, -26.195389), (29.802357, 9.298498, -25.007147), (-29.454247, 11.027863, -24.715048), (-28.25075, 11.538835, -25.86021), (-26.871998, 12.073261, -27.05794), (-25.29356, 12.626765, -28.298422), (-23.490412, 13.192446, -29.566195), (-21.438816, 13.760284, -30.838802), (-19.119127, 14.316652, -32.085705), (-16.51964, 14.844146, -33.267895), (-13.641143, 15.322, -34.338833), (-10.501512, 15.727338, -35.247257), (-7.1390266, 16.037388, -35.942127), (-3.6129308, 16.232458, -36.379307), (0, 16.299082, -36.528618), (3.6129308, 16.232458, -36.379307), (7.1390266, 16.037388, -35.942127), (10.501512, 15.727338, -35.247257), (13.641143, 15.322, -34.338833), (16.51964, 14.844146, -33.267895), (19.119127, 14.316652, -32.085705), (21.438816, 13.760284, -30.838802), (23.490412, 13.192446, -29.566195), (25.29356, 12.626765, -28.298422), (26.871998, 12.073261, -27.05794), (28.25075, 11.538835, -25.86021), (29.454247, 11.027863, -24.715048), (-29.058159, 12.692825, -24.38269), (-27.835613, 13.264154, -25.480204), (-26.440596, 13.859344, -26.623552), (-24.850407, 14.473129, -27.802622), (-23.042223, 15.0975275, -29.00208), (-20.994907, 15.721261, -30.200262), (-18.691677, 16.329334, -31.36836), (-16.123579, 16.902966, -32.470295), (-13.293511, 17.42012, -33.46374), (-10.220115, 17.856895, -34.302776), (-6.9404283, 18.189793, -34.942265), (-3.5100682, 18.398695, -35.343563), (0, 18.469944, -35.480434), (3.5100682, 18.398695, -35.343563), (6.9404283, 18.189793, -34.942265), (10.220115, 17.856895, -34.302776), (13.293511, 17.42012, -33.46374), (16.123579, 16.902966, -32.470295), (18.691677, 16.329334, -31.36836), (20.994907, 15.721261, -30.200262), (23.042223, 15.0975275, -29.00208), (24.850407, 14.473129, -27.802622), (26.440596, 13.859344, -26.623552), (27.835613, 13.264154, -25.480204), (29.058159, 12.692825, -24.38269)]
                        color3f[] primvars:displayColor = [(0, 0.85, 0.95)] (
                            interpolation = "constant"
                        )
                        float[] primvars:displayOpacity = [0.3] (
                            interpolation = "constant"
                        )
                        uniform token purpose = "guide"
                        uniform token subdivisionScheme = "none"
                    }

                    def Mesh "Shell_identify" (
                        prepend apiSchemas = ["AecoDerivedGeometryAPI", "MaterialBindingAPI"]
                    )
                    {
                        uniform token aeco:derived:approx = "tessellated"
                        uniform token aeco:derived:role = "coverage"
                        string aeco:derived:source = "a7eacd6f-8c00-580b-997b-722f6d00561b"
                        string aeco:derived:stamp = "usdAecoCctv derive 0.5.3"
                        uniform bool doubleSided = 1
                        float3[] extent = [(-3.4556262, -2.0829477, -4.5109997), (3.4556262, 2.0829477, 0)]
                        int[] faceVertexCounts = [4, 4, 4, 4, 4, 4, 4, 4, 4, 4, 4, 4, 4, 4, 4, 4, 4, 4, 4, 4, 4, 4, 4, 4, 4, 4, 4, 4, 4, 4, 4, 4, 4, 4, 4, 4, 4, 4, 4, 4, 4, 4, 4, 4, 4, 4, 4, 4, 4, 4, 4, 4, 4, 4, 4, 4, 4, 4, 4, 4, 4, 4, 4, 4, 4, 4, 4, 4, 4, 4, 4, 4, 4, 4, 4, 4, 4, 4, 4, 4, 4, 4, 4, 4, 4, 4, 4, 4, 4, 4, 4, 4, 4, 4, 4, 4, 4, 4, 4, 4, 4, 4, 4, 4, 4, 4, 4, 4, 4, 4, 4, 4, 4, 4, 4, 4, 4, 4, 4, 4, 4, 4, 4, 4, 4, 4, 4, 4, 4, 4, 4, 4, 4, 4, 4, 4, 4, 4, 4, 4, 4, 4, 4, 4, 4, 4, 4, 4, 4, 4, 4, 4, 4, 4, 4, 4, 4, 4, 4, 4, 4, 4, 4, 4, 4, 4, 4, 4, 4, 4, 4, 4, 4, 4, 4, 4, 4, 4, 4, 4, 4, 4, 4, 4, 4, 4, 4, 4, 4, 4, 4, 4, 4, 4, 4, 4, 4, 4, 4, 4, 4, 4, 4, 4, 4, 4, 4, 4, 4, 4, 4, 4, 4, 4, 4, 4, 4, 4, 4, 4, 4, 4, 4, 4, 4, 4, 4, 4, 4, 4, 4, 4, 4, 4, 4, 4, 4, 4, 4, 4, 4, 4, 4, 4, 4, 4, 4, 4, 4, 4, 4, 4, 4, 4, 4, 4, 4, 4, 4, 4, 4, 4, 4, 4, 4, 4, 4, 4, 4, 4, 4, 4, 4, 4, 4, 4, 4, 4, 4, 4, 4, 4, 4, 4, 4, 4, 4, 4, 4, 4, 4, 4, 4, 4, 4, 4, 4, 4, 4, 4, 4, 4, 4, 4, 4, 4, 4, 4, 4, 4, 4, 4, 4, 4, 4, 4, 4, 4, 4, 4, 4, 4, 4, 4, 4, 4, 4, 4, 4, 4, 4, 4, 4, 4, 4, 4, 3, 3, 3, 3, 3, 3, 3, 3, 3, 3, 3, 3, 3, 3, 3, 3, 3, 3, 3, 3, 3, 3, 3, 3, 3, 3, 3, 3, 3, 3, 3, 3, 3, 3, 3, 3, 3, 3, 3, 3, 3, 3, 3, 3, 3, 3, 3, 3, 3, 3, 3, 3, 3, 3, 3, 3, 3, 3, 3, 3, 3, 3, 3, 3, 3, 3, 3, 3, 3, 3, 3, 3, 3, 3, 3, 3]
                        int[] faceVertexIndices = [1, 26, 27, 2, 2, 27, 28, 3, 3, 28, 29, 4, 4, 29, 30, 5, 5, 30, 31, 6, 6, 31, 32, 7, 7, 32, 33, 8, 8, 33, 34, 9, 9, 34, 35, 10, 10, 35, 36, 11, 11, 36, 37, 12, 12, 37, 38, 13, 13, 38, 39, 14, 14, 39, 40, 15, 15, 40, 41, 16, 16, 41, 42, 17, 17, 42, 43, 18, 18, 43, 44, 19, 19, 44, 45, 20, 20, 45, 46, 21, 21, 46, 47, 22, 22, 47, 48, 23, 23, 48, 49, 24, 24, 49, 50, 25, 26, 51, 52, 27, 27, 52, 53, 28, 28, 53, 54, 29, 29, 54, 55, 30, 30, 55, 56, 31, 31, 56, 57, 32, 32, 57, 58, 33, 33, 58, 59, 34, 34, 59, 60, 35, 35, 60, 61, 36, 36, 61, 62, 37, 37, 62, 63, 38, 38, 63, 64, 39, 39, 64, 65, 40, 40, 65, 66, 41, 41, 66, 67, 42, 42, 67, 68, 43, 43, 68, 69, 44, 44, 69, 70, 45, 45, 70, 71, 46, 46, 71, 72, 47, 47, 72, 73, 48, 48, 73, 74, 49, 49, 74, 75, 50, 51, 76, 77, 52, 52, 77, 78, 53, 53, 78, 79, 54, 54, 79, 80, 55, 55, 80, 81, 56, 56, 81, 82, 57, 57, 82, 83, 58, 58, 83, 84, 59, 59, 84, 85, 60, 60, 85, 86, 61, 61, 86, 87, 62, 62, 87, 88, 63, 63, 88, 89, 64, 64, 89, 90, 65, 65, 90, 91, 66, 66, 91, 92, 67, 67, 92, 93, 68, 68, 93, 94, 69, 69, 94, 95, 70, 70, 95, 96, 71, 71, 96, 97, 72, 72, 97, 98, 73, 73, 98, 99, 74, 74, 99, 100, 75, 76, 101, 102, 77, 77, 102, 103, 78, 78, 103, 104, 79, 79, 104, 105, 80, 80, 105, 106, 81, 81, 106, 107, 82, 82, 107, 108, 83, 83, 108, 109, 84, 84, 109, 110, 85, 85, 110, 111, 86, 86, 111, 112, 87, 87, 112, 113, 88, 88, 113, 114, 89, 89, 114, 115, 90, 90, 115, 116, 91, 91, 116, 117, 92, 92, 117, 118, 93, 93, 118, 119, 94, 94, 119, 120, 95, 95, 120, 121, 96, 96, 121, 122, 97, 97, 122, 123, 98, 98, 123, 124, 99, 99, 124, 125, 100, 101, 126, 127, 102, 102, 127, 128, 103, 103, 128, 129, 104, 104, 129, 130, 105, 105, 130, 131, 106, 106, 131, 132, 107, 107, 132, 133, 108, 108, 133, 134, 109, 109, 134, 135, 110, 110, 135, 136, 111, 111, 136, 137, 112, 112, 137, 138, 113, 113, 138, 139, 114, 114, 139, 140, 115, 115, 140, 141, 116, 116, 141, 142, 117, 117, 142, 143, 118, 118, 143, 144, 119, 119, 144, 145, 120, 120, 145, 146, 121, 121, 146, 147, 122, 122, 147, 148, 123, 123, 148, 149, 124, 124, 149, 150, 125, 126, 151, 152, 127, 127, 152, 153, 128, 128, 153, 154, 129, 129, 154, 155, 130, 130, 155, 156, 131, 131, 156, 157, 132, 132, 157, 158, 133, 133, 158, 159, 134, 134, 159, 160, 135, 135, 160, 161, 136, 136, 161, 162, 137, 137, 162, 163, 138, 138, 163, 164, 139, 139, 164, 165, 140, 140, 165, 166, 141, 141, 166, 167, 142, 142, 167, 168, 143, 143, 168, 169, 144, 144, 169, 170, 145, 145, 170, 171, 146, 146, 171, 172, 147, 147, 172, 173, 148, 148, 173, 174, 149, 149, 174, 175, 150, 151, 176, 177, 152, 152, 177, 178, 153, 153, 178, 179, 154, 154, 179, 180, 155, 155, 180, 181, 156, 156, 181, 182, 157, 157, 182, 183, 158, 158, 183, 184, 159, 159, 184, 185, 160, 160, 185, 186, 161, 161, 186, 187, 162, 162, 187, 188, 163, 163, 188, 189, 164, 164, 189, 190, 165, 165, 190, 191, 166, 166, 191, 192, 167, 167, 192, 193, 168, 168, 193, 194, 169, 169, 194, 195, 170, 170, 195, 196, 171, 171, 196, 197, 172, 172, 197, 198, 173, 173, 198, 199, 174, 174, 199, 200, 175, 176, 201, 202, 177, 177, 202, 203, 178, 178, 203, 204, 179, 179, 204, 205, 180, 180, 205, 206, 181, 181, 206, 207, 182, 182, 207, 208, 183, 183, 208, 209, 184, 184, 209, 210, 185, 185, 210, 211, 186, 186, 211, 212, 187, 187, 212, 213, 188, 188, 213, 214, 189, 189, 214, 215, 190, 190, 215, 216, 191, 191, 216, 217, 192, 192, 217, 218, 193, 193, 218, 219, 194, 194, 219, 220, 195, 195, 220, 221, 196, 196, 221, 222, 197, 197, 222, 223, 198, 198, 223, 224, 199, 199, 224, 225, 200, 201, 226, 227, 202, 202, 227, 228, 203, 203, 228, 229, 204, 204, 229, 230, 205, 205, 230, 231, 206, 206, 231, 232, 207, 207, 232, 233, 208, 208, 233, 234, 209, 209, 234, 235, 210, 210, 235, 236, 211, 211, 236, 237, 212, 212, 237, 238, 213, 213, 238, 239, 214, 214, 239, 240, 215, 215, 240, 241, 216, 216, 241, 242, 217, 217, 242, 243, 218, 218, 243, 244, 219, 219, 244, 245, 220, 220, 245, 246, 221, 221, 246, 247, 222, 222, 247, 248, 223, 223, 248, 249, 224, 224, 249, 250, 225, 226, 251, 252, 227, 227, 252, 253, 228, 228, 253, 254, 229, 229, 254, 255, 230, 230, 255, 256, 231, 231, 256, 257, 232, 232, 257, 258, 233, 233, 258, 259, 234, 234, 259, 260, 235, 235, 260, 261, 236, 236, 261, 262, 237, 237, 262, 263, 238, 238, 263, 264, 239, 239, 264, 265, 240, 240, 265, 266, 241, 241, 266, 267, 242, 242, 267, 268, 243, 243, 268, 269, 244, 244, 269, 270, 245, 245, 270, 271, 246, 246, 271, 272, 247, 247, 272, 273, 248, 248, 273, 274, 249, 249, 274, 275, 250, 251, 276, 277, 252, 252, 277, 278, 253, 253, 278, 279, 254, 254, 279, 280, 255, 255, 280, 281, 256, 256, 281, 282, 257, 257, 282, 283, 258, 258, 283, 284, 259, 259, 284, 285, 260, 260, 285, 286, 261, 261, 286, 287, 262, 262, 287, 288, 263, 263, 288, 289, 264, 264, 289, 290, 265, 265, 290, 291, 266, 266, 291, 292, 267, 267, 292, 293, 268, 268, 293, 294, 269, 269, 294, 295, 270, 270, 295, 296, 271, 271, 296, 297, 272, 272, 297, 298, 273, 273, 298, 299, 274, 274, 299, 300, 275, 276, 301, 302, 277, 277, 302, 303, 278, 278, 303, 304, 279, 279, 304, 305, 280, 280, 305, 306, 281, 281, 306, 307, 282, 282, 307, 308, 283, 283, 308, 309, 284, 284, 309, 310, 285, 285, 310, 311, 286, 286, 311, 312, 287, 287, 312, 313, 288, 288, 313, 314, 289, 289, 314, 315, 290, 290, 315, 316, 291, 291, 316, 317, 292, 292, 317, 318, 293, 293, 318, 319, 294, 294, 319, 320, 295, 295, 320, 321, 296, 296, 321, 322, 297, 297, 322, 323, 298, 298, 323, 324, 299, 299, 324, 325, 300, 301, 326, 327, 302, 302, 327, 328, 303, 303, 328, 329, 304, 304, 329, 330, 305, 305, 330, 331, 306, 306, 331, 332, 307, 307, 332, 333, 308, 308, 333, 334, 309, 309, 334, 335, 310, 310, 335, 336, 311, 311, 336, 337, 312, 312, 337, 338, 313, 313, 338, 339, 314, 314, 339, 340, 315, 315, 340, 341, 316, 316, 341, 342, 317, 317, 342, 343, 318, 318, 343, 344, 319, 319, 344, 345, 320, 320, 345, 346, 321, 321, 346, 347, 322, 322, 347, 348, 323, 323, 348, 349, 324, 324, 349, 350, 325, 326, 351, 352, 327, 327, 352, 353, 328, 328, 353, 354, 329, 329, 354, 355, 330, 330, 355, 356, 331, 331, 356, 357, 332, 332, 357, 358, 333, 333, 358, 359, 334, 334, 359, 360, 335, 335, 360, 361, 336, 336, 361, 362, 337, 337, 362, 363, 338, 338, 363, 364, 339, 339, 364, 365, 340, 340, 365, 366, 341, 341, 366, 367, 342, 342, 367, 368, 343, 343, 368, 369, 344, 344, 369, 370, 345, 345, 370, 371, 346, 346, 371, 372, 347, 347, 372, 373, 348, 348, 373, 374, 349, 349, 374, 375, 350, 0, 1, 2, 0, 2, 3, 0, 3, 4, 0, 4, 5, 0, 5, 6, 0, 6, 7, 0, 7, 8, 0, 8, 9, 0, 9, 10, 0, 10, 11, 0, 11, 12, 0, 12, 13, 0, 13, 14, 0, 14, 15, 0, 15, 16, 0, 16, 17, 0, 17, 18, 0, 18, 19, 0, 19, 20, 0, 20, 21, 0, 21, 22, 0, 22, 23, 0, 23, 24, 0, 24, 25, 0, 352, 351, 0, 353, 352, 0, 354, 353, 0, 355, 354, 0, 356, 355, 0, 357, 356, 0, 358, 357, 0, 359, 358, 0, 360, 359, 0, 361, 360, 0, 362, 361, 0, 363, 362, 0, 364, 363, 0, 365, 364, 0, 366, 365, 0, 367, 366, 0, 368, 367, 0, 369, 368, 0, 370, 369, 0, 371, 370, 0, 372, 371, 0, 373, 372, 0, 374, 373, 0, 375, 374, 0, 26, 1, 0, 51, 26, 0, 76, 51, 0, 101, 76, 0, 126, 101, 0, 151, 126, 0, 176, 151, 0, 201, 176, 0, 226, 201, 0, 251, 226, 0, 276, 251, 0, 301, 276, 0, 326, 301, 0, 351, 326, 0, 25, 50, 0, 50, 75, 0, 75, 100, 0, 100, 125, 0, 125, 150, 0, 150, 175, 0, 175, 200, 0, 200, 225, 0, 225, 250, 0, 250, 275, 0, 275, 300, 0, 300, 325, 0, 325, 350, 0, 350, 375]
                        rel material:binding = </AecoCctvLooks/Shell_identify>
                        point3f[] points = [(0, 0, 0), (-3.2770336, -1.4314332, -2.7497578), (-3.139161, -1.4958649, -2.8735297), (-2.9818377, -1.5629873, -3.0024707), (-2.8025043, -1.632207, -3.1354406), (-2.5985863, -1.7026235, -3.2707093), (-2.3677006, -1.7729651, -3.4058342), (-2.1079538, -1.8415406, -3.5375664), (-1.8183365, -1.9062318, -3.661837), (-1.4991755, -1.964554, -3.773873), (-1.1525733, -2.0138113, -3.8684955), (-0.78270674, -2.0513537, -3.9406137), (-0.39584792, -2.0749125, -3.9858701), (0, -2.0829477, -4.0013056), (0.39584792, -2.0749125, -3.9858701), (0.78270674, -2.0513537, -3.9406137), (1.1525733, -2.0138113, -3.8684955), (1.4991755, -1.964554, -3.773873), (1.8183365, -1.9062318, -3.661837), (2.1079538, -1.8415406, -3.5375664), (2.3677006, -1.7729651, -3.4058342), (2.5985863, -1.7026235, -3.2707093), (2.8025043, -1.632207, -3.1354406), (2.9818377, -1.5629873, -3.0024707), (3.139161, -1.4958649, -2.8735297), (3.2770336, -1.4314332, -2.7497578), (-3.3217025, -1.2436671, -2.7872393), (-3.185978, -1.301292, -2.916385), (-3.0304892, -1.361562, -3.0514588), (-2.852481, -1.4239833, -3.1913543), (-2.649131, -1.487778, -3.3343275), (-2.4177623, -1.5518159, -3.4778457), (-2.1561594, -1.6145602, -3.618465), (-1.8630022, -1.6740484, -3.7517865), (-1.5383798, -1.7279383, -3.8725617), (-1.1843078, -1.7736503, -3.975009), (-0.80510366, -1.8086164, -4.053373), (-0.40744823, -1.8306154, -4.102676), (0, -1.8381288, -4.1195145), (0.40744823, -1.8306154, -4.102676), (0.80510366, -1.8086164, -4.053373), (1.1843078, -1.7736503, -3.975009), (1.5383798, -1.7279383, -3.8725617), (1.8630022, -1.6740484, -3.7517865), (2.1561594, -1.6145602, -3.618465), (2.4177623, -1.5518159, -3.4778457), (2.649131, -1.487778, -3.3343275), (2.852481, -1.4239833, -3.1913543), (3.0304892, -1.361562, -3.0514588), (3.185978, -1.301292, -2.916385), (3.3217025, -1.2436671, -2.7872393), (-3.3609605, -1.048638, -2.820181), (-3.227272, -1.0984652, -2.9541848), (-3.0735705, -1.1507648, -3.0948381), (-2.8969243, -1.2051414, -3.2410774), (-2.6942842, -1.260947, -3.3911595), (-2.4626973, -1.3172143, -3.542483), (-2.1996393, -1.3725989, -3.691433), (-1.9034823, -1.4253525, -3.833307), (-1.5740699, -1.473355, -3.9624043), (-1.213311, -1.5142385, -4.0723553), (-0.82563555, -1.5456167, -4.156743), (-0.41810346, -1.5654067, -4.209965), (0, -1.5721742, -4.2281656), (0.41810346, -1.5654067, -4.209965), (0.82563555, -1.5456167, -4.156743), (1.213311, -1.5142385, -4.0723553), (1.5740699, -1.473355, -3.9624043), (1.9034823, -1.4253525, -3.833307), (2.1996393, -1.3725989, -3.691433), (2.4626973, -1.3172143, -3.542483), (2.6942842, -1.260947, -3.3911595), (2.8969243, -1.2051414, -3.2410774), (3.0735705, -1.1507648, -3.0948381), (3.227272, -1.0984652, -2.9541848), (3.3609605, -1.048638, -2.820181), (-3.3941374, -0.8471915, -2.8480196), (-3.262279, -0.8883045, -2.9862297), (-3.110219, -0.93158907, -3.1317403), (-2.9348738, -0.9767431, -3.2835355), (-2.7329965, -1.0232517, -3.4398844), (-2.501387, -1.0703263, -3.5981362), (-2.2372396, -1.1168494, -3.7545338), (-1.9386404, -1.1613433, -3.9041097), (-1.6051941, -1.2019904, -4.0407534), (-1.2386945, -1.2367342, -4.1575522), (-0.84365577, -1.2634809, -4.2474675), (-0.42747205, -1.2803866, -4.3043), (0, -1.2861744, -4.3237567), (0.42747205, -1.2803866, -4.3043), (0.84365577, -1.2634809, -4.2474675), (1.2386945, -1.2367342, -4.1575522), (1.6051941, -1.2019904, -4.0407534), (1.9386404, -1.1613433, -3.9041097), (2.2372396, -1.1168494, -3.7545338), (2.501387, -1.0703263, -3.5981362), (2.7329965, -1.0232517, -3.4398844), (2.9348738, -0.9767431, -3.2835355), (3.110219, -0.93158907, -3.1317403), (3.262279, -0.8883045, -2.9862297), (3.3941374, -0.8471915, -2.8480196), (-3.4206321, -0.6403535, -2.8702512), (-3.2903087, -0.6719526, -3.0118876), (-3.1396477, -0.7053028, -3.1613727), (-2.965444, -0.74018776, -3.3177373), (-2.764287, -0.7762253, -3.4792683), (-2.5327723, -0.81281704, -3.643283), (-2.2678556, -0.84909993, -3.8059134), (-1.9673742, -0.8839173, -3.961975), (-1.630721, -0.9158289, -4.105012), (-1.2595776, -0.9431882, -4.2276444), (-0.8585173, -0.96430343, -4.3222895), (-0.43521065, -0.97767425, -4.382221), (0, -0.98225635, -4.4027596), (0.43521065, -0.97767425, -4.382221), (0.8585173, -0.96430343, -4.3222895), (1.2595776, -0.9431882, -4.2276444), (1.630721, -0.9158289, -4.105012), (1.9673742, -0.8839173, -3.961975), (2.2678556, -0.84909993, -3.8059134), (2.5327723, -0.81281704, -3.643283), (2.764287, -0.7762253, -3.4792683), (2.965444, -0.74018776, -3.3177373), (3.1396477, -0.7053028, -3.1613727), (3.2903087, -0.6719526, -3.0118876), (3.4206321, -0.6403535, -2.8702512), (-3.4399412, -0.42931214, -2.8864534), (-3.3107781, -0.45075524, -3.0306246), (-3.1611872, -0.47342765, -3.1830614), (-2.9878743, -0.49719092, -3.342832), (-2.7873073, -0.521793, -3.5082428), (-2.555928, -0.5468321, -3.6765914), (-2.2905102, -0.5717213, -3.8439324), (-1.9886987, -0.5956654, -4.004919), (-1.6497185, -0.6176654, -4.152835), (-1.2751578, -0.6365699, -4.2799377), (-0.8696268, -0.6511879, -4.378221), (-0.44100285, -0.6604574, -4.440544), (0, -0.66363627, -4.461917), (0.44100285, -0.6604574, -4.440544), (0.8696268, -0.6511879, -4.378221), (1.2751578, -0.6365699, -4.2799377), (1.6497185, -0.6176654, -4.152835), (1.9886987, -0.5956654, -4.004919), (2.2905102, -0.5717213, -3.8439324), (2.555928, -0.5468321, -3.6765914), (2.7873073, -0.521793, -3.5082428), (2.9878743, -0.49719092, -3.342832), (3.1611872, -0.47342765, -3.1830614), (3.3107781, -0.45075524, -3.0306246), (3.4399412, -0.42931214, -2.8864534), (-3.451685, -0.2153889, -2.8963075), (-3.3232446, -0.22622627, -3.0420363), (-3.1743257, -0.23769766, -3.1962907), (-3.001579, -0.24973573, -3.358165), (-2.8013985, -0.2622155, -3.5259788), (-2.57013, -0.27493528, -3.6970203), (-2.304433, -0.28759825, -3.867298), (-2.001831, -0.29979944, -4.031366), (-1.6614408, -0.31102714, -4.182343), (-1.2847881, -0.32068872, -4.312261), (-0.87650317, -0.3281685, -4.412841), (-0.44459116, -0.3329157, -4.4766755), (0, -0.33454445, -4.498577), (0.44459116, -0.3329157, -4.4766755), (0.87650317, -0.3281685, -4.412841), (1.2847881, -0.32068872, -4.312261), (1.6614408, -0.31102714, -4.182343), (2.001831, -0.29979944, -4.031366), (2.304433, -0.28759825, -3.867298), (2.57013, -0.27493528, -3.6970203), (2.8013985, -0.2622155, -3.5259788), (3.001579, -0.24973573, -3.358165), (3.1743257, -0.23769766, -3.1962907), (3.3232446, -0.22622627, -3.0420363), (3.451685, -0.2153889, -2.8963075), (-3.4556262, 0, -2.8996146), (-3.3274314, 0, -3.0458689), (-3.1787417, 0, -3.2007372), (-3.0061893, 0, -3.3633232), (-2.8061433, 0, -3.531951), (-2.574917, 0, -3.703906), (-2.309131, 0, -3.8751817), (-2.0062668, 0, -4.0402985), (-1.6654041, 0, -4.19232), (-1.2880471, 0, -4.3231993), (-0.8788318, 0, -4.424565), (-0.4458069, 0, -4.488917), (0, 0, -4.5109997), (0.4458069, 0, -4.488917), (0.8788318, 0, -4.424565), (1.2880471, 0, -4.3231993), (1.6654041, 0, -4.19232), (2.0062668, 0, -4.0402985), (2.309131, 0, -3.8751817), (2.574917, 0, -3.703906), (2.8061433, 0, -3.531951), (3.0061893, 0, -3.3633232), (3.1787417, 0, -3.2007372), (3.3274314, 0, -3.0458689), (3.4556262, 0, -2.8996146), (-3.451685, 0.2153889, -2.8963075), (-3.3232446, 0.22622627, -3.0420363), (-3.1743257, 0.23769766, -3.1962907), (-3.001579, 0.24973573, -3.358165), (-2.8013985, 0.2622155, -3.5259788), (-2.57013, 0.27493528, -3.6970203), (-2.304433, 0.28759825, -3.867298), (-2.001831, 0.29979944, -4.031366), (-1.6614408, 0.31102714, -4.182343), (-1.2847881, 0.32068872, -4.312261), (-0.87650317, 0.3281685, -4.412841), (-0.44459116, 0.3329157, -4.4766755), (0, 0.33454445, -4.498577), (0.44459116, 0.3329157, -4.4766755), (0.87650317, 0.3281685, -4.412841), (1.2847881, 0.32068872, -4.312261), (1.6614408, 0.31102714, -4.182343), (2.001831, 0.29979944, -4.031366), (2.304433, 0.28759825, -3.867298), (2.57013, 0.27493528, -3.6970203), (2.8013985, 0.2622155, -3.5259788), (3.001579, 0.24973573, -3.358165), (3.1743257, 0.23769766, -3.1962907), (3.3232446, 0.22622627, -3.0420363), (3.451685, 0.2153889, -2.8963075), (-3.4399412, 0.42931214, -2.8864534), (-3.3107781, 0.45075524, -3.0306246), (-3.1611872, 0.47342765, -3.1830614), (-2.9878743, 0.49719092, -3.342832), (-2.7873073, 0.521793, -3.5082428), (-2.555928, 0.5468321, -3.6765914), (-2.2905102, 0.5717213, -3.8439324), (-1.9886987, 0.5956654, -4.004919), (-1.6497185, 0.6176654, -4.152835), (-1.2751578, 0.6365699, -4.2799377), (-0.8696268, 0.6511879, -4.378221), (-0.44100285, 0.6604574, -4.440544), (0, 0.66363627, -4.461917), (0.44100285, 0.6604574, -4.440544), (0.8696268, 0.6511879, -4.378221), (1.2751578, 0.6365699, -4.2799377), (1.6497185, 0.6176654, -4.152835), (1.9886987, 0.5956654, -4.004919), (2.2905102, 0.5717213, -3.8439324), (2.555928, 0.5468321, -3.6765914), (2.7873073, 0.521793, -3.5082428), (2.9878743, 0.49719092, -3.342832), (3.1611872, 0.47342765, -3.1830614), (3.3107781, 0.45075524, -3.0306246), (3.4399412, 0.42931214, -2.8864534), (-3.4206321, 0.6403535, -2.8702512), (-3.2903087, 0.6719526, -3.0118876), (-3.1396477, 0.7053028, -3.1613727), (-2.965444, 0.74018776, -3.3177373), (-2.764287, 0.7762253, -3.4792683), (-2.5327723, 0.81281704, -3.643283), (-2.2678556, 0.84909993, -3.8059134), (-1.9673742, 0.8839173, -3.961975), (-1.630721, 0.9158289, -4.105012), (-1.2595776, 0.9431882, -4.2276444), (-0.8585173, 0.96430343, -4.3222895), (-0.43521065, 0.97767425, -4.382221), (0, 0.98225635, -4.4027596), (0.43521065, 0.97767425, -4.382221), (0.8585173, 0.96430343, -4.3222895), (1.2595776, 0.9431882, -4.2276444), (1.630721, 0.9158289, -4.105012), (1.9673742, 0.8839173, -3.961975), (2.2678556, 0.84909993, -3.8059134), (2.5327723, 0.81281704, -3.643283), (2.764287, 0.7762253, -3.4792683), (2.965444, 0.74018776, -3.3177373), (3.1396477, 0.7053028, -3.1613727), (3.2903087, 0.6719526, -3.0118876), (3.4206321, 0.6403535, -2.8702512), (-3.3941374, 0.8471915, -2.8480196), (-3.262279, 0.8883045, -2.9862297), (-3.110219, 0.93158907, -3.1317403), (-2.9348738, 0.9767431, -3.2835355), (-2.7329965, 1.0232517, -3.4398844), (-2.501387, 1.0703263, -3.5981362), (-2.2372396, 1.1168494, -3.7545338), (-1.9386404, 1.1613433, -3.9041097), (-1.6051941, 1.2019904, -4.0407534), (-1.2386945, 1.2367342, -4.1575522), (-0.84365577, 1.2634809, -4.2474675), (-0.42747205, 1.2803866, -4.3043), (0, 1.2861744, -4.3237567), (0.42747205, 1.2803866, -4.3043), (0.84365577, 1.2634809, -4.2474675), (1.2386945, 1.2367342, -4.1575522), (1.6051941, 1.2019904, -4.0407534), (1.9386404, 1.1613433, -3.9041097), (2.2372396, 1.1168494, -3.7545338), (2.501387, 1.0703263, -3.5981362), (2.7329965, 1.0232517, -3.4398844), (2.9348738, 0.9767431, -3.2835355), (3.110219, 0.93158907, -3.1317403), (3.262279, 0.8883045, -2.9862297), (3.3941374, 0.8471915, -2.8480196), (-3.3609605, 1.048638, -2.820181), (-3.227272, 1.0984652, -2.9541848), (-3.0735705, 1.1507648, -3.0948381), (-2.8969243, 1.2051414, -3.2410774), (-2.6942842, 1.260947, -3.3911595), (-2.4626973, 1.3172143, -3.542483), (-2.1996393, 1.3725989, -3.691433), (-1.9034823, 1.4253525, -3.833307), (-1.5740699, 1.473355, -3.9624043), (-1.213311, 1.5142385, -4.0723553), (-0.82563555, 1.5456167, -4.156743), (-0.41810346, 1.5654067, -4.209965), (0, 1.5721742, -4.2281656), (0.41810346, 1.5654067, -4.209965), (0.82563555, 1.5456167, -4.156743), (1.213311, 1.5142385, -4.0723553), (1.5740699, 1.473355, -3.9624043), (1.9034823, 1.4253525, -3.833307), (2.1996393, 1.3725989, -3.691433), (2.4626973, 1.3172143, -3.542483), (2.6942842, 1.260947, -3.3911595), (2.8969243, 1.2051414, -3.2410774), (3.0735705, 1.1507648, -3.0948381), (3.227272, 1.0984652, -2.9541848), (3.3609605, 1.048638, -2.820181), (-3.3217025, 1.2436671, -2.7872393), (-3.185978, 1.301292, -2.916385), (-3.0304892, 1.361562, -3.0514588), (-2.852481, 1.4239833, -3.1913543), (-2.649131, 1.487778, -3.3343275), (-2.4177623, 1.5518159, -3.4778457), (-2.1561594, 1.6145602, -3.618465), (-1.8630022, 1.6740484, -3.7517865), (-1.5383798, 1.7279383, -3.8725617), (-1.1843078, 1.7736503, -3.975009), (-0.80510366, 1.8086164, -4.053373), (-0.40744823, 1.8306154, -4.102676), (0, 1.8381288, -4.1195145), (0.40744823, 1.8306154, -4.102676), (0.80510366, 1.8086164, -4.053373), (1.1843078, 1.7736503, -3.975009), (1.5383798, 1.7279383, -3.8725617), (1.8630022, 1.6740484, -3.7517865), (2.1561594, 1.6145602, -3.618465), (2.4177623, 1.5518159, -3.4778457), (2.649131, 1.487778, -3.3343275), (2.852481, 1.4239833, -3.1913543), (3.0304892, 1.361562, -3.0514588), (3.185978, 1.301292, -2.916385), (3.3217025, 1.2436671, -2.7872393), (-3.2770336, 1.4314332, -2.7497578), (-3.139161, 1.4958649, -2.8735297), (-2.9818377, 1.5629873, -3.0024707), (-2.8025043, 1.632207, -3.1354406), (-2.5985863, 1.7026235, -3.2707093), (-2.3677006, 1.7729651, -3.4058342), (-2.1079538, 1.8415406, -3.5375664), (-1.8183365, 1.9062318, -3.661837), (-1.4991755, 1.964554, -3.773873), (-1.1525733, 2.0138113, -3.8684955), (-0.78270674, 2.0513537, -3.9406137), (-0.39584792, 2.0749125, -3.9858701), (0, 2.0829477, -4.0013056), (0.39584792, 2.0749125, -3.9858701), (0.78270674, 2.0513537, -3.9406137), (1.1525733, 2.0138113, -3.8684955), (1.4991755, 1.964554, -3.773873), (1.8183365, 1.9062318, -3.661837), (2.1079538, 1.8415406, -3.5375664), (2.3677006, 1.7729651, -3.4058342), (2.5985863, 1.7026235, -3.2707093), (2.8025043, 1.632207, -3.1354406), (2.9818377, 1.5629873, -3.0024707), (3.139161, 1.4958649, -2.8735297), (3.2770336, 1.4314332, -2.7497578)]
                        color3f[] primvars:displayColor = [(0, 0.5, 0.45)] (
                            interpolation = "constant"
                        )
                        float[] primvars:displayOpacity = [0.3] (
                            interpolation = "constant"
                        )
                        uniform token purpose = "guide"
                        uniform token subdivisionScheme = "none"
                    }

                    def Mesh "Shell_recognise" (
                        prepend apiSchemas = ["AecoDerivedGeometryAPI", "MaterialBindingAPI"]
                    )
                    {
                        uniform token aeco:derived:approx = "tessellated"
                        uniform token aeco:derived:role = "coverage"
                        string aeco:derived:source = "a7eacd6f-8c00-580b-997b-722f6d00561b"
                        string aeco:derived:stamp = "usdAecoCctv derive 0.5.3"
                        uniform bool doubleSided = 1
                        float3[] extent = [(-6.9112525, -4.1658955, -9.021999), (6.9112525, 4.1658955, 0)]
                        int[] faceVertexCounts = [4, 4, 4, 4, 4, 4, 4, 4, 4, 4, 4, 4, 4, 4, 4, 4, 4, 4, 4, 4, 4, 4, 4, 4, 4, 4, 4, 4, 4, 4, 4, 4, 4, 4, 4, 4, 4, 4, 4, 4, 4, 4, 4, 4, 4, 4, 4, 4, 4, 4, 4, 4, 4, 4, 4, 4, 4, 4, 4, 4, 4, 4, 4, 4, 4, 4, 4, 4, 4, 4, 4, 4, 4, 4, 4, 4, 4, 4, 4, 4, 4, 4, 4, 4, 4, 4, 4, 4, 4, 4, 4, 4, 4, 4, 4, 4, 4, 4, 4, 4, 4, 4, 4, 4, 4, 4, 4, 4, 4, 4, 4, 4, 4, 4, 4, 4, 4, 4, 4, 4, 4, 4, 4, 4, 4, 4, 4, 4, 4, 4, 4, 4, 4, 4, 4, 4, 4, 4, 4, 4, 4, 4, 4, 4, 4, 4, 4, 4, 4, 4, 4, 4, 4, 4, 4, 4, 4, 4, 4, 4, 4, 4, 4, 4, 4, 4, 4, 4, 4, 4, 4, 4, 4, 4, 4, 4, 4, 4, 4, 4, 4, 4, 4, 4, 4, 4, 4, 4, 4, 4, 4, 4, 4, 4, 4, 4, 4, 4, 4, 4, 4, 4, 4, 4, 4, 4, 4, 4, 4, 4, 4, 4, 4, 4, 4, 4, 4, 4, 4, 4, 4, 4, 4, 4, 4, 4, 4, 4, 4, 4, 4, 4, 4, 4, 4, 4, 4, 4, 4, 4, 4, 4, 4, 4, 4, 4, 4, 4, 4, 4, 4, 4, 4, 4, 4, 4, 4, 4, 4, 4, 4, 4, 4, 4, 4, 4, 4, 4, 4, 4, 4, 4, 4, 4, 4, 4, 4, 4, 4, 4, 4, 4, 4, 4, 4, 4, 4, 4, 4, 4, 4, 4, 4, 4, 4, 4, 4, 4, 4, 4, 4, 4, 4, 4, 4, 4, 4, 4, 4, 4, 4, 4, 4, 4, 4, 4, 4, 4, 4, 4, 4, 4, 4, 4, 4, 4, 4, 4, 4, 4, 4, 4, 4, 4, 4, 4, 3, 3, 3, 3, 3, 3, 3, 3, 3, 3, 3, 3, 3, 3, 3, 3, 3, 3, 3, 3, 3, 3, 3, 3, 3, 3, 3, 3, 3, 3, 3, 3, 3, 3, 3, 3, 3, 3, 3, 3, 3, 3, 3, 3, 3, 3, 3, 3, 3, 3, 3, 3, 3, 3, 3, 3, 3, 3, 3, 3, 3, 3, 3, 3, 3, 3, 3, 3, 3, 3, 3, 3, 3, 3, 3, 3]
                        int[] faceVertexIndices = [1, 26, 27, 2, 2, 27, 28, 3, 3, 28, 29, 4, 4, 29, 30, 5, 5, 30, 31, 6, 6, 31, 32, 7, 7, 32, 33, 8, 8, 33, 34, 9, 9, 34, 35, 10, 10, 35, 36, 11, 11, 36, 37, 12, 12, 37, 38, 13, 13, 38, 39, 14, 14, 39, 40, 15, 15, 40, 41, 16, 16, 41, 42, 17, 17, 42, 43, 18, 18, 43, 44, 19, 19, 44, 45, 20, 20, 45, 46, 21, 21, 46, 47, 22, 22, 47, 48, 23, 23, 48, 49, 24, 24, 49, 50, 25, 26, 51, 52, 27, 27, 52, 53, 28, 28, 53, 54, 29, 29, 54, 55, 30, 30, 55, 56, 31, 31, 56, 57, 32, 32, 57, 58, 33, 33, 58, 59, 34, 34, 59, 60, 35, 35, 60, 61, 36, 36, 61, 62, 37, 37, 62, 63, 38, 38, 63, 64, 39, 39, 64, 65, 40, 40, 65, 66, 41, 41, 66, 67, 42, 42, 67, 68, 43, 43, 68, 69, 44, 44, 69, 70, 45, 45, 70, 71, 46, 46, 71, 72, 47, 47, 72, 73, 48, 48, 73, 74, 49, 49, 74, 75, 50, 51, 76, 77, 52, 52, 77, 78, 53, 53, 78, 79, 54, 54, 79, 80, 55, 55, 80, 81, 56, 56, 81, 82, 57, 57, 82, 83, 58, 58, 83, 84, 59, 59, 84, 85, 60, 60, 85, 86, 61, 61, 86, 87, 62, 62, 87, 88, 63, 63, 88, 89, 64, 64, 89, 90, 65, 65, 90, 91, 66, 66, 91, 92, 67, 67, 92, 93, 68, 68, 93, 94, 69, 69, 94, 95, 70, 70, 95, 96, 71, 71, 96, 97, 72, 72, 97, 98, 73, 73, 98, 99, 74, 74, 99, 100, 75, 76, 101, 102, 77, 77, 102, 103, 78, 78, 103, 104, 79, 79, 104, 105, 80, 80, 105, 106, 81, 81, 106, 107, 82, 82, 107, 108, 83, 83, 108, 109, 84, 84, 109, 110, 85, 85, 110, 111, 86, 86, 111, 112, 87, 87, 112, 113, 88, 88, 113, 114, 89, 89, 114, 115, 90, 90, 115, 116, 91, 91, 116, 117, 92, 92, 117, 118, 93, 93, 118, 119, 94, 94, 119, 120, 95, 95, 120, 121, 96, 96, 121, 122, 97, 97, 122, 123, 98, 98, 123, 124, 99, 99, 124, 125, 100, 101, 126, 127, 102, 102, 127, 128, 103, 103, 128, 129, 104, 104, 129, 130, 105, 105, 130, 131, 106, 106, 131, 132, 107, 107, 132, 133, 108, 108, 133, 134, 109, 109, 134, 135, 110, 110, 135, 136, 111, 111, 136, 137, 112, 112, 137, 138, 113, 113, 138, 139, 114, 114, 139, 140, 115, 115, 140, 141, 116, 116, 141, 142, 117, 117, 142, 143, 118, 118, 143, 144, 119, 119, 144, 145, 120, 120, 145, 146, 121, 121, 146, 147, 122, 122, 147, 148, 123, 123, 148, 149, 124, 124, 149, 150, 125, 126, 151, 152, 127, 127, 152, 153, 128, 128, 153, 154, 129, 129, 154, 155, 130, 130, 155, 156, 131, 131, 156, 157, 132, 132, 157, 158, 133, 133, 158, 159, 134, 134, 159, 160, 135, 135, 160, 161, 136, 136, 161, 162, 137, 137, 162, 163, 138, 138, 163, 164, 139, 139, 164, 165, 140, 140, 165, 166, 141, 141, 166, 167, 142, 142, 167, 168, 143, 143, 168, 169, 144, 144, 169, 170, 145, 145, 170, 171, 146, 146, 171, 172, 147, 147, 172, 173, 148, 148, 173, 174, 149, 149, 174, 175, 150, 151, 176, 177, 152, 152, 177, 178, 153, 153, 178, 179, 154, 154, 179, 180, 155, 155, 180, 181, 156, 156, 181, 182, 157, 157, 182, 183, 158, 158, 183, 184, 159, 159, 184, 185, 160, 160, 185, 186, 161, 161, 186, 187, 162, 162, 187, 188, 163, 163, 188, 189, 164, 164, 189, 190, 165, 165, 190, 191, 166, 166, 191, 192, 167, 167, 192, 193, 168, 168, 193, 194, 169, 169, 194, 195, 170, 170, 195, 196, 171, 171, 196, 197, 172, 172, 197, 198, 173, 173, 198, 199, 174, 174, 199, 200, 175, 176, 201, 202, 177, 177, 202, 203, 178, 178, 203, 204, 179, 179, 204, 205, 180, 180, 205, 206, 181, 181, 206, 207, 182, 182, 207, 208, 183, 183, 208, 209, 184, 184, 209, 210, 185, 185, 210, 211, 186, 186, 211, 212, 187, 187, 212, 213, 188, 188, 213, 214, 189, 189, 214, 215, 190, 190, 215, 216, 191, 191, 216, 217, 192, 192, 217, 218, 193, 193, 218, 219, 194, 194, 219, 220, 195, 195, 220, 221, 196, 196, 221, 222, 197, 197, 222, 223, 198, 198, 223, 224, 199, 199, 224, 225, 200, 201, 226, 227, 202, 202, 227, 228, 203, 203, 228, 229, 204, 204, 229, 230, 205, 205, 230, 231, 206, 206, 231, 232, 207, 207, 232, 233, 208, 208, 233, 234, 209, 209, 234, 235, 210, 210, 235, 236, 211, 211, 236, 237, 212, 212, 237, 238, 213, 213, 238, 239, 214, 214, 239, 240, 215, 215, 240, 241, 216, 216, 241, 242, 217, 217, 242, 243, 218, 218, 243, 244, 219, 219, 244, 245, 220, 220, 245, 246, 221, 221, 246, 247, 222, 222, 247, 248, 223, 223, 248, 249, 224, 224, 249, 250, 225, 226, 251, 252, 227, 227, 252, 253, 228, 228, 253, 254, 229, 229, 254, 255, 230, 230, 255, 256, 231, 231, 256, 257, 232, 232, 257, 258, 233, 233, 258, 259, 234, 234, 259, 260, 235, 235, 260, 261, 236, 236, 261, 262, 237, 237, 262, 263, 238, 238, 263, 264, 239, 239, 264, 265, 240, 240, 265, 266, 241, 241, 266, 267, 242, 242, 267, 268, 243, 243, 268, 269, 244, 244, 269, 270, 245, 245, 270, 271, 246, 246, 271, 272, 247, 247, 272, 273, 248, 248, 273, 274, 249, 249, 274, 275, 250, 251, 276, 277, 252, 252, 277, 278, 253, 253, 278, 279, 254, 254, 279, 280, 255, 255, 280, 281, 256, 256, 281, 282, 257, 257, 282, 283, 258, 258, 283, 284, 259, 259, 284, 285, 260, 260, 285, 286, 261, 261, 286, 287, 262, 262, 287, 288, 263, 263, 288, 289, 264, 264, 289, 290, 265, 265, 290, 291, 266, 266, 291, 292, 267, 267, 292, 293, 268, 268, 293, 294, 269, 269, 294, 295, 270, 270, 295, 296, 271, 271, 296, 297, 272, 272, 297, 298, 273, 273, 298, 299, 274, 274, 299, 300, 275, 276, 301, 302, 277, 277, 302, 303, 278, 278, 303, 304, 279, 279, 304, 305, 280, 280, 305, 306, 281, 281, 306, 307, 282, 282, 307, 308, 283, 283, 308, 309, 284, 284, 309, 310, 285, 285, 310, 311, 286, 286, 311, 312, 287, 287, 312, 313, 288, 288, 313, 314, 289, 289, 314, 315, 290, 290, 315, 316, 291, 291, 316, 317, 292, 292, 317, 318, 293, 293, 318, 319, 294, 294, 319, 320, 295, 295, 320, 321, 296, 296, 321, 322, 297, 297, 322, 323, 298, 298, 323, 324, 299, 299, 324, 325, 300, 301, 326, 327, 302, 302, 327, 328, 303, 303, 328, 329, 304, 304, 329, 330, 305, 305, 330, 331, 306, 306, 331, 332, 307, 307, 332, 333, 308, 308, 333, 334, 309, 309, 334, 335, 310, 310, 335, 336, 311, 311, 336, 337, 312, 312, 337, 338, 313, 313, 338, 339, 314, 314, 339, 340, 315, 315, 340, 341, 316, 316, 341, 342, 317, 317, 342, 343, 318, 318, 343, 344, 319, 319, 344, 345, 320, 320, 345, 346, 321, 321, 346, 347, 322, 322, 347, 348, 323, 323, 348, 349, 324, 324, 349, 350, 325, 326, 351, 352, 327, 327, 352, 353, 328, 328, 353, 354, 329, 329, 354, 355, 330, 330, 355, 356, 331, 331, 356, 357, 332, 332, 357, 358, 333, 333, 358, 359, 334, 334, 359, 360, 335, 335, 360, 361, 336, 336, 361, 362, 337, 337, 362, 363, 338, 338, 363, 364, 339, 339, 364, 365, 340, 340, 365, 366, 341, 341, 366, 367, 342, 342, 367, 368, 343, 343, 368, 369, 344, 344, 369, 370, 345, 345, 370, 371, 346, 346, 371, 372, 347, 347, 372, 373, 348, 348, 373, 374, 349, 349, 374, 375, 350, 0, 1, 2, 0, 2, 3, 0, 3, 4, 0, 4, 5, 0, 5, 6, 0, 6, 7, 0, 7, 8, 0, 8, 9, 0, 9, 10, 0, 10, 11, 0, 11, 12, 0, 12, 13, 0, 13, 14, 0, 14, 15, 0, 15, 16, 0, 16, 17, 0, 17, 18, 0, 18, 19, 0, 19, 20, 0, 20, 21, 0, 21, 22, 0, 22, 23, 0, 23, 24, 0, 24, 25, 0, 352, 351, 0, 353, 352, 0, 354, 353, 0, 355, 354, 0, 356, 355, 0, 357, 356, 0, 358, 357, 0, 359, 358, 0, 360, 359, 0, 361, 360, 0, 362, 361, 0, 363, 362, 0, 364, 363, 0, 365, 364, 0, 366, 365, 0, 367, 366, 0, 368, 367, 0, 369, 368, 0, 370, 369, 0, 371, 370, 0, 372, 371, 0, 373, 372, 0, 374, 373, 0, 375, 374, 0, 26, 1, 0, 51, 26, 0, 76, 51, 0, 101, 76, 0, 126, 101, 0, 151, 126, 0, 176, 151, 0, 201, 176, 0, 226, 201, 0, 251, 226, 0, 276, 251, 0, 301, 276, 0, 326, 301, 0, 351, 326, 0, 25, 50, 0, 50, 75, 0, 75, 100, 0, 100, 125, 0, 125, 150, 0, 150, 175, 0, 175, 200, 0, 200, 225, 0, 225, 250, 0, 250, 275, 0, 275, 300, 0, 300, 325, 0, 325, 350, 0, 350, 375]
                        rel material:binding = </AecoCctvLooks/Shell_recognise>
                        point3f[] points = [(0, 0, 0), (-6.554067, -2.8628664, -5.4995155), (-6.278322, -2.9917297, -5.7470593), (-5.9636755, -3.1259747, -6.0049415), (-5.6050086, -3.264414, -6.270881), (-5.1971726, -3.405247, -6.5414186), (-4.735401, -3.5459301, -6.8116684), (-4.2159076, -3.6830812, -7.075133), (-3.636673, -3.8124635, -7.323674), (-2.998351, -3.929108, -7.547746), (-2.3051467, -4.0276227, -7.736991), (-1.5654135, -4.1027074, -7.8812275), (-0.79169583, -4.149825, -7.9717402), (0, -4.1658955, -8.002611), (0.79169583, -4.149825, -7.9717402), (1.5654135, -4.1027074, -7.8812275), (2.3051467, -4.0276227, -7.736991), (2.998351, -3.929108, -7.547746), (3.636673, -3.8124635, -7.323674), (4.2159076, -3.6830812, -7.075133), (4.735401, -3.5459301, -6.8116684), (5.1971726, -3.405247, -6.5414186), (5.6050086, -3.264414, -6.270881), (5.9636755, -3.1259747, -6.0049415), (6.278322, -2.9917297, -5.7470593), (6.554067, -2.8628664, -5.4995155), (-6.643405, -2.4873343, -5.5744786), (-6.371956, -2.602584, -5.83277), (-6.0609784, -2.723124, -6.1029177), (-5.704962, -2.8479667, -6.3827085), (-5.298262, -2.975556, -6.668655), (-4.8355246, -3.1036317, -6.9556913), (-4.312319, -3.2291205, -7.23693), (-3.7260044, -3.3480968, -7.503573), (-3.0767596, -3.4558766, -7.7451234), (-2.3686156, -3.5473006, -7.950018), (-1.6102073, -3.6172328, -8.106746), (-0.81489646, -3.6612308, -8.205352), (0, -3.6762576, -8.239029), (0.81489646, -3.6612308, -8.205352), (1.6102073, -3.6172328, -8.106746), (2.3686156, -3.5473006, -7.950018), (3.0767596, -3.4558766, -7.7451234), (3.7260044, -3.3480968, -7.503573), (4.312319, -3.2291205, -7.23693), (4.8355246, -3.1036317, -6.9556913), (5.298262, -2.975556, -6.668655), (5.704962, -2.8479667, -6.3827085), (6.0609784, -2.723124, -6.1029177), (6.371956, -2.602584, -5.83277), (6.643405, -2.4873343, -5.5744786), (-6.721921, -2.097276, -5.640362), (-6.454544, -2.1969304, -5.9083695), (-6.147141, -2.3015296, -6.1896763), (-5.7938485, -2.4102829, -6.482155), (-5.3885684, -2.521894, -6.782319), (-4.9253945, -2.6344285, -7.084966), (-4.3992786, -2.7451978, -7.382866), (-3.8069646, -2.850705, -7.666614), (-3.1481397, -2.94671, -7.9248085), (-2.426622, -3.028477, -8.144711), (-1.6512711, -3.0912335, -8.313486), (-0.8362069, -3.1308134, -8.41993), (0, -3.1443484, -8.456331), (0.8362069, -3.1308134, -8.41993), (1.6512711, -3.0912335, -8.313486), (2.426622, -3.028477, -8.144711), (3.1481397, -2.94671, -7.9248085), (3.8069646, -2.850705, -7.666614), (4.3992786, -2.7451978, -7.382866), (4.9253945, -2.6344285, -7.084966), (5.3885684, -2.521894, -6.782319), (5.7938485, -2.4102829, -6.482155), (6.147141, -2.3015296, -6.1896763), (6.454544, -2.1969304, -5.9083695), (6.721921, -2.097276, -5.640362), (-6.788275, -1.694383, -5.696039), (-6.524558, -1.776609, -5.9724593), (-6.220438, -1.8631781, -6.2634807), (-5.8697476, -1.9534862, -6.567071), (-5.465993, -2.0465033, -6.879769), (-5.002774, -2.1406527, -7.1962724), (-4.474479, -2.2336988, -7.5090675), (-3.8772807, -2.3226867, -7.8082194), (-3.2103882, -2.4039807, -8.081507), (-2.477389, -2.4734683, -8.3151045), (-1.6873115, -2.5269618, -8.494935), (-0.8549441, -2.5607731, -8.6086), (0, -2.5723488, -8.647513), (0.8549441, -2.5607731, -8.6086), (1.6873115, -2.5269618, -8.494935), (2.477389, -2.4734683, -8.3151045), (3.2103882, -2.4039807, -8.081507), (3.8772807, -2.3226867, -7.8082194), (4.474479, -2.2336988, -7.5090675), (5.002774, -2.1406527, -7.1962724), (5.465993, -2.0465033, -6.879769), (5.8697476, -1.9534862, -6.567071), (6.220438, -1.8631781, -6.2634807), (6.524558, -1.776609, -5.9724593), (6.788275, -1.694383, -5.696039), (-6.8412642, -1.280707, -5.7405024), (-6.5806174, -1.3439052, -6.023775), (-6.2792954, -1.4106055, -6.3227453), (-5.930888, -1.4803755, -6.6354747), (-5.528574, -1.5524507, -6.9585366), (-5.0655446, -1.6256341, -7.286566), (-4.5357113, -1.6981999, -7.611827), (-3.9347484, -1.7678345, -7.92395), (-3.261442, -1.8316578, -8.210024), (-2.5191553, -1.8863764, -8.455289), (-1.7170346, -1.9286069, -8.644579), (-0.8704213, -1.9553485, -8.764442), (0, -1.9645127, -8.805519), (0.8704213, -1.9553485, -8.764442), (1.7170346, -1.9286069, -8.644579), (2.5191553, -1.8863764, -8.455289), (3.261442, -1.8316578, -8.210024), (3.9347484, -1.7678345, -7.92395), (4.5357113, -1.6981999, -7.611827), (5.0655446, -1.6256341, -7.286566), (5.528574, -1.5524507, -6.9585366), (5.930888, -1.4803755, -6.6354747), (6.2792954, -1.4106055, -6.3227453), (6.5806174, -1.3439052, -6.023775), (6.8412642, -1.280707, -5.7405024), (-6.8798823, -0.8586243, -5.772907), (-6.6215563, -0.9015105, -6.0612493), (-6.3223743, -0.9468553, -6.3661227), (-5.9757485, -0.99438184, -6.685664), (-5.5746145, -1.043586, -7.0164857), (-5.111856, -1.0936642, -7.353183), (-4.5810204, -1.1434426, -7.687865), (-3.9773974, -1.1913308, -8.009838), (-3.299437, -1.2353308, -8.30567), (-2.5503156, -1.2731398, -8.5598755), (-1.7392536, -1.3023758, -8.756442), (-0.8820057, -1.3209147, -8.881088), (0, -1.3272725, -8.923834), (0.8820057, -1.3209147, -8.881088), (1.7392536, -1.3023758, -8.756442), (2.5503156, -1.2731398, -8.5598755), (3.299437, -1.2353308, -8.30567), (3.9773974, -1.1913308, -8.009838), (4.5810204, -1.1434426, -7.687865), (5.111856, -1.0936642, -7.353183), (5.5746145, -1.043586, -7.0164857), (5.9757485, -0.99438184, -6.685664), (6.3223743, -0.9468553, -6.3661227), (6.6215563, -0.9015105, -6.0612493), (6.8798823, -0.8586243, -5.772907), (-6.90337, -0.4307778, -5.792615), (-6.646489, -0.45245254, -6.0840726), (-6.3486514, -0.47539532, -6.3925815), (-6.003158, -0.49947146, -6.71633), (-5.602797, -0.524431, -7.0519576), (-5.14026, -0.54987055, -7.3940406), (-4.608866, -0.5751965, -7.734596), (-4.003662, -0.5995989, -8.062732), (-3.3228817, -0.6220543, -8.364686), (-2.5695763, -0.64137745, -8.624522), (-1.7530063, -0.656337, -8.825682), (-0.8891823, -0.6658314, -8.953351), (0, -0.6690889, -8.997154), (0.8891823, -0.6658314, -8.953351), (1.7530063, -0.656337, -8.825682), (2.5695763, -0.64137745, -8.624522), (3.3228817, -0.6220543, -8.364686), (4.003662, -0.5995989, -8.062732), (4.608866, -0.5751965, -7.734596), (5.14026, -0.54987055, -7.3940406), (5.602797, -0.524431, -7.0519576), (6.003158, -0.49947146, -6.71633), (6.3486514, -0.47539532, -6.3925815), (6.646489, -0.45245254, -6.0840726), (6.90337, -0.4307778, -5.792615), (-6.9112525, 0, -5.799229), (-6.654863, 0, -6.0917377), (-6.3574834, 0, -6.4014745), (-6.0123787, 0, -6.7266464), (-5.6122866, 0, -7.063902), (-5.149834, 0, -7.407812), (-4.618262, 0, -7.7503633), (-4.0125337, 0, -8.080597), (-3.3308082, 0, -8.38464), (-2.5760942, 0, -8.646399), (-1.7576636, 0, -8.84913), (-0.8916138, 0, -8.977834), (0, 0, -9.021999), (0.8916138, 0, -8.977834), (1.7576636, 0, -8.84913), (2.5760942, 0, -8.646399), (3.3308082, 0, -8.38464), (4.0125337, 0, -8.080597), (4.618262, 0, -7.7503633), (5.149834, 0, -7.407812), (5.6122866, 0, -7.063902), (6.0123787, 0, -6.7266464), (6.3574834, 0, -6.4014745), (6.654863, 0, -6.0917377), (6.9112525, 0, -5.799229), (-6.90337, 0.4307778, -5.792615), (-6.646489, 0.45245254, -6.0840726), (-6.3486514, 0.47539532, -6.3925815), (-6.003158, 0.49947146, -6.71633), (-5.602797, 0.524431, -7.0519576), (-5.14026, 0.54987055, -7.3940406), (-4.608866, 0.5751965, -7.734596), (-4.003662, 0.5995989, -8.062732), (-3.3228817, 0.6220543, -8.364686), (-2.5695763, 0.64137745, -8.624522), (-1.7530063, 0.656337, -8.825682), (-0.8891823, 0.6658314, -8.953351), (0, 0.6690889, -8.997154), (0.8891823, 0.6658314, -8.953351), (1.7530063, 0.656337, -8.825682), (2.5695763, 0.64137745, -8.624522), (3.3228817, 0.6220543, -8.364686), (4.003662, 0.5995989, -8.062732), (4.608866, 0.5751965, -7.734596), (5.14026, 0.54987055, -7.3940406), (5.602797, 0.524431, -7.0519576), (6.003158, 0.49947146, -6.71633), (6.3486514, 0.47539532, -6.3925815), (6.646489, 0.45245254, -6.0840726), (6.90337, 0.4307778, -5.792615), (-6.8798823, 0.8586243, -5.772907), (-6.6215563, 0.9015105, -6.0612493), (-6.3223743, 0.9468553, -6.3661227), (-5.9757485, 0.99438184, -6.685664), (-5.5746145, 1.043586, -7.0164857), (-5.111856, 1.0936642, -7.353183), (-4.5810204, 1.1434426, -7.687865), (-3.9773974, 1.1913308, -8.009838), (-3.299437, 1.2353308, -8.30567), (-2.5503156, 1.2731398, -8.5598755), (-1.7392536, 1.3023758, -8.756442), (-0.8820057, 1.3209147, -8.881088), (0, 1.3272725, -8.923834), (0.8820057, 1.3209147, -8.881088), (1.7392536, 1.3023758, -8.756442), (2.5503156, 1.2731398, -8.5598755), (3.299437, 1.2353308, -8.30567), (3.9773974, 1.1913308, -8.009838), (4.5810204, 1.1434426, -7.687865), (5.111856, 1.0936642, -7.353183), (5.5746145, 1.043586, -7.0164857), (5.9757485, 0.99438184, -6.685664), (6.3223743, 0.9468553, -6.3661227), (6.6215563, 0.9015105, -6.0612493), (6.8798823, 0.8586243, -5.772907), (-6.8412642, 1.280707, -5.7405024), (-6.5806174, 1.3439052, -6.023775), (-6.2792954, 1.4106055, -6.3227453), (-5.930888, 1.4803755, -6.6354747), (-5.528574, 1.5524507, -6.9585366), (-5.0655446, 1.6256341, -7.286566), (-4.5357113, 1.6981999, -7.611827), (-3.9347484, 1.7678345, -7.92395), (-3.261442, 1.8316578, -8.210024), (-2.5191553, 1.8863764, -8.455289), (-1.7170346, 1.9286069, -8.644579), (-0.8704213, 1.9553485, -8.764442), (0, 1.9645127, -8.805519), (0.8704213, 1.9553485, -8.764442), (1.7170346, 1.9286069, -8.644579), (2.5191553, 1.8863764, -8.455289), (3.261442, 1.8316578, -8.210024), (3.9347484, 1.7678345, -7.92395), (4.5357113, 1.6981999, -7.611827), (5.0655446, 1.6256341, -7.286566), (5.528574, 1.5524507, -6.9585366), (5.930888, 1.4803755, -6.6354747), (6.2792954, 1.4106055, -6.3227453), (6.5806174, 1.3439052, -6.023775), (6.8412642, 1.280707, -5.7405024), (-6.788275, 1.694383, -5.696039), (-6.524558, 1.776609, -5.9724593), (-6.220438, 1.8631781, -6.2634807), (-5.8697476, 1.9534862, -6.567071), (-5.465993, 2.0465033, -6.879769), (-5.002774, 2.1406527, -7.1962724), (-4.474479, 2.2336988, -7.5090675), (-3.8772807, 2.3226867, -7.8082194), (-3.2103882, 2.4039807, -8.081507), (-2.477389, 2.4734683, -8.3151045), (-1.6873115, 2.5269618, -8.494935), (-0.8549441, 2.5607731, -8.6086), (0, 2.5723488, -8.647513), (0.8549441, 2.5607731, -8.6086), (1.6873115, 2.5269618, -8.494935), (2.477389, 2.4734683, -8.3151045), (3.2103882, 2.4039807, -8.081507), (3.8772807, 2.3226867, -7.8082194), (4.474479, 2.2336988, -7.5090675), (5.002774, 2.1406527, -7.1962724), (5.465993, 2.0465033, -6.879769), (5.8697476, 1.9534862, -6.567071), (6.220438, 1.8631781, -6.2634807), (6.524558, 1.776609, -5.9724593), (6.788275, 1.694383, -5.696039), (-6.721921, 2.097276, -5.640362), (-6.454544, 2.1969304, -5.9083695), (-6.147141, 2.3015296, -6.1896763), (-5.7938485, 2.4102829, -6.482155), (-5.3885684, 2.521894, -6.782319), (-4.9253945, 2.6344285, -7.084966), (-4.3992786, 2.7451978, -7.382866), (-3.8069646, 2.850705, -7.666614), (-3.1481397, 2.94671, -7.9248085), (-2.426622, 3.028477, -8.144711), (-1.6512711, 3.0912335, -8.313486), (-0.8362069, 3.1308134, -8.41993), (0, 3.1443484, -8.456331), (0.8362069, 3.1308134, -8.41993), (1.6512711, 3.0912335, -8.313486), (2.426622, 3.028477, -8.144711), (3.1481397, 2.94671, -7.9248085), (3.8069646, 2.850705, -7.666614), (4.3992786, 2.7451978, -7.382866), (4.9253945, 2.6344285, -7.084966), (5.3885684, 2.521894, -6.782319), (5.7938485, 2.4102829, -6.482155), (6.147141, 2.3015296, -6.1896763), (6.454544, 2.1969304, -5.9083695), (6.721921, 2.097276, -5.640362), (-6.643405, 2.4873343, -5.5744786), (-6.371956, 2.602584, -5.83277), (-6.0609784, 2.723124, -6.1029177), (-5.704962, 2.8479667, -6.3827085), (-5.298262, 2.975556, -6.668655), (-4.8355246, 3.1036317, -6.9556913), (-4.312319, 3.2291205, -7.23693), (-3.7260044, 3.3480968, -7.503573), (-3.0767596, 3.4558766, -7.7451234), (-2.3686156, 3.5473006, -7.950018), (-1.6102073, 3.6172328, -8.106746), (-0.81489646, 3.6612308, -8.205352), (0, 3.6762576, -8.239029), (0.81489646, 3.6612308, -8.205352), (1.6102073, 3.6172328, -8.106746), (2.3686156, 3.5473006, -7.950018), (3.0767596, 3.4558766, -7.7451234), (3.7260044, 3.3480968, -7.503573), (4.312319, 3.2291205, -7.23693), (4.8355246, 3.1036317, -6.9556913), (5.298262, 2.975556, -6.668655), (5.704962, 2.8479667, -6.3827085), (6.0609784, 2.723124, -6.1029177), (6.371956, 2.602584, -5.83277), (6.643405, 2.4873343, -5.5744786), (-6.554067, 2.8628664, -5.4995155), (-6.278322, 2.9917297, -5.7470593), (-5.9636755, 3.1259747, -6.0049415), (-5.6050086, 3.264414, -6.270881), (-5.1971726, 3.405247, -6.5414186), (-4.735401, 3.5459301, -6.8116684), (-4.2159076, 3.6830812, -7.075133), (-3.636673, 3.8124635, -7.323674), (-2.998351, 3.929108, -7.547746), (-2.3051467, 4.0276227, -7.736991), (-1.5654135, 4.1027074, -7.8812275), (-0.79169583, 4.149825, -7.9717402), (0, 4.1658955, -8.002611), (0.79169583, 4.149825, -7.9717402), (1.5654135, 4.1027074, -7.8812275), (2.3051467, 4.0276227, -7.736991), (2.998351, 3.929108, -7.547746), (3.636673, 3.8124635, -7.323674), (4.2159076, 3.6830812, -7.075133), (4.735401, 3.5459301, -6.8116684), (5.1971726, 3.405247, -6.5414186), (5.6050086, 3.264414, -6.270881), (5.9636755, 3.1259747, -6.0049415), (6.278322, 2.9917297, -5.7470593), (6.554067, 2.8628664, -5.4995155)]
                        color3f[] primvars:displayColor = [(0.18333334, 0.6166667, 0.56666666)] (
                            interpolation = "constant"
                        )
                        float[] primvars:displayOpacity = [0.3] (
                            interpolation = "constant"
                        )
                        uniform token purpose = "guide"
                        uniform token subdivisionScheme = "none"
                    }

                    def Mesh "Shell_observe" (
                        prepend apiSchemas = ["AecoDerivedGeometryAPI", "MaterialBindingAPI"]
                    )
                    {
                        uniform token aeco:derived:approx = "tessellated"
                        uniform token aeco:derived:role = "coverage"
                        string aeco:derived:source = "a7eacd6f-8c00-580b-997b-722f6d00561b"
                        string aeco:derived:stamp = "usdAecoCctv derive 0.5.3"
                        uniform bool doubleSided = 1
                        float3[] extent = [(-13.822505, -8.331791, -18.043999), (13.822505, 8.331791, 0)]
                        int[] faceVertexCounts = [4, 4, 4, 4, 4, 4, 4, 4, 4, 4, 4, 4, 4, 4, 4, 4, 4, 4, 4, 4, 4, 4, 4, 4, 4, 4, 4, 4, 4, 4, 4, 4, 4, 4, 4, 4, 4, 4, 4, 4, 4, 4, 4, 4, 4, 4, 4, 4, 4, 4, 4, 4, 4, 4, 4, 4, 4, 4, 4, 4, 4, 4, 4, 4, 4, 4, 4, 4, 4, 4, 4, 4, 4, 4, 4, 4, 4, 4, 4, 4, 4, 4, 4, 4, 4, 4, 4, 4, 4, 4, 4, 4, 4, 4, 4, 4, 4, 4, 4, 4, 4, 4, 4, 4, 4, 4, 4, 4, 4, 4, 4, 4, 4, 4, 4, 4, 4, 4, 4, 4, 4, 4, 4, 4, 4, 4, 4, 4, 4, 4, 4, 4, 4, 4, 4, 4, 4, 4, 4, 4, 4, 4, 4, 4, 4, 4, 4, 4, 4, 4, 4, 4, 4, 4, 4, 4, 4, 4, 4, 4, 4, 4, 4, 4, 4, 4, 4, 4, 4, 4, 4, 4, 4, 4, 4, 4, 4, 4, 4, 4, 4, 4, 4, 4, 4, 4, 4, 4, 4, 4, 4, 4, 4, 4, 4, 4, 4, 4, 4, 4, 4, 4, 4, 4, 4, 4, 4, 4, 4, 4, 4, 4, 4, 4, 4, 4, 4, 4, 4, 4, 4, 4, 4, 4, 4, 4, 4, 4, 4, 4, 4, 4, 4, 4, 4, 4, 4, 4, 4, 4, 4, 4, 4, 4, 4, 4, 4, 4, 4, 4, 4, 4, 4, 4, 4, 4, 4, 4, 4, 4, 4, 4, 4, 4, 4, 4, 4, 4, 4, 4, 4, 4, 4, 4, 4, 4, 4, 4, 4, 4, 4, 4, 4, 4, 4, 4, 4, 4, 4, 4, 4, 4, 4, 4, 4, 4, 4, 4, 4, 4, 4, 4, 4, 4, 4, 4, 4, 4, 4, 4, 4, 4, 4, 4, 4, 4, 4, 4, 4, 4, 4, 4, 4, 4, 4, 4, 4, 4, 4, 4, 4, 4, 4, 4, 4, 4, 3, 3, 3, 3, 3, 3, 3, 3, 3, 3, 3, 3, 3, 3, 3, 3, 3, 3, 3, 3, 3, 3, 3, 3, 3, 3, 3, 3, 3, 3, 3, 3, 3, 3, 3, 3, 3, 3, 3, 3, 3, 3, 3, 3, 3, 3, 3, 3, 3, 3, 3, 3, 3, 3, 3, 3, 3, 3, 3, 3, 3, 3, 3, 3, 3, 3, 3, 3, 3, 3, 3, 3, 3, 3, 3, 3]
                        int[] faceVertexIndices = [1, 26, 27, 2, 2, 27, 28, 3, 3, 28, 29, 4, 4, 29, 30, 5, 5, 30, 31, 6, 6, 31, 32, 7, 7, 32, 33, 8, 8, 33, 34, 9, 9, 34, 35, 10, 10, 35, 36, 11, 11, 36, 37, 12, 12, 37, 38, 13, 13, 38, 39, 14, 14, 39, 40, 15, 15, 40, 41, 16, 16, 41, 42, 17, 17, 42, 43, 18, 18, 43, 44, 19, 19, 44, 45, 20, 20, 45, 46, 21, 21, 46, 47, 22, 22, 47, 48, 23, 23, 48, 49, 24, 24, 49, 50, 25, 26, 51, 52, 27, 27, 52, 53, 28, 28, 53, 54, 29, 29, 54, 55, 30, 30, 55, 56, 31, 31, 56, 57, 32, 32, 57, 58, 33, 33, 58, 59, 34, 34, 59, 60, 35, 35, 60, 61, 36, 36, 61, 62, 37, 37, 62, 63, 38, 38, 63, 64, 39, 39, 64, 65, 40, 40, 65, 66, 41, 41, 66, 67, 42, 42, 67, 68, 43, 43, 68, 69, 44, 44, 69, 70, 45, 45, 70, 71, 46, 46, 71, 72, 47, 47, 72, 73, 48, 48, 73, 74, 49, 49, 74, 75, 50, 51, 76, 77, 52, 52, 77, 78, 53, 53, 78, 79, 54, 54, 79, 80, 55, 55, 80, 81, 56, 56, 81, 82, 57, 57, 82, 83, 58, 58, 83, 84, 59, 59, 84, 85, 60, 60, 85, 86, 61, 61, 86, 87, 62, 62, 87, 88, 63, 63, 88, 89, 64, 64, 89, 90, 65, 65, 90, 91, 66, 66, 91, 92, 67, 67, 92, 93, 68, 68, 93, 94, 69, 69, 94, 95, 70, 70, 95, 96, 71, 71, 96, 97, 72, 72, 97, 98, 73, 73, 98, 99, 74, 74, 99, 100, 75, 76, 101, 102, 77, 77, 102, 103, 78, 78, 103, 104, 79, 79, 104, 105, 80, 80, 105, 106, 81, 81, 106, 107, 82, 82, 107, 108, 83, 83, 108, 109, 84, 84, 109, 110, 85, 85, 110, 111, 86, 86, 111, 112, 87, 87, 112, 113, 88, 88, 113, 114, 89, 89, 114, 115, 90, 90, 115, 116, 91, 91, 116, 117, 92, 92, 117, 118, 93, 93, 118, 119, 94, 94, 119, 120, 95, 95, 120, 121, 96, 96, 121, 122, 97, 97, 122, 123, 98, 98, 123, 124, 99, 99, 124, 125, 100, 101, 126, 127, 102, 102, 127, 128, 103, 103, 128, 129, 104, 104, 129, 130, 105, 105, 130, 131, 106, 106, 131, 132, 107, 107, 132, 133, 108, 108, 133, 134, 109, 109, 134, 135, 110, 110, 135, 136, 111, 111, 136, 137, 112, 112, 137, 138, 113, 113, 138, 139, 114, 114, 139, 140, 115, 115, 140, 141, 116, 116, 141, 142, 117, 117, 142, 143, 118, 118, 143, 144, 119, 119, 144, 145, 120, 120, 145, 146, 121, 121, 146, 147, 122, 122, 147, 148, 123, 123, 148, 149, 124, 124, 149, 150, 125, 126, 151, 152, 127, 127, 152, 153, 128, 128, 153, 154, 129, 129, 154, 155, 130, 130, 155, 156, 131, 131, 156, 157, 132, 132, 157, 158, 133, 133, 158, 159, 134, 134, 159, 160, 135, 135, 160, 161, 136, 136, 161, 162, 137, 137, 162, 163, 138, 138, 163, 164, 139, 139, 164, 165, 140, 140, 165, 166, 141, 141, 166, 167, 142, 142, 167, 168, 143, 143, 168, 169, 144, 144, 169, 170, 145, 145, 170, 171, 146, 146, 171, 172, 147, 147, 172, 173, 148, 148, 173, 174, 149, 149, 174, 175, 150, 151, 176, 177, 152, 152, 177, 178, 153, 153, 178, 179, 154, 154, 179, 180, 155, 155, 180, 181, 156, 156, 181, 182, 157, 157, 182, 183, 158, 158, 183, 184, 159, 159, 184, 185, 160, 160, 185, 186, 161, 161, 186, 187, 162, 162, 187, 188, 163, 163, 188, 189, 164, 164, 189, 190, 165, 165, 190, 191, 166, 166, 191, 192, 167, 167, 192, 193, 168, 168, 193, 194, 169, 169, 194, 195, 170, 170, 195, 196, 171, 171, 196, 197, 172, 172, 197, 198, 173, 173, 198, 199, 174, 174, 199, 200, 175, 176, 201, 202, 177, 177, 202, 203, 178, 178, 203, 204, 179, 179, 204, 205, 180, 180, 205, 206, 181, 181, 206, 207, 182, 182, 207, 208, 183, 183, 208, 209, 184, 184, 209, 210, 185, 185, 210, 211, 186, 186, 211, 212, 187, 187, 212, 213, 188, 188, 213, 214, 189, 189, 214, 215, 190, 190, 215, 216, 191, 191, 216, 217, 192, 192, 217, 218, 193, 193, 218, 219, 194, 194, 219, 220, 195, 195, 220, 221, 196, 196, 221, 222, 197, 197, 222, 223, 198, 198, 223, 224, 199, 199, 224, 225, 200, 201, 226, 227, 202, 202, 227, 228, 203, 203, 228, 229, 204, 204, 229, 230, 205, 205, 230, 231, 206, 206, 231, 232, 207, 207, 232, 233, 208, 208, 233, 234, 209, 209, 234, 235, 210, 210, 235, 236, 211, 211, 236, 237, 212, 212, 237, 238, 213, 213, 238, 239, 214, 214, 239, 240, 215, 215, 240, 241, 216, 216, 241, 242, 217, 217, 242, 243, 218, 218, 243, 244, 219, 219, 244, 245, 220, 220, 245, 246, 221, 221, 246, 247, 222, 222, 247, 248, 223, 223, 248, 249, 224, 224, 249, 250, 225, 226, 251, 252, 227, 227, 252, 253, 228, 228, 253, 254, 229, 229, 254, 255, 230, 230, 255, 256, 231, 231, 256, 257, 232, 232, 257, 258, 233, 233, 258, 259, 234, 234, 259, 260, 235, 235, 260, 261, 236, 236, 261, 262, 237, 237, 262, 263, 238, 238, 263, 264, 239, 239, 264, 265, 240, 240, 265, 266, 241, 241, 266, 267, 242, 242, 267, 268, 243, 243, 268, 269, 244, 244, 269, 270, 245, 245, 270, 271, 246, 246, 271, 272, 247, 247, 272, 273, 248, 248, 273, 274, 249, 249, 274, 275, 250, 251, 276, 277, 252, 252, 277, 278, 253, 253, 278, 279, 254, 254, 279, 280, 255, 255, 280, 281, 256, 256, 281, 282, 257, 257, 282, 283, 258, 258, 283, 284, 259, 259, 284, 285, 260, 260, 285, 286, 261, 261, 286, 287, 262, 262, 287, 288, 263, 263, 288, 289, 264, 264, 289, 290, 265, 265, 290, 291, 266, 266, 291, 292, 267, 267, 292, 293, 268, 268, 293, 294, 269, 269, 294, 295, 270, 270, 295, 296, 271, 271, 296, 297, 272, 272, 297, 298, 273, 273, 298, 299, 274, 274, 299, 300, 275, 276, 301, 302, 277, 277, 302, 303, 278, 278, 303, 304, 279, 279, 304, 305, 280, 280, 305, 306, 281, 281, 306, 307, 282, 282, 307, 308, 283, 283, 308, 309, 284, 284, 309, 310, 285, 285, 310, 311, 286, 286, 311, 312, 287, 287, 312, 313, 288, 288, 313, 314, 289, 289, 314, 315, 290, 290, 315, 316, 291, 291, 316, 317, 292, 292, 317, 318, 293, 293, 318, 319, 294, 294, 319, 320, 295, 295, 320, 321, 296, 296, 321, 322, 297, 297, 322, 323, 298, 298, 323, 324, 299, 299, 324, 325, 300, 301, 326, 327, 302, 302, 327, 328, 303, 303, 328, 329, 304, 304, 329, 330, 305, 305, 330, 331, 306, 306, 331, 332, 307, 307, 332, 333, 308, 308, 333, 334, 309, 309, 334, 335, 310, 310, 335, 336, 311, 311, 336, 337, 312, 312, 337, 338, 313, 313, 338, 339, 314, 314, 339, 340, 315, 315, 340, 341, 316, 316, 341, 342, 317, 317, 342, 343, 318, 318, 343, 344, 319, 319, 344, 345, 320, 320, 345, 346, 321, 321, 346, 347, 322, 322, 347, 348, 323, 323, 348, 349, 324, 324, 349, 350, 325, 326, 351, 352, 327, 327, 352, 353, 328, 328, 353, 354, 329, 329, 354, 355, 330, 330, 355, 356, 331, 331, 356, 357, 332, 332, 357, 358, 333, 333, 358, 359, 334, 334, 359, 360, 335, 335, 360, 361, 336, 336, 361, 362, 337, 337, 362, 363, 338, 338, 363, 364, 339, 339, 364, 365, 340, 340, 365, 366, 341, 341, 366, 367, 342, 342, 367, 368, 343, 343, 368, 369, 344, 344, 369, 370, 345, 345, 370, 371, 346, 346, 371, 372, 347, 347, 372, 373, 348, 348, 373, 374, 349, 349, 374, 375, 350, 0, 1, 2, 0, 2, 3, 0, 3, 4, 0, 4, 5, 0, 5, 6, 0, 6, 7, 0, 7, 8, 0, 8, 9, 0, 9, 10, 0, 10, 11, 0, 11, 12, 0, 12, 13, 0, 13, 14, 0, 14, 15, 0, 15, 16, 0, 16, 17, 0, 17, 18, 0, 18, 19, 0, 19, 20, 0, 20, 21, 0, 21, 22, 0, 22, 23, 0, 23, 24, 0, 24, 25, 0, 352, 351, 0, 353, 352, 0, 354, 353, 0, 355, 354, 0, 356, 355, 0, 357, 356, 0, 358, 357, 0, 359, 358, 0, 360, 359, 0, 361, 360, 0, 362, 361, 0, 363, 362, 0, 364, 363, 0, 365, 364, 0, 366, 365, 0, 367, 366, 0, 368, 367, 0, 369, 368, 0, 370, 369, 0, 371, 370, 0, 372, 371, 0, 373, 372, 0, 374, 373, 0, 375, 374, 0, 26, 1, 0, 51, 26, 0, 76, 51, 0, 101, 76, 0, 126, 101, 0, 151, 126, 0, 176, 151, 0, 201, 176, 0, 226, 201, 0, 251, 226, 0, 276, 251, 0, 301, 276, 0, 326, 301, 0, 351, 326, 0, 25, 50, 0, 50, 75, 0, 75, 100, 0, 100, 125, 0, 125, 150, 0, 150, 175, 0, 175, 200, 0, 200, 225, 0, 225, 250, 0, 250, 275, 0, 275, 300, 0, 300, 325, 0, 325, 350, 0, 350, 375]
                        rel material:binding = </AecoCctvLooks/Shell_observe>
                        point3f[] points = [(0, 0, 0), (-13.108134, -5.725733, -10.999031), (-12.556644, -5.9834595, -11.494119), (-11.927351, -6.2519493, -12.009883), (-11.210017, -6.528828, -12.541762), (-10.394345, -6.810494, -13.082837), (-9.470802, -7.0918603, -13.623337), (-8.431815, -7.3661623, -14.150266), (-7.273346, -7.624927, -14.647348), (-5.996702, -7.858216, -15.095492), (-4.6102934, -8.055245, -15.473982), (-3.130827, -8.205415, -15.762455), (-1.5833917, -8.29965, -15.9434805), (0, -8.331791, -16.005222), (1.5833917, -8.29965, -15.9434805), (3.130827, -8.205415, -15.762455), (4.6102934, -8.055245, -15.473982), (5.996702, -7.858216, -15.095492), (7.273346, -7.624927, -14.647348), (8.431815, -7.3661623, -14.150266), (9.470802, -7.0918603, -13.623337), (10.394345, -6.810494, -13.082837), (11.210017, -6.528828, -12.541762), (11.927351, -6.2519493, -12.009883), (12.556644, -5.9834595, -11.494119), (13.108134, -5.725733, -10.999031), (-13.28681, -4.9746685, -11.148957), (-12.743912, -5.205168, -11.66554), (-12.121957, -5.446248, -12.205835), (-11.409924, -5.6959333, -12.765417), (-10.596524, -5.951112, -13.33731), (-9.671049, -6.2072635, -13.911383), (-8.624638, -6.458241, -14.47386), (-7.4520087, -6.6961937, -15.007146), (-6.153519, -6.911753, -15.490247), (-4.7372313, -7.094601, -15.900036), (-3.2204146, -7.2344656, -16.213491), (-1.6297929, -7.3224616, -16.410704), (0, -7.352515, -16.478058), (1.6297929, -7.3224616, -16.410704), (3.2204146, -7.2344656, -16.213491), (4.7372313, -7.094601, -15.900036), (6.153519, -6.911753, -15.490247), (7.4520087, -6.6961937, -15.007146), (8.624638, -6.458241, -14.47386), (9.671049, -6.2072635, -13.911383), (10.596524, -5.951112, -13.33731), (11.409924, -5.6959333, -12.765417), (12.121957, -5.446248, -12.205835), (12.743912, -5.205168, -11.66554), (13.28681, -4.9746685, -11.148957), (-13.443842, -4.194552, -11.280724), (-12.909088, -4.393861, -11.816739), (-12.294282, -4.6030593, -12.379353), (-11.587697, -4.8205657, -12.96431), (-10.777137, -5.043788, -13.564638), (-9.850789, -5.268857, -14.169932), (-8.798557, -5.4903955, -14.765732), (-7.6139293, -5.70141, -15.333228), (-6.2962794, -5.89342, -15.849617), (-4.853244, -6.056954, -16.289421), (-3.3025422, -6.182467, -16.626972), (-1.6724138, -6.2616267, -16.83986), (0, -6.288697, -16.912663), (1.6724138, -6.2616267, -16.83986), (3.3025422, -6.182467, -16.626972), (4.853244, -6.056954, -16.289421), (6.2962794, -5.89342, -15.849617), (7.6139293, -5.70141, -15.333228), (8.798557, -5.4903955, -14.765732), (9.850789, -5.268857, -14.169932), (10.777137, -5.043788, -13.564638), (11.587697, -4.8205657, -12.96431), (12.294282, -4.6030593, -12.379353), (12.909088, -4.393861, -11.816739), (13.443842, -4.194552, -11.280724), (-13.57655, -3.388766, -11.392078), (-13.049116, -3.553218, -11.944919), (-12.440876, -3.7263563, -12.526961), (-11.739495, -3.9069724, -13.134142), (-10.931986, -4.0930066, -13.759538), (-10.005548, -4.2813053, -14.392545), (-8.948958, -4.4673977, -15.018135), (-7.7545614, -4.6453733, -15.616439), (-6.4207764, -4.8079615, -16.163013), (-4.954778, -4.9469366, -16.630209), (-3.374623, -5.0539236, -16.98987), (-1.7098882, -5.1215463, -17.2172), (0, -5.1446977, -17.295027), (1.7098882, -5.1215463, -17.2172), (3.374623, -5.0539236, -16.98987), (4.954778, -4.9469366, -16.630209), (6.4207764, -4.8079615, -16.163013), (7.7545614, -4.6453733, -15.616439), (8.948958, -4.4673977, -15.018135), (10.005548, -4.2813053, -14.392545), (10.931986, -4.0930066, -13.759538), (11.739495, -3.9069724, -13.134142), (12.440876, -3.7263563, -12.526961), (13.049116, -3.553218, -11.944919), (13.57655, -3.388766, -11.392078), (-13.6825285, -2.561414, -11.481005), (-13.161235, -2.6878104, -12.04755), (-12.558591, -2.821211, -12.645491), (-11.861776, -2.960751, -13.270949), (-11.057148, -3.1049013, -13.917073), (-10.131089, -3.2512681, -14.573132), (-9.071423, -3.3963997, -15.223654), (-7.869497, -3.535669, -15.8479), (-6.522884, -3.6633155, -16.420048), (-5.0383105, -3.7727528, -16.910578), (-3.4340692, -3.8572137, -17.289158), (-1.7408426, -3.910697, -17.528885), (0, -3.9290254, -17.611038), (1.7408426, -3.910697, -17.528885), (3.4340692, -3.8572137, -17.289158), (5.0383105, -3.7727528, -16.910578), (6.522884, -3.6633155, -16.420048), (7.869497, -3.535669, -15.8479), (9.071423, -3.3963997, -15.223654), (10.131089, -3.2512681, -14.573132), (11.057148, -3.1049013, -13.917073), (11.861776, -2.960751, -13.270949), (12.558591, -2.821211, -12.645491), (13.161235, -2.6878104, -12.04755), (13.6825285, -2.561414, -11.481005), (-13.759765, -1.7172486, -11.545814), (-13.243113, -1.803021, -12.1224985), (-12.644749, -1.8937106, -12.732245), (-11.951497, -1.9887637, -13.371328), (-11.149229, -2.087172, -14.032971), (-10.223712, -2.1873283, -14.706366), (-9.162041, -2.2868853, -15.37573), (-7.954795, -2.3826616, -16.019676), (-6.598874, -2.4706616, -16.61134), (-5.100631, -2.5462797, -17.119751), (-3.4785073, -2.6047516, -17.512884), (-1.7640114, -2.6418295, -17.762177), (0, -2.654545, -17.847668), (1.7640114, -2.6418295, -17.762177), (3.4785073, -2.6047516, -17.512884), (5.100631, -2.5462797, -17.119751), (6.598874, -2.4706616, -16.61134), (7.954795, -2.3826616, -16.019676), (9.162041, -2.2868853, -15.37573), (10.223712, -2.1873283, -14.706366), (11.149229, -2.087172, -14.032971), (11.951497, -1.9887637, -13.371328), (12.644749, -1.8937106, -12.732245), (13.243113, -1.803021, -12.1224985), (13.759765, -1.7172486, -11.545814), (-13.80674, -0.8615556, -11.58523), (-13.292978, -0.9049051, -12.168145), (-12.697303, -0.95079064, -12.785163), (-12.006316, -0.9989429, -13.43266), (-11.205594, -1.048862, -14.103915), (-10.28052, -1.0997411, -14.788081), (-9.217732, -1.150393, -15.469192), (-8.007324, -1.1991978, -16.125463), (-6.6457634, -1.2441086, -16.729372), (-5.1391525, -1.2827549, -17.249044), (-3.5060127, -1.312674, -17.651363), (-1.7783647, -1.3316628, -17.906702), (0, -1.3381778, -17.994308), (1.7783647, -1.3316628, -17.906702), (3.5060127, -1.312674, -17.651363), (5.1391525, -1.2827549, -17.249044), (6.6457634, -1.2441086, -16.729372), (8.007324, -1.1991978, -16.125463), (9.217732, -1.150393, -15.469192), (10.28052, -1.0997411, -14.788081), (11.205594, -1.048862, -14.103915), (12.006316, -0.9989429, -13.43266), (12.697303, -0.95079064, -12.785163), (13.292978, -0.9049051, -12.168145), (13.80674, -0.8615556, -11.58523), (-13.822505, 0, -11.598458), (-13.309726, 0, -12.1834755), (-12.714967, 0, -12.802949), (-12.024757, 0, -13.453293), (-11.224573, 0, -14.127804), (-10.299668, 0, -14.815624), (-9.236524, 0, -15.500727), (-8.025067, 0, -16.161194), (-6.6616163, 0, -16.76928), (-5.1521883, 0, -17.292797), (-3.5153272, 0, -17.69826), (-1.7832276, 0, -17.955667), (0, 0, -18.043999), (1.7832276, 0, -17.955667), (3.5153272, 0, -17.69826), (5.1521883, 0, -17.292797), (6.6616163, 0, -16.76928), (8.025067, 0, -16.161194), (9.236524, 0, -15.500727), (10.299668, 0, -14.815624), (11.224573, 0, -14.127804), (12.024757, 0, -13.453293), (12.714967, 0, -12.802949), (13.309726, 0, -12.1834755), (13.822505, 0, -11.598458), (-13.80674, 0.8615556, -11.58523), (-13.292978, 0.9049051, -12.168145), (-12.697303, 0.95079064, -12.785163), (-12.006316, 0.9989429, -13.43266), (-11.205594, 1.048862, -14.103915), (-10.28052, 1.0997411, -14.788081), (-9.217732, 1.150393, -15.469192), (-8.007324, 1.1991978, -16.125463), (-6.6457634, 1.2441086, -16.729372), (-5.1391525, 1.2827549, -17.249044), (-3.5060127, 1.312674, -17.651363), (-1.7783647, 1.3316628, -17.906702), (0, 1.3381778, -17.994308), (1.7783647, 1.3316628, -17.906702), (3.5060127, 1.312674, -17.651363), (5.1391525, 1.2827549, -17.249044), (6.6457634, 1.2441086, -16.729372), (8.007324, 1.1991978, -16.125463), (9.217732, 1.150393, -15.469192), (10.28052, 1.0997411, -14.788081), (11.205594, 1.048862, -14.103915), (12.006316, 0.9989429, -13.43266), (12.697303, 0.95079064, -12.785163), (13.292978, 0.9049051, -12.168145), (13.80674, 0.8615556, -11.58523), (-13.759765, 1.7172486, -11.545814), (-13.243113, 1.803021, -12.1224985), (-12.644749, 1.8937106, -12.732245), (-11.951497, 1.9887637, -13.371328), (-11.149229, 2.087172, -14.032971), (-10.223712, 2.1873283, -14.706366), (-9.162041, 2.2868853, -15.37573), (-7.954795, 2.3826616, -16.019676), (-6.598874, 2.4706616, -16.61134), (-5.100631, 2.5462797, -17.119751), (-3.4785073, 2.6047516, -17.512884), (-1.7640114, 2.6418295, -17.762177), (0, 2.654545, -17.847668), (1.7640114, 2.6418295, -17.762177), (3.4785073, 2.6047516, -17.512884), (5.100631, 2.5462797, -17.119751), (6.598874, 2.4706616, -16.61134), (7.954795, 2.3826616, -16.019676), (9.162041, 2.2868853, -15.37573), (10.223712, 2.1873283, -14.706366), (11.149229, 2.087172, -14.032971), (11.951497, 1.9887637, -13.371328), (12.644749, 1.8937106, -12.732245), (13.243113, 1.803021, -12.1224985), (13.759765, 1.7172486, -11.545814), (-13.6825285, 2.561414, -11.481005), (-13.161235, 2.6878104, -12.04755), (-12.558591, 2.821211, -12.645491), (-11.861776, 2.960751, -13.270949), (-11.057148, 3.1049013, -13.917073), (-10.131089, 3.2512681, -14.573132), (-9.071423, 3.3963997, -15.223654), (-7.869497, 3.535669, -15.8479), (-6.522884, 3.6633155, -16.420048), (-5.0383105, 3.7727528, -16.910578), (-3.4340692, 3.8572137, -17.289158), (-1.7408426, 3.910697, -17.528885), (0, 3.9290254, -17.611038), (1.7408426, 3.910697, -17.528885), (3.4340692, 3.8572137, -17.289158), (5.0383105, 3.7727528, -16.910578), (6.522884, 3.6633155, -16.420048), (7.869497, 3.535669, -15.8479), (9.071423, 3.3963997, -15.223654), (10.131089, 3.2512681, -14.573132), (11.057148, 3.1049013, -13.917073), (11.861776, 2.960751, -13.270949), (12.558591, 2.821211, -12.645491), (13.161235, 2.6878104, -12.04755), (13.6825285, 2.561414, -11.481005), (-13.57655, 3.388766, -11.392078), (-13.049116, 3.553218, -11.944919), (-12.440876, 3.7263563, -12.526961), (-11.739495, 3.9069724, -13.134142), (-10.931986, 4.0930066, -13.759538), (-10.005548, 4.2813053, -14.392545), (-8.948958, 4.4673977, -15.018135), (-7.7545614, 4.6453733, -15.616439), (-6.4207764, 4.8079615, -16.163013), (-4.954778, 4.9469366, -16.630209), (-3.374623, 5.0539236, -16.98987), (-1.7098882, 5.1215463, -17.2172), (0, 5.1446977, -17.295027), (1.7098882, 5.1215463, -17.2172), (3.374623, 5.0539236, -16.98987), (4.954778, 4.9469366, -16.630209), (6.4207764, 4.8079615, -16.163013), (7.7545614, 4.6453733, -15.616439), (8.948958, 4.4673977, -15.018135), (10.005548, 4.2813053, -14.392545), (10.931986, 4.0930066, -13.759538), (11.739495, 3.9069724, -13.134142), (12.440876, 3.7263563, -12.526961), (13.049116, 3.553218, -11.944919), (13.57655, 3.388766, -11.392078), (-13.443842, 4.194552, -11.280724), (-12.909088, 4.393861, -11.816739), (-12.294282, 4.6030593, -12.379353), (-11.587697, 4.8205657, -12.96431), (-10.777137, 5.043788, -13.564638), (-9.850789, 5.268857, -14.169932), (-8.798557, 5.4903955, -14.765732), (-7.6139293, 5.70141, -15.333228), (-6.2962794, 5.89342, -15.849617), (-4.853244, 6.056954, -16.289421), (-3.3025422, 6.182467, -16.626972), (-1.6724138, 6.2616267, -16.83986), (0, 6.288697, -16.912663), (1.6724138, 6.2616267, -16.83986), (3.3025422, 6.182467, -16.626972), (4.853244, 6.056954, -16.289421), (6.2962794, 5.89342, -15.849617), (7.6139293, 5.70141, -15.333228), (8.798557, 5.4903955, -14.765732), (9.850789, 5.268857, -14.169932), (10.777137, 5.043788, -13.564638), (11.587697, 4.8205657, -12.96431), (12.294282, 4.6030593, -12.379353), (12.909088, 4.393861, -11.816739), (13.443842, 4.194552, -11.280724), (-13.28681, 4.9746685, -11.148957), (-12.743912, 5.205168, -11.66554), (-12.121957, 5.446248, -12.205835), (-11.409924, 5.6959333, -12.765417), (-10.596524, 5.951112, -13.33731), (-9.671049, 6.2072635, -13.911383), (-8.624638, 6.458241, -14.47386), (-7.4520087, 6.6961937, -15.007146), (-6.153519, 6.911753, -15.490247), (-4.7372313, 7.094601, -15.900036), (-3.2204146, 7.2344656, -16.213491), (-1.6297929, 7.3224616, -16.410704), (0, 7.352515, -16.478058), (1.6297929, 7.3224616, -16.410704), (3.2204146, 7.2344656, -16.213491), (4.7372313, 7.094601, -15.900036), (6.153519, 6.911753, -15.490247), (7.4520087, 6.6961937, -15.007146), (8.624638, 6.458241, -14.47386), (9.671049, 6.2072635, -13.911383), (10.596524, 5.951112, -13.33731), (11.409924, 5.6959333, -12.765417), (12.121957, 5.446248, -12.205835), (12.743912, 5.205168, -11.66554), (13.28681, 4.9746685, -11.148957), (-13.108134, 5.725733, -10.999031), (-12.556644, 5.9834595, -11.494119), (-11.927351, 6.2519493, -12.009883), (-11.210017, 6.528828, -12.541762), (-10.394345, 6.810494, -13.082837), (-9.470802, 7.0918603, -13.623337), (-8.431815, 7.3661623, -14.150266), (-7.273346, 7.624927, -14.647348), (-5.996702, 7.858216, -15.095492), (-4.6102934, 8.055245, -15.473982), (-3.130827, 8.205415, -15.762455), (-1.5833917, 8.29965, -15.9434805), (0, 8.331791, -16.005222), (1.5833917, 8.29965, -15.9434805), (3.130827, 8.205415, -15.762455), (4.6102934, 8.055245, -15.473982), (5.996702, 7.858216, -15.095492), (7.273346, 7.624927, -14.647348), (8.431815, 7.3661623, -14.150266), (9.470802, 7.0918603, -13.623337), (10.394345, 6.810494, -13.082837), (11.210017, 6.528828, -12.541762), (11.927351, 6.2519493, -12.009883), (12.556644, 5.9834595, -11.494119), (13.108134, 5.725733, -10.999031)]
                        color3f[] primvars:displayColor = [(0.36666667, 0.73333335, 0.68333334)] (
                            interpolation = "constant"
                        )
                        float[] primvars:displayOpacity = [0.3] (
                            interpolation = "constant"
                        )
                        uniform token purpose = "guide"
                        uniform token subdivisionScheme = "none"
                    }
                }
            }

            over "sec_cam_yard_hr_fixed_2"
            {
                double aeco:cctv:mountHeight = 2.5

                over "Sensor_0"
                {
                    double aeco:cctvSensor:effectiveWidth = 8.818976585197152
                    double aeco:cctvSensor:hfov = 99.99999999999999
                    double aeco:cctvSensor:targetRange = 4.510999617209059
                    double aeco:cctvSensor:vfov = 54.99999999999999
                    float2 clippingRange = (0.05, 40)
                    float focalLength = 3.7
                    float horizontalAperture = 8.818976
                    float verticalAperture = 3.8521962
                    matrix4d xformOp:transform = ( (-0.4705882352941173, 0.882352941176471, 0, 0), (-0.5060968556038646, -0.2699183229887275, 0.8191520442889917, 0), (0.7227812155491107, 0.3854833149595252, 0.5735764363510463, 0), (0, 0, 0, 1) )
                    uniform token[] xformOpOrder = ["xformOp:transform"]

                    def Mesh "Sector" (
                        prepend apiSchemas = ["AecoDerivedGeometryAPI", "MaterialBindingAPI"]
                    )
                    {
                        uniform token aeco:derived:approx = "tessellated"
                        uniform token aeco:derived:role = "sector"
                        string aeco:derived:source = "021ca726-e05c-5ea8-853c-a20d1f571e2c"
                        string aeco:derived:stamp = "usdAecoCctv derive 0.5.3"
                        uniform bool doubleSided = 1
                        float3[] extent = [(-30.641777, -18.469944, -40), (30.641777, 18.469944, 0)]
                        int[] faceVertexCounts = [4, 4, 4, 4, 4, 4, 4, 4, 4, 4, 4, 4, 4, 4, 4, 4, 4, 4, 4, 4, 4, 4, 4, 4, 4, 4, 4, 4, 4, 4, 4, 4, 4, 4, 4, 4, 4, 4, 4, 4, 4, 4, 4, 4, 4, 4, 4, 4, 4, 4, 4, 4, 4, 4, 4, 4, 4, 4, 4, 4, 4, 4, 4, 4, 4, 4, 4, 4, 4, 4, 4, 4, 4, 4, 4, 4, 4, 4, 4, 4, 4, 4, 4, 4, 4, 4, 4, 4, 4, 4, 4, 4, 4, 4, 4, 4, 4, 4, 4, 4, 4, 4, 4, 4, 4, 4, 4, 4, 4, 4, 4, 4, 4, 4, 4, 4, 4, 4, 4, 4, 4, 4, 4, 4, 4, 4, 4, 4, 4, 4, 4, 4, 4, 4, 4, 4, 4, 4, 4, 4, 4, 4, 4, 4, 4, 4, 4, 4, 4, 4, 4, 4, 4, 4, 4, 4, 4, 4, 4, 4, 4, 4, 4, 4, 4, 4, 4, 4, 4, 4, 4, 4, 4, 4, 4, 4, 4, 4, 4, 4, 4, 4, 4, 4, 4, 4, 4, 4, 4, 4, 4, 4, 4, 4, 4, 4, 4, 4, 4, 4, 4, 4, 4, 4, 4, 4, 4, 4, 4, 4, 4, 4, 4, 4, 4, 4, 4, 4, 4, 4, 4, 4, 4, 4, 4, 4, 4, 4, 4, 4, 4, 4, 4, 4, 4, 4, 4, 4, 4, 4, 4, 4, 4, 4, 4, 4, 4, 4, 4, 4, 4, 4, 4, 4, 4, 4, 4, 4, 4, 4, 4, 4, 4, 4, 4, 4, 4, 4, 4, 4, 4, 4, 4, 4, 4, 4, 4, 4, 4, 4, 4, 4, 4, 4, 4, 4, 4, 4, 4, 4, 4, 4, 4, 4, 4, 4, 4, 4, 4, 4, 4, 4, 4, 4, 4, 4, 4, 4, 4, 4, 4, 4, 4, 4, 4, 4, 4, 4, 4, 4, 4, 4, 4, 4, 4, 4, 4, 4, 4, 4, 4, 4, 4, 4, 4, 4, 3, 3, 3, 3, 3, 3, 3, 3, 3, 3, 3, 3, 3, 3, 3, 3, 3, 3, 3, 3, 3, 3, 3, 3, 3, 3, 3, 3, 3, 3, 3, 3, 3, 3, 3, 3, 3, 3, 3, 3, 3, 3, 3, 3, 3, 3, 3, 3, 3, 3, 3, 3, 3, 3, 3, 3, 3, 3, 3, 3, 3, 3, 3, 3, 3, 3, 3, 3, 3, 3, 3, 3, 3, 3, 3, 3]
                        int[] faceVertexIndices = [1, 26, 27, 2, 2, 27, 28, 3, 3, 28, 29, 4, 4, 29, 30, 5, 5, 30, 31, 6, 6, 31, 32, 7, 7, 32, 33, 8, 8, 33, 34, 9, 9, 34, 35, 10, 10, 35, 36, 11, 11, 36, 37, 12, 12, 37, 38, 13, 13, 38, 39, 14, 14, 39, 40, 15, 15, 40, 41, 16, 16, 41, 42, 17, 17, 42, 43, 18, 18, 43, 44, 19, 19, 44, 45, 20, 20, 45, 46, 21, 21, 46, 47, 22, 22, 47, 48, 23, 23, 48, 49, 24, 24, 49, 50, 25, 26, 51, 52, 27, 27, 52, 53, 28, 28, 53, 54, 29, 29, 54, 55, 30, 30, 55, 56, 31, 31, 56, 57, 32, 32, 57, 58, 33, 33, 58, 59, 34, 34, 59, 60, 35, 35, 60, 61, 36, 36, 61, 62, 37, 37, 62, 63, 38, 38, 63, 64, 39, 39, 64, 65, 40, 40, 65, 66, 41, 41, 66, 67, 42, 42, 67, 68, 43, 43, 68, 69, 44, 44, 69, 70, 45, 45, 70, 71, 46, 46, 71, 72, 47, 47, 72, 73, 48, 48, 73, 74, 49, 49, 74, 75, 50, 51, 76, 77, 52, 52, 77, 78, 53, 53, 78, 79, 54, 54, 79, 80, 55, 55, 80, 81, 56, 56, 81, 82, 57, 57, 82, 83, 58, 58, 83, 84, 59, 59, 84, 85, 60, 60, 85, 86, 61, 61, 86, 87, 62, 62, 87, 88, 63, 63, 88, 89, 64, 64, 89, 90, 65, 65, 90, 91, 66, 66, 91, 92, 67, 67, 92, 93, 68, 68, 93, 94, 69, 69, 94, 95, 70, 70, 95, 96, 71, 71, 96, 97, 72, 72, 97, 98, 73, 73, 98, 99, 74, 74, 99, 100, 75, 76, 101, 102, 77, 77, 102, 103, 78, 78, 103, 104, 79, 79, 104, 105, 80, 80, 105, 106, 81, 81, 106, 107, 82, 82, 107, 108, 83, 83, 108, 109, 84, 84, 109, 110, 85, 85, 110, 111, 86, 86, 111, 112, 87, 87, 112, 113, 88, 88, 113, 114, 89, 89, 114, 115, 90, 90, 115, 116, 91, 91, 116, 117, 92, 92, 117, 118, 93, 93, 118, 119, 94, 94, 119, 120, 95, 95, 120, 121, 96, 96, 121, 122, 97, 97, 122, 123, 98, 98, 123, 124, 99, 99, 124, 125, 100, 101, 126, 127, 102, 102, 127, 128, 103, 103, 128, 129, 104, 104, 129, 130, 105, 105, 130, 131, 106, 106, 131, 132, 107, 107, 132, 133, 108, 108, 133, 134, 109, 109, 134, 135, 110, 110, 135, 136, 111, 111, 136, 137, 112, 112, 137, 138, 113, 113, 138, 139, 114, 114, 139, 140, 115, 115, 140, 141, 116, 116, 141, 142, 117, 117, 142, 143, 118, 118, 143, 144, 119, 119, 144, 145, 120, 120, 145, 146, 121, 121, 146, 147, 122, 122, 147, 148, 123, 123, 148, 149, 124, 124, 149, 150, 125, 126, 151, 152, 127, 127, 152, 153, 128, 128, 153, 154, 129, 129, 154, 155, 130, 130, 155, 156, 131, 131, 156, 157, 132, 132, 157, 158, 133, 133, 158, 159, 134, 134, 159, 160, 135, 135, 160, 161, 136, 136, 161, 162, 137, 137, 162, 163, 138, 138, 163, 164, 139, 139, 164, 165, 140, 140, 165, 166, 141, 141, 166, 167, 142, 142, 167, 168, 143, 143, 168, 169, 144, 144, 169, 170, 145, 145, 170, 171, 146, 146, 171, 172, 147, 147, 172, 173, 148, 148, 173, 174, 149, 149, 174, 175, 150, 151, 176, 177, 152, 152, 177, 178, 153, 153, 178, 179, 154, 154, 179, 180, 155, 155, 180, 181, 156, 156, 181, 182, 157, 157, 182, 183, 158, 158, 183, 184, 159, 159, 184, 185, 160, 160, 185, 186, 161, 161, 186, 187, 162, 162, 187, 188, 163, 163, 188, 189, 164, 164, 189, 190, 165, 165, 190, 191, 166, 166, 191, 192, 167, 167, 192, 193, 168, 168, 193, 194, 169, 169, 194, 195, 170, 170, 195, 196, 171, 171, 196, 197, 172, 172, 197, 198, 173, 173, 198, 199, 174, 174, 199, 200, 175, 176, 201, 202, 177, 177, 202, 203, 178, 178, 203, 204, 179, 179, 204, 205, 180, 180, 205, 206, 181, 181, 206, 207, 182, 182, 207, 208, 183, 183, 208, 209, 184, 184, 209, 210, 185, 185, 210, 211, 186, 186, 211, 212, 187, 187, 212, 213, 188, 188, 213, 214, 189, 189, 214, 215, 190, 190, 215, 216, 191, 191, 216, 217, 192, 192, 217, 218, 193, 193, 218, 219, 194, 194, 219, 220, 195, 195, 220, 221, 196, 196, 221, 222, 197, 197, 222, 223, 198, 198, 223, 224, 199, 199, 224, 225, 200, 201, 226, 227, 202, 202, 227, 228, 203, 203, 228, 229, 204, 204, 229, 230, 205, 205, 230, 231, 206, 206, 231, 232, 207, 207, 232, 233, 208, 208, 233, 234, 209, 209, 234, 235, 210, 210, 235, 236, 211, 211, 236, 237, 212, 212, 237, 238, 213, 213, 238, 239, 214, 214, 239, 240, 215, 215, 240, 241, 216, 216, 241, 242, 217, 217, 242, 243, 218, 218, 243, 244, 219, 219, 244, 245, 220, 220, 245, 246, 221, 221, 246, 247, 222, 222, 247, 248, 223, 223, 248, 249, 224, 224, 249, 250, 225, 226, 251, 252, 227, 227, 252, 253, 228, 228, 253, 254, 229, 229, 254, 255, 230, 230, 255, 256, 231, 231, 256, 257, 232, 232, 257, 258, 233, 233, 258, 259, 234, 234, 259, 260, 235, 235, 260, 261, 236, 236, 261, 262, 237, 237, 262, 263, 238, 238, 263, 264, 239, 239, 264, 265, 240, 240, 265, 266, 241, 241, 266, 267, 242, 242, 267, 268, 243, 243, 268, 269, 244, 244, 269, 270, 245, 245, 270, 271, 246, 246, 271, 272, 247, 247, 272, 273, 248, 248, 273, 274, 249, 249, 274, 275, 250, 251, 276, 277, 252, 252, 277, 278, 253, 253, 278, 279, 254, 254, 279, 280, 255, 255, 280, 281, 256, 256, 281, 282, 257, 257, 282, 283, 258, 258, 283, 284, 259, 259, 284, 285, 260, 260, 285, 286, 261, 261, 286, 287, 262, 262, 287, 288, 263, 263, 288, 289, 264, 264, 289, 290, 265, 265, 290, 291, 266, 266, 291, 292, 267, 267, 292, 293, 268, 268, 293, 294, 269, 269, 294, 295, 270, 270, 295, 296, 271, 271, 296, 297, 272, 272, 297, 298, 273, 273, 298, 299, 274, 274, 299, 300, 275, 276, 301, 302, 277, 277, 302, 303, 278, 278, 303, 304, 279, 279, 304, 305, 280, 280, 305, 306, 281, 281, 306, 307, 282, 282, 307, 308, 283, 283, 308, 309, 284, 284, 309, 310, 285, 285, 310, 311, 286, 286, 311, 312, 287, 287, 312, 313, 288, 288, 313, 314, 289, 289, 314, 315, 290, 290, 315, 316, 291, 291, 316, 317, 292, 292, 317, 318, 293, 293, 318, 319, 294, 294, 319, 320, 295, 295, 320, 321, 296, 296, 321, 322, 297, 297, 322, 323, 298, 298, 323, 324, 299, 299, 324, 325, 300, 301, 326, 327, 302, 302, 327, 328, 303, 303, 328, 329, 304, 304, 329, 330, 305, 305, 330, 331, 306, 306, 331, 332, 307, 307, 332, 333, 308, 308, 333, 334, 309, 309, 334, 335, 310, 310, 335, 336, 311, 311, 336, 337, 312, 312, 337, 338, 313, 313, 338, 339, 314, 314, 339, 340, 315, 315, 340, 341, 316, 316, 341, 342, 317, 317, 342, 343, 318, 318, 343, 344, 319, 319, 344, 345, 320, 320, 345, 346, 321, 321, 346, 347, 322, 322, 347, 348, 323, 323, 348, 349, 324, 324, 349, 350, 325, 326, 351, 352, 327, 327, 352, 353, 328, 328, 353, 354, 329, 329, 354, 355, 330, 330, 355, 356, 331, 331, 356, 357, 332, 332, 357, 358, 333, 333, 358, 359, 334, 334, 359, 360, 335, 335, 360, 361, 336, 336, 361, 362, 337, 337, 362, 363, 338, 338, 363, 364, 339, 339, 364, 365, 340, 340, 365, 366, 341, 341, 366, 367, 342, 342, 367, 368, 343, 343, 368, 369, 344, 344, 369, 370, 345, 345, 370, 371, 346, 346, 371, 372, 347, 347, 372, 373, 348, 348, 373, 374, 349, 349, 374, 375, 350, 0, 1, 2, 0, 2, 3, 0, 3, 4, 0, 4, 5, 0, 5, 6, 0, 6, 7, 0, 7, 8, 0, 8, 9, 0, 9, 10, 0, 10, 11, 0, 11, 12, 0, 12, 13, 0, 13, 14, 0, 14, 15, 0, 15, 16, 0, 16, 17, 0, 17, 18, 0, 18, 19, 0, 19, 20, 0, 20, 21, 0, 21, 22, 0, 22, 23, 0, 23, 24, 0, 24, 25, 0, 352, 351, 0, 353, 352, 0, 354, 353, 0, 355, 354, 0, 356, 355, 0, 357, 356, 0, 358, 357, 0, 359, 358, 0, 360, 359, 0, 361, 360, 0, 362, 361, 0, 363, 362, 0, 364, 363, 0, 365, 364, 0, 366, 365, 0, 367, 366, 0, 368, 367, 0, 369, 368, 0, 370, 369, 0, 371, 370, 0, 372, 371, 0, 373, 372, 0, 374, 373, 0, 375, 374, 0, 26, 1, 0, 51, 26, 0, 76, 51, 0, 101, 76, 0, 126, 101, 0, 151, 126, 0, 176, 151, 0, 201, 176, 0, 226, 201, 0, 251, 226, 0, 276, 251, 0, 301, 276, 0, 326, 301, 0, 351, 326, 0, 25, 50, 0, 50, 75, 0, 75, 100, 0, 100, 125, 0, 125, 150, 0, 150, 175, 0, 175, 200, 0, 200, 225, 0, 225, 250, 0, 250, 275, 0, 275, 300, 0, 300, 325, 0, 325, 350, 0, 350, 375]
                        rel material:binding = </AecoCctvLooks/Sector>
                        point3f[] points = [(0, 0, 0), (-29.058159, -12.692825, -24.38269), (-27.835613, -13.264154, -25.480204), (-26.440596, -13.859344, -26.623552), (-24.850407, -14.473129, -27.802622), (-23.042223, -15.0975275, -29.00208), (-20.994907, -15.721261, -30.200262), (-18.691677, -16.329334, -31.36836), (-16.123579, -16.902966, -32.470295), (-13.293511, -17.42012, -33.46374), (-10.220115, -17.856895, -34.302776), (-6.9404283, -18.189793, -34.942265), (-3.5100682, -18.398695, -35.343563), (0, -18.469944, -35.480434), (3.5100682, -18.398695, -35.343563), (6.9404283, -18.189793, -34.942265), (10.220115, -17.856895, -34.302776), (13.293511, -17.42012, -33.46374), (16.123579, -16.902966, -32.470295), (18.691677, -16.329334, -31.36836), (20.994907, -15.721261, -30.200262), (23.042223, -15.0975275, -29.00208), (24.850407, -14.473129, -27.802622), (26.440596, -13.859344, -26.623552), (27.835613, -13.264154, -25.480204), (29.058159, -12.692825, -24.38269), (-29.454247, -11.027863, -24.715048), (-28.25075, -11.538835, -25.86021), (-26.871998, -12.073261, -27.05794), (-25.29356, -12.626765, -28.298422), (-23.490412, -13.192446, -29.566195), (-21.438816, -13.760284, -30.838802), (-19.119127, -14.316652, -32.085705), (-16.51964, -14.844146, -33.267895), (-13.641143, -15.322, -34.338833), (-10.501512, -15.727338, -35.247257), (-7.1390266, -16.037388, -35.942127), (-3.6129308, -16.232458, -36.379307), (0, -16.299082, -36.528618), (3.6129308, -16.232458, -36.379307), (7.1390266, -16.037388, -35.942127), (10.501512, -15.727338, -35.247257), (13.641143, -15.322, -34.338833), (16.51964, -14.844146, -33.267895), (19.119127, -14.316652, -32.085705), (21.438816, -13.760284, -30.838802), (23.490412, -13.192446, -29.566195), (25.29356, -12.626765, -28.298422), (26.871998, -12.073261, -27.05794), (28.25075, -11.538835, -25.86021), (29.454247, -11.027863, -24.715048), (-29.802357, -9.298498, -25.007147), (-28.61691, -9.740326, -26.195389), (-27.254007, -10.204079, -27.442593), (-25.687647, -10.686248, -28.739326), (-23.890797, -11.1810875, -30.070137), (-21.837265, -11.680021, -31.411957), (-19.504673, -12.171128, -32.732727), (-16.878586, -12.638906, -33.990757), (-13.957614, -13.064555, -35.135487), (-10.758688, -13.427077, -36.110443), (-7.3210874, -13.705315, -36.85873), (-3.707413, -13.880796, -37.330666), (0, -13.9408045, -37.49205), (3.707413, -13.880796, -37.330666), (7.3210874, -13.705315, -36.85873), (10.758688, -13.427077, -36.110443), (13.957614, -13.064555, -35.135487), (16.878586, -12.638906, -33.990757), (19.504673, -12.171128, -32.732727), (21.837265, -11.680021, -31.411957), (23.890797, -11.1810875, -30.070137), (25.687647, -10.686248, -28.739326), (27.254007, -10.204079, -27.442593), (28.61691, -9.740326, -26.195389), (29.802357, -9.298498, -25.007147), (-30.096544, -7.5122285, -25.254), (-28.927328, -7.8767858, -26.479538), (-27.578978, -8.260599, -27.769812), (-26.024157, -8.66099, -29.115812), (-24.234064, -9.073392, -30.502192), (-22.180332, -9.490813, -31.905443), (-19.838083, -9.903343, -33.292255), (-17.19034, -10.29788, -34.618576), (-14.233601, -10.658306, -35.830227), (-10.983769, -10.966387, -36.86591), (-7.480876, -11.203556, -37.663204), (-3.790486, -11.353462, -38.16715), (0, -11.404784, -38.339676), (3.790486, -11.353462, -38.16715), (7.480876, -11.203556, -37.663204), (10.983769, -10.966387, -36.86591), (14.233601, -10.658306, -35.830227), (17.19034, -10.29788, -34.618576), (19.838083, -9.903343, -33.292255), (22.180332, -9.490813, -31.905443), (24.234064, -9.073392, -30.502192), (26.024157, -8.66099, -29.115812), (27.578978, -8.260599, -27.769812), (28.927328, -7.8767858, -26.479538), (30.096544, -7.5122285, -25.254), (-30.331478, -5.6781516, -25.451132), (-29.175873, -5.9583473, -26.70705), (-27.83993, -6.2540708, -28.03257), (-26.295227, -6.563403, -29.419088), (-24.511526, -6.8829565, -30.851418), (-22.458635, -7.2074227, -32.30577), (-20.109562, -7.529151, -33.747852), (-17.445127, -7.837884, -35.131683), (-14.459952, -8.120851, -36.40002), (-11.168944, -8.363452, -37.48743), (-7.6126566, -8.550685, -38.326664), (-3.859106, -8.669247, -38.858093), (0, -8.709877, -39.04021), (3.859106, -8.669247, -38.858093), (7.6126566, -8.550685, -38.326664), (11.168944, -8.363452, -37.48743), (14.459952, -8.120851, -36.40002), (17.445127, -7.837884, -35.131683), (20.109562, -7.529151, -33.747852), (22.458635, -7.2074227, -32.30577), (24.511526, -6.8829565, -30.851418), (26.295227, -6.563403, -29.419088), (27.83993, -6.2540708, -28.03257), (29.175873, -5.9583473, -26.70705), (30.331478, -5.6781516, -25.451132), (-30.502695, -3.8068027, -25.5948), (-29.357378, -3.9969432, -26.873198), (-28.030924, -4.1979847, -28.224886), (-26.49412, -4.4086986, -29.64161), (-24.71565, -4.6268506, -31.108341), (-22.663961, -4.8488774, -32.601124), (-20.310444, -5.0695753, -34.084972), (-17.634218, -5.281893, -35.512478), (-14.6284075, -5.4769716, -36.824074), (-11.307097, -5.644602, -37.951126), (-7.7111673, -5.774223, -38.822624), (-3.9104667, -5.856417, -39.375256), (0, -5.8846054, -39.564774), (3.9104667, -5.856417, -39.375256), (7.7111673, -5.774223, -38.822624), (11.307097, -5.644602, -37.951126), (14.6284075, -5.4769716, -36.824074), (17.634218, -5.281893, -35.512478), (20.310444, -5.0695753, -34.084972), (22.663961, -4.8488774, -32.601124), (24.71565, -4.6268506, -31.108341), (26.49412, -4.4086986, -29.64161), (28.030924, -4.1979847, -28.224886), (29.357378, -3.9969432, -26.873198), (30.502695, -3.8068027, -25.5948), (-30.606829, -1.9098995, -25.682178), (-29.467922, -2.0059967, -26.974388), (-28.147427, -2.107716, -28.342194), (-26.615644, -2.2144601, -29.777569), (-24.840601, -2.325121, -31.26561), (-22.789894, -2.43791, -32.782272), (-20.4339, -2.5501955, -34.29216), (-17.750666, -2.658386, -35.746983), (-14.732351, -2.7579443, -37.08573), (-11.392492, -2.8436155, -38.237743), (-7.7721415, -2.9099405, -39.129604), (-3.9422853, -2.9520347, -39.69564), (0, -2.9664772, -39.889847), (3.9422853, -2.9520347, -39.69564), (7.7721415, -2.9099405, -39.129604), (11.392492, -2.8436155, -38.237743), (14.732351, -2.7579443, -37.08573), (17.750666, -2.658386, -35.746983), (20.4339, -2.5501955, -34.29216), (22.789894, -2.43791, -32.782272), (24.840601, -2.325121, -31.26561), (26.615644, -2.2144601, -29.777569), (28.147427, -2.107716, -28.342194), (29.467922, -2.0059967, -26.974388), (30.606829, -1.9098995, -25.682178), (-30.641777, 0, -25.711504), (-29.505047, 0, -27.008371), (-28.186584, 0, -28.381622), (-26.656525, 0, -29.823307), (-24.882675, 0, -31.318565), (-22.83234, 0, -32.84333), (-20.475557, 0, -34.362064), (-17.789997, 0, -35.82619), (-14.767495, 0, -37.1742), (-11.42139, 0, -38.334736), (-7.79279, 0, -39.233562), (-3.9530652, 0, -39.804188), (0, 0, -40), (3.9530652, 0, -39.804188), (7.79279, 0, -39.233562), (11.42139, 0, -38.334736), (14.767495, 0, -37.1742), (17.789997, 0, -35.82619), (20.475557, 0, -34.362064), (22.83234, 0, -32.84333), (24.882675, 0, -31.318565), (26.656525, 0, -29.823307), (28.186584, 0, -28.381622), (29.505047, 0, -27.008371), (30.641777, 0, -25.711504), (-30.606829, 1.9098995, -25.682178), (-29.467922, 2.0059967, -26.974388), (-28.147427, 2.107716, -28.342194), (-26.615644, 2.2144601, -29.777569), (-24.840601, 2.325121, -31.26561), (-22.789894, 2.43791, -32.782272), (-20.4339, 2.5501955, -34.29216), (-17.750666, 2.658386, -35.746983), (-14.732351, 2.7579443, -37.08573), (-11.392492, 2.8436155, -38.237743), (-7.7721415, 2.9099405, -39.129604), (-3.9422853, 2.9520347, -39.69564), (0, 2.9664772, -39.889847), (3.9422853, 2.9520347, -39.69564), (7.7721415, 2.9099405, -39.129604), (11.392492, 2.8436155, -38.237743), (14.732351, 2.7579443, -37.08573), (17.750666, 2.658386, -35.746983), (20.4339, 2.5501955, -34.29216), (22.789894, 2.43791, -32.782272), (24.840601, 2.325121, -31.26561), (26.615644, 2.2144601, -29.777569), (28.147427, 2.107716, -28.342194), (29.467922, 2.0059967, -26.974388), (30.606829, 1.9098995, -25.682178), (-30.502695, 3.8068027, -25.5948), (-29.357378, 3.9969432, -26.873198), (-28.030924, 4.1979847, -28.224886), (-26.49412, 4.4086986, -29.64161), (-24.71565, 4.6268506, -31.108341), (-22.663961, 4.8488774, -32.601124), (-20.310444, 5.0695753, -34.084972), (-17.634218, 5.281893, -35.512478), (-14.6284075, 5.4769716, -36.824074), (-11.307097, 5.644602, -37.951126), (-7.7111673, 5.774223, -38.822624), (-3.9104667, 5.856417, -39.375256), (0, 5.8846054, -39.564774), (3.9104667, 5.856417, -39.375256), (7.7111673, 5.774223, -38.822624), (11.307097, 5.644602, -37.951126), (14.6284075, 5.4769716, -36.824074), (17.634218, 5.281893, -35.512478), (20.310444, 5.0695753, -34.084972), (22.663961, 4.8488774, -32.601124), (24.71565, 4.6268506, -31.108341), (26.49412, 4.4086986, -29.64161), (28.030924, 4.1979847, -28.224886), (29.357378, 3.9969432, -26.873198), (30.502695, 3.8068027, -25.5948), (-30.331478, 5.6781516, -25.451132), (-29.175873, 5.9583473, -26.70705), (-27.83993, 6.2540708, -28.03257), (-26.295227, 6.563403, -29.419088), (-24.511526, 6.8829565, -30.851418), (-22.458635, 7.2074227, -32.30577), (-20.109562, 7.529151, -33.747852), (-17.445127, 7.837884, -35.131683), (-14.459952, 8.120851, -36.40002), (-11.168944, 8.363452, -37.48743), (-7.6126566, 8.550685, -38.326664), (-3.859106, 8.669247, -38.858093), (0, 8.709877, -39.04021), (3.859106, 8.669247, -38.858093), (7.6126566, 8.550685, -38.326664), (11.168944, 8.363452, -37.48743), (14.459952, 8.120851, -36.40002), (17.445127, 7.837884, -35.131683), (20.109562, 7.529151, -33.747852), (22.458635, 7.2074227, -32.30577), (24.511526, 6.8829565, -30.851418), (26.295227, 6.563403, -29.419088), (27.83993, 6.2540708, -28.03257), (29.175873, 5.9583473, -26.70705), (30.331478, 5.6781516, -25.451132), (-30.096544, 7.5122285, -25.254), (-28.927328, 7.8767858, -26.479538), (-27.578978, 8.260599, -27.769812), (-26.024157, 8.66099, -29.115812), (-24.234064, 9.073392, -30.502192), (-22.180332, 9.490813, -31.905443), (-19.838083, 9.903343, -33.292255), (-17.19034, 10.29788, -34.618576), (-14.233601, 10.658306, -35.830227), (-10.983769, 10.966387, -36.86591), (-7.480876, 11.203556, -37.663204), (-3.790486, 11.353462, -38.16715), (0, 11.404784, -38.339676), (3.790486, 11.353462, -38.16715), (7.480876, 11.203556, -37.663204), (10.983769, 10.966387, -36.86591), (14.233601, 10.658306, -35.830227), (17.19034, 10.29788, -34.618576), (19.838083, 9.903343, -33.292255), (22.180332, 9.490813, -31.905443), (24.234064, 9.073392, -30.502192), (26.024157, 8.66099, -29.115812), (27.578978, 8.260599, -27.769812), (28.927328, 7.8767858, -26.479538), (30.096544, 7.5122285, -25.254), (-29.802357, 9.298498, -25.007147), (-28.61691, 9.740326, -26.195389), (-27.254007, 10.204079, -27.442593), (-25.687647, 10.686248, -28.739326), (-23.890797, 11.1810875, -30.070137), (-21.837265, 11.680021, -31.411957), (-19.504673, 12.171128, -32.732727), (-16.878586, 12.638906, -33.990757), (-13.957614, 13.064555, -35.135487), (-10.758688, 13.427077, -36.110443), (-7.3210874, 13.705315, -36.85873), (-3.707413, 13.880796, -37.330666), (0, 13.9408045, -37.49205), (3.707413, 13.880796, -37.330666), (7.3210874, 13.705315, -36.85873), (10.758688, 13.427077, -36.110443), (13.957614, 13.064555, -35.135487), (16.878586, 12.638906, -33.990757), (19.504673, 12.171128, -32.732727), (21.837265, 11.680021, -31.411957), (23.890797, 11.1810875, -30.070137), (25.687647, 10.686248, -28.739326), (27.254007, 10.204079, -27.442593), (28.61691, 9.740326, -26.195389), (29.802357, 9.298498, -25.007147), (-29.454247, 11.027863, -24.715048), (-28.25075, 11.538835, -25.86021), (-26.871998, 12.073261, -27.05794), (-25.29356, 12.626765, -28.298422), (-23.490412, 13.192446, -29.566195), (-21.438816, 13.760284, -30.838802), (-19.119127, 14.316652, -32.085705), (-16.51964, 14.844146, -33.267895), (-13.641143, 15.322, -34.338833), (-10.501512, 15.727338, -35.247257), (-7.1390266, 16.037388, -35.942127), (-3.6129308, 16.232458, -36.379307), (0, 16.299082, -36.528618), (3.6129308, 16.232458, -36.379307), (7.1390266, 16.037388, -35.942127), (10.501512, 15.727338, -35.247257), (13.641143, 15.322, -34.338833), (16.51964, 14.844146, -33.267895), (19.119127, 14.316652, -32.085705), (21.438816, 13.760284, -30.838802), (23.490412, 13.192446, -29.566195), (25.29356, 12.626765, -28.298422), (26.871998, 12.073261, -27.05794), (28.25075, 11.538835, -25.86021), (29.454247, 11.027863, -24.715048), (-29.058159, 12.692825, -24.38269), (-27.835613, 13.264154, -25.480204), (-26.440596, 13.859344, -26.623552), (-24.850407, 14.473129, -27.802622), (-23.042223, 15.0975275, -29.00208), (-20.994907, 15.721261, -30.200262), (-18.691677, 16.329334, -31.36836), (-16.123579, 16.902966, -32.470295), (-13.293511, 17.42012, -33.46374), (-10.220115, 17.856895, -34.302776), (-6.9404283, 18.189793, -34.942265), (-3.5100682, 18.398695, -35.343563), (0, 18.469944, -35.480434), (3.5100682, 18.398695, -35.343563), (6.9404283, 18.189793, -34.942265), (10.220115, 17.856895, -34.302776), (13.293511, 17.42012, -33.46374), (16.123579, 16.902966, -32.470295), (18.691677, 16.329334, -31.36836), (20.994907, 15.721261, -30.200262), (23.042223, 15.0975275, -29.00208), (24.850407, 14.473129, -27.802622), (26.440596, 13.859344, -26.623552), (27.835613, 13.264154, -25.480204), (29.058159, 12.692825, -24.38269)]
                        color3f[] primvars:displayColor = [(0, 0.85, 0.95)] (
                            interpolation = "constant"
                        )
                        float[] primvars:displayOpacity = [0.3] (
                            interpolation = "constant"
                        )
                        uniform token purpose = "guide"
                        uniform token subdivisionScheme = "none"
                    }

                    def Mesh "Shell_identify" (
                        prepend apiSchemas = ["AecoDerivedGeometryAPI", "MaterialBindingAPI"]
                    )
                    {
                        uniform token aeco:derived:approx = "tessellated"
                        uniform token aeco:derived:role = "coverage"
                        string aeco:derived:source = "021ca726-e05c-5ea8-853c-a20d1f571e2c"
                        string aeco:derived:stamp = "usdAecoCctv derive 0.5.3"
                        uniform bool doubleSided = 1
                        float3[] extent = [(-3.4556262, -2.0829477, -4.5109997), (3.4556262, 2.0829477, 0)]
                        int[] faceVertexCounts = [4, 4, 4, 4, 4, 4, 4, 4, 4, 4, 4, 4, 4, 4, 4, 4, 4, 4, 4, 4, 4, 4, 4, 4, 4, 4, 4, 4, 4, 4, 4, 4, 4, 4, 4, 4, 4, 4, 4, 4, 4, 4, 4, 4, 4, 4, 4, 4, 4, 4, 4, 4, 4, 4, 4, 4, 4, 4, 4, 4, 4, 4, 4, 4, 4, 4, 4, 4, 4, 4, 4, 4, 4, 4, 4, 4, 4, 4, 4, 4, 4, 4, 4, 4, 4, 4, 4, 4, 4, 4, 4, 4, 4, 4, 4, 4, 4, 4, 4, 4, 4, 4, 4, 4, 4, 4, 4, 4, 4, 4, 4, 4, 4, 4, 4, 4, 4, 4, 4, 4, 4, 4, 4, 4, 4, 4, 4, 4, 4, 4, 4, 4, 4, 4, 4, 4, 4, 4, 4, 4, 4, 4, 4, 4, 4, 4, 4, 4, 4, 4, 4, 4, 4, 4, 4, 4, 4, 4, 4, 4, 4, 4, 4, 4, 4, 4, 4, 4, 4, 4, 4, 4, 4, 4, 4, 4, 4, 4, 4, 4, 4, 4, 4, 4, 4, 4, 4, 4, 4, 4, 4, 4, 4, 4, 4, 4, 4, 4, 4, 4, 4, 4, 4, 4, 4, 4, 4, 4, 4, 4, 4, 4, 4, 4, 4, 4, 4, 4, 4, 4, 4, 4, 4, 4, 4, 4, 4, 4, 4, 4, 4, 4, 4, 4, 4, 4, 4, 4, 4, 4, 4, 4, 4, 4, 4, 4, 4, 4, 4, 4, 4, 4, 4, 4, 4, 4, 4, 4, 4, 4, 4, 4, 4, 4, 4, 4, 4, 4, 4, 4, 4, 4, 4, 4, 4, 4, 4, 4, 4, 4, 4, 4, 4, 4, 4, 4, 4, 4, 4, 4, 4, 4, 4, 4, 4, 4, 4, 4, 4, 4, 4, 4, 4, 4, 4, 4, 4, 4, 4, 4, 4, 4, 4, 4, 4, 4, 4, 4, 4, 4, 4, 4, 4, 4, 4, 4, 4, 4, 4, 4, 4, 4, 4, 4, 4, 4, 3, 3, 3, 3, 3, 3, 3, 3, 3, 3, 3, 3, 3, 3, 3, 3, 3, 3, 3, 3, 3, 3, 3, 3, 3, 3, 3, 3, 3, 3, 3, 3, 3, 3, 3, 3, 3, 3, 3, 3, 3, 3, 3, 3, 3, 3, 3, 3, 3, 3, 3, 3, 3, 3, 3, 3, 3, 3, 3, 3, 3, 3, 3, 3, 3, 3, 3, 3, 3, 3, 3, 3, 3, 3, 3, 3]
                        int[] faceVertexIndices = [1, 26, 27, 2, 2, 27, 28, 3, 3, 28, 29, 4, 4, 29, 30, 5, 5, 30, 31, 6, 6, 31, 32, 7, 7, 32, 33, 8, 8, 33, 34, 9, 9, 34, 35, 10, 10, 35, 36, 11, 11, 36, 37, 12, 12, 37, 38, 13, 13, 38, 39, 14, 14, 39, 40, 15, 15, 40, 41, 16, 16, 41, 42, 17, 17, 42, 43, 18, 18, 43, 44, 19, 19, 44, 45, 20, 20, 45, 46, 21, 21, 46, 47, 22, 22, 47, 48, 23, 23, 48, 49, 24, 24, 49, 50, 25, 26, 51, 52, 27, 27, 52, 53, 28, 28, 53, 54, 29, 29, 54, 55, 30, 30, 55, 56, 31, 31, 56, 57, 32, 32, 57, 58, 33, 33, 58, 59, 34, 34, 59, 60, 35, 35, 60, 61, 36, 36, 61, 62, 37, 37, 62, 63, 38, 38, 63, 64, 39, 39, 64, 65, 40, 40, 65, 66, 41, 41, 66, 67, 42, 42, 67, 68, 43, 43, 68, 69, 44, 44, 69, 70, 45, 45, 70, 71, 46, 46, 71, 72, 47, 47, 72, 73, 48, 48, 73, 74, 49, 49, 74, 75, 50, 51, 76, 77, 52, 52, 77, 78, 53, 53, 78, 79, 54, 54, 79, 80, 55, 55, 80, 81, 56, 56, 81, 82, 57, 57, 82, 83, 58, 58, 83, 84, 59, 59, 84, 85, 60, 60, 85, 86, 61, 61, 86, 87, 62, 62, 87, 88, 63, 63, 88, 89, 64, 64, 89, 90, 65, 65, 90, 91, 66, 66, 91, 92, 67, 67, 92, 93, 68, 68, 93, 94, 69, 69, 94, 95, 70, 70, 95, 96, 71, 71, 96, 97, 72, 72, 97, 98, 73, 73, 98, 99, 74, 74, 99, 100, 75, 76, 101, 102, 77, 77, 102, 103, 78, 78, 103, 104, 79, 79, 104, 105, 80, 80, 105, 106, 81, 81, 106, 107, 82, 82, 107, 108, 83, 83, 108, 109, 84, 84, 109, 110, 85, 85, 110, 111, 86, 86, 111, 112, 87, 87, 112, 113, 88, 88, 113, 114, 89, 89, 114, 115, 90, 90, 115, 116, 91, 91, 116, 117, 92, 92, 117, 118, 93, 93, 118, 119, 94, 94, 119, 120, 95, 95, 120, 121, 96, 96, 121, 122, 97, 97, 122, 123, 98, 98, 123, 124, 99, 99, 124, 125, 100, 101, 126, 127, 102, 102, 127, 128, 103, 103, 128, 129, 104, 104, 129, 130, 105, 105, 130, 131, 106, 106, 131, 132, 107, 107, 132, 133, 108, 108, 133, 134, 109, 109, 134, 135, 110, 110, 135, 136, 111, 111, 136, 137, 112, 112, 137, 138, 113, 113, 138, 139, 114, 114, 139, 140, 115, 115, 140, 141, 116, 116, 141, 142, 117, 117, 142, 143, 118, 118, 143, 144, 119, 119, 144, 145, 120, 120, 145, 146, 121, 121, 146, 147, 122, 122, 147, 148, 123, 123, 148, 149, 124, 124, 149, 150, 125, 126, 151, 152, 127, 127, 152, 153, 128, 128, 153, 154, 129, 129, 154, 155, 130, 130, 155, 156, 131, 131, 156, 157, 132, 132, 157, 158, 133, 133, 158, 159, 134, 134, 159, 160, 135, 135, 160, 161, 136, 136, 161, 162, 137, 137, 162, 163, 138, 138, 163, 164, 139, 139, 164, 165, 140, 140, 165, 166, 141, 141, 166, 167, 142, 142, 167, 168, 143, 143, 168, 169, 144, 144, 169, 170, 145, 145, 170, 171, 146, 146, 171, 172, 147, 147, 172, 173, 148, 148, 173, 174, 149, 149, 174, 175, 150, 151, 176, 177, 152, 152, 177, 178, 153, 153, 178, 179, 154, 154, 179, 180, 155, 155, 180, 181, 156, 156, 181, 182, 157, 157, 182, 183, 158, 158, 183, 184, 159, 159, 184, 185, 160, 160, 185, 186, 161, 161, 186, 187, 162, 162, 187, 188, 163, 163, 188, 189, 164, 164, 189, 190, 165, 165, 190, 191, 166, 166, 191, 192, 167, 167, 192, 193, 168, 168, 193, 194, 169, 169, 194, 195, 170, 170, 195, 196, 171, 171, 196, 197, 172, 172, 197, 198, 173, 173, 198, 199, 174, 174, 199, 200, 175, 176, 201, 202, 177, 177, 202, 203, 178, 178, 203, 204, 179, 179, 204, 205, 180, 180, 205, 206, 181, 181, 206, 207, 182, 182, 207, 208, 183, 183, 208, 209, 184, 184, 209, 210, 185, 185, 210, 211, 186, 186, 211, 212, 187, 187, 212, 213, 188, 188, 213, 214, 189, 189, 214, 215, 190, 190, 215, 216, 191, 191, 216, 217, 192, 192, 217, 218, 193, 193, 218, 219, 194, 194, 219, 220, 195, 195, 220, 221, 196, 196, 221, 222, 197, 197, 222, 223, 198, 198, 223, 224, 199, 199, 224, 225, 200, 201, 226, 227, 202, 202, 227, 228, 203, 203, 228, 229, 204, 204, 229, 230, 205, 205, 230, 231, 206, 206, 231, 232, 207, 207, 232, 233, 208, 208, 233, 234, 209, 209, 234, 235, 210, 210, 235, 236, 211, 211, 236, 237, 212, 212, 237, 238, 213, 213, 238, 239, 214, 214, 239, 240, 215, 215, 240, 241, 216, 216, 241, 242, 217, 217, 242, 243, 218, 218, 243, 244, 219, 219, 244, 245, 220, 220, 245, 246, 221, 221, 246, 247, 222, 222, 247, 248, 223, 223, 248, 249, 224, 224, 249, 250, 225, 226, 251, 252, 227, 227, 252, 253, 228, 228, 253, 254, 229, 229, 254, 255, 230, 230, 255, 256, 231, 231, 256, 257, 232, 232, 257, 258, 233, 233, 258, 259, 234, 234, 259, 260, 235, 235, 260, 261, 236, 236, 261, 262, 237, 237, 262, 263, 238, 238, 263, 264, 239, 239, 264, 265, 240, 240, 265, 266, 241, 241, 266, 267, 242, 242, 267, 268, 243, 243, 268, 269, 244, 244, 269, 270, 245, 245, 270, 271, 246, 246, 271, 272, 247, 247, 272, 273, 248, 248, 273, 274, 249, 249, 274, 275, 250, 251, 276, 277, 252, 252, 277, 278, 253, 253, 278, 279, 254, 254, 279, 280, 255, 255, 280, 281, 256, 256, 281, 282, 257, 257, 282, 283, 258, 258, 283, 284, 259, 259, 284, 285, 260, 260, 285, 286, 261, 261, 286, 287, 262, 262, 287, 288, 263, 263, 288, 289, 264, 264, 289, 290, 265, 265, 290, 291, 266, 266, 291, 292, 267, 267, 292, 293, 268, 268, 293, 294, 269, 269, 294, 295, 270, 270, 295, 296, 271, 271, 296, 297, 272, 272, 297, 298, 273, 273, 298, 299, 274, 274, 299, 300, 275, 276, 301, 302, 277, 277, 302, 303, 278, 278, 303, 304, 279, 279, 304, 305, 280, 280, 305, 306, 281, 281, 306, 307, 282, 282, 307, 308, 283, 283, 308, 309, 284, 284, 309, 310, 285, 285, 310, 311, 286, 286, 311, 312, 287, 287, 312, 313, 288, 288, 313, 314, 289, 289, 314, 315, 290, 290, 315, 316, 291, 291, 316, 317, 292, 292, 317, 318, 293, 293, 318, 319, 294, 294, 319, 320, 295, 295, 320, 321, 296, 296, 321, 322, 297, 297, 322, 323, 298, 298, 323, 324, 299, 299, 324, 325, 300, 301, 326, 327, 302, 302, 327, 328, 303, 303, 328, 329, 304, 304, 329, 330, 305, 305, 330, 331, 306, 306, 331, 332, 307, 307, 332, 333, 308, 308, 333, 334, 309, 309, 334, 335, 310, 310, 335, 336, 311, 311, 336, 337, 312, 312, 337, 338, 313, 313, 338, 339, 314, 314, 339, 340, 315, 315, 340, 341, 316, 316, 341, 342, 317, 317, 342, 343, 318, 318, 343, 344, 319, 319, 344, 345, 320, 320, 345, 346, 321, 321, 346, 347, 322, 322, 347, 348, 323, 323, 348, 349, 324, 324, 349, 350, 325, 326, 351, 352, 327, 327, 352, 353, 328, 328, 353, 354, 329, 329, 354, 355, 330, 330, 355, 356, 331, 331, 356, 357, 332, 332, 357, 358, 333, 333, 358, 359, 334, 334, 359, 360, 335, 335, 360, 361, 336, 336, 361, 362, 337, 337, 362, 363, 338, 338, 363, 364, 339, 339, 364, 365, 340, 340, 365, 366, 341, 341, 366, 367, 342, 342, 367, 368, 343, 343, 368, 369, 344, 344, 369, 370, 345, 345, 370, 371, 346, 346, 371, 372, 347, 347, 372, 373, 348, 348, 373, 374, 349, 349, 374, 375, 350, 0, 1, 2, 0, 2, 3, 0, 3, 4, 0, 4, 5, 0, 5, 6, 0, 6, 7, 0, 7, 8, 0, 8, 9, 0, 9, 10, 0, 10, 11, 0, 11, 12, 0, 12, 13, 0, 13, 14, 0, 14, 15, 0, 15, 16, 0, 16, 17, 0, 17, 18, 0, 18, 19, 0, 19, 20, 0, 20, 21, 0, 21, 22, 0, 22, 23, 0, 23, 24, 0, 24, 25, 0, 352, 351, 0, 353, 352, 0, 354, 353, 0, 355, 354, 0, 356, 355, 0, 357, 356, 0, 358, 357, 0, 359, 358, 0, 360, 359, 0, 361, 360, 0, 362, 361, 0, 363, 362, 0, 364, 363, 0, 365, 364, 0, 366, 365, 0, 367, 366, 0, 368, 367, 0, 369, 368, 0, 370, 369, 0, 371, 370, 0, 372, 371, 0, 373, 372, 0, 374, 373, 0, 375, 374, 0, 26, 1, 0, 51, 26, 0, 76, 51, 0, 101, 76, 0, 126, 101, 0, 151, 126, 0, 176, 151, 0, 201, 176, 0, 226, 201, 0, 251, 226, 0, 276, 251, 0, 301, 276, 0, 326, 301, 0, 351, 326, 0, 25, 50, 0, 50, 75, 0, 75, 100, 0, 100, 125, 0, 125, 150, 0, 150, 175, 0, 175, 200, 0, 200, 225, 0, 225, 250, 0, 250, 275, 0, 275, 300, 0, 300, 325, 0, 325, 350, 0, 350, 375]
                        rel material:binding = </AecoCctvLooks/Shell_identify>
                        point3f[] points = [(0, 0, 0), (-3.2770336, -1.4314332, -2.7497578), (-3.139161, -1.4958649, -2.8735297), (-2.9818377, -1.5629873, -3.0024707), (-2.8025043, -1.632207, -3.1354406), (-2.5985863, -1.7026235, -3.2707093), (-2.3677006, -1.7729651, -3.4058342), (-2.1079538, -1.8415406, -3.5375664), (-1.8183365, -1.9062318, -3.661837), (-1.4991755, -1.964554, -3.773873), (-1.1525733, -2.0138113, -3.8684955), (-0.78270674, -2.0513537, -3.9406137), (-0.39584792, -2.0749125, -3.9858701), (0, -2.0829477, -4.0013056), (0.39584792, -2.0749125, -3.9858701), (0.78270674, -2.0513537, -3.9406137), (1.1525733, -2.0138113, -3.8684955), (1.4991755, -1.964554, -3.773873), (1.8183365, -1.9062318, -3.661837), (2.1079538, -1.8415406, -3.5375664), (2.3677006, -1.7729651, -3.4058342), (2.5985863, -1.7026235, -3.2707093), (2.8025043, -1.632207, -3.1354406), (2.9818377, -1.5629873, -3.0024707), (3.139161, -1.4958649, -2.8735297), (3.2770336, -1.4314332, -2.7497578), (-3.3217025, -1.2436671, -2.7872393), (-3.185978, -1.301292, -2.916385), (-3.0304892, -1.361562, -3.0514588), (-2.852481, -1.4239833, -3.1913543), (-2.649131, -1.487778, -3.3343275), (-2.4177623, -1.5518159, -3.4778457), (-2.1561594, -1.6145602, -3.618465), (-1.8630022, -1.6740484, -3.7517865), (-1.5383798, -1.7279383, -3.8725617), (-1.1843078, -1.7736503, -3.975009), (-0.80510366, -1.8086164, -4.053373), (-0.40744823, -1.8306154, -4.102676), (0, -1.8381288, -4.1195145), (0.40744823, -1.8306154, -4.102676), (0.80510366, -1.8086164, -4.053373), (1.1843078, -1.7736503, -3.975009), (1.5383798, -1.7279383, -3.8725617), (1.8630022, -1.6740484, -3.7517865), (2.1561594, -1.6145602, -3.618465), (2.4177623, -1.5518159, -3.4778457), (2.649131, -1.487778, -3.3343275), (2.852481, -1.4239833, -3.1913543), (3.0304892, -1.361562, -3.0514588), (3.185978, -1.301292, -2.916385), (3.3217025, -1.2436671, -2.7872393), (-3.3609605, -1.048638, -2.820181), (-3.227272, -1.0984652, -2.9541848), (-3.0735705, -1.1507648, -3.0948381), (-2.8969243, -1.2051414, -3.2410774), (-2.6942842, -1.260947, -3.3911595), (-2.4626973, -1.3172143, -3.542483), (-2.1996393, -1.3725989, -3.691433), (-1.9034823, -1.4253525, -3.833307), (-1.5740699, -1.473355, -3.9624043), (-1.213311, -1.5142385, -4.0723553), (-0.82563555, -1.5456167, -4.156743), (-0.41810346, -1.5654067, -4.209965), (0, -1.5721742, -4.2281656), (0.41810346, -1.5654067, -4.209965), (0.82563555, -1.5456167, -4.156743), (1.213311, -1.5142385, -4.0723553), (1.5740699, -1.473355, -3.9624043), (1.9034823, -1.4253525, -3.833307), (2.1996393, -1.3725989, -3.691433), (2.4626973, -1.3172143, -3.542483), (2.6942842, -1.260947, -3.3911595), (2.8969243, -1.2051414, -3.2410774), (3.0735705, -1.1507648, -3.0948381), (3.227272, -1.0984652, -2.9541848), (3.3609605, -1.048638, -2.820181), (-3.3941374, -0.8471915, -2.8480196), (-3.262279, -0.8883045, -2.9862297), (-3.110219, -0.93158907, -3.1317403), (-2.9348738, -0.9767431, -3.2835355), (-2.7329965, -1.0232517, -3.4398844), (-2.501387, -1.0703263, -3.5981362), (-2.2372396, -1.1168494, -3.7545338), (-1.9386404, -1.1613433, -3.9041097), (-1.6051941, -1.2019904, -4.0407534), (-1.2386945, -1.2367342, -4.1575522), (-0.84365577, -1.2634809, -4.2474675), (-0.42747205, -1.2803866, -4.3043), (0, -1.2861744, -4.3237567), (0.42747205, -1.2803866, -4.3043), (0.84365577, -1.2634809, -4.2474675), (1.2386945, -1.2367342, -4.1575522), (1.6051941, -1.2019904, -4.0407534), (1.9386404, -1.1613433, -3.9041097), (2.2372396, -1.1168494, -3.7545338), (2.501387, -1.0703263, -3.5981362), (2.7329965, -1.0232517, -3.4398844), (2.9348738, -0.9767431, -3.2835355), (3.110219, -0.93158907, -3.1317403), (3.262279, -0.8883045, -2.9862297), (3.3941374, -0.8471915, -2.8480196), (-3.4206321, -0.6403535, -2.8702512), (-3.2903087, -0.6719526, -3.0118876), (-3.1396477, -0.7053028, -3.1613727), (-2.965444, -0.74018776, -3.3177373), (-2.764287, -0.7762253, -3.4792683), (-2.5327723, -0.81281704, -3.643283), (-2.2678556, -0.84909993, -3.8059134), (-1.9673742, -0.8839173, -3.961975), (-1.630721, -0.9158289, -4.105012), (-1.2595776, -0.9431882, -4.2276444), (-0.8585173, -0.96430343, -4.3222895), (-0.43521065, -0.97767425, -4.382221), (0, -0.98225635, -4.4027596), (0.43521065, -0.97767425, -4.382221), (0.8585173, -0.96430343, -4.3222895), (1.2595776, -0.9431882, -4.2276444), (1.630721, -0.9158289, -4.105012), (1.9673742, -0.8839173, -3.961975), (2.2678556, -0.84909993, -3.8059134), (2.5327723, -0.81281704, -3.643283), (2.764287, -0.7762253, -3.4792683), (2.965444, -0.74018776, -3.3177373), (3.1396477, -0.7053028, -3.1613727), (3.2903087, -0.6719526, -3.0118876), (3.4206321, -0.6403535, -2.8702512), (-3.4399412, -0.42931214, -2.8864534), (-3.3107781, -0.45075524, -3.0306246), (-3.1611872, -0.47342765, -3.1830614), (-2.9878743, -0.49719092, -3.342832), (-2.7873073, -0.521793, -3.5082428), (-2.555928, -0.5468321, -3.6765914), (-2.2905102, -0.5717213, -3.8439324), (-1.9886987, -0.5956654, -4.004919), (-1.6497185, -0.6176654, -4.152835), (-1.2751578, -0.6365699, -4.2799377), (-0.8696268, -0.6511879, -4.378221), (-0.44100285, -0.6604574, -4.440544), (0, -0.66363627, -4.461917), (0.44100285, -0.6604574, -4.440544), (0.8696268, -0.6511879, -4.378221), (1.2751578, -0.6365699, -4.2799377), (1.6497185, -0.6176654, -4.152835), (1.9886987, -0.5956654, -4.004919), (2.2905102, -0.5717213, -3.8439324), (2.555928, -0.5468321, -3.6765914), (2.7873073, -0.521793, -3.5082428), (2.9878743, -0.49719092, -3.342832), (3.1611872, -0.47342765, -3.1830614), (3.3107781, -0.45075524, -3.0306246), (3.4399412, -0.42931214, -2.8864534), (-3.451685, -0.2153889, -2.8963075), (-3.3232446, -0.22622627, -3.0420363), (-3.1743257, -0.23769766, -3.1962907), (-3.001579, -0.24973573, -3.358165), (-2.8013985, -0.2622155, -3.5259788), (-2.57013, -0.27493528, -3.6970203), (-2.304433, -0.28759825, -3.867298), (-2.001831, -0.29979944, -4.031366), (-1.6614408, -0.31102714, -4.182343), (-1.2847881, -0.32068872, -4.312261), (-0.87650317, -0.3281685, -4.412841), (-0.44459116, -0.3329157, -4.4766755), (0, -0.33454445, -4.498577), (0.44459116, -0.3329157, -4.4766755), (0.87650317, -0.3281685, -4.412841), (1.2847881, -0.32068872, -4.312261), (1.6614408, -0.31102714, -4.182343), (2.001831, -0.29979944, -4.031366), (2.304433, -0.28759825, -3.867298), (2.57013, -0.27493528, -3.6970203), (2.8013985, -0.2622155, -3.5259788), (3.001579, -0.24973573, -3.358165), (3.1743257, -0.23769766, -3.1962907), (3.3232446, -0.22622627, -3.0420363), (3.451685, -0.2153889, -2.8963075), (-3.4556262, 0, -2.8996146), (-3.3274314, 0, -3.0458689), (-3.1787417, 0, -3.2007372), (-3.0061893, 0, -3.3633232), (-2.8061433, 0, -3.531951), (-2.574917, 0, -3.703906), (-2.309131, 0, -3.8751817), (-2.0062668, 0, -4.0402985), (-1.6654041, 0, -4.19232), (-1.2880471, 0, -4.3231993), (-0.8788318, 0, -4.424565), (-0.4458069, 0, -4.488917), (0, 0, -4.5109997), (0.4458069, 0, -4.488917), (0.8788318, 0, -4.424565), (1.2880471, 0, -4.3231993), (1.6654041, 0, -4.19232), (2.0062668, 0, -4.0402985), (2.309131, 0, -3.8751817), (2.574917, 0, -3.703906), (2.8061433, 0, -3.531951), (3.0061893, 0, -3.3633232), (3.1787417, 0, -3.2007372), (3.3274314, 0, -3.0458689), (3.4556262, 0, -2.8996146), (-3.451685, 0.2153889, -2.8963075), (-3.3232446, 0.22622627, -3.0420363), (-3.1743257, 0.23769766, -3.1962907), (-3.001579, 0.24973573, -3.358165), (-2.8013985, 0.2622155, -3.5259788), (-2.57013, 0.27493528, -3.6970203), (-2.304433, 0.28759825, -3.867298), (-2.001831, 0.29979944, -4.031366), (-1.6614408, 0.31102714, -4.182343), (-1.2847881, 0.32068872, -4.312261), (-0.87650317, 0.3281685, -4.412841), (-0.44459116, 0.3329157, -4.4766755), (0, 0.33454445, -4.498577), (0.44459116, 0.3329157, -4.4766755), (0.87650317, 0.3281685, -4.412841), (1.2847881, 0.32068872, -4.312261), (1.6614408, 0.31102714, -4.182343), (2.001831, 0.29979944, -4.031366), (2.304433, 0.28759825, -3.867298), (2.57013, 0.27493528, -3.6970203), (2.8013985, 0.2622155, -3.5259788), (3.001579, 0.24973573, -3.358165), (3.1743257, 0.23769766, -3.1962907), (3.3232446, 0.22622627, -3.0420363), (3.451685, 0.2153889, -2.8963075), (-3.4399412, 0.42931214, -2.8864534), (-3.3107781, 0.45075524, -3.0306246), (-3.1611872, 0.47342765, -3.1830614), (-2.9878743, 0.49719092, -3.342832), (-2.7873073, 0.521793, -3.5082428), (-2.555928, 0.5468321, -3.6765914), (-2.2905102, 0.5717213, -3.8439324), (-1.9886987, 0.5956654, -4.004919), (-1.6497185, 0.6176654, -4.152835), (-1.2751578, 0.6365699, -4.2799377), (-0.8696268, 0.6511879, -4.378221), (-0.44100285, 0.6604574, -4.440544), (0, 0.66363627, -4.461917), (0.44100285, 0.6604574, -4.440544), (0.8696268, 0.6511879, -4.378221), (1.2751578, 0.6365699, -4.2799377), (1.6497185, 0.6176654, -4.152835), (1.9886987, 0.5956654, -4.004919), (2.2905102, 0.5717213, -3.8439324), (2.555928, 0.5468321, -3.6765914), (2.7873073, 0.521793, -3.5082428), (2.9878743, 0.49719092, -3.342832), (3.1611872, 0.47342765, -3.1830614), (3.3107781, 0.45075524, -3.0306246), (3.4399412, 0.42931214, -2.8864534), (-3.4206321, 0.6403535, -2.8702512), (-3.2903087, 0.6719526, -3.0118876), (-3.1396477, 0.7053028, -3.1613727), (-2.965444, 0.74018776, -3.3177373), (-2.764287, 0.7762253, -3.4792683), (-2.5327723, 0.81281704, -3.643283), (-2.2678556, 0.84909993, -3.8059134), (-1.9673742, 0.8839173, -3.961975), (-1.630721, 0.9158289, -4.105012), (-1.2595776, 0.9431882, -4.2276444), (-0.8585173, 0.96430343, -4.3222895), (-0.43521065, 0.97767425, -4.382221), (0, 0.98225635, -4.4027596), (0.43521065, 0.97767425, -4.382221), (0.8585173, 0.96430343, -4.3222895), (1.2595776, 0.9431882, -4.2276444), (1.630721, 0.9158289, -4.105012), (1.9673742, 0.8839173, -3.961975), (2.2678556, 0.84909993, -3.8059134), (2.5327723, 0.81281704, -3.643283), (2.764287, 0.7762253, -3.4792683), (2.965444, 0.74018776, -3.3177373), (3.1396477, 0.7053028, -3.1613727), (3.2903087, 0.6719526, -3.0118876), (3.4206321, 0.6403535, -2.8702512), (-3.3941374, 0.8471915, -2.8480196), (-3.262279, 0.8883045, -2.9862297), (-3.110219, 0.93158907, -3.1317403), (-2.9348738, 0.9767431, -3.2835355), (-2.7329965, 1.0232517, -3.4398844), (-2.501387, 1.0703263, -3.5981362), (-2.2372396, 1.1168494, -3.7545338), (-1.9386404, 1.1613433, -3.9041097), (-1.6051941, 1.2019904, -4.0407534), (-1.2386945, 1.2367342, -4.1575522), (-0.84365577, 1.2634809, -4.2474675), (-0.42747205, 1.2803866, -4.3043), (0, 1.2861744, -4.3237567), (0.42747205, 1.2803866, -4.3043), (0.84365577, 1.2634809, -4.2474675), (1.2386945, 1.2367342, -4.1575522), (1.6051941, 1.2019904, -4.0407534), (1.9386404, 1.1613433, -3.9041097), (2.2372396, 1.1168494, -3.7545338), (2.501387, 1.0703263, -3.5981362), (2.7329965, 1.0232517, -3.4398844), (2.9348738, 0.9767431, -3.2835355), (3.110219, 0.93158907, -3.1317403), (3.262279, 0.8883045, -2.9862297), (3.3941374, 0.8471915, -2.8480196), (-3.3609605, 1.048638, -2.820181), (-3.227272, 1.0984652, -2.9541848), (-3.0735705, 1.1507648, -3.0948381), (-2.8969243, 1.2051414, -3.2410774), (-2.6942842, 1.260947, -3.3911595), (-2.4626973, 1.3172143, -3.542483), (-2.1996393, 1.3725989, -3.691433), (-1.9034823, 1.4253525, -3.833307), (-1.5740699, 1.473355, -3.9624043), (-1.213311, 1.5142385, -4.0723553), (-0.82563555, 1.5456167, -4.156743), (-0.41810346, 1.5654067, -4.209965), (0, 1.5721742, -4.2281656), (0.41810346, 1.5654067, -4.209965), (0.82563555, 1.5456167, -4.156743), (1.213311, 1.5142385, -4.0723553), (1.5740699, 1.473355, -3.9624043), (1.9034823, 1.4253525, -3.833307), (2.1996393, 1.3725989, -3.691433), (2.4626973, 1.3172143, -3.542483), (2.6942842, 1.260947, -3.3911595), (2.8969243, 1.2051414, -3.2410774), (3.0735705, 1.1507648, -3.0948381), (3.227272, 1.0984652, -2.9541848), (3.3609605, 1.048638, -2.820181), (-3.3217025, 1.2436671, -2.7872393), (-3.185978, 1.301292, -2.916385), (-3.0304892, 1.361562, -3.0514588), (-2.852481, 1.4239833, -3.1913543), (-2.649131, 1.487778, -3.3343275), (-2.4177623, 1.5518159, -3.4778457), (-2.1561594, 1.6145602, -3.618465), (-1.8630022, 1.6740484, -3.7517865), (-1.5383798, 1.7279383, -3.8725617), (-1.1843078, 1.7736503, -3.975009), (-0.80510366, 1.8086164, -4.053373), (-0.40744823, 1.8306154, -4.102676), (0, 1.8381288, -4.1195145), (0.40744823, 1.8306154, -4.102676), (0.80510366, 1.8086164, -4.053373), (1.1843078, 1.7736503, -3.975009), (1.5383798, 1.7279383, -3.8725617), (1.8630022, 1.6740484, -3.7517865), (2.1561594, 1.6145602, -3.618465), (2.4177623, 1.5518159, -3.4778457), (2.649131, 1.487778, -3.3343275), (2.852481, 1.4239833, -3.1913543), (3.0304892, 1.361562, -3.0514588), (3.185978, 1.301292, -2.916385), (3.3217025, 1.2436671, -2.7872393), (-3.2770336, 1.4314332, -2.7497578), (-3.139161, 1.4958649, -2.8735297), (-2.9818377, 1.5629873, -3.0024707), (-2.8025043, 1.632207, -3.1354406), (-2.5985863, 1.7026235, -3.2707093), (-2.3677006, 1.7729651, -3.4058342), (-2.1079538, 1.8415406, -3.5375664), (-1.8183365, 1.9062318, -3.661837), (-1.4991755, 1.964554, -3.773873), (-1.1525733, 2.0138113, -3.8684955), (-0.78270674, 2.0513537, -3.9406137), (-0.39584792, 2.0749125, -3.9858701), (0, 2.0829477, -4.0013056), (0.39584792, 2.0749125, -3.9858701), (0.78270674, 2.0513537, -3.9406137), (1.1525733, 2.0138113, -3.8684955), (1.4991755, 1.964554, -3.773873), (1.8183365, 1.9062318, -3.661837), (2.1079538, 1.8415406, -3.5375664), (2.3677006, 1.7729651, -3.4058342), (2.5985863, 1.7026235, -3.2707093), (2.8025043, 1.632207, -3.1354406), (2.9818377, 1.5629873, -3.0024707), (3.139161, 1.4958649, -2.8735297), (3.2770336, 1.4314332, -2.7497578)]
                        color3f[] primvars:displayColor = [(0, 0.5, 0.45)] (
                            interpolation = "constant"
                        )
                        float[] primvars:displayOpacity = [0.3] (
                            interpolation = "constant"
                        )
                        uniform token purpose = "guide"
                        uniform token subdivisionScheme = "none"
                    }

                    def Mesh "Shell_recognise" (
                        prepend apiSchemas = ["AecoDerivedGeometryAPI", "MaterialBindingAPI"]
                    )
                    {
                        uniform token aeco:derived:approx = "tessellated"
                        uniform token aeco:derived:role = "coverage"
                        string aeco:derived:source = "021ca726-e05c-5ea8-853c-a20d1f571e2c"
                        string aeco:derived:stamp = "usdAecoCctv derive 0.5.3"
                        uniform bool doubleSided = 1
                        float3[] extent = [(-6.9112525, -4.1658955, -9.021999), (6.9112525, 4.1658955, 0)]
                        int[] faceVertexCounts = [4, 4, 4, 4, 4, 4, 4, 4, 4, 4, 4, 4, 4, 4, 4, 4, 4, 4, 4, 4, 4, 4, 4, 4, 4, 4, 4, 4, 4, 4, 4, 4, 4, 4, 4, 4, 4, 4, 4, 4, 4, 4, 4, 4, 4, 4, 4, 4, 4, 4, 4, 4, 4, 4, 4, 4, 4, 4, 4, 4, 4, 4, 4, 4, 4, 4, 4, 4, 4, 4, 4, 4, 4, 4, 4, 4, 4, 4, 4, 4, 4, 4, 4, 4, 4, 4, 4, 4, 4, 4, 4, 4, 4, 4, 4, 4, 4, 4, 4, 4, 4, 4, 4, 4, 4, 4, 4, 4, 4, 4, 4, 4, 4, 4, 4, 4, 4, 4, 4, 4, 4, 4, 4, 4, 4, 4, 4, 4, 4, 4, 4, 4, 4, 4, 4, 4, 4, 4, 4, 4, 4, 4, 4, 4, 4, 4, 4, 4, 4, 4, 4, 4, 4, 4, 4, 4, 4, 4, 4, 4, 4, 4, 4, 4, 4, 4, 4, 4, 4, 4, 4, 4, 4, 4, 4, 4, 4, 4, 4, 4, 4, 4, 4, 4, 4, 4, 4, 4, 4, 4, 4, 4, 4, 4, 4, 4, 4, 4, 4, 4, 4, 4, 4, 4, 4, 4, 4, 4, 4, 4, 4, 4, 4, 4, 4, 4, 4, 4, 4, 4, 4, 4, 4, 4, 4, 4, 4, 4, 4, 4, 4, 4, 4, 4, 4, 4, 4, 4, 4, 4, 4, 4, 4, 4, 4, 4, 4, 4, 4, 4, 4, 4, 4, 4, 4, 4, 4, 4, 4, 4, 4, 4, 4, 4, 4, 4, 4, 4, 4, 4, 4, 4, 4, 4, 4, 4, 4, 4, 4, 4, 4, 4, 4, 4, 4, 4, 4, 4, 4, 4, 4, 4, 4, 4, 4, 4, 4, 4, 4, 4, 4, 4, 4, 4, 4, 4, 4, 4, 4, 4, 4, 4, 4, 4, 4, 4, 4, 4, 4, 4, 4, 4, 4, 4, 4, 4, 4, 4, 4, 4, 4, 4, 4, 4, 4, 4, 3, 3, 3, 3, 3, 3, 3, 3, 3, 3, 3, 3, 3, 3, 3, 3, 3, 3, 3, 3, 3, 3, 3, 3, 3, 3, 3, 3, 3, 3, 3, 3, 3, 3, 3, 3, 3, 3, 3, 3, 3, 3, 3, 3, 3, 3, 3, 3, 3, 3, 3, 3, 3, 3, 3, 3, 3, 3, 3, 3, 3, 3, 3, 3, 3, 3, 3, 3, 3, 3, 3, 3, 3, 3, 3, 3]
                        int[] faceVertexIndices = [1, 26, 27, 2, 2, 27, 28, 3, 3, 28, 29, 4, 4, 29, 30, 5, 5, 30, 31, 6, 6, 31, 32, 7, 7, 32, 33, 8, 8, 33, 34, 9, 9, 34, 35, 10, 10, 35, 36, 11, 11, 36, 37, 12, 12, 37, 38, 13, 13, 38, 39, 14, 14, 39, 40, 15, 15, 40, 41, 16, 16, 41, 42, 17, 17, 42, 43, 18, 18, 43, 44, 19, 19, 44, 45, 20, 20, 45, 46, 21, 21, 46, 47, 22, 22, 47, 48, 23, 23, 48, 49, 24, 24, 49, 50, 25, 26, 51, 52, 27, 27, 52, 53, 28, 28, 53, 54, 29, 29, 54, 55, 30, 30, 55, 56, 31, 31, 56, 57, 32, 32, 57, 58, 33, 33, 58, 59, 34, 34, 59, 60, 35, 35, 60, 61, 36, 36, 61, 62, 37, 37, 62, 63, 38, 38, 63, 64, 39, 39, 64, 65, 40, 40, 65, 66, 41, 41, 66, 67, 42, 42, 67, 68, 43, 43, 68, 69, 44, 44, 69, 70, 45, 45, 70, 71, 46, 46, 71, 72, 47, 47, 72, 73, 48, 48, 73, 74, 49, 49, 74, 75, 50, 51, 76, 77, 52, 52, 77, 78, 53, 53, 78, 79, 54, 54, 79, 80, 55, 55, 80, 81, 56, 56, 81, 82, 57, 57, 82, 83, 58, 58, 83, 84, 59, 59, 84, 85, 60, 60, 85, 86, 61, 61, 86, 87, 62, 62, 87, 88, 63, 63, 88, 89, 64, 64, 89, 90, 65, 65, 90, 91, 66, 66, 91, 92, 67, 67, 92, 93, 68, 68, 93, 94, 69, 69, 94, 95, 70, 70, 95, 96, 71, 71, 96, 97, 72, 72, 97, 98, 73, 73, 98, 99, 74, 74, 99, 100, 75, 76, 101, 102, 77, 77, 102, 103, 78, 78, 103, 104, 79, 79, 104, 105, 80, 80, 105, 106, 81, 81, 106, 107, 82, 82, 107, 108, 83, 83, 108, 109, 84, 84, 109, 110, 85, 85, 110, 111, 86, 86, 111, 112, 87, 87, 112, 113, 88, 88, 113, 114, 89, 89, 114, 115, 90, 90, 115, 116, 91, 91, 116, 117, 92, 92, 117, 118, 93, 93, 118, 119, 94, 94, 119, 120, 95, 95, 120, 121, 96, 96, 121, 122, 97, 97, 122, 123, 98, 98, 123, 124, 99, 99, 124, 125, 100, 101, 126, 127, 102, 102, 127, 128, 103, 103, 128, 129, 104, 104, 129, 130, 105, 105, 130, 131, 106, 106, 131, 132, 107, 107, 132, 133, 108, 108, 133, 134, 109, 109, 134, 135, 110, 110, 135, 136, 111, 111, 136, 137, 112, 112, 137, 138, 113, 113, 138, 139, 114, 114, 139, 140, 115, 115, 140, 141, 116, 116, 141, 142, 117, 117, 142, 143, 118, 118, 143, 144, 119, 119, 144, 145, 120, 120, 145, 146, 121, 121, 146, 147, 122, 122, 147, 148, 123, 123, 148, 149, 124, 124, 149, 150, 125, 126, 151, 152, 127, 127, 152, 153, 128, 128, 153, 154, 129, 129, 154, 155, 130, 130, 155, 156, 131, 131, 156, 157, 132, 132, 157, 158, 133, 133, 158, 159, 134, 134, 159, 160, 135, 135, 160, 161, 136, 136, 161, 162, 137, 137, 162, 163, 138, 138, 163, 164, 139, 139, 164, 165, 140, 140, 165, 166, 141, 141, 166, 167, 142, 142, 167, 168, 143, 143, 168, 169, 144, 144, 169, 170, 145, 145, 170, 171, 146, 146, 171, 172, 147, 147, 172, 173, 148, 148, 173, 174, 149, 149, 174, 175, 150, 151, 176, 177, 152, 152, 177, 178, 153, 153, 178, 179, 154, 154, 179, 180, 155, 155, 180, 181, 156, 156, 181, 182, 157, 157, 182, 183, 158, 158, 183, 184, 159, 159, 184, 185, 160, 160, 185, 186, 161, 161, 186, 187, 162, 162, 187, 188, 163, 163, 188, 189, 164, 164, 189, 190, 165, 165, 190, 191, 166, 166, 191, 192, 167, 167, 192, 193, 168, 168, 193, 194, 169, 169, 194, 195, 170, 170, 195, 196, 171, 171, 196, 197, 172, 172, 197, 198, 173, 173, 198, 199, 174, 174, 199, 200, 175, 176, 201, 202, 177, 177, 202, 203, 178, 178, 203, 204, 179, 179, 204, 205, 180, 180, 205, 206, 181, 181, 206, 207, 182, 182, 207, 208, 183, 183, 208, 209, 184, 184, 209, 210, 185, 185, 210, 211, 186, 186, 211, 212, 187, 187, 212, 213, 188, 188, 213, 214, 189, 189, 214, 215, 190, 190, 215, 216, 191, 191, 216, 217, 192, 192, 217, 218, 193, 193, 218, 219, 194, 194, 219, 220, 195, 195, 220, 221, 196, 196, 221, 222, 197, 197, 222, 223, 198, 198, 223, 224, 199, 199, 224, 225, 200, 201, 226, 227, 202, 202, 227, 228, 203, 203, 228, 229, 204, 204, 229, 230, 205, 205, 230, 231, 206, 206, 231, 232, 207, 207, 232, 233, 208, 208, 233, 234, 209, 209, 234, 235, 210, 210, 235, 236, 211, 211, 236, 237, 212, 212, 237, 238, 213, 213, 238, 239, 214, 214, 239, 240, 215, 215, 240, 241, 216, 216, 241, 242, 217, 217, 242, 243, 218, 218, 243, 244, 219, 219, 244, 245, 220, 220, 245, 246, 221, 221, 246, 247, 222, 222, 247, 248, 223, 223, 248, 249, 224, 224, 249, 250, 225, 226, 251, 252, 227, 227, 252, 253, 228, 228, 253, 254, 229, 229, 254, 255, 230, 230, 255, 256, 231, 231, 256, 257, 232, 232, 257, 258, 233, 233, 258, 259, 234, 234, 259, 260, 235, 235, 260, 261, 236, 236, 261, 262, 237, 237, 262, 263, 238, 238, 263, 264, 239, 239, 264, 265, 240, 240, 265, 266, 241, 241, 266, 267, 242, 242, 267, 268, 243, 243, 268, 269, 244, 244, 269, 270, 245, 245, 270, 271, 246, 246, 271, 272, 247, 247, 272, 273, 248, 248, 273, 274, 249, 249, 274, 275, 250, 251, 276, 277, 252, 252, 277, 278, 253, 253, 278, 279, 254, 254, 279, 280, 255, 255, 280, 281, 256, 256, 281, 282, 257, 257, 282, 283, 258, 258, 283, 284, 259, 259, 284, 285, 260, 260, 285, 286, 261, 261, 286, 287, 262, 262, 287, 288, 263, 263, 288, 289, 264, 264, 289, 290, 265, 265, 290, 291, 266, 266, 291, 292, 267, 267, 292, 293, 268, 268, 293, 294, 269, 269, 294, 295, 270, 270, 295, 296, 271, 271, 296, 297, 272, 272, 297, 298, 273, 273, 298, 299, 274, 274, 299, 300, 275, 276, 301, 302, 277, 277, 302, 303, 278, 278, 303, 304, 279, 279, 304, 305, 280, 280, 305, 306, 281, 281, 306, 307, 282, 282, 307, 308, 283, 283, 308, 309, 284, 284, 309, 310, 285, 285, 310, 311, 286, 286, 311, 312, 287, 287, 312, 313, 288, 288, 313, 314, 289, 289, 314, 315, 290, 290, 315, 316, 291, 291, 316, 317, 292, 292, 317, 318, 293, 293, 318, 319, 294, 294, 319, 320, 295, 295, 320, 321, 296, 296, 321, 322, 297, 297, 322, 323, 298, 298, 323, 324, 299, 299, 324, 325, 300, 301, 326, 327, 302, 302, 327, 328, 303, 303, 328, 329, 304, 304, 329, 330, 305, 305, 330, 331, 306, 306, 331, 332, 307, 307, 332, 333, 308, 308, 333, 334, 309, 309, 334, 335, 310, 310, 335, 336, 311, 311, 336, 337, 312, 312, 337, 338, 313, 313, 338, 339, 314, 314, 339, 340, 315, 315, 340, 341, 316, 316, 341, 342, 317, 317, 342, 343, 318, 318, 343, 344, 319, 319, 344, 345, 320, 320, 345, 346, 321, 321, 346, 347, 322, 322, 347, 348, 323, 323, 348, 349, 324, 324, 349, 350, 325, 326, 351, 352, 327, 327, 352, 353, 328, 328, 353, 354, 329, 329, 354, 355, 330, 330, 355, 356, 331, 331, 356, 357, 332, 332, 357, 358, 333, 333, 358, 359, 334, 334, 359, 360, 335, 335, 360, 361, 336, 336, 361, 362, 337, 337, 362, 363, 338, 338, 363, 364, 339, 339, 364, 365, 340, 340, 365, 366, 341, 341, 366, 367, 342, 342, 367, 368, 343, 343, 368, 369, 344, 344, 369, 370, 345, 345, 370, 371, 346, 346, 371, 372, 347, 347, 372, 373, 348, 348, 373, 374, 349, 349, 374, 375, 350, 0, 1, 2, 0, 2, 3, 0, 3, 4, 0, 4, 5, 0, 5, 6, 0, 6, 7, 0, 7, 8, 0, 8, 9, 0, 9, 10, 0, 10, 11, 0, 11, 12, 0, 12, 13, 0, 13, 14, 0, 14, 15, 0, 15, 16, 0, 16, 17, 0, 17, 18, 0, 18, 19, 0, 19, 20, 0, 20, 21, 0, 21, 22, 0, 22, 23, 0, 23, 24, 0, 24, 25, 0, 352, 351, 0, 353, 352, 0, 354, 353, 0, 355, 354, 0, 356, 355, 0, 357, 356, 0, 358, 357, 0, 359, 358, 0, 360, 359, 0, 361, 360, 0, 362, 361, 0, 363, 362, 0, 364, 363, 0, 365, 364, 0, 366, 365, 0, 367, 366, 0, 368, 367, 0, 369, 368, 0, 370, 369, 0, 371, 370, 0, 372, 371, 0, 373, 372, 0, 374, 373, 0, 375, 374, 0, 26, 1, 0, 51, 26, 0, 76, 51, 0, 101, 76, 0, 126, 101, 0, 151, 126, 0, 176, 151, 0, 201, 176, 0, 226, 201, 0, 251, 226, 0, 276, 251, 0, 301, 276, 0, 326, 301, 0, 351, 326, 0, 25, 50, 0, 50, 75, 0, 75, 100, 0, 100, 125, 0, 125, 150, 0, 150, 175, 0, 175, 200, 0, 200, 225, 0, 225, 250, 0, 250, 275, 0, 275, 300, 0, 300, 325, 0, 325, 350, 0, 350, 375]
                        rel material:binding = </AecoCctvLooks/Shell_recognise>
                        point3f[] points = [(0, 0, 0), (-6.554067, -2.8628664, -5.4995155), (-6.278322, -2.9917297, -5.7470593), (-5.9636755, -3.1259747, -6.0049415), (-5.6050086, -3.264414, -6.270881), (-5.1971726, -3.405247, -6.5414186), (-4.735401, -3.5459301, -6.8116684), (-4.2159076, -3.6830812, -7.075133), (-3.636673, -3.8124635, -7.323674), (-2.998351, -3.929108, -7.547746), (-2.3051467, -4.0276227, -7.736991), (-1.5654135, -4.1027074, -7.8812275), (-0.79169583, -4.149825, -7.9717402), (0, -4.1658955, -8.002611), (0.79169583, -4.149825, -7.9717402), (1.5654135, -4.1027074, -7.8812275), (2.3051467, -4.0276227, -7.736991), (2.998351, -3.929108, -7.547746), (3.636673, -3.8124635, -7.323674), (4.2159076, -3.6830812, -7.075133), (4.735401, -3.5459301, -6.8116684), (5.1971726, -3.405247, -6.5414186), (5.6050086, -3.264414, -6.270881), (5.9636755, -3.1259747, -6.0049415), (6.278322, -2.9917297, -5.7470593), (6.554067, -2.8628664, -5.4995155), (-6.643405, -2.4873343, -5.5744786), (-6.371956, -2.602584, -5.83277), (-6.0609784, -2.723124, -6.1029177), (-5.704962, -2.8479667, -6.3827085), (-5.298262, -2.975556, -6.668655), (-4.8355246, -3.1036317, -6.9556913), (-4.312319, -3.2291205, -7.23693), (-3.7260044, -3.3480968, -7.503573), (-3.0767596, -3.4558766, -7.7451234), (-2.3686156, -3.5473006, -7.950018), (-1.6102073, -3.6172328, -8.106746), (-0.81489646, -3.6612308, -8.205352), (0, -3.6762576, -8.239029), (0.81489646, -3.6612308, -8.205352), (1.6102073, -3.6172328, -8.106746), (2.3686156, -3.5473006, -7.950018), (3.0767596, -3.4558766, -7.7451234), (3.7260044, -3.3480968, -7.503573), (4.312319, -3.2291205, -7.23693), (4.8355246, -3.1036317, -6.9556913), (5.298262, -2.975556, -6.668655), (5.704962, -2.8479667, -6.3827085), (6.0609784, -2.723124, -6.1029177), (6.371956, -2.602584, -5.83277), (6.643405, -2.4873343, -5.5744786), (-6.721921, -2.097276, -5.640362), (-6.454544, -2.1969304, -5.9083695), (-6.147141, -2.3015296, -6.1896763), (-5.7938485, -2.4102829, -6.482155), (-5.3885684, -2.521894, -6.782319), (-4.9253945, -2.6344285, -7.084966), (-4.3992786, -2.7451978, -7.382866), (-3.8069646, -2.850705, -7.666614), (-3.1481397, -2.94671, -7.9248085), (-2.426622, -3.028477, -8.144711), (-1.6512711, -3.0912335, -8.313486), (-0.8362069, -3.1308134, -8.41993), (0, -3.1443484, -8.456331), (0.8362069, -3.1308134, -8.41993), (1.6512711, -3.0912335, -8.313486), (2.426622, -3.028477, -8.144711), (3.1481397, -2.94671, -7.9248085), (3.8069646, -2.850705, -7.666614), (4.3992786, -2.7451978, -7.382866), (4.9253945, -2.6344285, -7.084966), (5.3885684, -2.521894, -6.782319), (5.7938485, -2.4102829, -6.482155), (6.147141, -2.3015296, -6.1896763), (6.454544, -2.1969304, -5.9083695), (6.721921, -2.097276, -5.640362), (-6.788275, -1.694383, -5.696039), (-6.524558, -1.776609, -5.9724593), (-6.220438, -1.8631781, -6.2634807), (-5.8697476, -1.9534862, -6.567071), (-5.465993, -2.0465033, -6.879769), (-5.002774, -2.1406527, -7.1962724), (-4.474479, -2.2336988, -7.5090675), (-3.8772807, -2.3226867, -7.8082194), (-3.2103882, -2.4039807, -8.081507), (-2.477389, -2.4734683, -8.3151045), (-1.6873115, -2.5269618, -8.494935), (-0.8549441, -2.5607731, -8.6086), (0, -2.5723488, -8.647513), (0.8549441, -2.5607731, -8.6086), (1.6873115, -2.5269618, -8.494935), (2.477389, -2.4734683, -8.3151045), (3.2103882, -2.4039807, -8.081507), (3.8772807, -2.3226867, -7.8082194), (4.474479, -2.2336988, -7.5090675), (5.002774, -2.1406527, -7.1962724), (5.465993, -2.0465033, -6.879769), (5.8697476, -1.9534862, -6.567071), (6.220438, -1.8631781, -6.2634807), (6.524558, -1.776609, -5.9724593), (6.788275, -1.694383, -5.696039), (-6.8412642, -1.280707, -5.7405024), (-6.5806174, -1.3439052, -6.023775), (-6.2792954, -1.4106055, -6.3227453), (-5.930888, -1.4803755, -6.6354747), (-5.528574, -1.5524507, -6.9585366), (-5.0655446, -1.6256341, -7.286566), (-4.5357113, -1.6981999, -7.611827), (-3.9347484, -1.7678345, -7.92395), (-3.261442, -1.8316578, -8.210024), (-2.5191553, -1.8863764, -8.455289), (-1.7170346, -1.9286069, -8.644579), (-0.8704213, -1.9553485, -8.764442), (0, -1.9645127, -8.805519), (0.8704213, -1.9553485, -8.764442), (1.7170346, -1.9286069, -8.644579), (2.5191553, -1.8863764, -8.455289), (3.261442, -1.8316578, -8.210024), (3.9347484, -1.7678345, -7.92395), (4.5357113, -1.6981999, -7.611827), (5.0655446, -1.6256341, -7.286566), (5.528574, -1.5524507, -6.9585366), (5.930888, -1.4803755, -6.6354747), (6.2792954, -1.4106055, -6.3227453), (6.5806174, -1.3439052, -6.023775), (6.8412642, -1.280707, -5.7405024), (-6.8798823, -0.8586243, -5.772907), (-6.6215563, -0.9015105, -6.0612493), (-6.3223743, -0.9468553, -6.3661227), (-5.9757485, -0.99438184, -6.685664), (-5.5746145, -1.043586, -7.0164857), (-5.111856, -1.0936642, -7.353183), (-4.5810204, -1.1434426, -7.687865), (-3.9773974, -1.1913308, -8.009838), (-3.299437, -1.2353308, -8.30567), (-2.5503156, -1.2731398, -8.5598755), (-1.7392536, -1.3023758, -8.756442), (-0.8820057, -1.3209147, -8.881088), (0, -1.3272725, -8.923834), (0.8820057, -1.3209147, -8.881088), (1.7392536, -1.3023758, -8.756442), (2.5503156, -1.2731398, -8.5598755), (3.299437, -1.2353308, -8.30567), (3.9773974, -1.1913308, -8.009838), (4.5810204, -1.1434426, -7.687865), (5.111856, -1.0936642, -7.353183), (5.5746145, -1.043586, -7.0164857), (5.9757485, -0.99438184, -6.685664), (6.3223743, -0.9468553, -6.3661227), (6.6215563, -0.9015105, -6.0612493), (6.8798823, -0.8586243, -5.772907), (-6.90337, -0.4307778, -5.792615), (-6.646489, -0.45245254, -6.0840726), (-6.3486514, -0.47539532, -6.3925815), (-6.003158, -0.49947146, -6.71633), (-5.602797, -0.524431, -7.0519576), (-5.14026, -0.54987055, -7.3940406), (-4.608866, -0.5751965, -7.734596), (-4.003662, -0.5995989, -8.062732), (-3.3228817, -0.6220543, -8.364686), (-2.5695763, -0.64137745, -8.624522), (-1.7530063, -0.656337, -8.825682), (-0.8891823, -0.6658314, -8.953351), (0, -0.6690889, -8.997154), (0.8891823, -0.6658314, -8.953351), (1.7530063, -0.656337, -8.825682), (2.5695763, -0.64137745, -8.624522), (3.3228817, -0.6220543, -8.364686), (4.003662, -0.5995989, -8.062732), (4.608866, -0.5751965, -7.734596), (5.14026, -0.54987055, -7.3940406), (5.602797, -0.524431, -7.0519576), (6.003158, -0.49947146, -6.71633), (6.3486514, -0.47539532, -6.3925815), (6.646489, -0.45245254, -6.0840726), (6.90337, -0.4307778, -5.792615), (-6.9112525, 0, -5.799229), (-6.654863, 0, -6.0917377), (-6.3574834, 0, -6.4014745), (-6.0123787, 0, -6.7266464), (-5.6122866, 0, -7.063902), (-5.149834, 0, -7.407812), (-4.618262, 0, -7.7503633), (-4.0125337, 0, -8.080597), (-3.3308082, 0, -8.38464), (-2.5760942, 0, -8.646399), (-1.7576636, 0, -8.84913), (-0.8916138, 0, -8.977834), (0, 0, -9.021999), (0.8916138, 0, -8.977834), (1.7576636, 0, -8.84913), (2.5760942, 0, -8.646399), (3.3308082, 0, -8.38464), (4.0125337, 0, -8.080597), (4.618262, 0, -7.7503633), (5.149834, 0, -7.407812), (5.6122866, 0, -7.063902), (6.0123787, 0, -6.7266464), (6.3574834, 0, -6.4014745), (6.654863, 0, -6.0917377), (6.9112525, 0, -5.799229), (-6.90337, 0.4307778, -5.792615), (-6.646489, 0.45245254, -6.0840726), (-6.3486514, 0.47539532, -6.3925815), (-6.003158, 0.49947146, -6.71633), (-5.602797, 0.524431, -7.0519576), (-5.14026, 0.54987055, -7.3940406), (-4.608866, 0.5751965, -7.734596), (-4.003662, 0.5995989, -8.062732), (-3.3228817, 0.6220543, -8.364686), (-2.5695763, 0.64137745, -8.624522), (-1.7530063, 0.656337, -8.825682), (-0.8891823, 0.6658314, -8.953351), (0, 0.6690889, -8.997154), (0.8891823, 0.6658314, -8.953351), (1.7530063, 0.656337, -8.825682), (2.5695763, 0.64137745, -8.624522), (3.3228817, 0.6220543, -8.364686), (4.003662, 0.5995989, -8.062732), (4.608866, 0.5751965, -7.734596), (5.14026, 0.54987055, -7.3940406), (5.602797, 0.524431, -7.0519576), (6.003158, 0.49947146, -6.71633), (6.3486514, 0.47539532, -6.3925815), (6.646489, 0.45245254, -6.0840726), (6.90337, 0.4307778, -5.792615), (-6.8798823, 0.8586243, -5.772907), (-6.6215563, 0.9015105, -6.0612493), (-6.3223743, 0.9468553, -6.3661227), (-5.9757485, 0.99438184, -6.685664), (-5.5746145, 1.043586, -7.0164857), (-5.111856, 1.0936642, -7.353183), (-4.5810204, 1.1434426, -7.687865), (-3.9773974, 1.1913308, -8.009838), (-3.299437, 1.2353308, -8.30567), (-2.5503156, 1.2731398, -8.5598755), (-1.7392536, 1.3023758, -8.756442), (-0.8820057, 1.3209147, -8.881088), (0, 1.3272725, -8.923834), (0.8820057, 1.3209147, -8.881088), (1.7392536, 1.3023758, -8.756442), (2.5503156, 1.2731398, -8.5598755), (3.299437, 1.2353308, -8.30567), (3.9773974, 1.1913308, -8.009838), (4.5810204, 1.1434426, -7.687865), (5.111856, 1.0936642, -7.353183), (5.5746145, 1.043586, -7.0164857), (5.9757485, 0.99438184, -6.685664), (6.3223743, 0.9468553, -6.3661227), (6.6215563, 0.9015105, -6.0612493), (6.8798823, 0.8586243, -5.772907), (-6.8412642, 1.280707, -5.7405024), (-6.5806174, 1.3439052, -6.023775), (-6.2792954, 1.4106055, -6.3227453), (-5.930888, 1.4803755, -6.6354747), (-5.528574, 1.5524507, -6.9585366), (-5.0655446, 1.6256341, -7.286566), (-4.5357113, 1.6981999, -7.611827), (-3.9347484, 1.7678345, -7.92395), (-3.261442, 1.8316578, -8.210024), (-2.5191553, 1.8863764, -8.455289), (-1.7170346, 1.9286069, -8.644579), (-0.8704213, 1.9553485, -8.764442), (0, 1.9645127, -8.805519), (0.8704213, 1.9553485, -8.764442), (1.7170346, 1.9286069, -8.644579), (2.5191553, 1.8863764, -8.455289), (3.261442, 1.8316578, -8.210024), (3.9347484, 1.7678345, -7.92395), (4.5357113, 1.6981999, -7.611827), (5.0655446, 1.6256341, -7.286566), (5.528574, 1.5524507, -6.9585366), (5.930888, 1.4803755, -6.6354747), (6.2792954, 1.4106055, -6.3227453), (6.5806174, 1.3439052, -6.023775), (6.8412642, 1.280707, -5.7405024), (-6.788275, 1.694383, -5.696039), (-6.524558, 1.776609, -5.9724593), (-6.220438, 1.8631781, -6.2634807), (-5.8697476, 1.9534862, -6.567071), (-5.465993, 2.0465033, -6.879769), (-5.002774, 2.1406527, -7.1962724), (-4.474479, 2.2336988, -7.5090675), (-3.8772807, 2.3226867, -7.8082194), (-3.2103882, 2.4039807, -8.081507), (-2.477389, 2.4734683, -8.3151045), (-1.6873115, 2.5269618, -8.494935), (-0.8549441, 2.5607731, -8.6086), (0, 2.5723488, -8.647513), (0.8549441, 2.5607731, -8.6086), (1.6873115, 2.5269618, -8.494935), (2.477389, 2.4734683, -8.3151045), (3.2103882, 2.4039807, -8.081507), (3.8772807, 2.3226867, -7.8082194), (4.474479, 2.2336988, -7.5090675), (5.002774, 2.1406527, -7.1962724), (5.465993, 2.0465033, -6.879769), (5.8697476, 1.9534862, -6.567071), (6.220438, 1.8631781, -6.2634807), (6.524558, 1.776609, -5.9724593), (6.788275, 1.694383, -5.696039), (-6.721921, 2.097276, -5.640362), (-6.454544, 2.1969304, -5.9083695), (-6.147141, 2.3015296, -6.1896763), (-5.7938485, 2.4102829, -6.482155), (-5.3885684, 2.521894, -6.782319), (-4.9253945, 2.6344285, -7.084966), (-4.3992786, 2.7451978, -7.382866), (-3.8069646, 2.850705, -7.666614), (-3.1481397, 2.94671, -7.9248085), (-2.426622, 3.028477, -8.144711), (-1.6512711, 3.0912335, -8.313486), (-0.8362069, 3.1308134, -8.41993), (0, 3.1443484, -8.456331), (0.8362069, 3.1308134, -8.41993), (1.6512711, 3.0912335, -8.313486), (2.426622, 3.028477, -8.144711), (3.1481397, 2.94671, -7.9248085), (3.8069646, 2.850705, -7.666614), (4.3992786, 2.7451978, -7.382866), (4.9253945, 2.6344285, -7.084966), (5.3885684, 2.521894, -6.782319), (5.7938485, 2.4102829, -6.482155), (6.147141, 2.3015296, -6.1896763), (6.454544, 2.1969304, -5.9083695), (6.721921, 2.097276, -5.640362), (-6.643405, 2.4873343, -5.5744786), (-6.371956, 2.602584, -5.83277), (-6.0609784, 2.723124, -6.1029177), (-5.704962, 2.8479667, -6.3827085), (-5.298262, 2.975556, -6.668655), (-4.8355246, 3.1036317, -6.9556913), (-4.312319, 3.2291205, -7.23693), (-3.7260044, 3.3480968, -7.503573), (-3.0767596, 3.4558766, -7.7451234), (-2.3686156, 3.5473006, -7.950018), (-1.6102073, 3.6172328, -8.106746), (-0.81489646, 3.6612308, -8.205352), (0, 3.6762576, -8.239029), (0.81489646, 3.6612308, -8.205352), (1.6102073, 3.6172328, -8.106746), (2.3686156, 3.5473006, -7.950018), (3.0767596, 3.4558766, -7.7451234), (3.7260044, 3.3480968, -7.503573), (4.312319, 3.2291205, -7.23693), (4.8355246, 3.1036317, -6.9556913), (5.298262, 2.975556, -6.668655), (5.704962, 2.8479667, -6.3827085), (6.0609784, 2.723124, -6.1029177), (6.371956, 2.602584, -5.83277), (6.643405, 2.4873343, -5.5744786), (-6.554067, 2.8628664, -5.4995155), (-6.278322, 2.9917297, -5.7470593), (-5.9636755, 3.1259747, -6.0049415), (-5.6050086, 3.264414, -6.270881), (-5.1971726, 3.405247, -6.5414186), (-4.735401, 3.5459301, -6.8116684), (-4.2159076, 3.6830812, -7.075133), (-3.636673, 3.8124635, -7.323674), (-2.998351, 3.929108, -7.547746), (-2.3051467, 4.0276227, -7.736991), (-1.5654135, 4.1027074, -7.8812275), (-0.79169583, 4.149825, -7.9717402), (0, 4.1658955, -8.002611), (0.79169583, 4.149825, -7.9717402), (1.5654135, 4.1027074, -7.8812275), (2.3051467, 4.0276227, -7.736991), (2.998351, 3.929108, -7.547746), (3.636673, 3.8124635, -7.323674), (4.2159076, 3.6830812, -7.075133), (4.735401, 3.5459301, -6.8116684), (5.1971726, 3.405247, -6.5414186), (5.6050086, 3.264414, -6.270881), (5.9636755, 3.1259747, -6.0049415), (6.278322, 2.9917297, -5.7470593), (6.554067, 2.8628664, -5.4995155)]
                        color3f[] primvars:displayColor = [(0.18333334, 0.6166667, 0.56666666)] (
                            interpolation = "constant"
                        )
                        float[] primvars:displayOpacity = [0.3] (
                            interpolation = "constant"
                        )
                        uniform token purpose = "guide"
                        uniform token subdivisionScheme = "none"
                    }

                    def Mesh "Shell_observe" (
                        prepend apiSchemas = ["AecoDerivedGeometryAPI", "MaterialBindingAPI"]
                    )
                    {
                        uniform token aeco:derived:approx = "tessellated"
                        uniform token aeco:derived:role = "coverage"
                        string aeco:derived:source = "021ca726-e05c-5ea8-853c-a20d1f571e2c"
                        string aeco:derived:stamp = "usdAecoCctv derive 0.5.3"
                        uniform bool doubleSided = 1
                        float3[] extent = [(-13.822505, -8.331791, -18.043999), (13.822505, 8.331791, 0)]
                        int[] faceVertexCounts = [4, 4, 4, 4, 4, 4, 4, 4, 4, 4, 4, 4, 4, 4, 4, 4, 4, 4, 4, 4, 4, 4, 4, 4, 4, 4, 4, 4, 4, 4, 4, 4, 4, 4, 4, 4, 4, 4, 4, 4, 4, 4, 4, 4, 4, 4, 4, 4, 4, 4, 4, 4, 4, 4, 4, 4, 4, 4, 4, 4, 4, 4, 4, 4, 4, 4, 4, 4, 4, 4, 4, 4, 4, 4, 4, 4, 4, 4, 4, 4, 4, 4, 4, 4, 4, 4, 4, 4, 4, 4, 4, 4, 4, 4, 4, 4, 4, 4, 4, 4, 4, 4, 4, 4, 4, 4, 4, 4, 4, 4, 4, 4, 4, 4, 4, 4, 4, 4, 4, 4, 4, 4, 4, 4, 4, 4, 4, 4, 4, 4, 4, 4, 4, 4, 4, 4, 4, 4, 4, 4, 4, 4, 4, 4, 4, 4, 4, 4, 4, 4, 4, 4, 4, 4, 4, 4, 4, 4, 4, 4, 4, 4, 4, 4, 4, 4, 4, 4, 4, 4, 4, 4, 4, 4, 4, 4, 4, 4, 4, 4, 4, 4, 4, 4, 4, 4, 4, 4, 4, 4, 4, 4, 4, 4, 4, 4, 4, 4, 4, 4, 4, 4, 4, 4, 4, 4, 4, 4, 4, 4, 4, 4, 4, 4, 4, 4, 4, 4, 4, 4, 4, 4, 4, 4, 4, 4, 4, 4, 4, 4, 4, 4, 4, 4, 4, 4, 4, 4, 4, 4, 4, 4, 4, 4, 4, 4, 4, 4, 4, 4, 4, 4, 4, 4, 4, 4, 4, 4, 4, 4, 4, 4, 4, 4, 4, 4, 4, 4, 4, 4, 4, 4, 4, 4, 4, 4, 4, 4, 4, 4, 4, 4, 4, 4, 4, 4, 4, 4, 4, 4, 4, 4, 4, 4, 4, 4, 4, 4, 4, 4, 4, 4, 4, 4, 4, 4, 4, 4, 4, 4, 4, 4, 4, 4, 4, 4, 4, 4, 4, 4, 4, 4, 4, 4, 4, 4, 4, 4, 4, 4, 4, 4, 4, 4, 4, 4, 3, 3, 3, 3, 3, 3, 3, 3, 3, 3, 3, 3, 3, 3, 3, 3, 3, 3, 3, 3, 3, 3, 3, 3, 3, 3, 3, 3, 3, 3, 3, 3, 3, 3, 3, 3, 3, 3, 3, 3, 3, 3, 3, 3, 3, 3, 3, 3, 3, 3, 3, 3, 3, 3, 3, 3, 3, 3, 3, 3, 3, 3, 3, 3, 3, 3, 3, 3, 3, 3, 3, 3, 3, 3, 3, 3]
                        int[] faceVertexIndices = [1, 26, 27, 2, 2, 27, 28, 3, 3, 28, 29, 4, 4, 29, 30, 5, 5, 30, 31, 6, 6, 31, 32, 7, 7, 32, 33, 8, 8, 33, 34, 9, 9, 34, 35, 10, 10, 35, 36, 11, 11, 36, 37, 12, 12, 37, 38, 13, 13, 38, 39, 14, 14, 39, 40, 15, 15, 40, 41, 16, 16, 41, 42, 17, 17, 42, 43, 18, 18, 43, 44, 19, 19, 44, 45, 20, 20, 45, 46, 21, 21, 46, 47, 22, 22, 47, 48, 23, 23, 48, 49, 24, 24, 49, 50, 25, 26, 51, 52, 27, 27, 52, 53, 28, 28, 53, 54, 29, 29, 54, 55, 30, 30, 55, 56, 31, 31, 56, 57, 32, 32, 57, 58, 33, 33, 58, 59, 34, 34, 59, 60, 35, 35, 60, 61, 36, 36, 61, 62, 37, 37, 62, 63, 38, 38, 63, 64, 39, 39, 64, 65, 40, 40, 65, 66, 41, 41, 66, 67, 42, 42, 67, 68, 43, 43, 68, 69, 44, 44, 69, 70, 45, 45, 70, 71, 46, 46, 71, 72, 47, 47, 72, 73, 48, 48, 73, 74, 49, 49, 74, 75, 50, 51, 76, 77, 52, 52, 77, 78, 53, 53, 78, 79, 54, 54, 79, 80, 55, 55, 80, 81, 56, 56, 81, 82, 57, 57, 82, 83, 58, 58, 83, 84, 59, 59, 84, 85, 60, 60, 85, 86, 61, 61, 86, 87, 62, 62, 87, 88, 63, 63, 88, 89, 64, 64, 89, 90, 65, 65, 90, 91, 66, 66, 91, 92, 67, 67, 92, 93, 68, 68, 93, 94, 69, 69, 94, 95, 70, 70, 95, 96, 71, 71, 96, 97, 72, 72, 97, 98, 73, 73, 98, 99, 74, 74, 99, 100, 75, 76, 101, 102, 77, 77, 102, 103, 78, 78, 103, 104, 79, 79, 104, 105, 80, 80, 105, 106, 81, 81, 106, 107, 82, 82, 107, 108, 83, 83, 108, 109, 84, 84, 109, 110, 85, 85, 110, 111, 86, 86, 111, 112, 87, 87, 112, 113, 88, 88, 113, 114, 89, 89, 114, 115, 90, 90, 115, 116, 91, 91, 116, 117, 92, 92, 117, 118, 93, 93, 118, 119, 94, 94, 119, 120, 95, 95, 120, 121, 96, 96, 121, 122, 97, 97, 122, 123, 98, 98, 123, 124, 99, 99, 124, 125, 100, 101, 126, 127, 102, 102, 127, 128, 103, 103, 128, 129, 104, 104, 129, 130, 105, 105, 130, 131, 106, 106, 131, 132, 107, 107, 132, 133, 108, 108, 133, 134, 109, 109, 134, 135, 110, 110, 135, 136, 111, 111, 136, 137, 112, 112, 137, 138, 113, 113, 138, 139, 114, 114, 139, 140, 115, 115, 140, 141, 116, 116, 141, 142, 117, 117, 142, 143, 118, 118, 143, 144, 119, 119, 144, 145, 120, 120, 145, 146, 121, 121, 146, 147, 122, 122, 147, 148, 123, 123, 148, 149, 124, 124, 149, 150, 125, 126, 151, 152, 127, 127, 152, 153, 128, 128, 153, 154, 129, 129, 154, 155, 130, 130, 155, 156, 131, 131, 156, 157, 132, 132, 157, 158, 133, 133, 158, 159, 134, 134, 159, 160, 135, 135, 160, 161, 136, 136, 161, 162, 137, 137, 162, 163, 138, 138, 163, 164, 139, 139, 164, 165, 140, 140, 165, 166, 141, 141, 166, 167, 142, 142, 167, 168, 143, 143, 168, 169, 144, 144, 169, 170, 145, 145, 170, 171, 146, 146, 171, 172, 147, 147, 172, 173, 148, 148, 173, 174, 149, 149, 174, 175, 150, 151, 176, 177, 152, 152, 177, 178, 153, 153, 178, 179, 154, 154, 179, 180, 155, 155, 180, 181, 156, 156, 181, 182, 157, 157, 182, 183, 158, 158, 183, 184, 159, 159, 184, 185, 160, 160, 185, 186, 161, 161, 186, 187, 162, 162, 187, 188, 163, 163, 188, 189, 164, 164, 189, 190, 165, 165, 190, 191, 166, 166, 191, 192, 167, 167, 192, 193, 168, 168, 193, 194, 169, 169, 194, 195, 170, 170, 195, 196, 171, 171, 196, 197, 172, 172, 197, 198, 173, 173, 198, 199, 174, 174, 199, 200, 175, 176, 201, 202, 177, 177, 202, 203, 178, 178, 203, 204, 179, 179, 204, 205, 180, 180, 205, 206, 181, 181, 206, 207, 182, 182, 207, 208, 183, 183, 208, 209, 184, 184, 209, 210, 185, 185, 210, 211, 186, 186, 211, 212, 187, 187, 212, 213, 188, 188, 213, 214, 189, 189, 214, 215, 190, 190, 215, 216, 191, 191, 216, 217, 192, 192, 217, 218, 193, 193, 218, 219, 194, 194, 219, 220, 195, 195, 220, 221, 196, 196, 221, 222, 197, 197, 222, 223, 198, 198, 223, 224, 199, 199, 224, 225, 200, 201, 226, 227, 202, 202, 227, 228, 203, 203, 228, 229, 204, 204, 229, 230, 205, 205, 230, 231, 206, 206, 231, 232, 207, 207, 232, 233, 208, 208, 233, 234, 209, 209, 234, 235, 210, 210, 235, 236, 211, 211, 236, 237, 212, 212, 237, 238, 213, 213, 238, 239, 214, 214, 239, 240, 215, 215, 240, 241, 216, 216, 241, 242, 217, 217, 242, 243, 218, 218, 243, 244, 219, 219, 244, 245, 220, 220, 245, 246, 221, 221, 246, 247, 222, 222, 247, 248, 223, 223, 248, 249, 224, 224, 249, 250, 225, 226, 251, 252, 227, 227, 252, 253, 228, 228, 253, 254, 229, 229, 254, 255, 230, 230, 255, 256, 231, 231, 256, 257, 232, 232, 257, 258, 233, 233, 258, 259, 234, 234, 259, 260, 235, 235, 260, 261, 236, 236, 261, 262, 237, 237, 262, 263, 238, 238, 263, 264, 239, 239, 264, 265, 240, 240, 265, 266, 241, 241, 266, 267, 242, 242, 267, 268, 243, 243, 268, 269, 244, 244, 269, 270, 245, 245, 270, 271, 246, 246, 271, 272, 247, 247, 272, 273, 248, 248, 273, 274, 249, 249, 274, 275, 250, 251, 276, 277, 252, 252, 277, 278, 253, 253, 278, 279, 254, 254, 279, 280, 255, 255, 280, 281, 256, 256, 281, 282, 257, 257, 282, 283, 258, 258, 283, 284, 259, 259, 284, 285, 260, 260, 285, 286, 261, 261, 286, 287, 262, 262, 287, 288, 263, 263, 288, 289, 264, 264, 289, 290, 265, 265, 290, 291, 266, 266, 291, 292, 267, 267, 292, 293, 268, 268, 293, 294, 269, 269, 294, 295, 270, 270, 295, 296, 271, 271, 296, 297, 272, 272, 297, 298, 273, 273, 298, 299, 274, 274, 299, 300, 275, 276, 301, 302, 277, 277, 302, 303, 278, 278, 303, 304, 279, 279, 304, 305, 280, 280, 305, 306, 281, 281, 306, 307, 282, 282, 307, 308, 283, 283, 308, 309, 284, 284, 309, 310, 285, 285, 310, 311, 286, 286, 311, 312, 287, 287, 312, 313, 288, 288, 313, 314, 289, 289, 314, 315, 290, 290, 315, 316, 291, 291, 316, 317, 292, 292, 317, 318, 293, 293, 318, 319, 294, 294, 319, 320, 295, 295, 320, 321, 296, 296, 321, 322, 297, 297, 322, 323, 298, 298, 323, 324, 299, 299, 324, 325, 300, 301, 326, 327, 302, 302, 327, 328, 303, 303, 328, 329, 304, 304, 329, 330, 305, 305, 330, 331, 306, 306, 331, 332, 307, 307, 332, 333, 308, 308, 333, 334, 309, 309, 334, 335, 310, 310, 335, 336, 311, 311, 336, 337, 312, 312, 337, 338, 313, 313, 338, 339, 314, 314, 339, 340, 315, 315, 340, 341, 316, 316, 341, 342, 317, 317, 342, 343, 318, 318, 343, 344, 319, 319, 344, 345, 320, 320, 345, 346, 321, 321, 346, 347, 322, 322, 347, 348, 323, 323, 348, 349, 324, 324, 349, 350, 325, 326, 351, 352, 327, 327, 352, 353, 328, 328, 353, 354, 329, 329, 354, 355, 330, 330, 355, 356, 331, 331, 356, 357, 332, 332, 357, 358, 333, 333, 358, 359, 334, 334, 359, 360, 335, 335, 360, 361, 336, 336, 361, 362, 337, 337, 362, 363, 338, 338, 363, 364, 339, 339, 364, 365, 340, 340, 365, 366, 341, 341, 366, 367, 342, 342, 367, 368, 343, 343, 368, 369, 344, 344, 369, 370, 345, 345, 370, 371, 346, 346, 371, 372, 347, 347, 372, 373, 348, 348, 373, 374, 349, 349, 374, 375, 350, 0, 1, 2, 0, 2, 3, 0, 3, 4, 0, 4, 5, 0, 5, 6, 0, 6, 7, 0, 7, 8, 0, 8, 9, 0, 9, 10, 0, 10, 11, 0, 11, 12, 0, 12, 13, 0, 13, 14, 0, 14, 15, 0, 15, 16, 0, 16, 17, 0, 17, 18, 0, 18, 19, 0, 19, 20, 0, 20, 21, 0, 21, 22, 0, 22, 23, 0, 23, 24, 0, 24, 25, 0, 352, 351, 0, 353, 352, 0, 354, 353, 0, 355, 354, 0, 356, 355, 0, 357, 356, 0, 358, 357, 0, 359, 358, 0, 360, 359, 0, 361, 360, 0, 362, 361, 0, 363, 362, 0, 364, 363, 0, 365, 364, 0, 366, 365, 0, 367, 366, 0, 368, 367, 0, 369, 368, 0, 370, 369, 0, 371, 370, 0, 372, 371, 0, 373, 372, 0, 374, 373, 0, 375, 374, 0, 26, 1, 0, 51, 26, 0, 76, 51, 0, 101, 76, 0, 126, 101, 0, 151, 126, 0, 176, 151, 0, 201, 176, 0, 226, 201, 0, 251, 226, 0, 276, 251, 0, 301, 276, 0, 326, 301, 0, 351, 326, 0, 25, 50, 0, 50, 75, 0, 75, 100, 0, 100, 125, 0, 125, 150, 0, 150, 175, 0, 175, 200, 0, 200, 225, 0, 225, 250, 0, 250, 275, 0, 275, 300, 0, 300, 325, 0, 325, 350, 0, 350, 375]
                        rel material:binding = </AecoCctvLooks/Shell_observe>
                        point3f[] points = [(0, 0, 0), (-13.108134, -5.725733, -10.999031), (-12.556644, -5.9834595, -11.494119), (-11.927351, -6.2519493, -12.009883), (-11.210017, -6.528828, -12.541762), (-10.394345, -6.810494, -13.082837), (-9.470802, -7.0918603, -13.623337), (-8.431815, -7.3661623, -14.150266), (-7.273346, -7.624927, -14.647348), (-5.996702, -7.858216, -15.095492), (-4.6102934, -8.055245, -15.473982), (-3.130827, -8.205415, -15.762455), (-1.5833917, -8.29965, -15.9434805), (0, -8.331791, -16.005222), (1.5833917, -8.29965, -15.9434805), (3.130827, -8.205415, -15.762455), (4.6102934, -8.055245, -15.473982), (5.996702, -7.858216, -15.095492), (7.273346, -7.624927, -14.647348), (8.431815, -7.3661623, -14.150266), (9.470802, -7.0918603, -13.623337), (10.394345, -6.810494, -13.082837), (11.210017, -6.528828, -12.541762), (11.927351, -6.2519493, -12.009883), (12.556644, -5.9834595, -11.494119), (13.108134, -5.725733, -10.999031), (-13.28681, -4.9746685, -11.148957), (-12.743912, -5.205168, -11.66554), (-12.121957, -5.446248, -12.205835), (-11.409924, -5.6959333, -12.765417), (-10.596524, -5.951112, -13.33731), (-9.671049, -6.2072635, -13.911383), (-8.624638, -6.458241, -14.47386), (-7.4520087, -6.6961937, -15.007146), (-6.153519, -6.911753, -15.490247), (-4.7372313, -7.094601, -15.900036), (-3.2204146, -7.2344656, -16.213491), (-1.6297929, -7.3224616, -16.410704), (0, -7.352515, -16.478058), (1.6297929, -7.3224616, -16.410704), (3.2204146, -7.2344656, -16.213491), (4.7372313, -7.094601, -15.900036), (6.153519, -6.911753, -15.490247), (7.4520087, -6.6961937, -15.007146), (8.624638, -6.458241, -14.47386), (9.671049, -6.2072635, -13.911383), (10.596524, -5.951112, -13.33731), (11.409924, -5.6959333, -12.765417), (12.121957, -5.446248, -12.205835), (12.743912, -5.205168, -11.66554), (13.28681, -4.9746685, -11.148957), (-13.443842, -4.194552, -11.280724), (-12.909088, -4.393861, -11.816739), (-12.294282, -4.6030593, -12.379353), (-11.587697, -4.8205657, -12.96431), (-10.777137, -5.043788, -13.564638), (-9.850789, -5.268857, -14.169932), (-8.798557, -5.4903955, -14.765732), (-7.6139293, -5.70141, -15.333228), (-6.2962794, -5.89342, -15.849617), (-4.853244, -6.056954, -16.289421), (-3.3025422, -6.182467, -16.626972), (-1.6724138, -6.2616267, -16.83986), (0, -6.288697, -16.912663), (1.6724138, -6.2616267, -16.83986), (3.3025422, -6.182467, -16.626972), (4.853244, -6.056954, -16.289421), (6.2962794, -5.89342, -15.849617), (7.6139293, -5.70141, -15.333228), (8.798557, -5.4903955, -14.765732), (9.850789, -5.268857, -14.169932), (10.777137, -5.043788, -13.564638), (11.587697, -4.8205657, -12.96431), (12.294282, -4.6030593, -12.379353), (12.909088, -4.393861, -11.816739), (13.443842, -4.194552, -11.280724), (-13.57655, -3.388766, -11.392078), (-13.049116, -3.553218, -11.944919), (-12.440876, -3.7263563, -12.526961), (-11.739495, -3.9069724, -13.134142), (-10.931986, -4.0930066, -13.759538), (-10.005548, -4.2813053, -14.392545), (-8.948958, -4.4673977, -15.018135), (-7.7545614, -4.6453733, -15.616439), (-6.4207764, -4.8079615, -16.163013), (-4.954778, -4.9469366, -16.630209), (-3.374623, -5.0539236, -16.98987), (-1.7098882, -5.1215463, -17.2172), (0, -5.1446977, -17.295027), (1.7098882, -5.1215463, -17.2172), (3.374623, -5.0539236, -16.98987), (4.954778, -4.9469366, -16.630209), (6.4207764, -4.8079615, -16.163013), (7.7545614, -4.6453733, -15.616439), (8.948958, -4.4673977, -15.018135), (10.005548, -4.2813053, -14.392545), (10.931986, -4.0930066, -13.759538), (11.739495, -3.9069724, -13.134142), (12.440876, -3.7263563, -12.526961), (13.049116, -3.553218, -11.944919), (13.57655, -3.388766, -11.392078), (-13.6825285, -2.561414, -11.481005), (-13.161235, -2.6878104, -12.04755), (-12.558591, -2.821211, -12.645491), (-11.861776, -2.960751, -13.270949), (-11.057148, -3.1049013, -13.917073), (-10.131089, -3.2512681, -14.573132), (-9.071423, -3.3963997, -15.223654), (-7.869497, -3.535669, -15.8479), (-6.522884, -3.6633155, -16.420048), (-5.0383105, -3.7727528, -16.910578), (-3.4340692, -3.8572137, -17.289158), (-1.7408426, -3.910697, -17.528885), (0, -3.9290254, -17.611038), (1.7408426, -3.910697, -17.528885), (3.4340692, -3.8572137, -17.289158), (5.0383105, -3.7727528, -16.910578), (6.522884, -3.6633155, -16.420048), (7.869497, -3.535669, -15.8479), (9.071423, -3.3963997, -15.223654), (10.131089, -3.2512681, -14.573132), (11.057148, -3.1049013, -13.917073), (11.861776, -2.960751, -13.270949), (12.558591, -2.821211, -12.645491), (13.161235, -2.6878104, -12.04755), (13.6825285, -2.561414, -11.481005), (-13.759765, -1.7172486, -11.545814), (-13.243113, -1.803021, -12.1224985), (-12.644749, -1.8937106, -12.732245), (-11.951497, -1.9887637, -13.371328), (-11.149229, -2.087172, -14.032971), (-10.223712, -2.1873283, -14.706366), (-9.162041, -2.2868853, -15.37573), (-7.954795, -2.3826616, -16.019676), (-6.598874, -2.4706616, -16.61134), (-5.100631, -2.5462797, -17.119751), (-3.4785073, -2.6047516, -17.512884), (-1.7640114, -2.6418295, -17.762177), (0, -2.654545, -17.847668), (1.7640114, -2.6418295, -17.762177), (3.4785073, -2.6047516, -17.512884), (5.100631, -2.5462797, -17.119751), (6.598874, -2.4706616, -16.61134), (7.954795, -2.3826616, -16.019676), (9.162041, -2.2868853, -15.37573), (10.223712, -2.1873283, -14.706366), (11.149229, -2.087172, -14.032971), (11.951497, -1.9887637, -13.371328), (12.644749, -1.8937106, -12.732245), (13.243113, -1.803021, -12.1224985), (13.759765, -1.7172486, -11.545814), (-13.80674, -0.8615556, -11.58523), (-13.292978, -0.9049051, -12.168145), (-12.697303, -0.95079064, -12.785163), (-12.006316, -0.9989429, -13.43266), (-11.205594, -1.048862, -14.103915), (-10.28052, -1.0997411, -14.788081), (-9.217732, -1.150393, -15.469192), (-8.007324, -1.1991978, -16.125463), (-6.6457634, -1.2441086, -16.729372), (-5.1391525, -1.2827549, -17.249044), (-3.5060127, -1.312674, -17.651363), (-1.7783647, -1.3316628, -17.906702), (0, -1.3381778, -17.994308), (1.7783647, -1.3316628, -17.906702), (3.5060127, -1.312674, -17.651363), (5.1391525, -1.2827549, -17.249044), (6.6457634, -1.2441086, -16.729372), (8.007324, -1.1991978, -16.125463), (9.217732, -1.150393, -15.469192), (10.28052, -1.0997411, -14.788081), (11.205594, -1.048862, -14.103915), (12.006316, -0.9989429, -13.43266), (12.697303, -0.95079064, -12.785163), (13.292978, -0.9049051, -12.168145), (13.80674, -0.8615556, -11.58523), (-13.822505, 0, -11.598458), (-13.309726, 0, -12.1834755), (-12.714967, 0, -12.802949), (-12.024757, 0, -13.453293), (-11.224573, 0, -14.127804), (-10.299668, 0, -14.815624), (-9.236524, 0, -15.500727), (-8.025067, 0, -16.161194), (-6.6616163, 0, -16.76928), (-5.1521883, 0, -17.292797), (-3.5153272, 0, -17.69826), (-1.7832276, 0, -17.955667), (0, 0, -18.043999), (1.7832276, 0, -17.955667), (3.5153272, 0, -17.69826), (5.1521883, 0, -17.292797), (6.6616163, 0, -16.76928), (8.025067, 0, -16.161194), (9.236524, 0, -15.500727), (10.299668, 0, -14.815624), (11.224573, 0, -14.127804), (12.024757, 0, -13.453293), (12.714967, 0, -12.802949), (13.309726, 0, -12.1834755), (13.822505, 0, -11.598458), (-13.80674, 0.8615556, -11.58523), (-13.292978, 0.9049051, -12.168145), (-12.697303, 0.95079064, -12.785163), (-12.006316, 0.9989429, -13.43266), (-11.205594, 1.048862, -14.103915), (-10.28052, 1.0997411, -14.788081), (-9.217732, 1.150393, -15.469192), (-8.007324, 1.1991978, -16.125463), (-6.6457634, 1.2441086, -16.729372), (-5.1391525, 1.2827549, -17.249044), (-3.5060127, 1.312674, -17.651363), (-1.7783647, 1.3316628, -17.906702), (0, 1.3381778, -17.994308), (1.7783647, 1.3316628, -17.906702), (3.5060127, 1.312674, -17.651363), (5.1391525, 1.2827549, -17.249044), (6.6457634, 1.2441086, -16.729372), (8.007324, 1.1991978, -16.125463), (9.217732, 1.150393, -15.469192), (10.28052, 1.0997411, -14.788081), (11.205594, 1.048862, -14.103915), (12.006316, 0.9989429, -13.43266), (12.697303, 0.95079064, -12.785163), (13.292978, 0.9049051, -12.168145), (13.80674, 0.8615556, -11.58523), (-13.759765, 1.7172486, -11.545814), (-13.243113, 1.803021, -12.1224985), (-12.644749, 1.8937106, -12.732245), (-11.951497, 1.9887637, -13.371328), (-11.149229, 2.087172, -14.032971), (-10.223712, 2.1873283, -14.706366), (-9.162041, 2.2868853, -15.37573), (-7.954795, 2.3826616, -16.019676), (-6.598874, 2.4706616, -16.61134), (-5.100631, 2.5462797, -17.119751), (-3.4785073, 2.6047516, -17.512884), (-1.7640114, 2.6418295, -17.762177), (0, 2.654545, -17.847668), (1.7640114, 2.6418295, -17.762177), (3.4785073, 2.6047516, -17.512884), (5.100631, 2.5462797, -17.119751), (6.598874, 2.4706616, -16.61134), (7.954795, 2.3826616, -16.019676), (9.162041, 2.2868853, -15.37573), (10.223712, 2.1873283, -14.706366), (11.149229, 2.087172, -14.032971), (11.951497, 1.9887637, -13.371328), (12.644749, 1.8937106, -12.732245), (13.243113, 1.803021, -12.1224985), (13.759765, 1.7172486, -11.545814), (-13.6825285, 2.561414, -11.481005), (-13.161235, 2.6878104, -12.04755), (-12.558591, 2.821211, -12.645491), (-11.861776, 2.960751, -13.270949), (-11.057148, 3.1049013, -13.917073), (-10.131089, 3.2512681, -14.573132), (-9.071423, 3.3963997, -15.223654), (-7.869497, 3.535669, -15.8479), (-6.522884, 3.6633155, -16.420048), (-5.0383105, 3.7727528, -16.910578), (-3.4340692, 3.8572137, -17.289158), (-1.7408426, 3.910697, -17.528885), (0, 3.9290254, -17.611038), (1.7408426, 3.910697, -17.528885), (3.4340692, 3.8572137, -17.289158), (5.0383105, 3.7727528, -16.910578), (6.522884, 3.6633155, -16.420048), (7.869497, 3.535669, -15.8479), (9.071423, 3.3963997, -15.223654), (10.131089, 3.2512681, -14.573132), (11.057148, 3.1049013, -13.917073), (11.861776, 2.960751, -13.270949), (12.558591, 2.821211, -12.645491), (13.161235, 2.6878104, -12.04755), (13.6825285, 2.561414, -11.481005), (-13.57655, 3.388766, -11.392078), (-13.049116, 3.553218, -11.944919), (-12.440876, 3.7263563, -12.526961), (-11.739495, 3.9069724, -13.134142), (-10.931986, 4.0930066, -13.759538), (-10.005548, 4.2813053, -14.392545), (-8.948958, 4.4673977, -15.018135), (-7.7545614, 4.6453733, -15.616439), (-6.4207764, 4.8079615, -16.163013), (-4.954778, 4.9469366, -16.630209), (-3.374623, 5.0539236, -16.98987), (-1.7098882, 5.1215463, -17.2172), (0, 5.1446977, -17.295027), (1.7098882, 5.1215463, -17.2172), (3.374623, 5.0539236, -16.98987), (4.954778, 4.9469366, -16.630209), (6.4207764, 4.8079615, -16.163013), (7.7545614, 4.6453733, -15.616439), (8.948958, 4.4673977, -15.018135), (10.005548, 4.2813053, -14.392545), (10.931986, 4.0930066, -13.759538), (11.739495, 3.9069724, -13.134142), (12.440876, 3.7263563, -12.526961), (13.049116, 3.553218, -11.944919), (13.57655, 3.388766, -11.392078), (-13.443842, 4.194552, -11.280724), (-12.909088, 4.393861, -11.816739), (-12.294282, 4.6030593, -12.379353), (-11.587697, 4.8205657, -12.96431), (-10.777137, 5.043788, -13.564638), (-9.850789, 5.268857, -14.169932), (-8.798557, 5.4903955, -14.765732), (-7.6139293, 5.70141, -15.333228), (-6.2962794, 5.89342, -15.849617), (-4.853244, 6.056954, -16.289421), (-3.3025422, 6.182467, -16.626972), (-1.6724138, 6.2616267, -16.83986), (0, 6.288697, -16.912663), (1.6724138, 6.2616267, -16.83986), (3.3025422, 6.182467, -16.626972), (4.853244, 6.056954, -16.289421), (6.2962794, 5.89342, -15.849617), (7.6139293, 5.70141, -15.333228), (8.798557, 5.4903955, -14.765732), (9.850789, 5.268857, -14.169932), (10.777137, 5.043788, -13.564638), (11.587697, 4.8205657, -12.96431), (12.294282, 4.6030593, -12.379353), (12.909088, 4.393861, -11.816739), (13.443842, 4.194552, -11.280724), (-13.28681, 4.9746685, -11.148957), (-12.743912, 5.205168, -11.66554), (-12.121957, 5.446248, -12.205835), (-11.409924, 5.6959333, -12.765417), (-10.596524, 5.951112, -13.33731), (-9.671049, 6.2072635, -13.911383), (-8.624638, 6.458241, -14.47386), (-7.4520087, 6.6961937, -15.007146), (-6.153519, 6.911753, -15.490247), (-4.7372313, 7.094601, -15.900036), (-3.2204146, 7.2344656, -16.213491), (-1.6297929, 7.3224616, -16.410704), (0, 7.352515, -16.478058), (1.6297929, 7.3224616, -16.410704), (3.2204146, 7.2344656, -16.213491), (4.7372313, 7.094601, -15.900036), (6.153519, 6.911753, -15.490247), (7.4520087, 6.6961937, -15.007146), (8.624638, 6.458241, -14.47386), (9.671049, 6.2072635, -13.911383), (10.596524, 5.951112, -13.33731), (11.409924, 5.6959333, -12.765417), (12.121957, 5.446248, -12.205835), (12.743912, 5.205168, -11.66554), (13.28681, 4.9746685, -11.148957), (-13.108134, 5.725733, -10.999031), (-12.556644, 5.9834595, -11.494119), (-11.927351, 6.2519493, -12.009883), (-11.210017, 6.528828, -12.541762), (-10.394345, 6.810494, -13.082837), (-9.470802, 7.0918603, -13.623337), (-8.431815, 7.3661623, -14.150266), (-7.273346, 7.624927, -14.647348), (-5.996702, 7.858216, -15.095492), (-4.6102934, 8.055245, -15.473982), (-3.130827, 8.205415, -15.762455), (-1.5833917, 8.29965, -15.9434805), (0, 8.331791, -16.005222), (1.5833917, 8.29965, -15.9434805), (3.130827, 8.205415, -15.762455), (4.6102934, 8.055245, -15.473982), (5.996702, 7.858216, -15.095492), (7.273346, 7.624927, -14.647348), (8.431815, 7.3661623, -14.150266), (9.470802, 7.0918603, -13.623337), (10.394345, 6.810494, -13.082837), (11.210017, 6.528828, -12.541762), (11.927351, 6.2519493, -12.009883), (12.556644, 5.9834595, -11.494119), (13.108134, 5.725733, -10.999031)]
                        color3f[] primvars:displayColor = [(0.36666667, 0.73333335, 0.68333334)] (
                            interpolation = "constant"
                        )
                        float[] primvars:displayOpacity = [0.3] (
                            interpolation = "constant"
                        )
                        uniform token purpose = "guide"
                        uniform token subdivisionScheme = "none"
                    }
                }
            }
        }

        over "demo_datacentre_01"
        {
            over "L00_Ground"
            {
                over "Corridor_Centre"
                {
                    over "sec_cam_corr_corr_c_1"
                    {
                        double aeco:cctv:mountHeight = 3.42

                        over "Sensor_0"
                        {
                            double aeco:cctvSensor:effectiveWidth = 7.228335573456428
                            double aeco:cctvSensor:hfov = 84.19827201220271
                            double aeco:cctvSensor:targetRange = 5.7374204031549985
                            double aeco:cctvSensor:vfov = 59.24722851636196
                            float2 clippingRange = (0.05, 24)
                            float focalLength = 4
                            float horizontalAperture = 7.2283354
                            float verticalAperture = 4.5489945
                            matrix4d xformOp:transform = ( (1, 0, 0, 0), (0, 0.25881904510252096, 0.9659258262890682, 0), (0, -0.9659258262890682, 0.25881904510252096, 0), (0, 0, -0.08, 1) )
                            uniform token[] xformOpOrder = ["xformOp:transform"]

                            def Mesh "Sector" (
                                prepend apiSchemas = ["AecoDerivedGeometryAPI", "MaterialBindingAPI"]
                            )
                            {
                                uniform token aeco:derived:approx = "tessellated"
                                uniform token aeco:derived:role = "sector"
                                string aeco:derived:source = "fb5f5224-5673-5f64-9feb-3f7c08a46f45"
                                string aeco:derived:stamp = "usdAecoCctv derive 0.5.3"
                                uniform bool doubleSided = 1
                                float3[] extent = [(-16.08997, -11.863204, -24), (16.08997, 11.863204, 0)]
                                int[] faceVertexCounts = [4, 4, 4, 4, 4, 4, 4, 4, 4, 4, 4, 4, 4, 4, 4, 4, 4, 4, 4, 4, 4, 4, 4, 4, 4, 4, 4, 4, 4, 4, 4, 4, 4, 4, 4, 4, 4, 4, 4, 4, 4, 4, 4, 4, 4, 4, 4, 4, 4, 4, 4, 4, 4, 4, 4, 4, 4, 4, 4, 4, 4, 4, 4, 4, 4, 4, 4, 4, 4, 4, 4, 4, 4, 4, 4, 4, 4, 4, 4, 4, 4, 4, 4, 4, 4, 4, 4, 4, 4, 4, 4, 4, 4, 4, 4, 4, 4, 4, 4, 4, 4, 4, 4, 4, 4, 4, 4, 4, 4, 4, 4, 4, 4, 4, 4, 4, 4, 4, 4, 4, 4, 4, 4, 4, 4, 4, 4, 4, 4, 4, 4, 4, 4, 4, 4, 4, 4, 4, 4, 4, 4, 4, 4, 4, 4, 4, 4, 4, 4, 4, 4, 4, 4, 4, 4, 4, 4, 4, 4, 4, 4, 4, 4, 4, 4, 4, 4, 4, 4, 4, 4, 4, 4, 4, 4, 4, 4, 4, 4, 4, 4, 4, 4, 4, 4, 4, 4, 4, 4, 4, 4, 4, 4, 4, 4, 4, 4, 4, 4, 4, 4, 4, 4, 4, 4, 4, 4, 4, 4, 4, 4, 4, 4, 4, 4, 4, 4, 4, 4, 4, 4, 4, 4, 4, 4, 4, 4, 4, 4, 4, 4, 4, 4, 4, 4, 4, 4, 4, 4, 4, 4, 4, 4, 4, 4, 4, 4, 4, 4, 4, 4, 4, 4, 4, 4, 4, 4, 4, 4, 4, 4, 4, 4, 4, 4, 4, 4, 4, 4, 4, 4, 4, 4, 4, 4, 4, 4, 4, 4, 4, 4, 4, 4, 4, 4, 4, 4, 4, 4, 4, 4, 4, 4, 4, 4, 4, 4, 4, 4, 4, 4, 4, 4, 4, 4, 4, 4, 4, 4, 4, 4, 4, 4, 4, 4, 4, 4, 4, 4, 4, 4, 4, 4, 4, 4, 4, 4, 4, 4, 4, 4, 4, 4, 4, 4, 4, 3, 3, 3, 3, 3, 3, 3, 3, 3, 3, 3, 3, 3, 3, 3, 3, 3, 3, 3, 3, 3, 3, 3, 3, 3, 3, 3, 3, 3, 3, 3, 3, 3, 3, 3, 3, 3, 3, 3, 3, 3, 3, 3, 3, 3, 3, 3, 3, 3, 3, 3, 3, 3, 3, 3, 3, 3, 3, 3, 3, 3, 3, 3, 3, 3, 3, 3, 3, 3, 3, 3, 3, 3, 3, 3, 3]
                                int[] faceVertexIndices = [1, 26, 27, 2, 2, 27, 28, 3, 3, 28, 29, 4, 4, 29, 30, 5, 5, 30, 31, 6, 6, 31, 32, 7, 7, 32, 33, 8, 8, 33, 34, 9, 9, 34, 35, 10, 10, 35, 36, 11, 11, 36, 37, 12, 12, 37, 38, 13, 13, 38, 39, 14, 14, 39, 40, 15, 15, 40, 41, 16, 16, 41, 42, 17, 17, 42, 43, 18, 18, 43, 44, 19, 19, 44, 45, 20, 20, 45, 46, 21, 21, 46, 47, 22, 22, 47, 48, 23, 23, 48, 49, 24, 24, 49, 50, 25, 26, 51, 52, 27, 27, 52, 53, 28, 28, 53, 54, 29, 29, 54, 55, 30, 30, 55, 56, 31, 31, 56, 57, 32, 32, 57, 58, 33, 33, 58, 59, 34, 34, 59, 60, 35, 35, 60, 61, 36, 36, 61, 62, 37, 37, 62, 63, 38, 38, 63, 64, 39, 39, 64, 65, 40, 40, 65, 66, 41, 41, 66, 67, 42, 42, 67, 68, 43, 43, 68, 69, 44, 44, 69, 70, 45, 45, 70, 71, 46, 46, 71, 72, 47, 47, 72, 73, 48, 48, 73, 74, 49, 49, 74, 75, 50, 51, 76, 77, 52, 52, 77, 78, 53, 53, 78, 79, 54, 54, 79, 80, 55, 55, 80, 81, 56, 56, 81, 82, 57, 57, 82, 83, 58, 58, 83, 84, 59, 59, 84, 85, 60, 60, 85, 86, 61, 61, 86, 87, 62, 62, 87, 88, 63, 63, 88, 89, 64, 64, 89, 90, 65, 65, 90, 91, 66, 66, 91, 92, 67, 67, 92, 93, 68, 68, 93, 94, 69, 69, 94, 95, 70, 70, 95, 96, 71, 71, 96, 97, 72, 72, 97, 98, 73, 73, 98, 99, 74, 74, 99, 100, 75, 76, 101, 102, 77, 77, 102, 103, 78, 78, 103, 104, 79, 79, 104, 105, 80, 80, 105, 106, 81, 81, 106, 107, 82, 82, 107, 108, 83, 83, 108, 109, 84, 84, 109, 110, 85, 85, 110, 111, 86, 86, 111, 112, 87, 87, 112, 113, 88, 88, 113, 114, 89, 89, 114, 115, 90, 90, 115, 116, 91, 91, 116, 117, 92, 92, 117, 118, 93, 93, 118, 119, 94, 94, 119, 120, 95, 95, 120, 121, 96, 96, 121, 122, 97, 97, 122, 123, 98, 98, 123, 124, 99, 99, 124, 125, 100, 101, 126, 127, 102, 102, 127, 128, 103, 103, 128, 129, 104, 104, 129, 130, 105, 105, 130, 131, 106, 106, 131, 132, 107, 107, 132, 133, 108, 108, 133, 134, 109, 109, 134, 135, 110, 110, 135, 136, 111, 111, 136, 137, 112, 112, 137, 138, 113, 113, 138, 139, 114, 114, 139, 140, 115, 115, 140, 141, 116, 116, 141, 142, 117, 117, 142, 143, 118, 118, 143, 144, 119, 119, 144, 145, 120, 120, 145, 146, 121, 121, 146, 147, 122, 122, 147, 148, 123, 123, 148, 149, 124, 124, 149, 150, 125, 126, 151, 152, 127, 127, 152, 153, 128, 128, 153, 154, 129, 129, 154, 155, 130, 130, 155, 156, 131, 131, 156, 157, 132, 132, 157, 158, 133, 133, 158, 159, 134, 134, 159, 160, 135, 135, 160, 161, 136, 136, 161, 162, 137, 137, 162, 163, 138, 138, 163, 164, 139, 139, 164, 165, 140, 140, 165, 166, 141, 141, 166, 167, 142, 142, 167, 168, 143, 143, 168, 169, 144, 144, 169, 170, 145, 145, 170, 171, 146, 146, 171, 172, 147, 147, 172, 173, 148, 148, 173, 174, 149, 149, 174, 175, 150, 151, 176, 177, 152, 152, 177, 178, 153, 153, 178, 179, 154, 154, 179, 180, 155, 155, 180, 181, 156, 156, 181, 182, 157, 157, 182, 183, 158, 158, 183, 184, 159, 159, 184, 185, 160, 160, 185, 186, 161, 161, 186, 187, 162, 162, 187, 188, 163, 163, 188, 189, 164, 164, 189, 190, 165, 165, 190, 191, 166, 166, 191, 192, 167, 167, 192, 193, 168, 168, 193, 194, 169, 169, 194, 195, 170, 170, 195, 196, 171, 171, 196, 197, 172, 172, 197, 198, 173, 173, 198, 199, 174, 174, 199, 200, 175, 176, 201, 202, 177, 177, 202, 203, 178, 178, 203, 204, 179, 179, 204, 205, 180, 180, 205, 206, 181, 181, 206, 207, 182, 182, 207, 208, 183, 183, 208, 209, 184, 184, 209, 210, 185, 185, 210, 211, 186, 186, 211, 212, 187, 187, 212, 213, 188, 188, 213, 214, 189, 189, 214, 215, 190, 190, 215, 216, 191, 191, 216, 217, 192, 192, 217, 218, 193, 193, 218, 219, 194, 194, 219, 220, 195, 195, 220, 221, 196, 196, 221, 222, 197, 197, 222, 223, 198, 198, 223, 224, 199, 199, 224, 225, 200, 201, 226, 227, 202, 202, 227, 228, 203, 203, 228, 229, 204, 204, 229, 230, 205, 205, 230, 231, 206, 206, 231, 232, 207, 207, 232, 233, 208, 208, 233, 234, 209, 209, 234, 235, 210, 210, 235, 236, 211, 211, 236, 237, 212, 212, 237, 238, 213, 213, 238, 239, 214, 214, 239, 240, 215, 215, 240, 241, 216, 216, 241, 242, 217, 217, 242, 243, 218, 218, 243, 244, 219, 219, 244, 245, 220, 220, 245, 246, 221, 221, 246, 247, 222, 222, 247, 248, 223, 223, 248, 249, 224, 224, 249, 250, 225, 226, 251, 252, 227, 227, 252, 253, 228, 228, 253, 254, 229, 229, 254, 255, 230, 230, 255, 256, 231, 231, 256, 257, 232, 232, 257, 258, 233, 233, 258, 259, 234, 234, 259, 260, 235, 235, 260, 261, 236, 236, 261, 262, 237, 237, 262, 263, 238, 238, 263, 264, 239, 239, 264, 265, 240, 240, 265, 266, 241, 241, 266, 267, 242, 242, 267, 268, 243, 243, 268, 269, 244, 244, 269, 270, 245, 245, 270, 271, 246, 246, 271, 272, 247, 247, 272, 273, 248, 248, 273, 274, 249, 249, 274, 275, 250, 251, 276, 277, 252, 252, 277, 278, 253, 253, 278, 279, 254, 254, 279, 280, 255, 255, 280, 281, 256, 256, 281, 282, 257, 257, 282, 283, 258, 258, 283, 284, 259, 259, 284, 285, 260, 260, 285, 286, 261, 261, 286, 287, 262, 262, 287, 288, 263, 263, 288, 289, 264, 264, 289, 290, 265, 265, 290, 291, 266, 266, 291, 292, 267, 267, 292, 293, 268, 268, 293, 294, 269, 269, 294, 295, 270, 270, 295, 296, 271, 271, 296, 297, 272, 272, 297, 298, 273, 273, 298, 299, 274, 274, 299, 300, 275, 276, 301, 302, 277, 277, 302, 303, 278, 278, 303, 304, 279, 279, 304, 305, 280, 280, 305, 306, 281, 281, 306, 307, 282, 282, 307, 308, 283, 283, 308, 309, 284, 284, 309, 310, 285, 285, 310, 311, 286, 286, 311, 312, 287, 287, 312, 313, 288, 288, 313, 314, 289, 289, 314, 315, 290, 290, 315, 316, 291, 291, 316, 317, 292, 292, 317, 318, 293, 293, 318, 319, 294, 294, 319, 320, 295, 295, 320, 321, 296, 296, 321, 322, 297, 297, 322, 323, 298, 298, 323, 324, 299, 299, 324, 325, 300, 301, 326, 327, 302, 302, 327, 328, 303, 303, 328, 329, 304, 304, 329, 330, 305, 305, 330, 331, 306, 306, 331, 332, 307, 307, 332, 333, 308, 308, 333, 334, 309, 309, 334, 335, 310, 310, 335, 336, 311, 311, 336, 337, 312, 312, 337, 338, 313, 313, 338, 339, 314, 314, 339, 340, 315, 315, 340, 341, 316, 316, 341, 342, 317, 317, 342, 343, 318, 318, 343, 344, 319, 319, 344, 345, 320, 320, 345, 346, 321, 321, 346, 347, 322, 322, 347, 348, 323, 323, 348, 349, 324, 324, 349, 350, 325, 326, 351, 352, 327, 327, 352, 353, 328, 328, 353, 354, 329, 329, 354, 355, 330, 330, 355, 356, 331, 331, 356, 357, 332, 332, 357, 358, 333, 333, 358, 359, 334, 334, 359, 360, 335, 335, 360, 361, 336, 336, 361, 362, 337, 337, 362, 363, 338, 338, 363, 364, 339, 339, 364, 365, 340, 340, 365, 366, 341, 341, 366, 367, 342, 342, 367, 368, 343, 343, 368, 369, 344, 344, 369, 370, 345, 345, 370, 371, 346, 346, 371, 372, 347, 347, 372, 373, 348, 348, 373, 374, 349, 349, 374, 375, 350, 0, 1, 2, 0, 2, 3, 0, 3, 4, 0, 4, 5, 0, 5, 6, 0, 6, 7, 0, 7, 8, 0, 8, 9, 0, 9, 10, 0, 10, 11, 0, 11, 12, 0, 12, 13, 0, 13, 14, 0, 14, 15, 0, 15, 16, 0, 16, 17, 0, 17, 18, 0, 18, 19, 0, 19, 20, 0, 20, 21, 0, 21, 22, 0, 22, 23, 0, 23, 24, 0, 24, 25, 0, 352, 351, 0, 353, 352, 0, 354, 353, 0, 355, 354, 0, 356, 355, 0, 357, 356, 0, 358, 357, 0, 359, 358, 0, 360, 359, 0, 361, 360, 0, 362, 361, 0, 363, 362, 0, 364, 363, 0, 365, 364, 0, 366, 365, 0, 367, 366, 0, 368, 367, 0, 369, 368, 0, 370, 369, 0, 371, 370, 0, 372, 371, 0, 373, 372, 0, 374, 373, 0, 375, 374, 0, 26, 1, 0, 51, 26, 0, 76, 51, 0, 101, 76, 0, 126, 101, 0, 151, 126, 0, 176, 151, 0, 201, 176, 0, 226, 201, 0, 251, 226, 0, 276, 251, 0, 301, 276, 0, 326, 301, 0, 351, 326, 0, 25, 50, 0, 50, 75, 0, 75, 100, 0, 100, 125, 0, 125, 150, 0, 150, 175, 0, 175, 200, 0, 200, 225, 0, 225, 250, 0, 250, 275, 0, 275, 300, 0, 300, 325, 0, 325, 350, 0, 350, 375]
                                rel material:binding = </AecoCctvLooks/Sector>
                                point3f[] points = [(0, 0, 0), (-14.82453, -9.3294935, -16.40713), (-14.023156, -9.627454, -16.931131), (-13.143663, -9.926012, -17.456186), (-12.181471, -10.221522, -17.97588), (-11.13313, -10.509587, -18.48248), (-9.99684, -10.785072, -18.966955), (-8.773014, -11.042209, -19.419163), (-7.4648223, -11.274774, -19.82816), (-6.078647, -11.476391, -20.182728), (-4.6243386, -11.640905, -20.47205), (-3.115186, -11.762845, -20.686495), (-1.5675281, -11.837873, -20.818443), (0, -11.863204, -20.862991), (1.5675281, -11.837873, -20.818443), (3.115186, -11.762845, -20.686495), (4.6243386, -11.640905, -20.47205), (6.078647, -11.476391, -20.182728), (7.4648223, -11.274774, -19.82816), (8.773014, -11.042209, -19.419163), (9.99684, -10.785072, -18.966955), (11.13313, -10.509587, -18.48248), (12.181471, -10.221522, -17.97588), (13.143663, -9.926012, -17.456186), (14.023156, -9.627454, -16.931131), (14.82453, -9.3294935, -16.40713), (-15.130935, -8.161991, -16.746244), (-14.332434, -8.434102, -17.304544), (-13.45245, -8.7078905, -17.866287), (-12.4855995, -8.980044, -18.424675), (-11.4276085, -9.2464905, -18.971352), (-10.2759, -9.502402, -19.496416), (-9.030252, -9.742271, -19.988564), (-7.6934524, -9.96008, -20.43545), (-6.2718635, -10.149583, -20.824257), (-4.7757835, -10.30469, -21.142498), (-3.2194643, -10.41994, -21.37896), (-1.620706, -10.490973, -21.524702), (0, -10.5149765, -21.57395), (1.620706, -10.490973, -21.524702), (3.2194643, -10.41994, -21.37896), (4.7757835, -10.30469, -21.142498), (6.2718635, -10.149583, -20.824257), (7.6934524, -9.96008, -20.43545), (9.030252, -9.742271, -19.988564), (10.2759, -9.502402, -19.496416), (11.4276085, -9.2464905, -18.971352), (12.4855995, -8.980044, -18.424675), (13.45245, -8.7078905, -17.866287), (14.332434, -8.434102, -17.304544), (15.130935, -8.161991, -16.746244), (-15.405596, -6.9251246, -17.050228), (-14.610753, -7.164902, -17.64058), (-13.731457, -7.4070787, -18.23684), (-12.761542, -7.6487594, -18.831875), (-11.695917, -7.886325, -19.41678), (-10.531218, -8.1154175, -19.980827), (-9.266544, -8.330996, -20.511599), (-7.904244, -8.527479, -20.995358), (-6.450591, -8.699011, -21.41768), (-4.916256, -8.839824, -21.764374), (-3.3163874, -8.944696, -22.02258), (-1.670196, -9.00944, -22.181984), (0, -9.031336, -22.235893), (1.670196, -9.00944, -22.181984), (3.3163874, -8.944696, -22.02258), (4.916256, -8.839824, -21.764374), (6.450591, -8.699011, -21.41768), (7.904244, -8.527479, -20.995358), (9.266544, -8.330996, -20.511599), (10.531218, -8.1154175, -19.980827), (11.695917, -7.886325, -19.41678), (12.761542, -7.6487594, -18.831875), (13.731457, -7.4070787, -18.23684), (14.610753, -7.164902, -17.64058), (15.405596, -6.9251246, -17.050228), (-15.641798, -5.625042, -17.311646), (-14.850942, -5.8261495, -17.930574), (-13.97312, -6.0299497, -18.557793), (-13.001452, -6.2340417, -19.185905), (-11.930085, -6.435375, -19.80553), (-10.754892, -6.6302266, -20.405205), (-9.474313, -6.8142304, -20.971497), (-8.090227, -6.9825015, -21.489367), (-6.6087666, -7.1298556, -21.942865), (-5.040893, -7.2511444, -22.316145), (-3.40255, -7.34167, -22.594746), (-1.714245, -7.39764, -22.767), (0, -7.4165835, -22.8253), (1.714245, -7.39764, -22.767), (3.40255, -7.34167, -22.594746), (5.040893, -7.2511444, -22.316145), (6.6087666, -7.1298556, -21.942865), (8.090227, -6.9825015, -21.489367), (9.474313, -6.8142304, -20.971497), (10.754892, -6.6302266, -20.405205), (11.930085, -6.435375, -19.80553), (13.001452, -6.2340417, -19.185905), (13.97312, -6.0299497, -18.557793), (14.850942, -5.8261495, -17.930574), (15.641798, -5.625042, -17.311646), (-15.833215, -4.2704086, -17.523497), (-15.046169, -4.4270544, -18.166286), (-14.170161, -4.5862355, -18.819485), (-13.1977005, -4.7461047, -19.475502), (-12.122267, -4.904282, -20.124578), (-10.939069, -5.0578265, -20.754642), (-9.64594, -5.2032523, -21.351393), (-8.244319, -5.3366213, -21.898668), (-6.740172, -5.4537163, -22.379166), (-5.1446695, -5.5503173, -22.775564), (-3.474414, -5.622548, -23.07196), (-1.751023, -5.667264, -23.255451), (0, -5.682408, -23.317595), (1.751023, -5.667264, -23.255451), (3.474414, -5.622548, -23.07196), (5.1446695, -5.5503173, -22.775564), (6.740172, -5.4537163, -22.379166), (8.244319, -5.3366213, -21.898668), (9.64594, -5.2032523, -21.351393), (10.939069, -5.0578265, -20.754642), (12.122267, -4.904282, -20.124578), (13.1977005, -4.7461047, -19.475502), (14.170161, -4.5862355, -18.819485), (15.046169, -4.4270544, -18.166286), (15.833215, -4.2704086, -17.523497), (-15.974324, -2.8723118, -17.679672), (-15.190428, -2.9796665, -18.34046), (-14.316121, -3.0889843, -19.013334), (-13.343446, -3.1990116, -19.690577), (-12.265369, -3.3081179, -20.362148), (-11.076572, -3.4142685, -21.015526), (-9.774403, -3.5150323, -21.635748), (-8.359937, -3.607641, -22.205774), (-6.8389816, -3.6891115, -22.707241), (-5.222847, -3.7564392, -23.121656), (-3.5286262, -3.806852, -23.43196), (-1.7787913, -3.8380916, -23.624245), (0, -3.8486772, -23.6894), (1.7787913, -3.8380916, -23.624245), (3.5286262, -3.806852, -23.43196), (5.222847, -3.7564392, -23.121656), (6.8389816, -3.6891115, -22.707241), (8.359937, -3.607641, -22.205774), (9.774403, -3.5150323, -21.635748), (11.076572, -3.4142685, -21.015526), (12.265369, -3.3081179, -20.362148), (13.343446, -3.1990116, -19.690577), (14.316121, -3.0889843, -19.013334), (15.190428, -2.9796665, -18.34046), (15.974324, -2.8723118, -17.679672), (-16.060823, -1.4439325, -17.775404), (-15.279, -1.4985201, -18.447401), (-14.405891, -1.554177, -19.132559), (-13.433246, -1.6102703, -19.823092), (-12.353703, -1.6659713, -20.508793), (-11.161605, -1.7202396, -21.176859), (-9.853989, -1.7718264, -21.811913), (-8.431686, -1.819302, -22.396357), (-6.900395, -1.8611196, -22.91115), (-5.271499, -1.8957158, -23.337042), (-3.5623975, -1.921643, -23.656218), (-1.7961001, -1.9377195, -23.854124), (0, -1.9431686, -23.921206), (1.7961001, -1.9377195, -23.854124), (3.5623975, -1.921643, -23.656218), (5.271499, -1.8957158, -23.337042), (6.900395, -1.8611196, -22.91115), (8.431686, -1.819302, -22.396357), (9.853989, -1.7718264, -21.811913), (11.161605, -1.7202396, -21.176859), (12.353703, -1.6659713, -20.508793), (13.433246, -1.6102703, -19.823092), (14.405891, -1.554177, -19.132559), (15.279, -1.4985201, -18.447401), (16.060823, -1.4439325, -17.775404), (-16.08997, 0, -17.807663), (-15.30887, 0, -18.483465), (-14.4361925, 0, -19.172802), (-13.463584, 0, -19.86786), (-12.3835745, 0, -20.558382), (-11.190388, 0, -21.231468), (-9.880953, 0, -21.871597), (-8.456017, 0, -22.460983), (-6.9212365, 0, -22.98035), (-5.2880216, 0, -23.410187), (-3.5738719, 0, -23.732412), (-1.8019831, 0, -23.932255), (0, 0, -24), (1.8019831, 0, -23.932255), (3.5738719, 0, -23.732412), (5.2880216, 0, -23.410187), (6.9212365, 0, -22.98035), (8.456017, 0, -22.460983), (9.880953, 0, -21.871597), (11.190388, 0, -21.231468), (12.3835745, 0, -20.558382), (13.463584, 0, -19.86786), (14.4361925, 0, -19.172802), (15.30887, 0, -18.483465), (16.08997, 0, -17.807663), (-16.060823, 1.4439325, -17.775404), (-15.279, 1.4985201, -18.447401), (-14.405891, 1.554177, -19.132559), (-13.433246, 1.6102703, -19.823092), (-12.353703, 1.6659713, -20.508793), (-11.161605, 1.7202396, -21.176859), (-9.853989, 1.7718264, -21.811913), (-8.431686, 1.819302, -22.396357), (-6.900395, 1.8611196, -22.91115), (-5.271499, 1.8957158, -23.337042), (-3.5623975, 1.921643, -23.656218), (-1.7961001, 1.9377195, -23.854124), (0, 1.9431686, -23.921206), (1.7961001, 1.9377195, -23.854124), (3.5623975, 1.921643, -23.656218), (5.271499, 1.8957158, -23.337042), (6.900395, 1.8611196, -22.91115), (8.431686, 1.819302, -22.396357), (9.853989, 1.7718264, -21.811913), (11.161605, 1.7202396, -21.176859), (12.353703, 1.6659713, -20.508793), (13.433246, 1.6102703, -19.823092), (14.405891, 1.554177, -19.132559), (15.279, 1.4985201, -18.447401), (16.060823, 1.4439325, -17.775404), (-15.974324, 2.8723118, -17.679672), (-15.190428, 2.9796665, -18.34046), (-14.316121, 3.0889843, -19.013334), (-13.343446, 3.1990116, -19.690577), (-12.265369, 3.3081179, -20.362148), (-11.076572, 3.4142685, -21.015526), (-9.774403, 3.5150323, -21.635748), (-8.359937, 3.607641, -22.205774), (-6.8389816, 3.6891115, -22.707241), (-5.222847, 3.7564392, -23.121656), (-3.5286262, 3.806852, -23.43196), (-1.7787913, 3.8380916, -23.624245), (0, 3.8486772, -23.6894), (1.7787913, 3.8380916, -23.624245), (3.5286262, 3.806852, -23.43196), (5.222847, 3.7564392, -23.121656), (6.8389816, 3.6891115, -22.707241), (8.359937, 3.607641, -22.205774), (9.774403, 3.5150323, -21.635748), (11.076572, 3.4142685, -21.015526), (12.265369, 3.3081179, -20.362148), (13.343446, 3.1990116, -19.690577), (14.316121, 3.0889843, -19.013334), (15.190428, 2.9796665, -18.34046), (15.974324, 2.8723118, -17.679672), (-15.833215, 4.2704086, -17.523497), (-15.046169, 4.4270544, -18.166286), (-14.170161, 4.5862355, -18.819485), (-13.1977005, 4.7461047, -19.475502), (-12.122267, 4.904282, -20.124578), (-10.939069, 5.0578265, -20.754642), (-9.64594, 5.2032523, -21.351393), (-8.244319, 5.3366213, -21.898668), (-6.740172, 5.4537163, -22.379166), (-5.1446695, 5.5503173, -22.775564), (-3.474414, 5.622548, -23.07196), (-1.751023, 5.667264, -23.255451), (0, 5.682408, -23.317595), (1.751023, 5.667264, -23.255451), (3.474414, 5.622548, -23.07196), (5.1446695, 5.5503173, -22.775564), (6.740172, 5.4537163, -22.379166), (8.244319, 5.3366213, -21.898668), (9.64594, 5.2032523, -21.351393), (10.939069, 5.0578265, -20.754642), (12.122267, 4.904282, -20.124578), (13.1977005, 4.7461047, -19.475502), (14.170161, 4.5862355, -18.819485), (15.046169, 4.4270544, -18.166286), (15.833215, 4.2704086, -17.523497), (-15.641798, 5.625042, -17.311646), (-14.850942, 5.8261495, -17.930574), (-13.97312, 6.0299497, -18.557793), (-13.001452, 6.2340417, -19.185905), (-11.930085, 6.435375, -19.80553), (-10.754892, 6.6302266, -20.405205), (-9.474313, 6.8142304, -20.971497), (-8.090227, 6.9825015, -21.489367), (-6.6087666, 7.1298556, -21.942865), (-5.040893, 7.2511444, -22.316145), (-3.40255, 7.34167, -22.594746), (-1.714245, 7.39764, -22.767), (0, 7.4165835, -22.8253), (1.714245, 7.39764, -22.767), (3.40255, 7.34167, -22.594746), (5.040893, 7.2511444, -22.316145), (6.6087666, 7.1298556, -21.942865), (8.090227, 6.9825015, -21.489367), (9.474313, 6.8142304, -20.971497), (10.754892, 6.6302266, -20.405205), (11.930085, 6.435375, -19.80553), (13.001452, 6.2340417, -19.185905), (13.97312, 6.0299497, -18.557793), (14.850942, 5.8261495, -17.930574), (15.641798, 5.625042, -17.311646), (-15.405596, 6.9251246, -17.050228), (-14.610753, 7.164902, -17.64058), (-13.731457, 7.4070787, -18.23684), (-12.761542, 7.6487594, -18.831875), (-11.695917, 7.886325, -19.41678), (-10.531218, 8.1154175, -19.980827), (-9.266544, 8.330996, -20.511599), (-7.904244, 8.527479, -20.995358), (-6.450591, 8.699011, -21.41768), (-4.916256, 8.839824, -21.764374), (-3.3163874, 8.944696, -22.02258), (-1.670196, 9.00944, -22.181984), (0, 9.031336, -22.235893), (1.670196, 9.00944, -22.181984), (3.3163874, 8.944696, -22.02258), (4.916256, 8.839824, -21.764374), (6.450591, 8.699011, -21.41768), (7.904244, 8.527479, -20.995358), (9.266544, 8.330996, -20.511599), (10.531218, 8.1154175, -19.980827), (11.695917, 7.886325, -19.41678), (12.761542, 7.6487594, -18.831875), (13.731457, 7.4070787, -18.23684), (14.610753, 7.164902, -17.64058), (15.405596, 6.9251246, -17.050228), (-15.130935, 8.161991, -16.746244), (-14.332434, 8.434102, -17.304544), (-13.45245, 8.7078905, -17.866287), (-12.4855995, 8.980044, -18.424675), (-11.4276085, 9.2464905, -18.971352), (-10.2759, 9.502402, -19.496416), (-9.030252, 9.742271, -19.988564), (-7.6934524, 9.96008, -20.43545), (-6.2718635, 10.149583, -20.824257), (-4.7757835, 10.30469, -21.142498), (-3.2194643, 10.41994, -21.37896), (-1.620706, 10.490973, -21.524702), (0, 10.5149765, -21.57395), (1.620706, 10.490973, -21.524702), (3.2194643, 10.41994, -21.37896), (4.7757835, 10.30469, -21.142498), (6.2718635, 10.149583, -20.824257), (7.6934524, 9.96008, -20.43545), (9.030252, 9.742271, -19.988564), (10.2759, 9.502402, -19.496416), (11.4276085, 9.2464905, -18.971352), (12.4855995, 8.980044, -18.424675), (13.45245, 8.7078905, -17.866287), (14.332434, 8.434102, -17.304544), (15.130935, 8.161991, -16.746244), (-14.82453, 9.3294935, -16.40713), (-14.023156, 9.627454, -16.931131), (-13.143663, 9.926012, -17.456186), (-12.181471, 10.221522, -17.97588), (-11.13313, 10.509587, -18.48248), (-9.99684, 10.785072, -18.966955), (-8.773014, 11.042209, -19.419163), (-7.4648223, 11.274774, -19.82816), (-6.078647, 11.476391, -20.182728), (-4.6243386, 11.640905, -20.47205), (-3.115186, 11.762845, -20.686495), (-1.5675281, 11.837873, -20.818443), (0, 11.863204, -20.862991), (1.5675281, 11.837873, -20.818443), (3.115186, 11.762845, -20.686495), (4.6243386, 11.640905, -20.47205), (6.078647, 11.476391, -20.182728), (7.4648223, 11.274774, -19.82816), (8.773014, 11.042209, -19.419163), (9.99684, 10.785072, -18.966955), (11.13313, 10.509587, -18.48248), (12.181471, 10.221522, -17.97588), (13.143663, 9.926012, -17.456186), (14.023156, 9.627454, -16.931131), (14.82453, 9.3294935, -16.40713)]
                                color3f[] primvars:displayColor = [(0, 0.85, 0.95)] (
                                    interpolation = "constant"
                                )
                                float[] primvars:displayOpacity = [0.3] (
                                    interpolation = "constant"
                                )
                                uniform token purpose = "guide"
                                uniform token subdivisionScheme = "none"
                            }

                            def Mesh "Shell_identify" (
                                prepend apiSchemas = ["AecoDerivedGeometryAPI", "MaterialBindingAPI"]
                            )
                            {
                                uniform token aeco:derived:approx = "tessellated"
                                uniform token aeco:derived:role = "coverage"
                                string aeco:derived:source = "fb5f5224-5673-5f64-9feb-3f7c08a46f45"
                                string aeco:derived:stamp = "usdAecoCctv derive 0.5.3"
                                uniform bool doubleSided = 1
                                float3[] extent = [(-3.846455, -2.836008, -5.7374206), (3.846455, 2.836008, 0)]
                                int[] faceVertexCounts = [4, 4, 4, 4, 4, 4, 4, 4, 4, 4, 4, 4, 4, 4, 4, 4, 4, 4, 4, 4, 4, 4, 4, 4, 4, 4, 4, 4, 4, 4, 4, 4, 4, 4, 4, 4, 4, 4, 4, 4, 4, 4, 4, 4, 4, 4, 4, 4, 4, 4, 4, 4, 4, 4, 4, 4, 4, 4, 4, 4, 4, 4, 4, 4, 4, 4, 4, 4, 4, 4, 4, 4, 4, 4, 4, 4, 4, 4, 4, 4, 4, 4, 4, 4, 4, 4, 4, 4, 4, 4, 4, 4, 4, 4, 4, 4, 4, 4, 4, 4, 4, 4, 4, 4, 4, 4, 4, 4, 4, 4, 4, 4, 4, 4, 4, 4, 4, 4, 4, 4, 4, 4, 4, 4, 4, 4, 4, 4, 4, 4, 4, 4, 4, 4, 4, 4, 4, 4, 4, 4, 4, 4, 4, 4, 4, 4, 4, 4, 4, 4, 4, 4, 4, 4, 4, 4, 4, 4, 4, 4, 4, 4, 4, 4, 4, 4, 4, 4, 4, 4, 4, 4, 4, 4, 4, 4, 4, 4, 4, 4, 4, 4, 4, 4, 4, 4, 4, 4, 4, 4, 4, 4, 4, 4, 4, 4, 4, 4, 4, 4, 4, 4, 4, 4, 4, 4, 4, 4, 4, 4, 4, 4, 4, 4, 4, 4, 4, 4, 4, 4, 4, 4, 4, 4, 4, 4, 4, 4, 4, 4, 4, 4, 4, 4, 4, 4, 4, 4, 4, 4, 4, 4, 4, 4, 4, 4, 4, 4, 4, 4, 4, 4, 4, 4, 4, 4, 4, 4, 4, 4, 4, 4, 4, 4, 4, 4, 4, 4, 4, 4, 4, 4, 4, 4, 4, 4, 4, 4, 4, 4, 4, 4, 4, 4, 4, 4, 4, 4, 4, 4, 4, 4, 4, 4, 4, 4, 4, 4, 4, 4, 4, 4, 4, 4, 4, 4, 4, 4, 4, 4, 4, 4, 4, 4, 4, 4, 4, 4, 4, 4, 4, 4, 4, 4, 4, 4, 4, 4, 4, 4, 4, 4, 4, 4, 4, 4, 3, 3, 3, 3, 3, 3, 3, 3, 3, 3, 3, 3, 3, 3, 3, 3, 3, 3, 3, 3, 3, 3, 3, 3, 3, 3, 3, 3, 3, 3, 3, 3, 3, 3, 3, 3, 3, 3, 3, 3, 3, 3, 3, 3, 3, 3, 3, 3, 3, 3, 3, 3, 3, 3, 3, 3, 3, 3, 3, 3, 3, 3, 3, 3, 3, 3, 3, 3, 3, 3, 3, 3, 3, 3, 3, 3]
                                int[] faceVertexIndices = [1, 26, 27, 2, 2, 27, 28, 3, 3, 28, 29, 4, 4, 29, 30, 5, 5, 30, 31, 6, 6, 31, 32, 7, 7, 32, 33, 8, 8, 33, 34, 9, 9, 34, 35, 10, 10, 35, 36, 11, 11, 36, 37, 12, 12, 37, 38, 13, 13, 38, 39, 14, 14, 39, 40, 15, 15, 40, 41, 16, 16, 41, 42, 17, 17, 42, 43, 18, 18, 43, 44, 19, 19, 44, 45, 20, 20, 45, 46, 21, 21, 46, 47, 22, 22, 47, 48, 23, 23, 48, 49, 24, 24, 49, 50, 25, 26, 51, 52, 27, 27, 52, 53, 28, 28, 53, 54, 29, 29, 54, 55, 30, 30, 55, 56, 31, 31, 56, 57, 32, 32, 57, 58, 33, 33, 58, 59, 34, 34, 59, 60, 35, 35, 60, 61, 36, 36, 61, 62, 37, 37, 62, 63, 38, 38, 63, 64, 39, 39, 64, 65, 40, 40, 65, 66, 41, 41, 66, 67, 42, 42, 67, 68, 43, 43, 68, 69, 44, 44, 69, 70, 45, 45, 70, 71, 46, 46, 71, 72, 47, 47, 72, 73, 48, 48, 73, 74, 49, 49, 74, 75, 50, 51, 76, 77, 52, 52, 77, 78, 53, 53, 78, 79, 54, 54, 79, 80, 55, 55, 80, 81, 56, 56, 81, 82, 57, 57, 82, 83, 58, 58, 83, 84, 59, 59, 84, 85, 60, 60, 85, 86, 61, 61, 86, 87, 62, 62, 87, 88, 63, 63, 88, 89, 64, 64, 89, 90, 65, 65, 90, 91, 66, 66, 91, 92, 67, 67, 92, 93, 68, 68, 93, 94, 69, 69, 94, 95, 70, 70, 95, 96, 71, 71, 96, 97, 72, 72, 97, 98, 73, 73, 98, 99, 74, 74, 99, 100, 75, 76, 101, 102, 77, 77, 102, 103, 78, 78, 103, 104, 79, 79, 104, 105, 80, 80, 105, 106, 81, 81, 106, 107, 82, 82, 107, 108, 83, 83, 108, 109, 84, 84, 109, 110, 85, 85, 110, 111, 86, 86, 111, 112, 87, 87, 112, 113, 88, 88, 113, 114, 89, 89, 114, 115, 90, 90, 115, 116, 91, 91, 116, 117, 92, 92, 117, 118, 93, 93, 118, 119, 94, 94, 119, 120, 95, 95, 120, 121, 96, 96, 121, 122, 97, 97, 122, 123, 98, 98, 123, 124, 99, 99, 124, 125, 100, 101, 126, 127, 102, 102, 127, 128, 103, 103, 128, 129, 104, 104, 129, 130, 105, 105, 130, 131, 106, 106, 131, 132, 107, 107, 132, 133, 108, 108, 133, 134, 109, 109, 134, 135, 110, 110, 135, 136, 111, 111, 136, 137, 112, 112, 137, 138, 113, 113, 138, 139, 114, 114, 139, 140, 115, 115, 140, 141, 116, 116, 141, 142, 117, 117, 142, 143, 118, 118, 143, 144, 119, 119, 144, 145, 120, 120, 145, 146, 121, 121, 146, 147, 122, 122, 147, 148, 123, 123, 148, 149, 124, 124, 149, 150, 125, 126, 151, 152, 127, 127, 152, 153, 128, 128, 153, 154, 129, 129, 154, 155, 130, 130, 155, 156, 131, 131, 156, 157, 132, 132, 157, 158, 133, 133, 158, 159, 134, 134, 159, 160, 135, 135, 160, 161, 136, 136, 161, 162, 137, 137, 162, 163, 138, 138, 163, 164, 139, 139, 164, 165, 140, 140, 165, 166, 141, 141, 166, 167, 142, 142, 167, 168, 143, 143, 168, 169, 144, 144, 169, 170, 145, 145, 170, 171, 146, 146, 171, 172, 147, 147, 172, 173, 148, 148, 173, 174, 149, 149, 174, 175, 150, 151, 176, 177, 152, 152, 177, 178, 153, 153, 178, 179, 154, 154, 179, 180, 155, 155, 180, 181, 156, 156, 181, 182, 157, 157, 182, 183, 158, 158, 183, 184, 159, 159, 184, 185, 160, 160, 185, 186, 161, 161, 186, 187, 162, 162, 187, 188, 163, 163, 188, 189, 164, 164, 189, 190, 165, 165, 190, 191, 166, 166, 191, 192, 167, 167, 192, 193, 168, 168, 193, 194, 169, 169, 194, 195, 170, 170, 195, 196, 171, 171, 196, 197, 172, 172, 197, 198, 173, 173, 198, 199, 174, 174, 199, 200, 175, 176, 201, 202, 177, 177, 202, 203, 178, 178, 203, 204, 179, 179, 204, 205, 180, 180, 205, 206, 181, 181, 206, 207, 182, 182, 207, 208, 183, 183, 208, 209, 184, 184, 209, 210, 185, 185, 210, 211, 186, 186, 211, 212, 187, 187, 212, 213, 188, 188, 213, 214, 189, 189, 214, 215, 190, 190, 215, 216, 191, 191, 216, 217, 192, 192, 217, 218, 193, 193, 218, 219, 194, 194, 219, 220, 195, 195, 220, 221, 196, 196, 221, 222, 197, 197, 222, 223, 198, 198, 223, 224, 199, 199, 224, 225, 200, 201, 226, 227, 202, 202, 227, 228, 203, 203, 228, 229, 204, 204, 229, 230, 205, 205, 230, 231, 206, 206, 231, 232, 207, 207, 232, 233, 208, 208, 233, 234, 209, 209, 234, 235, 210, 210, 235, 236, 211, 211, 236, 237, 212, 212, 237, 238, 213, 213, 238, 239, 214, 214, 239, 240, 215, 215, 240, 241, 216, 216, 241, 242, 217, 217, 242, 243, 218, 218, 243, 244, 219, 219, 244, 245, 220, 220, 245, 246, 221, 221, 246, 247, 222, 222, 247, 248, 223, 223, 248, 249, 224, 224, 249, 250, 225, 226, 251, 252, 227, 227, 252, 253, 228, 228, 253, 254, 229, 229, 254, 255, 230, 230, 255, 256, 231, 231, 256, 257, 232, 232, 257, 258, 233, 233, 258, 259, 234, 234, 259, 260, 235, 235, 260, 261, 236, 236, 261, 262, 237, 237, 262, 263, 238, 238, 263, 264, 239, 239, 264, 265, 240, 240, 265, 266, 241, 241, 266, 267, 242, 242, 267, 268, 243, 243, 268, 269, 244, 244, 269, 270, 245, 245, 270, 271, 246, 246, 271, 272, 247, 247, 272, 273, 248, 248, 273, 274, 249, 249, 274, 275, 250, 251, 276, 277, 252, 252, 277, 278, 253, 253, 278, 279, 254, 254, 279, 280, 255, 255, 280, 281, 256, 256, 281, 282, 257, 257, 282, 283, 258, 258, 283, 284, 259, 259, 284, 285, 260, 260, 285, 286, 261, 261, 286, 287, 262, 262, 287, 288, 263, 263, 288, 289, 264, 264, 289, 290, 265, 265, 290, 291, 266, 266, 291, 292, 267, 267, 292, 293, 268, 268, 293, 294, 269, 269, 294, 295, 270, 270, 295, 296, 271, 271, 296, 297, 272, 272, 297, 298, 273, 273, 298, 299, 274, 274, 299, 300, 275, 276, 301, 302, 277, 277, 302, 303, 278, 278, 303, 304, 279, 279, 304, 305, 280, 280, 305, 306, 281, 281, 306, 307, 282, 282, 307, 308, 283, 283, 308, 309, 284, 284, 309, 310, 285, 285, 310, 311, 286, 286, 311, 312, 287, 287, 312, 313, 288, 288, 313, 314, 289, 289, 314, 315, 290, 290, 315, 316, 291, 291, 316, 317, 292, 292, 317, 318, 293, 293, 318, 319, 294, 294, 319, 320, 295, 295, 320, 321, 296, 296, 321, 322, 297, 297, 322, 323, 298, 298, 323, 324, 299, 299, 324, 325, 300, 301, 326, 327, 302, 302, 327, 328, 303, 303, 328, 329, 304, 304, 329, 330, 305, 305, 330, 331, 306, 306, 331, 332, 307, 307, 332, 333, 308, 308, 333, 334, 309, 309, 334, 335, 310, 310, 335, 336, 311, 311, 336, 337, 312, 312, 337, 338, 313, 313, 338, 339, 314, 314, 339, 340, 315, 315, 340, 341, 316, 316, 341, 342, 317, 317, 342, 343, 318, 318, 343, 344, 319, 319, 344, 345, 320, 320, 345, 346, 321, 321, 346, 347, 322, 322, 347, 348, 323, 323, 348, 349, 324, 324, 349, 350, 325, 326, 351, 352, 327, 327, 352, 353, 328, 328, 353, 354, 329, 329, 354, 355, 330, 330, 355, 356, 331, 331, 356, 357, 332, 332, 357, 358, 333, 333, 358, 359, 334, 334, 359, 360, 335, 335, 360, 361, 336, 336, 361, 362, 337, 337, 362, 363, 338, 338, 363, 364, 339, 339, 364, 365, 340, 340, 365, 366, 341, 341, 366, 367, 342, 342, 367, 368, 343, 343, 368, 369, 344, 344, 369, 370, 345, 345, 370, 371, 346, 346, 371, 372, 347, 347, 372, 373, 348, 348, 373, 374, 349, 349, 374, 375, 350, 0, 1, 2, 0, 2, 3, 0, 3, 4, 0, 4, 5, 0, 5, 6, 0, 6, 7, 0, 7, 8, 0, 8, 9, 0, 9, 10, 0, 10, 11, 0, 11, 12, 0, 12, 13, 0, 13, 14, 0, 14, 15, 0, 15, 16, 0, 16, 17, 0, 17, 18, 0, 18, 19, 0, 19, 20, 0, 20, 21, 0, 21, 22, 0, 22, 23, 0, 23, 24, 0, 24, 25, 0, 352, 351, 0, 353, 352, 0, 354, 353, 0, 355, 354, 0, 356, 355, 0, 357, 356, 0, 358, 357, 0, 359, 358, 0, 360, 359, 0, 361, 360, 0, 362, 361, 0, 363, 362, 0, 364, 363, 0, 365, 364, 0, 366, 365, 0, 367, 366, 0, 368, 367, 0, 369, 368, 0, 370, 369, 0, 371, 370, 0, 372, 371, 0, 373, 372, 0, 374, 373, 0, 375, 374, 0, 26, 1, 0, 51, 26, 0, 76, 51, 0, 101, 76, 0, 126, 101, 0, 151, 126, 0, 176, 151, 0, 201, 176, 0, 226, 201, 0, 251, 226, 0, 276, 251, 0, 301, 276, 0, 326, 301, 0, 351, 326, 0, 25, 50, 0, 50, 75, 0, 75, 100, 0, 100, 125, 0, 125, 150, 0, 150, 175, 0, 175, 200, 0, 200, 225, 0, 225, 250, 0, 250, 275, 0, 275, 300, 0, 300, 325, 0, 325, 350, 0, 350, 375]
                                rel material:binding = </AecoCctvLooks/Shell_identify>
                                point3f[] points = [(0, 0, 0), (-3.5439398, -2.230301, -3.9222748), (-3.352364, -2.3015313, -4.0475426), (-3.1421134, -2.3729043, -4.1730614), (-2.9120924, -2.443549, -4.297299), (-2.6614769, -2.5124133, -4.418406), (-2.3898363, -2.5782707, -4.534225), (-2.0972695, -2.6397414, -4.642329), (-1.7845343, -2.6953382, -4.7401037), (-1.4531565, -2.7435365, -4.8248663), (-1.1054907, -2.7828653, -4.8940315), (-0.74471384, -2.812016, -4.945297), (-0.374732, -2.8299525, -4.97684), (0, -2.836008, -4.9874897), (0.374732, -2.8299525, -4.97684), (0.74471384, -2.812016, -4.945297), (1.1054907, -2.7828653, -4.8940315), (1.4531565, -2.7435365, -4.8248663), (1.7845343, -2.6953382, -4.7401037), (2.0972695, -2.6397414, -4.642329), (2.3898363, -2.5782707, -4.534225), (2.6614769, -2.5124133, -4.418406), (2.9120924, -2.443549, -4.297299), (3.1421134, -2.3729043, -4.1730614), (3.352364, -2.3015313, -4.0475426), (3.5439398, -2.230301, -3.9222748), (-3.617189, -1.9511988, -4.0033436), (-3.4262998, -2.0162494, -4.1368103), (-3.2159317, -2.0817013, -4.2711), (-2.9847972, -2.1467621, -4.4045877), (-2.7318747, -2.2104585, -4.535276), (-2.4565485, -2.2716367, -4.660797), (-2.1587648, -2.3289795, -4.7784495), (-1.8391905, -2.3810487, -4.885282), (-1.4993465, -2.4263508, -4.97823), (-1.1416949, -2.463431, -5.0543084), (-0.76964253, -2.4909823, -5.1108365), (-0.38744462, -2.5079637, -5.1456776), (0, -2.5137017, -5.1574507), (0.38744462, -2.5079637, -5.1456776), (0.76964253, -2.4909823, -5.1108365), (1.1416949, -2.463431, -5.0543084), (1.4993465, -2.4263508, -4.97823), (1.8391905, -2.3810487, -4.885282), (2.1587648, -2.3289795, -4.7784495), (2.4565485, -2.2716367, -4.660797), (2.7318747, -2.2104585, -4.535276), (2.9847972, -2.1467621, -4.4045877), (3.2159317, -2.0817013, -4.2711), (3.4262998, -2.0162494, -4.1368103), (3.617189, -1.9511988, -4.0033436), (-3.6828492, -1.6555146, -4.0760136), (-3.4928348, -1.7128357, -4.2171426), (-3.282631, -1.7707303, -4.3596835), (-3.0507638, -1.8285061, -4.5019326), (-2.7960165, -1.8852984, -4.64176), (-2.5175843, -1.9400651, -4.7766004), (-2.2152526, -1.991601, -4.903486), (-1.8895822, -2.0385723, -5.019133), (-1.5420731, -2.0795784, -5.1200933), (-1.1752762, -2.113241, -5.2029734), (-0.7928128, -2.1383119, -5.2647), (-0.39927572, -2.1537895, -5.302807), (0, -2.1590238, -5.315695), (0.39927572, -2.1537895, -5.302807), (0.7928128, -2.1383119, -5.2647), (1.1752762, -2.113241, -5.2029734), (1.5420731, -2.0795784, -5.1200933), (1.8895822, -2.0385723, -5.019133), (2.2152526, -1.991601, -4.903486), (2.5175843, -1.9400651, -4.7766004), (2.7960165, -1.8852984, -4.64176), (3.0507638, -1.8285061, -4.5019326), (3.282631, -1.7707303, -4.3596835), (3.4928348, -1.7128357, -4.2171426), (3.6828492, -1.6555146, -4.0760136), (-3.7393155, -1.3447179, -4.138508), (-3.5502539, -1.3927945, -4.2864685), (-3.3404026, -1.4415148, -4.4364104), (-3.1081166, -1.490305, -4.586567), (-2.8519964, -1.5384356, -4.734694), (-2.571056, -1.5850165, -4.8780518), (-2.2649217, -1.6290044, -5.0134287), (-1.934043, -1.669231, -5.1372304), (-1.5798863, -1.7044575, -5.2456436), (-1.2050718, -1.7334527, -5.3348794), (-0.8134108, -1.7550936, -5.4014816), (-0.40980598, -1.7684739, -5.4426603), (0, -1.7730024, -5.4565973), (0.40980598, -1.7684739, -5.4426603), (0.8134108, -1.7550936, -5.4014816), (1.2050718, -1.7334527, -5.3348794), (1.5798863, -1.7044575, -5.2456436), (1.934043, -1.669231, -5.1372304), (2.2649217, -1.6290044, -5.0134287), (2.571056, -1.5850165, -4.8780518), (2.8519964, -1.5384356, -4.734694), (3.1081166, -1.490305, -4.586567), (3.3404026, -1.4415148, -4.4364104), (3.5502539, -1.3927945, -4.2864685), (3.7393155, -1.3447179, -4.138508), (-3.7850752, -1.0208803, -4.1891527), (-3.5969248, -1.0583279, -4.342818), (-3.3875072, -1.0963818, -4.4989705), (-3.1550314, -1.1345999, -4.655798), (-2.8979392, -1.1724137, -4.810965), (-2.615085, -1.2091198, -4.961588), (-2.3059504, -1.2438853, -5.1042466), (-1.9708802, -1.2757683, -5.235078), (-1.6113, -1.303761, -5.349945), (-1.2298805, -1.3268543, -5.444708), (-0.8305906, -1.3441218, -5.5155644), (-0.41859815, -1.3548115, -5.559429), (0, -1.3584318, -5.574285), (0.41859815, -1.3548115, -5.559429), (0.8305906, -1.3441218, -5.5155644), (1.2298805, -1.3268543, -5.444708), (1.6113, -1.303761, -5.349945), (1.9708802, -1.2757683, -5.235078), (2.3059504, -1.2438853, -5.1042466), (2.615085, -1.2091198, -4.961588), (2.8979392, -1.1724137, -4.810965), (3.1550314, -1.1345999, -4.655798), (3.3875072, -1.0963818, -4.4989705), (3.5969248, -1.0583279, -4.342818), (3.7850752, -1.0208803, -4.1891527), (-3.818809, -0.68665254, -4.2264876), (-3.6314113, -0.71231663, -4.3844557), (-3.4224, -0.73845005, -4.545312), (-3.1898732, -0.7647531, -4.707213), (-2.9321492, -0.790836, -4.8677583), (-2.6479561, -0.81621224, -5.0239544), (-2.3366609, -0.84030074, -5.172224), (-1.9985197, -0.8624397, -5.308494), (-1.6349213, -0.881916, -5.4283743), (-1.2485695, -0.89801127, -5.5274444), (-0.8435505, -0.9100629, -5.601625), (-0.4252364, -0.9175311, -5.6475925), (0, -0.9200616, -5.663169), (0.4252364, -0.9175311, -5.6475925), (0.8435505, -0.9100629, -5.601625), (1.2485695, -0.89801127, -5.5274444), (1.6349213, -0.881916, -5.4283743), (1.9985197, -0.8624397, -5.308494), (2.3366609, -0.84030074, -5.172224), (2.6479561, -0.81621224, -5.0239544), (2.9321492, -0.790836, -4.8677583), (3.1898732, -0.7647531, -4.707213), (3.4224, -0.73845005, -4.545312), (3.6314113, -0.71231663, -4.3844557), (3.818809, -0.68665254, -4.2264876), (-3.8394873, -0.34518534, -4.249374), (-3.6525853, -0.358235, -4.4100204), (-3.4438608, -0.37154028, -4.573814), (-3.2113407, -0.3849499, -4.738892), (-2.9532661, -0.39826572, -4.9028153), (-2.6682842, -0.4112391, -5.0625224), (-2.3556867, -0.42357135, -5.214338), (-2.0156722, -0.43492085, -5.354055), (-1.6496028, -0.44491774, -5.477121), (-1.2602003, -0.45318827, -5.578934), (-0.85162383, -0.4593864, -5.655236), (-0.42937425, -0.46322963, -5.7025476), (0, -0.4645323, -5.718584), (0.42937425, -0.46322963, -5.7025476), (0.85162383, -0.4593864, -5.655236), (1.2602003, -0.45318827, -5.578934), (1.6496028, -0.44491774, -5.477121), (2.0156722, -0.43492085, -5.354055), (2.3556867, -0.42357135, -5.214338), (2.6682842, -0.4112391, -5.0625224), (2.9532661, -0.39826572, -4.9028153), (3.2113407, -0.3849499, -4.738892), (3.4438608, -0.37154028, -4.573814), (3.6525853, -0.358235, -4.4100204), (3.8394873, -0.34518534, -4.249374), (-3.846455, 0, -4.2570853), (-3.6597261, 0, -4.418642), (-3.4511044, 0, -4.5834346), (-3.2185934, 0, -4.7495947), (-2.960407, 0, -4.91467), (-2.675165, 0, -5.0755773), (-2.3621325, 0, -5.228606), (-2.0214884, 0, -5.3695045), (-1.6545852, 0, -5.493664), (-1.26415, 0, -5.5964203), (-0.8543669, 0, -5.6734514), (-0.4307806, 0, -5.7212253), (0, 0, -5.7374206), (0.4307806, 0, -5.7212253), (0.8543669, 0, -5.6734514), (1.26415, 0, -5.5964203), (1.6545852, 0, -5.493664), (2.0214884, 0, -5.3695045), (2.3621325, 0, -5.228606), (2.675165, 0, -5.0755773), (2.960407, 0, -4.91467), (3.2185934, 0, -4.7495947), (3.4511044, 0, -4.5834346), (3.6597261, 0, -4.418642), (3.846455, 0, -4.2570853), (-3.8394873, 0.34518534, -4.249374), (-3.6525853, 0.358235, -4.4100204), (-3.4438608, 0.37154028, -4.573814), (-3.2113407, 0.3849499, -4.738892), (-2.9532661, 0.39826572, -4.9028153), (-2.6682842, 0.4112391, -5.0625224), (-2.3556867, 0.42357135, -5.214338), (-2.0156722, 0.43492085, -5.354055), (-1.6496028, 0.44491774, -5.477121), (-1.2602003, 0.45318827, -5.578934), (-0.85162383, 0.4593864, -5.655236), (-0.42937425, 0.46322963, -5.7025476), (0, 0.4645323, -5.718584), (0.42937425, 0.46322963, -5.7025476), (0.85162383, 0.4593864, -5.655236), (1.2602003, 0.45318827, -5.578934), (1.6496028, 0.44491774, -5.477121), (2.0156722, 0.43492085, -5.354055), (2.3556867, 0.42357135, -5.214338), (2.6682842, 0.4112391, -5.0625224), (2.9532661, 0.39826572, -4.9028153), (3.2113407, 0.3849499, -4.738892), (3.4438608, 0.37154028, -4.573814), (3.6525853, 0.358235, -4.4100204), (3.8394873, 0.34518534, -4.249374), (-3.818809, 0.68665254, -4.2264876), (-3.6314113, 0.71231663, -4.3844557), (-3.4224, 0.73845005, -4.545312), (-3.1898732, 0.7647531, -4.707213), (-2.9321492, 0.790836, -4.8677583), (-2.6479561, 0.81621224, -5.0239544), (-2.3366609, 0.84030074, -5.172224), (-1.9985197, 0.8624397, -5.308494), (-1.6349213, 0.881916, -5.4283743), (-1.2485695, 0.89801127, -5.5274444), (-0.8435505, 0.9100629, -5.601625), (-0.4252364, 0.9175311, -5.6475925), (0, 0.9200616, -5.663169), (0.4252364, 0.9175311, -5.6475925), (0.8435505, 0.9100629, -5.601625), (1.2485695, 0.89801127, -5.5274444), (1.6349213, 0.881916, -5.4283743), (1.9985197, 0.8624397, -5.308494), (2.3366609, 0.84030074, -5.172224), (2.6479561, 0.81621224, -5.0239544), (2.9321492, 0.790836, -4.8677583), (3.1898732, 0.7647531, -4.707213), (3.4224, 0.73845005, -4.545312), (3.6314113, 0.71231663, -4.3844557), (3.818809, 0.68665254, -4.2264876), (-3.7850752, 1.0208803, -4.1891527), (-3.5969248, 1.0583279, -4.342818), (-3.3875072, 1.0963818, -4.4989705), (-3.1550314, 1.1345999, -4.655798), (-2.8979392, 1.1724137, -4.810965), (-2.615085, 1.2091198, -4.961588), (-2.3059504, 1.2438853, -5.1042466), (-1.9708802, 1.2757683, -5.235078), (-1.6113, 1.303761, -5.349945), (-1.2298805, 1.3268543, -5.444708), (-0.8305906, 1.3441218, -5.5155644), (-0.41859815, 1.3548115, -5.559429), (0, 1.3584318, -5.574285), (0.41859815, 1.3548115, -5.559429), (0.8305906, 1.3441218, -5.5155644), (1.2298805, 1.3268543, -5.444708), (1.6113, 1.303761, -5.349945), (1.9708802, 1.2757683, -5.235078), (2.3059504, 1.2438853, -5.1042466), (2.615085, 1.2091198, -4.961588), (2.8979392, 1.1724137, -4.810965), (3.1550314, 1.1345999, -4.655798), (3.3875072, 1.0963818, -4.4989705), (3.5969248, 1.0583279, -4.342818), (3.7850752, 1.0208803, -4.1891527), (-3.7393155, 1.3447179, -4.138508), (-3.5502539, 1.3927945, -4.2864685), (-3.3404026, 1.4415148, -4.4364104), (-3.1081166, 1.490305, -4.586567), (-2.8519964, 1.5384356, -4.734694), (-2.571056, 1.5850165, -4.8780518), (-2.2649217, 1.6290044, -5.0134287), (-1.934043, 1.669231, -5.1372304), (-1.5798863, 1.7044575, -5.2456436), (-1.2050718, 1.7334527, -5.3348794), (-0.8134108, 1.7550936, -5.4014816), (-0.40980598, 1.7684739, -5.4426603), (0, 1.7730024, -5.4565973), (0.40980598, 1.7684739, -5.4426603), (0.8134108, 1.7550936, -5.4014816), (1.2050718, 1.7334527, -5.3348794), (1.5798863, 1.7044575, -5.2456436), (1.934043, 1.669231, -5.1372304), (2.2649217, 1.6290044, -5.0134287), (2.571056, 1.5850165, -4.8780518), (2.8519964, 1.5384356, -4.734694), (3.1081166, 1.490305, -4.586567), (3.3404026, 1.4415148, -4.4364104), (3.5502539, 1.3927945, -4.2864685), (3.7393155, 1.3447179, -4.138508), (-3.6828492, 1.6555146, -4.0760136), (-3.4928348, 1.7128357, -4.2171426), (-3.282631, 1.7707303, -4.3596835), (-3.0507638, 1.8285061, -4.5019326), (-2.7960165, 1.8852984, -4.64176), (-2.5175843, 1.9400651, -4.7766004), (-2.2152526, 1.991601, -4.903486), (-1.8895822, 2.0385723, -5.019133), (-1.5420731, 2.0795784, -5.1200933), (-1.1752762, 2.113241, -5.2029734), (-0.7928128, 2.1383119, -5.2647), (-0.39927572, 2.1537895, -5.302807), (0, 2.1590238, -5.315695), (0.39927572, 2.1537895, -5.302807), (0.7928128, 2.1383119, -5.2647), (1.1752762, 2.113241, -5.2029734), (1.5420731, 2.0795784, -5.1200933), (1.8895822, 2.0385723, -5.019133), (2.2152526, 1.991601, -4.903486), (2.5175843, 1.9400651, -4.7766004), (2.7960165, 1.8852984, -4.64176), (3.0507638, 1.8285061, -4.5019326), (3.282631, 1.7707303, -4.3596835), (3.4928348, 1.7128357, -4.2171426), (3.6828492, 1.6555146, -4.0760136), (-3.617189, 1.9511988, -4.0033436), (-3.4262998, 2.0162494, -4.1368103), (-3.2159317, 2.0817013, -4.2711), (-2.9847972, 2.1467621, -4.4045877), (-2.7318747, 2.2104585, -4.535276), (-2.4565485, 2.2716367, -4.660797), (-2.1587648, 2.3289795, -4.7784495), (-1.8391905, 2.3810487, -4.885282), (-1.4993465, 2.4263508, -4.97823), (-1.1416949, 2.463431, -5.0543084), (-0.76964253, 2.4909823, -5.1108365), (-0.38744462, 2.5079637, -5.1456776), (0, 2.5137017, -5.1574507), (0.38744462, 2.5079637, -5.1456776), (0.76964253, 2.4909823, -5.1108365), (1.1416949, 2.463431, -5.0543084), (1.4993465, 2.4263508, -4.97823), (1.8391905, 2.3810487, -4.885282), (2.1587648, 2.3289795, -4.7784495), (2.4565485, 2.2716367, -4.660797), (2.7318747, 2.2104585, -4.535276), (2.9847972, 2.1467621, -4.4045877), (3.2159317, 2.0817013, -4.2711), (3.4262998, 2.0162494, -4.1368103), (3.617189, 1.9511988, -4.0033436), (-3.5439398, 2.230301, -3.9222748), (-3.352364, 2.3015313, -4.0475426), (-3.1421134, 2.3729043, -4.1730614), (-2.9120924, 2.443549, -4.297299), (-2.6614769, 2.5124133, -4.418406), (-2.3898363, 2.5782707, -4.534225), (-2.0972695, 2.6397414, -4.642329), (-1.7845343, 2.6953382, -4.7401037), (-1.4531565, 2.7435365, -4.8248663), (-1.1054907, 2.7828653, -4.8940315), (-0.74471384, 2.812016, -4.945297), (-0.374732, 2.8299525, -4.97684), (0, 2.836008, -4.9874897), (0.374732, 2.8299525, -4.97684), (0.74471384, 2.812016, -4.945297), (1.1054907, 2.7828653, -4.8940315), (1.4531565, 2.7435365, -4.8248663), (1.7845343, 2.6953382, -4.7401037), (2.0972695, 2.6397414, -4.642329), (2.3898363, 2.5782707, -4.534225), (2.6614769, 2.5124133, -4.418406), (2.9120924, 2.443549, -4.297299), (3.1421134, 2.3729043, -4.1730614), (3.352364, 2.3015313, -4.0475426), (3.5439398, 2.230301, -3.9222748)]
                                color3f[] primvars:displayColor = [(0, 0.5, 0.45)] (
                                    interpolation = "constant"
                                )
                                float[] primvars:displayOpacity = [0.3] (
                                    interpolation = "constant"
                                )
                                uniform token purpose = "guide"
                                uniform token subdivisionScheme = "none"
                            }

                            def Mesh "Shell_recognise" (
                                prepend apiSchemas = ["AecoDerivedGeometryAPI", "MaterialBindingAPI"]
                            )
                            {
                                uniform token aeco:derived:approx = "tessellated"
                                uniform token aeco:derived:role = "coverage"
                                string aeco:derived:source = "fb5f5224-5673-5f64-9feb-3f7c08a46f45"
                                string aeco:derived:stamp = "usdAecoCctv derive 0.5.3"
                                uniform bool doubleSided = 1
                                float3[] extent = [(-7.69291, -5.672016, -11.474841), (7.69291, 5.672016, 0)]
                                int[] faceVertexCounts = [4, 4, 4, 4, 4, 4, 4, 4, 4, 4, 4, 4, 4, 4, 4, 4, 4, 4, 4, 4, 4, 4, 4, 4, 4, 4, 4, 4, 4, 4, 4, 4, 4, 4, 4, 4, 4, 4, 4, 4, 4, 4, 4, 4, 4, 4, 4, 4, 4, 4, 4, 4, 4, 4, 4, 4, 4, 4, 4, 4, 4, 4, 4, 4, 4, 4, 4, 4, 4, 4, 4, 4, 4, 4, 4, 4, 4, 4, 4, 4, 4, 4, 4, 4, 4, 4, 4, 4, 4, 4, 4, 4, 4, 4, 4, 4, 4, 4, 4, 4, 4, 4, 4, 4, 4, 4, 4, 4, 4, 4, 4, 4, 4, 4, 4, 4, 4, 4, 4, 4, 4, 4, 4, 4, 4, 4, 4, 4, 4, 4, 4, 4, 4, 4, 4, 4, 4, 4, 4, 4, 4, 4, 4, 4, 4, 4, 4, 4, 4, 4, 4, 4, 4, 4, 4, 4, 4, 4, 4, 4, 4, 4, 4, 4, 4, 4, 4, 4, 4, 4, 4, 4, 4, 4, 4, 4, 4, 4, 4, 4, 4, 4, 4, 4, 4, 4, 4, 4, 4, 4, 4, 4, 4, 4, 4, 4, 4, 4, 4, 4, 4, 4, 4, 4, 4, 4, 4, 4, 4, 4, 4, 4, 4, 4, 4, 4, 4, 4, 4, 4, 4, 4, 4, 4, 4, 4, 4, 4, 4, 4, 4, 4, 4, 4, 4, 4, 4, 4, 4, 4, 4, 4, 4, 4, 4, 4, 4, 4, 4, 4, 4, 4, 4, 4, 4, 4, 4, 4, 4, 4, 4, 4, 4, 4, 4, 4, 4, 4, 4, 4, 4, 4, 4, 4, 4, 4, 4, 4, 4, 4, 4, 4, 4, 4, 4, 4, 4, 4, 4, 4, 4, 4, 4, 4, 4, 4, 4, 4, 4, 4, 4, 4, 4, 4, 4, 4, 4, 4, 4, 4, 4, 4, 4, 4, 4, 4, 4, 4, 4, 4, 4, 4, 4, 4, 4, 4, 4, 4, 4, 4, 4, 4, 4, 4, 4, 4, 3, 3, 3, 3, 3, 3, 3, 3, 3, 3, 3, 3, 3, 3, 3, 3, 3, 3, 3, 3, 3, 3, 3, 3, 3, 3, 3, 3, 3, 3, 3, 3, 3, 3, 3, 3, 3, 3, 3, 3, 3, 3, 3, 3, 3, 3, 3, 3, 3, 3, 3, 3, 3, 3, 3, 3, 3, 3, 3, 3, 3, 3, 3, 3, 3, 3, 3, 3, 3, 3, 3, 3, 3, 3, 3, 3]
                                int[] faceVertexIndices = [1, 26, 27, 2, 2, 27, 28, 3, 3, 28, 29, 4, 4, 29, 30, 5, 5, 30, 31, 6, 6, 31, 32, 7, 7, 32, 33, 8, 8, 33, 34, 9, 9, 34, 35, 10, 10, 35, 36, 11, 11, 36, 37, 12, 12, 37, 38, 13, 13, 38, 39, 14, 14, 39, 40, 15, 15, 40, 41, 16, 16, 41, 42, 17, 17, 42, 43, 18, 18, 43, 44, 19, 19, 44, 45, 20, 20, 45, 46, 21, 21, 46, 47, 22, 22, 47, 48, 23, 23, 48, 49, 24, 24, 49, 50, 25, 26, 51, 52, 27, 27, 52, 53, 28, 28, 53, 54, 29, 29, 54, 55, 30, 30, 55, 56, 31, 31, 56, 57, 32, 32, 57, 58, 33, 33, 58, 59, 34, 34, 59, 60, 35, 35, 60, 61, 36, 36, 61, 62, 37, 37, 62, 63, 38, 38, 63, 64, 39, 39, 64, 65, 40, 40, 65, 66, 41, 41, 66, 67, 42, 42, 67, 68, 43, 43, 68, 69, 44, 44, 69, 70, 45, 45, 70, 71, 46, 46, 71, 72, 47, 47, 72, 73, 48, 48, 73, 74, 49, 49, 74, 75, 50, 51, 76, 77, 52, 52, 77, 78, 53, 53, 78, 79, 54, 54, 79, 80, 55, 55, 80, 81, 56, 56, 81, 82, 57, 57, 82, 83, 58, 58, 83, 84, 59, 59, 84, 85, 60, 60, 85, 86, 61, 61, 86, 87, 62, 62, 87, 88, 63, 63, 88, 89, 64, 64, 89, 90, 65, 65, 90, 91, 66, 66, 91, 92, 67, 67, 92, 93, 68, 68, 93, 94, 69, 69, 94, 95, 70, 70, 95, 96, 71, 71, 96, 97, 72, 72, 97, 98, 73, 73, 98, 99, 74, 74, 99, 100, 75, 76, 101, 102, 77, 77, 102, 103, 78, 78, 103, 104, 79, 79, 104, 105, 80, 80, 105, 106, 81, 81, 106, 107, 82, 82, 107, 108, 83, 83, 108, 109, 84, 84, 109, 110, 85, 85, 110, 111, 86, 86, 111, 112, 87, 87, 112, 113, 88, 88, 113, 114, 89, 89, 114, 115, 90, 90, 115, 116, 91, 91, 116, 117, 92, 92, 117, 118, 93, 93, 118, 119, 94, 94, 119, 120, 95, 95, 120, 121, 96, 96, 121, 122, 97, 97, 122, 123, 98, 98, 123, 124, 99, 99, 124, 125, 100, 101, 126, 127, 102, 102, 127, 128, 103, 103, 128, 129, 104, 104, 129, 130, 105, 105, 130, 131, 106, 106, 131, 132, 107, 107, 132, 133, 108, 108, 133, 134, 109, 109, 134, 135, 110, 110, 135, 136, 111, 111, 136, 137, 112, 112, 137, 138, 113, 113, 138, 139, 114, 114, 139, 140, 115, 115, 140, 141, 116, 116, 141, 142, 117, 117, 142, 143, 118, 118, 143, 144, 119, 119, 144, 145, 120, 120, 145, 146, 121, 121, 146, 147, 122, 122, 147, 148, 123, 123, 148, 149, 124, 124, 149, 150, 125, 126, 151, 152, 127, 127, 152, 153, 128, 128, 153, 154, 129, 129, 154, 155, 130, 130, 155, 156, 131, 131, 156, 157, 132, 132, 157, 158, 133, 133, 158, 159, 134, 134, 159, 160, 135, 135, 160, 161, 136, 136, 161, 162, 137, 137, 162, 163, 138, 138, 163, 164, 139, 139, 164, 165, 140, 140, 165, 166, 141, 141, 166, 167, 142, 142, 167, 168, 143, 143, 168, 169, 144, 144, 169, 170, 145, 145, 170, 171, 146, 146, 171, 172, 147, 147, 172, 173, 148, 148, 173, 174, 149, 149, 174, 175, 150, 151, 176, 177, 152, 152, 177, 178, 153, 153, 178, 179, 154, 154, 179, 180, 155, 155, 180, 181, 156, 156, 181, 182, 157, 157, 182, 183, 158, 158, 183, 184, 159, 159, 184, 185, 160, 160, 185, 186, 161, 161, 186, 187, 162, 162, 187, 188, 163, 163, 188, 189, 164, 164, 189, 190, 165, 165, 190, 191, 166, 166, 191, 192, 167, 167, 192, 193, 168, 168, 193, 194, 169, 169, 194, 195, 170, 170, 195, 196, 171, 171, 196, 197, 172, 172, 197, 198, 173, 173, 198, 199, 174, 174, 199, 200, 175, 176, 201, 202, 177, 177, 202, 203, 178, 178, 203, 204, 179, 179, 204, 205, 180, 180, 205, 206, 181, 181, 206, 207, 182, 182, 207, 208, 183, 183, 208, 209, 184, 184, 209, 210, 185, 185, 210, 211, 186, 186, 211, 212, 187, 187, 212, 213, 188, 188, 213, 214, 189, 189, 214, 215, 190, 190, 215, 216, 191, 191, 216, 217, 192, 192, 217, 218, 193, 193, 218, 219, 194, 194, 219, 220, 195, 195, 220, 221, 196, 196, 221, 222, 197, 197, 222, 223, 198, 198, 223, 224, 199, 199, 224, 225, 200, 201, 226, 227, 202, 202, 227, 228, 203, 203, 228, 229, 204, 204, 229, 230, 205, 205, 230, 231, 206, 206, 231, 232, 207, 207, 232, 233, 208, 208, 233, 234, 209, 209, 234, 235, 210, 210, 235, 236, 211, 211, 236, 237, 212, 212, 237, 238, 213, 213, 238, 239, 214, 214, 239, 240, 215, 215, 240, 241, 216, 216, 241, 242, 217, 217, 242, 243, 218, 218, 243, 244, 219, 219, 244, 245, 220, 220, 245, 246, 221, 221, 246, 247, 222, 222, 247, 248, 223, 223, 248, 249, 224, 224, 249, 250, 225, 226, 251, 252, 227, 227, 252, 253, 228, 228, 253, 254, 229, 229, 254, 255, 230, 230, 255, 256, 231, 231, 256, 257, 232, 232, 257, 258, 233, 233, 258, 259, 234, 234, 259, 260, 235, 235, 260, 261, 236, 236, 261, 262, 237, 237, 262, 263, 238, 238, 263, 264, 239, 239, 264, 265, 240, 240, 265, 266, 241, 241, 266, 267, 242, 242, 267, 268, 243, 243, 268, 269, 244, 244, 269, 270, 245, 245, 270, 271, 246, 246, 271, 272, 247, 247, 272, 273, 248, 248, 273, 274, 249, 249, 274, 275, 250, 251, 276, 277, 252, 252, 277, 278, 253, 253, 278, 279, 254, 254, 279, 280, 255, 255, 280, 281, 256, 256, 281, 282, 257, 257, 282, 283, 258, 258, 283, 284, 259, 259, 284, 285, 260, 260, 285, 286, 261, 261, 286, 287, 262, 262, 287, 288, 263, 263, 288, 289, 264, 264, 289, 290, 265, 265, 290, 291, 266, 266, 291, 292, 267, 267, 292, 293, 268, 268, 293, 294, 269, 269, 294, 295, 270, 270, 295, 296, 271, 271, 296, 297, 272, 272, 297, 298, 273, 273, 298, 299, 274, 274, 299, 300, 275, 276, 301, 302, 277, 277, 302, 303, 278, 278, 303, 304, 279, 279, 304, 305, 280, 280, 305, 306, 281, 281, 306, 307, 282, 282, 307, 308, 283, 283, 308, 309, 284, 284, 309, 310, 285, 285, 310, 311, 286, 286, 311, 312, 287, 287, 312, 313, 288, 288, 313, 314, 289, 289, 314, 315, 290, 290, 315, 316, 291, 291, 316, 317, 292, 292, 317, 318, 293, 293, 318, 319, 294, 294, 319, 320, 295, 295, 320, 321, 296, 296, 321, 322, 297, 297, 322, 323, 298, 298, 323, 324, 299, 299, 324, 325, 300, 301, 326, 327, 302, 302, 327, 328, 303, 303, 328, 329, 304, 304, 329, 330, 305, 305, 330, 331, 306, 306, 331, 332, 307, 307, 332, 333, 308, 308, 333, 334, 309, 309, 334, 335, 310, 310, 335, 336, 311, 311, 336, 337, 312, 312, 337, 338, 313, 313, 338, 339, 314, 314, 339, 340, 315, 315, 340, 341, 316, 316, 341, 342, 317, 317, 342, 343, 318, 318, 343, 344, 319, 319, 344, 345, 320, 320, 345, 346, 321, 321, 346, 347, 322, 322, 347, 348, 323, 323, 348, 349, 324, 324, 349, 350, 325, 326, 351, 352, 327, 327, 352, 353, 328, 328, 353, 354, 329, 329, 354, 355, 330, 330, 355, 356, 331, 331, 356, 357, 332, 332, 357, 358, 333, 333, 358, 359, 334, 334, 359, 360, 335, 335, 360, 361, 336, 336, 361, 362, 337, 337, 362, 363, 338, 338, 363, 364, 339, 339, 364, 365, 340, 340, 365, 366, 341, 341, 366, 367, 342, 342, 367, 368, 343, 343, 368, 369, 344, 344, 369, 370, 345, 345, 370, 371, 346, 346, 371, 372, 347, 347, 372, 373, 348, 348, 373, 374, 349, 349, 374, 375, 350, 0, 1, 2, 0, 2, 3, 0, 3, 4, 0, 4, 5, 0, 5, 6, 0, 6, 7, 0, 7, 8, 0, 8, 9, 0, 9, 10, 0, 10, 11, 0, 11, 12, 0, 12, 13, 0, 13, 14, 0, 14, 15, 0, 15, 16, 0, 16, 17, 0, 17, 18, 0, 18, 19, 0, 19, 20, 0, 20, 21, 0, 21, 22, 0, 22, 23, 0, 23, 24, 0, 24, 25, 0, 352, 351, 0, 353, 352, 0, 354, 353, 0, 355, 354, 0, 356, 355, 0, 357, 356, 0, 358, 357, 0, 359, 358, 0, 360, 359, 0, 361, 360, 0, 362, 361, 0, 363, 362, 0, 364, 363, 0, 365, 364, 0, 366, 365, 0, 367, 366, 0, 368, 367, 0, 369, 368, 0, 370, 369, 0, 371, 370, 0, 372, 371, 0, 373, 372, 0, 374, 373, 0, 375, 374, 0, 26, 1, 0, 51, 26, 0, 76, 51, 0, 101, 76, 0, 126, 101, 0, 151, 126, 0, 176, 151, 0, 201, 176, 0, 226, 201, 0, 251, 226, 0, 276, 251, 0, 301, 276, 0, 326, 301, 0, 351, 326, 0, 25, 50, 0, 50, 75, 0, 75, 100, 0, 100, 125, 0, 125, 150, 0, 150, 175, 0, 175, 200, 0, 200, 225, 0, 225, 250, 0, 250, 275, 0, 275, 300, 0, 300, 325, 0, 325, 350, 0, 350, 375]
                                rel material:binding = </AecoCctvLooks/Shell_recognise>
                                point3f[] points = [(0, 0, 0), (-7.0878797, -4.460602, -7.8445497), (-6.704728, -4.6030626, -8.095085), (-6.284227, -4.7458086, -8.346123), (-5.824185, -4.887098, -8.594598), (-5.3229537, -5.0248265, -8.836812), (-4.7796726, -5.1565413, -9.06845), (-4.194539, -5.279483, -9.284658), (-3.5690687, -5.3906765, -9.480207), (-2.906313, -5.487073, -9.649733), (-2.2109814, -5.5657306, -9.788063), (-1.4894277, -5.624032, -9.890594), (-0.749464, -5.659905, -9.95368), (0, -5.672016, -9.974979), (0.749464, -5.659905, -9.95368), (1.4894277, -5.624032, -9.890594), (2.2109814, -5.5657306, -9.788063), (2.906313, -5.487073, -9.649733), (3.5690687, -5.3906765, -9.480207), (4.194539, -5.279483, -9.284658), (4.7796726, -5.1565413, -9.06845), (5.3229537, -5.0248265, -8.836812), (5.824185, -4.887098, -8.594598), (6.284227, -4.7458086, -8.346123), (6.704728, -4.6030626, -8.095085), (7.0878797, -4.460602, -7.8445497), (-7.234378, -3.9023976, -8.006687), (-6.8525996, -4.032499, -8.273621), (-6.4318633, -4.1634026, -8.5422), (-5.9695945, -4.2935243, -8.8091755), (-5.4637494, -4.420917, -9.070552), (-4.913097, -4.5432734, -9.321594), (-4.3175297, -4.657959, -9.556899), (-3.678381, -4.7620974, -9.770564), (-2.998693, -4.8527017, -9.95646), (-2.2833898, -4.926862, -10.108617), (-1.5392851, -4.9819646, -10.221673), (-0.77488923, -5.0159273, -10.291355), (0, -5.0274034, -10.314901), (0.77488923, -5.0159273, -10.291355), (1.5392851, -4.9819646, -10.221673), (2.2833898, -4.926862, -10.108617), (2.998693, -4.8527017, -9.95646), (3.678381, -4.7620974, -9.770564), (4.3175297, -4.657959, -9.556899), (4.913097, -4.5432734, -9.321594), (5.4637494, -4.420917, -9.070552), (5.9695945, -4.2935243, -8.8091755), (6.4318633, -4.1634026, -8.5422), (6.8525996, -4.032499, -8.273621), (7.234378, -3.9023976, -8.006687), (-7.3656983, -3.3110292, -8.152027), (-6.9856696, -3.4256713, -8.434285), (-6.565262, -3.5414605, -8.719367), (-6.1015277, -3.6570122, -9.003865), (-5.592033, -3.7705967, -9.28352), (-5.0351686, -3.8801303, -9.553201), (-4.4305053, -3.983202, -9.806972), (-3.7791643, -4.0771446, -10.038266), (-3.0841463, -4.159157, -10.240187), (-2.3505523, -4.226482, -10.405947), (-1.5856256, -4.2766237, -10.5294), (-0.79855144, -4.307579, -10.605614), (0, -4.3180475, -10.63139), (0.79855144, -4.307579, -10.605614), (1.5856256, -4.2766237, -10.5294), (2.3505523, -4.226482, -10.405947), (3.0841463, -4.159157, -10.240187), (3.7791643, -4.0771446, -10.038266), (4.4305053, -3.983202, -9.806972), (5.0351686, -3.8801303, -9.553201), (5.592033, -3.7705967, -9.28352), (6.1015277, -3.6570122, -9.003865), (6.565262, -3.5414605, -8.719367), (6.9856696, -3.4256713, -8.434285), (7.3656983, -3.3110292, -8.152027), (-7.478631, -2.6894357, -8.277016), (-7.1005077, -2.785589, -8.572937), (-6.680805, -2.8830297, -8.872821), (-6.2162333, -2.98061, -9.173134), (-5.703993, -3.0768712, -9.469388), (-5.142112, -3.170033, -9.7561035), (-4.5298433, -3.2580087, -10.026857), (-3.868086, -3.338462, -10.274461), (-3.1597726, -3.408915, -10.491287), (-2.4101436, -3.4669054, -10.669759), (-1.6268216, -3.5101871, -10.802963), (-0.81961197, -3.5369477, -10.885321), (0, -3.5460048, -10.913195), (0.81961197, -3.5369477, -10.885321), (1.6268216, -3.5101871, -10.802963), (2.4101436, -3.4669054, -10.669759), (3.1597726, -3.408915, -10.491287), (3.868086, -3.338462, -10.274461), (4.5298433, -3.2580087, -10.026857), (5.142112, -3.170033, -9.7561035), (5.703993, -3.0768712, -9.469388), (6.2162333, -2.98061, -9.173134), (6.680805, -2.8830297, -8.872821), (7.1005077, -2.785589, -8.572937), (7.478631, -2.6894357, -8.277016), (-7.5701504, -2.0417607, -8.378305), (-7.1938496, -2.1166558, -8.685636), (-6.7750144, -2.1927636, -8.997941), (-6.310063, -2.2691998, -9.311596), (-5.7958784, -2.3448274, -9.62193), (-5.23017, -2.4182396, -9.923176), (-4.611901, -2.4877706, -10.208493), (-3.9417603, -2.5515366, -10.470156), (-3.2226, -2.607522, -10.69989), (-2.459761, -2.6537087, -10.889416), (-1.6611812, -2.6882436, -11.031129), (-0.8371963, -2.709623, -11.118858), (0, -2.7168636, -11.14857), (0.8371963, -2.709623, -11.118858), (1.6611812, -2.6882436, -11.031129), (2.459761, -2.6537087, -10.889416), (3.2226, -2.607522, -10.69989), (3.9417603, -2.5515366, -10.470156), (4.611901, -2.4877706, -10.208493), (5.23017, -2.4182396, -9.923176), (5.7958784, -2.3448274, -9.62193), (6.310063, -2.2691998, -9.311596), (6.7750144, -2.1927636, -8.997941), (7.1938496, -2.1166558, -8.685636), (7.5701504, -2.0417607, -8.378305), (-7.637618, -1.3733051, -8.452975), (-7.2628226, -1.4246333, -8.768911), (-6.8448, -1.4769001, -9.090624), (-6.3797464, -1.5295062, -9.414426), (-5.8642983, -1.581672, -9.735517), (-5.2959123, -1.6324245, -10.047909), (-4.6733217, -1.6806015, -10.344448), (-3.9970393, -1.7248794, -10.616988), (-3.2698426, -1.763832, -10.856749), (-2.497139, -1.7960225, -11.054889), (-1.687101, -1.8201258, -11.20325), (-0.8504728, -1.8350621, -11.295185), (0, -1.8401232, -11.326338), (0.8504728, -1.8350621, -11.295185), (1.687101, -1.8201258, -11.20325), (2.497139, -1.7960225, -11.054889), (3.2698426, -1.763832, -10.856749), (3.9970393, -1.7248794, -10.616988), (4.6733217, -1.6806015, -10.344448), (5.2959123, -1.6324245, -10.047909), (5.8642983, -1.581672, -9.735517), (6.3797464, -1.5295062, -9.414426), (6.8448, -1.4769001, -9.090624), (7.2628226, -1.4246333, -8.768911), (7.637618, -1.3733051, -8.452975), (-7.6789746, -0.6903707, -8.498748), (-7.3051705, -0.71647, -8.820041), (-6.8877215, -0.74308056, -9.147628), (-6.4226813, -0.7698998, -9.477784), (-5.9065323, -0.79653144, -9.805631), (-5.3365684, -0.8224782, -10.125045), (-4.7113733, -0.8471427, -10.428676), (-4.0313444, -0.8698417, -10.70811), (-3.2992055, -0.8898355, -10.954242), (-2.5204005, -0.90637654, -11.157868), (-1.7032477, -0.9187728, -11.310472), (-0.8587485, -0.92645925, -11.405095), (0, -0.9290646, -11.437168), (0.8587485, -0.92645925, -11.405095), (1.7032477, -0.9187728, -11.310472), (2.5204005, -0.90637654, -11.157868), (3.2992055, -0.8898355, -10.954242), (4.0313444, -0.8698417, -10.70811), (4.7113733, -0.8471427, -10.428676), (5.3365684, -0.8224782, -10.125045), (5.9065323, -0.79653144, -9.805631), (6.4226813, -0.7698998, -9.477784), (6.8877215, -0.74308056, -9.147628), (7.3051705, -0.71647, -8.820041), (7.6789746, -0.6903707, -8.498748), (-7.69291, 0, -8.514171), (-7.3194523, 0, -8.837284), (-6.902209, 0, -9.166869), (-6.4371867, 0, -9.499189), (-5.920814, 0, -9.82934), (-5.35033, 0, -10.1511545), (-4.724265, 0, -10.457212), (-4.042977, 0, -10.739009), (-3.3091705, 0, -10.987328), (-2.5283, 0, -11.192841), (-1.7087338, 0, -11.346903), (-0.8615612, 0, -11.442451), (0, 0, -11.474841), (0.8615612, 0, -11.442451), (1.7087338, 0, -11.346903), (2.5283, 0, -11.192841), (3.3091705, 0, -10.987328), (4.042977, 0, -10.739009), (4.724265, 0, -10.457212), (5.35033, 0, -10.1511545), (5.920814, 0, -9.82934), (6.4371867, 0, -9.499189), (6.902209, 0, -9.166869), (7.3194523, 0, -8.837284), (7.69291, 0, -8.514171), (-7.6789746, 0.6903707, -8.498748), (-7.3051705, 0.71647, -8.820041), (-6.8877215, 0.74308056, -9.147628), (-6.4226813, 0.7698998, -9.477784), (-5.9065323, 0.79653144, -9.805631), (-5.3365684, 0.8224782, -10.125045), (-4.7113733, 0.8471427, -10.428676), (-4.0313444, 0.8698417, -10.70811), (-3.2992055, 0.8898355, -10.954242), (-2.5204005, 0.90637654, -11.157868), (-1.7032477, 0.9187728, -11.310472), (-0.8587485, 0.92645925, -11.405095), (0, 0.9290646, -11.437168), (0.8587485, 0.92645925, -11.405095), (1.7032477, 0.9187728, -11.310472), (2.5204005, 0.90637654, -11.157868), (3.2992055, 0.8898355, -10.954242), (4.0313444, 0.8698417, -10.70811), (4.7113733, 0.8471427, -10.428676), (5.3365684, 0.8224782, -10.125045), (5.9065323, 0.79653144, -9.805631), (6.4226813, 0.7698998, -9.477784), (6.8877215, 0.74308056, -9.147628), (7.3051705, 0.71647, -8.820041), (7.6789746, 0.6903707, -8.498748), (-7.637618, 1.3733051, -8.452975), (-7.2628226, 1.4246333, -8.768911), (-6.8448, 1.4769001, -9.090624), (-6.3797464, 1.5295062, -9.414426), (-5.8642983, 1.581672, -9.735517), (-5.2959123, 1.6324245, -10.047909), (-4.6733217, 1.6806015, -10.344448), (-3.9970393, 1.7248794, -10.616988), (-3.2698426, 1.763832, -10.856749), (-2.497139, 1.7960225, -11.054889), (-1.687101, 1.8201258, -11.20325), (-0.8504728, 1.8350621, -11.295185), (0, 1.8401232, -11.326338), (0.8504728, 1.8350621, -11.295185), (1.687101, 1.8201258, -11.20325), (2.497139, 1.7960225, -11.054889), (3.2698426, 1.763832, -10.856749), (3.9970393, 1.7248794, -10.616988), (4.6733217, 1.6806015, -10.344448), (5.2959123, 1.6324245, -10.047909), (5.8642983, 1.581672, -9.735517), (6.3797464, 1.5295062, -9.414426), (6.8448, 1.4769001, -9.090624), (7.2628226, 1.4246333, -8.768911), (7.637618, 1.3733051, -8.452975), (-7.5701504, 2.0417607, -8.378305), (-7.1938496, 2.1166558, -8.685636), (-6.7750144, 2.1927636, -8.997941), (-6.310063, 2.2691998, -9.311596), (-5.7958784, 2.3448274, -9.62193), (-5.23017, 2.4182396, -9.923176), (-4.611901, 2.4877706, -10.208493), (-3.9417603, 2.5515366, -10.470156), (-3.2226, 2.607522, -10.69989), (-2.459761, 2.6537087, -10.889416), (-1.6611812, 2.6882436, -11.031129), (-0.8371963, 2.709623, -11.118858), (0, 2.7168636, -11.14857), (0.8371963, 2.709623, -11.118858), (1.6611812, 2.6882436, -11.031129), (2.459761, 2.6537087, -10.889416), (3.2226, 2.607522, -10.69989), (3.9417603, 2.5515366, -10.470156), (4.611901, 2.4877706, -10.208493), (5.23017, 2.4182396, -9.923176), (5.7958784, 2.3448274, -9.62193), (6.310063, 2.2691998, -9.311596), (6.7750144, 2.1927636, -8.997941), (7.1938496, 2.1166558, -8.685636), (7.5701504, 2.0417607, -8.378305), (-7.478631, 2.6894357, -8.277016), (-7.1005077, 2.785589, -8.572937), (-6.680805, 2.8830297, -8.872821), (-6.2162333, 2.98061, -9.173134), (-5.703993, 3.0768712, -9.469388), (-5.142112, 3.170033, -9.7561035), (-4.5298433, 3.2580087, -10.026857), (-3.868086, 3.338462, -10.274461), (-3.1597726, 3.408915, -10.491287), (-2.4101436, 3.4669054, -10.669759), (-1.6268216, 3.5101871, -10.802963), (-0.81961197, 3.5369477, -10.885321), (0, 3.5460048, -10.913195), (0.81961197, 3.5369477, -10.885321), (1.6268216, 3.5101871, -10.802963), (2.4101436, 3.4669054, -10.669759), (3.1597726, 3.408915, -10.491287), (3.868086, 3.338462, -10.274461), (4.5298433, 3.2580087, -10.026857), (5.142112, 3.170033, -9.7561035), (5.703993, 3.0768712, -9.469388), (6.2162333, 2.98061, -9.173134), (6.680805, 2.8830297, -8.872821), (7.1005077, 2.785589, -8.572937), (7.478631, 2.6894357, -8.277016), (-7.3656983, 3.3110292, -8.152027), (-6.9856696, 3.4256713, -8.434285), (-6.565262, 3.5414605, -8.719367), (-6.1015277, 3.6570122, -9.003865), (-5.592033, 3.7705967, -9.28352), (-5.0351686, 3.8801303, -9.553201), (-4.4305053, 3.983202, -9.806972), (-3.7791643, 4.0771446, -10.038266), (-3.0841463, 4.159157, -10.240187), (-2.3505523, 4.226482, -10.405947), (-1.5856256, 4.2766237, -10.5294), (-0.79855144, 4.307579, -10.605614), (0, 4.3180475, -10.63139), (0.79855144, 4.307579, -10.605614), (1.5856256, 4.2766237, -10.5294), (2.3505523, 4.226482, -10.405947), (3.0841463, 4.159157, -10.240187), (3.7791643, 4.0771446, -10.038266), (4.4305053, 3.983202, -9.806972), (5.0351686, 3.8801303, -9.553201), (5.592033, 3.7705967, -9.28352), (6.1015277, 3.6570122, -9.003865), (6.565262, 3.5414605, -8.719367), (6.9856696, 3.4256713, -8.434285), (7.3656983, 3.3110292, -8.152027), (-7.234378, 3.9023976, -8.006687), (-6.8525996, 4.032499, -8.273621), (-6.4318633, 4.1634026, -8.5422), (-5.9695945, 4.2935243, -8.8091755), (-5.4637494, 4.420917, -9.070552), (-4.913097, 4.5432734, -9.321594), (-4.3175297, 4.657959, -9.556899), (-3.678381, 4.7620974, -9.770564), (-2.998693, 4.8527017, -9.95646), (-2.2833898, 4.926862, -10.108617), (-1.5392851, 4.9819646, -10.221673), (-0.77488923, 5.0159273, -10.291355), (0, 5.0274034, -10.314901), (0.77488923, 5.0159273, -10.291355), (1.5392851, 4.9819646, -10.221673), (2.2833898, 4.926862, -10.108617), (2.998693, 4.8527017, -9.95646), (3.678381, 4.7620974, -9.770564), (4.3175297, 4.657959, -9.556899), (4.913097, 4.5432734, -9.321594), (5.4637494, 4.420917, -9.070552), (5.9695945, 4.2935243, -8.8091755), (6.4318633, 4.1634026, -8.5422), (6.8525996, 4.032499, -8.273621), (7.234378, 3.9023976, -8.006687), (-7.0878797, 4.460602, -7.8445497), (-6.704728, 4.6030626, -8.095085), (-6.284227, 4.7458086, -8.346123), (-5.824185, 4.887098, -8.594598), (-5.3229537, 5.0248265, -8.836812), (-4.7796726, 5.1565413, -9.06845), (-4.194539, 5.279483, -9.284658), (-3.5690687, 5.3906765, -9.480207), (-2.906313, 5.487073, -9.649733), (-2.2109814, 5.5657306, -9.788063), (-1.4894277, 5.624032, -9.890594), (-0.749464, 5.659905, -9.95368), (0, 5.672016, -9.974979), (0.749464, 5.659905, -9.95368), (1.4894277, 5.624032, -9.890594), (2.2109814, 5.5657306, -9.788063), (2.906313, 5.487073, -9.649733), (3.5690687, 5.3906765, -9.480207), (4.194539, 5.279483, -9.284658), (4.7796726, 5.1565413, -9.06845), (5.3229537, 5.0248265, -8.836812), (5.824185, 4.887098, -8.594598), (6.284227, 4.7458086, -8.346123), (6.704728, 4.6030626, -8.095085), (7.0878797, 4.460602, -7.8445497)]
                                color3f[] primvars:displayColor = [(0.18333334, 0.6166667, 0.56666666)] (
                                    interpolation = "constant"
                                )
                                float[] primvars:displayOpacity = [0.3] (
                                    interpolation = "constant"
                                )
                                uniform token purpose = "guide"
                                uniform token subdivisionScheme = "none"
                            }

                            def Mesh "Shell_observe" (
                                prepend apiSchemas = ["AecoDerivedGeometryAPI", "MaterialBindingAPI"]
                            )
                            {
                                uniform token aeco:derived:approx = "tessellated"
                                uniform token aeco:derived:role = "coverage"
                                string aeco:derived:source = "fb5f5224-5673-5f64-9feb-3f7c08a46f45"
                                string aeco:derived:stamp = "usdAecoCctv derive 0.5.3"
                                uniform bool doubleSided = 1
                                float3[] extent = [(-15.38582, -11.344032, -22.949682), (15.38582, 11.344032, 0)]
                                int[] faceVertexCounts = [4, 4, 4, 4, 4, 4, 4, 4, 4, 4, 4, 4, 4, 4, 4, 4, 4, 4, 4, 4, 4, 4, 4, 4, 4, 4, 4, 4, 4, 4, 4, 4, 4, 4, 4, 4, 4, 4, 4, 4, 4, 4, 4, 4, 4, 4, 4, 4, 4, 4, 4, 4, 4, 4, 4, 4, 4, 4, 4, 4, 4, 4, 4, 4, 4, 4, 4, 4, 4, 4, 4, 4, 4, 4, 4, 4, 4, 4, 4, 4, 4, 4, 4, 4, 4, 4, 4, 4, 4, 4, 4, 4, 4, 4, 4, 4, 4, 4, 4, 4, 4, 4, 4, 4, 4, 4, 4, 4, 4, 4, 4, 4, 4, 4, 4, 4, 4, 4, 4, 4, 4, 4, 4, 4, 4, 4, 4, 4, 4, 4, 4, 4, 4, 4, 4, 4, 4, 4, 4, 4, 4, 4, 4, 4, 4, 4, 4, 4, 4, 4, 4, 4, 4, 4, 4, 4, 4, 4, 4, 4, 4, 4, 4, 4, 4, 4, 4, 4, 4, 4, 4, 4, 4, 4, 4, 4, 4, 4, 4, 4, 4, 4, 4, 4, 4, 4, 4, 4, 4, 4, 4, 4, 4, 4, 4, 4, 4, 4, 4, 4, 4, 4, 4, 4, 4, 4, 4, 4, 4, 4, 4, 4, 4, 4, 4, 4, 4, 4, 4, 4, 4, 4, 4, 4, 4, 4, 4, 4, 4, 4, 4, 4, 4, 4, 4, 4, 4, 4, 4, 4, 4, 4, 4, 4, 4, 4, 4, 4, 4, 4, 4, 4, 4, 4, 4, 4, 4, 4, 4, 4, 4, 4, 4, 4, 4, 4, 4, 4, 4, 4, 4, 4, 4, 4, 4, 4, 4, 4, 4, 4, 4, 4, 4, 4, 4, 4, 4, 4, 4, 4, 4, 4, 4, 4, 4, 4, 4, 4, 4, 4, 4, 4, 4, 4, 4, 4, 4, 4, 4, 4, 4, 4, 4, 4, 4, 4, 4, 4, 4, 4, 4, 4, 4, 4, 4, 4, 4, 4, 4, 4, 4, 4, 4, 4, 4, 4, 3, 3, 3, 3, 3, 3, 3, 3, 3, 3, 3, 3, 3, 3, 3, 3, 3, 3, 3, 3, 3, 3, 3, 3, 3, 3, 3, 3, 3, 3, 3, 3, 3, 3, 3, 3, 3, 3, 3, 3, 3, 3, 3, 3, 3, 3, 3, 3, 3, 3, 3, 3, 3, 3, 3, 3, 3, 3, 3, 3, 3, 3, 3, 3, 3, 3, 3, 3, 3, 3, 3, 3, 3, 3, 3, 3]
                                int[] faceVertexIndices = [1, 26, 27, 2, 2, 27, 28, 3, 3, 28, 29, 4, 4, 29, 30, 5, 5, 30, 31, 6, 6, 31, 32, 7, 7, 32, 33, 8, 8, 33, 34, 9, 9, 34, 35, 10, 10, 35, 36, 11, 11, 36, 37, 12, 12, 37, 38, 13, 13, 38, 39, 14, 14, 39, 40, 15, 15, 40, 41, 16, 16, 41, 42, 17, 17, 42, 43, 18, 18, 43, 44, 19, 19, 44, 45, 20, 20, 45, 46, 21, 21, 46, 47, 22, 22, 47, 48, 23, 23, 48, 49, 24, 24, 49, 50, 25, 26, 51, 52, 27, 27, 52, 53, 28, 28, 53, 54, 29, 29, 54, 55, 30, 30, 55, 56, 31, 31, 56, 57, 32, 32, 57, 58, 33, 33, 58, 59, 34, 34, 59, 60, 35, 35, 60, 61, 36, 36, 61, 62, 37, 37, 62, 63, 38, 38, 63, 64, 39, 39, 64, 65, 40, 40, 65, 66, 41, 41, 66, 67, 42, 42, 67, 68, 43, 43, 68, 69, 44, 44, 69, 70, 45, 45, 70, 71, 46, 46, 71, 72, 47, 47, 72, 73, 48, 48, 73, 74, 49, 49, 74, 75, 50, 51, 76, 77, 52, 52, 77, 78, 53, 53, 78, 79, 54, 54, 79, 80, 55, 55, 80, 81, 56, 56, 81, 82, 57, 57, 82, 83, 58, 58, 83, 84, 59, 59, 84, 85, 60, 60, 85, 86, 61, 61, 86, 87, 62, 62, 87, 88, 63, 63, 88, 89, 64, 64, 89, 90, 65, 65, 90, 91, 66, 66, 91, 92, 67, 67, 92, 93, 68, 68, 93, 94, 69, 69, 94, 95, 70, 70, 95, 96, 71, 71, 96, 97, 72, 72, 97, 98, 73, 73, 98, 99, 74, 74, 99, 100, 75, 76, 101, 102, 77, 77, 102, 103, 78, 78, 103, 104, 79, 79, 104, 105, 80, 80, 105, 106, 81, 81, 106, 107, 82, 82, 107, 108, 83, 83, 108, 109, 84, 84, 109, 110, 85, 85, 110, 111, 86, 86, 111, 112, 87, 87, 112, 113, 88, 88, 113, 114, 89, 89, 114, 115, 90, 90, 115, 116, 91, 91, 116, 117, 92, 92, 117, 118, 93, 93, 118, 119, 94, 94, 119, 120, 95, 95, 120, 121, 96, 96, 121, 122, 97, 97, 122, 123, 98, 98, 123, 124, 99, 99, 124, 125, 100, 101, 126, 127, 102, 102, 127, 128, 103, 103, 128, 129, 104, 104, 129, 130, 105, 105, 130, 131, 106, 106, 131, 132, 107, 107, 132, 133, 108, 108, 133, 134, 109, 109, 134, 135, 110, 110, 135, 136, 111, 111, 136, 137, 112, 112, 137, 138, 113, 113, 138, 139, 114, 114, 139, 140, 115, 115, 140, 141, 116, 116, 141, 142, 117, 117, 142, 143, 118, 118, 143, 144, 119, 119, 144, 145, 120, 120, 145, 146, 121, 121, 146, 147, 122, 122, 147, 148, 123, 123, 148, 149, 124, 124, 149, 150, 125, 126, 151, 152, 127, 127, 152, 153, 128, 128, 153, 154, 129, 129, 154, 155, 130, 130, 155, 156, 131, 131, 156, 157, 132, 132, 157, 158, 133, 133, 158, 159, 134, 134, 159, 160, 135, 135, 160, 161, 136, 136, 161, 162, 137, 137, 162, 163, 138, 138, 163, 164, 139, 139, 164, 165, 140, 140, 165, 166, 141, 141, 166, 167, 142, 142, 167, 168, 143, 143, 168, 169, 144, 144, 169, 170, 145, 145, 170, 171, 146, 146, 171, 172, 147, 147, 172, 173, 148, 148, 173, 174, 149, 149, 174, 175, 150, 151, 176, 177, 152, 152, 177, 178, 153, 153, 178, 179, 154, 154, 179, 180, 155, 155, 180, 181, 156, 156, 181, 182, 157, 157, 182, 183, 158, 158, 183, 184, 159, 159, 184, 185, 160, 160, 185, 186, 161, 161, 186, 187, 162, 162, 187, 188, 163, 163, 188, 189, 164, 164, 189, 190, 165, 165, 190, 191, 166, 166, 191, 192, 167, 167, 192, 193, 168, 168, 193, 194, 169, 169, 194, 195, 170, 170, 195, 196, 171, 171, 196, 197, 172, 172, 197, 198, 173, 173, 198, 199, 174, 174, 199, 200, 175, 176, 201, 202, 177, 177, 202, 203, 178, 178, 203, 204, 179, 179, 204, 205, 180, 180, 205, 206, 181, 181, 206, 207, 182, 182, 207, 208, 183, 183, 208, 209, 184, 184, 209, 210, 185, 185, 210, 211, 186, 186, 211, 212, 187, 187, 212, 213, 188, 188, 213, 214, 189, 189, 214, 215, 190, 190, 215, 216, 191, 191, 216, 217, 192, 192, 217, 218, 193, 193, 218, 219, 194, 194, 219, 220, 195, 195, 220, 221, 196, 196, 221, 222, 197, 197, 222, 223, 198, 198, 223, 224, 199, 199, 224, 225, 200, 201, 226, 227, 202, 202, 227, 228, 203, 203, 228, 229, 204, 204, 229, 230, 205, 205, 230, 231, 206, 206, 231, 232, 207, 207, 232, 233, 208, 208, 233, 234, 209, 209, 234, 235, 210, 210, 235, 236, 211, 211, 236, 237, 212, 212, 237, 238, 213, 213, 238, 239, 214, 214, 239, 240, 215, 215, 240, 241, 216, 216, 241, 242, 217, 217, 242, 243, 218, 218, 243, 244, 219, 219, 244, 245, 220, 220, 245, 246, 221, 221, 246, 247, 222, 222, 247, 248, 223, 223, 248, 249, 224, 224, 249, 250, 225, 226, 251, 252, 227, 227, 252, 253, 228, 228, 253, 254, 229, 229, 254, 255, 230, 230, 255, 256, 231, 231, 256, 257, 232, 232, 257, 258, 233, 233, 258, 259, 234, 234, 259, 260, 235, 235, 260, 261, 236, 236, 261, 262, 237, 237, 262, 263, 238, 238, 263, 264, 239, 239, 264, 265, 240, 240, 265, 266, 241, 241, 266, 267, 242, 242, 267, 268, 243, 243, 268, 269, 244, 244, 269, 270, 245, 245, 270, 271, 246, 246, 271, 272, 247, 247, 272, 273, 248, 248, 273, 274, 249, 249, 274, 275, 250, 251, 276, 277, 252, 252, 277, 278, 253, 253, 278, 279, 254, 254, 279, 280, 255, 255, 280, 281, 256, 256, 281, 282, 257, 257, 282, 283, 258, 258, 283, 284, 259, 259, 284, 285, 260, 260, 285, 286, 261, 261, 286, 287, 262, 262, 287, 288, 263, 263, 288, 289, 264, 264, 289, 290, 265, 265, 290, 291, 266, 266, 291, 292, 267, 267, 292, 293, 268, 268, 293, 294, 269, 269, 294, 295, 270, 270, 295, 296, 271, 271, 296, 297, 272, 272, 297, 298, 273, 273, 298, 299, 274, 274, 299, 300, 275, 276, 301, 302, 277, 277, 302, 303, 278, 278, 303, 304, 279, 279, 304, 305, 280, 280, 305, 306, 281, 281, 306, 307, 282, 282, 307, 308, 283, 283, 308, 309, 284, 284, 309, 310, 285, 285, 310, 311, 286, 286, 311, 312, 287, 287, 312, 313, 288, 288, 313, 314, 289, 289, 314, 315, 290, 290, 315, 316, 291, 291, 316, 317, 292, 292, 317, 318, 293, 293, 318, 319, 294, 294, 319, 320, 295, 295, 320, 321, 296, 296, 321, 322, 297, 297, 322, 323, 298, 298, 323, 324, 299, 299, 324, 325, 300, 301, 326, 327, 302, 302, 327, 328, 303, 303, 328, 329, 304, 304, 329, 330, 305, 305, 330, 331, 306, 306, 331, 332, 307, 307, 332, 333, 308, 308, 333, 334, 309, 309, 334, 335, 310, 310, 335, 336, 311, 311, 336, 337, 312, 312, 337, 338, 313, 313, 338, 339, 314, 314, 339, 340, 315, 315, 340, 341, 316, 316, 341, 342, 317, 317, 342, 343, 318, 318, 343, 344, 319, 319, 344, 345, 320, 320, 345, 346, 321, 321, 346, 347, 322, 322, 347, 348, 323, 323, 348, 349, 324, 324, 349, 350, 325, 326, 351, 352, 327, 327, 352, 353, 328, 328, 353, 354, 329, 329, 354, 355, 330, 330, 355, 356, 331, 331, 356, 357, 332, 332, 357, 358, 333, 333, 358, 359, 334, 334, 359, 360, 335, 335, 360, 361, 336, 336, 361, 362, 337, 337, 362, 363, 338, 338, 363, 364, 339, 339, 364, 365, 340, 340, 365, 366, 341, 341, 366, 367, 342, 342, 367, 368, 343, 343, 368, 369, 344, 344, 369, 370, 345, 345, 370, 371, 346, 346, 371, 372, 347, 347, 372, 373, 348, 348, 373, 374, 349, 349, 374, 375, 350, 0, 1, 2, 0, 2, 3, 0, 3, 4, 0, 4, 5, 0, 5, 6, 0, 6, 7, 0, 7, 8, 0, 8, 9, 0, 9, 10, 0, 10, 11, 0, 11, 12, 0, 12, 13, 0, 13, 14, 0, 14, 15, 0, 15, 16, 0, 16, 17, 0, 17, 18, 0, 18, 19, 0, 19, 20, 0, 20, 21, 0, 21, 22, 0, 22, 23, 0, 23, 24, 0, 24, 25, 0, 352, 351, 0, 353, 352, 0, 354, 353, 0, 355, 354, 0, 356, 355, 0, 357, 356, 0, 358, 357, 0, 359, 358, 0, 360, 359, 0, 361, 360, 0, 362, 361, 0, 363, 362, 0, 364, 363, 0, 365, 364, 0, 366, 365, 0, 367, 366, 0, 368, 367, 0, 369, 368, 0, 370, 369, 0, 371, 370, 0, 372, 371, 0, 373, 372, 0, 374, 373, 0, 375, 374, 0, 26, 1, 0, 51, 26, 0, 76, 51, 0, 101, 76, 0, 126, 101, 0, 151, 126, 0, 176, 151, 0, 201, 176, 0, 226, 201, 0, 251, 226, 0, 276, 251, 0, 301, 276, 0, 326, 301, 0, 351, 326, 0, 25, 50, 0, 50, 75, 0, 75, 100, 0, 100, 125, 0, 125, 150, 0, 150, 175, 0, 175, 200, 0, 200, 225, 0, 225, 250, 0, 250, 275, 0, 275, 300, 0, 300, 325, 0, 325, 350, 0, 350, 375]
                                rel material:binding = </AecoCctvLooks/Shell_observe>
                                point3f[] points = [(0, 0, 0), (-14.175759, -8.921204, -15.689099), (-13.409456, -9.206125, -16.19017), (-12.568454, -9.491617, -16.692245), (-11.64837, -9.774196, -17.189196), (-10.645907, -10.049653, -17.673624), (-9.559345, -10.313083, -18.1369), (-8.389078, -10.558966, -18.569317), (-7.1381373, -10.781353, -18.960415), (-5.812626, -10.974146, -19.299465), (-4.4219627, -11.131461, -19.576126), (-2.9788554, -11.248064, -19.781187), (-1.498928, -11.31981, -19.90736), (0, -11.344032, -19.949959), (1.498928, -11.31981, -19.90736), (2.9788554, -11.248064, -19.781187), (4.4219627, -11.131461, -19.576126), (5.812626, -10.974146, -19.299465), (7.1381373, -10.781353, -18.960415), (8.389078, -10.558966, -18.569317), (9.559345, -10.313083, -18.1369), (10.645907, -10.049653, -17.673624), (11.64837, -9.774196, -17.189196), (12.568454, -9.491617, -16.692245), (13.409456, -9.206125, -16.19017), (14.175759, -8.921204, -15.689099), (-14.468756, -7.8047953, -16.013374), (-13.705199, -8.064998, -16.547241), (-12.863727, -8.326805, -17.0844), (-11.939189, -8.587049, -17.618351), (-10.927499, -8.841834, -18.141104), (-9.826194, -9.086547, -18.643188), (-8.635059, -9.315918, -19.113798), (-7.356762, -9.524195, -19.541128), (-5.997386, -9.705403, -19.91292), (-4.5667796, -9.853724, -20.217234), (-3.0785701, -9.963929, -20.443346), (-1.5497785, -10.031855, -20.58271), (0, -10.054807, -20.629803), (1.5497785, -10.031855, -20.58271), (3.0785701, -9.963929, -20.443346), (4.5667796, -9.853724, -20.217234), (5.997386, -9.705403, -19.91292), (7.356762, -9.524195, -19.541128), (8.635059, -9.315918, -19.113798), (9.826194, -9.086547, -18.643188), (10.927499, -8.841834, -18.141104), (11.939189, -8.587049, -17.618351), (12.863727, -8.326805, -17.0844), (13.705199, -8.064998, -16.547241), (14.468756, -7.8047953, -16.013374), (-14.731397, -6.6220584, -16.304054), (-13.971339, -6.8513427, -16.86857), (-13.130524, -7.082921, -17.438734), (-12.203055, -7.3140244, -18.00773), (-11.184066, -7.5411935, -18.56704), (-10.070337, -7.7602606, -19.106401), (-8.861011, -7.966404, -19.613943), (-7.5583286, -8.154289, -20.076532), (-6.1682925, -8.318314, -20.480373), (-4.7011046, -8.452964, -20.811893), (-3.1712513, -8.553247, -21.0588), (-1.5971029, -8.615158, -21.211227), (0, -8.636095, -21.26278), (1.5971029, -8.615158, -21.211227), (3.1712513, -8.553247, -21.0588), (4.7011046, -8.452964, -20.811893), (6.1682925, -8.318314, -20.480373), (7.5583286, -8.154289, -20.076532), (8.861011, -7.966404, -19.613943), (10.070337, -7.7602606, -19.106401), (11.184066, -7.5411935, -18.56704), (12.203055, -7.3140244, -18.00773), (13.130524, -7.082921, -17.438734), (13.971339, -6.8513427, -16.86857), (14.731397, -6.6220584, -16.304054), (-14.957262, -5.3788714, -16.554031), (-14.201015, -5.571178, -17.145874), (-13.36161, -5.7660594, -17.745642), (-12.4324665, -5.96122, -18.346268), (-11.407986, -6.1537423, -18.938776), (-10.284224, -6.340066, -19.512207), (-9.059687, -6.5160174, -20.053715), (-7.736172, -6.676924, -20.548922), (-6.3195453, -6.81783, -20.982574), (-4.820287, -6.9338107, -21.339518), (-3.2536433, -7.0203743, -21.605927), (-1.6392239, -7.0738955, -21.770641), (0, -7.0920095, -21.82639), (1.6392239, -7.0738955, -21.770641), (3.2536433, -7.0203743, -21.605927), (4.820287, -6.9338107, -21.339518), (6.3195453, -6.81783, -20.982574), (7.736172, -6.676924, -20.548922), (9.059687, -6.5160174, -20.053715), (10.284224, -6.340066, -19.512207), (11.407986, -6.1537423, -18.938776), (12.4324665, -5.96122, -18.346268), (13.36161, -5.7660594, -17.745642), (14.201015, -5.571178, -17.145874), (14.957262, -5.3788714, -16.554031), (-15.140301, -4.0835214, -16.75661), (-14.387699, -4.2333117, -17.371271), (-13.550029, -4.385527, -17.995882), (-12.620126, -4.5383997, -18.623192), (-11.591757, -4.689655, -19.24386), (-10.46034, -4.836479, -19.846352), (-9.223802, -4.975541, -20.416986), (-7.8835206, -5.103073, -20.940311), (-6.4452, -5.215044, -21.39978), (-4.919522, -5.3074174, -21.778831), (-3.3223624, -5.3764873, -22.062258), (-1.6743926, -5.419246, -22.237717), (0, -5.4337273, -22.29714), (1.6743926, -5.419246, -22.237717), (3.3223624, -5.3764873, -22.062258), (4.919522, -5.3074174, -21.778831), (6.4452, -5.215044, -21.39978), (7.8835206, -5.103073, -20.940311), (9.223802, -4.975541, -20.416986), (10.46034, -4.836479, -19.846352), (11.591757, -4.689655, -19.24386), (12.620126, -4.5383997, -18.623192), (13.550029, -4.385527, -17.995882), (14.387699, -4.2333117, -17.371271), (15.140301, -4.0835214, -16.75661), (-15.275236, -2.7466102, -16.90595), (-14.525645, -2.8492665, -17.537823), (-13.6896, -2.9538002, -18.181248), (-12.759493, -3.0590124, -18.828852), (-11.728597, -3.163344, -19.471033), (-10.591825, -3.264849, -20.095818), (-9.346643, -3.361203, -20.688896), (-7.9940786, -3.4497588, -21.233976), (-6.5396852, -3.527664, -21.713497), (-4.994278, -3.592045, -22.109777), (-3.374202, -3.6402516, -22.4065), (-1.7009456, -3.6701243, -22.59037), (0, -3.6802464, -22.652676), (1.7009456, -3.6701243, -22.59037), (3.374202, -3.6402516, -22.4065), (4.994278, -3.592045, -22.109777), (6.5396852, -3.527664, -21.713497), (7.9940786, -3.4497588, -21.233976), (9.346643, -3.361203, -20.688896), (10.591825, -3.264849, -20.095818), (11.728597, -3.163344, -19.471033), (12.759493, -3.0590124, -18.828852), (13.6896, -2.9538002, -18.181248), (14.525645, -2.8492665, -17.537823), (15.275236, -2.7466102, -16.90595), (-15.357949, -1.3807414, -16.997496), (-14.610341, -1.43294, -17.640081), (-13.775443, -1.4861611, -18.295256), (-12.845363, -1.5397996, -18.955568), (-11.813065, -1.5930629, -19.611261), (-10.673137, -1.6449564, -20.25009), (-9.422747, -1.6942854, -20.857351), (-8.062689, -1.7396834, -21.41622), (-6.598411, -1.779671, -21.908484), (-5.040801, -1.8127531, -22.315737), (-3.4064953, -1.8375456, -22.620943), (-1.717497, -1.8529185, -22.81019), (0, -1.8581291, -22.874336), (1.717497, -1.8529185, -22.81019), (3.4064953, -1.8375456, -22.620943), (5.040801, -1.8127531, -22.315737), (6.598411, -1.779671, -21.908484), (8.062689, -1.7396834, -21.41622), (9.422747, -1.6942854, -20.857351), (10.673137, -1.6449564, -20.25009), (11.813065, -1.5930629, -19.611261), (12.845363, -1.5397996, -18.955568), (13.775443, -1.4861611, -18.295256), (14.610341, -1.43294, -17.640081), (15.357949, -1.3807414, -16.997496), (-15.38582, 0, -17.028341), (-14.638905, 0, -17.674568), (-13.804418, 0, -18.333738), (-12.874373, 0, -18.998379), (-11.841628, 0, -19.65868), (-10.70066, 0, -20.302309), (-9.44853, 0, -20.914425), (-8.085954, 0, -21.478018), (-6.618341, 0, -21.974655), (-5.0566, 0, -22.385681), (-3.4174676, 0, -22.693806), (-1.7231224, 0, -22.884901), (0, 0, -22.949682), (1.7231224, 0, -22.884901), (3.4174676, 0, -22.693806), (5.0566, 0, -22.385681), (6.618341, 0, -21.974655), (8.085954, 0, -21.478018), (9.44853, 0, -20.914425), (10.70066, 0, -20.302309), (11.841628, 0, -19.65868), (12.874373, 0, -18.998379), (13.804418, 0, -18.333738), (14.638905, 0, -17.674568), (15.38582, 0, -17.028341), (-15.357949, 1.3807414, -16.997496), (-14.610341, 1.43294, -17.640081), (-13.775443, 1.4861611, -18.295256), (-12.845363, 1.5397996, -18.955568), (-11.813065, 1.5930629, -19.611261), (-10.673137, 1.6449564, -20.25009), (-9.422747, 1.6942854, -20.857351), (-8.062689, 1.7396834, -21.41622), (-6.598411, 1.779671, -21.908484), (-5.040801, 1.8127531, -22.315737), (-3.4064953, 1.8375456, -22.620943), (-1.717497, 1.8529185, -22.81019), (0, 1.8581291, -22.874336), (1.717497, 1.8529185, -22.81019), (3.4064953, 1.8375456, -22.620943), (5.040801, 1.8127531, -22.315737), (6.598411, 1.779671, -21.908484), (8.062689, 1.7396834, -21.41622), (9.422747, 1.6942854, -20.857351), (10.673137, 1.6449564, -20.25009), (11.813065, 1.5930629, -19.611261), (12.845363, 1.5397996, -18.955568), (13.775443, 1.4861611, -18.295256), (14.610341, 1.43294, -17.640081), (15.357949, 1.3807414, -16.997496), (-15.275236, 2.7466102, -16.90595), (-14.525645, 2.8492665, -17.537823), (-13.6896, 2.9538002, -18.181248), (-12.759493, 3.0590124, -18.828852), (-11.728597, 3.163344, -19.471033), (-10.591825, 3.264849, -20.095818), (-9.346643, 3.361203, -20.688896), (-7.9940786, 3.4497588, -21.233976), (-6.5396852, 3.527664, -21.713497), (-4.994278, 3.592045, -22.109777), (-3.374202, 3.6402516, -22.4065), (-1.7009456, 3.6701243, -22.59037), (0, 3.6802464, -22.652676), (1.7009456, 3.6701243, -22.59037), (3.374202, 3.6402516, -22.4065), (4.994278, 3.592045, -22.109777), (6.5396852, 3.527664, -21.713497), (7.9940786, 3.4497588, -21.233976), (9.346643, 3.361203, -20.688896), (10.591825, 3.264849, -20.095818), (11.728597, 3.163344, -19.471033), (12.759493, 3.0590124, -18.828852), (13.6896, 2.9538002, -18.181248), (14.525645, 2.8492665, -17.537823), (15.275236, 2.7466102, -16.90595), (-15.140301, 4.0835214, -16.75661), (-14.387699, 4.2333117, -17.371271), (-13.550029, 4.385527, -17.995882), (-12.620126, 4.5383997, -18.623192), (-11.591757, 4.689655, -19.24386), (-10.46034, 4.836479, -19.846352), (-9.223802, 4.975541, -20.416986), (-7.8835206, 5.103073, -20.940311), (-6.4452, 5.215044, -21.39978), (-4.919522, 5.3074174, -21.778831), (-3.3223624, 5.3764873, -22.062258), (-1.6743926, 5.419246, -22.237717), (0, 5.4337273, -22.29714), (1.6743926, 5.419246, -22.237717), (3.3223624, 5.3764873, -22.062258), (4.919522, 5.3074174, -21.778831), (6.4452, 5.215044, -21.39978), (7.8835206, 5.103073, -20.940311), (9.223802, 4.975541, -20.416986), (10.46034, 4.836479, -19.846352), (11.591757, 4.689655, -19.24386), (12.620126, 4.5383997, -18.623192), (13.550029, 4.385527, -17.995882), (14.387699, 4.2333117, -17.371271), (15.140301, 4.0835214, -16.75661), (-14.957262, 5.3788714, -16.554031), (-14.201015, 5.571178, -17.145874), (-13.36161, 5.7660594, -17.745642), (-12.4324665, 5.96122, -18.346268), (-11.407986, 6.1537423, -18.938776), (-10.284224, 6.340066, -19.512207), (-9.059687, 6.5160174, -20.053715), (-7.736172, 6.676924, -20.548922), (-6.3195453, 6.81783, -20.982574), (-4.820287, 6.9338107, -21.339518), (-3.2536433, 7.0203743, -21.605927), (-1.6392239, 7.0738955, -21.770641), (0, 7.0920095, -21.82639), (1.6392239, 7.0738955, -21.770641), (3.2536433, 7.0203743, -21.605927), (4.820287, 6.9338107, -21.339518), (6.3195453, 6.81783, -20.982574), (7.736172, 6.676924, -20.548922), (9.059687, 6.5160174, -20.053715), (10.284224, 6.340066, -19.512207), (11.407986, 6.1537423, -18.938776), (12.4324665, 5.96122, -18.346268), (13.36161, 5.7660594, -17.745642), (14.201015, 5.571178, -17.145874), (14.957262, 5.3788714, -16.554031), (-14.731397, 6.6220584, -16.304054), (-13.971339, 6.8513427, -16.86857), (-13.130524, 7.082921, -17.438734), (-12.203055, 7.3140244, -18.00773), (-11.184066, 7.5411935, -18.56704), (-10.070337, 7.7602606, -19.106401), (-8.861011, 7.966404, -19.613943), (-7.5583286, 8.154289, -20.076532), (-6.1682925, 8.318314, -20.480373), (-4.7011046, 8.452964, -20.811893), (-3.1712513, 8.553247, -21.0588), (-1.5971029, 8.615158, -21.211227), (0, 8.636095, -21.26278), (1.5971029, 8.615158, -21.211227), (3.1712513, 8.553247, -21.0588), (4.7011046, 8.452964, -20.811893), (6.1682925, 8.318314, -20.480373), (7.5583286, 8.154289, -20.076532), (8.861011, 7.966404, -19.613943), (10.070337, 7.7602606, -19.106401), (11.184066, 7.5411935, -18.56704), (12.203055, 7.3140244, -18.00773), (13.130524, 7.082921, -17.438734), (13.971339, 6.8513427, -16.86857), (14.731397, 6.6220584, -16.304054), (-14.468756, 7.8047953, -16.013374), (-13.705199, 8.064998, -16.547241), (-12.863727, 8.326805, -17.0844), (-11.939189, 8.587049, -17.618351), (-10.927499, 8.841834, -18.141104), (-9.826194, 9.086547, -18.643188), (-8.635059, 9.315918, -19.113798), (-7.356762, 9.524195, -19.541128), (-5.997386, 9.705403, -19.91292), (-4.5667796, 9.853724, -20.217234), (-3.0785701, 9.963929, -20.443346), (-1.5497785, 10.031855, -20.58271), (0, 10.054807, -20.629803), (1.5497785, 10.031855, -20.58271), (3.0785701, 9.963929, -20.443346), (4.5667796, 9.853724, -20.217234), (5.997386, 9.705403, -19.91292), (7.356762, 9.524195, -19.541128), (8.635059, 9.315918, -19.113798), (9.826194, 9.086547, -18.643188), (10.927499, 8.841834, -18.141104), (11.939189, 8.587049, -17.618351), (12.863727, 8.326805, -17.0844), (13.705199, 8.064998, -16.547241), (14.468756, 7.8047953, -16.013374), (-14.175759, 8.921204, -15.689099), (-13.409456, 9.206125, -16.19017), (-12.568454, 9.491617, -16.692245), (-11.64837, 9.774196, -17.189196), (-10.645907, 10.049653, -17.673624), (-9.559345, 10.313083, -18.1369), (-8.389078, 10.558966, -18.569317), (-7.1381373, 10.781353, -18.960415), (-5.812626, 10.974146, -19.299465), (-4.4219627, 11.131461, -19.576126), (-2.9788554, 11.248064, -19.781187), (-1.498928, 11.31981, -19.90736), (0, 11.344032, -19.949959), (1.498928, 11.31981, -19.90736), (2.9788554, 11.248064, -19.781187), (4.4219627, 11.131461, -19.576126), (5.812626, 10.974146, -19.299465), (7.1381373, 10.781353, -18.960415), (8.389078, 10.558966, -18.569317), (9.559345, 10.313083, -18.1369), (10.645907, 10.049653, -17.673624), (11.64837, 9.774196, -17.189196), (12.568454, 9.491617, -16.692245), (13.409456, 9.206125, -16.19017), (14.175759, 8.921204, -15.689099)]
                                color3f[] primvars:displayColor = [(0.36666667, 0.73333335, 0.68333334)] (
                                    interpolation = "constant"
                                )
                                float[] primvars:displayOpacity = [0.3] (
                                    interpolation = "constant"
                                )
                                uniform token purpose = "guide"
                                uniform token subdivisionScheme = "none"
                            }
                        }
                    }

                    over "sec_cam_corr_corr_c_2"
                    {
                        double aeco:cctv:mountHeight = 3.42

                        over "Sensor_0"
                        {
                            double aeco:cctvSensor:effectiveWidth = 7.228335573456428
                            double aeco:cctvSensor:hfov = 84.19827201220271
                            double aeco:cctvSensor:targetRange = 5.7374204031549985
                            double aeco:cctvSensor:vfov = 59.24722851636196
                            float2 clippingRange = (0.05, 24)
                            float focalLength = 4
                            float horizontalAperture = 7.2283354
                            float verticalAperture = 4.5489945
                            matrix4d xformOp:transform = ( (-1, 1.2246467991473532e-16, 0, 0), (-3.1696191514317674e-17, -0.25881904510252096, 0.9659258262890682, 0), (1.1829179713786696e-16, 0.9659258262890682, 0.25881904510252096, 0), (0, 0, -0.08, 1) )
                            uniform token[] xformOpOrder = ["xformOp:transform"]

                            def Mesh "Sector" (
                                prepend apiSchemas = ["AecoDerivedGeometryAPI", "MaterialBindingAPI"]
                            )
                            {
                                uniform token aeco:derived:approx = "tessellated"
                                uniform token aeco:derived:role = "sector"
                                string aeco:derived:source = "290e2c0d-ca55-55d0-b1d2-a1c4e3ab6951"
                                string aeco:derived:stamp = "usdAecoCctv derive 0.5.3"
                                uniform bool doubleSided = 1
                                float3[] extent = [(-16.08997, -11.863204, -24), (16.08997, 11.863204, 0)]
                                int[] faceVertexCounts = [4, 4, 4, 4, 4, 4, 4, 4, 4, 4, 4, 4, 4, 4, 4, 4, 4, 4, 4, 4, 4, 4, 4, 4, 4, 4, 4, 4, 4, 4, 4, 4, 4, 4, 4, 4, 4, 4, 4, 4, 4, 4, 4, 4, 4, 4, 4, 4, 4, 4, 4, 4, 4, 4, 4, 4, 4, 4, 4, 4, 4, 4, 4, 4, 4, 4, 4, 4, 4, 4, 4, 4, 4, 4, 4, 4, 4, 4, 4, 4, 4, 4, 4, 4, 4, 4, 4, 4, 4, 4, 4, 4, 4, 4, 4, 4, 4, 4, 4, 4, 4, 4, 4, 4, 4, 4, 4, 4, 4, 4, 4, 4, 4, 4, 4, 4, 4, 4, 4, 4, 4, 4, 4, 4, 4, 4, 4, 4, 4, 4, 4, 4, 4, 4, 4, 4, 4, 4, 4, 4, 4, 4, 4, 4, 4, 4, 4, 4, 4, 4, 4, 4, 4, 4, 4, 4, 4, 4, 4, 4, 4, 4, 4, 4, 4, 4, 4, 4, 4, 4, 4, 4, 4, 4, 4, 4, 4, 4, 4, 4, 4, 4, 4, 4, 4, 4, 4, 4, 4, 4, 4, 4, 4, 4, 4, 4, 4, 4, 4, 4, 4, 4, 4, 4, 4, 4, 4, 4, 4, 4, 4, 4, 4, 4, 4, 4, 4, 4, 4, 4, 4, 4, 4, 4, 4, 4, 4, 4, 4, 4, 4, 4, 4, 4, 4, 4, 4, 4, 4, 4, 4, 4, 4, 4, 4, 4, 4, 4, 4, 4, 4, 4, 4, 4, 4, 4, 4, 4, 4, 4, 4, 4, 4, 4, 4, 4, 4, 4, 4, 4, 4, 4, 4, 4, 4, 4, 4, 4, 4, 4, 4, 4, 4, 4, 4, 4, 4, 4, 4, 4, 4, 4, 4, 4, 4, 4, 4, 4, 4, 4, 4, 4, 4, 4, 4, 4, 4, 4, 4, 4, 4, 4, 4, 4, 4, 4, 4, 4, 4, 4, 4, 4, 4, 4, 4, 4, 4, 4, 4, 4, 4, 4, 4, 4, 4, 4, 3, 3, 3, 3, 3, 3, 3, 3, 3, 3, 3, 3, 3, 3, 3, 3, 3, 3, 3, 3, 3, 3, 3, 3, 3, 3, 3, 3, 3, 3, 3, 3, 3, 3, 3, 3, 3, 3, 3, 3, 3, 3, 3, 3, 3, 3, 3, 3, 3, 3, 3, 3, 3, 3, 3, 3, 3, 3, 3, 3, 3, 3, 3, 3, 3, 3, 3, 3, 3, 3, 3, 3, 3, 3, 3, 3]
                                int[] faceVertexIndices = [1, 26, 27, 2, 2, 27, 28, 3, 3, 28, 29, 4, 4, 29, 30, 5, 5, 30, 31, 6, 6, 31, 32, 7, 7, 32, 33, 8, 8, 33, 34, 9, 9, 34, 35, 10, 10, 35, 36, 11, 11, 36, 37, 12, 12, 37, 38, 13, 13, 38, 39, 14, 14, 39, 40, 15, 15, 40, 41, 16, 16, 41, 42, 17, 17, 42, 43, 18, 18, 43, 44, 19, 19, 44, 45, 20, 20, 45, 46, 21, 21, 46, 47, 22, 22, 47, 48, 23, 23, 48, 49, 24, 24, 49, 50, 25, 26, 51, 52, 27, 27, 52, 53, 28, 28, 53, 54, 29, 29, 54, 55, 30, 30, 55, 56, 31, 31, 56, 57, 32, 32, 57, 58, 33, 33, 58, 59, 34, 34, 59, 60, 35, 35, 60, 61, 36, 36, 61, 62, 37, 37, 62, 63, 38, 38, 63, 64, 39, 39, 64, 65, 40, 40, 65, 66, 41, 41, 66, 67, 42, 42, 67, 68, 43, 43, 68, 69, 44, 44, 69, 70, 45, 45, 70, 71, 46, 46, 71, 72, 47, 47, 72, 73, 48, 48, 73, 74, 49, 49, 74, 75, 50, 51, 76, 77, 52, 52, 77, 78, 53, 53, 78, 79, 54, 54, 79, 80, 55, 55, 80, 81, 56, 56, 81, 82, 57, 57, 82, 83, 58, 58, 83, 84, 59, 59, 84, 85, 60, 60, 85, 86, 61, 61, 86, 87, 62, 62, 87, 88, 63, 63, 88, 89, 64, 64, 89, 90, 65, 65, 90, 91, 66, 66, 91, 92, 67, 67, 92, 93, 68, 68, 93, 94, 69, 69, 94, 95, 70, 70, 95, 96, 71, 71, 96, 97, 72, 72, 97, 98, 73, 73, 98, 99, 74, 74, 99, 100, 75, 76, 101, 102, 77, 77, 102, 103, 78, 78, 103, 104, 79, 79, 104, 105, 80, 80, 105, 106, 81, 81, 106, 107, 82, 82, 107, 108, 83, 83, 108, 109, 84, 84, 109, 110, 85, 85, 110, 111, 86, 86, 111, 112, 87, 87, 112, 113, 88, 88, 113, 114, 89, 89, 114, 115, 90, 90, 115, 116, 91, 91, 116, 117, 92, 92, 117, 118, 93, 93, 118, 119, 94, 94, 119, 120, 95, 95, 120, 121, 96, 96, 121, 122, 97, 97, 122, 123, 98, 98, 123, 124, 99, 99, 124, 125, 100, 101, 126, 127, 102, 102, 127, 128, 103, 103, 128, 129, 104, 104, 129, 130, 105, 105, 130, 131, 106, 106, 131, 132, 107, 107, 132, 133, 108, 108, 133, 134, 109, 109, 134, 135, 110, 110, 135, 136, 111, 111, 136, 137, 112, 112, 137, 138, 113, 113, 138, 139, 114, 114, 139, 140, 115, 115, 140, 141, 116, 116, 141, 142, 117, 117, 142, 143, 118, 118, 143, 144, 119, 119, 144, 145, 120, 120, 145, 146, 121, 121, 146, 147, 122, 122, 147, 148, 123, 123, 148, 149, 124, 124, 149, 150, 125, 126, 151, 152, 127, 127, 152, 153, 128, 128, 153, 154, 129, 129, 154, 155, 130, 130, 155, 156, 131, 131, 156, 157, 132, 132, 157, 158, 133, 133, 158, 159, 134, 134, 159, 160, 135, 135, 160, 161, 136, 136, 161, 162, 137, 137, 162, 163, 138, 138, 163, 164, 139, 139, 164, 165, 140, 140, 165, 166, 141, 141, 166, 167, 142, 142, 167, 168, 143, 143, 168, 169, 144, 144, 169, 170, 145, 145, 170, 171, 146, 146, 171, 172, 147, 147, 172, 173, 148, 148, 173, 174, 149, 149, 174, 175, 150, 151, 176, 177, 152, 152, 177, 178, 153, 153, 178, 179, 154, 154, 179, 180, 155, 155, 180, 181, 156, 156, 181, 182, 157, 157, 182, 183, 158, 158, 183, 184, 159, 159, 184, 185, 160, 160, 185, 186, 161, 161, 186, 187, 162, 162, 187, 188, 163, 163, 188, 189, 164, 164, 189, 190, 165, 165, 190, 191, 166, 166, 191, 192, 167, 167, 192, 193, 168, 168, 193, 194, 169, 169, 194, 195, 170, 170, 195, 196, 171, 171, 196, 197, 172, 172, 197, 198, 173, 173, 198, 199, 174, 174, 199, 200, 175, 176, 201, 202, 177, 177, 202, 203, 178, 178, 203, 204, 179, 179, 204, 205, 180, 180, 205, 206, 181, 181, 206, 207, 182, 182, 207, 208, 183, 183, 208, 209, 184, 184, 209, 210, 185, 185, 210, 211, 186, 186, 211, 212, 187, 187, 212, 213, 188, 188, 213, 214, 189, 189, 214, 215, 190, 190, 215, 216, 191, 191, 216, 217, 192, 192, 217, 218, 193, 193, 218, 219, 194, 194, 219, 220, 195, 195, 220, 221, 196, 196, 221, 222, 197, 197, 222, 223, 198, 198, 223, 224, 199, 199, 224, 225, 200, 201, 226, 227, 202, 202, 227, 228, 203, 203, 228, 229, 204, 204, 229, 230, 205, 205, 230, 231, 206, 206, 231, 232, 207, 207, 232, 233, 208, 208, 233, 234, 209, 209, 234, 235, 210, 210, 235, 236, 211, 211, 236, 237, 212, 212, 237, 238, 213, 213, 238, 239, 214, 214, 239, 240, 215, 215, 240, 241, 216, 216, 241, 242, 217, 217, 242, 243, 218, 218, 243, 244, 219, 219, 244, 245, 220, 220, 245, 246, 221, 221, 246, 247, 222, 222, 247, 248, 223, 223, 248, 249, 224, 224, 249, 250, 225, 226, 251, 252, 227, 227, 252, 253, 228, 228, 253, 254, 229, 229, 254, 255, 230, 230, 255, 256, 231, 231, 256, 257, 232, 232, 257, 258, 233, 233, 258, 259, 234, 234, 259, 260, 235, 235, 260, 261, 236, 236, 261, 262, 237, 237, 262, 263, 238, 238, 263, 264, 239, 239, 264, 265, 240, 240, 265, 266, 241, 241, 266, 267, 242, 242, 267, 268, 243, 243, 268, 269, 244, 244, 269, 270, 245, 245, 270, 271, 246, 246, 271, 272, 247, 247, 272, 273, 248, 248, 273, 274, 249, 249, 274, 275, 250, 251, 276, 277, 252, 252, 277, 278, 253, 253, 278, 279, 254, 254, 279, 280, 255, 255, 280, 281, 256, 256, 281, 282, 257, 257, 282, 283, 258, 258, 283, 284, 259, 259, 284, 285, 260, 260, 285, 286, 261, 261, 286, 287, 262, 262, 287, 288, 263, 263, 288, 289, 264, 264, 289, 290, 265, 265, 290, 291, 266, 266, 291, 292, 267, 267, 292, 293, 268, 268, 293, 294, 269, 269, 294, 295, 270, 270, 295, 296, 271, 271, 296, 297, 272, 272, 297, 298, 273, 273, 298, 299, 274, 274, 299, 300, 275, 276, 301, 302, 277, 277, 302, 303, 278, 278, 303, 304, 279, 279, 304, 305, 280, 280, 305, 306, 281, 281, 306, 307, 282, 282, 307, 308, 283, 283, 308, 309, 284, 284, 309, 310, 285, 285, 310, 311, 286, 286, 311, 312, 287, 287, 312, 313, 288, 288, 313, 314, 289, 289, 314, 315, 290, 290, 315, 316, 291, 291, 316, 317, 292, 292, 317, 318, 293, 293, 318, 319, 294, 294, 319, 320, 295, 295, 320, 321, 296, 296, 321, 322, 297, 297, 322, 323, 298, 298, 323, 324, 299, 299, 324, 325, 300, 301, 326, 327, 302, 302, 327, 328, 303, 303, 328, 329, 304, 304, 329, 330, 305, 305, 330, 331, 306, 306, 331, 332, 307, 307, 332, 333, 308, 308, 333, 334, 309, 309, 334, 335, 310, 310, 335, 336, 311, 311, 336, 337, 312, 312, 337, 338, 313, 313, 338, 339, 314, 314, 339, 340, 315, 315, 340, 341, 316, 316, 341, 342, 317, 317, 342, 343, 318, 318, 343, 344, 319, 319, 344, 345, 320, 320, 345, 346, 321, 321, 346, 347, 322, 322, 347, 348, 323, 323, 348, 349, 324, 324, 349, 350, 325, 326, 351, 352, 327, 327, 352, 353, 328, 328, 353, 354, 329, 329, 354, 355, 330, 330, 355, 356, 331, 331, 356, 357, 332, 332, 357, 358, 333, 333, 358, 359, 334, 334, 359, 360, 335, 335, 360, 361, 336, 336, 361, 362, 337, 337, 362, 363, 338, 338, 363, 364, 339, 339, 364, 365, 340, 340, 365, 366, 341, 341, 366, 367, 342, 342, 367, 368, 343, 343, 368, 369, 344, 344, 369, 370, 345, 345, 370, 371, 346, 346, 371, 372, 347, 347, 372, 373, 348, 348, 373, 374, 349, 349, 374, 375, 350, 0, 1, 2, 0, 2, 3, 0, 3, 4, 0, 4, 5, 0, 5, 6, 0, 6, 7, 0, 7, 8, 0, 8, 9, 0, 9, 10, 0, 10, 11, 0, 11, 12, 0, 12, 13, 0, 13, 14, 0, 14, 15, 0, 15, 16, 0, 16, 17, 0, 17, 18, 0, 18, 19, 0, 19, 20, 0, 20, 21, 0, 21, 22, 0, 22, 23, 0, 23, 24, 0, 24, 25, 0, 352, 351, 0, 353, 352, 0, 354, 353, 0, 355, 354, 0, 356, 355, 0, 357, 356, 0, 358, 357, 0, 359, 358, 0, 360, 359, 0, 361, 360, 0, 362, 361, 0, 363, 362, 0, 364, 363, 0, 365, 364, 0, 366, 365, 0, 367, 366, 0, 368, 367, 0, 369, 368, 0, 370, 369, 0, 371, 370, 0, 372, 371, 0, 373, 372, 0, 374, 373, 0, 375, 374, 0, 26, 1, 0, 51, 26, 0, 76, 51, 0, 101, 76, 0, 126, 101, 0, 151, 126, 0, 176, 151, 0, 201, 176, 0, 226, 201, 0, 251, 226, 0, 276, 251, 0, 301, 276, 0, 326, 301, 0, 351, 326, 0, 25, 50, 0, 50, 75, 0, 75, 100, 0, 100, 125, 0, 125, 150, 0, 150, 175, 0, 175, 200, 0, 200, 225, 0, 225, 250, 0, 250, 275, 0, 275, 300, 0, 300, 325, 0, 325, 350, 0, 350, 375]
                                rel material:binding = </AecoCctvLooks/Sector>
                                point3f[] points = [(0, 0, 0), (-14.82453, -9.3294935, -16.40713), (-14.023156, -9.627454, -16.931131), (-13.143663, -9.926012, -17.456186), (-12.181471, -10.221522, -17.97588), (-11.13313, -10.509587, -18.48248), (-9.99684, -10.785072, -18.966955), (-8.773014, -11.042209, -19.419163), (-7.4648223, -11.274774, -19.82816), (-6.078647, -11.476391, -20.182728), (-4.6243386, -11.640905, -20.47205), (-3.115186, -11.762845, -20.686495), (-1.5675281, -11.837873, -20.818443), (0, -11.863204, -20.862991), (1.5675281, -11.837873, -20.818443), (3.115186, -11.762845, -20.686495), (4.6243386, -11.640905, -20.47205), (6.078647, -11.476391, -20.182728), (7.4648223, -11.274774, -19.82816), (8.773014, -11.042209, -19.419163), (9.99684, -10.785072, -18.966955), (11.13313, -10.509587, -18.48248), (12.181471, -10.221522, -17.97588), (13.143663, -9.926012, -17.456186), (14.023156, -9.627454, -16.931131), (14.82453, -9.3294935, -16.40713), (-15.130935, -8.161991, -16.746244), (-14.332434, -8.434102, -17.304544), (-13.45245, -8.7078905, -17.866287), (-12.4855995, -8.980044, -18.424675), (-11.4276085, -9.2464905, -18.971352), (-10.2759, -9.502402, -19.496416), (-9.030252, -9.742271, -19.988564), (-7.6934524, -9.96008, -20.43545), (-6.2718635, -10.149583, -20.824257), (-4.7757835, -10.30469, -21.142498), (-3.2194643, -10.41994, -21.37896), (-1.620706, -10.490973, -21.524702), (0, -10.5149765, -21.57395), (1.620706, -10.490973, -21.524702), (3.2194643, -10.41994, -21.37896), (4.7757835, -10.30469, -21.142498), (6.2718635, -10.149583, -20.824257), (7.6934524, -9.96008, -20.43545), (9.030252, -9.742271, -19.988564), (10.2759, -9.502402, -19.496416), (11.4276085, -9.2464905, -18.971352), (12.4855995, -8.980044, -18.424675), (13.45245, -8.7078905, -17.866287), (14.332434, -8.434102, -17.304544), (15.130935, -8.161991, -16.746244), (-15.405596, -6.9251246, -17.050228), (-14.610753, -7.164902, -17.64058), (-13.731457, -7.4070787, -18.23684), (-12.761542, -7.6487594, -18.831875), (-11.695917, -7.886325, -19.41678), (-10.531218, -8.1154175, -19.980827), (-9.266544, -8.330996, -20.511599), (-7.904244, -8.527479, -20.995358), (-6.450591, -8.699011, -21.41768), (-4.916256, -8.839824, -21.764374), (-3.3163874, -8.944696, -22.02258), (-1.670196, -9.00944, -22.181984), (0, -9.031336, -22.235893), (1.670196, -9.00944, -22.181984), (3.3163874, -8.944696, -22.02258), (4.916256, -8.839824, -21.764374), (6.450591, -8.699011, -21.41768), (7.904244, -8.527479, -20.995358), (9.266544, -8.330996, -20.511599), (10.531218, -8.1154175, -19.980827), (11.695917, -7.886325, -19.41678), (12.761542, -7.6487594, -18.831875), (13.731457, -7.4070787, -18.23684), (14.610753, -7.164902, -17.64058), (15.405596, -6.9251246, -17.050228), (-15.641798, -5.625042, -17.311646), (-14.850942, -5.8261495, -17.930574), (-13.97312, -6.0299497, -18.557793), (-13.001452, -6.2340417, -19.185905), (-11.930085, -6.435375, -19.80553), (-10.754892, -6.6302266, -20.405205), (-9.474313, -6.8142304, -20.971497), (-8.090227, -6.9825015, -21.489367), (-6.6087666, -7.1298556, -21.942865), (-5.040893, -7.2511444, -22.316145), (-3.40255, -7.34167, -22.594746), (-1.714245, -7.39764, -22.767), (0, -7.4165835, -22.8253), (1.714245, -7.39764, -22.767), (3.40255, -7.34167, -22.594746), (5.040893, -7.2511444, -22.316145), (6.6087666, -7.1298556, -21.942865), (8.090227, -6.9825015, -21.489367), (9.474313, -6.8142304, -20.971497), (10.754892, -6.6302266, -20.405205), (11.930085, -6.435375, -19.80553), (13.001452, -6.2340417, -19.185905), (13.97312, -6.0299497, -18.557793), (14.850942, -5.8261495, -17.930574), (15.641798, -5.625042, -17.311646), (-15.833215, -4.2704086, -17.523497), (-15.046169, -4.4270544, -18.166286), (-14.170161, -4.5862355, -18.819485), (-13.1977005, -4.7461047, -19.475502), (-12.122267, -4.904282, -20.124578), (-10.939069, -5.0578265, -20.754642), (-9.64594, -5.2032523, -21.351393), (-8.244319, -5.3366213, -21.898668), (-6.740172, -5.4537163, -22.379166), (-5.1446695, -5.5503173, -22.775564), (-3.474414, -5.622548, -23.07196), (-1.751023, -5.667264, -23.255451), (0, -5.682408, -23.317595), (1.751023, -5.667264, -23.255451), (3.474414, -5.622548, -23.07196), (5.1446695, -5.5503173, -22.775564), (6.740172, -5.4537163, -22.379166), (8.244319, -5.3366213, -21.898668), (9.64594, -5.2032523, -21.351393), (10.939069, -5.0578265, -20.754642), (12.122267, -4.904282, -20.124578), (13.1977005, -4.7461047, -19.475502), (14.170161, -4.5862355, -18.819485), (15.046169, -4.4270544, -18.166286), (15.833215, -4.2704086, -17.523497), (-15.974324, -2.8723118, -17.679672), (-15.190428, -2.9796665, -18.34046), (-14.316121, -3.0889843, -19.013334), (-13.343446, -3.1990116, -19.690577), (-12.265369, -3.3081179, -20.362148), (-11.076572, -3.4142685, -21.015526), (-9.774403, -3.5150323, -21.635748), (-8.359937, -3.607641, -22.205774), (-6.8389816, -3.6891115, -22.707241), (-5.222847, -3.7564392, -23.121656), (-3.5286262, -3.806852, -23.43196), (-1.7787913, -3.8380916, -23.624245), (0, -3.8486772, -23.6894), (1.7787913, -3.8380916, -23.624245), (3.5286262, -3.806852, -23.43196), (5.222847, -3.7564392, -23.121656), (6.8389816, -3.6891115, -22.707241), (8.359937, -3.607641, -22.205774), (9.774403, -3.5150323, -21.635748), (11.076572, -3.4142685, -21.015526), (12.265369, -3.3081179, -20.362148), (13.343446, -3.1990116, -19.690577), (14.316121, -3.0889843, -19.013334), (15.190428, -2.9796665, -18.34046), (15.974324, -2.8723118, -17.679672), (-16.060823, -1.4439325, -17.775404), (-15.279, -1.4985201, -18.447401), (-14.405891, -1.554177, -19.132559), (-13.433246, -1.6102703, -19.823092), (-12.353703, -1.6659713, -20.508793), (-11.161605, -1.7202396, -21.176859), (-9.853989, -1.7718264, -21.811913), (-8.431686, -1.819302, -22.396357), (-6.900395, -1.8611196, -22.91115), (-5.271499, -1.8957158, -23.337042), (-3.5623975, -1.921643, -23.656218), (-1.7961001, -1.9377195, -23.854124), (0, -1.9431686, -23.921206), (1.7961001, -1.9377195, -23.854124), (3.5623975, -1.921643, -23.656218), (5.271499, -1.8957158, -23.337042), (6.900395, -1.8611196, -22.91115), (8.431686, -1.819302, -22.396357), (9.853989, -1.7718264, -21.811913), (11.161605, -1.7202396, -21.176859), (12.353703, -1.6659713, -20.508793), (13.433246, -1.6102703, -19.823092), (14.405891, -1.554177, -19.132559), (15.279, -1.4985201, -18.447401), (16.060823, -1.4439325, -17.775404), (-16.08997, 0, -17.807663), (-15.30887, 0, -18.483465), (-14.4361925, 0, -19.172802), (-13.463584, 0, -19.86786), (-12.3835745, 0, -20.558382), (-11.190388, 0, -21.231468), (-9.880953, 0, -21.871597), (-8.456017, 0, -22.460983), (-6.9212365, 0, -22.98035), (-5.2880216, 0, -23.410187), (-3.5738719, 0, -23.732412), (-1.8019831, 0, -23.932255), (0, 0, -24), (1.8019831, 0, -23.932255), (3.5738719, 0, -23.732412), (5.2880216, 0, -23.410187), (6.9212365, 0, -22.98035), (8.456017, 0, -22.460983), (9.880953, 0, -21.871597), (11.190388, 0, -21.231468), (12.3835745, 0, -20.558382), (13.463584, 0, -19.86786), (14.4361925, 0, -19.172802), (15.30887, 0, -18.483465), (16.08997, 0, -17.807663), (-16.060823, 1.4439325, -17.775404), (-15.279, 1.4985201, -18.447401), (-14.405891, 1.554177, -19.132559), (-13.433246, 1.6102703, -19.823092), (-12.353703, 1.6659713, -20.508793), (-11.161605, 1.7202396, -21.176859), (-9.853989, 1.7718264, -21.811913), (-8.431686, 1.819302, -22.396357), (-6.900395, 1.8611196, -22.91115), (-5.271499, 1.8957158, -23.337042), (-3.5623975, 1.921643, -23.656218), (-1.7961001, 1.9377195, -23.854124), (0, 1.9431686, -23.921206), (1.7961001, 1.9377195, -23.854124), (3.5623975, 1.921643, -23.656218), (5.271499, 1.8957158, -23.337042), (6.900395, 1.8611196, -22.91115), (8.431686, 1.819302, -22.396357), (9.853989, 1.7718264, -21.811913), (11.161605, 1.7202396, -21.176859), (12.353703, 1.6659713, -20.508793), (13.433246, 1.6102703, -19.823092), (14.405891, 1.554177, -19.132559), (15.279, 1.4985201, -18.447401), (16.060823, 1.4439325, -17.775404), (-15.974324, 2.8723118, -17.679672), (-15.190428, 2.9796665, -18.34046), (-14.316121, 3.0889843, -19.013334), (-13.343446, 3.1990116, -19.690577), (-12.265369, 3.3081179, -20.362148), (-11.076572, 3.4142685, -21.015526), (-9.774403, 3.5150323, -21.635748), (-8.359937, 3.607641, -22.205774), (-6.8389816, 3.6891115, -22.707241), (-5.222847, 3.7564392, -23.121656), (-3.5286262, 3.806852, -23.43196), (-1.7787913, 3.8380916, -23.624245), (0, 3.8486772, -23.6894), (1.7787913, 3.8380916, -23.624245), (3.5286262, 3.806852, -23.43196), (5.222847, 3.7564392, -23.121656), (6.8389816, 3.6891115, -22.707241), (8.359937, 3.607641, -22.205774), (9.774403, 3.5150323, -21.635748), (11.076572, 3.4142685, -21.015526), (12.265369, 3.3081179, -20.362148), (13.343446, 3.1990116, -19.690577), (14.316121, 3.0889843, -19.013334), (15.190428, 2.9796665, -18.34046), (15.974324, 2.8723118, -17.679672), (-15.833215, 4.2704086, -17.523497), (-15.046169, 4.4270544, -18.166286), (-14.170161, 4.5862355, -18.819485), (-13.1977005, 4.7461047, -19.475502), (-12.122267, 4.904282, -20.124578), (-10.939069, 5.0578265, -20.754642), (-9.64594, 5.2032523, -21.351393), (-8.244319, 5.3366213, -21.898668), (-6.740172, 5.4537163, -22.379166), (-5.1446695, 5.5503173, -22.775564), (-3.474414, 5.622548, -23.07196), (-1.751023, 5.667264, -23.255451), (0, 5.682408, -23.317595), (1.751023, 5.667264, -23.255451), (3.474414, 5.622548, -23.07196), (5.1446695, 5.5503173, -22.775564), (6.740172, 5.4537163, -22.379166), (8.244319, 5.3366213, -21.898668), (9.64594, 5.2032523, -21.351393), (10.939069, 5.0578265, -20.754642), (12.122267, 4.904282, -20.124578), (13.1977005, 4.7461047, -19.475502), (14.170161, 4.5862355, -18.819485), (15.046169, 4.4270544, -18.166286), (15.833215, 4.2704086, -17.523497), (-15.641798, 5.625042, -17.311646), (-14.850942, 5.8261495, -17.930574), (-13.97312, 6.0299497, -18.557793), (-13.001452, 6.2340417, -19.185905), (-11.930085, 6.435375, -19.80553), (-10.754892, 6.6302266, -20.405205), (-9.474313, 6.8142304, -20.971497), (-8.090227, 6.9825015, -21.489367), (-6.6087666, 7.1298556, -21.942865), (-5.040893, 7.2511444, -22.316145), (-3.40255, 7.34167, -22.594746), (-1.714245, 7.39764, -22.767), (0, 7.4165835, -22.8253), (1.714245, 7.39764, -22.767), (3.40255, 7.34167, -22.594746), (5.040893, 7.2511444, -22.316145), (6.6087666, 7.1298556, -21.942865), (8.090227, 6.9825015, -21.489367), (9.474313, 6.8142304, -20.971497), (10.754892, 6.6302266, -20.405205), (11.930085, 6.435375, -19.80553), (13.001452, 6.2340417, -19.185905), (13.97312, 6.0299497, -18.557793), (14.850942, 5.8261495, -17.930574), (15.641798, 5.625042, -17.311646), (-15.405596, 6.9251246, -17.050228), (-14.610753, 7.164902, -17.64058), (-13.731457, 7.4070787, -18.23684), (-12.761542, 7.6487594, -18.831875), (-11.695917, 7.886325, -19.41678), (-10.531218, 8.1154175, -19.980827), (-9.266544, 8.330996, -20.511599), (-7.904244, 8.527479, -20.995358), (-6.450591, 8.699011, -21.41768), (-4.916256, 8.839824, -21.764374), (-3.3163874, 8.944696, -22.02258), (-1.670196, 9.00944, -22.181984), (0, 9.031336, -22.235893), (1.670196, 9.00944, -22.181984), (3.3163874, 8.944696, -22.02258), (4.916256, 8.839824, -21.764374), (6.450591, 8.699011, -21.41768), (7.904244, 8.527479, -20.995358), (9.266544, 8.330996, -20.511599), (10.531218, 8.1154175, -19.980827), (11.695917, 7.886325, -19.41678), (12.761542, 7.6487594, -18.831875), (13.731457, 7.4070787, -18.23684), (14.610753, 7.164902, -17.64058), (15.405596, 6.9251246, -17.050228), (-15.130935, 8.161991, -16.746244), (-14.332434, 8.434102, -17.304544), (-13.45245, 8.7078905, -17.866287), (-12.4855995, 8.980044, -18.424675), (-11.4276085, 9.2464905, -18.971352), (-10.2759, 9.502402, -19.496416), (-9.030252, 9.742271, -19.988564), (-7.6934524, 9.96008, -20.43545), (-6.2718635, 10.149583, -20.824257), (-4.7757835, 10.30469, -21.142498), (-3.2194643, 10.41994, -21.37896), (-1.620706, 10.490973, -21.524702), (0, 10.5149765, -21.57395), (1.620706, 10.490973, -21.524702), (3.2194643, 10.41994, -21.37896), (4.7757835, 10.30469, -21.142498), (6.2718635, 10.149583, -20.824257), (7.6934524, 9.96008, -20.43545), (9.030252, 9.742271, -19.988564), (10.2759, 9.502402, -19.496416), (11.4276085, 9.2464905, -18.971352), (12.4855995, 8.980044, -18.424675), (13.45245, 8.7078905, -17.866287), (14.332434, 8.434102, -17.304544), (15.130935, 8.161991, -16.746244), (-14.82453, 9.3294935, -16.40713), (-14.023156, 9.627454, -16.931131), (-13.143663, 9.926012, -17.456186), (-12.181471, 10.221522, -17.97588), (-11.13313, 10.509587, -18.48248), (-9.99684, 10.785072, -18.966955), (-8.773014, 11.042209, -19.419163), (-7.4648223, 11.274774, -19.82816), (-6.078647, 11.476391, -20.182728), (-4.6243386, 11.640905, -20.47205), (-3.115186, 11.762845, -20.686495), (-1.5675281, 11.837873, -20.818443), (0, 11.863204, -20.862991), (1.5675281, 11.837873, -20.818443), (3.115186, 11.762845, -20.686495), (4.6243386, 11.640905, -20.47205), (6.078647, 11.476391, -20.182728), (7.4648223, 11.274774, -19.82816), (8.773014, 11.042209, -19.419163), (9.99684, 10.785072, -18.966955), (11.13313, 10.509587, -18.48248), (12.181471, 10.221522, -17.97588), (13.143663, 9.926012, -17.456186), (14.023156, 9.627454, -16.931131), (14.82453, 9.3294935, -16.40713)]
                                color3f[] primvars:displayColor = [(0, 0.85, 0.95)] (
                                    interpolation = "constant"
                                )
                                float[] primvars:displayOpacity = [0.3] (
                                    interpolation = "constant"
                                )
                                uniform token purpose = "guide"
                                uniform token subdivisionScheme = "none"
                            }

                            def Mesh "Shell_identify" (
                                prepend apiSchemas = ["AecoDerivedGeometryAPI", "MaterialBindingAPI"]
                            )
                            {
                                uniform token aeco:derived:approx = "tessellated"
                                uniform token aeco:derived:role = "coverage"
                                string aeco:derived:source = "290e2c0d-ca55-55d0-b1d2-a1c4e3ab6951"
                                string aeco:derived:stamp = "usdAecoCctv derive 0.5.3"
                                uniform bool doubleSided = 1
                                float3[] extent = [(-3.846455, -2.836008, -5.7374206), (3.846455, 2.836008, 0)]
                                int[] faceVertexCounts = [4, 4, 4, 4, 4, 4, 4, 4, 4, 4, 4, 4, 4, 4, 4, 4, 4, 4, 4, 4, 4, 4, 4, 4, 4, 4, 4, 4, 4, 4, 4, 4, 4, 4, 4, 4, 4, 4, 4, 4, 4, 4, 4, 4, 4, 4, 4, 4, 4, 4, 4, 4, 4, 4, 4, 4, 4, 4, 4, 4, 4, 4, 4, 4, 4, 4, 4, 4, 4, 4, 4, 4, 4, 4, 4, 4, 4, 4, 4, 4, 4, 4, 4, 4, 4, 4, 4, 4, 4, 4, 4, 4, 4, 4, 4, 4, 4, 4, 4, 4, 4, 4, 4, 4, 4, 4, 4, 4, 4, 4, 4, 4, 4, 4, 4, 4, 4, 4, 4, 4, 4, 4, 4, 4, 4, 4, 4, 4, 4, 4, 4, 4, 4, 4, 4, 4, 4, 4, 4, 4, 4, 4, 4, 4, 4, 4, 4, 4, 4, 4, 4, 4, 4, 4, 4, 4, 4, 4, 4, 4, 4, 4, 4, 4, 4, 4, 4, 4, 4, 4, 4, 4, 4, 4, 4, 4, 4, 4, 4, 4, 4, 4, 4, 4, 4, 4, 4, 4, 4, 4, 4, 4, 4, 4, 4, 4, 4, 4, 4, 4, 4, 4, 4, 4, 4, 4, 4, 4, 4, 4, 4, 4, 4, 4, 4, 4, 4, 4, 4, 4, 4, 4, 4, 4, 4, 4, 4, 4, 4, 4, 4, 4, 4, 4, 4, 4, 4, 4, 4, 4, 4, 4, 4, 4, 4, 4, 4, 4, 4, 4, 4, 4, 4, 4, 4, 4, 4, 4, 4, 4, 4, 4, 4, 4, 4, 4, 4, 4, 4, 4, 4, 4, 4, 4, 4, 4, 4, 4, 4, 4, 4, 4, 4, 4, 4, 4, 4, 4, 4, 4, 4, 4, 4, 4, 4, 4, 4, 4, 4, 4, 4, 4, 4, 4, 4, 4, 4, 4, 4, 4, 4, 4, 4, 4, 4, 4, 4, 4, 4, 4, 4, 4, 4, 4, 4, 4, 4, 4, 4, 4, 4, 4, 4, 4, 4, 4, 3, 3, 3, 3, 3, 3, 3, 3, 3, 3, 3, 3, 3, 3, 3, 3, 3, 3, 3, 3, 3, 3, 3, 3, 3, 3, 3, 3, 3, 3, 3, 3, 3, 3, 3, 3, 3, 3, 3, 3, 3, 3, 3, 3, 3, 3, 3, 3, 3, 3, 3, 3, 3, 3, 3, 3, 3, 3, 3, 3, 3, 3, 3, 3, 3, 3, 3, 3, 3, 3, 3, 3, 3, 3, 3, 3]
                                int[] faceVertexIndices = [1, 26, 27, 2, 2, 27, 28, 3, 3, 28, 29, 4, 4, 29, 30, 5, 5, 30, 31, 6, 6, 31, 32, 7, 7, 32, 33, 8, 8, 33, 34, 9, 9, 34, 35, 10, 10, 35, 36, 11, 11, 36, 37, 12, 12, 37, 38, 13, 13, 38, 39, 14, 14, 39, 40, 15, 15, 40, 41, 16, 16, 41, 42, 17, 17, 42, 43, 18, 18, 43, 44, 19, 19, 44, 45, 20, 20, 45, 46, 21, 21, 46, 47, 22, 22, 47, 48, 23, 23, 48, 49, 24, 24, 49, 50, 25, 26, 51, 52, 27, 27, 52, 53, 28, 28, 53, 54, 29, 29, 54, 55, 30, 30, 55, 56, 31, 31, 56, 57, 32, 32, 57, 58, 33, 33, 58, 59, 34, 34, 59, 60, 35, 35, 60, 61, 36, 36, 61, 62, 37, 37, 62, 63, 38, 38, 63, 64, 39, 39, 64, 65, 40, 40, 65, 66, 41, 41, 66, 67, 42, 42, 67, 68, 43, 43, 68, 69, 44, 44, 69, 70, 45, 45, 70, 71, 46, 46, 71, 72, 47, 47, 72, 73, 48, 48, 73, 74, 49, 49, 74, 75, 50, 51, 76, 77, 52, 52, 77, 78, 53, 53, 78, 79, 54, 54, 79, 80, 55, 55, 80, 81, 56, 56, 81, 82, 57, 57, 82, 83, 58, 58, 83, 84, 59, 59, 84, 85, 60, 60, 85, 86, 61, 61, 86, 87, 62, 62, 87, 88, 63, 63, 88, 89, 64, 64, 89, 90, 65, 65, 90, 91, 66, 66, 91, 92, 67, 67, 92, 93, 68, 68, 93, 94, 69, 69, 94, 95, 70, 70, 95, 96, 71, 71, 96, 97, 72, 72, 97, 98, 73, 73, 98, 99, 74, 74, 99, 100, 75, 76, 101, 102, 77, 77, 102, 103, 78, 78, 103, 104, 79, 79, 104, 105, 80, 80, 105, 106, 81, 81, 106, 107, 82, 82, 107, 108, 83, 83, 108, 109, 84, 84, 109, 110, 85, 85, 110, 111, 86, 86, 111, 112, 87, 87, 112, 113, 88, 88, 113, 114, 89, 89, 114, 115, 90, 90, 115, 116, 91, 91, 116, 117, 92, 92, 117, 118, 93, 93, 118, 119, 94, 94, 119, 120, 95, 95, 120, 121, 96, 96, 121, 122, 97, 97, 122, 123, 98, 98, 123, 124, 99, 99, 124, 125, 100, 101, 126, 127, 102, 102, 127, 128, 103, 103, 128, 129, 104, 104, 129, 130, 105, 105, 130, 131, 106, 106, 131, 132, 107, 107, 132, 133, 108, 108, 133, 134, 109, 109, 134, 135, 110, 110, 135, 136, 111, 111, 136, 137, 112, 112, 137, 138, 113, 113, 138, 139, 114, 114, 139, 140, 115, 115, 140, 141, 116, 116, 141, 142, 117, 117, 142, 143, 118, 118, 143, 144, 119, 119, 144, 145, 120, 120, 145, 146, 121, 121, 146, 147, 122, 122, 147, 148, 123, 123, 148, 149, 124, 124, 149, 150, 125, 126, 151, 152, 127, 127, 152, 153, 128, 128, 153, 154, 129, 129, 154, 155, 130, 130, 155, 156, 131, 131, 156, 157, 132, 132, 157, 158, 133, 133, 158, 159, 134, 134, 159, 160, 135, 135, 160, 161, 136, 136, 161, 162, 137, 137, 162, 163, 138, 138, 163, 164, 139, 139, 164, 165, 140, 140, 165, 166, 141, 141, 166, 167, 142, 142, 167, 168, 143, 143, 168, 169, 144, 144, 169, 170, 145, 145, 170, 171, 146, 146, 171, 172, 147, 147, 172, 173, 148, 148, 173, 174, 149, 149, 174, 175, 150, 151, 176, 177, 152, 152, 177, 178, 153, 153, 178, 179, 154, 154, 179, 180, 155, 155, 180, 181, 156, 156, 181, 182, 157, 157, 182, 183, 158, 158, 183, 184, 159, 159, 184, 185, 160, 160, 185, 186, 161, 161, 186, 187, 162, 162, 187, 188, 163, 163, 188, 189, 164, 164, 189, 190, 165, 165, 190, 191, 166, 166, 191, 192, 167, 167, 192, 193, 168, 168, 193, 194, 169, 169, 194, 195, 170, 170, 195, 196, 171, 171, 196, 197, 172, 172, 197, 198, 173, 173, 198, 199, 174, 174, 199, 200, 175, 176, 201, 202, 177, 177, 202, 203, 178, 178, 203, 204, 179, 179, 204, 205, 180, 180, 205, 206, 181, 181, 206, 207, 182, 182, 207, 208, 183, 183, 208, 209, 184, 184, 209, 210, 185, 185, 210, 211, 186, 186, 211, 212, 187, 187, 212, 213, 188, 188, 213, 214, 189, 189, 214, 215, 190, 190, 215, 216, 191, 191, 216, 217, 192, 192, 217, 218, 193, 193, 218, 219, 194, 194, 219, 220, 195, 195, 220, 221, 196, 196, 221, 222, 197, 197, 222, 223, 198, 198, 223, 224, 199, 199, 224, 225, 200, 201, 226, 227, 202, 202, 227, 228, 203, 203, 228, 229, 204, 204, 229, 230, 205, 205, 230, 231, 206, 206, 231, 232, 207, 207, 232, 233, 208, 208, 233, 234, 209, 209, 234, 235, 210, 210, 235, 236, 211, 211, 236, 237, 212, 212, 237, 238, 213, 213, 238, 239, 214, 214, 239, 240, 215, 215, 240, 241, 216, 216, 241, 242, 217, 217, 242, 243, 218, 218, 243, 244, 219, 219, 244, 245, 220, 220, 245, 246, 221, 221, 246, 247, 222, 222, 247, 248, 223, 223, 248, 249, 224, 224, 249, 250, 225, 226, 251, 252, 227, 227, 252, 253, 228, 228, 253, 254, 229, 229, 254, 255, 230, 230, 255, 256, 231, 231, 256, 257, 232, 232, 257, 258, 233, 233, 258, 259, 234, 234, 259, 260, 235, 235, 260, 261, 236, 236, 261, 262, 237, 237, 262, 263, 238, 238, 263, 264, 239, 239, 264, 265, 240, 240, 265, 266, 241, 241, 266, 267, 242, 242, 267, 268, 243, 243, 268, 269, 244, 244, 269, 270, 245, 245, 270, 271, 246, 246, 271, 272, 247, 247, 272, 273, 248, 248, 273, 274, 249, 249, 274, 275, 250, 251, 276, 277, 252, 252, 277, 278, 253, 253, 278, 279, 254, 254, 279, 280, 255, 255, 280, 281, 256, 256, 281, 282, 257, 257, 282, 283, 258, 258, 283, 284, 259, 259, 284, 285, 260, 260, 285, 286, 261, 261, 286, 287, 262, 262, 287, 288, 263, 263, 288, 289, 264, 264, 289, 290, 265, 265, 290, 291, 266, 266, 291, 292, 267, 267, 292, 293, 268, 268, 293, 294, 269, 269, 294, 295, 270, 270, 295, 296, 271, 271, 296, 297, 272, 272, 297, 298, 273, 273, 298, 299, 274, 274, 299, 300, 275, 276, 301, 302, 277, 277, 302, 303, 278, 278, 303, 304, 279, 279, 304, 305, 280, 280, 305, 306, 281, 281, 306, 307, 282, 282, 307, 308, 283, 283, 308, 309, 284, 284, 309, 310, 285, 285, 310, 311, 286, 286, 311, 312, 287, 287, 312, 313, 288, 288, 313, 314, 289, 289, 314, 315, 290, 290, 315, 316, 291, 291, 316, 317, 292, 292, 317, 318, 293, 293, 318, 319, 294, 294, 319, 320, 295, 295, 320, 321, 296, 296, 321, 322, 297, 297, 322, 323, 298, 298, 323, 324, 299, 299, 324, 325, 300, 301, 326, 327, 302, 302, 327, 328, 303, 303, 328, 329, 304, 304, 329, 330, 305, 305, 330, 331, 306, 306, 331, 332, 307, 307, 332, 333, 308, 308, 333, 334, 309, 309, 334, 335, 310, 310, 335, 336, 311, 311, 336, 337, 312, 312, 337, 338, 313, 313, 338, 339, 314, 314, 339, 340, 315, 315, 340, 341, 316, 316, 341, 342, 317, 317, 342, 343, 318, 318, 343, 344, 319, 319, 344, 345, 320, 320, 345, 346, 321, 321, 346, 347, 322, 322, 347, 348, 323, 323, 348, 349, 324, 324, 349, 350, 325, 326, 351, 352, 327, 327, 352, 353, 328, 328, 353, 354, 329, 329, 354, 355, 330, 330, 355, 356, 331, 331, 356, 357, 332, 332, 357, 358, 333, 333, 358, 359, 334, 334, 359, 360, 335, 335, 360, 361, 336, 336, 361, 362, 337, 337, 362, 363, 338, 338, 363, 364, 339, 339, 364, 365, 340, 340, 365, 366, 341, 341, 366, 367, 342, 342, 367, 368, 343, 343, 368, 369, 344, 344, 369, 370, 345, 345, 370, 371, 346, 346, 371, 372, 347, 347, 372, 373, 348, 348, 373, 374, 349, 349, 374, 375, 350, 0, 1, 2, 0, 2, 3, 0, 3, 4, 0, 4, 5, 0, 5, 6, 0, 6, 7, 0, 7, 8, 0, 8, 9, 0, 9, 10, 0, 10, 11, 0, 11, 12, 0, 12, 13, 0, 13, 14, 0, 14, 15, 0, 15, 16, 0, 16, 17, 0, 17, 18, 0, 18, 19, 0, 19, 20, 0, 20, 21, 0, 21, 22, 0, 22, 23, 0, 23, 24, 0, 24, 25, 0, 352, 351, 0, 353, 352, 0, 354, 353, 0, 355, 354, 0, 356, 355, 0, 357, 356, 0, 358, 357, 0, 359, 358, 0, 360, 359, 0, 361, 360, 0, 362, 361, 0, 363, 362, 0, 364, 363, 0, 365, 364, 0, 366, 365, 0, 367, 366, 0, 368, 367, 0, 369, 368, 0, 370, 369, 0, 371, 370, 0, 372, 371, 0, 373, 372, 0, 374, 373, 0, 375, 374, 0, 26, 1, 0, 51, 26, 0, 76, 51, 0, 101, 76, 0, 126, 101, 0, 151, 126, 0, 176, 151, 0, 201, 176, 0, 226, 201, 0, 251, 226, 0, 276, 251, 0, 301, 276, 0, 326, 301, 0, 351, 326, 0, 25, 50, 0, 50, 75, 0, 75, 100, 0, 100, 125, 0, 125, 150, 0, 150, 175, 0, 175, 200, 0, 200, 225, 0, 225, 250, 0, 250, 275, 0, 275, 300, 0, 300, 325, 0, 325, 350, 0, 350, 375]
                                rel material:binding = </AecoCctvLooks/Shell_identify>
                                point3f[] points = [(0, 0, 0), (-3.5439398, -2.230301, -3.9222748), (-3.352364, -2.3015313, -4.0475426), (-3.1421134, -2.3729043, -4.1730614), (-2.9120924, -2.443549, -4.297299), (-2.6614769, -2.5124133, -4.418406), (-2.3898363, -2.5782707, -4.534225), (-2.0972695, -2.6397414, -4.642329), (-1.7845343, -2.6953382, -4.7401037), (-1.4531565, -2.7435365, -4.8248663), (-1.1054907, -2.7828653, -4.8940315), (-0.74471384, -2.812016, -4.945297), (-0.374732, -2.8299525, -4.97684), (0, -2.836008, -4.9874897), (0.374732, -2.8299525, -4.97684), (0.74471384, -2.812016, -4.945297), (1.1054907, -2.7828653, -4.8940315), (1.4531565, -2.7435365, -4.8248663), (1.7845343, -2.6953382, -4.7401037), (2.0972695, -2.6397414, -4.642329), (2.3898363, -2.5782707, -4.534225), (2.6614769, -2.5124133, -4.418406), (2.9120924, -2.443549, -4.297299), (3.1421134, -2.3729043, -4.1730614), (3.352364, -2.3015313, -4.0475426), (3.5439398, -2.230301, -3.9222748), (-3.617189, -1.9511988, -4.0033436), (-3.4262998, -2.0162494, -4.1368103), (-3.2159317, -2.0817013, -4.2711), (-2.9847972, -2.1467621, -4.4045877), (-2.7318747, -2.2104585, -4.535276), (-2.4565485, -2.2716367, -4.660797), (-2.1587648, -2.3289795, -4.7784495), (-1.8391905, -2.3810487, -4.885282), (-1.4993465, -2.4263508, -4.97823), (-1.1416949, -2.463431, -5.0543084), (-0.76964253, -2.4909823, -5.1108365), (-0.38744462, -2.5079637, -5.1456776), (0, -2.5137017, -5.1574507), (0.38744462, -2.5079637, -5.1456776), (0.76964253, -2.4909823, -5.1108365), (1.1416949, -2.463431, -5.0543084), (1.4993465, -2.4263508, -4.97823), (1.8391905, -2.3810487, -4.885282), (2.1587648, -2.3289795, -4.7784495), (2.4565485, -2.2716367, -4.660797), (2.7318747, -2.2104585, -4.535276), (2.9847972, -2.1467621, -4.4045877), (3.2159317, -2.0817013, -4.2711), (3.4262998, -2.0162494, -4.1368103), (3.617189, -1.9511988, -4.0033436), (-3.6828492, -1.6555146, -4.0760136), (-3.4928348, -1.7128357, -4.2171426), (-3.282631, -1.7707303, -4.3596835), (-3.0507638, -1.8285061, -4.5019326), (-2.7960165, -1.8852984, -4.64176), (-2.5175843, -1.9400651, -4.7766004), (-2.2152526, -1.991601, -4.903486), (-1.8895822, -2.0385723, -5.019133), (-1.5420731, -2.0795784, -5.1200933), (-1.1752762, -2.113241, -5.2029734), (-0.7928128, -2.1383119, -5.2647), (-0.39927572, -2.1537895, -5.302807), (0, -2.1590238, -5.315695), (0.39927572, -2.1537895, -5.302807), (0.7928128, -2.1383119, -5.2647), (1.1752762, -2.113241, -5.2029734), (1.5420731, -2.0795784, -5.1200933), (1.8895822, -2.0385723, -5.019133), (2.2152526, -1.991601, -4.903486), (2.5175843, -1.9400651, -4.7766004), (2.7960165, -1.8852984, -4.64176), (3.0507638, -1.8285061, -4.5019326), (3.282631, -1.7707303, -4.3596835), (3.4928348, -1.7128357, -4.2171426), (3.6828492, -1.6555146, -4.0760136), (-3.7393155, -1.3447179, -4.138508), (-3.5502539, -1.3927945, -4.2864685), (-3.3404026, -1.4415148, -4.4364104), (-3.1081166, -1.490305, -4.586567), (-2.8519964, -1.5384356, -4.734694), (-2.571056, -1.5850165, -4.8780518), (-2.2649217, -1.6290044, -5.0134287), (-1.934043, -1.669231, -5.1372304), (-1.5798863, -1.7044575, -5.2456436), (-1.2050718, -1.7334527, -5.3348794), (-0.8134108, -1.7550936, -5.4014816), (-0.40980598, -1.7684739, -5.4426603), (0, -1.7730024, -5.4565973), (0.40980598, -1.7684739, -5.4426603), (0.8134108, -1.7550936, -5.4014816), (1.2050718, -1.7334527, -5.3348794), (1.5798863, -1.7044575, -5.2456436), (1.934043, -1.669231, -5.1372304), (2.2649217, -1.6290044, -5.0134287), (2.571056, -1.5850165, -4.8780518), (2.8519964, -1.5384356, -4.734694), (3.1081166, -1.490305, -4.586567), (3.3404026, -1.4415148, -4.4364104), (3.5502539, -1.3927945, -4.2864685), (3.7393155, -1.3447179, -4.138508), (-3.7850752, -1.0208803, -4.1891527), (-3.5969248, -1.0583279, -4.342818), (-3.3875072, -1.0963818, -4.4989705), (-3.1550314, -1.1345999, -4.655798), (-2.8979392, -1.1724137, -4.810965), (-2.615085, -1.2091198, -4.961588), (-2.3059504, -1.2438853, -5.1042466), (-1.9708802, -1.2757683, -5.235078), (-1.6113, -1.303761, -5.349945), (-1.2298805, -1.3268543, -5.444708), (-0.8305906, -1.3441218, -5.5155644), (-0.41859815, -1.3548115, -5.559429), (0, -1.3584318, -5.574285), (0.41859815, -1.3548115, -5.559429), (0.8305906, -1.3441218, -5.5155644), (1.2298805, -1.3268543, -5.444708), (1.6113, -1.303761, -5.349945), (1.9708802, -1.2757683, -5.235078), (2.3059504, -1.2438853, -5.1042466), (2.615085, -1.2091198, -4.961588), (2.8979392, -1.1724137, -4.810965), (3.1550314, -1.1345999, -4.655798), (3.3875072, -1.0963818, -4.4989705), (3.5969248, -1.0583279, -4.342818), (3.7850752, -1.0208803, -4.1891527), (-3.818809, -0.68665254, -4.2264876), (-3.6314113, -0.71231663, -4.3844557), (-3.4224, -0.73845005, -4.545312), (-3.1898732, -0.7647531, -4.707213), (-2.9321492, -0.790836, -4.8677583), (-2.6479561, -0.81621224, -5.0239544), (-2.3366609, -0.84030074, -5.172224), (-1.9985197, -0.8624397, -5.308494), (-1.6349213, -0.881916, -5.4283743), (-1.2485695, -0.89801127, -5.5274444), (-0.8435505, -0.9100629, -5.601625), (-0.4252364, -0.9175311, -5.6475925), (0, -0.9200616, -5.663169), (0.4252364, -0.9175311, -5.6475925), (0.8435505, -0.9100629, -5.601625), (1.2485695, -0.89801127, -5.5274444), (1.6349213, -0.881916, -5.4283743), (1.9985197, -0.8624397, -5.308494), (2.3366609, -0.84030074, -5.172224), (2.6479561, -0.81621224, -5.0239544), (2.9321492, -0.790836, -4.8677583), (3.1898732, -0.7647531, -4.707213), (3.4224, -0.73845005, -4.545312), (3.6314113, -0.71231663, -4.3844557), (3.818809, -0.68665254, -4.2264876), (-3.8394873, -0.34518534, -4.249374), (-3.6525853, -0.358235, -4.4100204), (-3.4438608, -0.37154028, -4.573814), (-3.2113407, -0.3849499, -4.738892), (-2.9532661, -0.39826572, -4.9028153), (-2.6682842, -0.4112391, -5.0625224), (-2.3556867, -0.42357135, -5.214338), (-2.0156722, -0.43492085, -5.354055), (-1.6496028, -0.44491774, -5.477121), (-1.2602003, -0.45318827, -5.578934), (-0.85162383, -0.4593864, -5.655236), (-0.42937425, -0.46322963, -5.7025476), (0, -0.4645323, -5.718584), (0.42937425, -0.46322963, -5.7025476), (0.85162383, -0.4593864, -5.655236), (1.2602003, -0.45318827, -5.578934), (1.6496028, -0.44491774, -5.477121), (2.0156722, -0.43492085, -5.354055), (2.3556867, -0.42357135, -5.214338), (2.6682842, -0.4112391, -5.0625224), (2.9532661, -0.39826572, -4.9028153), (3.2113407, -0.3849499, -4.738892), (3.4438608, -0.37154028, -4.573814), (3.6525853, -0.358235, -4.4100204), (3.8394873, -0.34518534, -4.249374), (-3.846455, 0, -4.2570853), (-3.6597261, 0, -4.418642), (-3.4511044, 0, -4.5834346), (-3.2185934, 0, -4.7495947), (-2.960407, 0, -4.91467), (-2.675165, 0, -5.0755773), (-2.3621325, 0, -5.228606), (-2.0214884, 0, -5.3695045), (-1.6545852, 0, -5.493664), (-1.26415, 0, -5.5964203), (-0.8543669, 0, -5.6734514), (-0.4307806, 0, -5.7212253), (0, 0, -5.7374206), (0.4307806, 0, -5.7212253), (0.8543669, 0, -5.6734514), (1.26415, 0, -5.5964203), (1.6545852, 0, -5.493664), (2.0214884, 0, -5.3695045), (2.3621325, 0, -5.228606), (2.675165, 0, -5.0755773), (2.960407, 0, -4.91467), (3.2185934, 0, -4.7495947), (3.4511044, 0, -4.5834346), (3.6597261, 0, -4.418642), (3.846455, 0, -4.2570853), (-3.8394873, 0.34518534, -4.249374), (-3.6525853, 0.358235, -4.4100204), (-3.4438608, 0.37154028, -4.573814), (-3.2113407, 0.3849499, -4.738892), (-2.9532661, 0.39826572, -4.9028153), (-2.6682842, 0.4112391, -5.0625224), (-2.3556867, 0.42357135, -5.214338), (-2.0156722, 0.43492085, -5.354055), (-1.6496028, 0.44491774, -5.477121), (-1.2602003, 0.45318827, -5.578934), (-0.85162383, 0.4593864, -5.655236), (-0.42937425, 0.46322963, -5.7025476), (0, 0.4645323, -5.718584), (0.42937425, 0.46322963, -5.7025476), (0.85162383, 0.4593864, -5.655236), (1.2602003, 0.45318827, -5.578934), (1.6496028, 0.44491774, -5.477121), (2.0156722, 0.43492085, -5.354055), (2.3556867, 0.42357135, -5.214338), (2.6682842, 0.4112391, -5.0625224), (2.9532661, 0.39826572, -4.9028153), (3.2113407, 0.3849499, -4.738892), (3.4438608, 0.37154028, -4.573814), (3.6525853, 0.358235, -4.4100204), (3.8394873, 0.34518534, -4.249374), (-3.818809, 0.68665254, -4.2264876), (-3.6314113, 0.71231663, -4.3844557), (-3.4224, 0.73845005, -4.545312), (-3.1898732, 0.7647531, -4.707213), (-2.9321492, 0.790836, -4.8677583), (-2.6479561, 0.81621224, -5.0239544), (-2.3366609, 0.84030074, -5.172224), (-1.9985197, 0.8624397, -5.308494), (-1.6349213, 0.881916, -5.4283743), (-1.2485695, 0.89801127, -5.5274444), (-0.8435505, 0.9100629, -5.601625), (-0.4252364, 0.9175311, -5.6475925), (0, 0.9200616, -5.663169), (0.4252364, 0.9175311, -5.6475925), (0.8435505, 0.9100629, -5.601625), (1.2485695, 0.89801127, -5.5274444), (1.6349213, 0.881916, -5.4283743), (1.9985197, 0.8624397, -5.308494), (2.3366609, 0.84030074, -5.172224), (2.6479561, 0.81621224, -5.0239544), (2.9321492, 0.790836, -4.8677583), (3.1898732, 0.7647531, -4.707213), (3.4224, 0.73845005, -4.545312), (3.6314113, 0.71231663, -4.3844557), (3.818809, 0.68665254, -4.2264876), (-3.7850752, 1.0208803, -4.1891527), (-3.5969248, 1.0583279, -4.342818), (-3.3875072, 1.0963818, -4.4989705), (-3.1550314, 1.1345999, -4.655798), (-2.8979392, 1.1724137, -4.810965), (-2.615085, 1.2091198, -4.961588), (-2.3059504, 1.2438853, -5.1042466), (-1.9708802, 1.2757683, -5.235078), (-1.6113, 1.303761, -5.349945), (-1.2298805, 1.3268543, -5.444708), (-0.8305906, 1.3441218, -5.5155644), (-0.41859815, 1.3548115, -5.559429), (0, 1.3584318, -5.574285), (0.41859815, 1.3548115, -5.559429), (0.8305906, 1.3441218, -5.5155644), (1.2298805, 1.3268543, -5.444708), (1.6113, 1.303761, -5.349945), (1.9708802, 1.2757683, -5.235078), (2.3059504, 1.2438853, -5.1042466), (2.615085, 1.2091198, -4.961588), (2.8979392, 1.1724137, -4.810965), (3.1550314, 1.1345999, -4.655798), (3.3875072, 1.0963818, -4.4989705), (3.5969248, 1.0583279, -4.342818), (3.7850752, 1.0208803, -4.1891527), (-3.7393155, 1.3447179, -4.138508), (-3.5502539, 1.3927945, -4.2864685), (-3.3404026, 1.4415148, -4.4364104), (-3.1081166, 1.490305, -4.586567), (-2.8519964, 1.5384356, -4.734694), (-2.571056, 1.5850165, -4.8780518), (-2.2649217, 1.6290044, -5.0134287), (-1.934043, 1.669231, -5.1372304), (-1.5798863, 1.7044575, -5.2456436), (-1.2050718, 1.7334527, -5.3348794), (-0.8134108, 1.7550936, -5.4014816), (-0.40980598, 1.7684739, -5.4426603), (0, 1.7730024, -5.4565973), (0.40980598, 1.7684739, -5.4426603), (0.8134108, 1.7550936, -5.4014816), (1.2050718, 1.7334527, -5.3348794), (1.5798863, 1.7044575, -5.2456436), (1.934043, 1.669231, -5.1372304), (2.2649217, 1.6290044, -5.0134287), (2.571056, 1.5850165, -4.8780518), (2.8519964, 1.5384356, -4.734694), (3.1081166, 1.490305, -4.586567), (3.3404026, 1.4415148, -4.4364104), (3.5502539, 1.3927945, -4.2864685), (3.7393155, 1.3447179, -4.138508), (-3.6828492, 1.6555146, -4.0760136), (-3.4928348, 1.7128357, -4.2171426), (-3.282631, 1.7707303, -4.3596835), (-3.0507638, 1.8285061, -4.5019326), (-2.7960165, 1.8852984, -4.64176), (-2.5175843, 1.9400651, -4.7766004), (-2.2152526, 1.991601, -4.903486), (-1.8895822, 2.0385723, -5.019133), (-1.5420731, 2.0795784, -5.1200933), (-1.1752762, 2.113241, -5.2029734), (-0.7928128, 2.1383119, -5.2647), (-0.39927572, 2.1537895, -5.302807), (0, 2.1590238, -5.315695), (0.39927572, 2.1537895, -5.302807), (0.7928128, 2.1383119, -5.2647), (1.1752762, 2.113241, -5.2029734), (1.5420731, 2.0795784, -5.1200933), (1.8895822, 2.0385723, -5.019133), (2.2152526, 1.991601, -4.903486), (2.5175843, 1.9400651, -4.7766004), (2.7960165, 1.8852984, -4.64176), (3.0507638, 1.8285061, -4.5019326), (3.282631, 1.7707303, -4.3596835), (3.4928348, 1.7128357, -4.2171426), (3.6828492, 1.6555146, -4.0760136), (-3.617189, 1.9511988, -4.0033436), (-3.4262998, 2.0162494, -4.1368103), (-3.2159317, 2.0817013, -4.2711), (-2.9847972, 2.1467621, -4.4045877), (-2.7318747, 2.2104585, -4.535276), (-2.4565485, 2.2716367, -4.660797), (-2.1587648, 2.3289795, -4.7784495), (-1.8391905, 2.3810487, -4.885282), (-1.4993465, 2.4263508, -4.97823), (-1.1416949, 2.463431, -5.0543084), (-0.76964253, 2.4909823, -5.1108365), (-0.38744462, 2.5079637, -5.1456776), (0, 2.5137017, -5.1574507), (0.38744462, 2.5079637, -5.1456776), (0.76964253, 2.4909823, -5.1108365), (1.1416949, 2.463431, -5.0543084), (1.4993465, 2.4263508, -4.97823), (1.8391905, 2.3810487, -4.885282), (2.1587648, 2.3289795, -4.7784495), (2.4565485, 2.2716367, -4.660797), (2.7318747, 2.2104585, -4.535276), (2.9847972, 2.1467621, -4.4045877), (3.2159317, 2.0817013, -4.2711), (3.4262998, 2.0162494, -4.1368103), (3.617189, 1.9511988, -4.0033436), (-3.5439398, 2.230301, -3.9222748), (-3.352364, 2.3015313, -4.0475426), (-3.1421134, 2.3729043, -4.1730614), (-2.9120924, 2.443549, -4.297299), (-2.6614769, 2.5124133, -4.418406), (-2.3898363, 2.5782707, -4.534225), (-2.0972695, 2.6397414, -4.642329), (-1.7845343, 2.6953382, -4.7401037), (-1.4531565, 2.7435365, -4.8248663), (-1.1054907, 2.7828653, -4.8940315), (-0.74471384, 2.812016, -4.945297), (-0.374732, 2.8299525, -4.97684), (0, 2.836008, -4.9874897), (0.374732, 2.8299525, -4.97684), (0.74471384, 2.812016, -4.945297), (1.1054907, 2.7828653, -4.8940315), (1.4531565, 2.7435365, -4.8248663), (1.7845343, 2.6953382, -4.7401037), (2.0972695, 2.6397414, -4.642329), (2.3898363, 2.5782707, -4.534225), (2.6614769, 2.5124133, -4.418406), (2.9120924, 2.443549, -4.297299), (3.1421134, 2.3729043, -4.1730614), (3.352364, 2.3015313, -4.0475426), (3.5439398, 2.230301, -3.9222748)]
                                color3f[] primvars:displayColor = [(0, 0.5, 0.45)] (
                                    interpolation = "constant"
                                )
                                float[] primvars:displayOpacity = [0.3] (
                                    interpolation = "constant"
                                )
                                uniform token purpose = "guide"
                                uniform token subdivisionScheme = "none"
                            }

                            def Mesh "Shell_recognise" (
                                prepend apiSchemas = ["AecoDerivedGeometryAPI", "MaterialBindingAPI"]
                            )
                            {
                                uniform token aeco:derived:approx = "tessellated"
                                uniform token aeco:derived:role = "coverage"
                                string aeco:derived:source = "290e2c0d-ca55-55d0-b1d2-a1c4e3ab6951"
                                string aeco:derived:stamp = "usdAecoCctv derive 0.5.3"
                                uniform bool doubleSided = 1
                                float3[] extent = [(-7.69291, -5.672016, -11.474841), (7.69291, 5.672016, 0)]
                                int[] faceVertexCounts = [4, 4, 4, 4, 4, 4, 4, 4, 4, 4, 4, 4, 4, 4, 4, 4, 4, 4, 4, 4, 4, 4, 4, 4, 4, 4, 4, 4, 4, 4, 4, 4, 4, 4, 4, 4, 4, 4, 4, 4, 4, 4, 4, 4, 4, 4, 4, 4, 4, 4, 4, 4, 4, 4, 4, 4, 4, 4, 4, 4, 4, 4, 4, 4, 4, 4, 4, 4, 4, 4, 4, 4, 4, 4, 4, 4, 4, 4, 4, 4, 4, 4, 4, 4, 4, 4, 4, 4, 4, 4, 4, 4, 4, 4, 4, 4, 4, 4, 4, 4, 4, 4, 4, 4, 4, 4, 4, 4, 4, 4, 4, 4, 4, 4, 4, 4, 4, 4, 4, 4, 4, 4, 4, 4, 4, 4, 4, 4, 4, 4, 4, 4, 4, 4, 4, 4, 4, 4, 4, 4, 4, 4, 4, 4, 4, 4, 4, 4, 4, 4, 4, 4, 4, 4, 4, 4, 4, 4, 4, 4, 4, 4, 4, 4, 4, 4, 4, 4, 4, 4, 4, 4, 4, 4, 4, 4, 4, 4, 4, 4, 4, 4, 4, 4, 4, 4, 4, 4, 4, 4, 4, 4, 4, 4, 4, 4, 4, 4, 4, 4, 4, 4, 4, 4, 4, 4, 4, 4, 4, 4, 4, 4, 4, 4, 4, 4, 4, 4, 4, 4, 4, 4, 4, 4, 4, 4, 4, 4, 4, 4, 4, 4, 4, 4, 4, 4, 4, 4, 4, 4, 4, 4, 4, 4, 4, 4, 4, 4, 4, 4, 4, 4, 4, 4, 4, 4, 4, 4, 4, 4, 4, 4, 4, 4, 4, 4, 4, 4, 4, 4, 4, 4, 4, 4, 4, 4, 4, 4, 4, 4, 4, 4, 4, 4, 4, 4, 4, 4, 4, 4, 4, 4, 4, 4, 4, 4, 4, 4, 4, 4, 4, 4, 4, 4, 4, 4, 4, 4, 4, 4, 4, 4, 4, 4, 4, 4, 4, 4, 4, 4, 4, 4, 4, 4, 4, 4, 4, 4, 4, 4, 4, 4, 4, 4, 4, 4, 3, 3, 3, 3, 3, 3, 3, 3, 3, 3, 3, 3, 3, 3, 3, 3, 3, 3, 3, 3, 3, 3, 3, 3, 3, 3, 3, 3, 3, 3, 3, 3, 3, 3, 3, 3, 3, 3, 3, 3, 3, 3, 3, 3, 3, 3, 3, 3, 3, 3, 3, 3, 3, 3, 3, 3, 3, 3, 3, 3, 3, 3, 3, 3, 3, 3, 3, 3, 3, 3, 3, 3, 3, 3, 3, 3]
                                int[] faceVertexIndices = [1, 26, 27, 2, 2, 27, 28, 3, 3, 28, 29, 4, 4, 29, 30, 5, 5, 30, 31, 6, 6, 31, 32, 7, 7, 32, 33, 8, 8, 33, 34, 9, 9, 34, 35, 10, 10, 35, 36, 11, 11, 36, 37, 12, 12, 37, 38, 13, 13, 38, 39, 14, 14, 39, 40, 15, 15, 40, 41, 16, 16, 41, 42, 17, 17, 42, 43, 18, 18, 43, 44, 19, 19, 44, 45, 20, 20, 45, 46, 21, 21, 46, 47, 22, 22, 47, 48, 23, 23, 48, 49, 24, 24, 49, 50, 25, 26, 51, 52, 27, 27, 52, 53, 28, 28, 53, 54, 29, 29, 54, 55, 30, 30, 55, 56, 31, 31, 56, 57, 32, 32, 57, 58, 33, 33, 58, 59, 34, 34, 59, 60, 35, 35, 60, 61, 36, 36, 61, 62, 37, 37, 62, 63, 38, 38, 63, 64, 39, 39, 64, 65, 40, 40, 65, 66, 41, 41, 66, 67, 42, 42, 67, 68, 43, 43, 68, 69, 44, 44, 69, 70, 45, 45, 70, 71, 46, 46, 71, 72, 47, 47, 72, 73, 48, 48, 73, 74, 49, 49, 74, 75, 50, 51, 76, 77, 52, 52, 77, 78, 53, 53, 78, 79, 54, 54, 79, 80, 55, 55, 80, 81, 56, 56, 81, 82, 57, 57, 82, 83, 58, 58, 83, 84, 59, 59, 84, 85, 60, 60, 85, 86, 61, 61, 86, 87, 62, 62, 87, 88, 63, 63, 88, 89, 64, 64, 89, 90, 65, 65, 90, 91, 66, 66, 91, 92, 67, 67, 92, 93, 68, 68, 93, 94, 69, 69, 94, 95, 70, 70, 95, 96, 71, 71, 96, 97, 72, 72, 97, 98, 73, 73, 98, 99, 74, 74, 99, 100, 75, 76, 101, 102, 77, 77, 102, 103, 78, 78, 103, 104, 79, 79, 104, 105, 80, 80, 105, 106, 81, 81, 106, 107, 82, 82, 107, 108, 83, 83, 108, 109, 84, 84, 109, 110, 85, 85, 110, 111, 86, 86, 111, 112, 87, 87, 112, 113, 88, 88, 113, 114, 89, 89, 114, 115, 90, 90, 115, 116, 91, 91, 116, 117, 92, 92, 117, 118, 93, 93, 118, 119, 94, 94, 119, 120, 95, 95, 120, 121, 96, 96, 121, 122, 97, 97, 122, 123, 98, 98, 123, 124, 99, 99, 124, 125, 100, 101, 126, 127, 102, 102, 127, 128, 103, 103, 128, 129, 104, 104, 129, 130, 105, 105, 130, 131, 106, 106, 131, 132, 107, 107, 132, 133, 108, 108, 133, 134, 109, 109, 134, 135, 110, 110, 135, 136, 111, 111, 136, 137, 112, 112, 137, 138, 113, 113, 138, 139, 114, 114, 139, 140, 115, 115, 140, 141, 116, 116, 141, 142, 117, 117, 142, 143, 118, 118, 143, 144, 119, 119, 144, 145, 120, 120, 145, 146, 121, 121, 146, 147, 122, 122, 147, 148, 123, 123, 148, 149, 124, 124, 149, 150, 125, 126, 151, 152, 127, 127, 152, 153, 128, 128, 153, 154, 129, 129, 154, 155, 130, 130, 155, 156, 131, 131, 156, 157, 132, 132, 157, 158, 133, 133, 158, 159, 134, 134, 159, 160, 135, 135, 160, 161, 136, 136, 161, 162, 137, 137, 162, 163, 138, 138, 163, 164, 139, 139, 164, 165, 140, 140, 165, 166, 141, 141, 166, 167, 142, 142, 167, 168, 143, 143, 168, 169, 144, 144, 169, 170, 145, 145, 170, 171, 146, 146, 171, 172, 147, 147, 172, 173, 148, 148, 173, 174, 149, 149, 174, 175, 150, 151, 176, 177, 152, 152, 177, 178, 153, 153, 178, 179, 154, 154, 179, 180, 155, 155, 180, 181, 156, 156, 181, 182, 157, 157, 182, 183, 158, 158, 183, 184, 159, 159, 184, 185, 160, 160, 185, 186, 161, 161, 186, 187, 162, 162, 187, 188, 163, 163, 188, 189, 164, 164, 189, 190, 165, 165, 190, 191, 166, 166, 191, 192, 167, 167, 192, 193, 168, 168, 193, 194, 169, 169, 194, 195, 170, 170, 195, 196, 171, 171, 196, 197, 172, 172, 197, 198, 173, 173, 198, 199, 174, 174, 199, 200, 175, 176, 201, 202, 177, 177, 202, 203, 178, 178, 203, 204, 179, 179, 204, 205, 180, 180, 205, 206, 181, 181, 206, 207, 182, 182, 207, 208, 183, 183, 208, 209, 184, 184, 209, 210, 185, 185, 210, 211, 186, 186, 211, 212, 187, 187, 212, 213, 188, 188, 213, 214, 189, 189, 214, 215, 190, 190, 215, 216, 191, 191, 216, 217, 192, 192, 217, 218, 193, 193, 218, 219, 194, 194, 219, 220, 195, 195, 220, 221, 196, 196, 221, 222, 197, 197, 222, 223, 198, 198, 223, 224, 199, 199, 224, 225, 200, 201, 226, 227, 202, 202, 227, 228, 203, 203, 228, 229, 204, 204, 229, 230, 205, 205, 230, 231, 206, 206, 231, 232, 207, 207, 232, 233, 208, 208, 233, 234, 209, 209, 234, 235, 210, 210, 235, 236, 211, 211, 236, 237, 212, 212, 237, 238, 213, 213, 238, 239, 214, 214, 239, 240, 215, 215, 240, 241, 216, 216, 241, 242, 217, 217, 242, 243, 218, 218, 243, 244, 219, 219, 244, 245, 220, 220, 245, 246, 221, 221, 246, 247, 222, 222, 247, 248, 223, 223, 248, 249, 224, 224, 249, 250, 225, 226, 251, 252, 227, 227, 252, 253, 228, 228, 253, 254, 229, 229, 254, 255, 230, 230, 255, 256, 231, 231, 256, 257, 232, 232, 257, 258, 233, 233, 258, 259, 234, 234, 259, 260, 235, 235, 260, 261, 236, 236, 261, 262, 237, 237, 262, 263, 238, 238, 263, 264, 239, 239, 264, 265, 240, 240, 265, 266, 241, 241, 266, 267, 242, 242, 267, 268, 243, 243, 268, 269, 244, 244, 269, 270, 245, 245, 270, 271, 246, 246, 271, 272, 247, 247, 272, 273, 248, 248, 273, 274, 249, 249, 274, 275, 250, 251, 276, 277, 252, 252, 277, 278, 253, 253, 278, 279, 254, 254, 279, 280, 255, 255, 280, 281, 256, 256, 281, 282, 257, 257, 282, 283, 258, 258, 283, 284, 259, 259, 284, 285, 260, 260, 285, 286, 261, 261, 286, 287, 262, 262, 287, 288, 263, 263, 288, 289, 264, 264, 289, 290, 265, 265, 290, 291, 266, 266, 291, 292, 267, 267, 292, 293, 268, 268, 293, 294, 269, 269, 294, 295, 270, 270, 295, 296, 271, 271, 296, 297, 272, 272, 297, 298, 273, 273, 298, 299, 274, 274, 299, 300, 275, 276, 301, 302, 277, 277, 302, 303, 278, 278, 303, 304, 279, 279, 304, 305, 280, 280, 305, 306, 281, 281, 306, 307, 282, 282, 307, 308, 283, 283, 308, 309, 284, 284, 309, 310, 285, 285, 310, 311, 286, 286, 311, 312, 287, 287, 312, 313, 288, 288, 313, 314, 289, 289, 314, 315, 290, 290, 315, 316, 291, 291, 316, 317, 292, 292, 317, 318, 293, 293, 318, 319, 294, 294, 319, 320, 295, 295, 320, 321, 296, 296, 321, 322, 297, 297, 322, 323, 298, 298, 323, 324, 299, 299, 324, 325, 300, 301, 326, 327, 302, 302, 327, 328, 303, 303, 328, 329, 304, 304, 329, 330, 305, 305, 330, 331, 306, 306, 331, 332, 307, 307, 332, 333, 308, 308, 333, 334, 309, 309, 334, 335, 310, 310, 335, 336, 311, 311, 336, 337, 312, 312, 337, 338, 313, 313, 338, 339, 314, 314, 339, 340, 315, 315, 340, 341, 316, 316, 341, 342, 317, 317, 342, 343, 318, 318, 343, 344, 319, 319, 344, 345, 320, 320, 345, 346, 321, 321, 346, 347, 322, 322, 347, 348, 323, 323, 348, 349, 324, 324, 349, 350, 325, 326, 351, 352, 327, 327, 352, 353, 328, 328, 353, 354, 329, 329, 354, 355, 330, 330, 355, 356, 331, 331, 356, 357, 332, 332, 357, 358, 333, 333, 358, 359, 334, 334, 359, 360, 335, 335, 360, 361, 336, 336, 361, 362, 337, 337, 362, 363, 338, 338, 363, 364, 339, 339, 364, 365, 340, 340, 365, 366, 341, 341, 366, 367, 342, 342, 367, 368, 343, 343, 368, 369, 344, 344, 369, 370, 345, 345, 370, 371, 346, 346, 371, 372, 347, 347, 372, 373, 348, 348, 373, 374, 349, 349, 374, 375, 350, 0, 1, 2, 0, 2, 3, 0, 3, 4, 0, 4, 5, 0, 5, 6, 0, 6, 7, 0, 7, 8, 0, 8, 9, 0, 9, 10, 0, 10, 11, 0, 11, 12, 0, 12, 13, 0, 13, 14, 0, 14, 15, 0, 15, 16, 0, 16, 17, 0, 17, 18, 0, 18, 19, 0, 19, 20, 0, 20, 21, 0, 21, 22, 0, 22, 23, 0, 23, 24, 0, 24, 25, 0, 352, 351, 0, 353, 352, 0, 354, 353, 0, 355, 354, 0, 356, 355, 0, 357, 356, 0, 358, 357, 0, 359, 358, 0, 360, 359, 0, 361, 360, 0, 362, 361, 0, 363, 362, 0, 364, 363, 0, 365, 364, 0, 366, 365, 0, 367, 366, 0, 368, 367, 0, 369, 368, 0, 370, 369, 0, 371, 370, 0, 372, 371, 0, 373, 372, 0, 374, 373, 0, 375, 374, 0, 26, 1, 0, 51, 26, 0, 76, 51, 0, 101, 76, 0, 126, 101, 0, 151, 126, 0, 176, 151, 0, 201, 176, 0, 226, 201, 0, 251, 226, 0, 276, 251, 0, 301, 276, 0, 326, 301, 0, 351, 326, 0, 25, 50, 0, 50, 75, 0, 75, 100, 0, 100, 125, 0, 125, 150, 0, 150, 175, 0, 175, 200, 0, 200, 225, 0, 225, 250, 0, 250, 275, 0, 275, 300, 0, 300, 325, 0, 325, 350, 0, 350, 375]
                                rel material:binding = </AecoCctvLooks/Shell_recognise>
                                point3f[] points = [(0, 0, 0), (-7.0878797, -4.460602, -7.8445497), (-6.704728, -4.6030626, -8.095085), (-6.284227, -4.7458086, -8.346123), (-5.824185, -4.887098, -8.594598), (-5.3229537, -5.0248265, -8.836812), (-4.7796726, -5.1565413, -9.06845), (-4.194539, -5.279483, -9.284658), (-3.5690687, -5.3906765, -9.480207), (-2.906313, -5.487073, -9.649733), (-2.2109814, -5.5657306, -9.788063), (-1.4894277, -5.624032, -9.890594), (-0.749464, -5.659905, -9.95368), (0, -5.672016, -9.974979), (0.749464, -5.659905, -9.95368), (1.4894277, -5.624032, -9.890594), (2.2109814, -5.5657306, -9.788063), (2.906313, -5.487073, -9.649733), (3.5690687, -5.3906765, -9.480207), (4.194539, -5.279483, -9.284658), (4.7796726, -5.1565413, -9.06845), (5.3229537, -5.0248265, -8.836812), (5.824185, -4.887098, -8.594598), (6.284227, -4.7458086, -8.346123), (6.704728, -4.6030626, -8.095085), (7.0878797, -4.460602, -7.8445497), (-7.234378, -3.9023976, -8.006687), (-6.8525996, -4.032499, -8.273621), (-6.4318633, -4.1634026, -8.5422), (-5.9695945, -4.2935243, -8.8091755), (-5.4637494, -4.420917, -9.070552), (-4.913097, -4.5432734, -9.321594), (-4.3175297, -4.657959, -9.556899), (-3.678381, -4.7620974, -9.770564), (-2.998693, -4.8527017, -9.95646), (-2.2833898, -4.926862, -10.108617), (-1.5392851, -4.9819646, -10.221673), (-0.77488923, -5.0159273, -10.291355), (0, -5.0274034, -10.314901), (0.77488923, -5.0159273, -10.291355), (1.5392851, -4.9819646, -10.221673), (2.2833898, -4.926862, -10.108617), (2.998693, -4.8527017, -9.95646), (3.678381, -4.7620974, -9.770564), (4.3175297, -4.657959, -9.556899), (4.913097, -4.5432734, -9.321594), (5.4637494, -4.420917, -9.070552), (5.9695945, -4.2935243, -8.8091755), (6.4318633, -4.1634026, -8.5422), (6.8525996, -4.032499, -8.273621), (7.234378, -3.9023976, -8.006687), (-7.3656983, -3.3110292, -8.152027), (-6.9856696, -3.4256713, -8.434285), (-6.565262, -3.5414605, -8.719367), (-6.1015277, -3.6570122, -9.003865), (-5.592033, -3.7705967, -9.28352), (-5.0351686, -3.8801303, -9.553201), (-4.4305053, -3.983202, -9.806972), (-3.7791643, -4.0771446, -10.038266), (-3.0841463, -4.159157, -10.240187), (-2.3505523, -4.226482, -10.405947), (-1.5856256, -4.2766237, -10.5294), (-0.79855144, -4.307579, -10.605614), (0, -4.3180475, -10.63139), (0.79855144, -4.307579, -10.605614), (1.5856256, -4.2766237, -10.5294), (2.3505523, -4.226482, -10.405947), (3.0841463, -4.159157, -10.240187), (3.7791643, -4.0771446, -10.038266), (4.4305053, -3.983202, -9.806972), (5.0351686, -3.8801303, -9.553201), (5.592033, -3.7705967, -9.28352), (6.1015277, -3.6570122, -9.003865), (6.565262, -3.5414605, -8.719367), (6.9856696, -3.4256713, -8.434285), (7.3656983, -3.3110292, -8.152027), (-7.478631, -2.6894357, -8.277016), (-7.1005077, -2.785589, -8.572937), (-6.680805, -2.8830297, -8.872821), (-6.2162333, -2.98061, -9.173134), (-5.703993, -3.0768712, -9.469388), (-5.142112, -3.170033, -9.7561035), (-4.5298433, -3.2580087, -10.026857), (-3.868086, -3.338462, -10.274461), (-3.1597726, -3.408915, -10.491287), (-2.4101436, -3.4669054, -10.669759), (-1.6268216, -3.5101871, -10.802963), (-0.81961197, -3.5369477, -10.885321), (0, -3.5460048, -10.913195), (0.81961197, -3.5369477, -10.885321), (1.6268216, -3.5101871, -10.802963), (2.4101436, -3.4669054, -10.669759), (3.1597726, -3.408915, -10.491287), (3.868086, -3.338462, -10.274461), (4.5298433, -3.2580087, -10.026857), (5.142112, -3.170033, -9.7561035), (5.703993, -3.0768712, -9.469388), (6.2162333, -2.98061, -9.173134), (6.680805, -2.8830297, -8.872821), (7.1005077, -2.785589, -8.572937), (7.478631, -2.6894357, -8.277016), (-7.5701504, -2.0417607, -8.378305), (-7.1938496, -2.1166558, -8.685636), (-6.7750144, -2.1927636, -8.997941), (-6.310063, -2.2691998, -9.311596), (-5.7958784, -2.3448274, -9.62193), (-5.23017, -2.4182396, -9.923176), (-4.611901, -2.4877706, -10.208493), (-3.9417603, -2.5515366, -10.470156), (-3.2226, -2.607522, -10.69989), (-2.459761, -2.6537087, -10.889416), (-1.6611812, -2.6882436, -11.031129), (-0.8371963, -2.709623, -11.118858), (0, -2.7168636, -11.14857), (0.8371963, -2.709623, -11.118858), (1.6611812, -2.6882436, -11.031129), (2.459761, -2.6537087, -10.889416), (3.2226, -2.607522, -10.69989), (3.9417603, -2.5515366, -10.470156), (4.611901, -2.4877706, -10.208493), (5.23017, -2.4182396, -9.923176), (5.7958784, -2.3448274, -9.62193), (6.310063, -2.2691998, -9.311596), (6.7750144, -2.1927636, -8.997941), (7.1938496, -2.1166558, -8.685636), (7.5701504, -2.0417607, -8.378305), (-7.637618, -1.3733051, -8.452975), (-7.2628226, -1.4246333, -8.768911), (-6.8448, -1.4769001, -9.090624), (-6.3797464, -1.5295062, -9.414426), (-5.8642983, -1.581672, -9.735517), (-5.2959123, -1.6324245, -10.047909), (-4.6733217, -1.6806015, -10.344448), (-3.9970393, -1.7248794, -10.616988), (-3.2698426, -1.763832, -10.856749), (-2.497139, -1.7960225, -11.054889), (-1.687101, -1.8201258, -11.20325), (-0.8504728, -1.8350621, -11.295185), (0, -1.8401232, -11.326338), (0.8504728, -1.8350621, -11.295185), (1.687101, -1.8201258, -11.20325), (2.497139, -1.7960225, -11.054889), (3.2698426, -1.763832, -10.856749), (3.9970393, -1.7248794, -10.616988), (4.6733217, -1.6806015, -10.344448), (5.2959123, -1.6324245, -10.047909), (5.8642983, -1.581672, -9.735517), (6.3797464, -1.5295062, -9.414426), (6.8448, -1.4769001, -9.090624), (7.2628226, -1.4246333, -8.768911), (7.637618, -1.3733051, -8.452975), (-7.6789746, -0.6903707, -8.498748), (-7.3051705, -0.71647, -8.820041), (-6.8877215, -0.74308056, -9.147628), (-6.4226813, -0.7698998, -9.477784), (-5.9065323, -0.79653144, -9.805631), (-5.3365684, -0.8224782, -10.125045), (-4.7113733, -0.8471427, -10.428676), (-4.0313444, -0.8698417, -10.70811), (-3.2992055, -0.8898355, -10.954242), (-2.5204005, -0.90637654, -11.157868), (-1.7032477, -0.9187728, -11.310472), (-0.8587485, -0.92645925, -11.405095), (0, -0.9290646, -11.437168), (0.8587485, -0.92645925, -11.405095), (1.7032477, -0.9187728, -11.310472), (2.5204005, -0.90637654, -11.157868), (3.2992055, -0.8898355, -10.954242), (4.0313444, -0.8698417, -10.70811), (4.7113733, -0.8471427, -10.428676), (5.3365684, -0.8224782, -10.125045), (5.9065323, -0.79653144, -9.805631), (6.4226813, -0.7698998, -9.477784), (6.8877215, -0.74308056, -9.147628), (7.3051705, -0.71647, -8.820041), (7.6789746, -0.6903707, -8.498748), (-7.69291, 0, -8.514171), (-7.3194523, 0, -8.837284), (-6.902209, 0, -9.166869), (-6.4371867, 0, -9.499189), (-5.920814, 0, -9.82934), (-5.35033, 0, -10.1511545), (-4.724265, 0, -10.457212), (-4.042977, 0, -10.739009), (-3.3091705, 0, -10.987328), (-2.5283, 0, -11.192841), (-1.7087338, 0, -11.346903), (-0.8615612, 0, -11.442451), (0, 0, -11.474841), (0.8615612, 0, -11.442451), (1.7087338, 0, -11.346903), (2.5283, 0, -11.192841), (3.3091705, 0, -10.987328), (4.042977, 0, -10.739009), (4.724265, 0, -10.457212), (5.35033, 0, -10.1511545), (5.920814, 0, -9.82934), (6.4371867, 0, -9.499189), (6.902209, 0, -9.166869), (7.3194523, 0, -8.837284), (7.69291, 0, -8.514171), (-7.6789746, 0.6903707, -8.498748), (-7.3051705, 0.71647, -8.820041), (-6.8877215, 0.74308056, -9.147628), (-6.4226813, 0.7698998, -9.477784), (-5.9065323, 0.79653144, -9.805631), (-5.3365684, 0.8224782, -10.125045), (-4.7113733, 0.8471427, -10.428676), (-4.0313444, 0.8698417, -10.70811), (-3.2992055, 0.8898355, -10.954242), (-2.5204005, 0.90637654, -11.157868), (-1.7032477, 0.9187728, -11.310472), (-0.8587485, 0.92645925, -11.405095), (0, 0.9290646, -11.437168), (0.8587485, 0.92645925, -11.405095), (1.7032477, 0.9187728, -11.310472), (2.5204005, 0.90637654, -11.157868), (3.2992055, 0.8898355, -10.954242), (4.0313444, 0.8698417, -10.70811), (4.7113733, 0.8471427, -10.428676), (5.3365684, 0.8224782, -10.125045), (5.9065323, 0.79653144, -9.805631), (6.4226813, 0.7698998, -9.477784), (6.8877215, 0.74308056, -9.147628), (7.3051705, 0.71647, -8.820041), (7.6789746, 0.6903707, -8.498748), (-7.637618, 1.3733051, -8.452975), (-7.2628226, 1.4246333, -8.768911), (-6.8448, 1.4769001, -9.090624), (-6.3797464, 1.5295062, -9.414426), (-5.8642983, 1.581672, -9.735517), (-5.2959123, 1.6324245, -10.047909), (-4.6733217, 1.6806015, -10.344448), (-3.9970393, 1.7248794, -10.616988), (-3.2698426, 1.763832, -10.856749), (-2.497139, 1.7960225, -11.054889), (-1.687101, 1.8201258, -11.20325), (-0.8504728, 1.8350621, -11.295185), (0, 1.8401232, -11.326338), (0.8504728, 1.8350621, -11.295185), (1.687101, 1.8201258, -11.20325), (2.497139, 1.7960225, -11.054889), (3.2698426, 1.763832, -10.856749), (3.9970393, 1.7248794, -10.616988), (4.6733217, 1.6806015, -10.344448), (5.2959123, 1.6324245, -10.047909), (5.8642983, 1.581672, -9.735517), (6.3797464, 1.5295062, -9.414426), (6.8448, 1.4769001, -9.090624), (7.2628226, 1.4246333, -8.768911), (7.637618, 1.3733051, -8.452975), (-7.5701504, 2.0417607, -8.378305), (-7.1938496, 2.1166558, -8.685636), (-6.7750144, 2.1927636, -8.997941), (-6.310063, 2.2691998, -9.311596), (-5.7958784, 2.3448274, -9.62193), (-5.23017, 2.4182396, -9.923176), (-4.611901, 2.4877706, -10.208493), (-3.9417603, 2.5515366, -10.470156), (-3.2226, 2.607522, -10.69989), (-2.459761, 2.6537087, -10.889416), (-1.6611812, 2.6882436, -11.031129), (-0.8371963, 2.709623, -11.118858), (0, 2.7168636, -11.14857), (0.8371963, 2.709623, -11.118858), (1.6611812, 2.6882436, -11.031129), (2.459761, 2.6537087, -10.889416), (3.2226, 2.607522, -10.69989), (3.9417603, 2.5515366, -10.470156), (4.611901, 2.4877706, -10.208493), (5.23017, 2.4182396, -9.923176), (5.7958784, 2.3448274, -9.62193), (6.310063, 2.2691998, -9.311596), (6.7750144, 2.1927636, -8.997941), (7.1938496, 2.1166558, -8.685636), (7.5701504, 2.0417607, -8.378305), (-7.478631, 2.6894357, -8.277016), (-7.1005077, 2.785589, -8.572937), (-6.680805, 2.8830297, -8.872821), (-6.2162333, 2.98061, -9.173134), (-5.703993, 3.0768712, -9.469388), (-5.142112, 3.170033, -9.7561035), (-4.5298433, 3.2580087, -10.026857), (-3.868086, 3.338462, -10.274461), (-3.1597726, 3.408915, -10.491287), (-2.4101436, 3.4669054, -10.669759), (-1.6268216, 3.5101871, -10.802963), (-0.81961197, 3.5369477, -10.885321), (0, 3.5460048, -10.913195), (0.81961197, 3.5369477, -10.885321), (1.6268216, 3.5101871, -10.802963), (2.4101436, 3.4669054, -10.669759), (3.1597726, 3.408915, -10.491287), (3.868086, 3.338462, -10.274461), (4.5298433, 3.2580087, -10.026857), (5.142112, 3.170033, -9.7561035), (5.703993, 3.0768712, -9.469388), (6.2162333, 2.98061, -9.173134), (6.680805, 2.8830297, -8.872821), (7.1005077, 2.785589, -8.572937), (7.478631, 2.6894357, -8.277016), (-7.3656983, 3.3110292, -8.152027), (-6.9856696, 3.4256713, -8.434285), (-6.565262, 3.5414605, -8.719367), (-6.1015277, 3.6570122, -9.003865), (-5.592033, 3.7705967, -9.28352), (-5.0351686, 3.8801303, -9.553201), (-4.4305053, 3.983202, -9.806972), (-3.7791643, 4.0771446, -10.038266), (-3.0841463, 4.159157, -10.240187), (-2.3505523, 4.226482, -10.405947), (-1.5856256, 4.2766237, -10.5294), (-0.79855144, 4.307579, -10.605614), (0, 4.3180475, -10.63139), (0.79855144, 4.307579, -10.605614), (1.5856256, 4.2766237, -10.5294), (2.3505523, 4.226482, -10.405947), (3.0841463, 4.159157, -10.240187), (3.7791643, 4.0771446, -10.038266), (4.4305053, 3.983202, -9.806972), (5.0351686, 3.8801303, -9.553201), (5.592033, 3.7705967, -9.28352), (6.1015277, 3.6570122, -9.003865), (6.565262, 3.5414605, -8.719367), (6.9856696, 3.4256713, -8.434285), (7.3656983, 3.3110292, -8.152027), (-7.234378, 3.9023976, -8.006687), (-6.8525996, 4.032499, -8.273621), (-6.4318633, 4.1634026, -8.5422), (-5.9695945, 4.2935243, -8.8091755), (-5.4637494, 4.420917, -9.070552), (-4.913097, 4.5432734, -9.321594), (-4.3175297, 4.657959, -9.556899), (-3.678381, 4.7620974, -9.770564), (-2.998693, 4.8527017, -9.95646), (-2.2833898, 4.926862, -10.108617), (-1.5392851, 4.9819646, -10.221673), (-0.77488923, 5.0159273, -10.291355), (0, 5.0274034, -10.314901), (0.77488923, 5.0159273, -10.291355), (1.5392851, 4.9819646, -10.221673), (2.2833898, 4.926862, -10.108617), (2.998693, 4.8527017, -9.95646), (3.678381, 4.7620974, -9.770564), (4.3175297, 4.657959, -9.556899), (4.913097, 4.5432734, -9.321594), (5.4637494, 4.420917, -9.070552), (5.9695945, 4.2935243, -8.8091755), (6.4318633, 4.1634026, -8.5422), (6.8525996, 4.032499, -8.273621), (7.234378, 3.9023976, -8.006687), (-7.0878797, 4.460602, -7.8445497), (-6.704728, 4.6030626, -8.095085), (-6.284227, 4.7458086, -8.346123), (-5.824185, 4.887098, -8.594598), (-5.3229537, 5.0248265, -8.836812), (-4.7796726, 5.1565413, -9.06845), (-4.194539, 5.279483, -9.284658), (-3.5690687, 5.3906765, -9.480207), (-2.906313, 5.487073, -9.649733), (-2.2109814, 5.5657306, -9.788063), (-1.4894277, 5.624032, -9.890594), (-0.749464, 5.659905, -9.95368), (0, 5.672016, -9.974979), (0.749464, 5.659905, -9.95368), (1.4894277, 5.624032, -9.890594), (2.2109814, 5.5657306, -9.788063), (2.906313, 5.487073, -9.649733), (3.5690687, 5.3906765, -9.480207), (4.194539, 5.279483, -9.284658), (4.7796726, 5.1565413, -9.06845), (5.3229537, 5.0248265, -8.836812), (5.824185, 4.887098, -8.594598), (6.284227, 4.7458086, -8.346123), (6.704728, 4.6030626, -8.095085), (7.0878797, 4.460602, -7.8445497)]
                                color3f[] primvars:displayColor = [(0.18333334, 0.6166667, 0.56666666)] (
                                    interpolation = "constant"
                                )
                                float[] primvars:displayOpacity = [0.3] (
                                    interpolation = "constant"
                                )
                                uniform token purpose = "guide"
                                uniform token subdivisionScheme = "none"
                            }

                            def Mesh "Shell_observe" (
                                prepend apiSchemas = ["AecoDerivedGeometryAPI", "MaterialBindingAPI"]
                            )
                            {
                                uniform token aeco:derived:approx = "tessellated"
                                uniform token aeco:derived:role = "coverage"
                                string aeco:derived:source = "290e2c0d-ca55-55d0-b1d2-a1c4e3ab6951"
                                string aeco:derived:stamp = "usdAecoCctv derive 0.5.3"
                                uniform bool doubleSided = 1
                                float3[] extent = [(-15.38582, -11.344032, -22.949682), (15.38582, 11.344032, 0)]
                                int[] faceVertexCounts = [4, 4, 4, 4, 4, 4, 4, 4, 4, 4, 4, 4, 4, 4, 4, 4, 4, 4, 4, 4, 4, 4, 4, 4, 4, 4, 4, 4, 4, 4, 4, 4, 4, 4, 4, 4, 4, 4, 4, 4, 4, 4, 4, 4, 4, 4, 4, 4, 4, 4, 4, 4, 4, 4, 4, 4, 4, 4, 4, 4, 4, 4, 4, 4, 4, 4, 4, 4, 4, 4, 4, 4, 4, 4, 4, 4, 4, 4, 4, 4, 4, 4, 4, 4, 4, 4, 4, 4, 4, 4, 4, 4, 4, 4, 4, 4, 4, 4, 4, 4, 4, 4, 4, 4, 4, 4, 4, 4, 4, 4, 4, 4, 4, 4, 4, 4, 4, 4, 4, 4, 4, 4, 4, 4, 4, 4, 4, 4, 4, 4, 4, 4, 4, 4, 4, 4, 4, 4, 4, 4, 4, 4, 4, 4, 4, 4, 4, 4, 4, 4, 4, 4, 4, 4, 4, 4, 4, 4, 4, 4, 4, 4, 4, 4, 4, 4, 4, 4, 4, 4, 4, 4, 4, 4, 4, 4, 4, 4, 4, 4, 4, 4, 4, 4, 4, 4, 4, 4, 4, 4, 4, 4, 4, 4, 4, 4, 4, 4, 4, 4, 4, 4, 4, 4, 4, 4, 4, 4, 4, 4, 4, 4, 4, 4, 4, 4, 4, 4, 4, 4, 4, 4, 4, 4, 4, 4, 4, 4, 4, 4, 4, 4, 4, 4, 4, 4, 4, 4, 4, 4, 4, 4, 4, 4, 4, 4, 4, 4, 4, 4, 4, 4, 4, 4, 4, 4, 4, 4, 4, 4, 4, 4, 4, 4, 4, 4, 4, 4, 4, 4, 4, 4, 4, 4, 4, 4, 4, 4, 4, 4, 4, 4, 4, 4, 4, 4, 4, 4, 4, 4, 4, 4, 4, 4, 4, 4, 4, 4, 4, 4, 4, 4, 4, 4, 4, 4, 4, 4, 4, 4, 4, 4, 4, 4, 4, 4, 4, 4, 4, 4, 4, 4, 4, 4, 4, 4, 4, 4, 4, 4, 4, 4, 4, 4, 4, 4, 3, 3, 3, 3, 3, 3, 3, 3, 3, 3, 3, 3, 3, 3, 3, 3, 3, 3, 3, 3, 3, 3, 3, 3, 3, 3, 3, 3, 3, 3, 3, 3, 3, 3, 3, 3, 3, 3, 3, 3, 3, 3, 3, 3, 3, 3, 3, 3, 3, 3, 3, 3, 3, 3, 3, 3, 3, 3, 3, 3, 3, 3, 3, 3, 3, 3, 3, 3, 3, 3, 3, 3, 3, 3, 3, 3]
                                int[] faceVertexIndices = [1, 26, 27, 2, 2, 27, 28, 3, 3, 28, 29, 4, 4, 29, 30, 5, 5, 30, 31, 6, 6, 31, 32, 7, 7, 32, 33, 8, 8, 33, 34, 9, 9, 34, 35, 10, 10, 35, 36, 11, 11, 36, 37, 12, 12, 37, 38, 13, 13, 38, 39, 14, 14, 39, 40, 15, 15, 40, 41, 16, 16, 41, 42, 17, 17, 42, 43, 18, 18, 43, 44, 19, 19, 44, 45, 20, 20, 45, 46, 21, 21, 46, 47, 22, 22, 47, 48, 23, 23, 48, 49, 24, 24, 49, 50, 25, 26, 51, 52, 27, 27, 52, 53, 28, 28, 53, 54, 29, 29, 54, 55, 30, 30, 55, 56, 31, 31, 56, 57, 32, 32, 57, 58, 33, 33, 58, 59, 34, 34, 59, 60, 35, 35, 60, 61, 36, 36, 61, 62, 37, 37, 62, 63, 38, 38, 63, 64, 39, 39, 64, 65, 40, 40, 65, 66, 41, 41, 66, 67, 42, 42, 67, 68, 43, 43, 68, 69, 44, 44, 69, 70, 45, 45, 70, 71, 46, 46, 71, 72, 47, 47, 72, 73, 48, 48, 73, 74, 49, 49, 74, 75, 50, 51, 76, 77, 52, 52, 77, 78, 53, 53, 78, 79, 54, 54, 79, 80, 55, 55, 80, 81, 56, 56, 81, 82, 57, 57, 82, 83, 58, 58, 83, 84, 59, 59, 84, 85, 60, 60, 85, 86, 61, 61, 86, 87, 62, 62, 87, 88, 63, 63, 88, 89, 64, 64, 89, 90, 65, 65, 90, 91, 66, 66, 91, 92, 67, 67, 92, 93, 68, 68, 93, 94, 69, 69, 94, 95, 70, 70, 95, 96, 71, 71, 96, 97, 72, 72, 97, 98, 73, 73, 98, 99, 74, 74, 99, 100, 75, 76, 101, 102, 77, 77, 102, 103, 78, 78, 103, 104, 79, 79, 104, 105, 80, 80, 105, 106, 81, 81, 106, 107, 82, 82, 107, 108, 83, 83, 108, 109, 84, 84, 109, 110, 85, 85, 110, 111, 86, 86, 111, 112, 87, 87, 112, 113, 88, 88, 113, 114, 89, 89, 114, 115, 90, 90, 115, 116, 91, 91, 116, 117, 92, 92, 117, 118, 93, 93, 118, 119, 94, 94, 119, 120, 95, 95, 120, 121, 96, 96, 121, 122, 97, 97, 122, 123, 98, 98, 123, 124, 99, 99, 124, 125, 100, 101, 126, 127, 102, 102, 127, 128, 103, 103, 128, 129, 104, 104, 129, 130, 105, 105, 130, 131, 106, 106, 131, 132, 107, 107, 132, 133, 108, 108, 133, 134, 109, 109, 134, 135, 110, 110, 135, 136, 111, 111, 136, 137, 112, 112, 137, 138, 113, 113, 138, 139, 114, 114, 139, 140, 115, 115, 140, 141, 116, 116, 141, 142, 117, 117, 142, 143, 118, 118, 143, 144, 119, 119, 144, 145, 120, 120, 145, 146, 121, 121, 146, 147, 122, 122, 147, 148, 123, 123, 148, 149, 124, 124, 149, 150, 125, 126, 151, 152, 127, 127, 152, 153, 128, 128, 153, 154, 129, 129, 154, 155, 130, 130, 155, 156, 131, 131, 156, 157, 132, 132, 157, 158, 133, 133, 158, 159, 134, 134, 159, 160, 135, 135, 160, 161, 136, 136, 161, 162, 137, 137, 162, 163, 138, 138, 163, 164, 139, 139, 164, 165, 140, 140, 165, 166, 141, 141, 166, 167, 142, 142, 167, 168, 143, 143, 168, 169, 144, 144, 169, 170, 145, 145, 170, 171, 146, 146, 171, 172, 147, 147, 172, 173, 148, 148, 173, 174, 149, 149, 174, 175, 150, 151, 176, 177, 152, 152, 177, 178, 153, 153, 178, 179, 154, 154, 179, 180, 155, 155, 180, 181, 156, 156, 181, 182, 157, 157, 182, 183, 158, 158, 183, 184, 159, 159, 184, 185, 160, 160, 185, 186, 161, 161, 186, 187, 162, 162, 187, 188, 163, 163, 188, 189, 164, 164, 189, 190, 165, 165, 190, 191, 166, 166, 191, 192, 167, 167, 192, 193, 168, 168, 193, 194, 169, 169, 194, 195, 170, 170, 195, 196, 171, 171, 196, 197, 172, 172, 197, 198, 173, 173, 198, 199, 174, 174, 199, 200, 175, 176, 201, 202, 177, 177, 202, 203, 178, 178, 203, 204, 179, 179, 204, 205, 180, 180, 205, 206, 181, 181, 206, 207, 182, 182, 207, 208, 183, 183, 208, 209, 184, 184, 209, 210, 185, 185, 210, 211, 186, 186, 211, 212, 187, 187, 212, 213, 188, 188, 213, 214, 189, 189, 214, 215, 190, 190, 215, 216, 191, 191, 216, 217, 192, 192, 217, 218, 193, 193, 218, 219, 194, 194, 219, 220, 195, 195, 220, 221, 196, 196, 221, 222, 197, 197, 222, 223, 198, 198, 223, 224, 199, 199, 224, 225, 200, 201, 226, 227, 202, 202, 227, 228, 203, 203, 228, 229, 204, 204, 229, 230, 205, 205, 230, 231, 206, 206, 231, 232, 207, 207, 232, 233, 208, 208, 233, 234, 209, 209, 234, 235, 210, 210, 235, 236, 211, 211, 236, 237, 212, 212, 237, 238, 213, 213, 238, 239, 214, 214, 239, 240, 215, 215, 240, 241, 216, 216, 241, 242, 217, 217, 242, 243, 218, 218, 243, 244, 219, 219, 244, 245, 220, 220, 245, 246, 221, 221, 246, 247, 222, 222, 247, 248, 223, 223, 248, 249, 224, 224, 249, 250, 225, 226, 251, 252, 227, 227, 252, 253, 228, 228, 253, 254, 229, 229, 254, 255, 230, 230, 255, 256, 231, 231, 256, 257, 232, 232, 257, 258, 233, 233, 258, 259, 234, 234, 259, 260, 235, 235, 260, 261, 236, 236, 261, 262, 237, 237, 262, 263, 238, 238, 263, 264, 239, 239, 264, 265, 240, 240, 265, 266, 241, 241, 266, 267, 242, 242, 267, 268, 243, 243, 268, 269, 244, 244, 269, 270, 245, 245, 270, 271, 246, 246, 271, 272, 247, 247, 272, 273, 248, 248, 273, 274, 249, 249, 274, 275, 250, 251, 276, 277, 252, 252, 277, 278, 253, 253, 278, 279, 254, 254, 279, 280, 255, 255, 280, 281, 256, 256, 281, 282, 257, 257, 282, 283, 258, 258, 283, 284, 259, 259, 284, 285, 260, 260, 285, 286, 261, 261, 286, 287, 262, 262, 287, 288, 263, 263, 288, 289, 264, 264, 289, 290, 265, 265, 290, 291, 266, 266, 291, 292, 267, 267, 292, 293, 268, 268, 293, 294, 269, 269, 294, 295, 270, 270, 295, 296, 271, 271, 296, 297, 272, 272, 297, 298, 273, 273, 298, 299, 274, 274, 299, 300, 275, 276, 301, 302, 277, 277, 302, 303, 278, 278, 303, 304, 279, 279, 304, 305, 280, 280, 305, 306, 281, 281, 306, 307, 282, 282, 307, 308, 283, 283, 308, 309, 284, 284, 309, 310, 285, 285, 310, 311, 286, 286, 311, 312, 287, 287, 312, 313, 288, 288, 313, 314, 289, 289, 314, 315, 290, 290, 315, 316, 291, 291, 316, 317, 292, 292, 317, 318, 293, 293, 318, 319, 294, 294, 319, 320, 295, 295, 320, 321, 296, 296, 321, 322, 297, 297, 322, 323, 298, 298, 323, 324, 299, 299, 324, 325, 300, 301, 326, 327, 302, 302, 327, 328, 303, 303, 328, 329, 304, 304, 329, 330, 305, 305, 330, 331, 306, 306, 331, 332, 307, 307, 332, 333, 308, 308, 333, 334, 309, 309, 334, 335, 310, 310, 335, 336, 311, 311, 336, 337, 312, 312, 337, 338, 313, 313, 338, 339, 314, 314, 339, 340, 315, 315, 340, 341, 316, 316, 341, 342, 317, 317, 342, 343, 318, 318, 343, 344, 319, 319, 344, 345, 320, 320, 345, 346, 321, 321, 346, 347, 322, 322, 347, 348, 323, 323, 348, 349, 324, 324, 349, 350, 325, 326, 351, 352, 327, 327, 352, 353, 328, 328, 353, 354, 329, 329, 354, 355, 330, 330, 355, 356, 331, 331, 356, 357, 332, 332, 357, 358, 333, 333, 358, 359, 334, 334, 359, 360, 335, 335, 360, 361, 336, 336, 361, 362, 337, 337, 362, 363, 338, 338, 363, 364, 339, 339, 364, 365, 340, 340, 365, 366, 341, 341, 366, 367, 342, 342, 367, 368, 343, 343, 368, 369, 344, 344, 369, 370, 345, 345, 370, 371, 346, 346, 371, 372, 347, 347, 372, 373, 348, 348, 373, 374, 349, 349, 374, 375, 350, 0, 1, 2, 0, 2, 3, 0, 3, 4, 0, 4, 5, 0, 5, 6, 0, 6, 7, 0, 7, 8, 0, 8, 9, 0, 9, 10, 0, 10, 11, 0, 11, 12, 0, 12, 13, 0, 13, 14, 0, 14, 15, 0, 15, 16, 0, 16, 17, 0, 17, 18, 0, 18, 19, 0, 19, 20, 0, 20, 21, 0, 21, 22, 0, 22, 23, 0, 23, 24, 0, 24, 25, 0, 352, 351, 0, 353, 352, 0, 354, 353, 0, 355, 354, 0, 356, 355, 0, 357, 356, 0, 358, 357, 0, 359, 358, 0, 360, 359, 0, 361, 360, 0, 362, 361, 0, 363, 362, 0, 364, 363, 0, 365, 364, 0, 366, 365, 0, 367, 366, 0, 368, 367, 0, 369, 368, 0, 370, 369, 0, 371, 370, 0, 372, 371, 0, 373, 372, 0, 374, 373, 0, 375, 374, 0, 26, 1, 0, 51, 26, 0, 76, 51, 0, 101, 76, 0, 126, 101, 0, 151, 126, 0, 176, 151, 0, 201, 176, 0, 226, 201, 0, 251, 226, 0, 276, 251, 0, 301, 276, 0, 326, 301, 0, 351, 326, 0, 25, 50, 0, 50, 75, 0, 75, 100, 0, 100, 125, 0, 125, 150, 0, 150, 175, 0, 175, 200, 0, 200, 225, 0, 225, 250, 0, 250, 275, 0, 275, 300, 0, 300, 325, 0, 325, 350, 0, 350, 375]
                                rel material:binding = </AecoCctvLooks/Shell_observe>
                                point3f[] points = [(0, 0, 0), (-14.175759, -8.921204, -15.689099), (-13.409456, -9.206125, -16.19017), (-12.568454, -9.491617, -16.692245), (-11.64837, -9.774196, -17.189196), (-10.645907, -10.049653, -17.673624), (-9.559345, -10.313083, -18.1369), (-8.389078, -10.558966, -18.569317), (-7.1381373, -10.781353, -18.960415), (-5.812626, -10.974146, -19.299465), (-4.4219627, -11.131461, -19.576126), (-2.9788554, -11.248064, -19.781187), (-1.498928, -11.31981, -19.90736), (0, -11.344032, -19.949959), (1.498928, -11.31981, -19.90736), (2.9788554, -11.248064, -19.781187), (4.4219627, -11.131461, -19.576126), (5.812626, -10.974146, -19.299465), (7.1381373, -10.781353, -18.960415), (8.389078, -10.558966, -18.569317), (9.559345, -10.313083, -18.1369), (10.645907, -10.049653, -17.673624), (11.64837, -9.774196, -17.189196), (12.568454, -9.491617, -16.692245), (13.409456, -9.206125, -16.19017), (14.175759, -8.921204, -15.689099), (-14.468756, -7.8047953, -16.013374), (-13.705199, -8.064998, -16.547241), (-12.863727, -8.326805, -17.0844), (-11.939189, -8.587049, -17.618351), (-10.927499, -8.841834, -18.141104), (-9.826194, -9.086547, -18.643188), (-8.635059, -9.315918, -19.113798), (-7.356762, -9.524195, -19.541128), (-5.997386, -9.705403, -19.91292), (-4.5667796, -9.853724, -20.217234), (-3.0785701, -9.963929, -20.443346), (-1.5497785, -10.031855, -20.58271), (0, -10.054807, -20.629803), (1.5497785, -10.031855, -20.58271), (3.0785701, -9.963929, -20.443346), (4.5667796, -9.853724, -20.217234), (5.997386, -9.705403, -19.91292), (7.356762, -9.524195, -19.541128), (8.635059, -9.315918, -19.113798), (9.826194, -9.086547, -18.643188), (10.927499, -8.841834, -18.141104), (11.939189, -8.587049, -17.618351), (12.863727, -8.326805, -17.0844), (13.705199, -8.064998, -16.547241), (14.468756, -7.8047953, -16.013374), (-14.731397, -6.6220584, -16.304054), (-13.971339, -6.8513427, -16.86857), (-13.130524, -7.082921, -17.438734), (-12.203055, -7.3140244, -18.00773), (-11.184066, -7.5411935, -18.56704), (-10.070337, -7.7602606, -19.106401), (-8.861011, -7.966404, -19.613943), (-7.5583286, -8.154289, -20.076532), (-6.1682925, -8.318314, -20.480373), (-4.7011046, -8.452964, -20.811893), (-3.1712513, -8.553247, -21.0588), (-1.5971029, -8.615158, -21.211227), (0, -8.636095, -21.26278), (1.5971029, -8.615158, -21.211227), (3.1712513, -8.553247, -21.0588), (4.7011046, -8.452964, -20.811893), (6.1682925, -8.318314, -20.480373), (7.5583286, -8.154289, -20.076532), (8.861011, -7.966404, -19.613943), (10.070337, -7.7602606, -19.106401), (11.184066, -7.5411935, -18.56704), (12.203055, -7.3140244, -18.00773), (13.130524, -7.082921, -17.438734), (13.971339, -6.8513427, -16.86857), (14.731397, -6.6220584, -16.304054), (-14.957262, -5.3788714, -16.554031), (-14.201015, -5.571178, -17.145874), (-13.36161, -5.7660594, -17.745642), (-12.4324665, -5.96122, -18.346268), (-11.407986, -6.1537423, -18.938776), (-10.284224, -6.340066, -19.512207), (-9.059687, -6.5160174, -20.053715), (-7.736172, -6.676924, -20.548922), (-6.3195453, -6.81783, -20.982574), (-4.820287, -6.9338107, -21.339518), (-3.2536433, -7.0203743, -21.605927), (-1.6392239, -7.0738955, -21.770641), (0, -7.0920095, -21.82639), (1.6392239, -7.0738955, -21.770641), (3.2536433, -7.0203743, -21.605927), (4.820287, -6.9338107, -21.339518), (6.3195453, -6.81783, -20.982574), (7.736172, -6.676924, -20.548922), (9.059687, -6.5160174, -20.053715), (10.284224, -6.340066, -19.512207), (11.407986, -6.1537423, -18.938776), (12.4324665, -5.96122, -18.346268), (13.36161, -5.7660594, -17.745642), (14.201015, -5.571178, -17.145874), (14.957262, -5.3788714, -16.554031), (-15.140301, -4.0835214, -16.75661), (-14.387699, -4.2333117, -17.371271), (-13.550029, -4.385527, -17.995882), (-12.620126, -4.5383997, -18.623192), (-11.591757, -4.689655, -19.24386), (-10.46034, -4.836479, -19.846352), (-9.223802, -4.975541, -20.416986), (-7.8835206, -5.103073, -20.940311), (-6.4452, -5.215044, -21.39978), (-4.919522, -5.3074174, -21.778831), (-3.3223624, -5.3764873, -22.062258), (-1.6743926, -5.419246, -22.237717), (0, -5.4337273, -22.29714), (1.6743926, -5.419246, -22.237717), (3.3223624, -5.3764873, -22.062258), (4.919522, -5.3074174, -21.778831), (6.4452, -5.215044, -21.39978), (7.8835206, -5.103073, -20.940311), (9.223802, -4.975541, -20.416986), (10.46034, -4.836479, -19.846352), (11.591757, -4.689655, -19.24386), (12.620126, -4.5383997, -18.623192), (13.550029, -4.385527, -17.995882), (14.387699, -4.2333117, -17.371271), (15.140301, -4.0835214, -16.75661), (-15.275236, -2.7466102, -16.90595), (-14.525645, -2.8492665, -17.537823), (-13.6896, -2.9538002, -18.181248), (-12.759493, -3.0590124, -18.828852), (-11.728597, -3.163344, -19.471033), (-10.591825, -3.264849, -20.095818), (-9.346643, -3.361203, -20.688896), (-7.9940786, -3.4497588, -21.233976), (-6.5396852, -3.527664, -21.713497), (-4.994278, -3.592045, -22.109777), (-3.374202, -3.6402516, -22.4065), (-1.7009456, -3.6701243, -22.59037), (0, -3.6802464, -22.652676), (1.7009456, -3.6701243, -22.59037), (3.374202, -3.6402516, -22.4065), (4.994278, -3.592045, -22.109777), (6.5396852, -3.527664, -21.713497), (7.9940786, -3.4497588, -21.233976), (9.346643, -3.361203, -20.688896), (10.591825, -3.264849, -20.095818), (11.728597, -3.163344, -19.471033), (12.759493, -3.0590124, -18.828852), (13.6896, -2.9538002, -18.181248), (14.525645, -2.8492665, -17.537823), (15.275236, -2.7466102, -16.90595), (-15.357949, -1.3807414, -16.997496), (-14.610341, -1.43294, -17.640081), (-13.775443, -1.4861611, -18.295256), (-12.845363, -1.5397996, -18.955568), (-11.813065, -1.5930629, -19.611261), (-10.673137, -1.6449564, -20.25009), (-9.422747, -1.6942854, -20.857351), (-8.062689, -1.7396834, -21.41622), (-6.598411, -1.779671, -21.908484), (-5.040801, -1.8127531, -22.315737), (-3.4064953, -1.8375456, -22.620943), (-1.717497, -1.8529185, -22.81019), (0, -1.8581291, -22.874336), (1.717497, -1.8529185, -22.81019), (3.4064953, -1.8375456, -22.620943), (5.040801, -1.8127531, -22.315737), (6.598411, -1.779671, -21.908484), (8.062689, -1.7396834, -21.41622), (9.422747, -1.6942854, -20.857351), (10.673137, -1.6449564, -20.25009), (11.813065, -1.5930629, -19.611261), (12.845363, -1.5397996, -18.955568), (13.775443, -1.4861611, -18.295256), (14.610341, -1.43294, -17.640081), (15.357949, -1.3807414, -16.997496), (-15.38582, 0, -17.028341), (-14.638905, 0, -17.674568), (-13.804418, 0, -18.333738), (-12.874373, 0, -18.998379), (-11.841628, 0, -19.65868), (-10.70066, 0, -20.302309), (-9.44853, 0, -20.914425), (-8.085954, 0, -21.478018), (-6.618341, 0, -21.974655), (-5.0566, 0, -22.385681), (-3.4174676, 0, -22.693806), (-1.7231224, 0, -22.884901), (0, 0, -22.949682), (1.7231224, 0, -22.884901), (3.4174676, 0, -22.693806), (5.0566, 0, -22.385681), (6.618341, 0, -21.974655), (8.085954, 0, -21.478018), (9.44853, 0, -20.914425), (10.70066, 0, -20.302309), (11.841628, 0, -19.65868), (12.874373, 0, -18.998379), (13.804418, 0, -18.333738), (14.638905, 0, -17.674568), (15.38582, 0, -17.028341), (-15.357949, 1.3807414, -16.997496), (-14.610341, 1.43294, -17.640081), (-13.775443, 1.4861611, -18.295256), (-12.845363, 1.5397996, -18.955568), (-11.813065, 1.5930629, -19.611261), (-10.673137, 1.6449564, -20.25009), (-9.422747, 1.6942854, -20.857351), (-8.062689, 1.7396834, -21.41622), (-6.598411, 1.779671, -21.908484), (-5.040801, 1.8127531, -22.315737), (-3.4064953, 1.8375456, -22.620943), (-1.717497, 1.8529185, -22.81019), (0, 1.8581291, -22.874336), (1.717497, 1.8529185, -22.81019), (3.4064953, 1.8375456, -22.620943), (5.040801, 1.8127531, -22.315737), (6.598411, 1.779671, -21.908484), (8.062689, 1.7396834, -21.41622), (9.422747, 1.6942854, -20.857351), (10.673137, 1.6449564, -20.25009), (11.813065, 1.5930629, -19.611261), (12.845363, 1.5397996, -18.955568), (13.775443, 1.4861611, -18.295256), (14.610341, 1.43294, -17.640081), (15.357949, 1.3807414, -16.997496), (-15.275236, 2.7466102, -16.90595), (-14.525645, 2.8492665, -17.537823), (-13.6896, 2.9538002, -18.181248), (-12.759493, 3.0590124, -18.828852), (-11.728597, 3.163344, -19.471033), (-10.591825, 3.264849, -20.095818), (-9.346643, 3.361203, -20.688896), (-7.9940786, 3.4497588, -21.233976), (-6.5396852, 3.527664, -21.713497), (-4.994278, 3.592045, -22.109777), (-3.374202, 3.6402516, -22.4065), (-1.7009456, 3.6701243, -22.59037), (0, 3.6802464, -22.652676), (1.7009456, 3.6701243, -22.59037), (3.374202, 3.6402516, -22.4065), (4.994278, 3.592045, -22.109777), (6.5396852, 3.527664, -21.713497), (7.9940786, 3.4497588, -21.233976), (9.346643, 3.361203, -20.688896), (10.591825, 3.264849, -20.095818), (11.728597, 3.163344, -19.471033), (12.759493, 3.0590124, -18.828852), (13.6896, 2.9538002, -18.181248), (14.525645, 2.8492665, -17.537823), (15.275236, 2.7466102, -16.90595), (-15.140301, 4.0835214, -16.75661), (-14.387699, 4.2333117, -17.371271), (-13.550029, 4.385527, -17.995882), (-12.620126, 4.5383997, -18.623192), (-11.591757, 4.689655, -19.24386), (-10.46034, 4.836479, -19.846352), (-9.223802, 4.975541, -20.416986), (-7.8835206, 5.103073, -20.940311), (-6.4452, 5.215044, -21.39978), (-4.919522, 5.3074174, -21.778831), (-3.3223624, 5.3764873, -22.062258), (-1.6743926, 5.419246, -22.237717), (0, 5.4337273, -22.29714), (1.6743926, 5.419246, -22.237717), (3.3223624, 5.3764873, -22.062258), (4.919522, 5.3074174, -21.778831), (6.4452, 5.215044, -21.39978), (7.8835206, 5.103073, -20.940311), (9.223802, 4.975541, -20.416986), (10.46034, 4.836479, -19.846352), (11.591757, 4.689655, -19.24386), (12.620126, 4.5383997, -18.623192), (13.550029, 4.385527, -17.995882), (14.387699, 4.2333117, -17.371271), (15.140301, 4.0835214, -16.75661), (-14.957262, 5.3788714, -16.554031), (-14.201015, 5.571178, -17.145874), (-13.36161, 5.7660594, -17.745642), (-12.4324665, 5.96122, -18.346268), (-11.407986, 6.1537423, -18.938776), (-10.284224, 6.340066, -19.512207), (-9.059687, 6.5160174, -20.053715), (-7.736172, 6.676924, -20.548922), (-6.3195453, 6.81783, -20.982574), (-4.820287, 6.9338107, -21.339518), (-3.2536433, 7.0203743, -21.605927), (-1.6392239, 7.0738955, -21.770641), (0, 7.0920095, -21.82639), (1.6392239, 7.0738955, -21.770641), (3.2536433, 7.0203743, -21.605927), (4.820287, 6.9338107, -21.339518), (6.3195453, 6.81783, -20.982574), (7.736172, 6.676924, -20.548922), (9.059687, 6.5160174, -20.053715), (10.284224, 6.340066, -19.512207), (11.407986, 6.1537423, -18.938776), (12.4324665, 5.96122, -18.346268), (13.36161, 5.7660594, -17.745642), (14.201015, 5.571178, -17.145874), (14.957262, 5.3788714, -16.554031), (-14.731397, 6.6220584, -16.304054), (-13.971339, 6.8513427, -16.86857), (-13.130524, 7.082921, -17.438734), (-12.203055, 7.3140244, -18.00773), (-11.184066, 7.5411935, -18.56704), (-10.070337, 7.7602606, -19.106401), (-8.861011, 7.966404, -19.613943), (-7.5583286, 8.154289, -20.076532), (-6.1682925, 8.318314, -20.480373), (-4.7011046, 8.452964, -20.811893), (-3.1712513, 8.553247, -21.0588), (-1.5971029, 8.615158, -21.211227), (0, 8.636095, -21.26278), (1.5971029, 8.615158, -21.211227), (3.1712513, 8.553247, -21.0588), (4.7011046, 8.452964, -20.811893), (6.1682925, 8.318314, -20.480373), (7.5583286, 8.154289, -20.076532), (8.861011, 7.966404, -19.613943), (10.070337, 7.7602606, -19.106401), (11.184066, 7.5411935, -18.56704), (12.203055, 7.3140244, -18.00773), (13.130524, 7.082921, -17.438734), (13.971339, 6.8513427, -16.86857), (14.731397, 6.6220584, -16.304054), (-14.468756, 7.8047953, -16.013374), (-13.705199, 8.064998, -16.547241), (-12.863727, 8.326805, -17.0844), (-11.939189, 8.587049, -17.618351), (-10.927499, 8.841834, -18.141104), (-9.826194, 9.086547, -18.643188), (-8.635059, 9.315918, -19.113798), (-7.356762, 9.524195, -19.541128), (-5.997386, 9.705403, -19.91292), (-4.5667796, 9.853724, -20.217234), (-3.0785701, 9.963929, -20.443346), (-1.5497785, 10.031855, -20.58271), (0, 10.054807, -20.629803), (1.5497785, 10.031855, -20.58271), (3.0785701, 9.963929, -20.443346), (4.5667796, 9.853724, -20.217234), (5.997386, 9.705403, -19.91292), (7.356762, 9.524195, -19.541128), (8.635059, 9.315918, -19.113798), (9.826194, 9.086547, -18.643188), (10.927499, 8.841834, -18.141104), (11.939189, 8.587049, -17.618351), (12.863727, 8.326805, -17.0844), (13.705199, 8.064998, -16.547241), (14.468756, 7.8047953, -16.013374), (-14.175759, 8.921204, -15.689099), (-13.409456, 9.206125, -16.19017), (-12.568454, 9.491617, -16.692245), (-11.64837, 9.774196, -17.189196), (-10.645907, 10.049653, -17.673624), (-9.559345, 10.313083, -18.1369), (-8.389078, 10.558966, -18.569317), (-7.1381373, 10.781353, -18.960415), (-5.812626, 10.974146, -19.299465), (-4.4219627, 11.131461, -19.576126), (-2.9788554, 11.248064, -19.781187), (-1.498928, 11.31981, -19.90736), (0, 11.344032, -19.949959), (1.498928, 11.31981, -19.90736), (2.9788554, 11.248064, -19.781187), (4.4219627, 11.131461, -19.576126), (5.812626, 10.974146, -19.299465), (7.1381373, 10.781353, -18.960415), (8.389078, 10.558966, -18.569317), (9.559345, 10.313083, -18.1369), (10.645907, 10.049653, -17.673624), (11.64837, 9.774196, -17.189196), (12.568454, 9.491617, -16.692245), (13.409456, 9.206125, -16.19017), (14.175759, 8.921204, -15.689099)]
                                color3f[] primvars:displayColor = [(0.36666667, 0.73333335, 0.68333334)] (
                                    interpolation = "constant"
                                )
                                float[] primvars:displayOpacity = [0.3] (
                                    interpolation = "constant"
                                )
                                uniform token purpose = "guide"
                                uniform token subdivisionScheme = "none"
                            }
                        }
                    }

                    over "sec_cam_door_hall_a_e"
                    {
                        double aeco:cctv:mountHeight = 2.92

                        over "Sensor_0"
                        {
                            double aeco:cctvSensor:effectiveWidth = 7.679649793158473
                            double aeco:cctvSensor:hfov = 104
                            double aeco:cctvSensor:targetRange = 4.050184687810823
                            double aeco:cctvSensor:vfov = 76.00000000000001
                            float2 clippingRange = (0.05, 12)
                            float focalLength = 3
                            float horizontalAperture = 7.67965
                            float verticalAperture = 4.6877136
                            matrix4d xformOp:transform = ( (-0.5692099788303087, 0.8221921916437784, 0, 0), (-0.7120393247567158, -0.4929503017546499, 0.49999999999999994, 0), (0.41109609582188916, 0.2846049894151543, 0.8660254037844387, 0), (0, 0, -0.08, 1) )
                            uniform token[] xformOpOrder = ["xformOp:transform"]

                            def Mesh "Sector" (
                                prepend apiSchemas = ["AecoDerivedGeometryAPI", "MaterialBindingAPI"]
                            )
                            {
                                uniform token aeco:derived:approx = "tessellated"
                                uniform token aeco:derived:role = "sector"
                                string aeco:derived:source = "e879ff19-3558-5c1b-9863-bb8a6b8395cf"
                                string aeco:derived:stamp = "usdAecoCctv derive 0.5.3"
                                uniform bool doubleSided = 1
                                float3[] extent = [(-9.456129, -7.3879375, -12), (9.456129, 7.3879375, 0)]
                                int[] faceVertexCounts = [4, 4, 4, 4, 4, 4, 4, 4, 4, 4, 4, 4, 4, 4, 4, 4, 4, 4, 4, 4, 4, 4, 4, 4, 4, 4, 4, 4, 4, 4, 4, 4, 4, 4, 4, 4, 4, 4, 4, 4, 4, 4, 4, 4, 4, 4, 4, 4, 4, 4, 4, 4, 4, 4, 4, 4, 4, 4, 4, 4, 4, 4, 4, 4, 4, 4, 4, 4, 4, 4, 4, 4, 4, 4, 4, 4, 4, 4, 4, 4, 4, 4, 4, 4, 4, 4, 4, 4, 4, 4, 4, 4, 4, 4, 4, 4, 4, 4, 4, 4, 4, 4, 4, 4, 4, 4, 4, 4, 4, 4, 4, 4, 4, 4, 4, 4, 4, 4, 4, 4, 4, 4, 4, 4, 4, 4, 4, 4, 4, 4, 4, 4, 4, 4, 4, 4, 4, 4, 4, 4, 4, 4, 4, 4, 4, 4, 4, 4, 4, 4, 4, 4, 4, 4, 4, 4, 4, 4, 4, 4, 4, 4, 4, 4, 4, 4, 4, 4, 4, 4, 4, 4, 4, 4, 4, 4, 4, 4, 4, 4, 4, 4, 4, 4, 4, 4, 4, 4, 4, 4, 4, 4, 4, 4, 4, 4, 4, 4, 4, 4, 4, 4, 4, 4, 4, 4, 4, 4, 4, 4, 4, 4, 4, 4, 4, 4, 4, 4, 4, 4, 4, 4, 4, 4, 4, 4, 4, 4, 4, 4, 4, 4, 4, 4, 4, 4, 4, 4, 4, 4, 4, 4, 4, 4, 4, 4, 4, 4, 4, 4, 4, 4, 4, 4, 4, 4, 4, 4, 4, 4, 4, 4, 4, 4, 4, 4, 4, 4, 4, 4, 4, 4, 4, 4, 4, 4, 4, 4, 4, 4, 4, 4, 4, 4, 4, 4, 4, 4, 4, 4, 4, 4, 4, 4, 4, 4, 4, 4, 4, 4, 4, 4, 4, 4, 4, 4, 4, 4, 4, 4, 4, 4, 4, 4, 4, 4, 4, 4, 4, 4, 4, 4, 4, 4, 4, 4, 4, 4, 4, 4, 4, 4, 4, 4, 4, 4, 3, 3, 3, 3, 3, 3, 3, 3, 3, 3, 3, 3, 3, 3, 3, 3, 3, 3, 3, 3, 3, 3, 3, 3, 3, 3, 3, 3, 3, 3, 3, 3, 3, 3, 3, 3, 3, 3, 3, 3, 3, 3, 3, 3, 3, 3, 3, 3, 3, 3, 3, 3, 3, 3, 3, 3, 3, 3, 3, 3, 3, 3, 3, 3, 3, 3, 3, 3, 3, 3, 3, 3, 3, 3, 3, 3]
                                int[] faceVertexIndices = [1, 26, 27, 2, 2, 27, 28, 3, 3, 28, 29, 4, 4, 29, 30, 5, 5, 30, 31, 6, 6, 31, 32, 7, 7, 32, 33, 8, 8, 33, 34, 9, 9, 34, 35, 10, 10, 35, 36, 11, 11, 36, 37, 12, 12, 37, 38, 13, 13, 38, 39, 14, 14, 39, 40, 15, 15, 40, 41, 16, 16, 41, 42, 17, 17, 42, 43, 18, 18, 43, 44, 19, 19, 44, 45, 20, 20, 45, 46, 21, 21, 46, 47, 22, 22, 47, 48, 23, 23, 48, 49, 24, 24, 49, 50, 25, 26, 51, 52, 27, 27, 52, 53, 28, 28, 53, 54, 29, 29, 54, 55, 30, 30, 55, 56, 31, 31, 56, 57, 32, 32, 57, 58, 33, 33, 58, 59, 34, 34, 59, 60, 35, 35, 60, 61, 36, 36, 61, 62, 37, 37, 62, 63, 38, 38, 63, 64, 39, 39, 64, 65, 40, 40, 65, 66, 41, 41, 66, 67, 42, 42, 67, 68, 43, 43, 68, 69, 44, 44, 69, 70, 45, 45, 70, 71, 46, 46, 71, 72, 47, 47, 72, 73, 48, 48, 73, 74, 49, 49, 74, 75, 50, 51, 76, 77, 52, 52, 77, 78, 53, 53, 78, 79, 54, 54, 79, 80, 55, 55, 80, 81, 56, 56, 81, 82, 57, 57, 82, 83, 58, 58, 83, 84, 59, 59, 84, 85, 60, 60, 85, 86, 61, 61, 86, 87, 62, 62, 87, 88, 63, 63, 88, 89, 64, 64, 89, 90, 65, 65, 90, 91, 66, 66, 91, 92, 67, 67, 92, 93, 68, 68, 93, 94, 69, 69, 94, 95, 70, 70, 95, 96, 71, 71, 96, 97, 72, 72, 97, 98, 73, 73, 98, 99, 74, 74, 99, 100, 75, 76, 101, 102, 77, 77, 102, 103, 78, 78, 103, 104, 79, 79, 104, 105, 80, 80, 105, 106, 81, 81, 106, 107, 82, 82, 107, 108, 83, 83, 108, 109, 84, 84, 109, 110, 85, 85, 110, 111, 86, 86, 111, 112, 87, 87, 112, 113, 88, 88, 113, 114, 89, 89, 114, 115, 90, 90, 115, 116, 91, 91, 116, 117, 92, 92, 117, 118, 93, 93, 118, 119, 94, 94, 119, 120, 95, 95, 120, 121, 96, 96, 121, 122, 97, 97, 122, 123, 98, 98, 123, 124, 99, 99, 124, 125, 100, 101, 126, 127, 102, 102, 127, 128, 103, 103, 128, 129, 104, 104, 129, 130, 105, 105, 130, 131, 106, 106, 131, 132, 107, 107, 132, 133, 108, 108, 133, 134, 109, 109, 134, 135, 110, 110, 135, 136, 111, 111, 136, 137, 112, 112, 137, 138, 113, 113, 138, 139, 114, 114, 139, 140, 115, 115, 140, 141, 116, 116, 141, 142, 117, 117, 142, 143, 118, 118, 143, 144, 119, 119, 144, 145, 120, 120, 145, 146, 121, 121, 146, 147, 122, 122, 147, 148, 123, 123, 148, 149, 124, 124, 149, 150, 125, 126, 151, 152, 127, 127, 152, 153, 128, 128, 153, 154, 129, 129, 154, 155, 130, 130, 155, 156, 131, 131, 156, 157, 132, 132, 157, 158, 133, 133, 158, 159, 134, 134, 159, 160, 135, 135, 160, 161, 136, 136, 161, 162, 137, 137, 162, 163, 138, 138, 163, 164, 139, 139, 164, 165, 140, 140, 165, 166, 141, 141, 166, 167, 142, 142, 167, 168, 143, 143, 168, 169, 144, 144, 169, 170, 145, 145, 170, 171, 146, 146, 171, 172, 147, 147, 172, 173, 148, 148, 173, 174, 149, 149, 174, 175, 150, 151, 176, 177, 152, 152, 177, 178, 153, 153, 178, 179, 154, 154, 179, 180, 155, 155, 180, 181, 156, 156, 181, 182, 157, 157, 182, 183, 158, 158, 183, 184, 159, 159, 184, 185, 160, 160, 185, 186, 161, 161, 186, 187, 162, 162, 187, 188, 163, 163, 188, 189, 164, 164, 189, 190, 165, 165, 190, 191, 166, 166, 191, 192, 167, 167, 192, 193, 168, 168, 193, 194, 169, 169, 194, 195, 170, 170, 195, 196, 171, 171, 196, 197, 172, 172, 197, 198, 173, 173, 198, 199, 174, 174, 199, 200, 175, 176, 201, 202, 177, 177, 202, 203, 178, 178, 203, 204, 179, 179, 204, 205, 180, 180, 205, 206, 181, 181, 206, 207, 182, 182, 207, 208, 183, 183, 208, 209, 184, 184, 209, 210, 185, 185, 210, 211, 186, 186, 211, 212, 187, 187, 212, 213, 188, 188, 213, 214, 189, 189, 214, 215, 190, 190, 215, 216, 191, 191, 216, 217, 192, 192, 217, 218, 193, 193, 218, 219, 194, 194, 219, 220, 195, 195, 220, 221, 196, 196, 221, 222, 197, 197, 222, 223, 198, 198, 223, 224, 199, 199, 224, 225, 200, 201, 226, 227, 202, 202, 227, 228, 203, 203, 228, 229, 204, 204, 229, 230, 205, 205, 230, 231, 206, 206, 231, 232, 207, 207, 232, 233, 208, 208, 233, 234, 209, 209, 234, 235, 210, 210, 235, 236, 211, 211, 236, 237, 212, 212, 237, 238, 213, 213, 238, 239, 214, 214, 239, 240, 215, 215, 240, 241, 216, 216, 241, 242, 217, 217, 242, 243, 218, 218, 243, 244, 219, 219, 244, 245, 220, 220, 245, 246, 221, 221, 246, 247, 222, 222, 247, 248, 223, 223, 248, 249, 224, 224, 249, 250, 225, 226, 251, 252, 227, 227, 252, 253, 228, 228, 253, 254, 229, 229, 254, 255, 230, 230, 255, 256, 231, 231, 256, 257, 232, 232, 257, 258, 233, 233, 258, 259, 234, 234, 259, 260, 235, 235, 260, 261, 236, 236, 261, 262, 237, 237, 262, 263, 238, 238, 263, 264, 239, 239, 264, 265, 240, 240, 265, 266, 241, 241, 266, 267, 242, 242, 267, 268, 243, 243, 268, 269, 244, 244, 269, 270, 245, 245, 270, 271, 246, 246, 271, 272, 247, 247, 272, 273, 248, 248, 273, 274, 249, 249, 274, 275, 250, 251, 276, 277, 252, 252, 277, 278, 253, 253, 278, 279, 254, 254, 279, 280, 255, 255, 280, 281, 256, 256, 281, 282, 257, 257, 282, 283, 258, 258, 283, 284, 259, 259, 284, 285, 260, 260, 285, 286, 261, 261, 286, 287, 262, 262, 287, 288, 263, 263, 288, 289, 264, 264, 289, 290, 265, 265, 290, 291, 266, 266, 291, 292, 267, 267, 292, 293, 268, 268, 293, 294, 269, 269, 294, 295, 270, 270, 295, 296, 271, 271, 296, 297, 272, 272, 297, 298, 273, 273, 298, 299, 274, 274, 299, 300, 275, 276, 301, 302, 277, 277, 302, 303, 278, 278, 303, 304, 279, 279, 304, 305, 280, 280, 305, 306, 281, 281, 306, 307, 282, 282, 307, 308, 283, 283, 308, 309, 284, 284, 309, 310, 285, 285, 310, 311, 286, 286, 311, 312, 287, 287, 312, 313, 288, 288, 313, 314, 289, 289, 314, 315, 290, 290, 315, 316, 291, 291, 316, 317, 292, 292, 317, 318, 293, 293, 318, 319, 294, 294, 319, 320, 295, 295, 320, 321, 296, 296, 321, 322, 297, 297, 322, 323, 298, 298, 323, 324, 299, 299, 324, 325, 300, 301, 326, 327, 302, 302, 327, 328, 303, 303, 328, 329, 304, 304, 329, 330, 305, 305, 330, 331, 306, 306, 331, 332, 307, 307, 332, 333, 308, 308, 333, 334, 309, 309, 334, 335, 310, 310, 335, 336, 311, 311, 336, 337, 312, 312, 337, 338, 313, 313, 338, 339, 314, 314, 339, 340, 315, 315, 340, 341, 316, 316, 341, 342, 317, 317, 342, 343, 318, 318, 343, 344, 319, 319, 344, 345, 320, 320, 345, 346, 321, 321, 346, 347, 322, 322, 347, 348, 323, 323, 348, 349, 324, 324, 349, 350, 325, 326, 351, 352, 327, 327, 352, 353, 328, 328, 353, 354, 329, 329, 354, 355, 330, 330, 355, 356, 331, 331, 356, 357, 332, 332, 357, 358, 333, 333, 358, 359, 334, 334, 359, 360, 335, 335, 360, 361, 336, 336, 361, 362, 337, 337, 362, 363, 338, 338, 363, 364, 339, 339, 364, 365, 340, 340, 365, 366, 341, 341, 366, 367, 342, 342, 367, 368, 343, 343, 368, 369, 344, 344, 369, 370, 345, 345, 370, 371, 346, 346, 371, 372, 347, 347, 372, 373, 348, 348, 373, 374, 349, 349, 374, 375, 350, 0, 1, 2, 0, 2, 3, 0, 3, 4, 0, 4, 5, 0, 5, 6, 0, 6, 7, 0, 7, 8, 0, 8, 9, 0, 9, 10, 0, 10, 11, 0, 11, 12, 0, 12, 13, 0, 13, 14, 0, 14, 15, 0, 15, 16, 0, 16, 17, 0, 17, 18, 0, 18, 19, 0, 19, 20, 0, 20, 21, 0, 21, 22, 0, 22, 23, 0, 23, 24, 0, 24, 25, 0, 352, 351, 0, 353, 352, 0, 354, 353, 0, 355, 354, 0, 356, 355, 0, 357, 356, 0, 358, 357, 0, 359, 358, 0, 360, 359, 0, 361, 360, 0, 362, 361, 0, 363, 362, 0, 364, 363, 0, 365, 364, 0, 366, 365, 0, 367, 366, 0, 368, 367, 0, 369, 368, 0, 370, 369, 0, 371, 370, 0, 372, 371, 0, 373, 372, 0, 374, 373, 0, 375, 374, 0, 26, 1, 0, 51, 26, 0, 76, 51, 0, 101, 76, 0, 126, 101, 0, 151, 126, 0, 176, 151, 0, 201, 176, 0, 226, 201, 0, 251, 226, 0, 276, 251, 0, 301, 276, 0, 326, 301, 0, 351, 326, 0, 25, 50, 0, 50, 75, 0, 75, 100, 0, 100, 125, 0, 125, 150, 0, 150, 175, 0, 175, 200, 0, 200, 225, 0, 225, 250, 0, 250, 275, 0, 275, 300, 0, 300, 325, 0, 325, 350, 0, 350, 375]
                                rel material:binding = </AecoCctvLooks/Sector>
                                point3f[] points = [(0, 0, 0), (-8.521566, -5.201626, -6.6577773), (-8.1464, -5.4246783, -6.9432716), (-7.7210326, -5.655569, -7.238798), (-7.2394805, -5.8920417, -7.5414696), (-6.695912, -6.13085, -7.84713), (-6.085158, -6.367584, -8.150136), (-5.403423, -6.596577, -8.4432335), (-4.6491714, -6.8109303, -8.717593), (-3.8240929, -7.002762, -8.963126), (-2.933988, -7.1637106, -9.169131), (-1.9893044, -7.2857146, -9.32529), (-1.0050639, -7.361979, -9.422903), (0, -7.3879375, -9.456129), (1.0050639, -7.361979, -9.422903), (1.9893044, -7.2857146, -9.32529), (2.933988, -7.1637106, -9.169131), (3.8240929, -7.002762, -8.963126), (4.6491714, -6.8109303, -8.717593), (5.403423, -6.596577, -8.4432335), (6.085158, -6.367584, -8.150136), (6.695912, -6.13085, -7.84713), (7.2394805, -5.8920417, -7.5414696), (7.7210326, -5.655569, -7.238798), (8.1464, -5.4246783, -6.9432716), (8.521566, -5.201626, -6.6577773), (-8.742251, -4.574, -6.8301954), (-8.376641, -4.781139, -7.1395087), (-7.959109, -4.997106, -7.4620047), (-7.482737, -5.2200193, -7.794873), (-6.940543, -5.447003, -8.13382), (-6.326028, -5.673972, -8.472745), (-5.633984, -5.895471, -8.803502), (-4.861562, -6.104638, -9.115844), (-4.0095077, -6.293398, -9.397712), (-3.083373, -6.4529595, -9.635981), (-2.0943503, -6.574662, -9.817715), (-1.0593456, -6.651074, -9.931818), (0, -6.677143, -9.970745), (1.0593456, -6.651074, -9.931818), (2.0943503, -6.574662, -9.817715), (3.083373, -6.4529595, -9.635981), (4.0095077, -6.293398, -9.397712), (4.861562, -6.104638, -9.115844), (5.633984, -5.895471, -8.803502), (6.326028, -5.673972, -8.472745), (6.940543, -5.447003, -8.13382), (7.482737, -5.2200193, -7.794873), (7.959109, -4.997106, -7.4620047), (8.376641, -4.781139, -7.1395087), (8.742251, -4.574, -6.8301954), (-8.94301, -3.8991988, -6.987046), (-8.587501, -4.084576, -7.3192263), (-8.178739, -4.279167, -7.6679173), (-7.7089167, -4.4815035, -8.030488), (-7.169909, -4.689176, -8.40262), (-6.553843, -4.8985877, -8.777868), (-5.8539853, -5.1047354, -9.147269), (-5.0659866, -5.301111, -9.499158), (-4.1894145, -5.4798193, -9.819388), (-3.229341, -5.6320376, -10.092151), (-2.197556, -5.7488747, -10.301514), (-1.1128627, -5.8225665, -10.433564), (0, -5.847768, -10.478722), (1.1128627, -5.8225665, -10.433564), (2.197556, -5.7488747, -10.301514), (3.229341, -5.6320376, -10.092151), (4.1894145, -5.4798193, -9.819388), (5.0659866, -5.301111, -9.499158), (5.8539853, -5.1047354, -9.147269), (6.553843, -4.8985877, -8.777868), (7.169909, -4.689176, -8.40262), (7.7089167, -4.4815035, -8.030488), (8.178739, -4.279167, -7.6679173), (8.587501, -4.084576, -7.3192263), (8.94301, -3.8991988, -6.987046), (-9.117973, -3.1803868, -7.1237416), (-8.772395, -3.3380156, -7.476814), (-8.372625, -3.5044878, -7.8496947), (-7.9100547, -3.6787462, -8.240016), (-7.375493, -3.858904, -8.64355), (-6.7597384, -4.041985, -9.053634), (-6.0545197, -4.223683, -9.460618), (-5.253902, -4.3981986, -9.851516), (-4.3561134, -4.558291, -10.210106), (-3.36554, -4.695657, -10.517792), (-2.2943847, -4.8017454, -10.755419), (-1.1632501, -4.868957, -10.905967), (0, -4.891996, -10.957572), (1.1632501, -4.868957, -10.905967), (2.2943847, -4.8017454, -10.755419), (3.36554, -4.695657, -10.517792), (4.3561134, -4.558291, -10.210106), (5.253902, -4.3981986, -9.851516), (6.0545197, -4.223683, -9.460618), (6.7597384, -4.041985, -9.053634), (7.375493, -3.858904, -8.64355), (7.9100547, -3.6787462, -8.240016), (8.372625, -3.5044878, -7.8496947), (8.772395, -3.3380156, -7.476814), (9.117973, -3.1803868, -7.1237416), (-9.26139, -2.4228082, -7.2357907), (-8.924759, -2.546994, -7.606675), (-8.533343, -2.6788187, -8.000374), (-8.077864, -2.8175924, -8.414825), (-7.5482183, -2.961956, -8.845972), (-6.9340205, -3.109648, -9.287058), (-6.2255826, -3.2572634, -9.727917), (-5.415448, -3.4000752, -10.1544285), (-4.500481, -3.5320194, -10.548484), (-3.484268, -3.645981, -10.888834), (-2.3792312, -3.7344856, -11.153155), (-1.2075499, -3.7907858, -11.321297), (0, -3.8101258, -11.379057), (1.2075499, -3.7907858, -11.321297), (2.3792312, -3.7344856, -11.153155), (3.484268, -3.645981, -10.888834), (4.500481, -3.5320194, -10.548484), (5.415448, -3.4000752, -10.1544285), (6.2255826, -3.2572634, -9.727917), (6.9340205, -3.109648, -9.287058), (7.5482183, -2.961956, -8.845972), (8.077864, -2.8175924, -8.414825), (8.533343, -2.6788187, -8.000374), (8.924759, -2.546994, -7.606675), (9.26139, -2.4228082, -7.2357907), (-9.368074, -1.6338116, -7.319142), (-9.038583, -1.7196518, -7.7036886), (-8.653978, -1.8111261, -8.113475), (-8.204485, -1.907839, -8.546729), (-7.6792984, -2.0089283, -8.999588), (-7.0670986, -2.1128857, -9.465296), (-6.3570476, -2.2173645, -9.93334), (-5.5404105, -2.3190217, -10.388743), (-4.6128573, -2.4134755, -10.811877), (-3.5772042, -2.4954872, -11.179274), (-2.4459436, -2.559466, -11.465884), (-1.2424827, -2.6002984, -11.648807), (0, -2.6143498, -11.711754), (1.2424827, -2.6002984, -11.648807), (2.4459436, -2.559466, -11.465884), (3.5772042, -2.4954872, -11.179274), (4.6128573, -2.4134755, -10.811877), (5.5404105, -2.3190217, -10.388743), (6.3570476, -2.2173645, -9.93334), (7.0670986, -2.1128857, -9.465296), (7.6792984, -2.0089283, -8.999588), (8.204485, -1.907839, -8.546729), (8.653978, -1.8111261, -8.113475), (9.038583, -1.7196518, -7.7036886), (9.368074, -1.6338116, -7.319142), (-9.433883, -0.82264435, -7.370557), (-9.109004, -0.86652493, -7.7637095), (-8.728863, -0.91339904, -8.183682), (-8.283378, -0.9630921, -8.628912), (-7.761302, -1.0151902, -9.095691), (-7.15072, -1.0689431, -9.577294), (-6.44004, -1.1231563, -10.063022), (-5.6196723, -1.176099, -10.537366), (-4.6844625, -1.22547, -10.97971), (-3.6366675, -1.2684847, -11.365105), (-2.4887695, -1.3021396, -11.666638), (-1.2649559, -1.3236655, -11.859503), (0, -1.3310816, -11.925947), (1.2649559, -1.3236655, -11.859503), (2.4887695, -1.3021396, -11.666638), (3.6366675, -1.2684847, -11.365105), (4.6844625, -1.22547, -10.97971), (5.6196723, -1.176099, -10.537366), (6.44004, -1.1231563, -10.063022), (7.15072, -1.0689431, -9.577294), (7.761302, -1.0151902, -9.095691), (8.283378, -0.9630921, -8.628912), (8.728863, -0.91339904, -8.183682), (9.109004, -0.86652493, -7.7637095), (9.433883, -0.82264435, -7.370557), (-9.456129, 0, -7.3879375), (-9.132846, 0, -7.7840304), (-8.75426, 0, -8.207493), (-8.3101845, 0, -8.656837), (-7.7892256, 0, -9.128415), (-7.1792607, 0, -9.61552), (-6.4684353, 0, -10.10739), (-5.646858, 0, -10.588343), (-4.7090826, 0, -11.0374155), (-3.6571574, 0, -11.429138), (-2.5035524, 0, -11.735937), (-1.2727224, 0, -11.932317), (0, 0, -12), (1.2727224, 0, -11.932317), (2.5035524, 0, -11.735937), (3.6571574, 0, -11.429138), (4.7090826, 0, -11.0374155), (5.646858, 0, -10.588343), (6.4684353, 0, -10.10739), (7.1792607, 0, -9.61552), (7.7892256, 0, -9.128415), (8.3101845, 0, -8.656837), (8.75426, 0, -8.207493), (9.132846, 0, -7.7840304), (9.456129, 0, -7.3879375), (-9.433883, 0.82264435, -7.370557), (-9.109004, 0.86652493, -7.7637095), (-8.728863, 0.91339904, -8.183682), (-8.283378, 0.9630921, -8.628912), (-7.761302, 1.0151902, -9.095691), (-7.15072, 1.0689431, -9.577294), (-6.44004, 1.1231563, -10.063022), (-5.6196723, 1.176099, -10.537366), (-4.6844625, 1.22547, -10.97971), (-3.6366675, 1.2684847, -11.365105), (-2.4887695, 1.3021396, -11.666638), (-1.2649559, 1.3236655, -11.859503), (0, 1.3310816, -11.925947), (1.2649559, 1.3236655, -11.859503), (2.4887695, 1.3021396, -11.666638), (3.6366675, 1.2684847, -11.365105), (4.6844625, 1.22547, -10.97971), (5.6196723, 1.176099, -10.537366), (6.44004, 1.1231563, -10.063022), (7.15072, 1.0689431, -9.577294), (7.761302, 1.0151902, -9.095691), (8.283378, 0.9630921, -8.628912), (8.728863, 0.91339904, -8.183682), (9.109004, 0.86652493, -7.7637095), (9.433883, 0.82264435, -7.370557), (-9.368074, 1.6338116, -7.319142), (-9.038583, 1.7196518, -7.7036886), (-8.653978, 1.8111261, -8.113475), (-8.204485, 1.907839, -8.546729), (-7.6792984, 2.0089283, -8.999588), (-7.0670986, 2.1128857, -9.465296), (-6.3570476, 2.2173645, -9.93334), (-5.5404105, 2.3190217, -10.388743), (-4.6128573, 2.4134755, -10.811877), (-3.5772042, 2.4954872, -11.179274), (-2.4459436, 2.559466, -11.465884), (-1.2424827, 2.6002984, -11.648807), (0, 2.6143498, -11.711754), (1.2424827, 2.6002984, -11.648807), (2.4459436, 2.559466, -11.465884), (3.5772042, 2.4954872, -11.179274), (4.6128573, 2.4134755, -10.811877), (5.5404105, 2.3190217, -10.388743), (6.3570476, 2.2173645, -9.93334), (7.0670986, 2.1128857, -9.465296), (7.6792984, 2.0089283, -8.999588), (8.204485, 1.907839, -8.546729), (8.653978, 1.8111261, -8.113475), (9.038583, 1.7196518, -7.7036886), (9.368074, 1.6338116, -7.319142), (-9.26139, 2.4228082, -7.2357907), (-8.924759, 2.546994, -7.606675), (-8.533343, 2.6788187, -8.000374), (-8.077864, 2.8175924, -8.414825), (-7.5482183, 2.961956, -8.845972), (-6.9340205, 3.109648, -9.287058), (-6.2255826, 3.2572634, -9.727917), (-5.415448, 3.4000752, -10.1544285), (-4.500481, 3.5320194, -10.548484), (-3.484268, 3.645981, -10.888834), (-2.3792312, 3.7344856, -11.153155), (-1.2075499, 3.7907858, -11.321297), (0, 3.8101258, -11.379057), (1.2075499, 3.7907858, -11.321297), (2.3792312, 3.7344856, -11.153155), (3.484268, 3.645981, -10.888834), (4.500481, 3.5320194, -10.548484), (5.415448, 3.4000752, -10.1544285), (6.2255826, 3.2572634, -9.727917), (6.9340205, 3.109648, -9.287058), (7.5482183, 2.961956, -8.845972), (8.077864, 2.8175924, -8.414825), (8.533343, 2.6788187, -8.000374), (8.924759, 2.546994, -7.606675), (9.26139, 2.4228082, -7.2357907), (-9.117973, 3.1803868, -7.1237416), (-8.772395, 3.3380156, -7.476814), (-8.372625, 3.5044878, -7.8496947), (-7.9100547, 3.6787462, -8.240016), (-7.375493, 3.858904, -8.64355), (-6.7597384, 4.041985, -9.053634), (-6.0545197, 4.223683, -9.460618), (-5.253902, 4.3981986, -9.851516), (-4.3561134, 4.558291, -10.210106), (-3.36554, 4.695657, -10.517792), (-2.2943847, 4.8017454, -10.755419), (-1.1632501, 4.868957, -10.905967), (0, 4.891996, -10.957572), (1.1632501, 4.868957, -10.905967), (2.2943847, 4.8017454, -10.755419), (3.36554, 4.695657, -10.517792), (4.3561134, 4.558291, -10.210106), (5.253902, 4.3981986, -9.851516), (6.0545197, 4.223683, -9.460618), (6.7597384, 4.041985, -9.053634), (7.375493, 3.858904, -8.64355), (7.9100547, 3.6787462, -8.240016), (8.372625, 3.5044878, -7.8496947), (8.772395, 3.3380156, -7.476814), (9.117973, 3.1803868, -7.1237416), (-8.94301, 3.8991988, -6.987046), (-8.587501, 4.084576, -7.3192263), (-8.178739, 4.279167, -7.6679173), (-7.7089167, 4.4815035, -8.030488), (-7.169909, 4.689176, -8.40262), (-6.553843, 4.8985877, -8.777868), (-5.8539853, 5.1047354, -9.147269), (-5.0659866, 5.301111, -9.499158), (-4.1894145, 5.4798193, -9.819388), (-3.229341, 5.6320376, -10.092151), (-2.197556, 5.7488747, -10.301514), (-1.1128627, 5.8225665, -10.433564), (0, 5.847768, -10.478722), (1.1128627, 5.8225665, -10.433564), (2.197556, 5.7488747, -10.301514), (3.229341, 5.6320376, -10.092151), (4.1894145, 5.4798193, -9.819388), (5.0659866, 5.301111, -9.499158), (5.8539853, 5.1047354, -9.147269), (6.553843, 4.8985877, -8.777868), (7.169909, 4.689176, -8.40262), (7.7089167, 4.4815035, -8.030488), (8.178739, 4.279167, -7.6679173), (8.587501, 4.084576, -7.3192263), (8.94301, 3.8991988, -6.987046), (-8.742251, 4.574, -6.8301954), (-8.376641, 4.781139, -7.1395087), (-7.959109, 4.997106, -7.4620047), (-7.482737, 5.2200193, -7.794873), (-6.940543, 5.447003, -8.13382), (-6.326028, 5.673972, -8.472745), (-5.633984, 5.895471, -8.803502), (-4.861562, 6.104638, -9.115844), (-4.0095077, 6.293398, -9.397712), (-3.083373, 6.4529595, -9.635981), (-2.0943503, 6.574662, -9.817715), (-1.0593456, 6.651074, -9.931818), (0, 6.677143, -9.970745), (1.0593456, 6.651074, -9.931818), (2.0943503, 6.574662, -9.817715), (3.083373, 6.4529595, -9.635981), (4.0095077, 6.293398, -9.397712), (4.861562, 6.104638, -9.115844), (5.633984, 5.895471, -8.803502), (6.326028, 5.673972, -8.472745), (6.940543, 5.447003, -8.13382), (7.482737, 5.2200193, -7.794873), (7.959109, 4.997106, -7.4620047), (8.376641, 4.781139, -7.1395087), (8.742251, 4.574, -6.8301954), (-8.521566, 5.201626, -6.6577773), (-8.1464, 5.4246783, -6.9432716), (-7.7210326, 5.655569, -7.238798), (-7.2394805, 5.8920417, -7.5414696), (-6.695912, 6.13085, -7.84713), (-6.085158, 6.367584, -8.150136), (-5.403423, 6.596577, -8.4432335), (-4.6491714, 6.8109303, -8.717593), (-3.8240929, 7.002762, -8.963126), (-2.933988, 7.1637106, -9.169131), (-1.9893044, 7.2857146, -9.32529), (-1.0050639, 7.361979, -9.422903), (0, 7.3879375, -9.456129), (1.0050639, 7.361979, -9.422903), (1.9893044, 7.2857146, -9.32529), (2.933988, 7.1637106, -9.169131), (3.8240929, 7.002762, -8.963126), (4.6491714, 6.8109303, -8.717593), (5.403423, 6.596577, -8.4432335), (6.085158, 6.367584, -8.150136), (6.695912, 6.13085, -7.84713), (7.2394805, 5.8920417, -7.5414696), (7.7210326, 5.655569, -7.238798), (8.1464, 5.4246783, -6.9432716), (8.521566, 5.201626, -6.6577773)]
                                color3f[] primvars:displayColor = [(0, 0.85, 0.95)] (
                                    interpolation = "constant"
                                )
                                float[] primvars:displayOpacity = [0.3] (
                                    interpolation = "constant"
                                )
                                uniform token purpose = "guide"
                                uniform token subdivisionScheme = "none"
                            }

                            def Mesh "Shell_identify" (
                                prepend apiSchemas = ["AecoDerivedGeometryAPI", "MaterialBindingAPI"]
                            )
                            {
                                uniform token aeco:derived:approx = "tessellated"
                                uniform token aeco:derived:role = "coverage"
                                string aeco:derived:source = "e879ff19-3558-5c1b-9863-bb8a6b8395cf"
                                string aeco:derived:stamp = "usdAecoCctv derive 0.5.3"
                                uniform bool doubleSided = 1
                                float3[] extent = [(-3.191589, -2.4935427, -4.0501847), (3.191589, 2.4935427, 0)]
                                int[] faceVertexCounts = [4, 4, 4, 4, 4, 4, 4, 4, 4, 4, 4, 4, 4, 4, 4, 4, 4, 4, 4, 4, 4, 4, 4, 4, 4, 4, 4, 4, 4, 4, 4, 4, 4, 4, 4, 4, 4, 4, 4, 4, 4, 4, 4, 4, 4, 4, 4, 4, 4, 4, 4, 4, 4, 4, 4, 4, 4, 4, 4, 4, 4, 4, 4, 4, 4, 4, 4, 4, 4, 4, 4, 4, 4, 4, 4, 4, 4, 4, 4, 4, 4, 4, 4, 4, 4, 4, 4, 4, 4, 4, 4, 4, 4, 4, 4, 4, 4, 4, 4, 4, 4, 4, 4, 4, 4, 4, 4, 4, 4, 4, 4, 4, 4, 4, 4, 4, 4, 4, 4, 4, 4, 4, 4, 4, 4, 4, 4, 4, 4, 4, 4, 4, 4, 4, 4, 4, 4, 4, 4, 4, 4, 4, 4, 4, 4, 4, 4, 4, 4, 4, 4, 4, 4, 4, 4, 4, 4, 4, 4, 4, 4, 4, 4, 4, 4, 4, 4, 4, 4, 4, 4, 4, 4, 4, 4, 4, 4, 4, 4, 4, 4, 4, 4, 4, 4, 4, 4, 4, 4, 4, 4, 4, 4, 4, 4, 4, 4, 4, 4, 4, 4, 4, 4, 4, 4, 4, 4, 4, 4, 4, 4, 4, 4, 4, 4, 4, 4, 4, 4, 4, 4, 4, 4, 4, 4, 4, 4, 4, 4, 4, 4, 4, 4, 4, 4, 4, 4, 4, 4, 4, 4, 4, 4, 4, 4, 4, 4, 4, 4, 4, 4, 4, 4, 4, 4, 4, 4, 4, 4, 4, 4, 4, 4, 4, 4, 4, 4, 4, 4, 4, 4, 4, 4, 4, 4, 4, 4, 4, 4, 4, 4, 4, 4, 4, 4, 4, 4, 4, 4, 4, 4, 4, 4, 4, 4, 4, 4, 4, 4, 4, 4, 4, 4, 4, 4, 4, 4, 4, 4, 4, 4, 4, 4, 4, 4, 4, 4, 4, 4, 4, 4, 4, 4, 4, 4, 4, 4, 4, 4, 4, 4, 4, 4, 4, 4, 4, 3, 3, 3, 3, 3, 3, 3, 3, 3, 3, 3, 3, 3, 3, 3, 3, 3, 3, 3, 3, 3, 3, 3, 3, 3, 3, 3, 3, 3, 3, 3, 3, 3, 3, 3, 3, 3, 3, 3, 3, 3, 3, 3, 3, 3, 3, 3, 3, 3, 3, 3, 3, 3, 3, 3, 3, 3, 3, 3, 3, 3, 3, 3, 3, 3, 3, 3, 3, 3, 3, 3, 3, 3, 3, 3, 3]
                                int[] faceVertexIndices = [1, 26, 27, 2, 2, 27, 28, 3, 3, 28, 29, 4, 4, 29, 30, 5, 5, 30, 31, 6, 6, 31, 32, 7, 7, 32, 33, 8, 8, 33, 34, 9, 9, 34, 35, 10, 10, 35, 36, 11, 11, 36, 37, 12, 12, 37, 38, 13, 13, 38, 39, 14, 14, 39, 40, 15, 15, 40, 41, 16, 16, 41, 42, 17, 17, 42, 43, 18, 18, 43, 44, 19, 19, 44, 45, 20, 20, 45, 46, 21, 21, 46, 47, 22, 22, 47, 48, 23, 23, 48, 49, 24, 24, 49, 50, 25, 26, 51, 52, 27, 27, 52, 53, 28, 28, 53, 54, 29, 29, 54, 55, 30, 30, 55, 56, 31, 31, 56, 57, 32, 32, 57, 58, 33, 33, 58, 59, 34, 34, 59, 60, 35, 35, 60, 61, 36, 36, 61, 62, 37, 37, 62, 63, 38, 38, 63, 64, 39, 39, 64, 65, 40, 40, 65, 66, 41, 41, 66, 67, 42, 42, 67, 68, 43, 43, 68, 69, 44, 44, 69, 70, 45, 45, 70, 71, 46, 46, 71, 72, 47, 47, 72, 73, 48, 48, 73, 74, 49, 49, 74, 75, 50, 51, 76, 77, 52, 52, 77, 78, 53, 53, 78, 79, 54, 54, 79, 80, 55, 55, 80, 81, 56, 56, 81, 82, 57, 57, 82, 83, 58, 58, 83, 84, 59, 59, 84, 85, 60, 60, 85, 86, 61, 61, 86, 87, 62, 62, 87, 88, 63, 63, 88, 89, 64, 64, 89, 90, 65, 65, 90, 91, 66, 66, 91, 92, 67, 67, 92, 93, 68, 68, 93, 94, 69, 69, 94, 95, 70, 70, 95, 96, 71, 71, 96, 97, 72, 72, 97, 98, 73, 73, 98, 99, 74, 74, 99, 100, 75, 76, 101, 102, 77, 77, 102, 103, 78, 78, 103, 104, 79, 79, 104, 105, 80, 80, 105, 106, 81, 81, 106, 107, 82, 82, 107, 108, 83, 83, 108, 109, 84, 84, 109, 110, 85, 85, 110, 111, 86, 86, 111, 112, 87, 87, 112, 113, 88, 88, 113, 114, 89, 89, 114, 115, 90, 90, 115, 116, 91, 91, 116, 117, 92, 92, 117, 118, 93, 93, 118, 119, 94, 94, 119, 120, 95, 95, 120, 121, 96, 96, 121, 122, 97, 97, 122, 123, 98, 98, 123, 124, 99, 99, 124, 125, 100, 101, 126, 127, 102, 102, 127, 128, 103, 103, 128, 129, 104, 104, 129, 130, 105, 105, 130, 131, 106, 106, 131, 132, 107, 107, 132, 133, 108, 108, 133, 134, 109, 109, 134, 135, 110, 110, 135, 136, 111, 111, 136, 137, 112, 112, 137, 138, 113, 113, 138, 139, 114, 114, 139, 140, 115, 115, 140, 141, 116, 116, 141, 142, 117, 117, 142, 143, 118, 118, 143, 144, 119, 119, 144, 145, 120, 120, 145, 146, 121, 121, 146, 147, 122, 122, 147, 148, 123, 123, 148, 149, 124, 124, 149, 150, 125, 126, 151, 152, 127, 127, 152, 153, 128, 128, 153, 154, 129, 129, 154, 155, 130, 130, 155, 156, 131, 131, 156, 157, 132, 132, 157, 158, 133, 133, 158, 159, 134, 134, 159, 160, 135, 135, 160, 161, 136, 136, 161, 162, 137, 137, 162, 163, 138, 138, 163, 164, 139, 139, 164, 165, 140, 140, 165, 166, 141, 141, 166, 167, 142, 142, 167, 168, 143, 143, 168, 169, 144, 144, 169, 170, 145, 145, 170, 171, 146, 146, 171, 172, 147, 147, 172, 173, 148, 148, 173, 174, 149, 149, 174, 175, 150, 151, 176, 177, 152, 152, 177, 178, 153, 153, 178, 179, 154, 154, 179, 180, 155, 155, 180, 181, 156, 156, 181, 182, 157, 157, 182, 183, 158, 158, 183, 184, 159, 159, 184, 185, 160, 160, 185, 186, 161, 161, 186, 187, 162, 162, 187, 188, 163, 163, 188, 189, 164, 164, 189, 190, 165, 165, 190, 191, 166, 166, 191, 192, 167, 167, 192, 193, 168, 168, 193, 194, 169, 169, 194, 195, 170, 170, 195, 196, 171, 171, 196, 197, 172, 172, 197, 198, 173, 173, 198, 199, 174, 174, 199, 200, 175, 176, 201, 202, 177, 177, 202, 203, 178, 178, 203, 204, 179, 179, 204, 205, 180, 180, 205, 206, 181, 181, 206, 207, 182, 182, 207, 208, 183, 183, 208, 209, 184, 184, 209, 210, 185, 185, 210, 211, 186, 186, 211, 212, 187, 187, 212, 213, 188, 188, 213, 214, 189, 189, 214, 215, 190, 190, 215, 216, 191, 191, 216, 217, 192, 192, 217, 218, 193, 193, 218, 219, 194, 194, 219, 220, 195, 195, 220, 221, 196, 196, 221, 222, 197, 197, 222, 223, 198, 198, 223, 224, 199, 199, 224, 225, 200, 201, 226, 227, 202, 202, 227, 228, 203, 203, 228, 229, 204, 204, 229, 230, 205, 205, 230, 231, 206, 206, 231, 232, 207, 207, 232, 233, 208, 208, 233, 234, 209, 209, 234, 235, 210, 210, 235, 236, 211, 211, 236, 237, 212, 212, 237, 238, 213, 213, 238, 239, 214, 214, 239, 240, 215, 215, 240, 241, 216, 216, 241, 242, 217, 217, 242, 243, 218, 218, 243, 244, 219, 219, 244, 245, 220, 220, 245, 246, 221, 221, 246, 247, 222, 222, 247, 248, 223, 223, 248, 249, 224, 224, 249, 250, 225, 226, 251, 252, 227, 227, 252, 253, 228, 228, 253, 254, 229, 229, 254, 255, 230, 230, 255, 256, 231, 231, 256, 257, 232, 232, 257, 258, 233, 233, 258, 259, 234, 234, 259, 260, 235, 235, 260, 261, 236, 236, 261, 262, 237, 237, 262, 263, 238, 238, 263, 264, 239, 239, 264, 265, 240, 240, 265, 266, 241, 241, 266, 267, 242, 242, 267, 268, 243, 243, 268, 269, 244, 244, 269, 270, 245, 245, 270, 271, 246, 246, 271, 272, 247, 247, 272, 273, 248, 248, 273, 274, 249, 249, 274, 275, 250, 251, 276, 277, 252, 252, 277, 278, 253, 253, 278, 279, 254, 254, 279, 280, 255, 255, 280, 281, 256, 256, 281, 282, 257, 257, 282, 283, 258, 258, 283, 284, 259, 259, 284, 285, 260, 260, 285, 286, 261, 261, 286, 287, 262, 262, 287, 288, 263, 263, 288, 289, 264, 264, 289, 290, 265, 265, 290, 291, 266, 266, 291, 292, 267, 267, 292, 293, 268, 268, 293, 294, 269, 269, 294, 295, 270, 270, 295, 296, 271, 271, 296, 297, 272, 272, 297, 298, 273, 273, 298, 299, 274, 274, 299, 300, 275, 276, 301, 302, 277, 277, 302, 303, 278, 278, 303, 304, 279, 279, 304, 305, 280, 280, 305, 306, 281, 281, 306, 307, 282, 282, 307, 308, 283, 283, 308, 309, 284, 284, 309, 310, 285, 285, 310, 311, 286, 286, 311, 312, 287, 287, 312, 313, 288, 288, 313, 314, 289, 289, 314, 315, 290, 290, 315, 316, 291, 291, 316, 317, 292, 292, 317, 318, 293, 293, 318, 319, 294, 294, 319, 320, 295, 295, 320, 321, 296, 296, 321, 322, 297, 297, 322, 323, 298, 298, 323, 324, 299, 299, 324, 325, 300, 301, 326, 327, 302, 302, 327, 328, 303, 303, 328, 329, 304, 304, 329, 330, 305, 305, 330, 331, 306, 306, 331, 332, 307, 307, 332, 333, 308, 308, 333, 334, 309, 309, 334, 335, 310, 310, 335, 336, 311, 311, 336, 337, 312, 312, 337, 338, 313, 313, 338, 339, 314, 314, 339, 340, 315, 315, 340, 341, 316, 316, 341, 342, 317, 317, 342, 343, 318, 318, 343, 344, 319, 319, 344, 345, 320, 320, 345, 346, 321, 321, 346, 347, 322, 322, 347, 348, 323, 323, 348, 349, 324, 324, 349, 350, 325, 326, 351, 352, 327, 327, 352, 353, 328, 328, 353, 354, 329, 329, 354, 355, 330, 330, 355, 356, 331, 331, 356, 357, 332, 332, 357, 358, 333, 333, 358, 359, 334, 334, 359, 360, 335, 335, 360, 361, 336, 336, 361, 362, 337, 337, 362, 363, 338, 338, 363, 364, 339, 339, 364, 365, 340, 340, 365, 366, 341, 341, 366, 367, 342, 342, 367, 368, 343, 343, 368, 369, 344, 344, 369, 370, 345, 345, 370, 371, 346, 346, 371, 372, 347, 347, 372, 373, 348, 348, 373, 374, 349, 349, 374, 375, 350, 0, 1, 2, 0, 2, 3, 0, 3, 4, 0, 4, 5, 0, 5, 6, 0, 6, 7, 0, 7, 8, 0, 8, 9, 0, 9, 10, 0, 10, 11, 0, 11, 12, 0, 12, 13, 0, 13, 14, 0, 14, 15, 0, 15, 16, 0, 16, 17, 0, 17, 18, 0, 18, 19, 0, 19, 20, 0, 20, 21, 0, 21, 22, 0, 22, 23, 0, 23, 24, 0, 24, 25, 0, 352, 351, 0, 353, 352, 0, 354, 353, 0, 355, 354, 0, 356, 355, 0, 357, 356, 0, 358, 357, 0, 359, 358, 0, 360, 359, 0, 361, 360, 0, 362, 361, 0, 363, 362, 0, 364, 363, 0, 365, 364, 0, 366, 365, 0, 367, 366, 0, 368, 367, 0, 369, 368, 0, 370, 369, 0, 371, 370, 0, 372, 371, 0, 373, 372, 0, 374, 373, 0, 375, 374, 0, 26, 1, 0, 51, 26, 0, 76, 51, 0, 101, 76, 0, 126, 101, 0, 151, 126, 0, 176, 151, 0, 201, 176, 0, 226, 201, 0, 251, 226, 0, 276, 251, 0, 301, 276, 0, 326, 301, 0, 351, 326, 0, 25, 50, 0, 50, 75, 0, 75, 100, 0, 100, 125, 0, 125, 150, 0, 150, 175, 0, 175, 200, 0, 200, 225, 0, 225, 250, 0, 250, 275, 0, 275, 300, 0, 300, 325, 0, 325, 350, 0, 350, 375]
                                rel material:binding = </AecoCctvLooks/Shell_identify>
                                point3f[] points = [(0, 0, 0), (-2.8761597, -1.7556287, -2.2471023), (-2.7495356, -1.8309125, -2.343461), (-2.6059673, -1.9088415, -2.4432058), (-2.4434361, -1.9886547, -2.545362), (-2.2599733, -2.069256, -2.6485271), (-2.0538344, -2.1491578, -2.7507966), (-1.8237385, -2.2264462, -2.8497212), (-1.5691668, -2.2987938, -2.942322), (-1.2906902, -2.36354, -3.0251932), (-0.99026614, -2.4178624, -3.094723), (-0.6714209, -2.4590409, -3.1474288), (-0.33922452, -2.4847813, -3.1803749), (0, -2.4935427, -3.191589), (0.33922452, -2.4847813, -3.1803749), (0.6714209, -2.4590409, -3.1474288), (0.99026614, -2.4178624, -3.094723), (1.2906902, -2.36354, -3.0251932), (1.5691668, -2.2987938, -2.942322), (1.8237385, -2.2264462, -2.8497212), (2.0538344, -2.1491578, -2.7507966), (2.2599733, -2.069256, -2.6485271), (2.4434361, -1.9886547, -2.545362), (2.6059673, -1.9088415, -2.4432058), (2.7495356, -1.8309125, -2.343461), (2.8761597, -1.7556287, -2.2471023), (-2.9506443, -1.5437953, -2.305296), (-2.8272455, -1.613708, -2.4096942), (-2.6863217, -1.6866002, -2.5185416), (-2.525539, -1.7618368, -2.6308897), (-2.34254, -1.8384472, -2.7452893), (-2.1351318, -1.9150529, -2.8596818), (-1.9015564, -1.9898121, -2.9713173), (-1.6408519, -2.0604093, -3.0767376), (-1.3532705, -2.1241186, -3.1718724), (-1.0406859, -2.1779733, -3.2522917), (-0.70687544, -2.2190497, -3.3136296), (-0.35754544, -2.24484, -3.3521414), (0, -2.2536385, -3.36528), (0.35754544, -2.24484, -3.3521414), (0.70687544, -2.2190497, -3.3136296), (1.0406859, -2.1779733, -3.2522917), (1.3532705, -2.1241186, -3.1718724), (1.6408519, -2.0604093, -3.0767376), (1.9015564, -1.9898121, -2.9713173), (2.1351318, -1.9150529, -2.8596818), (2.34254, -1.8384472, -2.7452893), (2.525539, -1.7618368, -2.6308897), (2.6863217, -1.6866002, -2.5185416), (2.8272455, -1.613708, -2.4096942), (2.9506443, -1.5437953, -2.305296), (-3.0184038, -1.3160397, -2.3582354), (-2.8984137, -1.3786073, -2.4703515), (-2.7604504, -1.4442847, -2.58804), (-2.601878, -1.5125763, -2.7104132), (-2.4199548, -1.5826691, -2.8360138), (-2.212023, -1.6533487, -2.9626658), (-1.9758102, -1.7229269, -3.0873442), (-1.7098484, -1.7892066, -3.206112), (-1.4139919, -1.8495233, -3.3141947), (-1.0899523, -1.9008993, -3.4062562), (-0.741709, -1.9403337, -3.4769194), (-0.3756083, -1.9652059, -3.5214884), (0, -1.9737116, -3.5367298), (0.3756083, -1.9652059, -3.5214884), (0.741709, -1.9403337, -3.4769194), (1.0899523, -1.9008993, -3.4062562), (1.4139919, -1.8495233, -3.3141947), (1.7098484, -1.7892066, -3.206112), (1.9758102, -1.7229269, -3.0873442), (2.212023, -1.6533487, -2.9626658), (2.4199548, -1.5826691, -2.8360138), (2.601878, -1.5125763, -2.7104132), (2.7604504, -1.4442847, -2.58804), (2.8984137, -1.3786073, -2.4703515), (3.0184038, -1.3160397, -2.3582354), (-3.0774565, -1.0734295, -2.4043725), (-2.9608183, -1.1266316, -2.5235398), (-2.82589, -1.1828185, -2.6493926), (-2.6697652, -1.2416335, -2.7811322), (-2.4893425, -1.3024395, -2.9173312), (-2.2815158, -1.3642322, -3.0557408), (-2.0434935, -1.425558, -3.1931043), (-1.7732729, -1.4844598, -3.3250382), (-1.4702553, -1.5384933, -3.4460678), (-1.1359215, -1.5848565, -3.5499167), (-0.77439016, -1.6206629, -3.6301196), (-0.39261478, -1.643348, -3.6809316), (0, -1.651124, -3.698349), (0.39261478, -1.643348, -3.6809316), (0.77439016, -1.6206629, -3.6301196), (1.1359215, -1.5848565, -3.5499167), (1.4702553, -1.5384933, -3.4460678), (1.7732729, -1.4844598, -3.3250382), (2.0434935, -1.425558, -3.1931043), (2.2815158, -1.3642322, -3.0557408), (2.4893425, -1.3024395, -2.9173312), (2.6697652, -1.2416335, -2.7811322), (2.82589, -1.1828185, -2.6493926), (2.9608183, -1.1266316, -2.5235398), (3.0774565, -1.0734295, -2.4043725), (-3.1258614, -0.8177351, -2.4421906), (-3.0122433, -0.85964966, -2.56737), (-2.8801346, -0.90414256, -2.7002494), (-2.7264035, -0.9509808, -2.8401332), (-2.5476398, -0.99970573, -2.9856517), (-2.3403387, -1.049554, -3.134525), (-2.10123, -1.0993766, -3.2833214), (-1.827797, -1.1475778, -3.427276), (-1.5189817, -1.1921109, -3.5602756), (-1.175994, -1.2305747, -3.675149), (-0.8030272, -1.2604464, -3.7643616), (-0.4075667, -1.2794485, -3.821112), (0, -1.2859762, -3.840607), (0.4075667, -1.2794485, -3.821112), (0.8030272, -1.2604464, -3.7643616), (1.175994, -1.2305747, -3.675149), (1.5189817, -1.1921109, -3.5602756), (1.827797, -1.1475778, -3.427276), (2.10123, -1.0993766, -3.2833214), (2.3403387, -1.049554, -3.134525), (2.5476398, -0.99970573, -2.9856517), (2.7264035, -0.9509808, -2.8401332), (2.8801346, -0.90414256, -2.7002494), (3.0122433, -0.85964966, -2.56737), (3.1258614, -0.8177351, -2.4421906), (-3.1618693, -0.55143654, -2.470323), (-3.0506608, -0.58040893, -2.6001136), (-2.920851, -0.61128294, -2.7384226), (-2.76914, -0.643925, -2.8846524), (-2.5918813, -0.6780442, -3.0374994), (-2.3852546, -0.7131314, -3.194683), (-2.1456015, -0.7483946, -3.3526552), (-1.8699738, -0.7827055, -3.5063608), (-1.5569103, -0.8145851, -3.649175), (-1.2073616, -0.84226537, -3.773177), (-0.82554364, -0.8638591, -3.8699124), (-0.41935703, -0.8776408, -3.9316514), (0, -0.88238335, -3.952897), (0.41935703, -0.8776408, -3.9316514), (0.82554364, -0.8638591, -3.8699124), (1.2073616, -0.84226537, -3.773177), (1.5569103, -0.8145851, -3.649175), (1.8699738, -0.7827055, -3.5063608), (2.1456015, -0.7483946, -3.3526552), (2.3852546, -0.7131314, -3.194683), (2.5918813, -0.6780442, -3.0374994), (2.76914, -0.643925, -2.8846524), (2.920851, -0.61128294, -2.7384226), (3.0506608, -0.58040893, -2.6001136), (3.1618693, -0.55143654, -2.470323), (-3.1840806, -0.27765512, -2.4876764), (-3.074429, -0.2924655, -2.6203713), (-2.9461255, -0.30828622, -2.7621186), (-2.7957673, -0.3250584, -2.9123905), (-2.6195588, -0.34264234, -3.0699356), (-2.4134781, -0.36078477, -3.232484), (-2.1736126, -0.37908253, -3.3964248), (-1.8967258, -0.3969515, -3.556523), (-1.5810783, -0.41361496, -3.705821), (-1.2274313, -0.4281331, -3.8358977), (-0.839998, -0.43949217, -3.9376702), (-0.42694208, -0.4467575, -4.0027647), (0, -0.44926053, -4.025191), (0.42694208, -0.4467575, -4.0027647), (0.839998, -0.43949217, -3.9376702), (1.2274313, -0.4281331, -3.8358977), (1.5810783, -0.41361496, -3.705821), (1.8967258, -0.3969515, -3.556523), (2.1736126, -0.37908253, -3.3964248), (2.4134781, -0.36078477, -3.232484), (2.6195588, -0.34264234, -3.0699356), (2.7957673, -0.3250584, -2.9123905), (2.9461255, -0.30828622, -2.7621186), (3.074429, -0.2924655, -2.6203713), (3.1840806, -0.27765512, -2.4876764), (-3.191589, 0, -2.4935427), (-3.082476, 0, -2.62723), (-2.9546974, 0, -2.7701552), (-2.8048153, 0, -2.9218159), (-2.6289835, 0, -3.0809805), (-2.423111, 0, -3.245386), (-2.1831963, 0, -3.4113998), (-1.9059016, 0, -3.5737286), (-1.5893879, 0, -3.7252977), (-1.2343469, 0, -3.85751), (-0.8449875, 0, -3.9610596), (-0.4295634, 0, -4.0273404), (0, 0, -4.0501847), (0.4295634, 0, -4.0273404), (0.8449875, 0, -3.9610596), (1.2343469, 0, -3.85751), (1.5893879, 0, -3.7252977), (1.9059016, 0, -3.5737286), (2.1831963, 0, -3.4113998), (2.423111, 0, -3.245386), (2.6289835, 0, -3.0809805), (2.8048153, 0, -2.9218159), (2.9546974, 0, -2.7701552), (3.082476, 0, -2.62723), (3.191589, 0, -2.4935427), (-3.1840806, 0.27765512, -2.4876764), (-3.074429, 0.2924655, -2.6203713), (-2.9461255, 0.30828622, -2.7621186), (-2.7957673, 0.3250584, -2.9123905), (-2.6195588, 0.34264234, -3.0699356), (-2.4134781, 0.36078477, -3.232484), (-2.1736126, 0.37908253, -3.3964248), (-1.8967258, 0.3969515, -3.556523), (-1.5810783, 0.41361496, -3.705821), (-1.2274313, 0.4281331, -3.8358977), (-0.839998, 0.43949217, -3.9376702), (-0.42694208, 0.4467575, -4.0027647), (0, 0.44926053, -4.025191), (0.42694208, 0.4467575, -4.0027647), (0.839998, 0.43949217, -3.9376702), (1.2274313, 0.4281331, -3.8358977), (1.5810783, 0.41361496, -3.705821), (1.8967258, 0.3969515, -3.556523), (2.1736126, 0.37908253, -3.3964248), (2.4134781, 0.36078477, -3.232484), (2.6195588, 0.34264234, -3.0699356), (2.7957673, 0.3250584, -2.9123905), (2.9461255, 0.30828622, -2.7621186), (3.074429, 0.2924655, -2.6203713), (3.1840806, 0.27765512, -2.4876764), (-3.1618693, 0.55143654, -2.470323), (-3.0506608, 0.58040893, -2.6001136), (-2.920851, 0.61128294, -2.7384226), (-2.76914, 0.643925, -2.8846524), (-2.5918813, 0.6780442, -3.0374994), (-2.3852546, 0.7131314, -3.194683), (-2.1456015, 0.7483946, -3.3526552), (-1.8699738, 0.7827055, -3.5063608), (-1.5569103, 0.8145851, -3.649175), (-1.2073616, 0.84226537, -3.773177), (-0.82554364, 0.8638591, -3.8699124), (-0.41935703, 0.8776408, -3.9316514), (0, 0.88238335, -3.952897), (0.41935703, 0.8776408, -3.9316514), (0.82554364, 0.8638591, -3.8699124), (1.2073616, 0.84226537, -3.773177), (1.5569103, 0.8145851, -3.649175), (1.8699738, 0.7827055, -3.5063608), (2.1456015, 0.7483946, -3.3526552), (2.3852546, 0.7131314, -3.194683), (2.5918813, 0.6780442, -3.0374994), (2.76914, 0.643925, -2.8846524), (2.920851, 0.61128294, -2.7384226), (3.0506608, 0.58040893, -2.6001136), (3.1618693, 0.55143654, -2.470323), (-3.1258614, 0.8177351, -2.4421906), (-3.0122433, 0.85964966, -2.56737), (-2.8801346, 0.90414256, -2.7002494), (-2.7264035, 0.9509808, -2.8401332), (-2.5476398, 0.99970573, -2.9856517), (-2.3403387, 1.049554, -3.134525), (-2.10123, 1.0993766, -3.2833214), (-1.827797, 1.1475778, -3.427276), (-1.5189817, 1.1921109, -3.5602756), (-1.175994, 1.2305747, -3.675149), (-0.8030272, 1.2604464, -3.7643616), (-0.4075667, 1.2794485, -3.821112), (0, 1.2859762, -3.840607), (0.4075667, 1.2794485, -3.821112), (0.8030272, 1.2604464, -3.7643616), (1.175994, 1.2305747, -3.675149), (1.5189817, 1.1921109, -3.5602756), (1.827797, 1.1475778, -3.427276), (2.10123, 1.0993766, -3.2833214), (2.3403387, 1.049554, -3.134525), (2.5476398, 0.99970573, -2.9856517), (2.7264035, 0.9509808, -2.8401332), (2.8801346, 0.90414256, -2.7002494), (3.0122433, 0.85964966, -2.56737), (3.1258614, 0.8177351, -2.4421906), (-3.0774565, 1.0734295, -2.4043725), (-2.9608183, 1.1266316, -2.5235398), (-2.82589, 1.1828185, -2.6493926), (-2.6697652, 1.2416335, -2.7811322), (-2.4893425, 1.3024395, -2.9173312), (-2.2815158, 1.3642322, -3.0557408), (-2.0434935, 1.425558, -3.1931043), (-1.7732729, 1.4844598, -3.3250382), (-1.4702553, 1.5384933, -3.4460678), (-1.1359215, 1.5848565, -3.5499167), (-0.77439016, 1.6206629, -3.6301196), (-0.39261478, 1.643348, -3.6809316), (0, 1.651124, -3.698349), (0.39261478, 1.643348, -3.6809316), (0.77439016, 1.6206629, -3.6301196), (1.1359215, 1.5848565, -3.5499167), (1.4702553, 1.5384933, -3.4460678), (1.7732729, 1.4844598, -3.3250382), (2.0434935, 1.425558, -3.1931043), (2.2815158, 1.3642322, -3.0557408), (2.4893425, 1.3024395, -2.9173312), (2.6697652, 1.2416335, -2.7811322), (2.82589, 1.1828185, -2.6493926), (2.9608183, 1.1266316, -2.5235398), (3.0774565, 1.0734295, -2.4043725), (-3.0184038, 1.3160397, -2.3582354), (-2.8984137, 1.3786073, -2.4703515), (-2.7604504, 1.4442847, -2.58804), (-2.601878, 1.5125763, -2.7104132), (-2.4199548, 1.5826691, -2.8360138), (-2.212023, 1.6533487, -2.9626658), (-1.9758102, 1.7229269, -3.0873442), (-1.7098484, 1.7892066, -3.206112), (-1.4139919, 1.8495233, -3.3141947), (-1.0899523, 1.9008993, -3.4062562), (-0.741709, 1.9403337, -3.4769194), (-0.3756083, 1.9652059, -3.5214884), (0, 1.9737116, -3.5367298), (0.3756083, 1.9652059, -3.5214884), (0.741709, 1.9403337, -3.4769194), (1.0899523, 1.9008993, -3.4062562), (1.4139919, 1.8495233, -3.3141947), (1.7098484, 1.7892066, -3.206112), (1.9758102, 1.7229269, -3.0873442), (2.212023, 1.6533487, -2.9626658), (2.4199548, 1.5826691, -2.8360138), (2.601878, 1.5125763, -2.7104132), (2.7604504, 1.4442847, -2.58804), (2.8984137, 1.3786073, -2.4703515), (3.0184038, 1.3160397, -2.3582354), (-2.9506443, 1.5437953, -2.305296), (-2.8272455, 1.613708, -2.4096942), (-2.6863217, 1.6866002, -2.5185416), (-2.525539, 1.7618368, -2.6308897), (-2.34254, 1.8384472, -2.7452893), (-2.1351318, 1.9150529, -2.8596818), (-1.9015564, 1.9898121, -2.9713173), (-1.6408519, 2.0604093, -3.0767376), (-1.3532705, 2.1241186, -3.1718724), (-1.0406859, 2.1779733, -3.2522917), (-0.70687544, 2.2190497, -3.3136296), (-0.35754544, 2.24484, -3.3521414), (0, 2.2536385, -3.36528), (0.35754544, 2.24484, -3.3521414), (0.70687544, 2.2190497, -3.3136296), (1.0406859, 2.1779733, -3.2522917), (1.3532705, 2.1241186, -3.1718724), (1.6408519, 2.0604093, -3.0767376), (1.9015564, 1.9898121, -2.9713173), (2.1351318, 1.9150529, -2.8596818), (2.34254, 1.8384472, -2.7452893), (2.525539, 1.7618368, -2.6308897), (2.6863217, 1.6866002, -2.5185416), (2.8272455, 1.613708, -2.4096942), (2.9506443, 1.5437953, -2.305296), (-2.8761597, 1.7556287, -2.2471023), (-2.7495356, 1.8309125, -2.343461), (-2.6059673, 1.9088415, -2.4432058), (-2.4434361, 1.9886547, -2.545362), (-2.2599733, 2.069256, -2.6485271), (-2.0538344, 2.1491578, -2.7507966), (-1.8237385, 2.2264462, -2.8497212), (-1.5691668, 2.2987938, -2.942322), (-1.2906902, 2.36354, -3.0251932), (-0.99026614, 2.4178624, -3.094723), (-0.6714209, 2.4590409, -3.1474288), (-0.33922452, 2.4847813, -3.1803749), (0, 2.4935427, -3.191589), (0.33922452, 2.4847813, -3.1803749), (0.6714209, 2.4590409, -3.1474288), (0.99026614, 2.4178624, -3.094723), (1.2906902, 2.36354, -3.0251932), (1.5691668, 2.2987938, -2.942322), (1.8237385, 2.2264462, -2.8497212), (2.0538344, 2.1491578, -2.7507966), (2.2599733, 2.069256, -2.6485271), (2.4434361, 1.9886547, -2.545362), (2.6059673, 1.9088415, -2.4432058), (2.7495356, 1.8309125, -2.343461), (2.8761597, 1.7556287, -2.2471023)]
                                color3f[] primvars:displayColor = [(0, 0.5, 0.45)] (
                                    interpolation = "constant"
                                )
                                float[] primvars:displayOpacity = [0.3] (
                                    interpolation = "constant"
                                )
                                uniform token purpose = "guide"
                                uniform token subdivisionScheme = "none"
                            }

                            def Mesh "Shell_recognise" (
                                prepend apiSchemas = ["AecoDerivedGeometryAPI", "MaterialBindingAPI"]
                            )
                            {
                                uniform token aeco:derived:approx = "tessellated"
                                uniform token aeco:derived:role = "coverage"
                                string aeco:derived:source = "e879ff19-3558-5c1b-9863-bb8a6b8395cf"
                                string aeco:derived:stamp = "usdAecoCctv derive 0.5.3"
                                uniform bool doubleSided = 1
                                float3[] extent = [(-6.383178, -4.9870853, -8.100369), (6.383178, 4.9870853, 0)]
                                int[] faceVertexCounts = [4, 4, 4, 4, 4, 4, 4, 4, 4, 4, 4, 4, 4, 4, 4, 4, 4, 4, 4, 4, 4, 4, 4, 4, 4, 4, 4, 4, 4, 4, 4, 4, 4, 4, 4, 4, 4, 4, 4, 4, 4, 4, 4, 4, 4, 4, 4, 4, 4, 4, 4, 4, 4, 4, 4, 4, 4, 4, 4, 4, 4, 4, 4, 4, 4, 4, 4, 4, 4, 4, 4, 4, 4, 4, 4, 4, 4, 4, 4, 4, 4, 4, 4, 4, 4, 4, 4, 4, 4, 4, 4, 4, 4, 4, 4, 4, 4, 4, 4, 4, 4, 4, 4, 4, 4, 4, 4, 4, 4, 4, 4, 4, 4, 4, 4, 4, 4, 4, 4, 4, 4, 4, 4, 4, 4, 4, 4, 4, 4, 4, 4, 4, 4, 4, 4, 4, 4, 4, 4, 4, 4, 4, 4, 4, 4, 4, 4, 4, 4, 4, 4, 4, 4, 4, 4, 4, 4, 4, 4, 4, 4, 4, 4, 4, 4, 4, 4, 4, 4, 4, 4, 4, 4, 4, 4, 4, 4, 4, 4, 4, 4, 4, 4, 4, 4, 4, 4, 4, 4, 4, 4, 4, 4, 4, 4, 4, 4, 4, 4, 4, 4, 4, 4, 4, 4, 4, 4, 4, 4, 4, 4, 4, 4, 4, 4, 4, 4, 4, 4, 4, 4, 4, 4, 4, 4, 4, 4, 4, 4, 4, 4, 4, 4, 4, 4, 4, 4, 4, 4, 4, 4, 4, 4, 4, 4, 4, 4, 4, 4, 4, 4, 4, 4, 4, 4, 4, 4, 4, 4, 4, 4, 4, 4, 4, 4, 4, 4, 4, 4, 4, 4, 4, 4, 4, 4, 4, 4, 4, 4, 4, 4, 4, 4, 4, 4, 4, 4, 4, 4, 4, 4, 4, 4, 4, 4, 4, 4, 4, 4, 4, 4, 4, 4, 4, 4, 4, 4, 4, 4, 4, 4, 4, 4, 4, 4, 4, 4, 4, 4, 4, 4, 4, 4, 4, 4, 4, 4, 4, 4, 4, 4, 4, 4, 4, 4, 4, 3, 3, 3, 3, 3, 3, 3, 3, 3, 3, 3, 3, 3, 3, 3, 3, 3, 3, 3, 3, 3, 3, 3, 3, 3, 3, 3, 3, 3, 3, 3, 3, 3, 3, 3, 3, 3, 3, 3, 3, 3, 3, 3, 3, 3, 3, 3, 3, 3, 3, 3, 3, 3, 3, 3, 3, 3, 3, 3, 3, 3, 3, 3, 3, 3, 3, 3, 3, 3, 3, 3, 3, 3, 3, 3, 3]
                                int[] faceVertexIndices = [1, 26, 27, 2, 2, 27, 28, 3, 3, 28, 29, 4, 4, 29, 30, 5, 5, 30, 31, 6, 6, 31, 32, 7, 7, 32, 33, 8, 8, 33, 34, 9, 9, 34, 35, 10, 10, 35, 36, 11, 11, 36, 37, 12, 12, 37, 38, 13, 13, 38, 39, 14, 14, 39, 40, 15, 15, 40, 41, 16, 16, 41, 42, 17, 17, 42, 43, 18, 18, 43, 44, 19, 19, 44, 45, 20, 20, 45, 46, 21, 21, 46, 47, 22, 22, 47, 48, 23, 23, 48, 49, 24, 24, 49, 50, 25, 26, 51, 52, 27, 27, 52, 53, 28, 28, 53, 54, 29, 29, 54, 55, 30, 30, 55, 56, 31, 31, 56, 57, 32, 32, 57, 58, 33, 33, 58, 59, 34, 34, 59, 60, 35, 35, 60, 61, 36, 36, 61, 62, 37, 37, 62, 63, 38, 38, 63, 64, 39, 39, 64, 65, 40, 40, 65, 66, 41, 41, 66, 67, 42, 42, 67, 68, 43, 43, 68, 69, 44, 44, 69, 70, 45, 45, 70, 71, 46, 46, 71, 72, 47, 47, 72, 73, 48, 48, 73, 74, 49, 49, 74, 75, 50, 51, 76, 77, 52, 52, 77, 78, 53, 53, 78, 79, 54, 54, 79, 80, 55, 55, 80, 81, 56, 56, 81, 82, 57, 57, 82, 83, 58, 58, 83, 84, 59, 59, 84, 85, 60, 60, 85, 86, 61, 61, 86, 87, 62, 62, 87, 88, 63, 63, 88, 89, 64, 64, 89, 90, 65, 65, 90, 91, 66, 66, 91, 92, 67, 67, 92, 93, 68, 68, 93, 94, 69, 69, 94, 95, 70, 70, 95, 96, 71, 71, 96, 97, 72, 72, 97, 98, 73, 73, 98, 99, 74, 74, 99, 100, 75, 76, 101, 102, 77, 77, 102, 103, 78, 78, 103, 104, 79, 79, 104, 105, 80, 80, 105, 106, 81, 81, 106, 107, 82, 82, 107, 108, 83, 83, 108, 109, 84, 84, 109, 110, 85, 85, 110, 111, 86, 86, 111, 112, 87, 87, 112, 113, 88, 88, 113, 114, 89, 89, 114, 115, 90, 90, 115, 116, 91, 91, 116, 117, 92, 92, 117, 118, 93, 93, 118, 119, 94, 94, 119, 120, 95, 95, 120, 121, 96, 96, 121, 122, 97, 97, 122, 123, 98, 98, 123, 124, 99, 99, 124, 125, 100, 101, 126, 127, 102, 102, 127, 128, 103, 103, 128, 129, 104, 104, 129, 130, 105, 105, 130, 131, 106, 106, 131, 132, 107, 107, 132, 133, 108, 108, 133, 134, 109, 109, 134, 135, 110, 110, 135, 136, 111, 111, 136, 137, 112, 112, 137, 138, 113, 113, 138, 139, 114, 114, 139, 140, 115, 115, 140, 141, 116, 116, 141, 142, 117, 117, 142, 143, 118, 118, 143, 144, 119, 119, 144, 145, 120, 120, 145, 146, 121, 121, 146, 147, 122, 122, 147, 148, 123, 123, 148, 149, 124, 124, 149, 150, 125, 126, 151, 152, 127, 127, 152, 153, 128, 128, 153, 154, 129, 129, 154, 155, 130, 130, 155, 156, 131, 131, 156, 157, 132, 132, 157, 158, 133, 133, 158, 159, 134, 134, 159, 160, 135, 135, 160, 161, 136, 136, 161, 162, 137, 137, 162, 163, 138, 138, 163, 164, 139, 139, 164, 165, 140, 140, 165, 166, 141, 141, 166, 167, 142, 142, 167, 168, 143, 143, 168, 169, 144, 144, 169, 170, 145, 145, 170, 171, 146, 146, 171, 172, 147, 147, 172, 173, 148, 148, 173, 174, 149, 149, 174, 175, 150, 151, 176, 177, 152, 152, 177, 178, 153, 153, 178, 179, 154, 154, 179, 180, 155, 155, 180, 181, 156, 156, 181, 182, 157, 157, 182, 183, 158, 158, 183, 184, 159, 159, 184, 185, 160, 160, 185, 186, 161, 161, 186, 187, 162, 162, 187, 188, 163, 163, 188, 189, 164, 164, 189, 190, 165, 165, 190, 191, 166, 166, 191, 192, 167, 167, 192, 193, 168, 168, 193, 194, 169, 169, 194, 195, 170, 170, 195, 196, 171, 171, 196, 197, 172, 172, 197, 198, 173, 173, 198, 199, 174, 174, 199, 200, 175, 176, 201, 202, 177, 177, 202, 203, 178, 178, 203, 204, 179, 179, 204, 205, 180, 180, 205, 206, 181, 181, 206, 207, 182, 182, 207, 208, 183, 183, 208, 209, 184, 184, 209, 210, 185, 185, 210, 211, 186, 186, 211, 212, 187, 187, 212, 213, 188, 188, 213, 214, 189, 189, 214, 215, 190, 190, 215, 216, 191, 191, 216, 217, 192, 192, 217, 218, 193, 193, 218, 219, 194, 194, 219, 220, 195, 195, 220, 221, 196, 196, 221, 222, 197, 197, 222, 223, 198, 198, 223, 224, 199, 199, 224, 225, 200, 201, 226, 227, 202, 202, 227, 228, 203, 203, 228, 229, 204, 204, 229, 230, 205, 205, 230, 231, 206, 206, 231, 232, 207, 207, 232, 233, 208, 208, 233, 234, 209, 209, 234, 235, 210, 210, 235, 236, 211, 211, 236, 237, 212, 212, 237, 238, 213, 213, 238, 239, 214, 214, 239, 240, 215, 215, 240, 241, 216, 216, 241, 242, 217, 217, 242, 243, 218, 218, 243, 244, 219, 219, 244, 245, 220, 220, 245, 246, 221, 221, 246, 247, 222, 222, 247, 248, 223, 223, 248, 249, 224, 224, 249, 250, 225, 226, 251, 252, 227, 227, 252, 253, 228, 228, 253, 254, 229, 229, 254, 255, 230, 230, 255, 256, 231, 231, 256, 257, 232, 232, 257, 258, 233, 233, 258, 259, 234, 234, 259, 260, 235, 235, 260, 261, 236, 236, 261, 262, 237, 237, 262, 263, 238, 238, 263, 264, 239, 239, 264, 265, 240, 240, 265, 266, 241, 241, 266, 267, 242, 242, 267, 268, 243, 243, 268, 269, 244, 244, 269, 270, 245, 245, 270, 271, 246, 246, 271, 272, 247, 247, 272, 273, 248, 248, 273, 274, 249, 249, 274, 275, 250, 251, 276, 277, 252, 252, 277, 278, 253, 253, 278, 279, 254, 254, 279, 280, 255, 255, 280, 281, 256, 256, 281, 282, 257, 257, 282, 283, 258, 258, 283, 284, 259, 259, 284, 285, 260, 260, 285, 286, 261, 261, 286, 287, 262, 262, 287, 288, 263, 263, 288, 289, 264, 264, 289, 290, 265, 265, 290, 291, 266, 266, 291, 292, 267, 267, 292, 293, 268, 268, 293, 294, 269, 269, 294, 295, 270, 270, 295, 296, 271, 271, 296, 297, 272, 272, 297, 298, 273, 273, 298, 299, 274, 274, 299, 300, 275, 276, 301, 302, 277, 277, 302, 303, 278, 278, 303, 304, 279, 279, 304, 305, 280, 280, 305, 306, 281, 281, 306, 307, 282, 282, 307, 308, 283, 283, 308, 309, 284, 284, 309, 310, 285, 285, 310, 311, 286, 286, 311, 312, 287, 287, 312, 313, 288, 288, 313, 314, 289, 289, 314, 315, 290, 290, 315, 316, 291, 291, 316, 317, 292, 292, 317, 318, 293, 293, 318, 319, 294, 294, 319, 320, 295, 295, 320, 321, 296, 296, 321, 322, 297, 297, 322, 323, 298, 298, 323, 324, 299, 299, 324, 325, 300, 301, 326, 327, 302, 302, 327, 328, 303, 303, 328, 329, 304, 304, 329, 330, 305, 305, 330, 331, 306, 306, 331, 332, 307, 307, 332, 333, 308, 308, 333, 334, 309, 309, 334, 335, 310, 310, 335, 336, 311, 311, 336, 337, 312, 312, 337, 338, 313, 313, 338, 339, 314, 314, 339, 340, 315, 315, 340, 341, 316, 316, 341, 342, 317, 317, 342, 343, 318, 318, 343, 344, 319, 319, 344, 345, 320, 320, 345, 346, 321, 321, 346, 347, 322, 322, 347, 348, 323, 323, 348, 349, 324, 324, 349, 350, 325, 326, 351, 352, 327, 327, 352, 353, 328, 328, 353, 354, 329, 329, 354, 355, 330, 330, 355, 356, 331, 331, 356, 357, 332, 332, 357, 358, 333, 333, 358, 359, 334, 334, 359, 360, 335, 335, 360, 361, 336, 336, 361, 362, 337, 337, 362, 363, 338, 338, 363, 364, 339, 339, 364, 365, 340, 340, 365, 366, 341, 341, 366, 367, 342, 342, 367, 368, 343, 343, 368, 369, 344, 344, 369, 370, 345, 345, 370, 371, 346, 346, 371, 372, 347, 347, 372, 373, 348, 348, 373, 374, 349, 349, 374, 375, 350, 0, 1, 2, 0, 2, 3, 0, 3, 4, 0, 4, 5, 0, 5, 6, 0, 6, 7, 0, 7, 8, 0, 8, 9, 0, 9, 10, 0, 10, 11, 0, 11, 12, 0, 12, 13, 0, 13, 14, 0, 14, 15, 0, 15, 16, 0, 16, 17, 0, 17, 18, 0, 18, 19, 0, 19, 20, 0, 20, 21, 0, 21, 22, 0, 22, 23, 0, 23, 24, 0, 24, 25, 0, 352, 351, 0, 353, 352, 0, 354, 353, 0, 355, 354, 0, 356, 355, 0, 357, 356, 0, 358, 357, 0, 359, 358, 0, 360, 359, 0, 361, 360, 0, 362, 361, 0, 363, 362, 0, 364, 363, 0, 365, 364, 0, 366, 365, 0, 367, 366, 0, 368, 367, 0, 369, 368, 0, 370, 369, 0, 371, 370, 0, 372, 371, 0, 373, 372, 0, 374, 373, 0, 375, 374, 0, 26, 1, 0, 51, 26, 0, 76, 51, 0, 101, 76, 0, 126, 101, 0, 151, 126, 0, 176, 151, 0, 201, 176, 0, 226, 201, 0, 251, 226, 0, 276, 251, 0, 301, 276, 0, 326, 301, 0, 351, 326, 0, 25, 50, 0, 50, 75, 0, 75, 100, 0, 100, 125, 0, 125, 150, 0, 150, 175, 0, 175, 200, 0, 200, 225, 0, 225, 250, 0, 250, 275, 0, 275, 300, 0, 300, 325, 0, 325, 350, 0, 350, 375]
                                rel material:binding = </AecoCctvLooks/Shell_recognise>
                                point3f[] points = [(0, 0, 0), (-5.7523193, -3.5112574, -4.4942045), (-5.499071, -3.661825, -4.686922), (-5.2119346, -3.817683, -4.8864117), (-4.8868723, -3.9773095, -5.090724), (-4.5199466, -4.138512, -5.2970543), (-4.107669, -4.2983155, -5.501593), (-3.647477, -4.4528923, -5.6994424), (-3.1383336, -4.5975876, -5.884644), (-2.5813804, -4.72708, -6.0503864), (-1.9805323, -4.835725, -6.189446), (-1.3428417, -4.9180818, -6.2948575), (-0.67844903, -4.9695625, -6.3607497), (0, -4.9870853, -6.383178), (0.67844903, -4.9695625, -6.3607497), (1.3428417, -4.9180818, -6.2948575), (1.9805323, -4.835725, -6.189446), (2.5813804, -4.72708, -6.0503864), (3.1383336, -4.5975876, -5.884644), (3.647477, -4.4528923, -5.6994424), (4.107669, -4.2983155, -5.501593), (4.5199466, -4.138512, -5.2970543), (4.8868723, -3.9773095, -5.090724), (5.2119346, -3.817683, -4.8864117), (5.499071, -3.661825, -4.686922), (5.7523193, -3.5112574, -4.4942045), (-5.9012885, -3.0875907, -4.610592), (-5.654491, -3.227416, -4.8193884), (-5.3726435, -3.3732004, -5.037083), (-5.051078, -3.5236735, -5.2617793), (-4.68508, -3.6768944, -5.4905787), (-4.2702637, -3.8301058, -5.7193637), (-3.8031127, -3.9796243, -5.9426346), (-3.2817037, -4.1208186, -6.1534753), (-2.706541, -4.248237, -6.3437448), (-2.0813718, -4.3559465, -6.5045834), (-1.4137509, -4.4380994, -6.6272593), (-0.7150909, -4.48968, -6.7042828), (0, -4.507277, -6.73056), (0.7150909, -4.48968, -6.7042828), (1.4137509, -4.4380994, -6.6272593), (2.0813718, -4.3559465, -6.5045834), (2.706541, -4.248237, -6.3437448), (3.2817037, -4.1208186, -6.1534753), (3.8031127, -3.9796243, -5.9426346), (4.2702637, -3.8301058, -5.7193637), (4.68508, -3.6768944, -5.4905787), (5.051078, -3.5236735, -5.2617793), (5.3726435, -3.3732004, -5.037083), (5.654491, -3.227416, -4.8193884), (5.9012885, -3.0875907, -4.610592), (-6.0368075, -2.6320794, -4.7164707), (-5.7968273, -2.7572145, -4.940703), (-5.5209007, -2.8885694, -5.17608), (-5.203756, -3.0251527, -5.4208264), (-4.8399096, -3.1653383, -5.6720276), (-4.424046, -3.3066974, -5.9253316), (-3.9516203, -3.4458537, -6.1746883), (-3.4196968, -3.5784132, -6.412224), (-2.8279839, -3.6990466, -6.6283894), (-2.1799047, -3.8017986, -6.8125124), (-1.483418, -3.8806674, -6.953839), (-0.7512166, -3.9304118, -7.042977), (0, -3.9474232, -7.0734596), (0.7512166, -3.9304118, -7.042977), (1.483418, -3.8806674, -6.953839), (2.1799047, -3.8017986, -6.8125124), (2.8279839, -3.6990466, -6.6283894), (3.4196968, -3.5784132, -6.412224), (3.9516203, -3.4458537, -6.1746883), (4.424046, -3.3066974, -5.9253316), (4.8399096, -3.1653383, -5.6720276), (5.203756, -3.0251527, -5.4208264), (5.5209007, -2.8885694, -5.17608), (5.7968273, -2.7572145, -4.940703), (6.0368075, -2.6320794, -4.7164707), (-6.154913, -2.146859, -4.808745), (-5.9216366, -2.2532632, -5.0470796), (-5.65178, -2.365637, -5.298785), (-5.3395305, -2.483267, -5.5622644), (-4.978685, -2.604879, -5.8346624), (-4.5630317, -2.7284644, -6.1114817), (-4.086987, -2.851116, -6.3862085), (-3.5465457, -2.9689195, -6.6500764), (-2.9405105, -3.0769866, -6.8921356), (-2.271843, -3.169713, -7.0998335), (-1.5487803, -3.2413259, -7.260239), (-0.78522956, -3.286696, -7.361863), (0, -3.302248, -7.396698), (0.78522956, -3.286696, -7.361863), (1.5487803, -3.2413259, -7.260239), (2.271843, -3.169713, -7.0998335), (2.9405105, -3.0769866, -6.8921356), (3.5465457, -2.9689195, -6.6500764), (4.086987, -2.851116, -6.3862085), (4.5630317, -2.7284644, -6.1114817), (4.978685, -2.604879, -5.8346624), (5.3395305, -2.483267, -5.5622644), (5.65178, -2.365637, -5.298785), (5.9216366, -2.2532632, -5.0470796), (6.154913, -2.146859, -4.808745), (-6.251723, -1.6354702, -4.8843813), (-6.0244865, -1.7192993, -5.13474), (-5.760269, -1.8082851, -5.400499), (-5.452807, -1.9019616, -5.6802664), (-5.0952797, -1.9994115, -5.9713035), (-4.6806774, -2.099108, -6.26905), (-4.20246, -2.198753, -6.5666428), (-3.655594, -2.2951555, -6.854552), (-3.0379634, -2.3842218, -7.120551), (-2.351988, -2.4611495, -7.350298), (-1.6060544, -2.5208929, -7.5287232), (-0.8151334, -2.558897, -7.642224), (0, -2.5719523, -7.681214), (0.8151334, -2.558897, -7.642224), (1.6060544, -2.5208929, -7.5287232), (2.351988, -2.4611495, -7.350298), (3.0379634, -2.3842218, -7.120551), (3.655594, -2.2951555, -6.854552), (4.20246, -2.198753, -6.5666428), (4.6806774, -2.099108, -6.26905), (5.0952797, -1.9994115, -5.9713035), (5.452807, -1.9019616, -5.6802664), (5.760269, -1.8082851, -5.400499), (6.0244865, -1.7192993, -5.13474), (6.251723, -1.6354702, -4.8843813), (-6.3237386, -1.1028731, -4.940646), (-6.1013217, -1.1608179, -5.2002273), (-5.841702, -1.2225659, -5.4768453), (-5.53828, -1.28785, -5.7693048), (-5.1837626, -1.3560884, -6.074999), (-4.7705092, -1.4262629, -6.389366), (-4.291203, -1.4967892, -6.7053103), (-3.7399476, -1.565411, -7.0127215), (-3.1138206, -1.6291702, -7.29835), (-2.4147232, -1.6845307, -7.546354), (-1.6510873, -1.7277182, -7.739825), (-0.83871406, -1.7552816, -7.8633027), (0, -1.7647667, -7.905794), (0.83871406, -1.7552816, -7.8633027), (1.6510873, -1.7277182, -7.739825), (2.4147232, -1.6845307, -7.546354), (3.1138206, -1.6291702, -7.29835), (3.7399476, -1.565411, -7.0127215), (4.291203, -1.4967892, -6.7053103), (4.7705092, -1.4262629, -6.389366), (5.1837626, -1.3560884, -6.074999), (5.53828, -1.28785, -5.7693048), (5.841702, -1.2225659, -5.4768453), (6.1013217, -1.1608179, -5.2002273), (6.3237386, -1.1028731, -4.940646), (-6.368161, -0.55531025, -4.975353), (-6.148858, -0.584931, -5.2407427), (-5.892251, -0.61657244, -5.524237), (-5.5915346, -0.6501168, -5.824781), (-5.2391176, -0.6852847, -6.139871), (-4.8269563, -0.72156954, -6.464968), (-4.347225, -0.75816506, -6.7928495), (-3.7934515, -0.793903, -7.113046), (-3.1621566, -0.8272299, -7.411642), (-2.4548626, -0.8562662, -7.6717954), (-1.679996, -0.87898433, -7.8753405), (-0.85388416, -0.893515, -8.005529), (0, -0.89852107, -8.050382), (0.85388416, -0.893515, -8.005529), (1.679996, -0.87898433, -7.8753405), (2.4548626, -0.8562662, -7.6717954), (3.1621566, -0.8272299, -7.411642), (3.7934515, -0.793903, -7.113046), (4.347225, -0.75816506, -6.7928495), (4.8269563, -0.72156954, -6.464968), (5.2391176, -0.6852847, -6.139871), (5.5915346, -0.6501168, -5.824781), (5.892251, -0.61657244, -5.524237), (6.148858, -0.584931, -5.2407427), (6.368161, -0.55531025, -4.975353), (-6.383178, 0, -4.9870853), (-6.164952, 0, -5.25446), (-5.9093947, 0, -5.5403104), (-5.6096306, 0, -5.8436317), (-5.257967, 0, -6.161961), (-4.846222, 0, -6.490772), (-4.3663926, 0, -6.8227997), (-3.811803, 0, -7.147457), (-3.1787758, 0, -7.4505954), (-2.4686937, 0, -7.71502), (-1.689975, 0, -7.922119), (-0.8591268, 0, -8.054681), (0, 0, -8.100369), (0.8591268, 0, -8.054681), (1.689975, 0, -7.922119), (2.4686937, 0, -7.71502), (3.1787758, 0, -7.4505954), (3.811803, 0, -7.147457), (4.3663926, 0, -6.8227997), (4.846222, 0, -6.490772), (5.257967, 0, -6.161961), (5.6096306, 0, -5.8436317), (5.9093947, 0, -5.5403104), (6.164952, 0, -5.25446), (6.383178, 0, -4.9870853), (-6.368161, 0.55531025, -4.975353), (-6.148858, 0.584931, -5.2407427), (-5.892251, 0.61657244, -5.524237), (-5.5915346, 0.6501168, -5.824781), (-5.2391176, 0.6852847, -6.139871), (-4.8269563, 0.72156954, -6.464968), (-4.347225, 0.75816506, -6.7928495), (-3.7934515, 0.793903, -7.113046), (-3.1621566, 0.8272299, -7.411642), (-2.4548626, 0.8562662, -7.6717954), (-1.679996, 0.87898433, -7.8753405), (-0.85388416, 0.893515, -8.005529), (0, 0.89852107, -8.050382), (0.85388416, 0.893515, -8.005529), (1.679996, 0.87898433, -7.8753405), (2.4548626, 0.8562662, -7.6717954), (3.1621566, 0.8272299, -7.411642), (3.7934515, 0.793903, -7.113046), (4.347225, 0.75816506, -6.7928495), (4.8269563, 0.72156954, -6.464968), (5.2391176, 0.6852847, -6.139871), (5.5915346, 0.6501168, -5.824781), (5.892251, 0.61657244, -5.524237), (6.148858, 0.584931, -5.2407427), (6.368161, 0.55531025, -4.975353), (-6.3237386, 1.1028731, -4.940646), (-6.1013217, 1.1608179, -5.2002273), (-5.841702, 1.2225659, -5.4768453), (-5.53828, 1.28785, -5.7693048), (-5.1837626, 1.3560884, -6.074999), (-4.7705092, 1.4262629, -6.389366), (-4.291203, 1.4967892, -6.7053103), (-3.7399476, 1.565411, -7.0127215), (-3.1138206, 1.6291702, -7.29835), (-2.4147232, 1.6845307, -7.546354), (-1.6510873, 1.7277182, -7.739825), (-0.83871406, 1.7552816, -7.8633027), (0, 1.7647667, -7.905794), (0.83871406, 1.7552816, -7.8633027), (1.6510873, 1.7277182, -7.739825), (2.4147232, 1.6845307, -7.546354), (3.1138206, 1.6291702, -7.29835), (3.7399476, 1.565411, -7.0127215), (4.291203, 1.4967892, -6.7053103), (4.7705092, 1.4262629, -6.389366), (5.1837626, 1.3560884, -6.074999), (5.53828, 1.28785, -5.7693048), (5.841702, 1.2225659, -5.4768453), (6.1013217, 1.1608179, -5.2002273), (6.3237386, 1.1028731, -4.940646), (-6.251723, 1.6354702, -4.8843813), (-6.0244865, 1.7192993, -5.13474), (-5.760269, 1.8082851, -5.400499), (-5.452807, 1.9019616, -5.6802664), (-5.0952797, 1.9994115, -5.9713035), (-4.6806774, 2.099108, -6.26905), (-4.20246, 2.198753, -6.5666428), (-3.655594, 2.2951555, -6.854552), (-3.0379634, 2.3842218, -7.120551), (-2.351988, 2.4611495, -7.350298), (-1.6060544, 2.5208929, -7.5287232), (-0.8151334, 2.558897, -7.642224), (0, 2.5719523, -7.681214), (0.8151334, 2.558897, -7.642224), (1.6060544, 2.5208929, -7.5287232), (2.351988, 2.4611495, -7.350298), (3.0379634, 2.3842218, -7.120551), (3.655594, 2.2951555, -6.854552), (4.20246, 2.198753, -6.5666428), (4.6806774, 2.099108, -6.26905), (5.0952797, 1.9994115, -5.9713035), (5.452807, 1.9019616, -5.6802664), (5.760269, 1.8082851, -5.400499), (6.0244865, 1.7192993, -5.13474), (6.251723, 1.6354702, -4.8843813), (-6.154913, 2.146859, -4.808745), (-5.9216366, 2.2532632, -5.0470796), (-5.65178, 2.365637, -5.298785), (-5.3395305, 2.483267, -5.5622644), (-4.978685, 2.604879, -5.8346624), (-4.5630317, 2.7284644, -6.1114817), (-4.086987, 2.851116, -6.3862085), (-3.5465457, 2.9689195, -6.6500764), (-2.9405105, 3.0769866, -6.8921356), (-2.271843, 3.169713, -7.0998335), (-1.5487803, 3.2413259, -7.260239), (-0.78522956, 3.286696, -7.361863), (0, 3.302248, -7.396698), (0.78522956, 3.286696, -7.361863), (1.5487803, 3.2413259, -7.260239), (2.271843, 3.169713, -7.0998335), (2.9405105, 3.0769866, -6.8921356), (3.5465457, 2.9689195, -6.6500764), (4.086987, 2.851116, -6.3862085), (4.5630317, 2.7284644, -6.1114817), (4.978685, 2.604879, -5.8346624), (5.3395305, 2.483267, -5.5622644), (5.65178, 2.365637, -5.298785), (5.9216366, 2.2532632, -5.0470796), (6.154913, 2.146859, -4.808745), (-6.0368075, 2.6320794, -4.7164707), (-5.7968273, 2.7572145, -4.940703), (-5.5209007, 2.8885694, -5.17608), (-5.203756, 3.0251527, -5.4208264), (-4.8399096, 3.1653383, -5.6720276), (-4.424046, 3.3066974, -5.9253316), (-3.9516203, 3.4458537, -6.1746883), (-3.4196968, 3.5784132, -6.412224), (-2.8279839, 3.6990466, -6.6283894), (-2.1799047, 3.8017986, -6.8125124), (-1.483418, 3.8806674, -6.953839), (-0.7512166, 3.9304118, -7.042977), (0, 3.9474232, -7.0734596), (0.7512166, 3.9304118, -7.042977), (1.483418, 3.8806674, -6.953839), (2.1799047, 3.8017986, -6.8125124), (2.8279839, 3.6990466, -6.6283894), (3.4196968, 3.5784132, -6.412224), (3.9516203, 3.4458537, -6.1746883), (4.424046, 3.3066974, -5.9253316), (4.8399096, 3.1653383, -5.6720276), (5.203756, 3.0251527, -5.4208264), (5.5209007, 2.8885694, -5.17608), (5.7968273, 2.7572145, -4.940703), (6.0368075, 2.6320794, -4.7164707), (-5.9012885, 3.0875907, -4.610592), (-5.654491, 3.227416, -4.8193884), (-5.3726435, 3.3732004, -5.037083), (-5.051078, 3.5236735, -5.2617793), (-4.68508, 3.6768944, -5.4905787), (-4.2702637, 3.8301058, -5.7193637), (-3.8031127, 3.9796243, -5.9426346), (-3.2817037, 4.1208186, -6.1534753), (-2.706541, 4.248237, -6.3437448), (-2.0813718, 4.3559465, -6.5045834), (-1.4137509, 4.4380994, -6.6272593), (-0.7150909, 4.48968, -6.7042828), (0, 4.507277, -6.73056), (0.7150909, 4.48968, -6.7042828), (1.4137509, 4.4380994, -6.6272593), (2.0813718, 4.3559465, -6.5045834), (2.706541, 4.248237, -6.3437448), (3.2817037, 4.1208186, -6.1534753), (3.8031127, 3.9796243, -5.9426346), (4.2702637, 3.8301058, -5.7193637), (4.68508, 3.6768944, -5.4905787), (5.051078, 3.5236735, -5.2617793), (5.3726435, 3.3732004, -5.037083), (5.654491, 3.227416, -4.8193884), (5.9012885, 3.0875907, -4.610592), (-5.7523193, 3.5112574, -4.4942045), (-5.499071, 3.661825, -4.686922), (-5.2119346, 3.817683, -4.8864117), (-4.8868723, 3.9773095, -5.090724), (-4.5199466, 4.138512, -5.2970543), (-4.107669, 4.2983155, -5.501593), (-3.647477, 4.4528923, -5.6994424), (-3.1383336, 4.5975876, -5.884644), (-2.5813804, 4.72708, -6.0503864), (-1.9805323, 4.835725, -6.189446), (-1.3428417, 4.9180818, -6.2948575), (-0.67844903, 4.9695625, -6.3607497), (0, 4.9870853, -6.383178), (0.67844903, 4.9695625, -6.3607497), (1.3428417, 4.9180818, -6.2948575), (1.9805323, 4.835725, -6.189446), (2.5813804, 4.72708, -6.0503864), (3.1383336, 4.5975876, -5.884644), (3.647477, 4.4528923, -5.6994424), (4.107669, 4.2983155, -5.501593), (4.5199466, 4.138512, -5.2970543), (4.8868723, 3.9773095, -5.090724), (5.2119346, 3.817683, -4.8864117), (5.499071, 3.661825, -4.686922), (5.7523193, 3.5112574, -4.4942045)]
                                color3f[] primvars:displayColor = [(0.18333334, 0.6166667, 0.56666666)] (
                                    interpolation = "constant"
                                )
                                float[] primvars:displayOpacity = [0.3] (
                                    interpolation = "constant"
                                )
                                uniform token purpose = "guide"
                                uniform token subdivisionScheme = "none"
                            }
                        }
                    }
                }
            }
        }
    }
}

