#usda 1.0
(
    customLayerData = {
        string "aeco:cctv:densityModel" = "plane"
        string "aeco:cctv:layer" = "derived"
        string "aeco:cctv:levelSystem" = "dori2015"
        string "aeco:cctv:stamp" = "usdAecoCctv derive 0.5.3"
    }
)

over "demo_datacentre_01"
{
    over "demo_datacentre_01_Site"
    {
        over "Generator_Yard_A"
        {
            over "sec_cam_ext_gen_a"
            {
                double aeco:cctv:mountHeight = 3.5

                over "Sensor_0"
                {
                    double aeco:cctvSensor:effectiveWidth = 8.818976585197152
                    double aeco:cctvSensor:hfov = 99.99999999999999
                    double aeco:cctvSensor:targetRange = 4.510999617209059
                    double aeco:cctvSensor:vfov = 54.99999999999999
                    float2 clippingRange = (0.05, 40)
                    float focalLength = 3.7
                    float horizontalAperture = 8.818976
                    float verticalAperture = 3.8521962
                    matrix4d xformOp:transform = ( (2.220446049250313e-16, -1, 0, 0), (0.8191520442889919, 1.8188829204768096e-16, 0.5735764363510459, 0), (-0.5735764363510459, -1.2735955320387536e-16, 0.8191520442889919, 0), (0, 0, 0, 1) )
                    uniform token[] xformOpOrder = ["xformOp:transform"]

                    def Mesh "Sector" (
                        prepend apiSchemas = ["AecoDerivedGeometryAPI", "MaterialBindingAPI"]
                    )
                    {
                        uniform token aeco:derived:approx = "tessellated"
                        uniform token aeco:derived:role = "sector"
                        string aeco:derived:source = "1604d036-e3b5-5c9a-9dc8-aa487cd85d08"
                        string aeco:derived:stamp = "usdAecoCctv derive 0.5.3"
                        uniform bool doubleSided = 1
                        float3[] extent = [(-30.641777, -18.469944, -40), (30.641777, 18.469944, 0)]
                        int[] faceVertexCounts = [4, 4, 4, 4, 4, 4, 4, 4, 4, 4, 4, 4, 4, 4, 4, 4, 4, 4, 4, 4, 4, 4, 4, 4, 4, 4, 4, 4, 4, 4, 4, 4, 4, 4, 4, 4, 4, 4, 4, 4, 4, 4, 4, 4, 4, 4, 4, 4, 4, 4, 4, 4, 4, 4, 4, 4, 4, 4, 4, 4, 4, 4, 4, 4, 4, 4, 4, 4, 4, 4, 4, 4, 4, 4, 4, 4, 4, 4, 4, 4, 4, 4, 4, 4, 4, 4, 4, 4, 4, 4, 4, 4, 4, 4, 4, 4, 4, 4, 4, 4, 4, 4, 4, 4, 4, 4, 4, 4, 4, 4, 4, 4, 4, 4, 4, 4, 4, 4, 4, 4, 4, 4, 4, 4, 4, 4, 4, 4, 4, 4, 4, 4, 4, 4, 4, 4, 4, 4, 4, 4, 4, 4, 4, 4, 4, 4, 4, 4, 4, 4, 4, 4, 4, 4, 4, 4, 4, 4, 4, 4, 4, 4, 4, 4, 4, 4, 4, 4, 4, 4, 4, 4, 4, 4, 4, 4, 4, 4, 4, 4, 4, 4, 4, 4, 4, 4, 4, 4, 4, 4, 4, 4, 4, 4, 4, 4, 4, 4, 4, 4, 4, 4, 4, 4, 4, 4, 4, 4, 4, 4, 4, 4, 4, 4, 4, 4, 4, 4, 4, 4, 4, 4, 4, 4, 4, 4, 4, 4, 4, 4, 4, 4, 4, 4, 4, 4, 4, 4, 4, 4, 4, 4, 4, 4, 4, 4, 4, 4, 4, 4, 4, 4, 4, 4, 4, 4, 4, 4, 4, 4, 4, 4, 4, 4, 4, 4, 4, 4, 4, 4, 4, 4, 4, 4, 4, 4, 4, 4, 4, 4, 4, 4, 4, 4, 4, 4, 4, 4, 4, 4, 4, 4, 4, 4, 4, 4, 4, 4, 4, 4, 4, 4, 4, 4, 4, 4, 4, 4, 4, 4, 4, 4, 4, 4, 4, 4, 4, 4, 4, 4, 4, 4, 4, 4, 4, 4, 4, 4, 4, 4, 4, 4, 4, 4, 4, 4, 3, 3, 3, 3, 3, 3, 3, 3, 3, 3, 3, 3, 3, 3, 3, 3, 3, 3, 3, 3, 3, 3, 3, 3, 3, 3, 3, 3, 3, 3, 3, 3, 3, 3, 3, 3, 3, 3, 3, 3, 3, 3, 3, 3, 3, 3, 3, 3, 3, 3, 3, 3, 3, 3, 3, 3, 3, 3, 3, 3, 3, 3, 3, 3, 3, 3, 3, 3, 3, 3, 3, 3, 3, 3, 3, 3]
                        int[] faceVertexIndices = [1, 26, 27, 2, 2, 27, 28, 3, 3, 28, 29, 4, 4, 29, 30, 5, 5, 30, 31, 6, 6, 31, 32, 7, 7, 32, 33, 8, 8, 33, 34, 9, 9, 34, 35, 10, 10, 35, 36, 11, 11, 36, 37, 12, 12, 37, 38, 13, 13, 38, 39, 14, 14, 39, 40, 15, 15, 40, 41, 16, 16, 41, 42, 17, 17, 42, 43, 18, 18, 43, 44, 19, 19, 44, 45, 20, 20, 45, 46, 21, 21, 46, 47, 22, 22, 47, 48, 23, 23, 48, 49, 24, 24, 49, 50, 25, 26, 51, 52, 27, 27, 52, 53, 28, 28, 53, 54, 29, 29, 54, 55, 30, 30, 55, 56, 31, 31, 56, 57, 32, 32, 57, 58, 33, 33, 58, 59, 34, 34, 59, 60, 35, 35, 60, 61, 36, 36, 61, 62, 37, 37, 62, 63, 38, 38, 63, 64, 39, 39, 64, 65, 40, 40, 65, 66, 41, 41, 66, 67, 42, 42, 67, 68, 43, 43, 68, 69, 44, 44, 69, 70, 45, 45, 70, 71, 46, 46, 71, 72, 47, 47, 72, 73, 48, 48, 73, 74, 49, 49, 74, 75, 50, 51, 76, 77, 52, 52, 77, 78, 53, 53, 78, 79, 54, 54, 79, 80, 55, 55, 80, 81, 56, 56, 81, 82, 57, 57, 82, 83, 58, 58, 83, 84, 59, 59, 84, 85, 60, 60, 85, 86, 61, 61, 86, 87, 62, 62, 87, 88, 63, 63, 88, 89, 64, 64, 89, 90, 65, 65, 90, 91, 66, 66, 91, 92, 67, 67, 92, 93, 68, 68, 93, 94, 69, 69, 94, 95, 70, 70, 95, 96, 71, 71, 96, 97, 72, 72, 97, 98, 73, 73, 98, 99, 74, 74, 99, 100, 75, 76, 101, 102, 77, 77, 102, 103, 78, 78, 103, 104, 79, 79, 104, 105, 80, 80, 105, 106, 81, 81, 106, 107, 82, 82, 107, 108, 83, 83, 108, 109, 84, 84, 109, 110, 85, 85, 110, 111, 86, 86, 111, 112, 87, 87, 112, 113, 88, 88, 113, 114, 89, 89, 114, 115, 90, 90, 115, 116, 91, 91, 116, 117, 92, 92, 117, 118, 93, 93, 118, 119, 94, 94, 119, 120, 95, 95, 120, 121, 96, 96, 121, 122, 97, 97, 122, 123, 98, 98, 123, 124, 99, 99, 124, 125, 100, 101, 126, 127, 102, 102, 127, 128, 103, 103, 128, 129, 104, 104, 129, 130, 105, 105, 130, 131, 106, 106, 131, 132, 107, 107, 132, 133, 108, 108, 133, 134, 109, 109, 134, 135, 110, 110, 135, 136, 111, 111, 136, 137, 112, 112, 137, 138, 113, 113, 138, 139, 114, 114, 139, 140, 115, 115, 140, 141, 116, 116, 141, 142, 117, 117, 142, 143, 118, 118, 143, 144, 119, 119, 144, 145, 120, 120, 145, 146, 121, 121, 146, 147, 122, 122, 147, 148, 123, 123, 148, 149, 124, 124, 149, 150, 125, 126, 151, 152, 127, 127, 152, 153, 128, 128, 153, 154, 129, 129, 154, 155, 130, 130, 155, 156, 131, 131, 156, 157, 132, 132, 157, 158, 133, 133, 158, 159, 134, 134, 159, 160, 135, 135, 160, 161, 136, 136, 161, 162, 137, 137, 162, 163, 138, 138, 163, 164, 139, 139, 164, 165, 140, 140, 165, 166, 141, 141, 166, 167, 142, 142, 167, 168, 143, 143, 168, 169, 144, 144, 169, 170, 145, 145, 170, 171, 146, 146, 171, 172, 147, 147, 172, 173, 148, 148, 173, 174, 149, 149, 174, 175, 150, 151, 176, 177, 152, 152, 177, 178, 153, 153, 178, 179, 154, 154, 179, 180, 155, 155, 180, 181, 156, 156, 181, 182, 157, 157, 182, 183, 158, 158, 183, 184, 159, 159, 184, 185, 160, 160, 185, 186, 161, 161, 186, 187, 162, 162, 187, 188, 163, 163, 188, 189, 164, 164, 189, 190, 165, 165, 190, 191, 166, 166, 191, 192, 167, 167, 192, 193, 168, 168, 193, 194, 169, 169, 194, 195, 170, 170, 195, 196, 171, 171, 196, 197, 172, 172, 197, 198, 173, 173, 198, 199, 174, 174, 199, 200, 175, 176, 201, 202, 177, 177, 202, 203, 178, 178, 203, 204, 179, 179, 204, 205, 180, 180, 205, 206, 181, 181, 206, 207, 182, 182, 207, 208, 183, 183, 208, 209, 184, 184, 209, 210, 185, 185, 210, 211, 186, 186, 211, 212, 187, 187, 212, 213, 188, 188, 213, 214, 189, 189, 214, 215, 190, 190, 215, 216, 191, 191, 216, 217, 192, 192, 217, 218, 193, 193, 218, 219, 194, 194, 219, 220, 195, 195, 220, 221, 196, 196, 221, 222, 197, 197, 222, 223, 198, 198, 223, 224, 199, 199, 224, 225, 200, 201, 226, 227, 202, 202, 227, 228, 203, 203, 228, 229, 204, 204, 229, 230, 205, 205, 230, 231, 206, 206, 231, 232, 207, 207, 232, 233, 208, 208, 233, 234, 209, 209, 234, 235, 210, 210, 235, 236, 211, 211, 236, 237, 212, 212, 237, 238, 213, 213, 238, 239, 214, 214, 239, 240, 215, 215, 240, 241, 216, 216, 241, 242, 217, 217, 242, 243, 218, 218, 243, 244, 219, 219, 244, 245, 220, 220, 245, 246, 221, 221, 246, 247, 222, 222, 247, 248, 223, 223, 248, 249, 224, 224, 249, 250, 225, 226, 251, 252, 227, 227, 252, 253, 228, 228, 253, 254, 229, 229, 254, 255, 230, 230, 255, 256, 231, 231, 256, 257, 232, 232, 257, 258, 233, 233, 258, 259, 234, 234, 259, 260, 235, 235, 260, 261, 236, 236, 261, 262, 237, 237, 262, 263, 238, 238, 263, 264, 239, 239, 264, 265, 240, 240, 265, 266, 241, 241, 266, 267, 242, 242, 267, 268, 243, 243, 268, 269, 244, 244, 269, 270, 245, 245, 270, 271, 246, 246, 271, 272, 247, 247, 272, 273, 248, 248, 273, 274, 249, 249, 274, 275, 250, 251, 276, 277, 252, 252, 277, 278, 253, 253, 278, 279, 254, 254, 279, 280, 255, 255, 280, 281, 256, 256, 281, 282, 257, 257, 282, 283, 258, 258, 283, 284, 259, 259, 284, 285, 260, 260, 285, 286, 261, 261, 286, 287, 262, 262, 287, 288, 263, 263, 288, 289, 264, 264, 289, 290, 265, 265, 290, 291, 266, 266, 291, 292, 267, 267, 292, 293, 268, 268, 293, 294, 269, 269, 294, 295, 270, 270, 295, 296, 271, 271, 296, 297, 272, 272, 297, 298, 273, 273, 298, 299, 274, 274, 299, 300, 275, 276, 301, 302, 277, 277, 302, 303, 278, 278, 303, 304, 279, 279, 304, 305, 280, 280, 305, 306, 281, 281, 306, 307, 282, 282, 307, 308, 283, 283, 308, 309, 284, 284, 309, 310, 285, 285, 310, 311, 286, 286, 311, 312, 287, 287, 312, 313, 288, 288, 313, 314, 289, 289, 314, 315, 290, 290, 315, 316, 291, 291, 316, 317, 292, 292, 317, 318, 293, 293, 318, 319, 294, 294, 319, 320, 295, 295, 320, 321, 296, 296, 321, 322, 297, 297, 322, 323, 298, 298, 323, 324, 299, 299, 324, 325, 300, 301, 326, 327, 302, 302, 327, 328, 303, 303, 328, 329, 304, 304, 329, 330, 305, 305, 330, 331, 306, 306, 331, 332, 307, 307, 332, 333, 308, 308, 333, 334, 309, 309, 334, 335, 310, 310, 335, 336, 311, 311, 336, 337, 312, 312, 337, 338, 313, 313, 338, 339, 314, 314, 339, 340, 315, 315, 340, 341, 316, 316, 341, 342, 317, 317, 342, 343, 318, 318, 343, 344, 319, 319, 344, 345, 320, 320, 345, 346, 321, 321, 346, 347, 322, 322, 347, 348, 323, 323, 348, 349, 324, 324, 349, 350, 325, 326, 351, 352, 327, 327, 352, 353, 328, 328, 353, 354, 329, 329, 354, 355, 330, 330, 355, 356, 331, 331, 356, 357, 332, 332, 357, 358, 333, 333, 358, 359, 334, 334, 359, 360, 335, 335, 360, 361, 336, 336, 361, 362, 337, 337, 362, 363, 338, 338, 363, 364, 339, 339, 364, 365, 340, 340, 365, 366, 341, 341, 366, 367, 342, 342, 367, 368, 343, 343, 368, 369, 344, 344, 369, 370, 345, 345, 370, 371, 346, 346, 371, 372, 347, 347, 372, 373, 348, 348, 373, 374, 349, 349, 374, 375, 350, 0, 1, 2, 0, 2, 3, 0, 3, 4, 0, 4, 5, 0, 5, 6, 0, 6, 7, 0, 7, 8, 0, 8, 9, 0, 9, 10, 0, 10, 11, 0, 11, 12, 0, 12, 13, 0, 13, 14, 0, 14, 15, 0, 15, 16, 0, 16, 17, 0, 17, 18, 0, 18, 19, 0, 19, 20, 0, 20, 21, 0, 21, 22, 0, 22, 23, 0, 23, 24, 0, 24, 25, 0, 352, 351, 0, 353, 352, 0, 354, 353, 0, 355, 354, 0, 356, 355, 0, 357, 356, 0, 358, 357, 0, 359, 358, 0, 360, 359, 0, 361, 360, 0, 362, 361, 0, 363, 362, 0, 364, 363, 0, 365, 364, 0, 366, 365, 0, 367, 366, 0, 368, 367, 0, 369, 368, 0, 370, 369, 0, 371, 370, 0, 372, 371, 0, 373, 372, 0, 374, 373, 0, 375, 374, 0, 26, 1, 0, 51, 26, 0, 76, 51, 0, 101, 76, 0, 126, 101, 0, 151, 126, 0, 176, 151, 0, 201, 176, 0, 226, 201, 0, 251, 226, 0, 276, 251, 0, 301, 276, 0, 326, 301, 0, 351, 326, 0, 25, 50, 0, 50, 75, 0, 75, 100, 0, 100, 125, 0, 125, 150, 0, 150, 175, 0, 175, 200, 0, 200, 225, 0, 225, 250, 0, 250, 275, 0, 275, 300, 0, 300, 325, 0, 325, 350, 0, 350, 375]
                        rel material:binding = </AecoCctvLooks/Sector>
                        point3f[] points = [(0, 0, 0), (-29.058159, -12.692825, -24.38269), (-27.835613, -13.264154, -25.480204), (-26.440596, -13.859344, -26.623552), (-24.850407, -14.473129, -27.802622), (-23.042223, -15.0975275, -29.00208), (-20.994907, -15.721261, -30.200262), (-18.691677, -16.329334, -31.36836), (-16.123579, -16.902966, -32.470295), (-13.293511, -17.42012, -33.46374), (-10.220115, -17.856895, -34.302776), (-6.9404283, -18.189793, -34.942265), (-3.5100682, -18.398695, -35.343563), (0, -18.469944, -35.480434), (3.5100682, -18.398695, -35.343563), (6.9404283, -18.189793, -34.942265), (10.220115, -17.856895, -34.302776), (13.293511, -17.42012, -33.46374), (16.123579, -16.902966, -32.470295), (18.691677, -16.329334, -31.36836), (20.994907, -15.721261, -30.200262), (23.042223, -15.0975275, -29.00208), (24.850407, -14.473129, -27.802622), (26.440596, -13.859344, -26.623552), (27.835613, -13.264154, -25.480204), (29.058159, -12.692825, -24.38269), (-29.454247, -11.027863, -24.715048), (-28.25075, -11.538835, -25.86021), (-26.871998, -12.073261, -27.05794), (-25.29356, -12.626765, -28.298422), (-23.490412, -13.192446, -29.566195), (-21.438816, -13.760284, -30.838802), (-19.119127, -14.316652, -32.085705), (-16.51964, -14.844146, -33.267895), (-13.641143, -15.322, -34.338833), (-10.501512, -15.727338, -35.247257), (-7.1390266, -16.037388, -35.942127), (-3.6129308, -16.232458, -36.379307), (0, -16.299082, -36.528618), (3.6129308, -16.232458, -36.379307), (7.1390266, -16.037388, -35.942127), (10.501512, -15.727338, -35.247257), (13.641143, -15.322, -34.338833), (16.51964, -14.844146, -33.267895), (19.119127, -14.316652, -32.085705), (21.438816, -13.760284, -30.838802), (23.490412, -13.192446, -29.566195), (25.29356, -12.626765, -28.298422), (26.871998, -12.073261, -27.05794), (28.25075, -11.538835, -25.86021), (29.454247, -11.027863, -24.715048), (-29.802357, -9.298498, -25.007147), (-28.61691, -9.740326, -26.195389), (-27.254007, -10.204079, -27.442593), (-25.687647, -10.686248, -28.739326), (-23.890797, -11.1810875, -30.070137), (-21.837265, -11.680021, -31.411957), (-19.504673, -12.171128, -32.732727), (-16.878586, -12.638906, -33.990757), (-13.957614, -13.064555, -35.135487), (-10.758688, -13.427077, -36.110443), (-7.3210874, -13.705315, -36.85873), (-3.707413, -13.880796, -37.330666), (0, -13.9408045, -37.49205), (3.707413, -13.880796, -37.330666), (7.3210874, -13.705315, -36.85873), (10.758688, -13.427077, -36.110443), (13.957614, -13.064555, -35.135487), (16.878586, -12.638906, -33.990757), (19.504673, -12.171128, -32.732727), (21.837265, -11.680021, -31.411957), (23.890797, -11.1810875, -30.070137), (25.687647, -10.686248, -28.739326), (27.254007, -10.204079, -27.442593), (28.61691, -9.740326, -26.195389), (29.802357, -9.298498, -25.007147), (-30.096544, -7.5122285, -25.254), (-28.927328, -7.8767858, -26.479538), (-27.578978, -8.260599, -27.769812), (-26.024157, -8.66099, -29.115812), (-24.234064, -9.073392, -30.502192), (-22.180332, -9.490813, -31.905443), (-19.838083, -9.903343, -33.292255), (-17.19034, -10.29788, -34.618576), (-14.233601, -10.658306, -35.830227), (-10.983769, -10.966387, -36.86591), (-7.480876, -11.203556, -37.663204), (-3.790486, -11.353462, -38.16715), (0, -11.404784, -38.339676), (3.790486, -11.353462, -38.16715), (7.480876, -11.203556, -37.663204), (10.983769, -10.966387, -36.86591), (14.233601, -10.658306, -35.830227), (17.19034, -10.29788, -34.618576), (19.838083, -9.903343, -33.292255), (22.180332, -9.490813, -31.905443), (24.234064, -9.073392, -30.502192), (26.024157, -8.66099, -29.115812), (27.578978, -8.260599, -27.769812), (28.927328, -7.8767858, -26.479538), (30.096544, -7.5122285, -25.254), (-30.331478, -5.6781516, -25.451132), (-29.175873, -5.9583473, -26.70705), (-27.83993, -6.2540708, -28.03257), (-26.295227, -6.563403, -29.419088), (-24.511526, -6.8829565, -30.851418), (-22.458635, -7.2074227, -32.30577), (-20.109562, -7.529151, -33.747852), (-17.445127, -7.837884, -35.131683), (-14.459952, -8.120851, -36.40002), (-11.168944, -8.363452, -37.48743), (-7.6126566, -8.550685, -38.326664), (-3.859106, -8.669247, -38.858093), (0, -8.709877, -39.04021), (3.859106, -8.669247, -38.858093), (7.6126566, -8.550685, -38.326664), (11.168944, -8.363452, -37.48743), (14.459952, -8.120851, -36.40002), (17.445127, -7.837884, -35.131683), (20.109562, -7.529151, -33.747852), (22.458635, -7.2074227, -32.30577), (24.511526, -6.8829565, -30.851418), (26.295227, -6.563403, -29.419088), (27.83993, -6.2540708, -28.03257), (29.175873, -5.9583473, -26.70705), (30.331478, -5.6781516, -25.451132), (-30.502695, -3.8068027, -25.5948), (-29.357378, -3.9969432, -26.873198), (-28.030924, -4.1979847, -28.224886), (-26.49412, -4.4086986, -29.64161), (-24.71565, -4.6268506, -31.108341), (-22.663961, -4.8488774, -32.601124), (-20.310444, -5.0695753, -34.084972), (-17.634218, -5.281893, -35.512478), (-14.6284075, -5.4769716, -36.824074), (-11.307097, -5.644602, -37.951126), (-7.7111673, -5.774223, -38.822624), (-3.9104667, -5.856417, -39.375256), (0, -5.8846054, -39.564774), (3.9104667, -5.856417, -39.375256), (7.7111673, -5.774223, -38.822624), (11.307097, -5.644602, -37.951126), (14.6284075, -5.4769716, -36.824074), (17.634218, -5.281893, -35.512478), (20.310444, -5.0695753, -34.084972), (22.663961, -4.8488774, -32.601124), (24.71565, -4.6268506, -31.108341), (26.49412, -4.4086986, -29.64161), (28.030924, -4.1979847, -28.224886), (29.357378, -3.9969432, -26.873198), (30.502695, -3.8068027, -25.5948), (-30.606829, -1.9098995, -25.682178), (-29.467922, -2.0059967, -26.974388), (-28.147427, -2.107716, -28.342194), (-26.615644, -2.2144601, -29.777569), (-24.840601, -2.325121, -31.26561), (-22.789894, -2.43791, -32.782272), (-20.4339, -2.5501955, -34.29216), (-17.750666, -2.658386, -35.746983), (-14.732351, -2.7579443, -37.08573), (-11.392492, -2.8436155, -38.237743), (-7.7721415, -2.9099405, -39.129604), (-3.9422853, -2.9520347, -39.69564), (0, -2.9664772, -39.889847), (3.9422853, -2.9520347, -39.69564), (7.7721415, -2.9099405, -39.129604), (11.392492, -2.8436155, -38.237743), (14.732351, -2.7579443, -37.08573), (17.750666, -2.658386, -35.746983), (20.4339, -2.5501955, -34.29216), (22.789894, -2.43791, -32.782272), (24.840601, -2.325121, -31.26561), (26.615644, -2.2144601, -29.777569), (28.147427, -2.107716, -28.342194), (29.467922, -2.0059967, -26.974388), (30.606829, -1.9098995, -25.682178), (-30.641777, 0, -25.711504), (-29.505047, 0, -27.008371), (-28.186584, 0, -28.381622), (-26.656525, 0, -29.823307), (-24.882675, 0, -31.318565), (-22.83234, 0, -32.84333), (-20.475557, 0, -34.362064), (-17.789997, 0, -35.82619), (-14.767495, 0, -37.1742), (-11.42139, 0, -38.334736), (-7.79279, 0, -39.233562), (-3.9530652, 0, -39.804188), (0, 0, -40), (3.9530652, 0, -39.804188), (7.79279, 0, -39.233562), (11.42139, 0, -38.334736), (14.767495, 0, -37.1742), (17.789997, 0, -35.82619), (20.475557, 0, -34.362064), (22.83234, 0, -32.84333), (24.882675, 0, -31.318565), (26.656525, 0, -29.823307), (28.186584, 0, -28.381622), (29.505047, 0, -27.008371), (30.641777, 0, -25.711504), (-30.606829, 1.9098995, -25.682178), (-29.467922, 2.0059967, -26.974388), (-28.147427, 2.107716, -28.342194), (-26.615644, 2.2144601, -29.777569), (-24.840601, 2.325121, -31.26561), (-22.789894, 2.43791, -32.782272), (-20.4339, 2.5501955, -34.29216), (-17.750666, 2.658386, -35.746983), (-14.732351, 2.7579443, -37.08573), (-11.392492, 2.8436155, -38.237743), (-7.7721415, 2.9099405, -39.129604), (-3.9422853, 2.9520347, -39.69564), (0, 2.9664772, -39.889847), (3.9422853, 2.9520347, -39.69564), (7.7721415, 2.9099405, -39.129604), (11.392492, 2.8436155, -38.237743), (14.732351, 2.7579443, -37.08573), (17.750666, 2.658386, -35.746983), (20.4339, 2.5501955, -34.29216), (22.789894, 2.43791, -32.782272), (24.840601, 2.325121, -31.26561), (26.615644, 2.2144601, -29.777569), (28.147427, 2.107716, -28.342194), (29.467922, 2.0059967, -26.974388), (30.606829, 1.9098995, -25.682178), (-30.502695, 3.8068027, -25.5948), (-29.357378, 3.9969432, -26.873198), (-28.030924, 4.1979847, -28.224886), (-26.49412, 4.4086986, -29.64161), (-24.71565, 4.6268506, -31.108341), (-22.663961, 4.8488774, -32.601124), (-20.310444, 5.0695753, -34.084972), (-17.634218, 5.281893, -35.512478), (-14.6284075, 5.4769716, -36.824074), (-11.307097, 5.644602, -37.951126), (-7.7111673, 5.774223, -38.822624), (-3.9104667, 5.856417, -39.375256), (0, 5.8846054, -39.564774), (3.9104667, 5.856417, -39.375256), (7.7111673, 5.774223, -38.822624), (11.307097, 5.644602, -37.951126), (14.6284075, 5.4769716, -36.824074), (17.634218, 5.281893, -35.512478), (20.310444, 5.0695753, -34.084972), (22.663961, 4.8488774, -32.601124), (24.71565, 4.6268506, -31.108341), (26.49412, 4.4086986, -29.64161), (28.030924, 4.1979847, -28.224886), (29.357378, 3.9969432, -26.873198), (30.502695, 3.8068027, -25.5948), (-30.331478, 5.6781516, -25.451132), (-29.175873, 5.9583473, -26.70705), (-27.83993, 6.2540708, -28.03257), (-26.295227, 6.563403, -29.419088), (-24.511526, 6.8829565, -30.851418), (-22.458635, 7.2074227, -32.30577), (-20.109562, 7.529151, -33.747852), (-17.445127, 7.837884, -35.131683), (-14.459952, 8.120851, -36.40002), (-11.168944, 8.363452, -37.48743), (-7.6126566, 8.550685, -38.326664), (-3.859106, 8.669247, -38.858093), (0, 8.709877, -39.04021), (3.859106, 8.669247, -38.858093), (7.6126566, 8.550685, -38.326664), (11.168944, 8.363452, -37.48743), (14.459952, 8.120851, -36.40002), (17.445127, 7.837884, -35.131683), (20.109562, 7.529151, -33.747852), (22.458635, 7.2074227, -32.30577), (24.511526, 6.8829565, -30.851418), (26.295227, 6.563403, -29.419088), (27.83993, 6.2540708, -28.03257), (29.175873, 5.9583473, -26.70705), (30.331478, 5.6781516, -25.451132), (-30.096544, 7.5122285, -25.254), (-28.927328, 7.8767858, -26.479538), (-27.578978, 8.260599, -27.769812), (-26.024157, 8.66099, -29.115812), (-24.234064, 9.073392, -30.502192), (-22.180332, 9.490813, -31.905443), (-19.838083, 9.903343, -33.292255), (-17.19034, 10.29788, -34.618576), (-14.233601, 10.658306, -35.830227), (-10.983769, 10.966387, -36.86591), (-7.480876, 11.203556, -37.663204), (-3.790486, 11.353462, -38.16715), (0, 11.404784, -38.339676), (3.790486, 11.353462, -38.16715), (7.480876, 11.203556, -37.663204), (10.983769, 10.966387, -36.86591), (14.233601, 10.658306, -35.830227), (17.19034, 10.29788, -34.618576), (19.838083, 9.903343, -33.292255), (22.180332, 9.490813, -31.905443), (24.234064, 9.073392, -30.502192), (26.024157, 8.66099, -29.115812), (27.578978, 8.260599, -27.769812), (28.927328, 7.8767858, -26.479538), (30.096544, 7.5122285, -25.254), (-29.802357, 9.298498, -25.007147), (-28.61691, 9.740326, -26.195389), (-27.254007, 10.204079, -27.442593), (-25.687647, 10.686248, -28.739326), (-23.890797, 11.1810875, -30.070137), (-21.837265, 11.680021, -31.411957), (-19.504673, 12.171128, -32.732727), (-16.878586, 12.638906, -33.990757), (-13.957614, 13.064555, -35.135487), (-10.758688, 13.427077, -36.110443), (-7.3210874, 13.705315, -36.85873), (-3.707413, 13.880796, -37.330666), (0, 13.9408045, -37.49205), (3.707413, 13.880796, -37.330666), (7.3210874, 13.705315, -36.85873), (10.758688, 13.427077, -36.110443), (13.957614, 13.064555, -35.135487), (16.878586, 12.638906, -33.990757), (19.504673, 12.171128, -32.732727), (21.837265, 11.680021, -31.411957), (23.890797, 11.1810875, -30.070137), (25.687647, 10.686248, -28.739326), (27.254007, 10.204079, -27.442593), (28.61691, 9.740326, -26.195389), (29.802357, 9.298498, -25.007147), (-29.454247, 11.027863, -24.715048), (-28.25075, 11.538835, -25.86021), (-26.871998, 12.073261, -27.05794), (-25.29356, 12.626765, -28.298422), (-23.490412, 13.192446, -29.566195), (-21.438816, 13.760284, -30.838802), (-19.119127, 14.316652, -32.085705), (-16.51964, 14.844146, -33.267895), (-13.641143, 15.322, -34.338833), (-10.501512, 15.727338, -35.247257), (-7.1390266, 16.037388, -35.942127), (-3.6129308, 16.232458, -36.379307), (0, 16.299082, -36.528618), (3.6129308, 16.232458, -36.379307), (7.1390266, 16.037388, -35.942127), (10.501512, 15.727338, -35.247257), (13.641143, 15.322, -34.338833), (16.51964, 14.844146, -33.267895), (19.119127, 14.316652, -32.085705), (21.438816, 13.760284, -30.838802), (23.490412, 13.192446, -29.566195), (25.29356, 12.626765, -28.298422), (26.871998, 12.073261, -27.05794), (28.25075, 11.538835, -25.86021), (29.454247, 11.027863, -24.715048), (-29.058159, 12.692825, -24.38269), (-27.835613, 13.264154, -25.480204), (-26.440596, 13.859344, -26.623552), (-24.850407, 14.473129, -27.802622), (-23.042223, 15.0975275, -29.00208), (-20.994907, 15.721261, -30.200262), (-18.691677, 16.329334, -31.36836), (-16.123579, 16.902966, -32.470295), (-13.293511, 17.42012, -33.46374), (-10.220115, 17.856895, -34.302776), (-6.9404283, 18.189793, -34.942265), (-3.5100682, 18.398695, -35.343563), (0, 18.469944, -35.480434), (3.5100682, 18.398695, -35.343563), (6.9404283, 18.189793, -34.942265), (10.220115, 17.856895, -34.302776), (13.293511, 17.42012, -33.46374), (16.123579, 16.902966, -32.470295), (18.691677, 16.329334, -31.36836), (20.994907, 15.721261, -30.200262), (23.042223, 15.0975275, -29.00208), (24.850407, 14.473129, -27.802622), (26.440596, 13.859344, -26.623552), (27.835613, 13.264154, -25.480204), (29.058159, 12.692825, -24.38269)]
                        color3f[] primvars:displayColor = [(0, 0.85, 0.95)] (
                            interpolation = "constant"
                        )
                        float[] primvars:displayOpacity = [0.3] (
                            interpolation = "constant"
                        )
                        uniform token purpose = "guide"
                        uniform token subdivisionScheme = "none"
                    }

                    def Mesh "Shell_identify" (
                        prepend apiSchemas = ["AecoDerivedGeometryAPI", "MaterialBindingAPI"]
                    )
                    {
                        uniform token aeco:derived:approx = "tessellated"
                        uniform token aeco:derived:role = "coverage"
                        string aeco:derived:source = "1604d036-e3b5-5c9a-9dc8-aa487cd85d08"
                        string aeco:derived:stamp = "usdAecoCctv derive 0.5.3"
                        uniform bool doubleSided = 1
                        float3[] extent = [(-3.4556262, -2.0829477, -4.5109997), (3.4556262, 2.0829477, 0)]
                        int[] faceVertexCounts = [4, 4, 4, 4, 4, 4, 4, 4, 4, 4, 4, 4, 4, 4, 4, 4, 4, 4, 4, 4, 4, 4, 4, 4, 4, 4, 4, 4, 4, 4, 4, 4, 4, 4, 4, 4, 4, 4, 4, 4, 4, 4, 4, 4, 4, 4, 4, 4, 4, 4, 4, 4, 4, 4, 4, 4, 4, 4, 4, 4, 4, 4, 4, 4, 4, 4, 4, 4, 4, 4, 4, 4, 4, 4, 4, 4, 4, 4, 4, 4, 4, 4, 4, 4, 4, 4, 4, 4, 4, 4, 4, 4, 4, 4, 4, 4, 4, 4, 4, 4, 4, 4, 4, 4, 4, 4, 4, 4, 4, 4, 4, 4, 4, 4, 4, 4, 4, 4, 4, 4, 4, 4, 4, 4, 4, 4, 4, 4, 4, 4, 4, 4, 4, 4, 4, 4, 4, 4, 4, 4, 4, 4, 4, 4, 4, 4, 4, 4, 4, 4, 4, 4, 4, 4, 4, 4, 4, 4, 4, 4, 4, 4, 4, 4, 4, 4, 4, 4, 4, 4, 4, 4, 4, 4, 4, 4, 4, 4, 4, 4, 4, 4, 4, 4, 4, 4, 4, 4, 4, 4, 4, 4, 4, 4, 4, 4, 4, 4, 4, 4, 4, 4, 4, 4, 4, 4, 4, 4, 4, 4, 4, 4, 4, 4, 4, 4, 4, 4, 4, 4, 4, 4, 4, 4, 4, 4, 4, 4, 4, 4, 4, 4, 4, 4, 4, 4, 4, 4, 4, 4, 4, 4, 4, 4, 4, 4, 4, 4, 4, 4, 4, 4, 4, 4, 4, 4, 4, 4, 4, 4, 4, 4, 4, 4, 4, 4, 4, 4, 4, 4, 4, 4, 4, 4, 4, 4, 4, 4, 4, 4, 4, 4, 4, 4, 4, 4, 4, 4, 4, 4, 4, 4, 4, 4, 4, 4, 4, 4, 4, 4, 4, 4, 4, 4, 4, 4, 4, 4, 4, 4, 4, 4, 4, 4, 4, 4, 4, 4, 4, 4, 4, 4, 4, 4, 4, 4, 4, 4, 4, 4, 4, 4, 4, 4, 4, 4, 3, 3, 3, 3, 3, 3, 3, 3, 3, 3, 3, 3, 3, 3, 3, 3, 3, 3, 3, 3, 3, 3, 3, 3, 3, 3, 3, 3, 3, 3, 3, 3, 3, 3, 3, 3, 3, 3, 3, 3, 3, 3, 3, 3, 3, 3, 3, 3, 3, 3, 3, 3, 3, 3, 3, 3, 3, 3, 3, 3, 3, 3, 3, 3, 3, 3, 3, 3, 3, 3, 3, 3, 3, 3, 3, 3]
                        int[] faceVertexIndices = [1, 26, 27, 2, 2, 27, 28, 3, 3, 28, 29, 4, 4, 29, 30, 5, 5, 30, 31, 6, 6, 31, 32, 7, 7, 32, 33, 8, 8, 33, 34, 9, 9, 34, 35, 10, 10, 35, 36, 11, 11, 36, 37, 12, 12, 37, 38, 13, 13, 38, 39, 14, 14, 39, 40, 15, 15, 40, 41, 16, 16, 41, 42, 17, 17, 42, 43, 18, 18, 43, 44, 19, 19, 44, 45, 20, 20, 45, 46, 21, 21, 46, 47, 22, 22, 47, 48, 23, 23, 48, 49, 24, 24, 49, 50, 25, 26, 51, 52, 27, 27, 52, 53, 28, 28, 53, 54, 29, 29, 54, 55, 30, 30, 55, 56, 31, 31, 56, 57, 32, 32, 57, 58, 33, 33, 58, 59, 34, 34, 59, 60, 35, 35, 60, 61, 36, 36, 61, 62, 37, 37, 62, 63, 38, 38, 63, 64, 39, 39, 64, 65, 40, 40, 65, 66, 41, 41, 66, 67, 42, 42, 67, 68, 43, 43, 68, 69, 44, 44, 69, 70, 45, 45, 70, 71, 46, 46, 71, 72, 47, 47, 72, 73, 48, 48, 73, 74, 49, 49, 74, 75, 50, 51, 76, 77, 52, 52, 77, 78, 53, 53, 78, 79, 54, 54, 79, 80, 55, 55, 80, 81, 56, 56, 81, 82, 57, 57, 82, 83, 58, 58, 83, 84, 59, 59, 84, 85, 60, 60, 85, 86, 61, 61, 86, 87, 62, 62, 87, 88, 63, 63, 88, 89, 64, 64, 89, 90, 65, 65, 90, 91, 66, 66, 91, 92, 67, 67, 92, 93, 68, 68, 93, 94, 69, 69, 94, 95, 70, 70, 95, 96, 71, 71, 96, 97, 72, 72, 97, 98, 73, 73, 98, 99, 74, 74, 99, 100, 75, 76, 101, 102, 77, 77, 102, 103, 78, 78, 103, 104, 79, 79, 104, 105, 80, 80, 105, 106, 81, 81, 106, 107, 82, 82, 107, 108, 83, 83, 108, 109, 84, 84, 109, 110, 85, 85, 110, 111, 86, 86, 111, 112, 87, 87, 112, 113, 88, 88, 113, 114, 89, 89, 114, 115, 90, 90, 115, 116, 91, 91, 116, 117, 92, 92, 117, 118, 93, 93, 118, 119, 94, 94, 119, 120, 95, 95, 120, 121, 96, 96, 121, 122, 97, 97, 122, 123, 98, 98, 123, 124, 99, 99, 124, 125, 100, 101, 126, 127, 102, 102, 127, 128, 103, 103, 128, 129, 104, 104, 129, 130, 105, 105, 130, 131, 106, 106, 131, 132, 107, 107, 132, 133, 108, 108, 133, 134, 109, 109, 134, 135, 110, 110, 135, 136, 111, 111, 136, 137, 112, 112, 137, 138, 113, 113, 138, 139, 114, 114, 139, 140, 115, 115, 140, 141, 116, 116, 141, 142, 117, 117, 142, 143, 118, 118, 143, 144, 119, 119, 144, 145, 120, 120, 145, 146, 121, 121, 146, 147, 122, 122, 147, 148, 123, 123, 148, 149, 124, 124, 149, 150, 125, 126, 151, 152, 127, 127, 152, 153, 128, 128, 153, 154, 129, 129, 154, 155, 130, 130, 155, 156, 131, 131, 156, 157, 132, 132, 157, 158, 133, 133, 158, 159, 134, 134, 159, 160, 135, 135, 160, 161, 136, 136, 161, 162, 137, 137, 162, 163, 138, 138, 163, 164, 139, 139, 164, 165, 140, 140, 165, 166, 141, 141, 166, 167, 142, 142, 167, 168, 143, 143, 168, 169, 144, 144, 169, 170, 145, 145, 170, 171, 146, 146, 171, 172, 147, 147, 172, 173, 148, 148, 173, 174, 149, 149, 174, 175, 150, 151, 176, 177, 152, 152, 177, 178, 153, 153, 178, 179, 154, 154, 179, 180, 155, 155, 180, 181, 156, 156, 181, 182, 157, 157, 182, 183, 158, 158, 183, 184, 159, 159, 184, 185, 160, 160, 185, 186, 161, 161, 186, 187, 162, 162, 187, 188, 163, 163, 188, 189, 164, 164, 189, 190, 165, 165, 190, 191, 166, 166, 191, 192, 167, 167, 192, 193, 168, 168, 193, 194, 169, 169, 194, 195, 170, 170, 195, 196, 171, 171, 196, 197, 172, 172, 197, 198, 173, 173, 198, 199, 174, 174, 199, 200, 175, 176, 201, 202, 177, 177, 202, 203, 178, 178, 203, 204, 179, 179, 204, 205, 180, 180, 205, 206, 181, 181, 206, 207, 182, 182, 207, 208, 183, 183, 208, 209, 184, 184, 209, 210, 185, 185, 210, 211, 186, 186, 211, 212, 187, 187, 212, 213, 188, 188, 213, 214, 189, 189, 214, 215, 190, 190, 215, 216, 191, 191, 216, 217, 192, 192, 217, 218, 193, 193, 218, 219, 194, 194, 219, 220, 195, 195, 220, 221, 196, 196, 221, 222, 197, 197, 222, 223, 198, 198, 223, 224, 199, 199, 224, 225, 200, 201, 226, 227, 202, 202, 227, 228, 203, 203, 228, 229, 204, 204, 229, 230, 205, 205, 230, 231, 206, 206, 231, 232, 207, 207, 232, 233, 208, 208, 233, 234, 209, 209, 234, 235, 210, 210, 235, 236, 211, 211, 236, 237, 212, 212, 237, 238, 213, 213, 238, 239, 214, 214, 239, 240, 215, 215, 240, 241, 216, 216, 241, 242, 217, 217, 242, 243, 218, 218, 243, 244, 219, 219, 244, 245, 220, 220, 245, 246, 221, 221, 246, 247, 222, 222, 247, 248, 223, 223, 248, 249, 224, 224, 249, 250, 225, 226, 251, 252, 227, 227, 252, 253, 228, 228, 253, 254, 229, 229, 254, 255, 230, 230, 255, 256, 231, 231, 256, 257, 232, 232, 257, 258, 233, 233, 258, 259, 234, 234, 259, 260, 235, 235, 260, 261, 236, 236, 261, 262, 237, 237, 262, 263, 238, 238, 263, 264, 239, 239, 264, 265, 240, 240, 265, 266, 241, 241, 266, 267, 242, 242, 267, 268, 243, 243, 268, 269, 244, 244, 269, 270, 245, 245, 270, 271, 246, 246, 271, 272, 247, 247, 272, 273, 248, 248, 273, 274, 249, 249, 274, 275, 250, 251, 276, 277, 252, 252, 277, 278, 253, 253, 278, 279, 254, 254, 279, 280, 255, 255, 280, 281, 256, 256, 281, 282, 257, 257, 282, 283, 258, 258, 283, 284, 259, 259, 284, 285, 260, 260, 285, 286, 261, 261, 286, 287, 262, 262, 287, 288, 263, 263, 288, 289, 264, 264, 289, 290, 265, 265, 290, 291, 266, 266, 291, 292, 267, 267, 292, 293, 268, 268, 293, 294, 269, 269, 294, 295, 270, 270, 295, 296, 271, 271, 296, 297, 272, 272, 297, 298, 273, 273, 298, 299, 274, 274, 299, 300, 275, 276, 301, 302, 277, 277, 302, 303, 278, 278, 303, 304, 279, 279, 304, 305, 280, 280, 305, 306, 281, 281, 306, 307, 282, 282, 307, 308, 283, 283, 308, 309, 284, 284, 309, 310, 285, 285, 310, 311, 286, 286, 311, 312, 287, 287, 312, 313, 288, 288, 313, 314, 289, 289, 314, 315, 290, 290, 315, 316, 291, 291, 316, 317, 292, 292, 317, 318, 293, 293, 318, 319, 294, 294, 319, 320, 295, 295, 320, 321, 296, 296, 321, 322, 297, 297, 322, 323, 298, 298, 323, 324, 299, 299, 324, 325, 300, 301, 326, 327, 302, 302, 327, 328, 303, 303, 328, 329, 304, 304, 329, 330, 305, 305, 330, 331, 306, 306, 331, 332, 307, 307, 332, 333, 308, 308, 333, 334, 309, 309, 334, 335, 310, 310, 335, 336, 311, 311, 336, 337, 312, 312, 337, 338, 313, 313, 338, 339, 314, 314, 339, 340, 315, 315, 340, 341, 316, 316, 341, 342, 317, 317, 342, 343, 318, 318, 343, 344, 319, 319, 344, 345, 320, 320, 345, 346, 321, 321, 346, 347, 322, 322, 347, 348, 323, 323, 348, 349, 324, 324, 349, 350, 325, 326, 351, 352, 327, 327, 352, 353, 328, 328, 353, 354, 329, 329, 354, 355, 330, 330, 355, 356, 331, 331, 356, 357, 332, 332, 357, 358, 333, 333, 358, 359, 334, 334, 359, 360, 335, 335, 360, 361, 336, 336, 361, 362, 337, 337, 362, 363, 338, 338, 363, 364, 339, 339, 364, 365, 340, 340, 365, 366, 341, 341, 366, 367, 342, 342, 367, 368, 343, 343, 368, 369, 344, 344, 369, 370, 345, 345, 370, 371, 346, 346, 371, 372, 347, 347, 372, 373, 348, 348, 373, 374, 349, 349, 374, 375, 350, 0, 1, 2, 0, 2, 3, 0, 3, 4, 0, 4, 5, 0, 5, 6, 0, 6, 7, 0, 7, 8, 0, 8, 9, 0, 9, 10, 0, 10, 11, 0, 11, 12, 0, 12, 13, 0, 13, 14, 0, 14, 15, 0, 15, 16, 0, 16, 17, 0, 17, 18, 0, 18, 19, 0, 19, 20, 0, 20, 21, 0, 21, 22, 0, 22, 23, 0, 23, 24, 0, 24, 25, 0, 352, 351, 0, 353, 352, 0, 354, 353, 0, 355, 354, 0, 356, 355, 0, 357, 356, 0, 358, 357, 0, 359, 358, 0, 360, 359, 0, 361, 360, 0, 362, 361, 0, 363, 362, 0, 364, 363, 0, 365, 364, 0, 366, 365, 0, 367, 366, 0, 368, 367, 0, 369, 368, 0, 370, 369, 0, 371, 370, 0, 372, 371, 0, 373, 372, 0, 374, 373, 0, 375, 374, 0, 26, 1, 0, 51, 26, 0, 76, 51, 0, 101, 76, 0, 126, 101, 0, 151, 126, 0, 176, 151, 0, 201, 176, 0, 226, 201, 0, 251, 226, 0, 276, 251, 0, 301, 276, 0, 326, 301, 0, 351, 326, 0, 25, 50, 0, 50, 75, 0, 75, 100, 0, 100, 125, 0, 125, 150, 0, 150, 175, 0, 175, 200, 0, 200, 225, 0, 225, 250, 0, 250, 275, 0, 275, 300, 0, 300, 325, 0, 325, 350, 0, 350, 375]
                        rel material:binding = </AecoCctvLooks/Shell_identify>
                        point3f[] points = [(0, 0, 0), (-3.2770336, -1.4314332, -2.7497578), (-3.139161, -1.4958649, -2.8735297), (-2.9818377, -1.5629873, -3.0024707), (-2.8025043, -1.632207, -3.1354406), (-2.5985863, -1.7026235, -3.2707093), (-2.3677006, -1.7729651, -3.4058342), (-2.1079538, -1.8415406, -3.5375664), (-1.8183365, -1.9062318, -3.661837), (-1.4991755, -1.964554, -3.773873), (-1.1525733, -2.0138113, -3.8684955), (-0.78270674, -2.0513537, -3.9406137), (-0.39584792, -2.0749125, -3.9858701), (0, -2.0829477, -4.0013056), (0.39584792, -2.0749125, -3.9858701), (0.78270674, -2.0513537, -3.9406137), (1.1525733, -2.0138113, -3.8684955), (1.4991755, -1.964554, -3.773873), (1.8183365, -1.9062318, -3.661837), (2.1079538, -1.8415406, -3.5375664), (2.3677006, -1.7729651, -3.4058342), (2.5985863, -1.7026235, -3.2707093), (2.8025043, -1.632207, -3.1354406), (2.9818377, -1.5629873, -3.0024707), (3.139161, -1.4958649, -2.8735297), (3.2770336, -1.4314332, -2.7497578), (-3.3217025, -1.2436671, -2.7872393), (-3.185978, -1.301292, -2.916385), (-3.0304892, -1.361562, -3.0514588), (-2.852481, -1.4239833, -3.1913543), (-2.649131, -1.487778, -3.3343275), (-2.4177623, -1.5518159, -3.4778457), (-2.1561594, -1.6145602, -3.618465), (-1.8630022, -1.6740484, -3.7517865), (-1.5383798, -1.7279383, -3.8725617), (-1.1843078, -1.7736503, -3.975009), (-0.80510366, -1.8086164, -4.053373), (-0.40744823, -1.8306154, -4.102676), (0, -1.8381288, -4.1195145), (0.40744823, -1.8306154, -4.102676), (0.80510366, -1.8086164, -4.053373), (1.1843078, -1.7736503, -3.975009), (1.5383798, -1.7279383, -3.8725617), (1.8630022, -1.6740484, -3.7517865), (2.1561594, -1.6145602, -3.618465), (2.4177623, -1.5518159, -3.4778457), (2.649131, -1.487778, -3.3343275), (2.852481, -1.4239833, -3.1913543), (3.0304892, -1.361562, -3.0514588), (3.185978, -1.301292, -2.916385), (3.3217025, -1.2436671, -2.7872393), (-3.3609605, -1.048638, -2.820181), (-3.227272, -1.0984652, -2.9541848), (-3.0735705, -1.1507648, -3.0948381), (-2.8969243, -1.2051414, -3.2410774), (-2.6942842, -1.260947, -3.3911595), (-2.4626973, -1.3172143, -3.542483), (-2.1996393, -1.3725989, -3.691433), (-1.9034823, -1.4253525, -3.833307), (-1.5740699, -1.473355, -3.9624043), (-1.213311, -1.5142385, -4.0723553), (-0.82563555, -1.5456167, -4.156743), (-0.41810346, -1.5654067, -4.209965), (0, -1.5721742, -4.2281656), (0.41810346, -1.5654067, -4.209965), (0.82563555, -1.5456167, -4.156743), (1.213311, -1.5142385, -4.0723553), (1.5740699, -1.473355, -3.9624043), (1.9034823, -1.4253525, -3.833307), (2.1996393, -1.3725989, -3.691433), (2.4626973, -1.3172143, -3.542483), (2.6942842, -1.260947, -3.3911595), (2.8969243, -1.2051414, -3.2410774), (3.0735705, -1.1507648, -3.0948381), (3.227272, -1.0984652, -2.9541848), (3.3609605, -1.048638, -2.820181), (-3.3941374, -0.8471915, -2.8480196), (-3.262279, -0.8883045, -2.9862297), (-3.110219, -0.93158907, -3.1317403), (-2.9348738, -0.9767431, -3.2835355), (-2.7329965, -1.0232517, -3.4398844), (-2.501387, -1.0703263, -3.5981362), (-2.2372396, -1.1168494, -3.7545338), (-1.9386404, -1.1613433, -3.9041097), (-1.6051941, -1.2019904, -4.0407534), (-1.2386945, -1.2367342, -4.1575522), (-0.84365577, -1.2634809, -4.2474675), (-0.42747205, -1.2803866, -4.3043), (0, -1.2861744, -4.3237567), (0.42747205, -1.2803866, -4.3043), (0.84365577, -1.2634809, -4.2474675), (1.2386945, -1.2367342, -4.1575522), (1.6051941, -1.2019904, -4.0407534), (1.9386404, -1.1613433, -3.9041097), (2.2372396, -1.1168494, -3.7545338), (2.501387, -1.0703263, -3.5981362), (2.7329965, -1.0232517, -3.4398844), (2.9348738, -0.9767431, -3.2835355), (3.110219, -0.93158907, -3.1317403), (3.262279, -0.8883045, -2.9862297), (3.3941374, -0.8471915, -2.8480196), (-3.4206321, -0.6403535, -2.8702512), (-3.2903087, -0.6719526, -3.0118876), (-3.1396477, -0.7053028, -3.1613727), (-2.965444, -0.74018776, -3.3177373), (-2.764287, -0.7762253, -3.4792683), (-2.5327723, -0.81281704, -3.643283), (-2.2678556, -0.84909993, -3.8059134), (-1.9673742, -0.8839173, -3.961975), (-1.630721, -0.9158289, -4.105012), (-1.2595776, -0.9431882, -4.2276444), (-0.8585173, -0.96430343, -4.3222895), (-0.43521065, -0.97767425, -4.382221), (0, -0.98225635, -4.4027596), (0.43521065, -0.97767425, -4.382221), (0.8585173, -0.96430343, -4.3222895), (1.2595776, -0.9431882, -4.2276444), (1.630721, -0.9158289, -4.105012), (1.9673742, -0.8839173, -3.961975), (2.2678556, -0.84909993, -3.8059134), (2.5327723, -0.81281704, -3.643283), (2.764287, -0.7762253, -3.4792683), (2.965444, -0.74018776, -3.3177373), (3.1396477, -0.7053028, -3.1613727), (3.2903087, -0.6719526, -3.0118876), (3.4206321, -0.6403535, -2.8702512), (-3.4399412, -0.42931214, -2.8864534), (-3.3107781, -0.45075524, -3.0306246), (-3.1611872, -0.47342765, -3.1830614), (-2.9878743, -0.49719092, -3.342832), (-2.7873073, -0.521793, -3.5082428), (-2.555928, -0.5468321, -3.6765914), (-2.2905102, -0.5717213, -3.8439324), (-1.9886987, -0.5956654, -4.004919), (-1.6497185, -0.6176654, -4.152835), (-1.2751578, -0.6365699, -4.2799377), (-0.8696268, -0.6511879, -4.378221), (-0.44100285, -0.6604574, -4.440544), (0, -0.66363627, -4.461917), (0.44100285, -0.6604574, -4.440544), (0.8696268, -0.6511879, -4.378221), (1.2751578, -0.6365699, -4.2799377), (1.6497185, -0.6176654, -4.152835), (1.9886987, -0.5956654, -4.004919), (2.2905102, -0.5717213, -3.8439324), (2.555928, -0.5468321, -3.6765914), (2.7873073, -0.521793, -3.5082428), (2.9878743, -0.49719092, -3.342832), (3.1611872, -0.47342765, -3.1830614), (3.3107781, -0.45075524, -3.0306246), (3.4399412, -0.42931214, -2.8864534), (-3.451685, -0.2153889, -2.8963075), (-3.3232446, -0.22622627, -3.0420363), (-3.1743257, -0.23769766, -3.1962907), (-3.001579, -0.24973573, -3.358165), (-2.8013985, -0.2622155, -3.5259788), (-2.57013, -0.27493528, -3.6970203), (-2.304433, -0.28759825, -3.867298), (-2.001831, -0.29979944, -4.031366), (-1.6614408, -0.31102714, -4.182343), (-1.2847881, -0.32068872, -4.312261), (-0.87650317, -0.3281685, -4.412841), (-0.44459116, -0.3329157, -4.4766755), (0, -0.33454445, -4.498577), (0.44459116, -0.3329157, -4.4766755), (0.87650317, -0.3281685, -4.412841), (1.2847881, -0.32068872, -4.312261), (1.6614408, -0.31102714, -4.182343), (2.001831, -0.29979944, -4.031366), (2.304433, -0.28759825, -3.867298), (2.57013, -0.27493528, -3.6970203), (2.8013985, -0.2622155, -3.5259788), (3.001579, -0.24973573, -3.358165), (3.1743257, -0.23769766, -3.1962907), (3.3232446, -0.22622627, -3.0420363), (3.451685, -0.2153889, -2.8963075), (-3.4556262, 0, -2.8996146), (-3.3274314, 0, -3.0458689), (-3.1787417, 0, -3.2007372), (-3.0061893, 0, -3.3633232), (-2.8061433, 0, -3.531951), (-2.574917, 0, -3.703906), (-2.309131, 0, -3.8751817), (-2.0062668, 0, -4.0402985), (-1.6654041, 0, -4.19232), (-1.2880471, 0, -4.3231993), (-0.8788318, 0, -4.424565), (-0.4458069, 0, -4.488917), (0, 0, -4.5109997), (0.4458069, 0, -4.488917), (0.8788318, 0, -4.424565), (1.2880471, 0, -4.3231993), (1.6654041, 0, -4.19232), (2.0062668, 0, -4.0402985), (2.309131, 0, -3.8751817), (2.574917, 0, -3.703906), (2.8061433, 0, -3.531951), (3.0061893, 0, -3.3633232), (3.1787417, 0, -3.2007372), (3.3274314, 0, -3.0458689), (3.4556262, 0, -2.8996146), (-3.451685, 0.2153889, -2.8963075), (-3.3232446, 0.22622627, -3.0420363), (-3.1743257, 0.23769766, -3.1962907), (-3.001579, 0.24973573, -3.358165), (-2.8013985, 0.2622155, -3.5259788), (-2.57013, 0.27493528, -3.6970203), (-2.304433, 0.28759825, -3.867298), (-2.001831, 0.29979944, -4.031366), (-1.6614408, 0.31102714, -4.182343), (-1.2847881, 0.32068872, -4.312261), (-0.87650317, 0.3281685, -4.412841), (-0.44459116, 0.3329157, -4.4766755), (0, 0.33454445, -4.498577), (0.44459116, 0.3329157, -4.4766755), (0.87650317, 0.3281685, -4.412841), (1.2847881, 0.32068872, -4.312261), (1.6614408, 0.31102714, -4.182343), (2.001831, 0.29979944, -4.031366), (2.304433, 0.28759825, -3.867298), (2.57013, 0.27493528, -3.6970203), (2.8013985, 0.2622155, -3.5259788), (3.001579, 0.24973573, -3.358165), (3.1743257, 0.23769766, -3.1962907), (3.3232446, 0.22622627, -3.0420363), (3.451685, 0.2153889, -2.8963075), (-3.4399412, 0.42931214, -2.8864534), (-3.3107781, 0.45075524, -3.0306246), (-3.1611872, 0.47342765, -3.1830614), (-2.9878743, 0.49719092, -3.342832), (-2.7873073, 0.521793, -3.5082428), (-2.555928, 0.5468321, -3.6765914), (-2.2905102, 0.5717213, -3.8439324), (-1.9886987, 0.5956654, -4.004919), (-1.6497185, 0.6176654, -4.152835), (-1.2751578, 0.6365699, -4.2799377), (-0.8696268, 0.6511879, -4.378221), (-0.44100285, 0.6604574, -4.440544), (0, 0.66363627, -4.461917), (0.44100285, 0.6604574, -4.440544), (0.8696268, 0.6511879, -4.378221), (1.2751578, 0.6365699, -4.2799377), (1.6497185, 0.6176654, -4.152835), (1.9886987, 0.5956654, -4.004919), (2.2905102, 0.5717213, -3.8439324), (2.555928, 0.5468321, -3.6765914), (2.7873073, 0.521793, -3.5082428), (2.9878743, 0.49719092, -3.342832), (3.1611872, 0.47342765, -3.1830614), (3.3107781, 0.45075524, -3.0306246), (3.4399412, 0.42931214, -2.8864534), (-3.4206321, 0.6403535, -2.8702512), (-3.2903087, 0.6719526, -3.0118876), (-3.1396477, 0.7053028, -3.1613727), (-2.965444, 0.74018776, -3.3177373), (-2.764287, 0.7762253, -3.4792683), (-2.5327723, 0.81281704, -3.643283), (-2.2678556, 0.84909993, -3.8059134), (-1.9673742, 0.8839173, -3.961975), (-1.630721, 0.9158289, -4.105012), (-1.2595776, 0.9431882, -4.2276444), (-0.8585173, 0.96430343, -4.3222895), (-0.43521065, 0.97767425, -4.382221), (0, 0.98225635, -4.4027596), (0.43521065, 0.97767425, -4.382221), (0.8585173, 0.96430343, -4.3222895), (1.2595776, 0.9431882, -4.2276444), (1.630721, 0.9158289, -4.105012), (1.9673742, 0.8839173, -3.961975), (2.2678556, 0.84909993, -3.8059134), (2.5327723, 0.81281704, -3.643283), (2.764287, 0.7762253, -3.4792683), (2.965444, 0.74018776, -3.3177373), (3.1396477, 0.7053028, -3.1613727), (3.2903087, 0.6719526, -3.0118876), (3.4206321, 0.6403535, -2.8702512), (-3.3941374, 0.8471915, -2.8480196), (-3.262279, 0.8883045, -2.9862297), (-3.110219, 0.93158907, -3.1317403), (-2.9348738, 0.9767431, -3.2835355), (-2.7329965, 1.0232517, -3.4398844), (-2.501387, 1.0703263, -3.5981362), (-2.2372396, 1.1168494, -3.7545338), (-1.9386404, 1.1613433, -3.9041097), (-1.6051941, 1.2019904, -4.0407534), (-1.2386945, 1.2367342, -4.1575522), (-0.84365577, 1.2634809, -4.2474675), (-0.42747205, 1.2803866, -4.3043), (0, 1.2861744, -4.3237567), (0.42747205, 1.2803866, -4.3043), (0.84365577, 1.2634809, -4.2474675), (1.2386945, 1.2367342, -4.1575522), (1.6051941, 1.2019904, -4.0407534), (1.9386404, 1.1613433, -3.9041097), (2.2372396, 1.1168494, -3.7545338), (2.501387, 1.0703263, -3.5981362), (2.7329965, 1.0232517, -3.4398844), (2.9348738, 0.9767431, -3.2835355), (3.110219, 0.93158907, -3.1317403), (3.262279, 0.8883045, -2.9862297), (3.3941374, 0.8471915, -2.8480196), (-3.3609605, 1.048638, -2.820181), (-3.227272, 1.0984652, -2.9541848), (-3.0735705, 1.1507648, -3.0948381), (-2.8969243, 1.2051414, -3.2410774), (-2.6942842, 1.260947, -3.3911595), (-2.4626973, 1.3172143, -3.542483), (-2.1996393, 1.3725989, -3.691433), (-1.9034823, 1.4253525, -3.833307), (-1.5740699, 1.473355, -3.9624043), (-1.213311, 1.5142385, -4.0723553), (-0.82563555, 1.5456167, -4.156743), (-0.41810346, 1.5654067, -4.209965), (0, 1.5721742, -4.2281656), (0.41810346, 1.5654067, -4.209965), (0.82563555, 1.5456167, -4.156743), (1.213311, 1.5142385, -4.0723553), (1.5740699, 1.473355, -3.9624043), (1.9034823, 1.4253525, -3.833307), (2.1996393, 1.3725989, -3.691433), (2.4626973, 1.3172143, -3.542483), (2.6942842, 1.260947, -3.3911595), (2.8969243, 1.2051414, -3.2410774), (3.0735705, 1.1507648, -3.0948381), (3.227272, 1.0984652, -2.9541848), (3.3609605, 1.048638, -2.820181), (-3.3217025, 1.2436671, -2.7872393), (-3.185978, 1.301292, -2.916385), (-3.0304892, 1.361562, -3.0514588), (-2.852481, 1.4239833, -3.1913543), (-2.649131, 1.487778, -3.3343275), (-2.4177623, 1.5518159, -3.4778457), (-2.1561594, 1.6145602, -3.618465), (-1.8630022, 1.6740484, -3.7517865), (-1.5383798, 1.7279383, -3.8725617), (-1.1843078, 1.7736503, -3.975009), (-0.80510366, 1.8086164, -4.053373), (-0.40744823, 1.8306154, -4.102676), (0, 1.8381288, -4.1195145), (0.40744823, 1.8306154, -4.102676), (0.80510366, 1.8086164, -4.053373), (1.1843078, 1.7736503, -3.975009), (1.5383798, 1.7279383, -3.8725617), (1.8630022, 1.6740484, -3.7517865), (2.1561594, 1.6145602, -3.618465), (2.4177623, 1.5518159, -3.4778457), (2.649131, 1.487778, -3.3343275), (2.852481, 1.4239833, -3.1913543), (3.0304892, 1.361562, -3.0514588), (3.185978, 1.301292, -2.916385), (3.3217025, 1.2436671, -2.7872393), (-3.2770336, 1.4314332, -2.7497578), (-3.139161, 1.4958649, -2.8735297), (-2.9818377, 1.5629873, -3.0024707), (-2.8025043, 1.632207, -3.1354406), (-2.5985863, 1.7026235, -3.2707093), (-2.3677006, 1.7729651, -3.4058342), (-2.1079538, 1.8415406, -3.5375664), (-1.8183365, 1.9062318, -3.661837), (-1.4991755, 1.964554, -3.773873), (-1.1525733, 2.0138113, -3.8684955), (-0.78270674, 2.0513537, -3.9406137), (-0.39584792, 2.0749125, -3.9858701), (0, 2.0829477, -4.0013056), (0.39584792, 2.0749125, -3.9858701), (0.78270674, 2.0513537, -3.9406137), (1.1525733, 2.0138113, -3.8684955), (1.4991755, 1.964554, -3.773873), (1.8183365, 1.9062318, -3.661837), (2.1079538, 1.8415406, -3.5375664), (2.3677006, 1.7729651, -3.4058342), (2.5985863, 1.7026235, -3.2707093), (2.8025043, 1.632207, -3.1354406), (2.9818377, 1.5629873, -3.0024707), (3.139161, 1.4958649, -2.8735297), (3.2770336, 1.4314332, -2.7497578)]
                        color3f[] primvars:displayColor = [(0, 0.5, 0.45)] (
                            interpolation = "constant"
                        )
                        float[] primvars:displayOpacity = [0.3] (
                            interpolation = "constant"
                        )
                        uniform token purpose = "guide"
                        uniform token subdivisionScheme = "none"
                    }

                    def Mesh "Shell_recognise" (
                        prepend apiSchemas = ["AecoDerivedGeometryAPI", "MaterialBindingAPI"]
                    )
                    {
                        uniform token aeco:derived:approx = "tessellated"
                        uniform token aeco:derived:role = "coverage"
                        string aeco:derived:source = "1604d036-e3b5-5c9a-9dc8-aa487cd85d08"
                        string aeco:derived:stamp = "usdAecoCctv derive 0.5.3"
                        uniform bool doubleSided = 1
                        float3[] extent = [(-6.9112525, -4.1658955, -9.021999), (6.9112525, 4.1658955, 0)]
                        int[] faceVertexCounts = [4, 4, 4, 4, 4, 4, 4, 4, 4, 4, 4, 4, 4, 4, 4, 4, 4, 4, 4, 4, 4, 4, 4, 4, 4, 4, 4, 4, 4, 4, 4, 4, 4, 4, 4, 4, 4, 4, 4, 4, 4, 4, 4, 4, 4, 4, 4, 4, 4, 4, 4, 4, 4, 4, 4, 4, 4, 4, 4, 4, 4, 4, 4, 4, 4, 4, 4, 4, 4, 4, 4, 4, 4, 4, 4, 4, 4, 4, 4, 4, 4, 4, 4, 4, 4, 4, 4, 4, 4, 4, 4, 4, 4, 4, 4, 4, 4, 4, 4, 4, 4, 4, 4, 4, 4, 4, 4, 4, 4, 4, 4, 4, 4, 4, 4, 4, 4, 4, 4, 4, 4, 4, 4, 4, 4, 4, 4, 4, 4, 4, 4, 4, 4, 4, 4, 4, 4, 4, 4, 4, 4, 4, 4, 4, 4, 4, 4, 4, 4, 4, 4, 4, 4, 4, 4, 4, 4, 4, 4, 4, 4, 4, 4, 4, 4, 4, 4, 4, 4, 4, 4, 4, 4, 4, 4, 4, 4, 4, 4, 4, 4, 4, 4, 4, 4, 4, 4, 4, 4, 4, 4, 4, 4, 4, 4, 4, 4, 4, 4, 4, 4, 4, 4, 4, 4, 4, 4, 4, 4, 4, 4, 4, 4, 4, 4, 4, 4, 4, 4, 4, 4, 4, 4, 4, 4, 4, 4, 4, 4, 4, 4, 4, 4, 4, 4, 4, 4, 4, 4, 4, 4, 4, 4, 4, 4, 4, 4, 4, 4, 4, 4, 4, 4, 4, 4, 4, 4, 4, 4, 4, 4, 4, 4, 4, 4, 4, 4, 4, 4, 4, 4, 4, 4, 4, 4, 4, 4, 4, 4, 4, 4, 4, 4, 4, 4, 4, 4, 4, 4, 4, 4, 4, 4, 4, 4, 4, 4, 4, 4, 4, 4, 4, 4, 4, 4, 4, 4, 4, 4, 4, 4, 4, 4, 4, 4, 4, 4, 4, 4, 4, 4, 4, 4, 4, 4, 4, 4, 4, 4, 4, 4, 4, 4, 4, 4, 4, 3, 3, 3, 3, 3, 3, 3, 3, 3, 3, 3, 3, 3, 3, 3, 3, 3, 3, 3, 3, 3, 3, 3, 3, 3, 3, 3, 3, 3, 3, 3, 3, 3, 3, 3, 3, 3, 3, 3, 3, 3, 3, 3, 3, 3, 3, 3, 3, 3, 3, 3, 3, 3, 3, 3, 3, 3, 3, 3, 3, 3, 3, 3, 3, 3, 3, 3, 3, 3, 3, 3, 3, 3, 3, 3, 3]
                        int[] faceVertexIndices = [1, 26, 27, 2, 2, 27, 28, 3, 3, 28, 29, 4, 4, 29, 30, 5, 5, 30, 31, 6, 6, 31, 32, 7, 7, 32, 33, 8, 8, 33, 34, 9, 9, 34, 35, 10, 10, 35, 36, 11, 11, 36, 37, 12, 12, 37, 38, 13, 13, 38, 39, 14, 14, 39, 40, 15, 15, 40, 41, 16, 16, 41, 42, 17, 17, 42, 43, 18, 18, 43, 44, 19, 19, 44, 45, 20, 20, 45, 46, 21, 21, 46, 47, 22, 22, 47, 48, 23, 23, 48, 49, 24, 24, 49, 50, 25, 26, 51, 52, 27, 27, 52, 53, 28, 28, 53, 54, 29, 29, 54, 55, 30, 30, 55, 56, 31, 31, 56, 57, 32, 32, 57, 58, 33, 33, 58, 59, 34, 34, 59, 60, 35, 35, 60, 61, 36, 36, 61, 62, 37, 37, 62, 63, 38, 38, 63, 64, 39, 39, 64, 65, 40, 40, 65, 66, 41, 41, 66, 67, 42, 42, 67, 68, 43, 43, 68, 69, 44, 44, 69, 70, 45, 45, 70, 71, 46, 46, 71, 72, 47, 47, 72, 73, 48, 48, 73, 74, 49, 49, 74, 75, 50, 51, 76, 77, 52, 52, 77, 78, 53, 53, 78, 79, 54, 54, 79, 80, 55, 55, 80, 81, 56, 56, 81, 82, 57, 57, 82, 83, 58, 58, 83, 84, 59, 59, 84, 85, 60, 60, 85, 86, 61, 61, 86, 87, 62, 62, 87, 88, 63, 63, 88, 89, 64, 64, 89, 90, 65, 65, 90, 91, 66, 66, 91, 92, 67, 67, 92, 93, 68, 68, 93, 94, 69, 69, 94, 95, 70, 70, 95, 96, 71, 71, 96, 97, 72, 72, 97, 98, 73, 73, 98, 99, 74, 74, 99, 100, 75, 76, 101, 102, 77, 77, 102, 103, 78, 78, 103, 104, 79, 79, 104, 105, 80, 80, 105, 106, 81, 81, 106, 107, 82, 82, 107, 108, 83, 83, 108, 109, 84, 84, 109, 110, 85, 85, 110, 111, 86, 86, 111, 112, 87, 87, 112, 113, 88, 88, 113, 114, 89, 89, 114, 115, 90, 90, 115, 116, 91, 91, 116, 117, 92, 92, 117, 118, 93, 93, 118, 119, 94, 94, 119, 120, 95, 95, 120, 121, 96, 96, 121, 122, 97, 97, 122, 123, 98, 98, 123, 124, 99, 99, 124, 125, 100, 101, 126, 127, 102, 102, 127, 128, 103, 103, 128, 129, 104, 104, 129, 130, 105, 105, 130, 131, 106, 106, 131, 132, 107, 107, 132, 133, 108, 108, 133, 134, 109, 109, 134, 135, 110, 110, 135, 136, 111, 111, 136, 137, 112, 112, 137, 138, 113, 113, 138, 139, 114, 114, 139, 140, 115, 115, 140, 141, 116, 116, 141, 142, 117, 117, 142, 143, 118, 118, 143, 144, 119, 119, 144, 145, 120, 120, 145, 146, 121, 121, 146, 147, 122, 122, 147, 148, 123, 123, 148, 149, 124, 124, 149, 150, 125, 126, 151, 152, 127, 127, 152, 153, 128, 128, 153, 154, 129, 129, 154, 155, 130, 130, 155, 156, 131, 131, 156, 157, 132, 132, 157, 158, 133, 133, 158, 159, 134, 134, 159, 160, 135, 135, 160, 161, 136, 136, 161, 162, 137, 137, 162, 163, 138, 138, 163, 164, 139, 139, 164, 165, 140, 140, 165, 166, 141, 141, 166, 167, 142, 142, 167, 168, 143, 143, 168, 169, 144, 144, 169, 170, 145, 145, 170, 171, 146, 146, 171, 172, 147, 147, 172, 173, 148, 148, 173, 174, 149, 149, 174, 175, 150, 151, 176, 177, 152, 152, 177, 178, 153, 153, 178, 179, 154, 154, 179, 180, 155, 155, 180, 181, 156, 156, 181, 182, 157, 157, 182, 183, 158, 158, 183, 184, 159, 159, 184, 185, 160, 160, 185, 186, 161, 161, 186, 187, 162, 162, 187, 188, 163, 163, 188, 189, 164, 164, 189, 190, 165, 165, 190, 191, 166, 166, 191, 192, 167, 167, 192, 193, 168, 168, 193, 194, 169, 169, 194, 195, 170, 170, 195, 196, 171, 171, 196, 197, 172, 172, 197, 198, 173, 173, 198, 199, 174, 174, 199, 200, 175, 176, 201, 202, 177, 177, 202, 203, 178, 178, 203, 204, 179, 179, 204, 205, 180, 180, 205, 206, 181, 181, 206, 207, 182, 182, 207, 208, 183, 183, 208, 209, 184, 184, 209, 210, 185, 185, 210, 211, 186, 186, 211, 212, 187, 187, 212, 213, 188, 188, 213, 214, 189, 189, 214, 215, 190, 190, 215, 216, 191, 191, 216, 217, 192, 192, 217, 218, 193, 193, 218, 219, 194, 194, 219, 220, 195, 195, 220, 221, 196, 196, 221, 222, 197, 197, 222, 223, 198, 198, 223, 224, 199, 199, 224, 225, 200, 201, 226, 227, 202, 202, 227, 228, 203, 203, 228, 229, 204, 204, 229, 230, 205, 205, 230, 231, 206, 206, 231, 232, 207, 207, 232, 233, 208, 208, 233, 234, 209, 209, 234, 235, 210, 210, 235, 236, 211, 211, 236, 237, 212, 212, 237, 238, 213, 213, 238, 239, 214, 214, 239, 240, 215, 215, 240, 241, 216, 216, 241, 242, 217, 217, 242, 243, 218, 218, 243, 244, 219, 219, 244, 245, 220, 220, 245, 246, 221, 221, 246, 247, 222, 222, 247, 248, 223, 223, 248, 249, 224, 224, 249, 250, 225, 226, 251, 252, 227, 227, 252, 253, 228, 228, 253, 254, 229, 229, 254, 255, 230, 230, 255, 256, 231, 231, 256, 257, 232, 232, 257, 258, 233, 233, 258, 259, 234, 234, 259, 260, 235, 235, 260, 261, 236, 236, 261, 262, 237, 237, 262, 263, 238, 238, 263, 264, 239, 239, 264, 265, 240, 240, 265, 266, 241, 241, 266, 267, 242, 242, 267, 268, 243, 243, 268, 269, 244, 244, 269, 270, 245, 245, 270, 271, 246, 246, 271, 272, 247, 247, 272, 273, 248, 248, 273, 274, 249, 249, 274, 275, 250, 251, 276, 277, 252, 252, 277, 278, 253, 253, 278, 279, 254, 254, 279, 280, 255, 255, 280, 281, 256, 256, 281, 282, 257, 257, 282, 283, 258, 258, 283, 284, 259, 259, 284, 285, 260, 260, 285, 286, 261, 261, 286, 287, 262, 262, 287, 288, 263, 263, 288, 289, 264, 264, 289, 290, 265, 265, 290, 291, 266, 266, 291, 292, 267, 267, 292, 293, 268, 268, 293, 294, 269, 269, 294, 295, 270, 270, 295, 296, 271, 271, 296, 297, 272, 272, 297, 298, 273, 273, 298, 299, 274, 274, 299, 300, 275, 276, 301, 302, 277, 277, 302, 303, 278, 278, 303, 304, 279, 279, 304, 305, 280, 280, 305, 306, 281, 281, 306, 307, 282, 282, 307, 308, 283, 283, 308, 309, 284, 284, 309, 310, 285, 285, 310, 311, 286, 286, 311, 312, 287, 287, 312, 313, 288, 288, 313, 314, 289, 289, 314, 315, 290, 290, 315, 316, 291, 291, 316, 317, 292, 292, 317, 318, 293, 293, 318, 319, 294, 294, 319, 320, 295, 295, 320, 321, 296, 296, 321, 322, 297, 297, 322, 323, 298, 298, 323, 324, 299, 299, 324, 325, 300, 301, 326, 327, 302, 302, 327, 328, 303, 303, 328, 329, 304, 304, 329, 330, 305, 305, 330, 331, 306, 306, 331, 332, 307, 307, 332, 333, 308, 308, 333, 334, 309, 309, 334, 335, 310, 310, 335, 336, 311, 311, 336, 337, 312, 312, 337, 338, 313, 313, 338, 339, 314, 314, 339, 340, 315, 315, 340, 341, 316, 316, 341, 342, 317, 317, 342, 343, 318, 318, 343, 344, 319, 319, 344, 345, 320, 320, 345, 346, 321, 321, 346, 347, 322, 322, 347, 348, 323, 323, 348, 349, 324, 324, 349, 350, 325, 326, 351, 352, 327, 327, 352, 353, 328, 328, 353, 354, 329, 329, 354, 355, 330, 330, 355, 356, 331, 331, 356, 357, 332, 332, 357, 358, 333, 333, 358, 359, 334, 334, 359, 360, 335, 335, 360, 361, 336, 336, 361, 362, 337, 337, 362, 363, 338, 338, 363, 364, 339, 339, 364, 365, 340, 340, 365, 366, 341, 341, 366, 367, 342, 342, 367, 368, 343, 343, 368, 369, 344, 344, 369, 370, 345, 345, 370, 371, 346, 346, 371, 372, 347, 347, 372, 373, 348, 348, 373, 374, 349, 349, 374, 375, 350, 0, 1, 2, 0, 2, 3, 0, 3, 4, 0, 4, 5, 0, 5, 6, 0, 6, 7, 0, 7, 8, 0, 8, 9, 0, 9, 10, 0, 10, 11, 0, 11, 12, 0, 12, 13, 0, 13, 14, 0, 14, 15, 0, 15, 16, 0, 16, 17, 0, 17, 18, 0, 18, 19, 0, 19, 20, 0, 20, 21, 0, 21, 22, 0, 22, 23, 0, 23, 24, 0, 24, 25, 0, 352, 351, 0, 353, 352, 0, 354, 353, 0, 355, 354, 0, 356, 355, 0, 357, 356, 0, 358, 357, 0, 359, 358, 0, 360, 359, 0, 361, 360, 0, 362, 361, 0, 363, 362, 0, 364, 363, 0, 365, 364, 0, 366, 365, 0, 367, 366, 0, 368, 367, 0, 369, 368, 0, 370, 369, 0, 371, 370, 0, 372, 371, 0, 373, 372, 0, 374, 373, 0, 375, 374, 0, 26, 1, 0, 51, 26, 0, 76, 51, 0, 101, 76, 0, 126, 101, 0, 151, 126, 0, 176, 151, 0, 201, 176, 0, 226, 201, 0, 251, 226, 0, 276, 251, 0, 301, 276, 0, 326, 301, 0, 351, 326, 0, 25, 50, 0, 50, 75, 0, 75, 100, 0, 100, 125, 0, 125, 150, 0, 150, 175, 0, 175, 200, 0, 200, 225, 0, 225, 250, 0, 250, 275, 0, 275, 300, 0, 300, 325, 0, 325, 350, 0, 350, 375]
                        rel material:binding = </AecoCctvLooks/Shell_recognise>
                        point3f[] points = [(0, 0, 0), (-6.554067, -2.8628664, -5.4995155), (-6.278322, -2.9917297, -5.7470593), (-5.9636755, -3.1259747, -6.0049415), (-5.6050086, -3.264414, -6.270881), (-5.1971726, -3.405247, -6.5414186), (-4.735401, -3.5459301, -6.8116684), (-4.2159076, -3.6830812, -7.075133), (-3.636673, -3.8124635, -7.323674), (-2.998351, -3.929108, -7.547746), (-2.3051467, -4.0276227, -7.736991), (-1.5654135, -4.1027074, -7.8812275), (-0.79169583, -4.149825, -7.9717402), (0, -4.1658955, -8.002611), (0.79169583, -4.149825, -7.9717402), (1.5654135, -4.1027074, -7.8812275), (2.3051467, -4.0276227, -7.736991), (2.998351, -3.929108, -7.547746), (3.636673, -3.8124635, -7.323674), (4.2159076, -3.6830812, -7.075133), (4.735401, -3.5459301, -6.8116684), (5.1971726, -3.405247, -6.5414186), (5.6050086, -3.264414, -6.270881), (5.9636755, -3.1259747, -6.0049415), (6.278322, -2.9917297, -5.7470593), (6.554067, -2.8628664, -5.4995155), (-6.643405, -2.4873343, -5.5744786), (-6.371956, -2.602584, -5.83277), (-6.0609784, -2.723124, -6.1029177), (-5.704962, -2.8479667, -6.3827085), (-5.298262, -2.975556, -6.668655), (-4.8355246, -3.1036317, -6.9556913), (-4.312319, -3.2291205, -7.23693), (-3.7260044, -3.3480968, -7.503573), (-3.0767596, -3.4558766, -7.7451234), (-2.3686156, -3.5473006, -7.950018), (-1.6102073, -3.6172328, -8.106746), (-0.81489646, -3.6612308, -8.205352), (0, -3.6762576, -8.239029), (0.81489646, -3.6612308, -8.205352), (1.6102073, -3.6172328, -8.106746), (2.3686156, -3.5473006, -7.950018), (3.0767596, -3.4558766, -7.7451234), (3.7260044, -3.3480968, -7.503573), (4.312319, -3.2291205, -7.23693), (4.8355246, -3.1036317, -6.9556913), (5.298262, -2.975556, -6.668655), (5.704962, -2.8479667, -6.3827085), (6.0609784, -2.723124, -6.1029177), (6.371956, -2.602584, -5.83277), (6.643405, -2.4873343, -5.5744786), (-6.721921, -2.097276, -5.640362), (-6.454544, -2.1969304, -5.9083695), (-6.147141, -2.3015296, -6.1896763), (-5.7938485, -2.4102829, -6.482155), (-5.3885684, -2.521894, -6.782319), (-4.9253945, -2.6344285, -7.084966), (-4.3992786, -2.7451978, -7.382866), (-3.8069646, -2.850705, -7.666614), (-3.1481397, -2.94671, -7.9248085), (-2.426622, -3.028477, -8.144711), (-1.6512711, -3.0912335, -8.313486), (-0.8362069, -3.1308134, -8.41993), (0, -3.1443484, -8.456331), (0.8362069, -3.1308134, -8.41993), (1.6512711, -3.0912335, -8.313486), (2.426622, -3.028477, -8.144711), (3.1481397, -2.94671, -7.9248085), (3.8069646, -2.850705, -7.666614), (4.3992786, -2.7451978, -7.382866), (4.9253945, -2.6344285, -7.084966), (5.3885684, -2.521894, -6.782319), (5.7938485, -2.4102829, -6.482155), (6.147141, -2.3015296, -6.1896763), (6.454544, -2.1969304, -5.9083695), (6.721921, -2.097276, -5.640362), (-6.788275, -1.694383, -5.696039), (-6.524558, -1.776609, -5.9724593), (-6.220438, -1.8631781, -6.2634807), (-5.8697476, -1.9534862, -6.567071), (-5.465993, -2.0465033, -6.879769), (-5.002774, -2.1406527, -7.1962724), (-4.474479, -2.2336988, -7.5090675), (-3.8772807, -2.3226867, -7.8082194), (-3.2103882, -2.4039807, -8.081507), (-2.477389, -2.4734683, -8.3151045), (-1.6873115, -2.5269618, -8.494935), (-0.8549441, -2.5607731, -8.6086), (0, -2.5723488, -8.647513), (0.8549441, -2.5607731, -8.6086), (1.6873115, -2.5269618, -8.494935), (2.477389, -2.4734683, -8.3151045), (3.2103882, -2.4039807, -8.081507), (3.8772807, -2.3226867, -7.8082194), (4.474479, -2.2336988, -7.5090675), (5.002774, -2.1406527, -7.1962724), (5.465993, -2.0465033, -6.879769), (5.8697476, -1.9534862, -6.567071), (6.220438, -1.8631781, -6.2634807), (6.524558, -1.776609, -5.9724593), (6.788275, -1.694383, -5.696039), (-6.8412642, -1.280707, -5.7405024), (-6.5806174, -1.3439052, -6.023775), (-6.2792954, -1.4106055, -6.3227453), (-5.930888, -1.4803755, -6.6354747), (-5.528574, -1.5524507, -6.9585366), (-5.0655446, -1.6256341, -7.286566), (-4.5357113, -1.6981999, -7.611827), (-3.9347484, -1.7678345, -7.92395), (-3.261442, -1.8316578, -8.210024), (-2.5191553, -1.8863764, -8.455289), (-1.7170346, -1.9286069, -8.644579), (-0.8704213, -1.9553485, -8.764442), (0, -1.9645127, -8.805519), (0.8704213, -1.9553485, -8.764442), (1.7170346, -1.9286069, -8.644579), (2.5191553, -1.8863764, -8.455289), (3.261442, -1.8316578, -8.210024), (3.9347484, -1.7678345, -7.92395), (4.5357113, -1.6981999, -7.611827), (5.0655446, -1.6256341, -7.286566), (5.528574, -1.5524507, -6.9585366), (5.930888, -1.4803755, -6.6354747), (6.2792954, -1.4106055, -6.3227453), (6.5806174, -1.3439052, -6.023775), (6.8412642, -1.280707, -5.7405024), (-6.8798823, -0.8586243, -5.772907), (-6.6215563, -0.9015105, -6.0612493), (-6.3223743, -0.9468553, -6.3661227), (-5.9757485, -0.99438184, -6.685664), (-5.5746145, -1.043586, -7.0164857), (-5.111856, -1.0936642, -7.353183), (-4.5810204, -1.1434426, -7.687865), (-3.9773974, -1.1913308, -8.009838), (-3.299437, -1.2353308, -8.30567), (-2.5503156, -1.2731398, -8.5598755), (-1.7392536, -1.3023758, -8.756442), (-0.8820057, -1.3209147, -8.881088), (0, -1.3272725, -8.923834), (0.8820057, -1.3209147, -8.881088), (1.7392536, -1.3023758, -8.756442), (2.5503156, -1.2731398, -8.5598755), (3.299437, -1.2353308, -8.30567), (3.9773974, -1.1913308, -8.009838), (4.5810204, -1.1434426, -7.687865), (5.111856, -1.0936642, -7.353183), (5.5746145, -1.043586, -7.0164857), (5.9757485, -0.99438184, -6.685664), (6.3223743, -0.9468553, -6.3661227), (6.6215563, -0.9015105, -6.0612493), (6.8798823, -0.8586243, -5.772907), (-6.90337, -0.4307778, -5.792615), (-6.646489, -0.45245254, -6.0840726), (-6.3486514, -0.47539532, -6.3925815), (-6.003158, -0.49947146, -6.71633), (-5.602797, -0.524431, -7.0519576), (-5.14026, -0.54987055, -7.3940406), (-4.608866, -0.5751965, -7.734596), (-4.003662, -0.5995989, -8.062732), (-3.3228817, -0.6220543, -8.364686), (-2.5695763, -0.64137745, -8.624522), (-1.7530063, -0.656337, -8.825682), (-0.8891823, -0.6658314, -8.953351), (0, -0.6690889, -8.997154), (0.8891823, -0.6658314, -8.953351), (1.7530063, -0.656337, -8.825682), (2.5695763, -0.64137745, -8.624522), (3.3228817, -0.6220543, -8.364686), (4.003662, -0.5995989, -8.062732), (4.608866, -0.5751965, -7.734596), (5.14026, -0.54987055, -7.3940406), (5.602797, -0.524431, -7.0519576), (6.003158, -0.49947146, -6.71633), (6.3486514, -0.47539532, -6.3925815), (6.646489, -0.45245254, -6.0840726), (6.90337, -0.4307778, -5.792615), (-6.9112525, 0, -5.799229), (-6.654863, 0, -6.0917377), (-6.3574834, 0, -6.4014745), (-6.0123787, 0, -6.7266464), (-5.6122866, 0, -7.063902), (-5.149834, 0, -7.407812), (-4.618262, 0, -7.7503633), (-4.0125337, 0, -8.080597), (-3.3308082, 0, -8.38464), (-2.5760942, 0, -8.646399), (-1.7576636, 0, -8.84913), (-0.8916138, 0, -8.977834), (0, 0, -9.021999), (0.8916138, 0, -8.977834), (1.7576636, 0, -8.84913), (2.5760942, 0, -8.646399), (3.3308082, 0, -8.38464), (4.0125337, 0, -8.080597), (4.618262, 0, -7.7503633), (5.149834, 0, -7.407812), (5.6122866, 0, -7.063902), (6.0123787, 0, -6.7266464), (6.3574834, 0, -6.4014745), (6.654863, 0, -6.0917377), (6.9112525, 0, -5.799229), (-6.90337, 0.4307778, -5.792615), (-6.646489, 0.45245254, -6.0840726), (-6.3486514, 0.47539532, -6.3925815), (-6.003158, 0.49947146, -6.71633), (-5.602797, 0.524431, -7.0519576), (-5.14026, 0.54987055, -7.3940406), (-4.608866, 0.5751965, -7.734596), (-4.003662, 0.5995989, -8.062732), (-3.3228817, 0.6220543, -8.364686), (-2.5695763, 0.64137745, -8.624522), (-1.7530063, 0.656337, -8.825682), (-0.8891823, 0.6658314, -8.953351), (0, 0.6690889, -8.997154), (0.8891823, 0.6658314, -8.953351), (1.7530063, 0.656337, -8.825682), (2.5695763, 0.64137745, -8.624522), (3.3228817, 0.6220543, -8.364686), (4.003662, 0.5995989, -8.062732), (4.608866, 0.5751965, -7.734596), (5.14026, 0.54987055, -7.3940406), (5.602797, 0.524431, -7.0519576), (6.003158, 0.49947146, -6.71633), (6.3486514, 0.47539532, -6.3925815), (6.646489, 0.45245254, -6.0840726), (6.90337, 0.4307778, -5.792615), (-6.8798823, 0.8586243, -5.772907), (-6.6215563, 0.9015105, -6.0612493), (-6.3223743, 0.9468553, -6.3661227), (-5.9757485, 0.99438184, -6.685664), (-5.5746145, 1.043586, -7.0164857), (-5.111856, 1.0936642, -7.353183), (-4.5810204, 1.1434426, -7.687865), (-3.9773974, 1.1913308, -8.009838), (-3.299437, 1.2353308, -8.30567), (-2.5503156, 1.2731398, -8.5598755), (-1.7392536, 1.3023758, -8.756442), (-0.8820057, 1.3209147, -8.881088), (0, 1.3272725, -8.923834), (0.8820057, 1.3209147, -8.881088), (1.7392536, 1.3023758, -8.756442), (2.5503156, 1.2731398, -8.5598755), (3.299437, 1.2353308, -8.30567), (3.9773974, 1.1913308, -8.009838), (4.5810204, 1.1434426, -7.687865), (5.111856, 1.0936642, -7.353183), (5.5746145, 1.043586, -7.0164857), (5.9757485, 0.99438184, -6.685664), (6.3223743, 0.9468553, -6.3661227), (6.6215563, 0.9015105, -6.0612493), (6.8798823, 0.8586243, -5.772907), (-6.8412642, 1.280707, -5.7405024), (-6.5806174, 1.3439052, -6.023775), (-6.2792954, 1.4106055, -6.3227453), (-5.930888, 1.4803755, -6.6354747), (-5.528574, 1.5524507, -6.9585366), (-5.0655446, 1.6256341, -7.286566), (-4.5357113, 1.6981999, -7.611827), (-3.9347484, 1.7678345, -7.92395), (-3.261442, 1.8316578, -8.210024), (-2.5191553, 1.8863764, -8.455289), (-1.7170346, 1.9286069, -8.644579), (-0.8704213, 1.9553485, -8.764442), (0, 1.9645127, -8.805519), (0.8704213, 1.9553485, -8.764442), (1.7170346, 1.9286069, -8.644579), (2.5191553, 1.8863764, -8.455289), (3.261442, 1.8316578, -8.210024), (3.9347484, 1.7678345, -7.92395), (4.5357113, 1.6981999, -7.611827), (5.0655446, 1.6256341, -7.286566), (5.528574, 1.5524507, -6.9585366), (5.930888, 1.4803755, -6.6354747), (6.2792954, 1.4106055, -6.3227453), (6.5806174, 1.3439052, -6.023775), (6.8412642, 1.280707, -5.7405024), (-6.788275, 1.694383, -5.696039), (-6.524558, 1.776609, -5.9724593), (-6.220438, 1.8631781, -6.2634807), (-5.8697476, 1.9534862, -6.567071), (-5.465993, 2.0465033, -6.879769), (-5.002774, 2.1406527, -7.1962724), (-4.474479, 2.2336988, -7.5090675), (-3.8772807, 2.3226867, -7.8082194), (-3.2103882, 2.4039807, -8.081507), (-2.477389, 2.4734683, -8.3151045), (-1.6873115, 2.5269618, -8.494935), (-0.8549441, 2.5607731, -8.6086), (0, 2.5723488, -8.647513), (0.8549441, 2.5607731, -8.6086), (1.6873115, 2.5269618, -8.494935), (2.477389, 2.4734683, -8.3151045), (3.2103882, 2.4039807, -8.081507), (3.8772807, 2.3226867, -7.8082194), (4.474479, 2.2336988, -7.5090675), (5.002774, 2.1406527, -7.1962724), (5.465993, 2.0465033, -6.879769), (5.8697476, 1.9534862, -6.567071), (6.220438, 1.8631781, -6.2634807), (6.524558, 1.776609, -5.9724593), (6.788275, 1.694383, -5.696039), (-6.721921, 2.097276, -5.640362), (-6.454544, 2.1969304, -5.9083695), (-6.147141, 2.3015296, -6.1896763), (-5.7938485, 2.4102829, -6.482155), (-5.3885684, 2.521894, -6.782319), (-4.9253945, 2.6344285, -7.084966), (-4.3992786, 2.7451978, -7.382866), (-3.8069646, 2.850705, -7.666614), (-3.1481397, 2.94671, -7.9248085), (-2.426622, 3.028477, -8.144711), (-1.6512711, 3.0912335, -8.313486), (-0.8362069, 3.1308134, -8.41993), (0, 3.1443484, -8.456331), (0.8362069, 3.1308134, -8.41993), (1.6512711, 3.0912335, -8.313486), (2.426622, 3.028477, -8.144711), (3.1481397, 2.94671, -7.9248085), (3.8069646, 2.850705, -7.666614), (4.3992786, 2.7451978, -7.382866), (4.9253945, 2.6344285, -7.084966), (5.3885684, 2.521894, -6.782319), (5.7938485, 2.4102829, -6.482155), (6.147141, 2.3015296, -6.1896763), (6.454544, 2.1969304, -5.9083695), (6.721921, 2.097276, -5.640362), (-6.643405, 2.4873343, -5.5744786), (-6.371956, 2.602584, -5.83277), (-6.0609784, 2.723124, -6.1029177), (-5.704962, 2.8479667, -6.3827085), (-5.298262, 2.975556, -6.668655), (-4.8355246, 3.1036317, -6.9556913), (-4.312319, 3.2291205, -7.23693), (-3.7260044, 3.3480968, -7.503573), (-3.0767596, 3.4558766, -7.7451234), (-2.3686156, 3.5473006, -7.950018), (-1.6102073, 3.6172328, -8.106746), (-0.81489646, 3.6612308, -8.205352), (0, 3.6762576, -8.239029), (0.81489646, 3.6612308, -8.205352), (1.6102073, 3.6172328, -8.106746), (2.3686156, 3.5473006, -7.950018), (3.0767596, 3.4558766, -7.7451234), (3.7260044, 3.3480968, -7.503573), (4.312319, 3.2291205, -7.23693), (4.8355246, 3.1036317, -6.9556913), (5.298262, 2.975556, -6.668655), (5.704962, 2.8479667, -6.3827085), (6.0609784, 2.723124, -6.1029177), (6.371956, 2.602584, -5.83277), (6.643405, 2.4873343, -5.5744786), (-6.554067, 2.8628664, -5.4995155), (-6.278322, 2.9917297, -5.7470593), (-5.9636755, 3.1259747, -6.0049415), (-5.6050086, 3.264414, -6.270881), (-5.1971726, 3.405247, -6.5414186), (-4.735401, 3.5459301, -6.8116684), (-4.2159076, 3.6830812, -7.075133), (-3.636673, 3.8124635, -7.323674), (-2.998351, 3.929108, -7.547746), (-2.3051467, 4.0276227, -7.736991), (-1.5654135, 4.1027074, -7.8812275), (-0.79169583, 4.149825, -7.9717402), (0, 4.1658955, -8.002611), (0.79169583, 4.149825, -7.9717402), (1.5654135, 4.1027074, -7.8812275), (2.3051467, 4.0276227, -7.736991), (2.998351, 3.929108, -7.547746), (3.636673, 3.8124635, -7.323674), (4.2159076, 3.6830812, -7.075133), (4.735401, 3.5459301, -6.8116684), (5.1971726, 3.405247, -6.5414186), (5.6050086, 3.264414, -6.270881), (5.9636755, 3.1259747, -6.0049415), (6.278322, 2.9917297, -5.7470593), (6.554067, 2.8628664, -5.4995155)]
                        color3f[] primvars:displayColor = [(0.18333334, 0.6166667, 0.56666666)] (
                            interpolation = "constant"
                        )
                        float[] primvars:displayOpacity = [0.3] (
                            interpolation = "constant"
                        )
                        uniform token purpose = "guide"
                        uniform token subdivisionScheme = "none"
                    }

                    def Mesh "Shell_observe" (
                        prepend apiSchemas = ["AecoDerivedGeometryAPI", "MaterialBindingAPI"]
                    )
                    {
                        uniform token aeco:derived:approx = "tessellated"
                        uniform token aeco:derived:role = "coverage"
                        string aeco:derived:source = "1604d036-e3b5-5c9a-9dc8-aa487cd85d08"
                        string aeco:derived:stamp = "usdAecoCctv derive 0.5.3"
                        uniform bool doubleSided = 1
                        float3[] extent = [(-13.822505, -8.331791, -18.043999), (13.822505, 8.331791, 0)]
                        int[] faceVertexCounts = [4, 4, 4, 4, 4, 4, 4, 4, 4, 4, 4, 4, 4, 4, 4, 4, 4, 4, 4, 4, 4, 4, 4, 4, 4, 4, 4, 4, 4, 4, 4, 4, 4, 4, 4, 4, 4, 4, 4, 4, 4, 4, 4, 4, 4, 4, 4, 4, 4, 4, 4, 4, 4, 4, 4, 4, 4, 4, 4, 4, 4, 4, 4, 4, 4, 4, 4, 4, 4, 4, 4, 4, 4, 4, 4, 4, 4, 4, 4, 4, 4, 4, 4, 4, 4, 4, 4, 4, 4, 4, 4, 4, 4, 4, 4, 4, 4, 4, 4, 4, 4, 4, 4, 4, 4, 4, 4, 4, 4, 4, 4, 4, 4, 4, 4, 4, 4, 4, 4, 4, 4, 4, 4, 4, 4, 4, 4, 4, 4, 4, 4, 4, 4, 4, 4, 4, 4, 4, 4, 4, 4, 4, 4, 4, 4, 4, 4, 4, 4, 4, 4, 4, 4, 4, 4, 4, 4, 4, 4, 4, 4, 4, 4, 4, 4, 4, 4, 4, 4, 4, 4, 4, 4, 4, 4, 4, 4, 4, 4, 4, 4, 4, 4, 4, 4, 4, 4, 4, 4, 4, 4, 4, 4, 4, 4, 4, 4, 4, 4, 4, 4, 4, 4, 4, 4, 4, 4, 4, 4, 4, 4, 4, 4, 4, 4, 4, 4, 4, 4, 4, 4, 4, 4, 4, 4, 4, 4, 4, 4, 4, 4, 4, 4, 4, 4, 4, 4, 4, 4, 4, 4, 4, 4, 4, 4, 4, 4, 4, 4, 4, 4, 4, 4, 4, 4, 4, 4, 4, 4, 4, 4, 4, 4, 4, 4, 4, 4, 4, 4, 4, 4, 4, 4, 4, 4, 4, 4, 4, 4, 4, 4, 4, 4, 4, 4, 4, 4, 4, 4, 4, 4, 4, 4, 4, 4, 4, 4, 4, 4, 4, 4, 4, 4, 4, 4, 4, 4, 4, 4, 4, 4, 4, 4, 4, 4, 4, 4, 4, 4, 4, 4, 4, 4, 4, 4, 4, 4, 4, 4, 4, 4, 4, 4, 4, 4, 4, 3, 3, 3, 3, 3, 3, 3, 3, 3, 3, 3, 3, 3, 3, 3, 3, 3, 3, 3, 3, 3, 3, 3, 3, 3, 3, 3, 3, 3, 3, 3, 3, 3, 3, 3, 3, 3, 3, 3, 3, 3, 3, 3, 3, 3, 3, 3, 3, 3, 3, 3, 3, 3, 3, 3, 3, 3, 3, 3, 3, 3, 3, 3, 3, 3, 3, 3, 3, 3, 3, 3, 3, 3, 3, 3, 3]
                        int[] faceVertexIndices = [1, 26, 27, 2, 2, 27, 28, 3, 3, 28, 29, 4, 4, 29, 30, 5, 5, 30, 31, 6, 6, 31, 32, 7, 7, 32, 33, 8, 8, 33, 34, 9, 9, 34, 35, 10, 10, 35, 36, 11, 11, 36, 37, 12, 12, 37, 38, 13, 13, 38, 39, 14, 14, 39, 40, 15, 15, 40, 41, 16, 16, 41, 42, 17, 17, 42, 43, 18, 18, 43, 44, 19, 19, 44, 45, 20, 20, 45, 46, 21, 21, 46, 47, 22, 22, 47, 48, 23, 23, 48, 49, 24, 24, 49, 50, 25, 26, 51, 52, 27, 27, 52, 53, 28, 28, 53, 54, 29, 29, 54, 55, 30, 30, 55, 56, 31, 31, 56, 57, 32, 32, 57, 58, 33, 33, 58, 59, 34, 34, 59, 60, 35, 35, 60, 61, 36, 36, 61, 62, 37, 37, 62, 63, 38, 38, 63, 64, 39, 39, 64, 65, 40, 40, 65, 66, 41, 41, 66, 67, 42, 42, 67, 68, 43, 43, 68, 69, 44, 44, 69, 70, 45, 45, 70, 71, 46, 46, 71, 72, 47, 47, 72, 73, 48, 48, 73, 74, 49, 49, 74, 75, 50, 51, 76, 77, 52, 52, 77, 78, 53, 53, 78, 79, 54, 54, 79, 80, 55, 55, 80, 81, 56, 56, 81, 82, 57, 57, 82, 83, 58, 58, 83, 84, 59, 59, 84, 85, 60, 60, 85, 86, 61, 61, 86, 87, 62, 62, 87, 88, 63, 63, 88, 89, 64, 64, 89, 90, 65, 65, 90, 91, 66, 66, 91, 92, 67, 67, 92, 93, 68, 68, 93, 94, 69, 69, 94, 95, 70, 70, 95, 96, 71, 71, 96, 97, 72, 72, 97, 98, 73, 73, 98, 99, 74, 74, 99, 100, 75, 76, 101, 102, 77, 77, 102, 103, 78, 78, 103, 104, 79, 79, 104, 105, 80, 80, 105, 106, 81, 81, 106, 107, 82, 82, 107, 108, 83, 83, 108, 109, 84, 84, 109, 110, 85, 85, 110, 111, 86, 86, 111, 112, 87, 87, 112, 113, 88, 88, 113, 114, 89, 89, 114, 115, 90, 90, 115, 116, 91, 91, 116, 117, 92, 92, 117, 118, 93, 93, 118, 119, 94, 94, 119, 120, 95, 95, 120, 121, 96, 96, 121, 122, 97, 97, 122, 123, 98, 98, 123, 124, 99, 99, 124, 125, 100, 101, 126, 127, 102, 102, 127, 128, 103, 103, 128, 129, 104, 104, 129, 130, 105, 105, 130, 131, 106, 106, 131, 132, 107, 107, 132, 133, 108, 108, 133, 134, 109, 109, 134, 135, 110, 110, 135, 136, 111, 111, 136, 137, 112, 112, 137, 138, 113, 113, 138, 139, 114, 114, 139, 140, 115, 115, 140, 141, 116, 116, 141, 142, 117, 117, 142, 143, 118, 118, 143, 144, 119, 119, 144, 145, 120, 120, 145, 146, 121, 121, 146, 147, 122, 122, 147, 148, 123, 123, 148, 149, 124, 124, 149, 150, 125, 126, 151, 152, 127, 127, 152, 153, 128, 128, 153, 154, 129, 129, 154, 155, 130, 130, 155, 156, 131, 131, 156, 157, 132, 132, 157, 158, 133, 133, 158, 159, 134, 134, 159, 160, 135, 135, 160, 161, 136, 136, 161, 162, 137, 137, 162, 163, 138, 138, 163, 164, 139, 139, 164, 165, 140, 140, 165, 166, 141, 141, 166, 167, 142, 142, 167, 168, 143, 143, 168, 169, 144, 144, 169, 170, 145, 145, 170, 171, 146, 146, 171, 172, 147, 147, 172, 173, 148, 148, 173, 174, 149, 149, 174, 175, 150, 151, 176, 177, 152, 152, 177, 178, 153, 153, 178, 179, 154, 154, 179, 180, 155, 155, 180, 181, 156, 156, 181, 182, 157, 157, 182, 183, 158, 158, 183, 184, 159, 159, 184, 185, 160, 160, 185, 186, 161, 161, 186, 187, 162, 162, 187, 188, 163, 163, 188, 189, 164, 164, 189, 190, 165, 165, 190, 191, 166, 166, 191, 192, 167, 167, 192, 193, 168, 168, 193, 194, 169, 169, 194, 195, 170, 170, 195, 196, 171, 171, 196, 197, 172, 172, 197, 198, 173, 173, 198, 199, 174, 174, 199, 200, 175, 176, 201, 202, 177, 177, 202, 203, 178, 178, 203, 204, 179, 179, 204, 205, 180, 180, 205, 206, 181, 181, 206, 207, 182, 182, 207, 208, 183, 183, 208, 209, 184, 184, 209, 210, 185, 185, 210, 211, 186, 186, 211, 212, 187, 187, 212, 213, 188, 188, 213, 214, 189, 189, 214, 215, 190, 190, 215, 216, 191, 191, 216, 217, 192, 192, 217, 218, 193, 193, 218, 219, 194, 194, 219, 220, 195, 195, 220, 221, 196, 196, 221, 222, 197, 197, 222, 223, 198, 198, 223, 224, 199, 199, 224, 225, 200, 201, 226, 227, 202, 202, 227, 228, 203, 203, 228, 229, 204, 204, 229, 230, 205, 205, 230, 231, 206, 206, 231, 232, 207, 207, 232, 233, 208, 208, 233, 234, 209, 209, 234, 235, 210, 210, 235, 236, 211, 211, 236, 237, 212, 212, 237, 238, 213, 213, 238, 239, 214, 214, 239, 240, 215, 215, 240, 241, 216, 216, 241, 242, 217, 217, 242, 243, 218, 218, 243, 244, 219, 219, 244, 245, 220, 220, 245, 246, 221, 221, 246, 247, 222, 222, 247, 248, 223, 223, 248, 249, 224, 224, 249, 250, 225, 226, 251, 252, 227, 227, 252, 253, 228, 228, 253, 254, 229, 229, 254, 255, 230, 230, 255, 256, 231, 231, 256, 257, 232, 232, 257, 258, 233, 233, 258, 259, 234, 234, 259, 260, 235, 235, 260, 261, 236, 236, 261, 262, 237, 237, 262, 263, 238, 238, 263, 264, 239, 239, 264, 265, 240, 240, 265, 266, 241, 241, 266, 267, 242, 242, 267, 268, 243, 243, 268, 269, 244, 244, 269, 270, 245, 245, 270, 271, 246, 246, 271, 272, 247, 247, 272, 273, 248, 248, 273, 274, 249, 249, 274, 275, 250, 251, 276, 277, 252, 252, 277, 278, 253, 253, 278, 279, 254, 254, 279, 280, 255, 255, 280, 281, 256, 256, 281, 282, 257, 257, 282, 283, 258, 258, 283, 284, 259, 259, 284, 285, 260, 260, 285, 286, 261, 261, 286, 287, 262, 262, 287, 288, 263, 263, 288, 289, 264, 264, 289, 290, 265, 265, 290, 291, 266, 266, 291, 292, 267, 267, 292, 293, 268, 268, 293, 294, 269, 269, 294, 295, 270, 270, 295, 296, 271, 271, 296, 297, 272, 272, 297, 298, 273, 273, 298, 299, 274, 274, 299, 300, 275, 276, 301, 302, 277, 277, 302, 303, 278, 278, 303, 304, 279, 279, 304, 305, 280, 280, 305, 306, 281, 281, 306, 307, 282, 282, 307, 308, 283, 283, 308, 309, 284, 284, 309, 310, 285, 285, 310, 311, 286, 286, 311, 312, 287, 287, 312, 313, 288, 288, 313, 314, 289, 289, 314, 315, 290, 290, 315, 316, 291, 291, 316, 317, 292, 292, 317, 318, 293, 293, 318, 319, 294, 294, 319, 320, 295, 295, 320, 321, 296, 296, 321, 322, 297, 297, 322, 323, 298, 298, 323, 324, 299, 299, 324, 325, 300, 301, 326, 327, 302, 302, 327, 328, 303, 303, 328, 329, 304, 304, 329, 330, 305, 305, 330, 331, 306, 306, 331, 332, 307, 307, 332, 333, 308, 308, 333, 334, 309, 309, 334, 335, 310, 310, 335, 336, 311, 311, 336, 337, 312, 312, 337, 338, 313, 313, 338, 339, 314, 314, 339, 340, 315, 315, 340, 341, 316, 316, 341, 342, 317, 317, 342, 343, 318, 318, 343, 344, 319, 319, 344, 345, 320, 320, 345, 346, 321, 321, 346, 347, 322, 322, 347, 348, 323, 323, 348, 349, 324, 324, 349, 350, 325, 326, 351, 352, 327, 327, 352, 353, 328, 328, 353, 354, 329, 329, 354, 355, 330, 330, 355, 356, 331, 331, 356, 357, 332, 332, 357, 358, 333, 333, 358, 359, 334, 334, 359, 360, 335, 335, 360, 361, 336, 336, 361, 362, 337, 337, 362, 363, 338, 338, 363, 364, 339, 339, 364, 365, 340, 340, 365, 366, 341, 341, 366, 367, 342, 342, 367, 368, 343, 343, 368, 369, 344, 344, 369, 370, 345, 345, 370, 371, 346, 346, 371, 372, 347, 347, 372, 373, 348, 348, 373, 374, 349, 349, 374, 375, 350, 0, 1, 2, 0, 2, 3, 0, 3, 4, 0, 4, 5, 0, 5, 6, 0, 6, 7, 0, 7, 8, 0, 8, 9, 0, 9, 10, 0, 10, 11, 0, 11, 12, 0, 12, 13, 0, 13, 14, 0, 14, 15, 0, 15, 16, 0, 16, 17, 0, 17, 18, 0, 18, 19, 0, 19, 20, 0, 20, 21, 0, 21, 22, 0, 22, 23, 0, 23, 24, 0, 24, 25, 0, 352, 351, 0, 353, 352, 0, 354, 353, 0, 355, 354, 0, 356, 355, 0, 357, 356, 0, 358, 357, 0, 359, 358, 0, 360, 359, 0, 361, 360, 0, 362, 361, 0, 363, 362, 0, 364, 363, 0, 365, 364, 0, 366, 365, 0, 367, 366, 0, 368, 367, 0, 369, 368, 0, 370, 369, 0, 371, 370, 0, 372, 371, 0, 373, 372, 0, 374, 373, 0, 375, 374, 0, 26, 1, 0, 51, 26, 0, 76, 51, 0, 101, 76, 0, 126, 101, 0, 151, 126, 0, 176, 151, 0, 201, 176, 0, 226, 201, 0, 251, 226, 0, 276, 251, 0, 301, 276, 0, 326, 301, 0, 351, 326, 0, 25, 50, 0, 50, 75, 0, 75, 100, 0, 100, 125, 0, 125, 150, 0, 150, 175, 0, 175, 200, 0, 200, 225, 0, 225, 250, 0, 250, 275, 0, 275, 300, 0, 300, 325, 0, 325, 350, 0, 350, 375]
                        rel material:binding = </AecoCctvLooks/Shell_observe>
                        point3f[] points = [(0, 0, 0), (-13.108134, -5.725733, -10.999031), (-12.556644, -5.9834595, -11.494119), (-11.927351, -6.2519493, -12.009883), (-11.210017, -6.528828, -12.541762), (-10.394345, -6.810494, -13.082837), (-9.470802, -7.0918603, -13.623337), (-8.431815, -7.3661623, -14.150266), (-7.273346, -7.624927, -14.647348), (-5.996702, -7.858216, -15.095492), (-4.6102934, -8.055245, -15.473982), (-3.130827, -8.205415, -15.762455), (-1.5833917, -8.29965, -15.9434805), (0, -8.331791, -16.005222), (1.5833917, -8.29965, -15.9434805), (3.130827, -8.205415, -15.762455), (4.6102934, -8.055245, -15.473982), (5.996702, -7.858216, -15.095492), (7.273346, -7.624927, -14.647348), (8.431815, -7.3661623, -14.150266), (9.470802, -7.0918603, -13.623337), (10.394345, -6.810494, -13.082837), (11.210017, -6.528828, -12.541762), (11.927351, -6.2519493, -12.009883), (12.556644, -5.9834595, -11.494119), (13.108134, -5.725733, -10.999031), (-13.28681, -4.9746685, -11.148957), (-12.743912, -5.205168, -11.66554), (-12.121957, -5.446248, -12.205835), (-11.409924, -5.6959333, -12.765417), (-10.596524, -5.951112, -13.33731), (-9.671049, -6.2072635, -13.911383), (-8.624638, -6.458241, -14.47386), (-7.4520087, -6.6961937, -15.007146), (-6.153519, -6.911753, -15.490247), (-4.7372313, -7.094601, -15.900036), (-3.2204146, -7.2344656, -16.213491), (-1.6297929, -7.3224616, -16.410704), (0, -7.352515, -16.478058), (1.6297929, -7.3224616, -16.410704), (3.2204146, -7.2344656, -16.213491), (4.7372313, -7.094601, -15.900036), (6.153519, -6.911753, -15.490247), (7.4520087, -6.6961937, -15.007146), (8.624638, -6.458241, -14.47386), (9.671049, -6.2072635, -13.911383), (10.596524, -5.951112, -13.33731), (11.409924, -5.6959333, -12.765417), (12.121957, -5.446248, -12.205835), (12.743912, -5.205168, -11.66554), (13.28681, -4.9746685, -11.148957), (-13.443842, -4.194552, -11.280724), (-12.909088, -4.393861, -11.816739), (-12.294282, -4.6030593, -12.379353), (-11.587697, -4.8205657, -12.96431), (-10.777137, -5.043788, -13.564638), (-9.850789, -5.268857, -14.169932), (-8.798557, -5.4903955, -14.765732), (-7.6139293, -5.70141, -15.333228), (-6.2962794, -5.89342, -15.849617), (-4.853244, -6.056954, -16.289421), (-3.3025422, -6.182467, -16.626972), (-1.6724138, -6.2616267, -16.83986), (0, -6.288697, -16.912663), (1.6724138, -6.2616267, -16.83986), (3.3025422, -6.182467, -16.626972), (4.853244, -6.056954, -16.289421), (6.2962794, -5.89342, -15.849617), (7.6139293, -5.70141, -15.333228), (8.798557, -5.4903955, -14.765732), (9.850789, -5.268857, -14.169932), (10.777137, -5.043788, -13.564638), (11.587697, -4.8205657, -12.96431), (12.294282, -4.6030593, -12.379353), (12.909088, -4.393861, -11.816739), (13.443842, -4.194552, -11.280724), (-13.57655, -3.388766, -11.392078), (-13.049116, -3.553218, -11.944919), (-12.440876, -3.7263563, -12.526961), (-11.739495, -3.9069724, -13.134142), (-10.931986, -4.0930066, -13.759538), (-10.005548, -4.2813053, -14.392545), (-8.948958, -4.4673977, -15.018135), (-7.7545614, -4.6453733, -15.616439), (-6.4207764, -4.8079615, -16.163013), (-4.954778, -4.9469366, -16.630209), (-3.374623, -5.0539236, -16.98987), (-1.7098882, -5.1215463, -17.2172), (0, -5.1446977, -17.295027), (1.7098882, -5.1215463, -17.2172), (3.374623, -5.0539236, -16.98987), (4.954778, -4.9469366, -16.630209), (6.4207764, -4.8079615, -16.163013), (7.7545614, -4.6453733, -15.616439), (8.948958, -4.4673977, -15.018135), (10.005548, -4.2813053, -14.392545), (10.931986, -4.0930066, -13.759538), (11.739495, -3.9069724, -13.134142), (12.440876, -3.7263563, -12.526961), (13.049116, -3.553218, -11.944919), (13.57655, -3.388766, -11.392078), (-13.6825285, -2.561414, -11.481005), (-13.161235, -2.6878104, -12.04755), (-12.558591, -2.821211, -12.645491), (-11.861776, -2.960751, -13.270949), (-11.057148, -3.1049013, -13.917073), (-10.131089, -3.2512681, -14.573132), (-9.071423, -3.3963997, -15.223654), (-7.869497, -3.535669, -15.8479), (-6.522884, -3.6633155, -16.420048), (-5.0383105, -3.7727528, -16.910578), (-3.4340692, -3.8572137, -17.289158), (-1.7408426, -3.910697, -17.528885), (0, -3.9290254, -17.611038), (1.7408426, -3.910697, -17.528885), (3.4340692, -3.8572137, -17.289158), (5.0383105, -3.7727528, -16.910578), (6.522884, -3.6633155, -16.420048), (7.869497, -3.535669, -15.8479), (9.071423, -3.3963997, -15.223654), (10.131089, -3.2512681, -14.573132), (11.057148, -3.1049013, -13.917073), (11.861776, -2.960751, -13.270949), (12.558591, -2.821211, -12.645491), (13.161235, -2.6878104, -12.04755), (13.6825285, -2.561414, -11.481005), (-13.759765, -1.7172486, -11.545814), (-13.243113, -1.803021, -12.1224985), (-12.644749, -1.8937106, -12.732245), (-11.951497, -1.9887637, -13.371328), (-11.149229, -2.087172, -14.032971), (-10.223712, -2.1873283, -14.706366), (-9.162041, -2.2868853, -15.37573), (-7.954795, -2.3826616, -16.019676), (-6.598874, -2.4706616, -16.61134), (-5.100631, -2.5462797, -17.119751), (-3.4785073, -2.6047516, -17.512884), (-1.7640114, -2.6418295, -17.762177), (0, -2.654545, -17.847668), (1.7640114, -2.6418295, -17.762177), (3.4785073, -2.6047516, -17.512884), (5.100631, -2.5462797, -17.119751), (6.598874, -2.4706616, -16.61134), (7.954795, -2.3826616, -16.019676), (9.162041, -2.2868853, -15.37573), (10.223712, -2.1873283, -14.706366), (11.149229, -2.087172, -14.032971), (11.951497, -1.9887637, -13.371328), (12.644749, -1.8937106, -12.732245), (13.243113, -1.803021, -12.1224985), (13.759765, -1.7172486, -11.545814), (-13.80674, -0.8615556, -11.58523), (-13.292978, -0.9049051, -12.168145), (-12.697303, -0.95079064, -12.785163), (-12.006316, -0.9989429, -13.43266), (-11.205594, -1.048862, -14.103915), (-10.28052, -1.0997411, -14.788081), (-9.217732, -1.150393, -15.469192), (-8.007324, -1.1991978, -16.125463), (-6.6457634, -1.2441086, -16.729372), (-5.1391525, -1.2827549, -17.249044), (-3.5060127, -1.312674, -17.651363), (-1.7783647, -1.3316628, -17.906702), (0, -1.3381778, -17.994308), (1.7783647, -1.3316628, -17.906702), (3.5060127, -1.312674, -17.651363), (5.1391525, -1.2827549, -17.249044), (6.6457634, -1.2441086, -16.729372), (8.007324, -1.1991978, -16.125463), (9.217732, -1.150393, -15.469192), (10.28052, -1.0997411, -14.788081), (11.205594, -1.048862, -14.103915), (12.006316, -0.9989429, -13.43266), (12.697303, -0.95079064, -12.785163), (13.292978, -0.9049051, -12.168145), (13.80674, -0.8615556, -11.58523), (-13.822505, 0, -11.598458), (-13.309726, 0, -12.1834755), (-12.714967, 0, -12.802949), (-12.024757, 0, -13.453293), (-11.224573, 0, -14.127804), (-10.299668, 0, -14.815624), (-9.236524, 0, -15.500727), (-8.025067, 0, -16.161194), (-6.6616163, 0, -16.76928), (-5.1521883, 0, -17.292797), (-3.5153272, 0, -17.69826), (-1.7832276, 0, -17.955667), (0, 0, -18.043999), (1.7832276, 0, -17.955667), (3.5153272, 0, -17.69826), (5.1521883, 0, -17.292797), (6.6616163, 0, -16.76928), (8.025067, 0, -16.161194), (9.236524, 0, -15.500727), (10.299668, 0, -14.815624), (11.224573, 0, -14.127804), (12.024757, 0, -13.453293), (12.714967, 0, -12.802949), (13.309726, 0, -12.1834755), (13.822505, 0, -11.598458), (-13.80674, 0.8615556, -11.58523), (-13.292978, 0.9049051, -12.168145), (-12.697303, 0.95079064, -12.785163), (-12.006316, 0.9989429, -13.43266), (-11.205594, 1.048862, -14.103915), (-10.28052, 1.0997411, -14.788081), (-9.217732, 1.150393, -15.469192), (-8.007324, 1.1991978, -16.125463), (-6.6457634, 1.2441086, -16.729372), (-5.1391525, 1.2827549, -17.249044), (-3.5060127, 1.312674, -17.651363), (-1.7783647, 1.3316628, -17.906702), (0, 1.3381778, -17.994308), (1.7783647, 1.3316628, -17.906702), (3.5060127, 1.312674, -17.651363), (5.1391525, 1.2827549, -17.249044), (6.6457634, 1.2441086, -16.729372), (8.007324, 1.1991978, -16.125463), (9.217732, 1.150393, -15.469192), (10.28052, 1.0997411, -14.788081), (11.205594, 1.048862, -14.103915), (12.006316, 0.9989429, -13.43266), (12.697303, 0.95079064, -12.785163), (13.292978, 0.9049051, -12.168145), (13.80674, 0.8615556, -11.58523), (-13.759765, 1.7172486, -11.545814), (-13.243113, 1.803021, -12.1224985), (-12.644749, 1.8937106, -12.732245), (-11.951497, 1.9887637, -13.371328), (-11.149229, 2.087172, -14.032971), (-10.223712, 2.1873283, -14.706366), (-9.162041, 2.2868853, -15.37573), (-7.954795, 2.3826616, -16.019676), (-6.598874, 2.4706616, -16.61134), (-5.100631, 2.5462797, -17.119751), (-3.4785073, 2.6047516, -17.512884), (-1.7640114, 2.6418295, -17.762177), (0, 2.654545, -17.847668), (1.7640114, 2.6418295, -17.762177), (3.4785073, 2.6047516, -17.512884), (5.100631, 2.5462797, -17.119751), (6.598874, 2.4706616, -16.61134), (7.954795, 2.3826616, -16.019676), (9.162041, 2.2868853, -15.37573), (10.223712, 2.1873283, -14.706366), (11.149229, 2.087172, -14.032971), (11.951497, 1.9887637, -13.371328), (12.644749, 1.8937106, -12.732245), (13.243113, 1.803021, -12.1224985), (13.759765, 1.7172486, -11.545814), (-13.6825285, 2.561414, -11.481005), (-13.161235, 2.6878104, -12.04755), (-12.558591, 2.821211, -12.645491), (-11.861776, 2.960751, -13.270949), (-11.057148, 3.1049013, -13.917073), (-10.131089, 3.2512681, -14.573132), (-9.071423, 3.3963997, -15.223654), (-7.869497, 3.535669, -15.8479), (-6.522884, 3.6633155, -16.420048), (-5.0383105, 3.7727528, -16.910578), (-3.4340692, 3.8572137, -17.289158), (-1.7408426, 3.910697, -17.528885), (0, 3.9290254, -17.611038), (1.7408426, 3.910697, -17.528885), (3.4340692, 3.8572137, -17.289158), (5.0383105, 3.7727528, -16.910578), (6.522884, 3.6633155, -16.420048), (7.869497, 3.535669, -15.8479), (9.071423, 3.3963997, -15.223654), (10.131089, 3.2512681, -14.573132), (11.057148, 3.1049013, -13.917073), (11.861776, 2.960751, -13.270949), (12.558591, 2.821211, -12.645491), (13.161235, 2.6878104, -12.04755), (13.6825285, 2.561414, -11.481005), (-13.57655, 3.388766, -11.392078), (-13.049116, 3.553218, -11.944919), (-12.440876, 3.7263563, -12.526961), (-11.739495, 3.9069724, -13.134142), (-10.931986, 4.0930066, -13.759538), (-10.005548, 4.2813053, -14.392545), (-8.948958, 4.4673977, -15.018135), (-7.7545614, 4.6453733, -15.616439), (-6.4207764, 4.8079615, -16.163013), (-4.954778, 4.9469366, -16.630209), (-3.374623, 5.0539236, -16.98987), (-1.7098882, 5.1215463, -17.2172), (0, 5.1446977, -17.295027), (1.7098882, 5.1215463, -17.2172), (3.374623, 5.0539236, -16.98987), (4.954778, 4.9469366, -16.630209), (6.4207764, 4.8079615, -16.163013), (7.7545614, 4.6453733, -15.616439), (8.948958, 4.4673977, -15.018135), (10.005548, 4.2813053, -14.392545), (10.931986, 4.0930066, -13.759538), (11.739495, 3.9069724, -13.134142), (12.440876, 3.7263563, -12.526961), (13.049116, 3.553218, -11.944919), (13.57655, 3.388766, -11.392078), (-13.443842, 4.194552, -11.280724), (-12.909088, 4.393861, -11.816739), (-12.294282, 4.6030593, -12.379353), (-11.587697, 4.8205657, -12.96431), (-10.777137, 5.043788, -13.564638), (-9.850789, 5.268857, -14.169932), (-8.798557, 5.4903955, -14.765732), (-7.6139293, 5.70141, -15.333228), (-6.2962794, 5.89342, -15.849617), (-4.853244, 6.056954, -16.289421), (-3.3025422, 6.182467, -16.626972), (-1.6724138, 6.2616267, -16.83986), (0, 6.288697, -16.912663), (1.6724138, 6.2616267, -16.83986), (3.3025422, 6.182467, -16.626972), (4.853244, 6.056954, -16.289421), (6.2962794, 5.89342, -15.849617), (7.6139293, 5.70141, -15.333228), (8.798557, 5.4903955, -14.765732), (9.850789, 5.268857, -14.169932), (10.777137, 5.043788, -13.564638), (11.587697, 4.8205657, -12.96431), (12.294282, 4.6030593, -12.379353), (12.909088, 4.393861, -11.816739), (13.443842, 4.194552, -11.280724), (-13.28681, 4.9746685, -11.148957), (-12.743912, 5.205168, -11.66554), (-12.121957, 5.446248, -12.205835), (-11.409924, 5.6959333, -12.765417), (-10.596524, 5.951112, -13.33731), (-9.671049, 6.2072635, -13.911383), (-8.624638, 6.458241, -14.47386), (-7.4520087, 6.6961937, -15.007146), (-6.153519, 6.911753, -15.490247), (-4.7372313, 7.094601, -15.900036), (-3.2204146, 7.2344656, -16.213491), (-1.6297929, 7.3224616, -16.410704), (0, 7.352515, -16.478058), (1.6297929, 7.3224616, -16.410704), (3.2204146, 7.2344656, -16.213491), (4.7372313, 7.094601, -15.900036), (6.153519, 6.911753, -15.490247), (7.4520087, 6.6961937, -15.007146), (8.624638, 6.458241, -14.47386), (9.671049, 6.2072635, -13.911383), (10.596524, 5.951112, -13.33731), (11.409924, 5.6959333, -12.765417), (12.121957, 5.446248, -12.205835), (12.743912, 5.205168, -11.66554), (13.28681, 4.9746685, -11.148957), (-13.108134, 5.725733, -10.999031), (-12.556644, 5.9834595, -11.494119), (-11.927351, 6.2519493, -12.009883), (-11.210017, 6.528828, -12.541762), (-10.394345, 6.810494, -13.082837), (-9.470802, 7.0918603, -13.623337), (-8.431815, 7.3661623, -14.150266), (-7.273346, 7.624927, -14.647348), (-5.996702, 7.858216, -15.095492), (-4.6102934, 8.055245, -15.473982), (-3.130827, 8.205415, -15.762455), (-1.5833917, 8.29965, -15.9434805), (0, 8.331791, -16.005222), (1.5833917, 8.29965, -15.9434805), (3.130827, 8.205415, -15.762455), (4.6102934, 8.055245, -15.473982), (5.996702, 7.858216, -15.095492), (7.273346, 7.624927, -14.647348), (8.431815, 7.3661623, -14.150266), (9.470802, 7.0918603, -13.623337), (10.394345, 6.810494, -13.082837), (11.210017, 6.528828, -12.541762), (11.927351, 6.2519493, -12.009883), (12.556644, 5.9834595, -11.494119), (13.108134, 5.725733, -10.999031)]
                        color3f[] primvars:displayColor = [(0.36666667, 0.73333335, 0.68333334)] (
                            interpolation = "constant"
                        )
                        float[] primvars:displayOpacity = [0.3] (
                            interpolation = "constant"
                        )
                        uniform token purpose = "guide"
                        uniform token subdivisionScheme = "none"
                    }
                }
            }

            over "sec_cam_yard_a"
            {
                double aeco:cctv:mountHeight = 2

                over "Sensor_0"
                {
                    double aeco:cctvSensor:effectiveWidth = 7.791329723163196
                    double aeco:cctvSensor:hfov = 60.8
                    double aeco:cctvSensor:targetRange = 13.090243080945235
                    double aeco:cctvSensor:vfov = 36.5
                    float2 clippingRange = (0.05, 20)
                    float focalLength = 6.64
                    float horizontalAperture = 7.79133
                    float verticalAperture = 4.3790874
                    matrix4d xformOp:transform = ( (0.7633862853691146, -0.6459422414661738, 0, 0), (0.29653990367663563, 0.3504562497996603, 0.8883943395271099, 0), (-0.5738514309800025, -0.6781880547945484, 0.4590811447840024, 0), (0, 0, 0, 1) )
                    matrix4d xformOp:transform.timeSamples = {
                        0: ( (0.7633862853691146, -0.6459422414661738, 0, 0), (0.29653990367663563, 0.3504562497996603, 0.8883943395271099, 0), (-0.5738514309800025, -0.6781880547945484, 0.4590811447840024, 0), (0, 0, 0, 1) ),
                        84: ( (0.7633862853691146, -0.6459422414661738, 0, 0), (0.29653990367663563, 0.3504562497996603, 0.8883943395271099, 0), (-0.5738514309800025, -0.6781880547945484, 0.4590811447840024, 0), (0, 0, 0, 1) ),
                        96: ( (0.7633862853691146, -0.6459422414661738, 0, 0), (0.35933090732641676, 0.4246637995675835, 0.8309885416639615, 0), (-0.5367706012351263, -0.6343652560051493, 0.5562895321891314, 0), (0, 0, 0, 1) ),
                        180: ( (0.7633862853691146, -0.6459422414661738, 0, 0), (0.35933090732641676, 0.4246637995675835, 0.8309885416639615, 0), (-0.5367706012351263, -0.6343652560051493, 0.5562895321891314, 0), (0, 0, 0, 1) ),
                        192: ( (0.7633862853691146, -0.6459422414661738, 0, 0), (0.29653990367663563, 0.3504562497996603, 0.8883943395271099, 0), (-0.5738514309800025, -0.6781880547945484, 0.4590811447840024, 0), (0, 0, 0, 1) ),
                    }
                    uniform token[] xformOpOrder = ["xformOp:transform"]

                    def Mesh "Sector" (
                        prepend apiSchemas = ["AecoDerivedGeometryAPI", "MaterialBindingAPI"]
                    )
                    {
                        uniform token aeco:derived:approx = "tessellated"
                        uniform token aeco:derived:role = "sector"
                        string aeco:derived:source = "9b519a5b-4a53-5430-81a4-4063d64ed8bf"
                        string aeco:derived:stamp = "usdAecoCctv derive 0.5.3"
                        uniform bool doubleSided = 1
                        float3[] extent = [(-10.120675, -6.263276, -20), (10.120675, 6.263276, 0)]
                        int[] faceVertexCounts = [4, 4, 4, 4, 4, 4, 4, 4, 4, 4, 4, 4, 4, 4, 4, 4, 4, 4, 4, 4, 4, 4, 4, 4, 4, 4, 4, 4, 4, 4, 4, 4, 4, 4, 4, 4, 4, 4, 4, 4, 4, 4, 4, 4, 4, 4, 4, 4, 4, 4, 4, 4, 4, 4, 4, 4, 4, 4, 4, 4, 4, 4, 4, 4, 4, 4, 4, 4, 4, 4, 4, 4, 4, 4, 4, 4, 4, 4, 4, 4, 4, 4, 4, 4, 4, 4, 4, 4, 4, 4, 4, 4, 4, 4, 4, 4, 4, 4, 4, 4, 4, 4, 4, 4, 4, 4, 4, 4, 4, 4, 4, 4, 4, 4, 4, 4, 4, 4, 4, 4, 4, 4, 4, 4, 4, 4, 4, 4, 4, 4, 4, 4, 4, 4, 4, 4, 4, 4, 4, 4, 4, 4, 4, 4, 4, 4, 4, 4, 4, 4, 4, 4, 4, 4, 4, 4, 4, 4, 4, 4, 4, 4, 4, 4, 4, 4, 4, 4, 4, 4, 4, 4, 4, 4, 4, 4, 4, 4, 4, 4, 4, 4, 4, 4, 4, 4, 4, 4, 4, 4, 4, 4, 4, 4, 4, 4, 4, 4, 4, 4, 4, 4, 4, 4, 4, 4, 4, 4, 4, 4, 4, 4, 4, 4, 4, 4, 4, 4, 4, 4, 4, 4, 4, 4, 4, 4, 4, 4, 4, 4, 4, 4, 4, 4, 4, 4, 4, 4, 4, 4, 4, 4, 4, 4, 4, 4, 4, 4, 4, 4, 4, 4, 4, 4, 4, 4, 4, 4, 4, 4, 4, 4, 4, 4, 4, 4, 4, 4, 4, 4, 4, 4, 4, 4, 4, 4, 4, 4, 4, 4, 4, 4, 4, 4, 4, 4, 4, 4, 4, 4, 4, 4, 4, 4, 4, 4, 4, 4, 4, 4, 4, 4, 4, 4, 4, 4, 4, 4, 4, 4, 4, 4, 4, 4, 4, 4, 4, 4, 4, 4, 4, 4, 4, 4, 4, 4, 4, 4, 4, 4, 4, 4, 4, 4, 4, 4, 3, 3, 3, 3, 3, 3, 3, 3, 3, 3, 3, 3, 3, 3, 3, 3, 3, 3, 3, 3, 3, 3, 3, 3, 3, 3, 3, 3, 3, 3, 3, 3, 3, 3, 3, 3, 3, 3, 3, 3, 3, 3, 3, 3, 3, 3, 3, 3, 3, 3, 3, 3, 3, 3, 3, 3, 3, 3, 3, 3, 3, 3, 3, 3, 3, 3, 3, 3, 3, 3, 3, 3, 3, 3, 3, 3]
                        int[] faceVertexIndices = [1, 26, 27, 2, 2, 27, 28, 3, 3, 28, 29, 4, 4, 29, 30, 5, 5, 30, 31, 6, 6, 31, 32, 7, 7, 32, 33, 8, 8, 33, 34, 9, 9, 34, 35, 10, 10, 35, 36, 11, 11, 36, 37, 12, 12, 37, 38, 13, 13, 38, 39, 14, 14, 39, 40, 15, 15, 40, 41, 16, 16, 41, 42, 17, 17, 42, 43, 18, 18, 43, 44, 19, 19, 44, 45, 20, 20, 45, 46, 21, 21, 46, 47, 22, 22, 47, 48, 23, 23, 48, 49, 24, 24, 49, 50, 25, 26, 51, 52, 27, 27, 52, 53, 28, 28, 53, 54, 29, 29, 54, 55, 30, 30, 55, 56, 31, 31, 56, 57, 32, 32, 57, 58, 33, 33, 58, 59, 34, 34, 59, 60, 35, 35, 60, 61, 36, 36, 61, 62, 37, 37, 62, 63, 38, 38, 63, 64, 39, 39, 64, 65, 40, 40, 65, 66, 41, 41, 66, 67, 42, 42, 67, 68, 43, 43, 68, 69, 44, 44, 69, 70, 45, 45, 70, 71, 46, 46, 71, 72, 47, 47, 72, 73, 48, 48, 73, 74, 49, 49, 74, 75, 50, 51, 76, 77, 52, 52, 77, 78, 53, 53, 78, 79, 54, 54, 79, 80, 55, 55, 80, 81, 56, 56, 81, 82, 57, 57, 82, 83, 58, 58, 83, 84, 59, 59, 84, 85, 60, 60, 85, 86, 61, 61, 86, 87, 62, 62, 87, 88, 63, 63, 88, 89, 64, 64, 89, 90, 65, 65, 90, 91, 66, 66, 91, 92, 67, 67, 92, 93, 68, 68, 93, 94, 69, 69, 94, 95, 70, 70, 95, 96, 71, 71, 96, 97, 72, 72, 97, 98, 73, 73, 98, 99, 74, 74, 99, 100, 75, 76, 101, 102, 77, 77, 102, 103, 78, 78, 103, 104, 79, 79, 104, 105, 80, 80, 105, 106, 81, 81, 106, 107, 82, 82, 107, 108, 83, 83, 108, 109, 84, 84, 109, 110, 85, 85, 110, 111, 86, 86, 111, 112, 87, 87, 112, 113, 88, 88, 113, 114, 89, 89, 114, 115, 90, 90, 115, 116, 91, 91, 116, 117, 92, 92, 117, 118, 93, 93, 118, 119, 94, 94, 119, 120, 95, 95, 120, 121, 96, 96, 121, 122, 97, 97, 122, 123, 98, 98, 123, 124, 99, 99, 124, 125, 100, 101, 126, 127, 102, 102, 127, 128, 103, 103, 128, 129, 104, 104, 129, 130, 105, 105, 130, 131, 106, 106, 131, 132, 107, 107, 132, 133, 108, 108, 133, 134, 109, 109, 134, 135, 110, 110, 135, 136, 111, 111, 136, 137, 112, 112, 137, 138, 113, 113, 138, 139, 114, 114, 139, 140, 115, 115, 140, 141, 116, 116, 141, 142, 117, 117, 142, 143, 118, 118, 143, 144, 119, 119, 144, 145, 120, 120, 145, 146, 121, 121, 146, 147, 122, 122, 147, 148, 123, 123, 148, 149, 124, 124, 149, 150, 125, 126, 151, 152, 127, 127, 152, 153, 128, 128, 153, 154, 129, 129, 154, 155, 130, 130, 155, 156, 131, 131, 156, 157, 132, 132, 157, 158, 133, 133, 158, 159, 134, 134, 159, 160, 135, 135, 160, 161, 136, 136, 161, 162, 137, 137, 162, 163, 138, 138, 163, 164, 139, 139, 164, 165, 140, 140, 165, 166, 141, 141, 166, 167, 142, 142, 167, 168, 143, 143, 168, 169, 144, 144, 169, 170, 145, 145, 170, 171, 146, 146, 171, 172, 147, 147, 172, 173, 148, 148, 173, 174, 149, 149, 174, 175, 150, 151, 176, 177, 152, 152, 177, 178, 153, 153, 178, 179, 154, 154, 179, 180, 155, 155, 180, 181, 156, 156, 181, 182, 157, 157, 182, 183, 158, 158, 183, 184, 159, 159, 184, 185, 160, 160, 185, 186, 161, 161, 186, 187, 162, 162, 187, 188, 163, 163, 188, 189, 164, 164, 189, 190, 165, 165, 190, 191, 166, 166, 191, 192, 167, 167, 192, 193, 168, 168, 193, 194, 169, 169, 194, 195, 170, 170, 195, 196, 171, 171, 196, 197, 172, 172, 197, 198, 173, 173, 198, 199, 174, 174, 199, 200, 175, 176, 201, 202, 177, 177, 202, 203, 178, 178, 203, 204, 179, 179, 204, 205, 180, 180, 205, 206, 181, 181, 206, 207, 182, 182, 207, 208, 183, 183, 208, 209, 184, 184, 209, 210, 185, 185, 210, 211, 186, 186, 211, 212, 187, 187, 212, 213, 188, 188, 213, 214, 189, 189, 214, 215, 190, 190, 215, 216, 191, 191, 216, 217, 192, 192, 217, 218, 193, 193, 218, 219, 194, 194, 219, 220, 195, 195, 220, 221, 196, 196, 221, 222, 197, 197, 222, 223, 198, 198, 223, 224, 199, 199, 224, 225, 200, 201, 226, 227, 202, 202, 227, 228, 203, 203, 228, 229, 204, 204, 229, 230, 205, 205, 230, 231, 206, 206, 231, 232, 207, 207, 232, 233, 208, 208, 233, 234, 209, 209, 234, 235, 210, 210, 235, 236, 211, 211, 236, 237, 212, 212, 237, 238, 213, 213, 238, 239, 214, 214, 239, 240, 215, 215, 240, 241, 216, 216, 241, 242, 217, 217, 242, 243, 218, 218, 243, 244, 219, 219, 244, 245, 220, 220, 245, 246, 221, 221, 246, 247, 222, 222, 247, 248, 223, 223, 248, 249, 224, 224, 249, 250, 225, 226, 251, 252, 227, 227, 252, 253, 228, 228, 253, 254, 229, 229, 254, 255, 230, 230, 255, 256, 231, 231, 256, 257, 232, 232, 257, 258, 233, 233, 258, 259, 234, 234, 259, 260, 235, 235, 260, 261, 236, 236, 261, 262, 237, 237, 262, 263, 238, 238, 263, 264, 239, 239, 264, 265, 240, 240, 265, 266, 241, 241, 266, 267, 242, 242, 267, 268, 243, 243, 268, 269, 244, 244, 269, 270, 245, 245, 270, 271, 246, 246, 271, 272, 247, 247, 272, 273, 248, 248, 273, 274, 249, 249, 274, 275, 250, 251, 276, 277, 252, 252, 277, 278, 253, 253, 278, 279, 254, 254, 279, 280, 255, 255, 280, 281, 256, 256, 281, 282, 257, 257, 282, 283, 258, 258, 283, 284, 259, 259, 284, 285, 260, 260, 285, 286, 261, 261, 286, 287, 262, 262, 287, 288, 263, 263, 288, 289, 264, 264, 289, 290, 265, 265, 290, 291, 266, 266, 291, 292, 267, 267, 292, 293, 268, 268, 293, 294, 269, 269, 294, 295, 270, 270, 295, 296, 271, 271, 296, 297, 272, 272, 297, 298, 273, 273, 298, 299, 274, 274, 299, 300, 275, 276, 301, 302, 277, 277, 302, 303, 278, 278, 303, 304, 279, 279, 304, 305, 280, 280, 305, 306, 281, 281, 306, 307, 282, 282, 307, 308, 283, 283, 308, 309, 284, 284, 309, 310, 285, 285, 310, 311, 286, 286, 311, 312, 287, 287, 312, 313, 288, 288, 313, 314, 289, 289, 314, 315, 290, 290, 315, 316, 291, 291, 316, 317, 292, 292, 317, 318, 293, 293, 318, 319, 294, 294, 319, 320, 295, 295, 320, 321, 296, 296, 321, 322, 297, 297, 322, 323, 298, 298, 323, 324, 299, 299, 324, 325, 300, 301, 326, 327, 302, 302, 327, 328, 303, 303, 328, 329, 304, 304, 329, 330, 305, 305, 330, 331, 306, 306, 331, 332, 307, 307, 332, 333, 308, 308, 333, 334, 309, 309, 334, 335, 310, 310, 335, 336, 311, 311, 336, 337, 312, 312, 337, 338, 313, 313, 338, 339, 314, 314, 339, 340, 315, 315, 340, 341, 316, 316, 341, 342, 317, 317, 342, 343, 318, 318, 343, 344, 319, 319, 344, 345, 320, 320, 345, 346, 321, 321, 346, 347, 322, 322, 347, 348, 323, 323, 348, 349, 324, 324, 349, 350, 325, 326, 351, 352, 327, 327, 352, 353, 328, 328, 353, 354, 329, 329, 354, 355, 330, 330, 355, 356, 331, 331, 356, 357, 332, 332, 357, 358, 333, 333, 358, 359, 334, 334, 359, 360, 335, 335, 360, 361, 336, 336, 361, 362, 337, 337, 362, 363, 338, 338, 363, 364, 339, 339, 364, 365, 340, 340, 365, 366, 341, 341, 366, 367, 342, 342, 367, 368, 343, 343, 368, 369, 344, 344, 369, 370, 345, 345, 370, 371, 346, 346, 371, 372, 347, 347, 372, 373, 348, 348, 373, 374, 349, 349, 374, 375, 350, 0, 1, 2, 0, 2, 3, 0, 3, 4, 0, 4, 5, 0, 5, 6, 0, 6, 7, 0, 7, 8, 0, 8, 9, 0, 9, 10, 0, 10, 11, 0, 11, 12, 0, 12, 13, 0, 13, 14, 0, 14, 15, 0, 15, 16, 0, 16, 17, 0, 17, 18, 0, 18, 19, 0, 19, 20, 0, 20, 21, 0, 21, 22, 0, 22, 23, 0, 23, 24, 0, 24, 25, 0, 352, 351, 0, 353, 352, 0, 354, 353, 0, 355, 354, 0, 356, 355, 0, 357, 356, 0, 358, 357, 0, 359, 358, 0, 360, 359, 0, 361, 360, 0, 362, 361, 0, 363, 362, 0, 364, 363, 0, 365, 364, 0, 366, 365, 0, 367, 366, 0, 368, 367, 0, 369, 368, 0, 370, 369, 0, 371, 370, 0, 372, 371, 0, 373, 372, 0, 374, 373, 0, 375, 374, 0, 26, 1, 0, 51, 26, 0, 76, 51, 0, 101, 76, 0, 126, 101, 0, 151, 126, 0, 176, 151, 0, 201, 176, 0, 226, 201, 0, 251, 226, 0, 276, 251, 0, 301, 276, 0, 326, 301, 0, 351, 326, 0, 25, 50, 0, 50, 75, 0, 75, 100, 0, 100, 125, 0, 125, 150, 0, 150, 175, 0, 175, 200, 0, 200, 225, 0, 225, 250, 0, 250, 275, 0, 275, 300, 0, 300, 325, 0, 325, 350, 0, 350, 375]
                        rel material:binding = </AecoCctvLooks/Sector>
                        point3f[] points = [(0, 0, 0), (-9.734608, -5.471299, -16.592236), (-9.097164, -5.5778475, -16.915354), (-8.422752, -5.680771, -17.22748), (-7.711521, -5.778975, -17.525293), (-6.9641953, -5.8712993, -17.805275), (-6.182146, -5.956546, -18.063793), (-5.3674498, -6.0335093, -18.297192), (-4.52292, -6.101016, -18.501913), (-3.652112, -6.157967, -18.674622), (-2.7592847, -6.2033815, -18.812347), (-1.849327, -6.236443, -18.91261), (-0.9276425, -6.2565355, -18.973541), (0, -6.263276, -18.993982), (0.9276425, -6.2565355, -18.973541), (1.849327, -6.236443, -18.91261), (2.7592847, -6.2033815, -18.812347), (3.652112, -6.157967, -18.674622), (4.52292, -6.101016, -18.501913), (5.3674498, -6.0335093, -18.297192), (6.182146, -5.956546, -18.063793), (6.9641953, -5.8712993, -17.805275), (7.711521, -5.778975, -17.525293), (8.422752, -5.680771, -17.22748), (9.097164, -5.5778475, -16.915354), (9.734608, -5.471299, -16.592236), (-9.83271, -4.7369466, -16.759449), (-9.192506, -4.8311186, -17.092634), (-8.514367, -4.9221954, -17.414865), (-7.7983747, -5.0091968, -17.722677), (-7.0452023, -5.0910807, -18.012384), (-6.2561975, -5.166767, -18.280167), (-5.4334455, -5.235167, -18.522167), (-4.5798073, -5.2952156, -18.734621), (-3.6989248, -5.345914, -18.913994), (-2.795187, -5.3863688, -19.057123), (-1.8736517, -5.415834, -19.161371), (-0.9399244, -5.433747, -19.224749), (0, -5.4397573, -19.246014), (0.9399244, -5.433747, -19.224749), (1.8736517, -5.415834, -19.161371), (2.795187, -5.3863688, -19.057123), (3.6989248, -5.345914, -18.913994), (4.5798073, -5.2952156, -18.734621), (5.4334455, -5.235167, -18.522167), (6.2561975, -5.166767, -18.280167), (7.0452023, -5.0910807, -18.012384), (7.7983747, -5.0091968, -17.722677), (8.514367, -4.9221954, -17.414865), (9.192506, -4.8311186, -17.092634), (9.83271, -4.7369466, -16.759449), (-9.918079, -3.9817276, -16.904957), (-9.275565, -4.0623083, -17.247074), (-8.594268, -4.140322, -17.57829), (-7.8742046, -4.2149205, -17.895008), (-7.1160007, -4.285201, -18.193394), (-6.3209796, -4.3502235, -18.469456), (-5.4912314, -4.409037, -18.719154), (-4.629657, -4.46071, -18.938541), (-3.7399738, -4.5043674, -19.123892), (-2.826686, -4.539223, -19.27188), (-1.8950015, -4.5646214, -19.379711), (-0.9507068, -4.5800667, -19.445286), (0, -4.5852504, -19.467293), (0.9507068, -4.5800667, -19.445286), (1.8950015, -4.5646214, -19.379711), (2.826686, -4.539223, -19.27188), (3.7399738, -4.5043674, -19.123892), (4.629657, -4.46071, -18.938541), (5.4912314, -4.409037, -18.719154), (6.3209796, -4.3502235, -18.469456), (7.1160007, -4.285201, -18.193394), (7.8742046, -4.2149205, -17.895008), (8.594268, -4.140322, -17.57829), (9.275565, -4.0623083, -17.247074), (9.918079, -3.9817276, -16.904957), (-9.989605, -3.208354, -17.026869), (-9.345222, -3.2742527, -17.376596), (-8.661342, -3.338108, -17.715479), (-7.93792, -3.3992212, -18.03981), (-7.1755414, -3.456845, -18.345621), (-6.3755064, -3.5102, -18.628778), (-5.5399075, -3.558496, -18.885088), (-4.671676, -3.6009572, -19.11043), (-3.7745953, -3.636852, -19.300926), (-2.8532653, -3.6655245, -19.453093), (-1.9130231, -3.6864252, -19.564013), (-0.95981026, -3.6991384, -19.631483), (0, -3.7034056, -19.654129), (0.95981026, -3.6991384, -19.631483), (1.9130231, -3.6864252, -19.564013), (2.8532653, -3.6655245, -19.453093), (3.7745953, -3.636852, -19.300926), (4.671676, -3.6009572, -19.11043), (5.5399075, -3.558496, -18.885088), (6.3755064, -3.5102, -18.628778), (7.1755414, -3.456845, -18.345621), (7.93792, -3.3992212, -18.03981), (8.661342, -3.338108, -17.715479), (9.345222, -3.2742527, -17.376596), (9.989605, -3.208354, -17.026869), (-10.046318, -2.4199264, -17.123535), (-9.400499, -2.4702148, -17.479378), (-8.714609, -2.518978, -17.82443), (-7.98856, -2.5656798, -18.154894), (-7.2228985, -2.6097445, -18.4667), (-6.4189057, -2.650571, -18.755589), (-5.578675, -2.6875482, -19.017242), (-4.705161, -2.7200754, -19.247406), (-3.8021982, -2.7475855, -19.44207), (-2.8744648, -2.7695692, -19.597626), (-1.927401, -2.7855985, -19.711052), (-0.96707433, -2.795351, -19.78006), (0, -2.7986245, -19.803225), (0.96707433, -2.795351, -19.78006), (1.927401, -2.7855985, -19.711052), (2.8744648, -2.7695692, -19.597626), (3.8021982, -2.7475855, -19.44207), (4.705161, -2.7200754, -19.247406), (5.578675, -2.6875482, -19.017242), (6.4189057, -2.650571, -18.755589), (7.2228985, -2.6097445, -18.4667), (7.98856, -2.5656798, -18.154894), (8.714609, -2.518978, -17.82443), (9.400499, -2.4702148, -17.479378), (10.046318, -2.4199264, -17.123535), (-10.087424, -1.6198853, -17.1936), (-9.440589, -1.6538328, -17.55392), (-8.753265, -1.6867678, -17.903496), (-8.025331, -1.7183263, -18.23846), (-7.257305, -1.7481174, -18.554665), (-6.4504538, -1.7757322, -18.847769), (-5.606869, -1.800754, -19.113354), (-4.729524, -1.8227733, -19.347069), (-3.8222895, -1.8414028, -19.544804), (-2.8898997, -1.8562939, -19.70286), (-1.9378716, -1.8671544, -19.818132), (-0.9723652, -1.8737628, -19.888275), (0, -1.8759813, -19.911823), (0.9723652, -1.8737628, -19.888275), (1.9378716, -1.8671544, -19.818132), (2.8898997, -1.8562939, -19.70286), (3.8222895, -1.8414028, -19.544804), (4.729524, -1.8227733, -19.347069), (5.606869, -1.800754, -19.113354), (6.4504538, -1.7757322, -18.847769), (7.257305, -1.7481174, -18.554665), (8.025331, -1.7183263, -18.23846), (8.753265, -1.6867678, -17.903496), (9.440589, -1.6538328, -17.55392), (10.087424, -1.6198853, -17.1936), (-10.112331, -0.8119425, -17.236052), (-9.46489, -0.829045, -17.599106), (-8.776708, -0.84564257, -17.951443), (-8.047638, -0.86155134, -18.289156), (-7.2781863, -0.8765736, -18.608053), (-6.4696074, -0.8905024, -18.903734), (-5.6239924, -0.9031267, -19.171726), (-4.744325, -0.91423887, -19.407616), (-3.834498, -0.92364216, -19.607231), (-2.8992808, -0.9311599, -19.766819), (-1.9442365, -0.9366435, -19.883224), (-0.97558165, -0.9399805, -19.954063), (0, -0.9411008, -19.977846), (0.97558165, -0.9399805, -19.954063), (1.9442365, -0.9366435, -19.883224), (2.8992808, -0.9311599, -19.766819), (3.834498, -0.92364216, -19.607231), (4.744325, -0.91423887, -19.407616), (5.6239924, -0.9031267, -19.171726), (6.4696074, -0.8905024, -18.903734), (7.2781863, -0.8765736, -18.608053), (8.047638, -0.86155134, -18.289156), (8.776708, -0.84564257, -17.951443), (9.46489, -0.829045, -17.599106), (10.112331, -0.8119425, -17.236052), (-10.120675, 0, -17.250273), (-9.473032, 0, -17.614246), (-8.784563, 0, -17.96751), (-8.055116, 0, -18.30615), (-7.2851872, 0, -18.625952), (-6.47603, 0, -18.9225), (-5.629735, 0, -19.191301), (-4.74929, 0, -19.427925), (-3.8385937, 0, -19.628174), (-2.9024284, 0, -19.788277), (-1.9463722, 0, -19.905066), (-0.9766609, 0, -19.97614), (0, 0, -20), (0.9766609, 0, -19.97614), (1.9463722, 0, -19.905066), (2.9024284, 0, -19.788277), (3.8385937, 0, -19.628174), (4.74929, 0, -19.427925), (5.629735, 0, -19.191301), (6.47603, 0, -18.9225), (7.2851872, 0, -18.625952), (8.055116, 0, -18.30615), (8.784563, 0, -17.96751), (9.473032, 0, -17.614246), (10.120675, 0, -17.250273), (-10.112331, 0.8119425, -17.236052), (-9.46489, 0.829045, -17.599106), (-8.776708, 0.84564257, -17.951443), (-8.047638, 0.86155134, -18.289156), (-7.2781863, 0.8765736, -18.608053), (-6.4696074, 0.8905024, -18.903734), (-5.6239924, 0.9031267, -19.171726), (-4.744325, 0.91423887, -19.407616), (-3.834498, 0.92364216, -19.607231), (-2.8992808, 0.9311599, -19.766819), (-1.9442365, 0.9366435, -19.883224), (-0.97558165, 0.9399805, -19.954063), (0, 0.9411008, -19.977846), (0.97558165, 0.9399805, -19.954063), (1.9442365, 0.9366435, -19.883224), (2.8992808, 0.9311599, -19.766819), (3.834498, 0.92364216, -19.607231), (4.744325, 0.91423887, -19.407616), (5.6239924, 0.9031267, -19.171726), (6.4696074, 0.8905024, -18.903734), (7.2781863, 0.8765736, -18.608053), (8.047638, 0.86155134, -18.289156), (8.776708, 0.84564257, -17.951443), (9.46489, 0.829045, -17.599106), (10.112331, 0.8119425, -17.236052), (-10.087424, 1.6198853, -17.1936), (-9.440589, 1.6538328, -17.55392), (-8.753265, 1.6867678, -17.903496), (-8.025331, 1.7183263, -18.23846), (-7.257305, 1.7481174, -18.554665), (-6.4504538, 1.7757322, -18.847769), (-5.606869, 1.800754, -19.113354), (-4.729524, 1.8227733, -19.347069), (-3.8222895, 1.8414028, -19.544804), (-2.8898997, 1.8562939, -19.70286), (-1.9378716, 1.8671544, -19.818132), (-0.9723652, 1.8737628, -19.888275), (0, 1.8759813, -19.911823), (0.9723652, 1.8737628, -19.888275), (1.9378716, 1.8671544, -19.818132), (2.8898997, 1.8562939, -19.70286), (3.8222895, 1.8414028, -19.544804), (4.729524, 1.8227733, -19.347069), (5.606869, 1.800754, -19.113354), (6.4504538, 1.7757322, -18.847769), (7.257305, 1.7481174, -18.554665), (8.025331, 1.7183263, -18.23846), (8.753265, 1.6867678, -17.903496), (9.440589, 1.6538328, -17.55392), (10.087424, 1.6198853, -17.1936), (-10.046318, 2.4199264, -17.123535), (-9.400499, 2.4702148, -17.479378), (-8.714609, 2.518978, -17.82443), (-7.98856, 2.5656798, -18.154894), (-7.2228985, 2.6097445, -18.4667), (-6.4189057, 2.650571, -18.755589), (-5.578675, 2.6875482, -19.017242), (-4.705161, 2.7200754, -19.247406), (-3.8021982, 2.7475855, -19.44207), (-2.8744648, 2.7695692, -19.597626), (-1.927401, 2.7855985, -19.711052), (-0.96707433, 2.795351, -19.78006), (0, 2.7986245, -19.803225), (0.96707433, 2.795351, -19.78006), (1.927401, 2.7855985, -19.711052), (2.8744648, 2.7695692, -19.597626), (3.8021982, 2.7475855, -19.44207), (4.705161, 2.7200754, -19.247406), (5.578675, 2.6875482, -19.017242), (6.4189057, 2.650571, -18.755589), (7.2228985, 2.6097445, -18.4667), (7.98856, 2.5656798, -18.154894), (8.714609, 2.518978, -17.82443), (9.400499, 2.4702148, -17.479378), (10.046318, 2.4199264, -17.123535), (-9.989605, 3.208354, -17.026869), (-9.345222, 3.2742527, -17.376596), (-8.661342, 3.338108, -17.715479), (-7.93792, 3.3992212, -18.03981), (-7.1755414, 3.456845, -18.345621), (-6.3755064, 3.5102, -18.628778), (-5.5399075, 3.558496, -18.885088), (-4.671676, 3.6009572, -19.11043), (-3.7745953, 3.636852, -19.300926), (-2.8532653, 3.6655245, -19.453093), (-1.9130231, 3.6864252, -19.564013), (-0.95981026, 3.6991384, -19.631483), (0, 3.7034056, -19.654129), (0.95981026, 3.6991384, -19.631483), (1.9130231, 3.6864252, -19.564013), (2.8532653, 3.6655245, -19.453093), (3.7745953, 3.636852, -19.300926), (4.671676, 3.6009572, -19.11043), (5.5399075, 3.558496, -18.885088), (6.3755064, 3.5102, -18.628778), (7.1755414, 3.456845, -18.345621), (7.93792, 3.3992212, -18.03981), (8.661342, 3.338108, -17.715479), (9.345222, 3.2742527, -17.376596), (9.989605, 3.208354, -17.026869), (-9.918079, 3.9817276, -16.904957), (-9.275565, 4.0623083, -17.247074), (-8.594268, 4.140322, -17.57829), (-7.8742046, 4.2149205, -17.895008), (-7.1160007, 4.285201, -18.193394), (-6.3209796, 4.3502235, -18.469456), (-5.4912314, 4.409037, -18.719154), (-4.629657, 4.46071, -18.938541), (-3.7399738, 4.5043674, -19.123892), (-2.826686, 4.539223, -19.27188), (-1.8950015, 4.5646214, -19.379711), (-0.9507068, 4.5800667, -19.445286), (0, 4.5852504, -19.467293), (0.9507068, 4.5800667, -19.445286), (1.8950015, 4.5646214, -19.379711), (2.826686, 4.539223, -19.27188), (3.7399738, 4.5043674, -19.123892), (4.629657, 4.46071, -18.938541), (5.4912314, 4.409037, -18.719154), (6.3209796, 4.3502235, -18.469456), (7.1160007, 4.285201, -18.193394), (7.8742046, 4.2149205, -17.895008), (8.594268, 4.140322, -17.57829), (9.275565, 4.0623083, -17.247074), (9.918079, 3.9817276, -16.904957), (-9.83271, 4.7369466, -16.759449), (-9.192506, 4.8311186, -17.092634), (-8.514367, 4.9221954, -17.414865), (-7.7983747, 5.0091968, -17.722677), (-7.0452023, 5.0910807, -18.012384), (-6.2561975, 5.166767, -18.280167), (-5.4334455, 5.235167, -18.522167), (-4.5798073, 5.2952156, -18.734621), (-3.6989248, 5.345914, -18.913994), (-2.795187, 5.3863688, -19.057123), (-1.8736517, 5.415834, -19.161371), (-0.9399244, 5.433747, -19.224749), (0, 5.4397573, -19.246014), (0.9399244, 5.433747, -19.224749), (1.8736517, 5.415834, -19.161371), (2.795187, 5.3863688, -19.057123), (3.6989248, 5.345914, -18.913994), (4.5798073, 5.2952156, -18.734621), (5.4334455, 5.235167, -18.522167), (6.2561975, 5.166767, -18.280167), (7.0452023, 5.0910807, -18.012384), (7.7983747, 5.0091968, -17.722677), (8.514367, 4.9221954, -17.414865), (9.192506, 4.8311186, -17.092634), (9.83271, 4.7369466, -16.759449), (-9.734608, 5.471299, -16.592236), (-9.097164, 5.5778475, -16.915354), (-8.422752, 5.680771, -17.22748), (-7.711521, 5.778975, -17.525293), (-6.9641953, 5.8712993, -17.805275), (-6.182146, 5.956546, -18.063793), (-5.3674498, 6.0335093, -18.297192), (-4.52292, 6.101016, -18.501913), (-3.652112, 6.157967, -18.674622), (-2.7592847, 6.2033815, -18.812347), (-1.849327, 6.236443, -18.91261), (-0.9276425, 6.2565355, -18.973541), (0, 6.263276, -18.993982), (0.9276425, 6.2565355, -18.973541), (1.849327, 6.236443, -18.91261), (2.7592847, 6.2033815, -18.812347), (3.652112, 6.157967, -18.674622), (4.52292, 6.101016, -18.501913), (5.3674498, 6.0335093, -18.297192), (6.182146, 5.956546, -18.063793), (6.9641953, 5.8712993, -17.805275), (7.711521, 5.778975, -17.525293), (8.422752, 5.680771, -17.22748), (9.097164, 5.5778475, -16.915354), (9.734608, 5.471299, -16.592236)]
                        color3f[] primvars:displayColor = [(0, 0.85, 0.95)] (
                            interpolation = "constant"
                        )
                        float[] primvars:displayOpacity = [0.3] (
                            interpolation = "constant"
                        )
                        uniform token purpose = "guide"
                        uniform token subdivisionScheme = "none"
                    }

                    def Mesh "Shell_identify" (
                        prepend apiSchemas = ["AecoDerivedGeometryAPI", "MaterialBindingAPI"]
                    )
                    {
                        uniform token aeco:derived:approx = "tessellated"
                        uniform token aeco:derived:role = "coverage"
                        string aeco:derived:source = "9b519a5b-4a53-5430-81a4-4063d64ed8bf"
                        string aeco:derived:stamp = "usdAecoCctv derive 0.5.3"
                        uniform bool doubleSided = 1
                        float3[] extent = [(-6.624105, -4.0993905, -13.090243), (6.624105, 4.0993905, 0)]
                        int[] faceVertexCounts = [4, 4, 4, 4, 4, 4, 4, 4, 4, 4, 4, 4, 4, 4, 4, 4, 4, 4, 4, 4, 4, 4, 4, 4, 4, 4, 4, 4, 4, 4, 4, 4, 4, 4, 4, 4, 4, 4, 4, 4, 4, 4, 4, 4, 4, 4, 4, 4, 4, 4, 4, 4, 4, 4, 4, 4, 4, 4, 4, 4, 4, 4, 4, 4, 4, 4, 4, 4, 4, 4, 4, 4, 4, 4, 4, 4, 4, 4, 4, 4, 4, 4, 4, 4, 4, 4, 4, 4, 4, 4, 4, 4, 4, 4, 4, 4, 4, 4, 4, 4, 4, 4, 4, 4, 4, 4, 4, 4, 4, 4, 4, 4, 4, 4, 4, 4, 4, 4, 4, 4, 4, 4, 4, 4, 4, 4, 4, 4, 4, 4, 4, 4, 4, 4, 4, 4, 4, 4, 4, 4, 4, 4, 4, 4, 4, 4, 4, 4, 4, 4, 4, 4, 4, 4, 4, 4, 4, 4, 4, 4, 4, 4, 4, 4, 4, 4, 4, 4, 4, 4, 4, 4, 4, 4, 4, 4, 4, 4, 4, 4, 4, 4, 4, 4, 4, 4, 4, 4, 4, 4, 4, 4, 4, 4, 4, 4, 4, 4, 4, 4, 4, 4, 4, 4, 4, 4, 4, 4, 4, 4, 4, 4, 4, 4, 4, 4, 4, 4, 4, 4, 4, 4, 4, 4, 4, 4, 4, 4, 4, 4, 4, 4, 4, 4, 4, 4, 4, 4, 4, 4, 4, 4, 4, 4, 4, 4, 4, 4, 4, 4, 4, 4, 4, 4, 4, 4, 4, 4, 4, 4, 4, 4, 4, 4, 4, 4, 4, 4, 4, 4, 4, 4, 4, 4, 4, 4, 4, 4, 4, 4, 4, 4, 4, 4, 4, 4, 4, 4, 4, 4, 4, 4, 4, 4, 4, 4, 4, 4, 4, 4, 4, 4, 4, 4, 4, 4, 4, 4, 4, 4, 4, 4, 4, 4, 4, 4, 4, 4, 4, 4, 4, 4, 4, 4, 4, 4, 4, 4, 4, 4, 4, 4, 4, 4, 4, 4, 3, 3, 3, 3, 3, 3, 3, 3, 3, 3, 3, 3, 3, 3, 3, 3, 3, 3, 3, 3, 3, 3, 3, 3, 3, 3, 3, 3, 3, 3, 3, 3, 3, 3, 3, 3, 3, 3, 3, 3, 3, 3, 3, 3, 3, 3, 3, 3, 3, 3, 3, 3, 3, 3, 3, 3, 3, 3, 3, 3, 3, 3, 3, 3, 3, 3, 3, 3, 3, 3, 3, 3, 3, 3, 3, 3]
                        int[] faceVertexIndices = [1, 26, 27, 2, 2, 27, 28, 3, 3, 28, 29, 4, 4, 29, 30, 5, 5, 30, 31, 6, 6, 31, 32, 7, 7, 32, 33, 8, 8, 33, 34, 9, 9, 34, 35, 10, 10, 35, 36, 11, 11, 36, 37, 12, 12, 37, 38, 13, 13, 38, 39, 14, 14, 39, 40, 15, 15, 40, 41, 16, 16, 41, 42, 17, 17, 42, 43, 18, 18, 43, 44, 19, 19, 44, 45, 20, 20, 45, 46, 21, 21, 46, 47, 22, 22, 47, 48, 23, 23, 48, 49, 24, 24, 49, 50, 25, 26, 51, 52, 27, 27, 52, 53, 28, 28, 53, 54, 29, 29, 54, 55, 30, 30, 55, 56, 31, 31, 56, 57, 32, 32, 57, 58, 33, 33, 58, 59, 34, 34, 59, 60, 35, 35, 60, 61, 36, 36, 61, 62, 37, 37, 62, 63, 38, 38, 63, 64, 39, 39, 64, 65, 40, 40, 65, 66, 41, 41, 66, 67, 42, 42, 67, 68, 43, 43, 68, 69, 44, 44, 69, 70, 45, 45, 70, 71, 46, 46, 71, 72, 47, 47, 72, 73, 48, 48, 73, 74, 49, 49, 74, 75, 50, 51, 76, 77, 52, 52, 77, 78, 53, 53, 78, 79, 54, 54, 79, 80, 55, 55, 80, 81, 56, 56, 81, 82, 57, 57, 82, 83, 58, 58, 83, 84, 59, 59, 84, 85, 60, 60, 85, 86, 61, 61, 86, 87, 62, 62, 87, 88, 63, 63, 88, 89, 64, 64, 89, 90, 65, 65, 90, 91, 66, 66, 91, 92, 67, 67, 92, 93, 68, 68, 93, 94, 69, 69, 94, 95, 70, 70, 95, 96, 71, 71, 96, 97, 72, 72, 97, 98, 73, 73, 98, 99, 74, 74, 99, 100, 75, 76, 101, 102, 77, 77, 102, 103, 78, 78, 103, 104, 79, 79, 104, 105, 80, 80, 105, 106, 81, 81, 106, 107, 82, 82, 107, 108, 83, 83, 108, 109, 84, 84, 109, 110, 85, 85, 110, 111, 86, 86, 111, 112, 87, 87, 112, 113, 88, 88, 113, 114, 89, 89, 114, 115, 90, 90, 115, 116, 91, 91, 116, 117, 92, 92, 117, 118, 93, 93, 118, 119, 94, 94, 119, 120, 95, 95, 120, 121, 96, 96, 121, 122, 97, 97, 122, 123, 98, 98, 123, 124, 99, 99, 124, 125, 100, 101, 126, 127, 102, 102, 127, 128, 103, 103, 128, 129, 104, 104, 129, 130, 105, 105, 130, 131, 106, 106, 131, 132, 107, 107, 132, 133, 108, 108, 133, 134, 109, 109, 134, 135, 110, 110, 135, 136, 111, 111, 136, 137, 112, 112, 137, 138, 113, 113, 138, 139, 114, 114, 139, 140, 115, 115, 140, 141, 116, 116, 141, 142, 117, 117, 142, 143, 118, 118, 143, 144, 119, 119, 144, 145, 120, 120, 145, 146, 121, 121, 146, 147, 122, 122, 147, 148, 123, 123, 148, 149, 124, 124, 149, 150, 125, 126, 151, 152, 127, 127, 152, 153, 128, 128, 153, 154, 129, 129, 154, 155, 130, 130, 155, 156, 131, 131, 156, 157, 132, 132, 157, 158, 133, 133, 158, 159, 134, 134, 159, 160, 135, 135, 160, 161, 136, 136, 161, 162, 137, 137, 162, 163, 138, 138, 163, 164, 139, 139, 164, 165, 140, 140, 165, 166, 141, 141, 166, 167, 142, 142, 167, 168, 143, 143, 168, 169, 144, 144, 169, 170, 145, 145, 170, 171, 146, 146, 171, 172, 147, 147, 172, 173, 148, 148, 173, 174, 149, 149, 174, 175, 150, 151, 176, 177, 152, 152, 177, 178, 153, 153, 178, 179, 154, 154, 179, 180, 155, 155, 180, 181, 156, 156, 181, 182, 157, 157, 182, 183, 158, 158, 183, 184, 159, 159, 184, 185, 160, 160, 185, 186, 161, 161, 186, 187, 162, 162, 187, 188, 163, 163, 188, 189, 164, 164, 189, 190, 165, 165, 190, 191, 166, 166, 191, 192, 167, 167, 192, 193, 168, 168, 193, 194, 169, 169, 194, 195, 170, 170, 195, 196, 171, 171, 196, 197, 172, 172, 197, 198, 173, 173, 198, 199, 174, 174, 199, 200, 175, 176, 201, 202, 177, 177, 202, 203, 178, 178, 203, 204, 179, 179, 204, 205, 180, 180, 205, 206, 181, 181, 206, 207, 182, 182, 207, 208, 183, 183, 208, 209, 184, 184, 209, 210, 185, 185, 210, 211, 186, 186, 211, 212, 187, 187, 212, 213, 188, 188, 213, 214, 189, 189, 214, 215, 190, 190, 215, 216, 191, 191, 216, 217, 192, 192, 217, 218, 193, 193, 218, 219, 194, 194, 219, 220, 195, 195, 220, 221, 196, 196, 221, 222, 197, 197, 222, 223, 198, 198, 223, 224, 199, 199, 224, 225, 200, 201, 226, 227, 202, 202, 227, 228, 203, 203, 228, 229, 204, 204, 229, 230, 205, 205, 230, 231, 206, 206, 231, 232, 207, 207, 232, 233, 208, 208, 233, 234, 209, 209, 234, 235, 210, 210, 235, 236, 211, 211, 236, 237, 212, 212, 237, 238, 213, 213, 238, 239, 214, 214, 239, 240, 215, 215, 240, 241, 216, 216, 241, 242, 217, 217, 242, 243, 218, 218, 243, 244, 219, 219, 244, 245, 220, 220, 245, 246, 221, 221, 246, 247, 222, 222, 247, 248, 223, 223, 248, 249, 224, 224, 249, 250, 225, 226, 251, 252, 227, 227, 252, 253, 228, 228, 253, 254, 229, 229, 254, 255, 230, 230, 255, 256, 231, 231, 256, 257, 232, 232, 257, 258, 233, 233, 258, 259, 234, 234, 259, 260, 235, 235, 260, 261, 236, 236, 261, 262, 237, 237, 262, 263, 238, 238, 263, 264, 239, 239, 264, 265, 240, 240, 265, 266, 241, 241, 266, 267, 242, 242, 267, 268, 243, 243, 268, 269, 244, 244, 269, 270, 245, 245, 270, 271, 246, 246, 271, 272, 247, 247, 272, 273, 248, 248, 273, 274, 249, 249, 274, 275, 250, 251, 276, 277, 252, 252, 277, 278, 253, 253, 278, 279, 254, 254, 279, 280, 255, 255, 280, 281, 256, 256, 281, 282, 257, 257, 282, 283, 258, 258, 283, 284, 259, 259, 284, 285, 260, 260, 285, 286, 261, 261, 286, 287, 262, 262, 287, 288, 263, 263, 288, 289, 264, 264, 289, 290, 265, 265, 290, 291, 266, 266, 291, 292, 267, 267, 292, 293, 268, 268, 293, 294, 269, 269, 294, 295, 270, 270, 295, 296, 271, 271, 296, 297, 272, 272, 297, 298, 273, 273, 298, 299, 274, 274, 299, 300, 275, 276, 301, 302, 277, 277, 302, 303, 278, 278, 303, 304, 279, 279, 304, 305, 280, 280, 305, 306, 281, 281, 306, 307, 282, 282, 307, 308, 283, 283, 308, 309, 284, 284, 309, 310, 285, 285, 310, 311, 286, 286, 311, 312, 287, 287, 312, 313, 288, 288, 313, 314, 289, 289, 314, 315, 290, 290, 315, 316, 291, 291, 316, 317, 292, 292, 317, 318, 293, 293, 318, 319, 294, 294, 319, 320, 295, 295, 320, 321, 296, 296, 321, 322, 297, 297, 322, 323, 298, 298, 323, 324, 299, 299, 324, 325, 300, 301, 326, 327, 302, 302, 327, 328, 303, 303, 328, 329, 304, 304, 329, 330, 305, 305, 330, 331, 306, 306, 331, 332, 307, 307, 332, 333, 308, 308, 333, 334, 309, 309, 334, 335, 310, 310, 335, 336, 311, 311, 336, 337, 312, 312, 337, 338, 313, 313, 338, 339, 314, 314, 339, 340, 315, 315, 340, 341, 316, 316, 341, 342, 317, 317, 342, 343, 318, 318, 343, 344, 319, 319, 344, 345, 320, 320, 345, 346, 321, 321, 346, 347, 322, 322, 347, 348, 323, 323, 348, 349, 324, 324, 349, 350, 325, 326, 351, 352, 327, 327, 352, 353, 328, 328, 353, 354, 329, 329, 354, 355, 330, 330, 355, 356, 331, 331, 356, 357, 332, 332, 357, 358, 333, 333, 358, 359, 334, 334, 359, 360, 335, 335, 360, 361, 336, 336, 361, 362, 337, 337, 362, 363, 338, 338, 363, 364, 339, 339, 364, 365, 340, 340, 365, 366, 341, 341, 366, 367, 342, 342, 367, 368, 343, 343, 368, 369, 344, 344, 369, 370, 345, 345, 370, 371, 346, 346, 371, 372, 347, 347, 372, 373, 348, 348, 373, 374, 349, 349, 374, 375, 350, 0, 1, 2, 0, 2, 3, 0, 3, 4, 0, 4, 5, 0, 5, 6, 0, 6, 7, 0, 7, 8, 0, 8, 9, 0, 9, 10, 0, 10, 11, 0, 11, 12, 0, 12, 13, 0, 13, 14, 0, 14, 15, 0, 15, 16, 0, 16, 17, 0, 17, 18, 0, 18, 19, 0, 19, 20, 0, 20, 21, 0, 21, 22, 0, 22, 23, 0, 23, 24, 0, 24, 25, 0, 352, 351, 0, 353, 352, 0, 354, 353, 0, 355, 354, 0, 356, 355, 0, 357, 356, 0, 358, 357, 0, 359, 358, 0, 360, 359, 0, 361, 360, 0, 362, 361, 0, 363, 362, 0, 364, 363, 0, 365, 364, 0, 366, 365, 0, 367, 366, 0, 368, 367, 0, 369, 368, 0, 370, 369, 0, 371, 370, 0, 372, 371, 0, 373, 372, 0, 374, 373, 0, 375, 374, 0, 26, 1, 0, 51, 26, 0, 76, 51, 0, 101, 76, 0, 126, 101, 0, 151, 126, 0, 176, 151, 0, 201, 176, 0, 226, 201, 0, 251, 226, 0, 276, 251, 0, 301, 276, 0, 326, 301, 0, 351, 326, 0, 25, 50, 0, 50, 75, 0, 75, 100, 0, 100, 125, 0, 125, 150, 0, 150, 175, 0, 175, 200, 0, 200, 225, 0, 225, 250, 0, 250, 275, 0, 275, 300, 0, 300, 325, 0, 325, 350, 0, 350, 375]
                        rel material:binding = </AecoCctvLooks/Shell_identify>
                        point3f[] points = [(0, 0, 0), (-6.371419, -3.5810318, -10.85982), (-5.9542046, -3.650769, -11.071305), (-5.5127935, -3.7181337, -11.275596), (-5.047284, -3.7824094, -11.470517), (-4.5581503, -3.8428366, -11.6537695), (-4.04629, -3.8986316, -11.822972), (-3.513061, -3.9490051, -11.975735), (-2.9603062, -3.993189, -12.109727), (-2.3903518, -4.030464, -12.222767), (-1.8059853, -4.060189, -12.31291), (-1.2104069, -4.0818276, -12.378532), (-0.6071533, -4.0949783, -12.418413), (0, -4.0993905, -12.431792), (0.6071533, -4.0949783, -12.418413), (1.2104069, -4.0818276, -12.378532), (1.8059853, -4.060189, -12.31291), (2.3903518, -4.030464, -12.222767), (2.9603062, -3.993189, -12.109727), (3.513061, -3.9490051, -11.975735), (4.04629, -3.8986316, -11.822972), (4.5581503, -3.8428366, -11.6537695), (5.047284, -3.7824094, -11.470517), (5.5127935, -3.7181337, -11.275596), (5.9542046, -3.650769, -11.071305), (6.371419, -3.5810318, -10.85982), (-6.4356284, -3.100389, -10.969263), (-6.016607, -3.162026, -11.187336), (-5.572757, -3.2216368, -11.398241), (-5.104131, -3.27858, -11.599708), (-4.611171, -3.332174, -11.789325), (-4.0947576, -3.381712, -11.964592), (-3.5562563, -3.4264805, -12.122984), (-2.9975395, -3.465783, -12.262037), (-2.4209912, -3.4989657, -12.379438), (-1.8294839, -3.5254438, -12.473119), (-1.2263278, -3.544729, -12.54135), (-0.61519194, -3.5564532, -12.582831), (0, -3.5603874, -12.59675), (0.61519194, -3.5564532, -12.582831), (1.2263278, -3.544729, -12.54135), (1.8294839, -3.5254438, -12.473119), (2.4209912, -3.4989657, -12.379438), (2.9975395, -3.465783, -12.262037), (3.5562563, -3.4264805, -12.122984), (4.0947576, -3.381712, -11.964592), (4.611171, -3.332174, -11.789325), (5.104131, -3.27858, -11.599708), (5.572757, -3.2216368, -11.398241), (6.016607, -3.162026, -11.187336), (6.4356284, -3.100389, -10.969263), (-6.4915032, -2.606089, -11.0645), (-6.07097, -2.6588304, -11.28842), (-5.625053, -2.709891, -11.505204), (-5.153763, -2.7587168, -11.712501), (-4.657509, -2.8047163, -11.907798), (-4.137158, -2.847274, -12.088483), (-3.5940778, -2.8857682, -12.251915), (-3.0301666, -2.919589, -12.395505), (-2.4478583, -2.948163, -12.51682), (-1.8501003, -2.9709768, -12.613679), (-1.2403015, -2.9876003, -12.684257), (-0.6222491, -2.9977095, -12.727176), (0, -3.001102, -12.74158), (0.6222491, -2.9977095, -12.727176), (1.2403015, -2.9876003, -12.684257), (1.8501003, -2.9709768, -12.613679), (2.4478583, -2.948163, -12.51682), (3.0301666, -2.919589, -12.395505), (3.5940778, -2.8857682, -12.251915), (4.137158, -2.847274, -12.088483), (4.657509, -2.8047163, -11.907798), (5.153763, -2.7587168, -11.712501), (5.625053, -2.709891, -11.505204), (6.07097, -2.6588304, -11.28842), (6.4915032, -2.606089, -11.0645), (-6.5383177, -2.0999067, -11.144293), (-6.116562, -2.143038, -11.373193), (-5.6689534, -2.1848323, -11.594996), (-5.195465, -2.2248316, -11.807275), (-4.6964793, -2.262547, -12.007432), (-4.1728463, -2.2974687, -12.192762), (-3.6259367, -2.329079, -12.360519), (-3.057669, -2.3568702, -12.508009), (-2.4705186, -2.3803637, -12.63269), (-1.8674968, -2.3991303, -12.7322855), (-1.2520969, -2.41281, -12.804884), (-0.62820745, -2.4211311, -12.849045), (0, -2.423924, -12.863866), (0.62820745, -2.4211311, -12.849045), (1.2520969, -2.41281, -12.804884), (1.8674968, -2.3991303, -12.7322855), (2.4705186, -2.3803637, -12.63269), (3.057669, -2.3568702, -12.508009), (3.6259367, -2.329079, -12.360519), (4.1728463, -2.2974687, -12.192762), (4.6964793, -2.262547, -12.007432), (5.195465, -2.2248316, -11.807275), (5.6689534, -2.1848323, -11.594996), (6.116562, -2.143038, -11.373193), (6.5383177, -2.0999067, -11.144293), (-6.5754375, -1.5838712, -11.2075615), (-6.152741, -1.6167855, -11.440465), (-5.703818, -1.6487018, -11.6663065), (-5.2286096, -1.6792687, -11.882599), (-4.7274747, -1.7081096, -12.0866785), (-4.201252, -1.734831, -12.275761), (-3.6513104, -1.759033, -12.447016), (-3.079585, -1.7803224, -12.597661), (-2.488585, -1.7983282, -12.725071), (-1.8813721, -1.8127166, -12.826884), (-1.2615073, -1.8232082, -12.901123), (-0.6329619, -1.8295912, -12.94629), (0, -1.8317338, -12.961452), (0.6329619, -1.8295912, -12.94629), (1.2615073, -1.8232082, -12.901123), (1.8813721, -1.8127166, -12.826884), (2.488585, -1.7983282, -12.725071), (3.079585, -1.7803224, -12.597661), (3.6513104, -1.759033, -12.447016), (4.201252, -1.734831, -12.275761), (4.7274747, -1.7081096, -12.0866785), (5.2286096, -1.6792687, -11.882599), (5.703818, -1.6487018, -11.6663065), (6.152741, -1.6167855, -11.440465), (6.5754375, -1.5838712, -11.2075615), (-6.602342, -1.0602347, -11.253419), (-6.17898, -1.0824537, -11.489254), (-5.729119, -1.1040101, -11.718056), (-5.2526765, -1.1246655, -11.937294), (-4.7499943, -1.1441641, -12.144254), (-4.2219005, -1.1622382, -12.336094), (-3.669764, -1.1786153, -12.509923), (-3.0955312, -1.1930273, -12.662892), (-2.5017347, -1.2052205, -12.792312), (-1.8914745, -1.2149669, -12.895761), (-1.2683605, -1.2220752, -12.971209), (-0.63642484, -1.2264005, -13.017118), (0, -1.2278526, -13.03253), (0.63642484, -1.2264005, -13.017118), (1.2683605, -1.2220752, -12.971209), (1.8914745, -1.2149669, -12.895761), (2.5017347, -1.2052205, -12.792312), (3.0955312, -1.1930273, -12.662892), (3.669764, -1.1786153, -12.509923), (4.2219005, -1.1622382, -12.336094), (4.7499943, -1.1441641, -12.144254), (5.2526765, -1.1246655, -11.937294), (5.729119, -1.1040101, -11.718056), (6.17898, -1.0824537, -11.489254), (6.602342, -1.0602347, -11.253419), (-6.618644, -0.53142625, -11.281206), (-6.1948853, -0.54262, -11.518829), (-5.7444615, -0.55348337, -11.749437), (-5.2672772, -0.5638958, -11.970475), (-4.7636614, -0.5737281, -12.179196), (-4.2344365, -0.5828447, -12.372725), (-3.6809714, -0.5911074, -12.548127), (-3.1052184, -0.59838045, -12.70252), (-2.5097256, -0.60453504, -12.833171), (-1.8976146, -0.60945547, -12.937623), (-1.2725264, -0.61304456, -13.013812), (-0.6385301, -0.61522865, -13.060178), (0, -0.6159619, -13.075743), (0.6385301, -0.61522865, -13.060178), (1.2725264, -0.61304456, -13.013812), (1.8976146, -0.60945547, -12.937623), (2.5097256, -0.60453504, -12.833171), (3.1052184, -0.59838045, -12.70252), (3.6809714, -0.5911074, -12.548127), (4.2344365, -0.5828447, -12.372725), (4.7636614, -0.5737281, -12.179196), (5.2672772, -0.5638958, -11.970475), (5.7444615, -0.55348337, -11.749437), (6.1948853, -0.54262, -11.518829), (6.618644, -0.53142625, -11.281206), (-6.624105, 0, -11.290514), (-6.2002144, 0, -11.528738), (-5.7496033, 0, -11.759954), (-5.272171, 0, -11.981597), (-4.7682433, 0, -12.190911), (-4.2386403, 0, -12.385007), (-3.68473, 0, -12.560941), (-3.1084678, 0, -12.715813), (-2.512406, 0, -12.846878), (-1.8996747, 0, -12.951668), (-1.2739242, 0, -13.028108), (-0.63923645, 0, -13.074626), (0, 0, -13.090243), (0.63923645, 0, -13.074626), (1.2739242, 0, -13.028108), (1.8996747, 0, -12.951668), (2.512406, 0, -12.846878), (3.1084678, 0, -12.715813), (3.68473, 0, -12.560941), (4.2386403, 0, -12.385007), (4.7682433, 0, -12.190911), (5.272171, 0, -11.981597), (5.7496033, 0, -11.759954), (6.2002144, 0, -11.528738), (6.624105, 0, -11.290514), (-6.618644, 0.53142625, -11.281206), (-6.1948853, 0.54262, -11.518829), (-5.7444615, 0.55348337, -11.749437), (-5.2672772, 0.5638958, -11.970475), (-4.7636614, 0.5737281, -12.179196), (-4.2344365, 0.5828447, -12.372725), (-3.6809714, 0.5911074, -12.548127), (-3.1052184, 0.59838045, -12.70252), (-2.5097256, 0.60453504, -12.833171), (-1.8976146, 0.60945547, -12.937623), (-1.2725264, 0.61304456, -13.013812), (-0.6385301, 0.61522865, -13.060178), (0, 0.6159619, -13.075743), (0.6385301, 0.61522865, -13.060178), (1.2725264, 0.61304456, -13.013812), (1.8976146, 0.60945547, -12.937623), (2.5097256, 0.60453504, -12.833171), (3.1052184, 0.59838045, -12.70252), (3.6809714, 0.5911074, -12.548127), (4.2344365, 0.5828447, -12.372725), (4.7636614, 0.5737281, -12.179196), (5.2672772, 0.5638958, -11.970475), (5.7444615, 0.55348337, -11.749437), (6.1948853, 0.54262, -11.518829), (6.618644, 0.53142625, -11.281206), (-6.602342, 1.0602347, -11.253419), (-6.17898, 1.0824537, -11.489254), (-5.729119, 1.1040101, -11.718056), (-5.2526765, 1.1246655, -11.937294), (-4.7499943, 1.1441641, -12.144254), (-4.2219005, 1.1622382, -12.336094), (-3.669764, 1.1786153, -12.509923), (-3.0955312, 1.1930273, -12.662892), (-2.5017347, 1.2052205, -12.792312), (-1.8914745, 1.2149669, -12.895761), (-1.2683605, 1.2220752, -12.971209), (-0.63642484, 1.2264005, -13.017118), (0, 1.2278526, -13.03253), (0.63642484, 1.2264005, -13.017118), (1.2683605, 1.2220752, -12.971209), (1.8914745, 1.2149669, -12.895761), (2.5017347, 1.2052205, -12.792312), (3.0955312, 1.1930273, -12.662892), (3.669764, 1.1786153, -12.509923), (4.2219005, 1.1622382, -12.336094), (4.7499943, 1.1441641, -12.144254), (5.2526765, 1.1246655, -11.937294), (5.729119, 1.1040101, -11.718056), (6.17898, 1.0824537, -11.489254), (6.602342, 1.0602347, -11.253419), (-6.5754375, 1.5838712, -11.2075615), (-6.152741, 1.6167855, -11.440465), (-5.703818, 1.6487018, -11.6663065), (-5.2286096, 1.6792687, -11.882599), (-4.7274747, 1.7081096, -12.0866785), (-4.201252, 1.734831, -12.275761), (-3.6513104, 1.759033, -12.447016), (-3.079585, 1.7803224, -12.597661), (-2.488585, 1.7983282, -12.725071), (-1.8813721, 1.8127166, -12.826884), (-1.2615073, 1.8232082, -12.901123), (-0.6329619, 1.8295912, -12.94629), (0, 1.8317338, -12.961452), (0.6329619, 1.8295912, -12.94629), (1.2615073, 1.8232082, -12.901123), (1.8813721, 1.8127166, -12.826884), (2.488585, 1.7983282, -12.725071), (3.079585, 1.7803224, -12.597661), (3.6513104, 1.759033, -12.447016), (4.201252, 1.734831, -12.275761), (4.7274747, 1.7081096, -12.0866785), (5.2286096, 1.6792687, -11.882599), (5.703818, 1.6487018, -11.6663065), (6.152741, 1.6167855, -11.440465), (6.5754375, 1.5838712, -11.2075615), (-6.5383177, 2.0999067, -11.144293), (-6.116562, 2.143038, -11.373193), (-5.6689534, 2.1848323, -11.594996), (-5.195465, 2.2248316, -11.807275), (-4.6964793, 2.262547, -12.007432), (-4.1728463, 2.2974687, -12.192762), (-3.6259367, 2.329079, -12.360519), (-3.057669, 2.3568702, -12.508009), (-2.4705186, 2.3803637, -12.63269), (-1.8674968, 2.3991303, -12.7322855), (-1.2520969, 2.41281, -12.804884), (-0.62820745, 2.4211311, -12.849045), (0, 2.423924, -12.863866), (0.62820745, 2.4211311, -12.849045), (1.2520969, 2.41281, -12.804884), (1.8674968, 2.3991303, -12.7322855), (2.4705186, 2.3803637, -12.63269), (3.057669, 2.3568702, -12.508009), (3.6259367, 2.329079, -12.360519), (4.1728463, 2.2974687, -12.192762), (4.6964793, 2.262547, -12.007432), (5.195465, 2.2248316, -11.807275), (5.6689534, 2.1848323, -11.594996), (6.116562, 2.143038, -11.373193), (6.5383177, 2.0999067, -11.144293), (-6.4915032, 2.606089, -11.0645), (-6.07097, 2.6588304, -11.28842), (-5.625053, 2.709891, -11.505204), (-5.153763, 2.7587168, -11.712501), (-4.657509, 2.8047163, -11.907798), (-4.137158, 2.847274, -12.088483), (-3.5940778, 2.8857682, -12.251915), (-3.0301666, 2.919589, -12.395505), (-2.4478583, 2.948163, -12.51682), (-1.8501003, 2.9709768, -12.613679), (-1.2403015, 2.9876003, -12.684257), (-0.6222491, 2.9977095, -12.727176), (0, 3.001102, -12.74158), (0.6222491, 2.9977095, -12.727176), (1.2403015, 2.9876003, -12.684257), (1.8501003, 2.9709768, -12.613679), (2.4478583, 2.948163, -12.51682), (3.0301666, 2.919589, -12.395505), (3.5940778, 2.8857682, -12.251915), (4.137158, 2.847274, -12.088483), (4.657509, 2.8047163, -11.907798), (5.153763, 2.7587168, -11.712501), (5.625053, 2.709891, -11.505204), (6.07097, 2.6588304, -11.28842), (6.4915032, 2.606089, -11.0645), (-6.4356284, 3.100389, -10.969263), (-6.016607, 3.162026, -11.187336), (-5.572757, 3.2216368, -11.398241), (-5.104131, 3.27858, -11.599708), (-4.611171, 3.332174, -11.789325), (-4.0947576, 3.381712, -11.964592), (-3.5562563, 3.4264805, -12.122984), (-2.9975395, 3.465783, -12.262037), (-2.4209912, 3.4989657, -12.379438), (-1.8294839, 3.5254438, -12.473119), (-1.2263278, 3.544729, -12.54135), (-0.61519194, 3.5564532, -12.582831), (0, 3.5603874, -12.59675), (0.61519194, 3.5564532, -12.582831), (1.2263278, 3.544729, -12.54135), (1.8294839, 3.5254438, -12.473119), (2.4209912, 3.4989657, -12.379438), (2.9975395, 3.465783, -12.262037), (3.5562563, 3.4264805, -12.122984), (4.0947576, 3.381712, -11.964592), (4.611171, 3.332174, -11.789325), (5.104131, 3.27858, -11.599708), (5.572757, 3.2216368, -11.398241), (6.016607, 3.162026, -11.187336), (6.4356284, 3.100389, -10.969263), (-6.371419, 3.5810318, -10.85982), (-5.9542046, 3.650769, -11.071305), (-5.5127935, 3.7181337, -11.275596), (-5.047284, 3.7824094, -11.470517), (-4.5581503, 3.8428366, -11.6537695), (-4.04629, 3.8986316, -11.822972), (-3.513061, 3.9490051, -11.975735), (-2.9603062, 3.993189, -12.109727), (-2.3903518, 4.030464, -12.222767), (-1.8059853, 4.060189, -12.31291), (-1.2104069, 4.0818276, -12.378532), (-0.6071533, 4.0949783, -12.418413), (0, 4.0993905, -12.431792), (0.6071533, 4.0949783, -12.418413), (1.2104069, 4.0818276, -12.378532), (1.8059853, 4.060189, -12.31291), (2.3903518, 4.030464, -12.222767), (2.9603062, 3.993189, -12.109727), (3.513061, 3.9490051, -11.975735), (4.04629, 3.8986316, -11.822972), (4.5581503, 3.8428366, -11.6537695), (5.047284, 3.7824094, -11.470517), (5.5127935, 3.7181337, -11.275596), (5.9542046, 3.650769, -11.071305), (6.371419, 3.5810318, -10.85982)]
                        color3f[] primvars:displayColor = [(0, 0.5, 0.45)] (
                            interpolation = "constant"
                        )
                        float[] primvars:displayOpacity = [0.3] (
                            interpolation = "constant"
                        )
                        uniform token purpose = "guide"
                        uniform token subdivisionScheme = "none"
                    }

                    def Mesh "Envelope" (
                        prepend apiSchemas = ["AecoDerivedGeometryAPI", "MaterialBindingAPI"]
                    )
                    {
                        uniform token aeco:derived:approx = "tessellated"
                        uniform token aeco:derived:role = "sector"
                        string aeco:derived:source = "9b519a5b-4a53-5430-81a4-4063d64ed8bf"
                        string aeco:derived:stamp = "usdAecoCctv derive 0.5.3"
                        uniform bool doubleSided = 1
                        float3[] extent = [(-20, -20, -20), (20, 20, 0)]
                        int[] faceVertexCounts = [4, 4, 4, 4, 4, 4, 4, 4, 4, 4, 4, 4, 4, 4, 4, 4, 4, 4, 4, 4, 4, 4, 4, 4, 4, 4, 4, 4, 4, 4, 4, 4, 4, 4, 4, 4, 4, 4, 4, 4, 4, 4, 4, 4, 4, 4, 4, 4, 4, 4, 4, 4, 4, 4, 4, 4, 4, 4, 4, 4, 4, 4, 4, 4, 4, 4, 4, 4, 4, 4, 4, 4, 4, 4, 4, 4, 4, 4, 4, 4, 4, 4, 4, 4, 4, 4, 4, 4, 4, 4, 4, 4, 4, 4, 4, 4, 4, 4, 4, 4, 4, 4, 4, 4, 4, 4, 4, 4, 4, 4, 4, 4, 4, 4, 4, 4, 4, 4, 4, 4, 4, 4, 4, 4, 4, 4, 4, 4, 4, 4, 4, 4, 4, 4, 4, 4, 4, 4, 4, 4, 4, 4, 4, 4, 4, 4, 4, 4, 4, 4, 4, 4, 4, 4, 4, 4, 4, 4, 4, 4, 4, 4, 4, 4, 4, 4, 4, 4, 4, 4, 4, 4, 4, 4, 4, 4, 4, 4, 4, 4, 4, 4, 4, 4, 4, 4, 4, 4, 4, 4, 4, 4, 4, 4, 4, 4, 4, 4, 4, 4, 4, 4, 4, 4, 4, 4, 4, 4, 4, 4, 4, 4, 4, 4, 4, 4, 4, 4, 4, 4, 4, 4, 4, 4, 4, 4, 4, 4, 4, 4, 4, 4, 4, 4, 4, 4, 4, 4, 4, 4, 4, 4, 4, 4, 4, 4, 4, 4, 4, 4, 4, 4, 4, 4, 4, 4, 4, 4, 4, 4, 4, 4, 4, 4, 4, 4, 4, 4, 4, 4, 4, 4, 4, 4, 4, 4, 4, 4, 4, 4, 4, 4, 4, 4, 4, 4, 4, 4, 4, 4, 4, 4, 4, 4, 4, 4, 4, 4, 4, 4, 4, 4, 4, 4, 4, 4, 4, 4, 4, 4, 4, 4, 4, 4, 4, 4, 4, 4, 4, 4, 4, 4, 4, 4, 4, 4, 4, 4, 4, 4, 4, 4, 4, 4, 4, 4, 4, 4, 4, 4, 4, 4, 4, 4, 4, 4, 4, 4, 4, 4, 4, 4, 4, 4, 4, 4, 4, 4, 4, 4, 4, 4, 4, 4, 4, 4, 4, 4, 4, 4, 4, 4, 4, 4, 4, 4, 4, 4, 4, 4, 4, 4, 4, 4, 4, 4, 4, 4, 4, 4, 4, 4, 4, 4, 4, 4, 4, 4, 4, 4, 4, 4, 4, 4, 4, 4, 4, 4, 4, 4, 4, 4, 4, 4, 4, 4, 4, 4, 4, 4, 4, 4, 4, 4, 4, 4, 4, 4, 4, 4, 4, 4, 4, 4, 4, 4, 4, 4, 4, 4, 4, 4, 4, 4, 4, 4, 4, 4, 4, 4, 4, 4, 4, 4, 4, 4, 4, 4, 4, 4, 4, 4, 4, 4, 4, 4, 4, 4, 4, 4, 4, 4, 4, 4, 4, 4, 4, 4, 4, 4, 4, 4, 4, 4, 4, 4, 4, 4, 4, 4, 4, 4, 4, 4, 4, 4, 4, 4, 4, 4, 4, 4, 4, 4, 4, 4, 4, 4, 4, 4, 4, 4, 4, 4, 4, 4, 4, 4, 4, 4, 4, 4, 4, 4, 4, 4, 4, 4, 4, 4, 4, 4, 4, 4, 4, 4, 4, 4, 4, 4, 4, 4, 4, 4, 4, 4, 4, 4, 4, 4, 4, 4, 4, 4, 4, 4, 4, 4, 4, 4, 4, 4, 4, 4, 4, 4, 4, 4, 4, 4, 4, 4, 4, 4, 4, 4, 4, 4, 4, 4, 4, 4, 4, 4, 4, 4, 4, 4, 4, 4, 4, 4, 4, 4, 4, 4, 4, 4, 4, 4, 4, 4, 4, 4, 4, 4, 4, 4, 4, 4, 4, 4, 4, 4, 4, 4, 4, 4, 4, 4, 4, 4, 4, 4, 4, 4, 4, 4, 4, 4, 4, 4, 4, 4, 4, 4, 4, 4, 4, 4, 4, 4, 4, 4, 4, 4, 4, 4, 4, 4, 4, 4, 4, 4, 4, 4, 4, 4, 4, 4, 4, 4, 4, 4, 4, 4, 4, 4, 4, 4, 4, 4, 4, 4, 4, 4, 4, 4, 4, 4, 4, 4, 4, 4, 4, 4, 4, 4, 4, 4, 4, 4, 4, 4, 4, 4, 4, 4, 4, 4, 4, 4, 4, 4, 4, 4, 4, 4, 4, 4, 4, 4, 4, 4, 4, 4, 4, 4, 4, 4, 4, 4, 4, 4, 4, 4, 4, 4, 4, 4, 4, 4, 4, 4, 4, 4, 4, 4, 4, 4, 4, 4, 4, 4, 4, 4, 4, 4, 4, 4, 4, 4, 4, 4, 4, 4, 4, 4, 4, 4, 4, 4, 4, 4, 4, 4, 4, 4, 4, 4, 4, 4, 4, 4, 4, 4, 4, 4, 4, 4, 4, 4, 4, 4, 4, 4, 4, 4, 4, 4, 4, 4, 4, 4, 4, 4, 4, 4, 4, 4, 4, 4, 4, 4, 4, 4, 4, 4, 4, 4, 4, 4, 4, 4, 4, 4, 4, 4, 4, 4, 4, 4, 4, 4, 4, 4, 4, 4, 4, 4, 4, 4, 4, 4, 4, 4, 4, 4, 4, 4, 4, 4, 4, 4, 4, 4, 4, 4, 4, 4, 4, 4, 4, 4, 4, 4, 4, 4, 4, 4, 4, 4, 4, 4, 3, 3, 3, 3, 3, 3, 3, 3, 3, 3, 3, 3, 3, 3, 3, 3, 3, 3, 3, 3, 3, 3, 3, 3, 3, 3, 3, 3, 3, 3, 3, 3, 3, 3, 3, 3, 3, 3, 3, 3, 3, 3, 3, 3, 3, 3, 3, 3, 3, 3, 3, 3, 3, 3, 3, 3, 3, 3, 3, 3, 3, 3, 3, 3, 3, 3, 3, 3, 3, 3, 3, 3, 3, 3, 3, 3, 3, 3, 3, 3, 3, 3, 3, 3, 3, 3, 3, 3, 3, 3, 3, 3, 3, 3, 3, 3, 3, 3, 3, 3, 3, 3, 3, 3, 3, 3, 3, 3, 3, 3, 3, 3, 3, 3, 3, 3, 3, 3, 3, 3, 3, 3, 3, 3, 3, 3, 3, 3, 3, 3, 3, 3]
                        int[] faceVertexIndices = [1, 50, 51, 2, 2, 51, 52, 3, 3, 52, 53, 4, 4, 53, 54, 5, 5, 54, 55, 6, 6, 55, 56, 7, 7, 56, 57, 8, 8, 57, 58, 9, 9, 58, 59, 10, 10, 59, 60, 11, 11, 60, 61, 12, 12, 61, 62, 13, 13, 62, 63, 14, 14, 63, 64, 15, 15, 64, 65, 16, 16, 65, 66, 17, 17, 66, 67, 18, 18, 67, 68, 19, 19, 68, 69, 20, 20, 69, 70, 21, 21, 70, 71, 22, 22, 71, 72, 23, 23, 72, 73, 24, 24, 73, 74, 25, 25, 74, 75, 26, 26, 75, 76, 27, 27, 76, 77, 28, 28, 77, 78, 29, 29, 78, 79, 30, 30, 79, 80, 31, 31, 80, 81, 32, 32, 81, 82, 33, 33, 82, 83, 34, 34, 83, 84, 35, 35, 84, 85, 36, 36, 85, 86, 37, 37, 86, 87, 38, 38, 87, 88, 39, 39, 88, 89, 40, 40, 89, 90, 41, 41, 90, 91, 42, 42, 91, 92, 43, 43, 92, 93, 44, 44, 93, 94, 45, 45, 94, 95, 46, 46, 95, 96, 47, 47, 96, 97, 48, 48, 97, 98, 49, 50, 99, 100, 51, 51, 100, 101, 52, 52, 101, 102, 53, 53, 102, 103, 54, 54, 103, 104, 55, 55, 104, 105, 56, 56, 105, 106, 57, 57, 106, 107, 58, 58, 107, 108, 59, 59, 108, 109, 60, 60, 109, 110, 61, 61, 110, 111, 62, 62, 111, 112, 63, 63, 112, 113, 64, 64, 113, 114, 65, 65, 114, 115, 66, 66, 115, 116, 67, 67, 116, 117, 68, 68, 117, 118, 69, 69, 118, 119, 70, 70, 119, 120, 71, 71, 120, 121, 72, 72, 121, 122, 73, 73, 122, 123, 74, 74, 123, 124, 75, 75, 124, 125, 76, 76, 125, 126, 77, 77, 126, 127, 78, 78, 127, 128, 79, 79, 128, 129, 80, 80, 129, 130, 81, 81, 130, 131, 82, 82, 131, 132, 83, 83, 132, 133, 84, 84, 133, 134, 85, 85, 134, 135, 86, 86, 135, 136, 87, 87, 136, 137, 88, 88, 137, 138, 89, 89, 138, 139, 90, 90, 139, 140, 91, 91, 140, 141, 92, 92, 141, 142, 93, 93, 142, 143, 94, 94, 143, 144, 95, 95, 144, 145, 96, 96, 145, 146, 97, 97, 146, 147, 98, 99, 148, 149, 100, 100, 149, 150, 101, 101, 150, 151, 102, 102, 151, 152, 103, 103, 152, 153, 104, 104, 153, 154, 105, 105, 154, 155, 106, 106, 155, 156, 107, 107, 156, 157, 108, 108, 157, 158, 109, 109, 158, 159, 110, 110, 159, 160, 111, 111, 160, 161, 112, 112, 161, 162, 113, 113, 162, 163, 114, 114, 163, 164, 115, 115, 164, 165, 116, 116, 165, 166, 117, 117, 166, 167, 118, 118, 167, 168, 119, 119, 168, 169, 120, 120, 169, 170, 121, 121, 170, 171, 122, 122, 171, 172, 123, 123, 172, 173, 124, 124, 173, 174, 125, 125, 174, 175, 126, 126, 175, 176, 127, 127, 176, 177, 128, 128, 177, 178, 129, 129, 178, 179, 130, 130, 179, 180, 131, 131, 180, 181, 132, 132, 181, 182, 133, 133, 182, 183, 134, 134, 183, 184, 135, 135, 184, 185, 136, 136, 185, 186, 137, 137, 186, 187, 138, 138, 187, 188, 139, 139, 188, 189, 140, 140, 189, 190, 141, 141, 190, 191, 142, 142, 191, 192, 143, 143, 192, 193, 144, 144, 193, 194, 145, 145, 194, 195, 146, 146, 195, 196, 147, 148, 197, 198, 149, 149, 198, 199, 150, 150, 199, 200, 151, 151, 200, 201, 152, 152, 201, 202, 153, 153, 202, 203, 154, 154, 203, 204, 155, 155, 204, 205, 156, 156, 205, 206, 157, 157, 206, 207, 158, 158, 207, 208, 159, 159, 208, 209, 160, 160, 209, 210, 161, 161, 210, 211, 162, 162, 211, 212, 163, 163, 212, 213, 164, 164, 213, 214, 165, 165, 214, 215, 166, 166, 215, 216, 167, 167, 216, 217, 168, 168, 217, 218, 169, 169, 218, 219, 170, 170, 219, 220, 171, 171, 220, 221, 172, 172, 221, 222, 173, 173, 222, 223, 174, 174, 223, 224, 175, 175, 224, 225, 176, 176, 225, 226, 177, 177, 226, 227, 178, 178, 227, 228, 179, 179, 228, 229, 180, 180, 229, 230, 181, 181, 230, 231, 182, 182, 231, 232, 183, 183, 232, 233, 184, 184, 233, 234, 185, 185, 234, 235, 186, 186, 235, 236, 187, 187, 236, 237, 188, 188, 237, 238, 189, 189, 238, 239, 190, 190, 239, 240, 191, 191, 240, 241, 192, 192, 241, 242, 193, 193, 242, 243, 194, 194, 243, 244, 195, 195, 244, 245, 196, 197, 246, 247, 198, 198, 247, 248, 199, 199, 248, 249, 200, 200, 249, 250, 201, 201, 250, 251, 202, 202, 251, 252, 203, 203, 252, 253, 204, 204, 253, 254, 205, 205, 254, 255, 206, 206, 255, 256, 207, 207, 256, 257, 208, 208, 257, 258, 209, 209, 258, 259, 210, 210, 259, 260, 211, 211, 260, 261, 212, 212, 261, 262, 213, 213, 262, 263, 214, 214, 263, 264, 215, 215, 264, 265, 216, 216, 265, 266, 217, 217, 266, 267, 218, 218, 267, 268, 219, 219, 268, 269, 220, 220, 269, 270, 221, 221, 270, 271, 222, 222, 271, 272, 223, 223, 272, 273, 224, 224, 273, 274, 225, 225, 274, 275, 226, 226, 275, 276, 227, 227, 276, 277, 228, 228, 277, 278, 229, 229, 278, 279, 230, 230, 279, 280, 231, 231, 280, 281, 232, 232, 281, 282, 233, 233, 282, 283, 234, 234, 283, 284, 235, 235, 284, 285, 236, 236, 285, 286, 237, 237, 286, 287, 238, 238, 287, 288, 239, 239, 288, 289, 240, 240, 289, 290, 241, 241, 290, 291, 242, 242, 291, 292, 243, 243, 292, 293, 244, 244, 293, 294, 245, 246, 295, 296, 247, 247, 296, 297, 248, 248, 297, 298, 249, 249, 298, 299, 250, 250, 299, 300, 251, 251, 300, 301, 252, 252, 301, 302, 253, 253, 302, 303, 254, 254, 303, 304, 255, 255, 304, 305, 256, 256, 305, 306, 257, 257, 306, 307, 258, 258, 307, 308, 259, 259, 308, 309, 260, 260, 309, 310, 261, 261, 310, 311, 262, 262, 311, 312, 263, 263, 312, 313, 264, 264, 313, 314, 265, 265, 314, 315, 266, 266, 315, 316, 267, 267, 316, 317, 268, 268, 317, 318, 269, 269, 318, 319, 270, 270, 319, 320, 271, 271, 320, 321, 272, 272, 321, 322, 273, 273, 322, 323, 274, 274, 323, 324, 275, 275, 324, 325, 276, 276, 325, 326, 277, 277, 326, 327, 278, 278, 327, 328, 279, 279, 328, 329, 280, 280, 329, 330, 281, 281, 330, 331, 282, 282, 331, 332, 283, 283, 332, 333, 284, 284, 333, 334, 285, 285, 334, 335, 286, 286, 335, 336, 287, 287, 336, 337, 288, 288, 337, 338, 289, 289, 338, 339, 290, 290, 339, 340, 291, 291, 340, 341, 292, 292, 341, 342, 293, 293, 342, 343, 294, 295, 344, 345, 296, 296, 345, 346, 297, 297, 346, 347, 298, 298, 347, 348, 299, 299, 348, 349, 300, 300, 349, 350, 301, 301, 350, 351, 302, 302, 351, 352, 303, 303, 352, 353, 304, 304, 353, 354, 305, 305, 354, 355, 306, 306, 355, 356, 307, 307, 356, 357, 308, 308, 357, 358, 309, 309, 358, 359, 310, 310, 359, 360, 311, 311, 360, 361, 312, 312, 361, 362, 313, 313, 362, 363, 314, 314, 363, 364, 315, 315, 364, 365, 316, 316, 365, 366, 317, 317, 366, 367, 318, 318, 367, 368, 319, 319, 368, 369, 320, 320, 369, 370, 321, 321, 370, 371, 322, 322, 371, 372, 323, 323, 372, 373, 324, 324, 373, 374, 325, 325, 374, 375, 326, 326, 375, 376, 327, 327, 376, 377, 328, 328, 377, 378, 329, 329, 378, 379, 330, 330, 379, 380, 331, 331, 380, 381, 332, 332, 381, 382, 333, 333, 382, 383, 334, 334, 383, 384, 335, 335, 384, 385, 336, 336, 385, 386, 337, 337, 386, 387, 338, 338, 387, 388, 339, 339, 388, 389, 340, 340, 389, 390, 341, 341, 390, 391, 342, 342, 391, 392, 343, 344, 393, 394, 345, 345, 394, 395, 346, 346, 395, 396, 347, 347, 396, 397, 348, 348, 397, 398, 349, 349, 398, 399, 350, 350, 399, 400, 351, 351, 400, 401, 352, 352, 401, 402, 353, 353, 402, 403, 354, 354, 403, 404, 355, 355, 404, 405, 356, 356, 405, 406, 357, 357, 406, 407, 358, 358, 407, 408, 359, 359, 408, 409, 360, 360, 409, 410, 361, 361, 410, 411, 362, 362, 411, 412, 363, 363, 412, 413, 364, 364, 413, 414, 365, 365, 414, 415, 366, 366, 415, 416, 367, 367, 416, 417, 368, 368, 417, 418, 369, 369, 418, 419, 370, 370, 419, 420, 371, 371, 420, 421, 372, 372, 421, 422, 373, 373, 422, 423, 374, 374, 423, 424, 375, 375, 424, 425, 376, 376, 425, 426, 377, 377, 426, 427, 378, 378, 427, 428, 379, 379, 428, 429, 380, 380, 429, 430, 381, 381, 430, 431, 382, 382, 431, 432, 383, 383, 432, 433, 384, 384, 433, 434, 385, 385, 434, 435, 386, 386, 435, 436, 387, 387, 436, 437, 388, 388, 437, 438, 389, 389, 438, 439, 390, 390, 439, 440, 391, 391, 440, 441, 392, 393, 442, 443, 394, 394, 443, 444, 395, 395, 444, 445, 396, 396, 445, 446, 397, 397, 446, 447, 398, 398, 447, 448, 399, 399, 448, 449, 400, 400, 449, 450, 401, 401, 450, 451, 402, 402, 451, 452, 403, 403, 452, 453, 404, 404, 453, 454, 405, 405, 454, 455, 406, 406, 455, 456, 407, 407, 456, 457, 408, 408, 457, 458, 409, 409, 458, 459, 410, 410, 459, 460, 411, 411, 460, 461, 412, 412, 461, 462, 413, 413, 462, 463, 414, 414, 463, 464, 415, 415, 464, 465, 416, 416, 465, 466, 417, 417, 466, 467, 418, 418, 467, 468, 419, 419, 468, 469, 420, 420, 469, 470, 421, 421, 470, 471, 422, 422, 471, 472, 423, 423, 472, 473, 424, 424, 473, 474, 425, 425, 474, 475, 426, 426, 475, 476, 427, 427, 476, 477, 428, 428, 477, 478, 429, 429, 478, 479, 430, 430, 479, 480, 431, 431, 480, 481, 432, 432, 481, 482, 433, 433, 482, 483, 434, 434, 483, 484, 435, 435, 484, 485, 436, 436, 485, 486, 437, 437, 486, 487, 438, 438, 487, 488, 439, 439, 488, 489, 440, 440, 489, 490, 441, 442, 491, 492, 443, 443, 492, 493, 444, 444, 493, 494, 445, 445, 494, 495, 446, 446, 495, 496, 447, 447, 496, 497, 448, 448, 497, 498, 449, 449, 498, 499, 450, 450, 499, 500, 451, 451, 500, 501, 452, 452, 501, 502, 453, 453, 502, 503, 454, 454, 503, 504, 455, 455, 504, 505, 456, 456, 505, 506, 457, 457, 506, 507, 458, 458, 507, 508, 459, 459, 508, 509, 460, 460, 509, 510, 461, 461, 510, 511, 462, 462, 511, 512, 463, 463, 512, 513, 464, 464, 513, 514, 465, 465, 514, 515, 466, 466, 515, 516, 467, 467, 516, 517, 468, 468, 517, 518, 469, 469, 518, 519, 470, 470, 519, 520, 471, 471, 520, 521, 472, 472, 521, 522, 473, 473, 522, 523, 474, 474, 523, 524, 475, 475, 524, 525, 476, 476, 525, 526, 477, 477, 526, 527, 478, 478, 527, 528, 479, 479, 528, 529, 480, 480, 529, 530, 481, 481, 530, 531, 482, 482, 531, 532, 483, 483, 532, 533, 484, 484, 533, 534, 485, 485, 534, 535, 486, 486, 535, 536, 487, 487, 536, 537, 488, 488, 537, 538, 489, 489, 538, 539, 490, 491, 540, 541, 492, 492, 541, 542, 493, 493, 542, 543, 494, 494, 543, 544, 495, 495, 544, 545, 496, 496, 545, 546, 497, 497, 546, 547, 498, 498, 547, 548, 499, 499, 548, 549, 500, 500, 549, 550, 501, 501, 550, 551, 502, 502, 551, 552, 503, 503, 552, 553, 504, 504, 553, 554, 505, 505, 554, 555, 506, 506, 555, 556, 507, 507, 556, 557, 508, 508, 557, 558, 509, 509, 558, 559, 510, 510, 559, 560, 511, 511, 560, 561, 512, 512, 561, 562, 513, 513, 562, 563, 514, 514, 563, 564, 515, 515, 564, 565, 516, 516, 565, 566, 517, 517, 566, 567, 518, 518, 567, 568, 519, 519, 568, 569, 520, 520, 569, 570, 521, 521, 570, 571, 522, 522, 571, 572, 523, 523, 572, 573, 524, 524, 573, 574, 525, 525, 574, 575, 526, 526, 575, 576, 527, 527, 576, 577, 528, 528, 577, 578, 529, 529, 578, 579, 530, 530, 579, 580, 531, 531, 580, 581, 532, 532, 581, 582, 533, 533, 582, 583, 534, 534, 583, 584, 535, 535, 584, 585, 536, 536, 585, 586, 537, 537, 586, 587, 538, 538, 587, 588, 539, 540, 589, 590, 541, 541, 590, 591, 542, 542, 591, 592, 543, 543, 592, 593, 544, 544, 593, 594, 545, 545, 594, 595, 546, 546, 595, 596, 547, 547, 596, 597, 548, 548, 597, 598, 549, 549, 598, 599, 550, 550, 599, 600, 551, 551, 600, 601, 552, 552, 601, 602, 553, 553, 602, 603, 554, 554, 603, 604, 555, 555, 604, 605, 556, 556, 605, 606, 557, 557, 606, 607, 558, 558, 607, 608, 559, 559, 608, 609, 560, 560, 609, 610, 561, 561, 610, 611, 562, 562, 611, 612, 563, 563, 612, 613, 564, 564, 613, 614, 565, 565, 614, 615, 566, 566, 615, 616, 567, 567, 616, 617, 568, 568, 617, 618, 569, 569, 618, 619, 570, 570, 619, 620, 571, 571, 620, 621, 572, 572, 621, 622, 573, 573, 622, 623, 574, 574, 623, 624, 575, 575, 624, 625, 576, 576, 625, 626, 577, 577, 626, 627, 578, 578, 627, 628, 579, 579, 628, 629, 580, 580, 629, 630, 581, 581, 630, 631, 582, 582, 631, 632, 583, 583, 632, 633, 584, 584, 633, 634, 585, 585, 634, 635, 586, 586, 635, 636, 587, 587, 636, 637, 588, 589, 638, 639, 590, 590, 639, 640, 591, 591, 640, 641, 592, 592, 641, 642, 593, 593, 642, 643, 594, 594, 643, 644, 595, 595, 644, 645, 596, 596, 645, 646, 597, 597, 646, 647, 598, 598, 647, 648, 599, 599, 648, 649, 600, 600, 649, 650, 601, 601, 650, 651, 602, 602, 651, 652, 603, 603, 652, 653, 604, 604, 653, 654, 605, 605, 654, 655, 606, 606, 655, 656, 607, 607, 656, 657, 608, 608, 657, 658, 609, 609, 658, 659, 610, 610, 659, 660, 611, 611, 660, 661, 612, 612, 661, 662, 613, 613, 662, 663, 614, 614, 663, 664, 615, 615, 664, 665, 616, 616, 665, 666, 617, 617, 666, 667, 618, 618, 667, 668, 619, 619, 668, 669, 620, 620, 669, 670, 621, 621, 670, 671, 622, 622, 671, 672, 623, 623, 672, 673, 624, 624, 673, 674, 625, 625, 674, 675, 626, 626, 675, 676, 627, 627, 676, 677, 628, 628, 677, 678, 629, 629, 678, 679, 630, 630, 679, 680, 631, 631, 680, 681, 632, 632, 681, 682, 633, 633, 682, 683, 634, 634, 683, 684, 635, 635, 684, 685, 636, 636, 685, 686, 637, 638, 687, 688, 639, 639, 688, 689, 640, 640, 689, 690, 641, 641, 690, 691, 642, 642, 691, 692, 643, 643, 692, 693, 644, 644, 693, 694, 645, 645, 694, 695, 646, 646, 695, 696, 647, 647, 696, 697, 648, 648, 697, 698, 649, 649, 698, 699, 650, 650, 699, 700, 651, 651, 700, 701, 652, 652, 701, 702, 653, 653, 702, 703, 654, 654, 703, 704, 655, 655, 704, 705, 656, 656, 705, 706, 657, 657, 706, 707, 658, 658, 707, 708, 659, 659, 708, 709, 660, 660, 709, 710, 661, 661, 710, 711, 662, 662, 711, 712, 663, 663, 712, 713, 664, 664, 713, 714, 665, 665, 714, 715, 666, 666, 715, 716, 667, 667, 716, 717, 668, 668, 717, 718, 669, 669, 718, 719, 670, 670, 719, 720, 671, 671, 720, 721, 672, 672, 721, 722, 673, 673, 722, 723, 674, 674, 723, 724, 675, 675, 724, 725, 676, 676, 725, 726, 677, 677, 726, 727, 678, 678, 727, 728, 679, 679, 728, 729, 680, 680, 729, 730, 681, 681, 730, 731, 682, 682, 731, 732, 683, 683, 732, 733, 684, 684, 733, 734, 685, 685, 734, 735, 686, 687, 736, 737, 688, 688, 737, 738, 689, 689, 738, 739, 690, 690, 739, 740, 691, 691, 740, 741, 692, 692, 741, 742, 693, 693, 742, 743, 694, 694, 743, 744, 695, 695, 744, 745, 696, 696, 745, 746, 697, 697, 746, 747, 698, 698, 747, 748, 699, 699, 748, 749, 700, 700, 749, 750, 701, 701, 750, 751, 702, 702, 751, 752, 703, 703, 752, 753, 704, 704, 753, 754, 705, 705, 754, 755, 706, 706, 755, 756, 707, 707, 756, 757, 708, 708, 757, 758, 709, 709, 758, 759, 710, 710, 759, 760, 711, 711, 760, 761, 712, 712, 761, 762, 713, 713, 762, 763, 714, 714, 763, 764, 715, 715, 764, 765, 716, 716, 765, 766, 717, 717, 766, 767, 718, 718, 767, 768, 719, 719, 768, 769, 720, 720, 769, 770, 721, 721, 770, 771, 722, 722, 771, 772, 723, 723, 772, 773, 724, 724, 773, 774, 725, 725, 774, 775, 726, 726, 775, 776, 727, 727, 776, 777, 728, 728, 777, 778, 729, 729, 778, 779, 730, 730, 779, 780, 731, 731, 780, 781, 732, 732, 781, 782, 733, 733, 782, 783, 734, 734, 783, 784, 735, 736, 785, 786, 737, 737, 786, 787, 738, 738, 787, 788, 739, 739, 788, 789, 740, 740, 789, 790, 741, 741, 790, 791, 742, 742, 791, 792, 743, 743, 792, 793, 744, 744, 793, 794, 745, 745, 794, 795, 746, 746, 795, 796, 747, 747, 796, 797, 748, 748, 797, 798, 749, 749, 798, 799, 750, 750, 799, 800, 751, 751, 800, 801, 752, 752, 801, 802, 753, 753, 802, 803, 754, 754, 803, 804, 755, 755, 804, 805, 756, 756, 805, 806, 757, 757, 806, 807, 758, 758, 807, 808, 759, 759, 808, 809, 760, 760, 809, 810, 761, 761, 810, 811, 762, 762, 811, 812, 763, 763, 812, 813, 764, 764, 813, 814, 765, 765, 814, 815, 766, 766, 815, 816, 767, 767, 816, 817, 768, 768, 817, 818, 769, 769, 818, 819, 770, 770, 819, 820, 771, 771, 820, 821, 772, 772, 821, 822, 773, 773, 822, 823, 774, 774, 823, 824, 775, 775, 824, 825, 776, 776, 825, 826, 777, 777, 826, 827, 778, 778, 827, 828, 779, 779, 828, 829, 780, 780, 829, 830, 781, 781, 830, 831, 782, 782, 831, 832, 783, 783, 832, 833, 784, 785, 834, 835, 786, 786, 835, 836, 787, 787, 836, 837, 788, 788, 837, 838, 789, 789, 838, 839, 790, 790, 839, 840, 791, 791, 840, 841, 792, 792, 841, 842, 793, 793, 842, 843, 794, 794, 843, 844, 795, 795, 844, 845, 796, 796, 845, 846, 797, 797, 846, 847, 798, 798, 847, 848, 799, 799, 848, 849, 800, 800, 849, 850, 801, 801, 850, 851, 802, 802, 851, 852, 803, 803, 852, 853, 804, 804, 853, 854, 805, 805, 854, 855, 806, 806, 855, 856, 807, 807, 856, 857, 808, 808, 857, 858, 809, 809, 858, 859, 810, 810, 859, 860, 811, 811, 860, 861, 812, 812, 861, 862, 813, 813, 862, 863, 814, 814, 863, 864, 815, 815, 864, 865, 816, 816, 865, 866, 817, 817, 866, 867, 818, 818, 867, 868, 819, 819, 868, 869, 820, 820, 869, 870, 821, 821, 870, 871, 822, 822, 871, 872, 823, 823, 872, 873, 824, 824, 873, 874, 825, 825, 874, 875, 826, 826, 875, 876, 827, 827, 876, 877, 828, 828, 877, 878, 829, 829, 878, 879, 830, 830, 879, 880, 831, 831, 880, 881, 832, 832, 881, 882, 833, 834, 883, 884, 835, 835, 884, 885, 836, 836, 885, 886, 837, 837, 886, 887, 838, 838, 887, 888, 839, 839, 888, 889, 840, 840, 889, 890, 841, 841, 890, 891, 842, 842, 891, 892, 843, 843, 892, 893, 844, 844, 893, 894, 845, 845, 894, 895, 846, 846, 895, 896, 847, 847, 896, 897, 848, 848, 897, 898, 849, 849, 898, 899, 850, 850, 899, 900, 851, 851, 900, 901, 852, 852, 901, 902, 853, 853, 902, 903, 854, 854, 903, 904, 855, 855, 904, 905, 856, 856, 905, 906, 857, 857, 906, 907, 858, 858, 907, 908, 859, 859, 908, 909, 860, 860, 909, 910, 861, 861, 910, 911, 862, 862, 911, 912, 863, 863, 912, 913, 864, 864, 913, 914, 865, 865, 914, 915, 866, 866, 915, 916, 867, 867, 916, 917, 868, 868, 917, 918, 869, 869, 918, 919, 870, 870, 919, 920, 871, 871, 920, 921, 872, 872, 921, 922, 873, 873, 922, 923, 874, 874, 923, 924, 875, 875, 924, 925, 876, 876, 925, 926, 877, 877, 926, 927, 878, 878, 927, 928, 879, 879, 928, 929, 880, 880, 929, 930, 881, 881, 930, 931, 882, 0, 1, 2, 0, 2, 3, 0, 3, 4, 0, 4, 5, 0, 5, 6, 0, 6, 7, 0, 7, 8, 0, 8, 9, 0, 9, 10, 0, 10, 11, 0, 11, 12, 0, 12, 13, 0, 13, 14, 0, 14, 15, 0, 15, 16, 0, 16, 17, 0, 17, 18, 0, 18, 19, 0, 19, 20, 0, 20, 21, 0, 21, 22, 0, 22, 23, 0, 23, 24, 0, 24, 25, 0, 25, 26, 0, 26, 27, 0, 27, 28, 0, 28, 29, 0, 29, 30, 0, 30, 31, 0, 31, 32, 0, 32, 33, 0, 33, 34, 0, 34, 35, 0, 35, 36, 0, 36, 37, 0, 37, 38, 0, 38, 39, 0, 39, 40, 0, 40, 41, 0, 41, 42, 0, 42, 43, 0, 43, 44, 0, 44, 45, 0, 45, 46, 0, 46, 47, 0, 47, 48, 0, 48, 49, 0, 884, 883, 0, 885, 884, 0, 886, 885, 0, 887, 886, 0, 888, 887, 0, 889, 888, 0, 890, 889, 0, 891, 890, 0, 892, 891, 0, 893, 892, 0, 894, 893, 0, 895, 894, 0, 896, 895, 0, 897, 896, 0, 898, 897, 0, 899, 898, 0, 900, 899, 0, 901, 900, 0, 902, 901, 0, 903, 902, 0, 904, 903, 0, 905, 904, 0, 906, 905, 0, 907, 906, 0, 908, 907, 0, 909, 908, 0, 910, 909, 0, 911, 910, 0, 912, 911, 0, 913, 912, 0, 914, 913, 0, 915, 914, 0, 916, 915, 0, 917, 916, 0, 918, 917, 0, 919, 918, 0, 920, 919, 0, 921, 920, 0, 922, 921, 0, 923, 922, 0, 924, 923, 0, 925, 924, 0, 926, 925, 0, 927, 926, 0, 928, 927, 0, 929, 928, 0, 930, 929, 0, 931, 930, 0, 50, 1, 0, 99, 50, 0, 148, 99, 0, 197, 148, 0, 246, 197, 0, 295, 246, 0, 344, 295, 0, 393, 344, 0, 442, 393, 0, 491, 442, 0, 540, 491, 0, 589, 540, 0, 638, 589, 0, 687, 638, 0, 736, 687, 0, 785, 736, 0, 834, 785, 0, 883, 834, 0, 49, 98, 0, 98, 147, 0, 147, 196, 0, 196, 245, 0, 245, 294, 0, 294, 343, 0, 343, 392, 0, 392, 441, 0, 441, 490, 0, 490, 539, 0, 539, 588, 0, 588, 637, 0, 637, 686, 0, 686, 735, 0, 735, 784, 0, 784, 833, 0, 833, 882, 0, 882, 931]
                        rel material:binding = </AecoCctvLooks/Envelope>
                        point3f[] points = [(0, 0, 0), (-20, -2.4492936e-15, -0), (-19.828897, -2.610524, -0), (-19.318516, -5.176381, -0), (-18.47759, -7.653669, -0), (-17.320509, -10, -0), (-15.867066, -12.175228, -0), (-14.142136, -14.142136, -0), (-12.175228, -15.867066, -0), (-10, -17.320509, -0), (-7.653669, -18.47759, -0), (-5.176381, -19.318516, -0), (-2.610524, -19.828897, -0), (1.2246468e-15, -20, -0), (2.610524, -19.828897, -0), (5.176381, -19.318516, -0), (7.653669, -18.47759, -0), (10, -17.320509, -0), (12.175228, -15.867066, -0), (14.142136, -14.142136, -0), (15.867066, -12.175228, -0), (17.320509, -10, -0), (18.47759, -7.653669, -0), (19.318516, -5.176381, -0), (19.828897, -2.610524, -0), (20, 0, -0), (19.828897, 2.610524, -0), (19.318516, 5.176381, -0), (18.47759, 7.653669, -0), (17.320509, 10, -0), (15.867066, 12.175228, -0), (14.142136, 14.142136, -0), (12.175228, 15.867066, -0), (10, 17.320509, -0), (7.653669, 18.47759, -0), (5.176381, 19.318516, -0), (2.610524, 19.828897, -0), (1.2246468e-15, 20, -0), (-2.610524, 19.828897, -0), (-5.176381, 19.318516, -0), (-7.653669, 18.47759, -0), (-10, 17.320509, -0), (-12.175228, 15.867066, -0), (-14.142136, 14.142136, -0), (-15.867066, 12.175228, -0), (-17.320509, 10, -0), (-18.47759, 7.653669, -0), (-19.318516, 5.176381, -0), (-19.828897, 2.610524, -0), (-20, 2.4492936e-15, -0), (-19.923895, -2.4399733e-15, -1.7431148), (-19.753443, -2.60059, -1.7431148), (-19.245005, -5.1566834, -1.7431148), (-18.407278, -7.624544, -1.7431148), (-17.254599, -9.961947, -1.7431148), (-15.806687, -12.128899, -1.7431148), (-14.088321, -14.088321, -1.7431148), (-12.128899, -15.806687, -1.7431148), (-9.961947, -17.254599, -1.7431148), (-7.624544, -18.407278, -1.7431148), (-5.1566834, -19.245005, -1.7431148), (-2.60059, -19.753443, -1.7431148), (1.2199866e-15, -19.923895, -1.7431148), (2.60059, -19.753443, -1.7431148), (5.1566834, -19.245005, -1.7431148), (7.624544, -18.407278, -1.7431148), (9.961947, -17.254599, -1.7431148), (12.128899, -15.806687, -1.7431148), (14.088321, -14.088321, -1.7431148), (15.806687, -12.128899, -1.7431148), (17.254599, -9.961947, -1.7431148), (18.407278, -7.624544, -1.7431148), (19.245005, -5.1566834, -1.7431148), (19.753443, -2.60059, -1.7431148), (19.923895, 0, -1.7431148), (19.753443, 2.60059, -1.7431148), (19.245005, 5.1566834, -1.7431148), (18.407278, 7.624544, -1.7431148), (17.254599, 9.961947, -1.7431148), (15.806687, 12.128899, -1.7431148), (14.088321, 14.088321, -1.7431148), (12.128899, 15.806687, -1.7431148), (9.961947, 17.254599, -1.7431148), (7.624544, 18.407278, -1.7431148), (5.1566834, 19.245005, -1.7431148), (2.60059, 19.753443, -1.7431148), (1.2199866e-15, 19.923895, -1.7431148), (-2.60059, 19.753443, -1.7431148), (-5.1566834, 19.245005, -1.7431148), (-7.624544, 18.407278, -1.7431148), (-9.961947, 17.254599, -1.7431148), (-12.128899, 15.806687, -1.7431148), (-14.088321, 14.088321, -1.7431148), (-15.806687, 12.128899, -1.7431148), (-17.254599, 9.961947, -1.7431148), (-18.407278, 7.624544, -1.7431148), (-19.245005, 5.1566834, -1.7431148), (-19.753443, 2.60059, -1.7431148), (-19.923895, 2.4399733e-15, -1.7431148), (-19.696156, -2.4120832e-15, -3.4729636), (-19.52765, -2.5708642, -3.4729636), (-19.025024, -5.09774, -3.4729636), (-18.196875, -7.537392, -3.4729636), (-17.057371, -9.848078, -3.4729636), (-15.62601, -11.990259, -3.4729636), (-13.927285, -13.927285, -3.4729636), (-11.990259, -15.62601, -3.4729636), (-9.848078, -17.057371, -3.4729636), (-7.537392, -18.196875, -3.4729636), (-5.09774, -19.025024, -3.4729636), (-2.5708642, -19.52765, -3.4729636), (1.2060416e-15, -19.696156, -3.4729636), (2.5708642, -19.52765, -3.4729636), (5.09774, -19.025024, -3.4729636), (7.537392, -18.196875, -3.4729636), (9.848078, -17.057371, -3.4729636), (11.990259, -15.62601, -3.4729636), (13.927285, -13.927285, -3.4729636), (15.62601, -11.990259, -3.4729636), (17.057371, -9.848078, -3.4729636), (18.196875, -7.537392, -3.4729636), (19.025024, -5.09774, -3.4729636), (19.52765, -2.5708642, -3.4729636), (19.696156, 0, -3.4729636), (19.52765, 2.5708642, -3.4729636), (19.025024, 5.09774, -3.4729636), (18.196875, 7.537392, -3.4729636), (17.057371, 9.848078, -3.4729636), (15.62601, 11.990259, -3.4729636), (13.927285, 13.927285, -3.4729636), (11.990259, 15.62601, -3.4729636), (9.848078, 17.057371, -3.4729636), (7.537392, 18.196875, -3.4729636), (5.09774, 19.025024, -3.4729636), (2.5708642, 19.52765, -3.4729636), (1.2060416e-15, 19.696156, -3.4729636), (-2.5708642, 19.52765, -3.4729636), (-5.09774, 19.025024, -3.4729636), (-7.537392, 18.196875, -3.4729636), (-9.848078, 17.057371, -3.4729636), (-11.990259, 15.62601, -3.4729636), (-13.927285, 13.927285, -3.4729636), (-15.62601, 11.990259, -3.4729636), (-17.057371, 9.848078, -3.4729636), (-18.196875, 7.537392, -3.4729636), (-19.025024, 5.09774, -3.4729636), (-19.52765, 2.5708642, -3.4729636), (-19.696156, 2.4120832e-15, -3.4729636), (-19.318516, -2.3658359e-15, -5.176381), (-19.153244, -2.5215724, -5.176381), (-18.660254, -5, -5.176381), (-17.847982, -7.392876, -5.176381), (-16.730326, -9.659258, -5.176381), (-15.326409, -11.760367, -5.176381), (-13.6602545, -13.6602545, -5.176381), (-11.760367, -15.326409, -5.176381), (-9.659258, -16.730326, -5.176381), (-7.392876, -17.847982, -5.176381), (-5, -18.660254, -5.176381), (-2.5215724, -19.153244, -5.176381), (1.1829179e-15, -19.318516, -5.176381), (2.5215724, -19.153244, -5.176381), (5, -18.660254, -5.176381), (7.392876, -17.847982, -5.176381), (9.659258, -16.730326, -5.176381), (11.760367, -15.326409, -5.176381), (13.6602545, -13.6602545, -5.176381), (15.326409, -11.760367, -5.176381), (16.730326, -9.659258, -5.176381), (17.847982, -7.392876, -5.176381), (18.660254, -5, -5.176381), (19.153244, -2.5215724, -5.176381), (19.318516, 0, -5.176381), (19.153244, 2.5215724, -5.176381), (18.660254, 5, -5.176381), (17.847982, 7.392876, -5.176381), (16.730326, 9.659258, -5.176381), (15.326409, 11.760367, -5.176381), (13.6602545, 13.6602545, -5.176381), (11.760367, 15.326409, -5.176381), (9.659258, 16.730326, -5.176381), (7.392876, 17.847982, -5.176381), (5, 18.660254, -5.176381), (2.5215724, 19.153244, -5.176381), (1.1829179e-15, 19.318516, -5.176381), (-2.5215724, 19.153244, -5.176381), (-5, 18.660254, -5.176381), (-7.392876, 17.847982, -5.176381), (-9.659258, 16.730326, -5.176381), (-11.760367, 15.326409, -5.176381), (-13.6602545, 13.6602545, -5.176381), (-15.326409, 11.760367, -5.176381), (-16.730326, 9.659258, -5.176381), (-17.847982, 7.392876, -5.176381), (-18.660254, 5, -5.176381), (-19.153244, 2.5215724, -5.176381), (-19.318516, 2.3658359e-15, -5.176381), (-18.793852, -2.3015831e-15, -6.840403), (-18.633068, -2.45309, -6.840403), (-18.153467, -4.864207, -6.840403), (-17.363256, -7.1920958, -6.840403), (-16.275953, -9.396926, -6.840403), (-14.910166, -11.440972, -6.840403), (-13.289261, -13.289261, -6.840403), (-11.440972, -14.910166, -6.840403), (-9.396926, -16.275953, -6.840403), (-7.1920958, -17.363256, -6.840403), (-4.864207, -18.153467, -6.840403), (-2.45309, -18.633068, -6.840403), (1.1507916e-15, -18.793852, -6.840403), (2.45309, -18.633068, -6.840403), (4.864207, -18.153467, -6.840403), (7.1920958, -17.363256, -6.840403), (9.396926, -16.275953, -6.840403), (11.440972, -14.910166, -6.840403), (13.289261, -13.289261, -6.840403), (14.910166, -11.440972, -6.840403), (16.275953, -9.396926, -6.840403), (17.363256, -7.1920958, -6.840403), (18.153467, -4.864207, -6.840403), (18.633068, -2.45309, -6.840403), (18.793852, 0, -6.840403), (18.633068, 2.45309, -6.840403), (18.153467, 4.864207, -6.840403), (17.363256, 7.1920958, -6.840403), (16.275953, 9.396926, -6.840403), (14.910166, 11.440972, -6.840403), (13.289261, 13.289261, -6.840403), (11.440972, 14.910166, -6.840403), (9.396926, 16.275953, -6.840403), (7.1920958, 17.363256, -6.840403), (4.864207, 18.153467, -6.840403), (2.45309, 18.633068, -6.840403), (1.1507916e-15, 18.793852, -6.840403), (-2.45309, 18.633068, -6.840403), (-4.864207, 18.153467, -6.840403), (-7.1920958, 17.363256, -6.840403), (-9.396926, 16.275953, -6.840403), (-11.440972, 14.910166, -6.840403), (-13.289261, 13.289261, -6.840403), (-14.910166, 11.440972, -6.840403), (-16.275953, 9.396926, -6.840403), (-17.363256, 7.1920958, -6.840403), (-18.153467, 4.864207, -6.840403), (-18.633068, 2.45309, -6.840403), (-18.793852, 2.3015831e-15, -6.840403), (-18.126156, -2.219814e-15, -8.452365), (-17.971085, -2.3659382, -8.452365), (-17.508522, -4.6913943, -8.452365), (-16.746384, -6.9365797, -8.452365), (-15.697711, -9.063078, -8.452365), (-14.380446, -11.034505, -8.452365), (-12.817127, -12.817127, -8.452365), (-11.034505, -14.380446, -8.452365), (-9.063078, -15.697711, -8.452365), (-6.9365797, -16.746384, -8.452365), (-4.6913943, -17.508522, -8.452365), (-2.3659382, -17.971085, -8.452365), (1.109907e-15, -18.126156, -8.452365), (2.3659382, -17.971085, -8.452365), (4.6913943, -17.508522, -8.452365), (6.9365797, -16.746384, -8.452365), (9.063078, -15.697711, -8.452365), (11.034505, -14.380446, -8.452365), (12.817127, -12.817127, -8.452365), (14.380446, -11.034505, -8.452365), (15.697711, -9.063078, -8.452365), (16.746384, -6.9365797, -8.452365), (17.508522, -4.6913943, -8.452365), (17.971085, -2.3659382, -8.452365), (18.126156, 0, -8.452365), (17.971085, 2.3659382, -8.452365), (17.508522, 4.6913943, -8.452365), (16.746384, 6.9365797, -8.452365), (15.697711, 9.063078, -8.452365), (14.380446, 11.034505, -8.452365), (12.817127, 12.817127, -8.452365), (11.034505, 14.380446, -8.452365), (9.063078, 15.697711, -8.452365), (6.9365797, 16.746384, -8.452365), (4.6913943, 17.508522, -8.452365), (2.3659382, 17.971085, -8.452365), (1.109907e-15, 18.126156, -8.452365), (-2.3659382, 17.971085, -8.452365), (-4.6913943, 17.508522, -8.452365), (-6.9365797, 16.746384, -8.452365), (-9.063078, 15.697711, -8.452365), (-11.034505, 14.380446, -8.452365), (-12.817127, 12.817127, -8.452365), (-14.380446, 11.034505, -8.452365), (-15.697711, 9.063078, -8.452365), (-16.746384, 6.9365797, -8.452365), (-17.508522, 4.6913943, -8.452365), (-17.971085, 2.3659382, -8.452365), (-18.126156, 2.219814e-15, -8.452365), (-17.320509, -2.1211505e-15, -10), (-17.172329, -2.2607799, -10), (-16.730326, -4.4828773, -10), (-16.002064, -6.6282716, -10), (-15, -8.6602545, -10), (-13.741282, -10.544057, -10), (-12.247449, -12.247449, -10), (-10.544057, -13.741282, -10), (-8.6602545, -15, -10), (-6.6282716, -16.002064, -10), (-4.4828773, -16.730326, -10), (-2.2607799, -17.172329, -10), (1.0605752e-15, -17.320509, -10), (2.2607799, -17.172329, -10), (4.4828773, -16.730326, -10), (6.6282716, -16.002064, -10), (8.6602545, -15, -10), (10.544057, -13.741282, -10), (12.247449, -12.247449, -10), (13.741282, -10.544057, -10), (15, -8.6602545, -10), (16.002064, -6.6282716, -10), (16.730326, -4.4828773, -10), (17.172329, -2.2607799, -10), (17.320509, 0, -10), (17.172329, 2.2607799, -10), (16.730326, 4.4828773, -10), (16.002064, 6.6282716, -10), (15, 8.6602545, -10), (13.741282, 10.544057, -10), (12.247449, 12.247449, -10), (10.544057, 13.741282, -10), (8.6602545, 15, -10), (6.6282716, 16.002064, -10), (4.4828773, 16.730326, -10), (2.2607799, 17.172329, -10), (1.0605752e-15, 17.320509, -10), (-2.2607799, 17.172329, -10), (-4.4828773, 16.730326, -10), (-6.6282716, 16.002064, -10), (-8.6602545, 15, -10), (-10.544057, 13.741282, -10), (-12.247449, 12.247449, -10), (-13.741282, 10.544057, -10), (-15, 8.6602545, -10), (-16.002064, 6.6282716, -10), (-16.730326, 4.4828773, -10), (-17.172329, 2.2607799, -10), (-17.320509, 2.1211505e-15, -10), (-16.383041, -2.0063439e-15, -11.471529), (-16.242882, -2.138416, -11.471529), (-15.824802, -4.240243, -11.471529), (-15.135956, -6.2695184, -11.471529), (-14.188129, -8.191521, -11.471529), (-12.99754, -9.973363, -11.471529), (-11.584559, -11.584559, -11.471529), (-9.973363, -12.99754, -11.471529), (-8.191521, -14.188129, -11.471529), (-6.2695184, -15.135956, -11.471529), (-4.240243, -15.824802, -11.471529), (-2.138416, -16.242882, -11.471529), (1.0031719e-15, -16.383041, -11.471529), (2.138416, -16.242882, -11.471529), (4.240243, -15.824802, -11.471529), (6.2695184, -15.135956, -11.471529), (8.191521, -14.188129, -11.471529), (9.973363, -12.99754, -11.471529), (11.584559, -11.584559, -11.471529), (12.99754, -9.973363, -11.471529), (14.188129, -8.191521, -11.471529), (15.135956, -6.2695184, -11.471529), (15.824802, -4.240243, -11.471529), (16.242882, -2.138416, -11.471529), (16.383041, 0, -11.471529), (16.242882, 2.138416, -11.471529), (15.824802, 4.240243, -11.471529), (15.135956, 6.2695184, -11.471529), (14.188129, 8.191521, -11.471529), (12.99754, 9.973363, -11.471529), (11.584559, 11.584559, -11.471529), (9.973363, 12.99754, -11.471529), (8.191521, 14.188129, -11.471529), (6.2695184, 15.135956, -11.471529), (4.240243, 15.824802, -11.471529), (2.138416, 16.242882, -11.471529), (1.0031719e-15, 16.383041, -11.471529), (-2.138416, 16.242882, -11.471529), (-4.240243, 15.824802, -11.471529), (-6.2695184, 15.135956, -11.471529), (-8.191521, 14.188129, -11.471529), (-9.973363, 12.99754, -11.471529), (-11.584559, 11.584559, -11.471529), (-12.99754, 9.973363, -11.471529), (-14.188129, 8.191521, -11.471529), (-15.135956, 6.2695184, -11.471529), (-15.824802, 4.240243, -11.471529), (-16.242882, 2.138416, -11.471529), (-16.383041, 2.0063439e-15, -11.471529), (-15.3208885, -1.8762678e-15, -12.855752), (-15.189816, -1.9997773, -12.855752), (-14.798842, -3.9653378, -12.855752), (-14.154655, -5.8630505, -12.855752), (-13.268279, -7.6604443, -12.855752), (-12.154879, -9.326766, -12.855752), (-10.833505, -10.833505, -12.855752), (-9.326766, -12.154879, -12.855752), (-7.6604443, -13.268279, -12.855752), (-5.8630505, -14.154655, -12.855752), (-3.9653378, -14.798842, -12.855752), (-1.9997773, -15.189816, -12.855752), (9.381339e-16, -15.3208885, -12.855752), (1.9997773, -15.189816, -12.855752), (3.9653378, -14.798842, -12.855752), (5.8630505, -14.154655, -12.855752), (7.6604443, -13.268279, -12.855752), (9.326766, -12.154879, -12.855752), (10.833505, -10.833505, -12.855752), (12.154879, -9.326766, -12.855752), (13.268279, -7.6604443, -12.855752), (14.154655, -5.8630505, -12.855752), (14.798842, -3.9653378, -12.855752), (15.189816, -1.9997773, -12.855752), (15.3208885, 0, -12.855752), (15.189816, 1.9997773, -12.855752), (14.798842, 3.9653378, -12.855752), (14.154655, 5.8630505, -12.855752), (13.268279, 7.6604443, -12.855752), (12.154879, 9.326766, -12.855752), (10.833505, 10.833505, -12.855752), (9.326766, 12.154879, -12.855752), (7.6604443, 13.268279, -12.855752), (5.8630505, 14.154655, -12.855752), (3.9653378, 14.798842, -12.855752), (1.9997773, 15.189816, -12.855752), (9.381339e-16, 15.3208885, -12.855752), (-1.9997773, 15.189816, -12.855752), (-3.9653378, 14.798842, -12.855752), (-5.8630505, 14.154655, -12.855752), (-7.6604443, 13.268279, -12.855752), (-9.326766, 12.154879, -12.855752), (-10.833505, 10.833505, -12.855752), (-12.154879, 9.326766, -12.855752), (-13.268279, 7.6604443, -12.855752), (-14.154655, 5.8630505, -12.855752), (-14.798842, 3.9653378, -12.855752), (-15.189816, 1.9997773, -12.855752), (-15.3208885, 1.8762678e-15, -12.855752), (-14.142136, -1.7319121e-15, -14.142136), (-14.021148, -1.8459191, -14.142136), (-13.6602545, -3.660254, -14.142136), (-13.06563, -5.411961, -14.142136), (-12.247449, -7.071068, -14.142136), (-11.21971, -8.609187, -14.142136), (-10, -10, -14.142136), (-8.609187, -11.21971, -14.142136), (-7.071068, -12.247449, -14.142136), (-5.411961, -13.06563, -14.142136), (-3.660254, -13.6602545, -14.142136), (-1.8459191, -14.021148, -14.142136), (8.6595603e-16, -14.142136, -14.142136), (1.8459191, -14.021148, -14.142136), (3.660254, -13.6602545, -14.142136), (5.411961, -13.06563, -14.142136), (7.071068, -12.247449, -14.142136), (8.609187, -11.21971, -14.142136), (10, -10, -14.142136), (11.21971, -8.609187, -14.142136), (12.247449, -7.071068, -14.142136), (13.06563, -5.411961, -14.142136), (13.6602545, -3.660254, -14.142136), (14.021148, -1.8459191, -14.142136), (14.142136, 0, -14.142136), (14.021148, 1.8459191, -14.142136), (13.6602545, 3.660254, -14.142136), (13.06563, 5.411961, -14.142136), (12.247449, 7.071068, -14.142136), (11.21971, 8.609187, -14.142136), (10, 10, -14.142136), (8.609187, 11.21971, -14.142136), (7.071068, 12.247449, -14.142136), (5.411961, 13.06563, -14.142136), (3.660254, 13.6602545, -14.142136), (1.8459191, 14.021148, -14.142136), (8.6595603e-16, 14.142136, -14.142136), (-1.8459191, 14.021148, -14.142136), (-3.660254, 13.6602545, -14.142136), (-5.411961, 13.06563, -14.142136), (-7.071068, 12.247449, -14.142136), (-8.609187, 11.21971, -14.142136), (-10, 10, -14.142136), (-11.21971, 8.609187, -14.142136), (-12.247449, 7.071068, -14.142136), (-13.06563, 5.411961, -14.142136), (-13.6602545, 3.660254, -14.142136), (-14.021148, 1.8459191, -14.142136), (-14.142136, 1.7319121e-15, -14.142136), (-12.855752, -1.5743756e-15, -15.3208885), (-12.7457695, -1.6780124, -15.3208885), (-12.417703, -3.3273134, -15.3208885), (-11.877167, -4.9196835, -15.3208885), (-11.133408, -6.427876, -15.3208885), (-10.199154, -7.826086, -15.3208885), (-9.090389, -9.090389, -15.3208885), (-7.826086, -10.199154, -15.3208885), (-6.427876, -11.133408, -15.3208885), (-4.9196835, -11.877167, -15.3208885), (-3.3273134, -12.417703, -15.3208885), (-1.6780124, -12.7457695, -15.3208885), (7.871878e-16, -12.855752, -15.3208885), (1.6780124, -12.7457695, -15.3208885), (3.3273134, -12.417703, -15.3208885), (4.9196835, -11.877167, -15.3208885), (6.427876, -11.133408, -15.3208885), (7.826086, -10.199154, -15.3208885), (9.090389, -9.090389, -15.3208885), (10.199154, -7.826086, -15.3208885), (11.133408, -6.427876, -15.3208885), (11.877167, -4.9196835, -15.3208885), (12.417703, -3.3273134, -15.3208885), (12.7457695, -1.6780124, -15.3208885), (12.855752, 0, -15.3208885), (12.7457695, 1.6780124, -15.3208885), (12.417703, 3.3273134, -15.3208885), (11.877167, 4.9196835, -15.3208885), (11.133408, 6.427876, -15.3208885), (10.199154, 7.826086, -15.3208885), (9.090389, 9.090389, -15.3208885), (7.826086, 10.199154, -15.3208885), (6.427876, 11.133408, -15.3208885), (4.9196835, 11.877167, -15.3208885), (3.3273134, 12.417703, -15.3208885), (1.6780124, 12.7457695, -15.3208885), (7.871878e-16, 12.855752, -15.3208885), (-1.6780124, 12.7457695, -15.3208885), (-3.3273134, 12.417703, -15.3208885), (-4.9196835, 11.877167, -15.3208885), (-6.427876, 11.133408, -15.3208885), (-7.826086, 10.199154, -15.3208885), (-9.090389, 9.090389, -15.3208885), (-10.199154, 7.826086, -15.3208885), (-11.133408, 6.427876, -15.3208885), (-11.877167, 4.9196835, -15.3208885), (-12.417703, 3.3273134, -15.3208885), (-12.7457695, 1.6780124, -15.3208885), (-12.855752, 1.5743756e-15, -15.3208885), (-11.471529, -1.4048571e-15, -16.383041), (-11.373388, -1.497335, -16.383041), (-11.080646, -2.9690502, -16.383041), (-10.59831, -4.389964, -16.383041), (-9.934635, -5.7357645, -16.383041), (-9.100976, -6.983424, -16.383041), (-8.111596, -8.111596, -16.383041), (-6.983424, -9.100976, -16.383041), (-5.7357645, -9.934635, -16.383041), (-4.389964, -10.59831, -16.383041), (-2.9690502, -11.080646, -16.383041), (-1.497335, -11.373388, -16.383041), (7.0242854e-16, -11.471529, -16.383041), (1.497335, -11.373388, -16.383041), (2.9690502, -11.080646, -16.383041), (4.389964, -10.59831, -16.383041), (5.7357645, -9.934635, -16.383041), (6.983424, -9.100976, -16.383041), (8.111596, -8.111596, -16.383041), (9.100976, -6.983424, -16.383041), (9.934635, -5.7357645, -16.383041), (10.59831, -4.389964, -16.383041), (11.080646, -2.9690502, -16.383041), (11.373388, -1.497335, -16.383041), (11.471529, 0, -16.383041), (11.373388, 1.497335, -16.383041), (11.080646, 2.9690502, -16.383041), (10.59831, 4.389964, -16.383041), (9.934635, 5.7357645, -16.383041), (9.100976, 6.983424, -16.383041), (8.111596, 8.111596, -16.383041), (6.983424, 9.100976, -16.383041), (5.7357645, 9.934635, -16.383041), (4.389964, 10.59831, -16.383041), (2.9690502, 11.080646, -16.383041), (1.497335, 11.373388, -16.383041), (7.0242854e-16, 11.471529, -16.383041), (-1.497335, 11.373388, -16.383041), (-2.9690502, 11.080646, -16.383041), (-4.389964, 10.59831, -16.383041), (-5.7357645, 9.934635, -16.383041), (-6.983424, 9.100976, -16.383041), (-8.111596, 8.111596, -16.383041), (-9.100976, 6.983424, -16.383041), (-9.934635, 5.7357645, -16.383041), (-10.59831, 4.389964, -16.383041), (-11.080646, 2.9690502, -16.383041), (-11.373388, 1.497335, -16.383041), (-11.471529, 1.4048571e-15, -16.383041), (-10, -1.2246468e-15, -17.320509), (-9.914449, -1.305262, -17.320509), (-9.659258, -2.5881906, -17.320509), (-9.238795, -3.8268344, -17.320509), (-8.6602545, -5, -17.320509), (-7.933533, -6.087614, -17.320509), (-7.071068, -7.071068, -17.320509), (-6.087614, -7.933533, -17.320509), (-5, -8.6602545, -17.320509), (-3.8268344, -9.238795, -17.320509), (-2.5881906, -9.659258, -17.320509), (-1.305262, -9.914449, -17.320509), (6.123234e-16, -10, -17.320509), (1.305262, -9.914449, -17.320509), (2.5881906, -9.659258, -17.320509), (3.8268344, -9.238795, -17.320509), (5, -8.6602545, -17.320509), (6.087614, -7.933533, -17.320509), (7.071068, -7.071068, -17.320509), (7.933533, -6.087614, -17.320509), (8.6602545, -5, -17.320509), (9.238795, -3.8268344, -17.320509), (9.659258, -2.5881906, -17.320509), (9.914449, -1.305262, -17.320509), (10, 0, -17.320509), (9.914449, 1.305262, -17.320509), (9.659258, 2.5881906, -17.320509), (9.238795, 3.8268344, -17.320509), (8.6602545, 5, -17.320509), (7.933533, 6.087614, -17.320509), (7.071068, 7.071068, -17.320509), (6.087614, 7.933533, -17.320509), (5, 8.6602545, -17.320509), (3.8268344, 9.238795, -17.320509), (2.5881906, 9.659258, -17.320509), (1.305262, 9.914449, -17.320509), (6.123234e-16, 10, -17.320509), (-1.305262, 9.914449, -17.320509), (-2.5881906, 9.659258, -17.320509), (-3.8268344, 9.238795, -17.320509), (-5, 8.6602545, -17.320509), (-6.087614, 7.933533, -17.320509), (-7.071068, 7.071068, -17.320509), (-7.933533, 6.087614, -17.320509), (-8.6602545, 5, -17.320509), (-9.238795, 3.8268344, -17.320509), (-9.659258, 2.5881906, -17.320509), (-9.914449, 1.305262, -17.320509), (-10, 1.2246468e-15, -17.320509), (-8.452365, -1.0351162e-15, -18.126156), (-8.380054, -1.103255, -18.126156), (-8.164358, -2.187633, -18.126156), (-7.808967, -3.23458, -18.126156), (-7.319963, -4.2261825, -18.126156), (-6.7057123, -5.145474, -18.126156), (-5.9767246, -5.9767246, -18.126156), (-5.145474, -6.7057123, -18.126156), (-4.2261825, -7.319963, -18.126156), (-3.23458, -7.808967, -18.126156), (-2.187633, -8.164358, -18.126156), (-1.103255, -8.380054, -18.126156), (5.175581e-16, -8.452365, -18.126156), (1.103255, -8.380054, -18.126156), (2.187633, -8.164358, -18.126156), (3.23458, -7.808967, -18.126156), (4.2261825, -7.319963, -18.126156), (5.145474, -6.7057123, -18.126156), (5.9767246, -5.9767246, -18.126156), (6.7057123, -5.145474, -18.126156), (7.319963, -4.2261825, -18.126156), (7.808967, -3.23458, -18.126156), (8.164358, -2.187633, -18.126156), (8.380054, -1.103255, -18.126156), (8.452365, 0, -18.126156), (8.380054, 1.103255, -18.126156), (8.164358, 2.187633, -18.126156), (7.808967, 3.23458, -18.126156), (7.319963, 4.2261825, -18.126156), (6.7057123, 5.145474, -18.126156), (5.9767246, 5.9767246, -18.126156), (5.145474, 6.7057123, -18.126156), (4.2261825, 7.319963, -18.126156), (3.23458, 7.808967, -18.126156), (2.187633, 8.164358, -18.126156), (1.103255, 8.380054, -18.126156), (5.175581e-16, 8.452365, -18.126156), (-1.103255, 8.380054, -18.126156), (-2.187633, 8.164358, -18.126156), (-3.23458, 7.808967, -18.126156), (-4.2261825, 7.319963, -18.126156), (-5.145474, 6.7057123, -18.126156), (-5.9767246, 5.9767246, -18.126156), (-6.7057123, 5.145474, -18.126156), (-7.319963, 4.2261825, -18.126156), (-7.808967, 3.23458, -18.126156), (-8.164358, 2.187633, -18.126156), (-8.380054, 1.103255, -18.126156), (-8.452365, 1.0351162e-15, -18.126156), (-6.840403, -8.3770775e-16, -18.793852), (-6.7818823, -0.8928517, -18.793852), (-6.6073217, -1.7704265, -18.793852), (-6.3197083, -2.617709, -18.793852), (-5.9239626, -3.4202015, -18.793852), (-5.4268565, -4.1641736, -18.793852), (-4.8368955, -4.8368955, -18.793852), (-4.1641736, -5.4268565, -18.793852), (-3.4202015, -5.9239626, -18.793852), (-2.617709, -6.3197083, -18.793852), (-1.7704265, -6.6073217, -18.793852), (-0.8928517, -6.7818823, -18.793852), (4.1885387e-16, -6.840403, -18.793852), (0.8928517, -6.7818823, -18.793852), (1.7704265, -6.6073217, -18.793852), (2.617709, -6.3197083, -18.793852), (3.4202015, -5.9239626, -18.793852), (4.1641736, -5.4268565, -18.793852), (4.8368955, -4.8368955, -18.793852), (5.4268565, -4.1641736, -18.793852), (5.9239626, -3.4202015, -18.793852), (6.3197083, -2.617709, -18.793852), (6.6073217, -1.7704265, -18.793852), (6.7818823, -0.8928517, -18.793852), (6.840403, 0, -18.793852), (6.7818823, 0.8928517, -18.793852), (6.6073217, 1.7704265, -18.793852), (6.3197083, 2.617709, -18.793852), (5.9239626, 3.4202015, -18.793852), (5.4268565, 4.1641736, -18.793852), (4.8368955, 4.8368955, -18.793852), (4.1641736, 5.4268565, -18.793852), (3.4202015, 5.9239626, -18.793852), (2.617709, 6.3197083, -18.793852), (1.7704265, 6.6073217, -18.793852), (0.8928517, 6.7818823, -18.793852), (4.1885387e-16, 6.840403, -18.793852), (-0.8928517, 6.7818823, -18.793852), (-1.7704265, 6.6073217, -18.793852), (-2.617709, 6.3197083, -18.793852), (-3.4202015, 5.9239626, -18.793852), (-4.1641736, 5.4268565, -18.793852), (-4.8368955, 4.8368955, -18.793852), (-5.4268565, 4.1641736, -18.793852), (-5.9239626, 3.4202015, -18.793852), (-6.3197083, 2.617709, -18.793852), (-6.6073217, 1.7704265, -18.793852), (-6.7818823, 0.8928517, -18.793852), (-6.840403, 8.3770775e-16, -18.793852), (-5.176381, -6.3392385e-16, -19.318516), (-5.1320963, -0.6756533, -19.318516), (-5, -1.339746, -19.318516), (-4.7823524, -1.9809152, -19.318516), (-4.4828773, -2.5881906, -19.318516), (-4.106699, -3.151181, -19.318516), (-3.660254, -3.660254, -19.318516), (-3.151181, -4.106699, -19.318516), (-2.5881906, -4.4828773, -19.318516), (-1.9809152, -4.7823524, -19.318516), (-1.339746, -5, -19.318516), (-0.6756533, -5.1320963, -19.318516), (3.1696193e-16, -5.176381, -19.318516), (0.6756533, -5.1320963, -19.318516), (1.339746, -5, -19.318516), (1.9809152, -4.7823524, -19.318516), (2.5881906, -4.4828773, -19.318516), (3.151181, -4.106699, -19.318516), (3.660254, -3.660254, -19.318516), (4.106699, -3.151181, -19.318516), (4.4828773, -2.5881906, -19.318516), (4.7823524, -1.9809152, -19.318516), (5, -1.339746, -19.318516), (5.1320963, -0.6756533, -19.318516), (5.176381, 0, -19.318516), (5.1320963, 0.6756533, -19.318516), (5, 1.339746, -19.318516), (4.7823524, 1.9809152, -19.318516), (4.4828773, 2.5881906, -19.318516), (4.106699, 3.151181, -19.318516), (3.660254, 3.660254, -19.318516), (3.151181, 4.106699, -19.318516), (2.5881906, 4.4828773, -19.318516), (1.9809152, 4.7823524, -19.318516), (1.339746, 5, -19.318516), (0.6756533, 5.1320963, -19.318516), (3.1696193e-16, 5.176381, -19.318516), (-0.6756533, 5.1320963, -19.318516), (-1.339746, 5, -19.318516), (-1.9809152, 4.7823524, -19.318516), (-2.5881906, 4.4828773, -19.318516), (-3.151181, 4.106699, -19.318516), (-3.660254, 3.660254, -19.318516), (-4.106699, 3.151181, -19.318516), (-4.4828773, 2.5881906, -19.318516), (-4.7823524, 1.9809152, -19.318516), (-5, 1.339746, -19.318516), (-5.1320963, 0.6756533, -19.318516), (-5.176381, 6.3392385e-16, -19.318516), (-3.4729636, -4.2531536e-16, -19.696156), (-3.4432518, -0.4533127, -19.696156), (-3.3546252, -0.8988691, -19.696156), (-3.2086, -1.3290457, -19.696156), (-3.0076747, -1.7364818, -19.696156), (-2.7552872, -2.1142063, -19.696156), (-2.4557562, -2.4557562, -19.696156), (-2.1142063, -2.7552872, -19.696156), (-1.7364818, -3.0076747, -19.696156), (-1.3290457, -3.2086, -19.696156), (-0.8988691, -3.3546252, -19.696156), (-0.4533127, -3.4432518, -19.696156), (2.1265768e-16, -3.4729636, -19.696156), (0.4533127, -3.4432518, -19.696156), (0.8988691, -3.3546252, -19.696156), (1.3290457, -3.2086, -19.696156), (1.7364818, -3.0076747, -19.696156), (2.1142063, -2.7552872, -19.696156), (2.4557562, -2.4557562, -19.696156), (2.7552872, -2.1142063, -19.696156), (3.0076747, -1.7364818, -19.696156), (3.2086, -1.3290457, -19.696156), (3.3546252, -0.8988691, -19.696156), (3.4432518, -0.4533127, -19.696156), (3.4729636, 0, -19.696156), (3.4432518, 0.4533127, -19.696156), (3.3546252, 0.8988691, -19.696156), (3.2086, 1.3290457, -19.696156), (3.0076747, 1.7364818, -19.696156), (2.7552872, 2.1142063, -19.696156), (2.4557562, 2.4557562, -19.696156), (2.1142063, 2.7552872, -19.696156), (1.7364818, 3.0076747, -19.696156), (1.3290457, 3.2086, -19.696156), (0.8988691, 3.3546252, -19.696156), (0.4533127, 3.4432518, -19.696156), (2.1265768e-16, 3.4729636, -19.696156), (-0.4533127, 3.4432518, -19.696156), (-0.8988691, 3.3546252, -19.696156), (-1.3290457, 3.2086, -19.696156), (-1.7364818, 3.0076747, -19.696156), (-2.1142063, 2.7552872, -19.696156), (-2.4557562, 2.4557562, -19.696156), (-2.7552872, 2.1142063, -19.696156), (-3.0076747, 1.7364818, -19.696156), (-3.2086, 1.3290457, -19.696156), (-3.3546252, 0.8988691, -19.696156), (-3.4432518, 0.4533127, -19.696156), (-3.4729636, 4.2531536e-16, -19.696156), (-1.7431148, -2.1347e-16, -19.923895), (-1.7282022, -0.22752215, -19.923895), (-1.6837196, -0.4511513, -19.923895), (-1.6104281, -0.66706115, -19.923895), (-1.5095818, -0.8715574, -19.923895), (-1.382906, -1.0611411, -19.923895), (-1.2325684, -1.2325684, -19.923895), (-1.0611411, -1.382906, -19.923895), (-0.8715574, -1.5095818, -19.923895), (-0.66706115, -1.6104281, -19.923895), (-0.4511513, -1.6837196, -19.923895), (-0.22752215, -1.7282022, -19.923895), (1.06735e-16, -1.7431148, -19.923895), (0.22752215, -1.7282022, -19.923895), (0.4511513, -1.6837196, -19.923895), (0.66706115, -1.6104281, -19.923895), (0.8715574, -1.5095818, -19.923895), (1.0611411, -1.382906, -19.923895), (1.2325684, -1.2325684, -19.923895), (1.382906, -1.0611411, -19.923895), (1.5095818, -0.8715574, -19.923895), (1.6104281, -0.66706115, -19.923895), (1.6837196, -0.4511513, -19.923895), (1.7282022, -0.22752215, -19.923895), (1.7431148, 0, -19.923895), (1.7282022, 0.22752215, -19.923895), (1.6837196, 0.4511513, -19.923895), (1.6104281, 0.66706115, -19.923895), (1.5095818, 0.8715574, -19.923895), (1.382906, 1.0611411, -19.923895), (1.2325684, 1.2325684, -19.923895), (1.0611411, 1.382906, -19.923895), (0.8715574, 1.5095818, -19.923895), (0.66706115, 1.6104281, -19.923895), (0.4511513, 1.6837196, -19.923895), (0.22752215, 1.7282022, -19.923895), (1.06735e-16, 1.7431148, -19.923895), (-0.22752215, 1.7282022, -19.923895), (-0.4511513, 1.6837196, -19.923895), (-0.66706115, 1.6104281, -19.923895), (-0.8715574, 1.5095818, -19.923895), (-1.0611411, 1.382906, -19.923895), (-1.2325684, 1.2325684, -19.923895), (-1.382906, 1.0611411, -19.923895), (-1.5095818, 0.8715574, -19.923895), (-1.6104281, 0.66706115, -19.923895), (-1.6837196, 0.4511513, -19.923895), (-1.7282022, 0.22752215, -19.923895), (-1.7431148, 2.1347e-16, -19.923895), (-1.2246468e-15, -1.4997598e-31, -20), (-1.2141697e-15, -1.5984848e-16, -20), (-1.1829179e-15, -3.1696193e-16, -20), (-1.1314262e-15, -4.6865205e-16, -20), (-1.0605752e-15, -6.123234e-16, -20), (-9.715776e-16, -7.4551774e-16, -20), (-8.6595603e-16, -8.6595603e-16, -20), (-7.4551774e-16, -9.715776e-16, -20), (-6.123234e-16, -1.0605752e-15, -20), (-4.6865205e-16, -1.1314262e-15, -20), (-3.1696193e-16, -1.1829179e-15, -20), (-1.5984848e-16, -1.2141697e-15, -20), (7.498799e-32, -1.2246468e-15, -20), (1.5984848e-16, -1.2141697e-15, -20), (3.1696193e-16, -1.1829179e-15, -20), (4.6865205e-16, -1.1314262e-15, -20), (6.123234e-16, -1.0605752e-15, -20), (7.4551774e-16, -9.715776e-16, -20), (8.6595603e-16, -8.6595603e-16, -20), (9.715776e-16, -7.4551774e-16, -20), (1.0605752e-15, -6.123234e-16, -20), (1.1314262e-15, -4.6865205e-16, -20), (1.1829179e-15, -3.1696193e-16, -20), (1.2141697e-15, -1.5984848e-16, -20), (1.2246468e-15, 0, -20), (1.2141697e-15, 1.5984848e-16, -20), (1.1829179e-15, 3.1696193e-16, -20), (1.1314262e-15, 4.6865205e-16, -20), (1.0605752e-15, 6.123234e-16, -20), (9.715776e-16, 7.4551774e-16, -20), (8.6595603e-16, 8.6595603e-16, -20), (7.4551774e-16, 9.715776e-16, -20), (6.123234e-16, 1.0605752e-15, -20), (4.6865205e-16, 1.1314262e-15, -20), (3.1696193e-16, 1.1829179e-15, -20), (1.5984848e-16, 1.2141697e-15, -20), (7.498799e-32, 1.2246468e-15, -20), (-1.5984848e-16, 1.2141697e-15, -20), (-3.1696193e-16, 1.1829179e-15, -20), (-4.6865205e-16, 1.1314262e-15, -20), (-6.123234e-16, 1.0605752e-15, -20), (-7.4551774e-16, 9.715776e-16, -20), (-8.6595603e-16, 8.6595603e-16, -20), (-9.715776e-16, 7.4551774e-16, -20), (-1.0605752e-15, 6.123234e-16, -20), (-1.1314262e-15, 4.6865205e-16, -20), (-1.1829179e-15, 3.1696193e-16, -20), (-1.2141697e-15, 1.5984848e-16, -20), (-1.2246468e-15, 1.4997598e-31, -20)]
                        color3f[] primvars:displayColor = [(0.75, 0.75, 0.75)] (
                            interpolation = "constant"
                        )
                        float[] primvars:displayOpacity = [0.3] (
                            interpolation = "constant"
                        )
                        uniform token purpose = "guide"
                        uniform token subdivisionScheme = "none"
                        matrix4d xformOp:transform = ( (0.7633862853691146, 0.29653990367663563, -0.5738514309800025, 0), (-0.6459422414661738, 0.3504562497996603, -0.6781880547945484, 0), (-2.7755575615628914e-17, 0.88839433952711, 0.45908114478400247, 0), (0, 0, 0, 1.0000000000000002) )
                        matrix4d xformOp:transform.timeSamples = {
                            0: ( (0.7633862853691146, 0.29653990367663563, -0.5738514309800025, 0), (-0.6459422414661738, 0.3504562497996603, -0.6781880547945484, 0), (-2.7755575615628914e-17, 0.88839433952711, 0.45908114478400247, 0), (0, 0, 0, 1.0000000000000002) ),
                            84: ( (0.7633862853691146, 0.29653990367663563, -0.5738514309800025, 0), (-0.6459422414661738, 0.3504562497996603, -0.6781880547945484, 0), (-2.7755575615628914e-17, 0.88839433952711, 0.45908114478400247, 0), (0, 0, 0, 1.0000000000000002) ),
                            96: ( (0.7633862853691145, 0.3593309073264167, -0.5367706012351262, 0), (-0.6459422414661738, 0.4246637995675834, -0.6343652560051491, 0), (5.5511151231257815e-17, 0.8309885416639613, 0.5562895321891312, -0), (0, 0, 0, 0.9999999999999998) ),
                            180: ( (0.7633862853691145, 0.3593309073264167, -0.5367706012351262, 0), (-0.6459422414661738, 0.4246637995675834, -0.6343652560051491, 0), (5.5511151231257815e-17, 0.8309885416639613, 0.5562895321891312, -0), (0, 0, 0, 0.9999999999999998) ),
                            192: ( (0.7633862853691146, 0.29653990367663563, -0.5738514309800025, 0), (-0.6459422414661738, 0.3504562497996603, -0.6781880547945484, 0), (-2.7755575615628914e-17, 0.88839433952711, 0.45908114478400247, 0), (0, 0, 0, 1.0000000000000002) ),
                        }
                        uniform token[] xformOpOrder = ["xformOp:transform"]
                    }
                }
            }

            over "sec_cam_yard_gen_a_fixed_1"
            {
                double aeco:cctv:mountHeight = 2.5

                over "Sensor_0"
                {
                    double aeco:cctvSensor:effectiveWidth = 8.818976585197152
                    double aeco:cctvSensor:hfov = 99.99999999999999
                    double aeco:cctvSensor:targetRange = 4.510999617209059
                    double aeco:cctvSensor:vfov = 54.99999999999999
                    float2 clippingRange = (0.05, 40)
                    float focalLength = 3.7
                    float horizontalAperture = 8.818976
                    float verticalAperture = 3.8521962
                    matrix4d xformOp:transform = ( (-0.7633862853691149, -0.6459422414661735, 0, 0), (0.37049724894877484, -0.4378603851212798, 0.8191520442889917, 0), (-0.5291249075896295, 0.6253294362422901, 0.5735764363510463, 0), (0, 0, 0, 1) )
                    uniform token[] xformOpOrder = ["xformOp:transform"]

                    def Mesh "Sector" (
                        prepend apiSchemas = ["AecoDerivedGeometryAPI", "MaterialBindingAPI"]
                    )
                    {
                        uniform token aeco:derived:approx = "tessellated"
                        uniform token aeco:derived:role = "sector"
                        string aeco:derived:source = "a6017978-22fe-5283-96a9-c002af3310c0"
                        string aeco:derived:stamp = "usdAecoCctv derive 0.5.3"
                        uniform bool doubleSided = 1
                        float3[] extent = [(-30.641777, -18.469944, -40), (30.641777, 18.469944, 0)]
                        int[] faceVertexCounts = [4, 4, 4, 4, 4, 4, 4, 4, 4, 4, 4, 4, 4, 4, 4, 4, 4, 4, 4, 4, 4, 4, 4, 4, 4, 4, 4, 4, 4, 4, 4, 4, 4, 4, 4, 4, 4, 4, 4, 4, 4, 4, 4, 4, 4, 4, 4, 4, 4, 4, 4, 4, 4, 4, 4, 4, 4, 4, 4, 4, 4, 4, 4, 4, 4, 4, 4, 4, 4, 4, 4, 4, 4, 4, 4, 4, 4, 4, 4, 4, 4, 4, 4, 4, 4, 4, 4, 4, 4, 4, 4, 4, 4, 4, 4, 4, 4, 4, 4, 4, 4, 4, 4, 4, 4, 4, 4, 4, 4, 4, 4, 4, 4, 4, 4, 4, 4, 4, 4, 4, 4, 4, 4, 4, 4, 4, 4, 4, 4, 4, 4, 4, 4, 4, 4, 4, 4, 4, 4, 4, 4, 4, 4, 4, 4, 4, 4, 4, 4, 4, 4, 4, 4, 4, 4, 4, 4, 4, 4, 4, 4, 4, 4, 4, 4, 4, 4, 4, 4, 4, 4, 4, 4, 4, 4, 4, 4, 4, 4, 4, 4, 4, 4, 4, 4, 4, 4, 4, 4, 4, 4, 4, 4, 4, 4, 4, 4, 4, 4, 4, 4, 4, 4, 4, 4, 4, 4, 4, 4, 4, 4, 4, 4, 4, 4, 4, 4, 4, 4, 4, 4, 4, 4, 4, 4, 4, 4, 4, 4, 4, 4, 4, 4, 4, 4, 4, 4, 4, 4, 4, 4, 4, 4, 4, 4, 4, 4, 4, 4, 4, 4, 4, 4, 4, 4, 4, 4, 4, 4, 4, 4, 4, 4, 4, 4, 4, 4, 4, 4, 4, 4, 4, 4, 4, 4, 4, 4, 4, 4, 4, 4, 4, 4, 4, 4, 4, 4, 4, 4, 4, 4, 4, 4, 4, 4, 4, 4, 4, 4, 4, 4, 4, 4, 4, 4, 4, 4, 4, 4, 4, 4, 4, 4, 4, 4, 4, 4, 4, 4, 4, 4, 4, 4, 4, 4, 4, 4, 4, 4, 4, 4, 4, 4, 4, 4, 4, 3, 3, 3, 3, 3, 3, 3, 3, 3, 3, 3, 3, 3, 3, 3, 3, 3, 3, 3, 3, 3, 3, 3, 3, 3, 3, 3, 3, 3, 3, 3, 3, 3, 3, 3, 3, 3, 3, 3, 3, 3, 3, 3, 3, 3, 3, 3, 3, 3, 3, 3, 3, 3, 3, 3, 3, 3, 3, 3, 3, 3, 3, 3, 3, 3, 3, 3, 3, 3, 3, 3, 3, 3, 3, 3, 3]
                        int[] faceVertexIndices = [1, 26, 27, 2, 2, 27, 28, 3, 3, 28, 29, 4, 4, 29, 30, 5, 5, 30, 31, 6, 6, 31, 32, 7, 7, 32, 33, 8, 8, 33, 34, 9, 9, 34, 35, 10, 10, 35, 36, 11, 11, 36, 37, 12, 12, 37, 38, 13, 13, 38, 39, 14, 14, 39, 40, 15, 15, 40, 41, 16, 16, 41, 42, 17, 17, 42, 43, 18, 18, 43, 44, 19, 19, 44, 45, 20, 20, 45, 46, 21, 21, 46, 47, 22, 22, 47, 48, 23, 23, 48, 49, 24, 24, 49, 50, 25, 26, 51, 52, 27, 27, 52, 53, 28, 28, 53, 54, 29, 29, 54, 55, 30, 30, 55, 56, 31, 31, 56, 57, 32, 32, 57, 58, 33, 33, 58, 59, 34, 34, 59, 60, 35, 35, 60, 61, 36, 36, 61, 62, 37, 37, 62, 63, 38, 38, 63, 64, 39, 39, 64, 65, 40, 40, 65, 66, 41, 41, 66, 67, 42, 42, 67, 68, 43, 43, 68, 69, 44, 44, 69, 70, 45, 45, 70, 71, 46, 46, 71, 72, 47, 47, 72, 73, 48, 48, 73, 74, 49, 49, 74, 75, 50, 51, 76, 77, 52, 52, 77, 78, 53, 53, 78, 79, 54, 54, 79, 80, 55, 55, 80, 81, 56, 56, 81, 82, 57, 57, 82, 83, 58, 58, 83, 84, 59, 59, 84, 85, 60, 60, 85, 86, 61, 61, 86, 87, 62, 62, 87, 88, 63, 63, 88, 89, 64, 64, 89, 90, 65, 65, 90, 91, 66, 66, 91, 92, 67, 67, 92, 93, 68, 68, 93, 94, 69, 69, 94, 95, 70, 70, 95, 96, 71, 71, 96, 97, 72, 72, 97, 98, 73, 73, 98, 99, 74, 74, 99, 100, 75, 76, 101, 102, 77, 77, 102, 103, 78, 78, 103, 104, 79, 79, 104, 105, 80, 80, 105, 106, 81, 81, 106, 107, 82, 82, 107, 108, 83, 83, 108, 109, 84, 84, 109, 110, 85, 85, 110, 111, 86, 86, 111, 112, 87, 87, 112, 113, 88, 88, 113, 114, 89, 89, 114, 115, 90, 90, 115, 116, 91, 91, 116, 117, 92, 92, 117, 118, 93, 93, 118, 119, 94, 94, 119, 120, 95, 95, 120, 121, 96, 96, 121, 122, 97, 97, 122, 123, 98, 98, 123, 124, 99, 99, 124, 125, 100, 101, 126, 127, 102, 102, 127, 128, 103, 103, 128, 129, 104, 104, 129, 130, 105, 105, 130, 131, 106, 106, 131, 132, 107, 107, 132, 133, 108, 108, 133, 134, 109, 109, 134, 135, 110, 110, 135, 136, 111, 111, 136, 137, 112, 112, 137, 138, 113, 113, 138, 139, 114, 114, 139, 140, 115, 115, 140, 141, 116, 116, 141, 142, 117, 117, 142, 143, 118, 118, 143, 144, 119, 119, 144, 145, 120, 120, 145, 146, 121, 121, 146, 147, 122, 122, 147, 148, 123, 123, 148, 149, 124, 124, 149, 150, 125, 126, 151, 152, 127, 127, 152, 153, 128, 128, 153, 154, 129, 129, 154, 155, 130, 130, 155, 156, 131, 131, 156, 157, 132, 132, 157, 158, 133, 133, 158, 159, 134, 134, 159, 160, 135, 135, 160, 161, 136, 136, 161, 162, 137, 137, 162, 163, 138, 138, 163, 164, 139, 139, 164, 165, 140, 140, 165, 166, 141, 141, 166, 167, 142, 142, 167, 168, 143, 143, 168, 169, 144, 144, 169, 170, 145, 145, 170, 171, 146, 146, 171, 172, 147, 147, 172, 173, 148, 148, 173, 174, 149, 149, 174, 175, 150, 151, 176, 177, 152, 152, 177, 178, 153, 153, 178, 179, 154, 154, 179, 180, 155, 155, 180, 181, 156, 156, 181, 182, 157, 157, 182, 183, 158, 158, 183, 184, 159, 159, 184, 185, 160, 160, 185, 186, 161, 161, 186, 187, 162, 162, 187, 188, 163, 163, 188, 189, 164, 164, 189, 190, 165, 165, 190, 191, 166, 166, 191, 192, 167, 167, 192, 193, 168, 168, 193, 194, 169, 169, 194, 195, 170, 170, 195, 196, 171, 171, 196, 197, 172, 172, 197, 198, 173, 173, 198, 199, 174, 174, 199, 200, 175, 176, 201, 202, 177, 177, 202, 203, 178, 178, 203, 204, 179, 179, 204, 205, 180, 180, 205, 206, 181, 181, 206, 207, 182, 182, 207, 208, 183, 183, 208, 209, 184, 184, 209, 210, 185, 185, 210, 211, 186, 186, 211, 212, 187, 187, 212, 213, 188, 188, 213, 214, 189, 189, 214, 215, 190, 190, 215, 216, 191, 191, 216, 217, 192, 192, 217, 218, 193, 193, 218, 219, 194, 194, 219, 220, 195, 195, 220, 221, 196, 196, 221, 222, 197, 197, 222, 223, 198, 198, 223, 224, 199, 199, 224, 225, 200, 201, 226, 227, 202, 202, 227, 228, 203, 203, 228, 229, 204, 204, 229, 230, 205, 205, 230, 231, 206, 206, 231, 232, 207, 207, 232, 233, 208, 208, 233, 234, 209, 209, 234, 235, 210, 210, 235, 236, 211, 211, 236, 237, 212, 212, 237, 238, 213, 213, 238, 239, 214, 214, 239, 240, 215, 215, 240, 241, 216, 216, 241, 242, 217, 217, 242, 243, 218, 218, 243, 244, 219, 219, 244, 245, 220, 220, 245, 246, 221, 221, 246, 247, 222, 222, 247, 248, 223, 223, 248, 249, 224, 224, 249, 250, 225, 226, 251, 252, 227, 227, 252, 253, 228, 228, 253, 254, 229, 229, 254, 255, 230, 230, 255, 256, 231, 231, 256, 257, 232, 232, 257, 258, 233, 233, 258, 259, 234, 234, 259, 260, 235, 235, 260, 261, 236, 236, 261, 262, 237, 237, 262, 263, 238, 238, 263, 264, 239, 239, 264, 265, 240, 240, 265, 266, 241, 241, 266, 267, 242, 242, 267, 268, 243, 243, 268, 269, 244, 244, 269, 270, 245, 245, 270, 271, 246, 246, 271, 272, 247, 247, 272, 273, 248, 248, 273, 274, 249, 249, 274, 275, 250, 251, 276, 277, 252, 252, 277, 278, 253, 253, 278, 279, 254, 254, 279, 280, 255, 255, 280, 281, 256, 256, 281, 282, 257, 257, 282, 283, 258, 258, 283, 284, 259, 259, 284, 285, 260, 260, 285, 286, 261, 261, 286, 287, 262, 262, 287, 288, 263, 263, 288, 289, 264, 264, 289, 290, 265, 265, 290, 291, 266, 266, 291, 292, 267, 267, 292, 293, 268, 268, 293, 294, 269, 269, 294, 295, 270, 270, 295, 296, 271, 271, 296, 297, 272, 272, 297, 298, 273, 273, 298, 299, 274, 274, 299, 300, 275, 276, 301, 302, 277, 277, 302, 303, 278, 278, 303, 304, 279, 279, 304, 305, 280, 280, 305, 306, 281, 281, 306, 307, 282, 282, 307, 308, 283, 283, 308, 309, 284, 284, 309, 310, 285, 285, 310, 311, 286, 286, 311, 312, 287, 287, 312, 313, 288, 288, 313, 314, 289, 289, 314, 315, 290, 290, 315, 316, 291, 291, 316, 317, 292, 292, 317, 318, 293, 293, 318, 319, 294, 294, 319, 320, 295, 295, 320, 321, 296, 296, 321, 322, 297, 297, 322, 323, 298, 298, 323, 324, 299, 299, 324, 325, 300, 301, 326, 327, 302, 302, 327, 328, 303, 303, 328, 329, 304, 304, 329, 330, 305, 305, 330, 331, 306, 306, 331, 332, 307, 307, 332, 333, 308, 308, 333, 334, 309, 309, 334, 335, 310, 310, 335, 336, 311, 311, 336, 337, 312, 312, 337, 338, 313, 313, 338, 339, 314, 314, 339, 340, 315, 315, 340, 341, 316, 316, 341, 342, 317, 317, 342, 343, 318, 318, 343, 344, 319, 319, 344, 345, 320, 320, 345, 346, 321, 321, 346, 347, 322, 322, 347, 348, 323, 323, 348, 349, 324, 324, 349, 350, 325, 326, 351, 352, 327, 327, 352, 353, 328, 328, 353, 354, 329, 329, 354, 355, 330, 330, 355, 356, 331, 331, 356, 357, 332, 332, 357, 358, 333, 333, 358, 359, 334, 334, 359, 360, 335, 335, 360, 361, 336, 336, 361, 362, 337, 337, 362, 363, 338, 338, 363, 364, 339, 339, 364, 365, 340, 340, 365, 366, 341, 341, 366, 367, 342, 342, 367, 368, 343, 343, 368, 369, 344, 344, 369, 370, 345, 345, 370, 371, 346, 346, 371, 372, 347, 347, 372, 373, 348, 348, 373, 374, 349, 349, 374, 375, 350, 0, 1, 2, 0, 2, 3, 0, 3, 4, 0, 4, 5, 0, 5, 6, 0, 6, 7, 0, 7, 8, 0, 8, 9, 0, 9, 10, 0, 10, 11, 0, 11, 12, 0, 12, 13, 0, 13, 14, 0, 14, 15, 0, 15, 16, 0, 16, 17, 0, 17, 18, 0, 18, 19, 0, 19, 20, 0, 20, 21, 0, 21, 22, 0, 22, 23, 0, 23, 24, 0, 24, 25, 0, 352, 351, 0, 353, 352, 0, 354, 353, 0, 355, 354, 0, 356, 355, 0, 357, 356, 0, 358, 357, 0, 359, 358, 0, 360, 359, 0, 361, 360, 0, 362, 361, 0, 363, 362, 0, 364, 363, 0, 365, 364, 0, 366, 365, 0, 367, 366, 0, 368, 367, 0, 369, 368, 0, 370, 369, 0, 371, 370, 0, 372, 371, 0, 373, 372, 0, 374, 373, 0, 375, 374, 0, 26, 1, 0, 51, 26, 0, 76, 51, 0, 101, 76, 0, 126, 101, 0, 151, 126, 0, 176, 151, 0, 201, 176, 0, 226, 201, 0, 251, 226, 0, 276, 251, 0, 301, 276, 0, 326, 301, 0, 351, 326, 0, 25, 50, 0, 50, 75, 0, 75, 100, 0, 100, 125, 0, 125, 150, 0, 150, 175, 0, 175, 200, 0, 200, 225, 0, 225, 250, 0, 250, 275, 0, 275, 300, 0, 300, 325, 0, 325, 350, 0, 350, 375]
                        rel material:binding = </AecoCctvLooks/Sector>
                        point3f[] points = [(0, 0, 0), (-29.058159, -12.692825, -24.38269), (-27.835613, -13.264154, -25.480204), (-26.440596, -13.859344, -26.623552), (-24.850407, -14.473129, -27.802622), (-23.042223, -15.0975275, -29.00208), (-20.994907, -15.721261, -30.200262), (-18.691677, -16.329334, -31.36836), (-16.123579, -16.902966, -32.470295), (-13.293511, -17.42012, -33.46374), (-10.220115, -17.856895, -34.302776), (-6.9404283, -18.189793, -34.942265), (-3.5100682, -18.398695, -35.343563), (0, -18.469944, -35.480434), (3.5100682, -18.398695, -35.343563), (6.9404283, -18.189793, -34.942265), (10.220115, -17.856895, -34.302776), (13.293511, -17.42012, -33.46374), (16.123579, -16.902966, -32.470295), (18.691677, -16.329334, -31.36836), (20.994907, -15.721261, -30.200262), (23.042223, -15.0975275, -29.00208), (24.850407, -14.473129, -27.802622), (26.440596, -13.859344, -26.623552), (27.835613, -13.264154, -25.480204), (29.058159, -12.692825, -24.38269), (-29.454247, -11.027863, -24.715048), (-28.25075, -11.538835, -25.86021), (-26.871998, -12.073261, -27.05794), (-25.29356, -12.626765, -28.298422), (-23.490412, -13.192446, -29.566195), (-21.438816, -13.760284, -30.838802), (-19.119127, -14.316652, -32.085705), (-16.51964, -14.844146, -33.267895), (-13.641143, -15.322, -34.338833), (-10.501512, -15.727338, -35.247257), (-7.1390266, -16.037388, -35.942127), (-3.6129308, -16.232458, -36.379307), (0, -16.299082, -36.528618), (3.6129308, -16.232458, -36.379307), (7.1390266, -16.037388, -35.942127), (10.501512, -15.727338, -35.247257), (13.641143, -15.322, -34.338833), (16.51964, -14.844146, -33.267895), (19.119127, -14.316652, -32.085705), (21.438816, -13.760284, -30.838802), (23.490412, -13.192446, -29.566195), (25.29356, -12.626765, -28.298422), (26.871998, -12.073261, -27.05794), (28.25075, -11.538835, -25.86021), (29.454247, -11.027863, -24.715048), (-29.802357, -9.298498, -25.007147), (-28.61691, -9.740326, -26.195389), (-27.254007, -10.204079, -27.442593), (-25.687647, -10.686248, -28.739326), (-23.890797, -11.1810875, -30.070137), (-21.837265, -11.680021, -31.411957), (-19.504673, -12.171128, -32.732727), (-16.878586, -12.638906, -33.990757), (-13.957614, -13.064555, -35.135487), (-10.758688, -13.427077, -36.110443), (-7.3210874, -13.705315, -36.85873), (-3.707413, -13.880796, -37.330666), (0, -13.9408045, -37.49205), (3.707413, -13.880796, -37.330666), (7.3210874, -13.705315, -36.85873), (10.758688, -13.427077, -36.110443), (13.957614, -13.064555, -35.135487), (16.878586, -12.638906, -33.990757), (19.504673, -12.171128, -32.732727), (21.837265, -11.680021, -31.411957), (23.890797, -11.1810875, -30.070137), (25.687647, -10.686248, -28.739326), (27.254007, -10.204079, -27.442593), (28.61691, -9.740326, -26.195389), (29.802357, -9.298498, -25.007147), (-30.096544, -7.5122285, -25.254), (-28.927328, -7.8767858, -26.479538), (-27.578978, -8.260599, -27.769812), (-26.024157, -8.66099, -29.115812), (-24.234064, -9.073392, -30.502192), (-22.180332, -9.490813, -31.905443), (-19.838083, -9.903343, -33.292255), (-17.19034, -10.29788, -34.618576), (-14.233601, -10.658306, -35.830227), (-10.983769, -10.966387, -36.86591), (-7.480876, -11.203556, -37.663204), (-3.790486, -11.353462, -38.16715), (0, -11.404784, -38.339676), (3.790486, -11.353462, -38.16715), (7.480876, -11.203556, -37.663204), (10.983769, -10.966387, -36.86591), (14.233601, -10.658306, -35.830227), (17.19034, -10.29788, -34.618576), (19.838083, -9.903343, -33.292255), (22.180332, -9.490813, -31.905443), (24.234064, -9.073392, -30.502192), (26.024157, -8.66099, -29.115812), (27.578978, -8.260599, -27.769812), (28.927328, -7.8767858, -26.479538), (30.096544, -7.5122285, -25.254), (-30.331478, -5.6781516, -25.451132), (-29.175873, -5.9583473, -26.70705), (-27.83993, -6.2540708, -28.03257), (-26.295227, -6.563403, -29.419088), (-24.511526, -6.8829565, -30.851418), (-22.458635, -7.2074227, -32.30577), (-20.109562, -7.529151, -33.747852), (-17.445127, -7.837884, -35.131683), (-14.459952, -8.120851, -36.40002), (-11.168944, -8.363452, -37.48743), (-7.6126566, -8.550685, -38.326664), (-3.859106, -8.669247, -38.858093), (0, -8.709877, -39.04021), (3.859106, -8.669247, -38.858093), (7.6126566, -8.550685, -38.326664), (11.168944, -8.363452, -37.48743), (14.459952, -8.120851, -36.40002), (17.445127, -7.837884, -35.131683), (20.109562, -7.529151, -33.747852), (22.458635, -7.2074227, -32.30577), (24.511526, -6.8829565, -30.851418), (26.295227, -6.563403, -29.419088), (27.83993, -6.2540708, -28.03257), (29.175873, -5.9583473, -26.70705), (30.331478, -5.6781516, -25.451132), (-30.502695, -3.8068027, -25.5948), (-29.357378, -3.9969432, -26.873198), (-28.030924, -4.1979847, -28.224886), (-26.49412, -4.4086986, -29.64161), (-24.71565, -4.6268506, -31.108341), (-22.663961, -4.8488774, -32.601124), (-20.310444, -5.0695753, -34.084972), (-17.634218, -5.281893, -35.512478), (-14.6284075, -5.4769716, -36.824074), (-11.307097, -5.644602, -37.951126), (-7.7111673, -5.774223, -38.822624), (-3.9104667, -5.856417, -39.375256), (0, -5.8846054, -39.564774), (3.9104667, -5.856417, -39.375256), (7.7111673, -5.774223, -38.822624), (11.307097, -5.644602, -37.951126), (14.6284075, -5.4769716, -36.824074), (17.634218, -5.281893, -35.512478), (20.310444, -5.0695753, -34.084972), (22.663961, -4.8488774, -32.601124), (24.71565, -4.6268506, -31.108341), (26.49412, -4.4086986, -29.64161), (28.030924, -4.1979847, -28.224886), (29.357378, -3.9969432, -26.873198), (30.502695, -3.8068027, -25.5948), (-30.606829, -1.9098995, -25.682178), (-29.467922, -2.0059967, -26.974388), (-28.147427, -2.107716, -28.342194), (-26.615644, -2.2144601, -29.777569), (-24.840601, -2.325121, -31.26561), (-22.789894, -2.43791, -32.782272), (-20.4339, -2.5501955, -34.29216), (-17.750666, -2.658386, -35.746983), (-14.732351, -2.7579443, -37.08573), (-11.392492, -2.8436155, -38.237743), (-7.7721415, -2.9099405, -39.129604), (-3.9422853, -2.9520347, -39.69564), (0, -2.9664772, -39.889847), (3.9422853, -2.9520347, -39.69564), (7.7721415, -2.9099405, -39.129604), (11.392492, -2.8436155, -38.237743), (14.732351, -2.7579443, -37.08573), (17.750666, -2.658386, -35.746983), (20.4339, -2.5501955, -34.29216), (22.789894, -2.43791, -32.782272), (24.840601, -2.325121, -31.26561), (26.615644, -2.2144601, -29.777569), (28.147427, -2.107716, -28.342194), (29.467922, -2.0059967, -26.974388), (30.606829, -1.9098995, -25.682178), (-30.641777, 0, -25.711504), (-29.505047, 0, -27.008371), (-28.186584, 0, -28.381622), (-26.656525, 0, -29.823307), (-24.882675, 0, -31.318565), (-22.83234, 0, -32.84333), (-20.475557, 0, -34.362064), (-17.789997, 0, -35.82619), (-14.767495, 0, -37.1742), (-11.42139, 0, -38.334736), (-7.79279, 0, -39.233562), (-3.9530652, 0, -39.804188), (0, 0, -40), (3.9530652, 0, -39.804188), (7.79279, 0, -39.233562), (11.42139, 0, -38.334736), (14.767495, 0, -37.1742), (17.789997, 0, -35.82619), (20.475557, 0, -34.362064), (22.83234, 0, -32.84333), (24.882675, 0, -31.318565), (26.656525, 0, -29.823307), (28.186584, 0, -28.381622), (29.505047, 0, -27.008371), (30.641777, 0, -25.711504), (-30.606829, 1.9098995, -25.682178), (-29.467922, 2.0059967, -26.974388), (-28.147427, 2.107716, -28.342194), (-26.615644, 2.2144601, -29.777569), (-24.840601, 2.325121, -31.26561), (-22.789894, 2.43791, -32.782272), (-20.4339, 2.5501955, -34.29216), (-17.750666, 2.658386, -35.746983), (-14.732351, 2.7579443, -37.08573), (-11.392492, 2.8436155, -38.237743), (-7.7721415, 2.9099405, -39.129604), (-3.9422853, 2.9520347, -39.69564), (0, 2.9664772, -39.889847), (3.9422853, 2.9520347, -39.69564), (7.7721415, 2.9099405, -39.129604), (11.392492, 2.8436155, -38.237743), (14.732351, 2.7579443, -37.08573), (17.750666, 2.658386, -35.746983), (20.4339, 2.5501955, -34.29216), (22.789894, 2.43791, -32.782272), (24.840601, 2.325121, -31.26561), (26.615644, 2.2144601, -29.777569), (28.147427, 2.107716, -28.342194), (29.467922, 2.0059967, -26.974388), (30.606829, 1.9098995, -25.682178), (-30.502695, 3.8068027, -25.5948), (-29.357378, 3.9969432, -26.873198), (-28.030924, 4.1979847, -28.224886), (-26.49412, 4.4086986, -29.64161), (-24.71565, 4.6268506, -31.108341), (-22.663961, 4.8488774, -32.601124), (-20.310444, 5.0695753, -34.084972), (-17.634218, 5.281893, -35.512478), (-14.6284075, 5.4769716, -36.824074), (-11.307097, 5.644602, -37.951126), (-7.7111673, 5.774223, -38.822624), (-3.9104667, 5.856417, -39.375256), (0, 5.8846054, -39.564774), (3.9104667, 5.856417, -39.375256), (7.7111673, 5.774223, -38.822624), (11.307097, 5.644602, -37.951126), (14.6284075, 5.4769716, -36.824074), (17.634218, 5.281893, -35.512478), (20.310444, 5.0695753, -34.084972), (22.663961, 4.8488774, -32.601124), (24.71565, 4.6268506, -31.108341), (26.49412, 4.4086986, -29.64161), (28.030924, 4.1979847, -28.224886), (29.357378, 3.9969432, -26.873198), (30.502695, 3.8068027, -25.5948), (-30.331478, 5.6781516, -25.451132), (-29.175873, 5.9583473, -26.70705), (-27.83993, 6.2540708, -28.03257), (-26.295227, 6.563403, -29.419088), (-24.511526, 6.8829565, -30.851418), (-22.458635, 7.2074227, -32.30577), (-20.109562, 7.529151, -33.747852), (-17.445127, 7.837884, -35.131683), (-14.459952, 8.120851, -36.40002), (-11.168944, 8.363452, -37.48743), (-7.6126566, 8.550685, -38.326664), (-3.859106, 8.669247, -38.858093), (0, 8.709877, -39.04021), (3.859106, 8.669247, -38.858093), (7.6126566, 8.550685, -38.326664), (11.168944, 8.363452, -37.48743), (14.459952, 8.120851, -36.40002), (17.445127, 7.837884, -35.131683), (20.109562, 7.529151, -33.747852), (22.458635, 7.2074227, -32.30577), (24.511526, 6.8829565, -30.851418), (26.295227, 6.563403, -29.419088), (27.83993, 6.2540708, -28.03257), (29.175873, 5.9583473, -26.70705), (30.331478, 5.6781516, -25.451132), (-30.096544, 7.5122285, -25.254), (-28.927328, 7.8767858, -26.479538), (-27.578978, 8.260599, -27.769812), (-26.024157, 8.66099, -29.115812), (-24.234064, 9.073392, -30.502192), (-22.180332, 9.490813, -31.905443), (-19.838083, 9.903343, -33.292255), (-17.19034, 10.29788, -34.618576), (-14.233601, 10.658306, -35.830227), (-10.983769, 10.966387, -36.86591), (-7.480876, 11.203556, -37.663204), (-3.790486, 11.353462, -38.16715), (0, 11.404784, -38.339676), (3.790486, 11.353462, -38.16715), (7.480876, 11.203556, -37.663204), (10.983769, 10.966387, -36.86591), (14.233601, 10.658306, -35.830227), (17.19034, 10.29788, -34.618576), (19.838083, 9.903343, -33.292255), (22.180332, 9.490813, -31.905443), (24.234064, 9.073392, -30.502192), (26.024157, 8.66099, -29.115812), (27.578978, 8.260599, -27.769812), (28.927328, 7.8767858, -26.479538), (30.096544, 7.5122285, -25.254), (-29.802357, 9.298498, -25.007147), (-28.61691, 9.740326, -26.195389), (-27.254007, 10.204079, -27.442593), (-25.687647, 10.686248, -28.739326), (-23.890797, 11.1810875, -30.070137), (-21.837265, 11.680021, -31.411957), (-19.504673, 12.171128, -32.732727), (-16.878586, 12.638906, -33.990757), (-13.957614, 13.064555, -35.135487), (-10.758688, 13.427077, -36.110443), (-7.3210874, 13.705315, -36.85873), (-3.707413, 13.880796, -37.330666), (0, 13.9408045, -37.49205), (3.707413, 13.880796, -37.330666), (7.3210874, 13.705315, -36.85873), (10.758688, 13.427077, -36.110443), (13.957614, 13.064555, -35.135487), (16.878586, 12.638906, -33.990757), (19.504673, 12.171128, -32.732727), (21.837265, 11.680021, -31.411957), (23.890797, 11.1810875, -30.070137), (25.687647, 10.686248, -28.739326), (27.254007, 10.204079, -27.442593), (28.61691, 9.740326, -26.195389), (29.802357, 9.298498, -25.007147), (-29.454247, 11.027863, -24.715048), (-28.25075, 11.538835, -25.86021), (-26.871998, 12.073261, -27.05794), (-25.29356, 12.626765, -28.298422), (-23.490412, 13.192446, -29.566195), (-21.438816, 13.760284, -30.838802), (-19.119127, 14.316652, -32.085705), (-16.51964, 14.844146, -33.267895), (-13.641143, 15.322, -34.338833), (-10.501512, 15.727338, -35.247257), (-7.1390266, 16.037388, -35.942127), (-3.6129308, 16.232458, -36.379307), (0, 16.299082, -36.528618), (3.6129308, 16.232458, -36.379307), (7.1390266, 16.037388, -35.942127), (10.501512, 15.727338, -35.247257), (13.641143, 15.322, -34.338833), (16.51964, 14.844146, -33.267895), (19.119127, 14.316652, -32.085705), (21.438816, 13.760284, -30.838802), (23.490412, 13.192446, -29.566195), (25.29356, 12.626765, -28.298422), (26.871998, 12.073261, -27.05794), (28.25075, 11.538835, -25.86021), (29.454247, 11.027863, -24.715048), (-29.058159, 12.692825, -24.38269), (-27.835613, 13.264154, -25.480204), (-26.440596, 13.859344, -26.623552), (-24.850407, 14.473129, -27.802622), (-23.042223, 15.0975275, -29.00208), (-20.994907, 15.721261, -30.200262), (-18.691677, 16.329334, -31.36836), (-16.123579, 16.902966, -32.470295), (-13.293511, 17.42012, -33.46374), (-10.220115, 17.856895, -34.302776), (-6.9404283, 18.189793, -34.942265), (-3.5100682, 18.398695, -35.343563), (0, 18.469944, -35.480434), (3.5100682, 18.398695, -35.343563), (6.9404283, 18.189793, -34.942265), (10.220115, 17.856895, -34.302776), (13.293511, 17.42012, -33.46374), (16.123579, 16.902966, -32.470295), (18.691677, 16.329334, -31.36836), (20.994907, 15.721261, -30.200262), (23.042223, 15.0975275, -29.00208), (24.850407, 14.473129, -27.802622), (26.440596, 13.859344, -26.623552), (27.835613, 13.264154, -25.480204), (29.058159, 12.692825, -24.38269)]
                        color3f[] primvars:displayColor = [(0, 0.85, 0.95)] (
                            interpolation = "constant"
                        )
                        float[] primvars:displayOpacity = [0.3] (
                            interpolation = "constant"
                        )
                        uniform token purpose = "guide"
                        uniform token subdivisionScheme = "none"
                    }

                    def Mesh "Shell_identify" (
                        prepend apiSchemas = ["AecoDerivedGeometryAPI", "MaterialBindingAPI"]
                    )
                    {
                        uniform token aeco:derived:approx = "tessellated"
                        uniform token aeco:derived:role = "coverage"
                        string aeco:derived:source = "a6017978-22fe-5283-96a9-c002af3310c0"
                        string aeco:derived:stamp = "usdAecoCctv derive 0.5.3"
                        uniform bool doubleSided = 1
                        float3[] extent = [(-3.4556262, -2.0829477, -4.5109997), (3.4556262, 2.0829477, 0)]
                        int[] faceVertexCounts = [4, 4, 4, 4, 4, 4, 4, 4, 4, 4, 4, 4, 4, 4, 4, 4, 4, 4, 4, 4, 4, 4, 4, 4, 4, 4, 4, 4, 4, 4, 4, 4, 4, 4, 4, 4, 4, 4, 4, 4, 4, 4, 4, 4, 4, 4, 4, 4, 4, 4, 4, 4, 4, 4, 4, 4, 4, 4, 4, 4, 4, 4, 4, 4, 4, 4, 4, 4, 4, 4, 4, 4, 4, 4, 4, 4, 4, 4, 4, 4, 4, 4, 4, 4, 4, 4, 4, 4, 4, 4, 4, 4, 4, 4, 4, 4, 4, 4, 4, 4, 4, 4, 4, 4, 4, 4, 4, 4, 4, 4, 4, 4, 4, 4, 4, 4, 4, 4, 4, 4, 4, 4, 4, 4, 4, 4, 4, 4, 4, 4, 4, 4, 4, 4, 4, 4, 4, 4, 4, 4, 4, 4, 4, 4, 4, 4, 4, 4, 4, 4, 4, 4, 4, 4, 4, 4, 4, 4, 4, 4, 4, 4, 4, 4, 4, 4, 4, 4, 4, 4, 4, 4, 4, 4, 4, 4, 4, 4, 4, 4, 4, 4, 4, 4, 4, 4, 4, 4, 4, 4, 4, 4, 4, 4, 4, 4, 4, 4, 4, 4, 4, 4, 4, 4, 4, 4, 4, 4, 4, 4, 4, 4, 4, 4, 4, 4, 4, 4, 4, 4, 4, 4, 4, 4, 4, 4, 4, 4, 4, 4, 4, 4, 4, 4, 4, 4, 4, 4, 4, 4, 4, 4, 4, 4, 4, 4, 4, 4, 4, 4, 4, 4, 4, 4, 4, 4, 4, 4, 4, 4, 4, 4, 4, 4, 4, 4, 4, 4, 4, 4, 4, 4, 4, 4, 4, 4, 4, 4, 4, 4, 4, 4, 4, 4, 4, 4, 4, 4, 4, 4, 4, 4, 4, 4, 4, 4, 4, 4, 4, 4, 4, 4, 4, 4, 4, 4, 4, 4, 4, 4, 4, 4, 4, 4, 4, 4, 4, 4, 4, 4, 4, 4, 4, 4, 4, 4, 4, 4, 4, 4, 4, 4, 4, 4, 4, 4, 3, 3, 3, 3, 3, 3, 3, 3, 3, 3, 3, 3, 3, 3, 3, 3, 3, 3, 3, 3, 3, 3, 3, 3, 3, 3, 3, 3, 3, 3, 3, 3, 3, 3, 3, 3, 3, 3, 3, 3, 3, 3, 3, 3, 3, 3, 3, 3, 3, 3, 3, 3, 3, 3, 3, 3, 3, 3, 3, 3, 3, 3, 3, 3, 3, 3, 3, 3, 3, 3, 3, 3, 3, 3, 3, 3]
                        int[] faceVertexIndices = [1, 26, 27, 2, 2, 27, 28, 3, 3, 28, 29, 4, 4, 29, 30, 5, 5, 30, 31, 6, 6, 31, 32, 7, 7, 32, 33, 8, 8, 33, 34, 9, 9, 34, 35, 10, 10, 35, 36, 11, 11, 36, 37, 12, 12, 37, 38, 13, 13, 38, 39, 14, 14, 39, 40, 15, 15, 40, 41, 16, 16, 41, 42, 17, 17, 42, 43, 18, 18, 43, 44, 19, 19, 44, 45, 20, 20, 45, 46, 21, 21, 46, 47, 22, 22, 47, 48, 23, 23, 48, 49, 24, 24, 49, 50, 25, 26, 51, 52, 27, 27, 52, 53, 28, 28, 53, 54, 29, 29, 54, 55, 30, 30, 55, 56, 31, 31, 56, 57, 32, 32, 57, 58, 33, 33, 58, 59, 34, 34, 59, 60, 35, 35, 60, 61, 36, 36, 61, 62, 37, 37, 62, 63, 38, 38, 63, 64, 39, 39, 64, 65, 40, 40, 65, 66, 41, 41, 66, 67, 42, 42, 67, 68, 43, 43, 68, 69, 44, 44, 69, 70, 45, 45, 70, 71, 46, 46, 71, 72, 47, 47, 72, 73, 48, 48, 73, 74, 49, 49, 74, 75, 50, 51, 76, 77, 52, 52, 77, 78, 53, 53, 78, 79, 54, 54, 79, 80, 55, 55, 80, 81, 56, 56, 81, 82, 57, 57, 82, 83, 58, 58, 83, 84, 59, 59, 84, 85, 60, 60, 85, 86, 61, 61, 86, 87, 62, 62, 87, 88, 63, 63, 88, 89, 64, 64, 89, 90, 65, 65, 90, 91, 66, 66, 91, 92, 67, 67, 92, 93, 68, 68, 93, 94, 69, 69, 94, 95, 70, 70, 95, 96, 71, 71, 96, 97, 72, 72, 97, 98, 73, 73, 98, 99, 74, 74, 99, 100, 75, 76, 101, 102, 77, 77, 102, 103, 78, 78, 103, 104, 79, 79, 104, 105, 80, 80, 105, 106, 81, 81, 106, 107, 82, 82, 107, 108, 83, 83, 108, 109, 84, 84, 109, 110, 85, 85, 110, 111, 86, 86, 111, 112, 87, 87, 112, 113, 88, 88, 113, 114, 89, 89, 114, 115, 90, 90, 115, 116, 91, 91, 116, 117, 92, 92, 117, 118, 93, 93, 118, 119, 94, 94, 119, 120, 95, 95, 120, 121, 96, 96, 121, 122, 97, 97, 122, 123, 98, 98, 123, 124, 99, 99, 124, 125, 100, 101, 126, 127, 102, 102, 127, 128, 103, 103, 128, 129, 104, 104, 129, 130, 105, 105, 130, 131, 106, 106, 131, 132, 107, 107, 132, 133, 108, 108, 133, 134, 109, 109, 134, 135, 110, 110, 135, 136, 111, 111, 136, 137, 112, 112, 137, 138, 113, 113, 138, 139, 114, 114, 139, 140, 115, 115, 140, 141, 116, 116, 141, 142, 117, 117, 142, 143, 118, 118, 143, 144, 119, 119, 144, 145, 120, 120, 145, 146, 121, 121, 146, 147, 122, 122, 147, 148, 123, 123, 148, 149, 124, 124, 149, 150, 125, 126, 151, 152, 127, 127, 152, 153, 128, 128, 153, 154, 129, 129, 154, 155, 130, 130, 155, 156, 131, 131, 156, 157, 132, 132, 157, 158, 133, 133, 158, 159, 134, 134, 159, 160, 135, 135, 160, 161, 136, 136, 161, 162, 137, 137, 162, 163, 138, 138, 163, 164, 139, 139, 164, 165, 140, 140, 165, 166, 141, 141, 166, 167, 142, 142, 167, 168, 143, 143, 168, 169, 144, 144, 169, 170, 145, 145, 170, 171, 146, 146, 171, 172, 147, 147, 172, 173, 148, 148, 173, 174, 149, 149, 174, 175, 150, 151, 176, 177, 152, 152, 177, 178, 153, 153, 178, 179, 154, 154, 179, 180, 155, 155, 180, 181, 156, 156, 181, 182, 157, 157, 182, 183, 158, 158, 183, 184, 159, 159, 184, 185, 160, 160, 185, 186, 161, 161, 186, 187, 162, 162, 187, 188, 163, 163, 188, 189, 164, 164, 189, 190, 165, 165, 190, 191, 166, 166, 191, 192, 167, 167, 192, 193, 168, 168, 193, 194, 169, 169, 194, 195, 170, 170, 195, 196, 171, 171, 196, 197, 172, 172, 197, 198, 173, 173, 198, 199, 174, 174, 199, 200, 175, 176, 201, 202, 177, 177, 202, 203, 178, 178, 203, 204, 179, 179, 204, 205, 180, 180, 205, 206, 181, 181, 206, 207, 182, 182, 207, 208, 183, 183, 208, 209, 184, 184, 209, 210, 185, 185, 210, 211, 186, 186, 211, 212, 187, 187, 212, 213, 188, 188, 213, 214, 189, 189, 214, 215, 190, 190, 215, 216, 191, 191, 216, 217, 192, 192, 217, 218, 193, 193, 218, 219, 194, 194, 219, 220, 195, 195, 220, 221, 196, 196, 221, 222, 197, 197, 222, 223, 198, 198, 223, 224, 199, 199, 224, 225, 200, 201, 226, 227, 202, 202, 227, 228, 203, 203, 228, 229, 204, 204, 229, 230, 205, 205, 230, 231, 206, 206, 231, 232, 207, 207, 232, 233, 208, 208, 233, 234, 209, 209, 234, 235, 210, 210, 235, 236, 211, 211, 236, 237, 212, 212, 237, 238, 213, 213, 238, 239, 214, 214, 239, 240, 215, 215, 240, 241, 216, 216, 241, 242, 217, 217, 242, 243, 218, 218, 243, 244, 219, 219, 244, 245, 220, 220, 245, 246, 221, 221, 246, 247, 222, 222, 247, 248, 223, 223, 248, 249, 224, 224, 249, 250, 225, 226, 251, 252, 227, 227, 252, 253, 228, 228, 253, 254, 229, 229, 254, 255, 230, 230, 255, 256, 231, 231, 256, 257, 232, 232, 257, 258, 233, 233, 258, 259, 234, 234, 259, 260, 235, 235, 260, 261, 236, 236, 261, 262, 237, 237, 262, 263, 238, 238, 263, 264, 239, 239, 264, 265, 240, 240, 265, 266, 241, 241, 266, 267, 242, 242, 267, 268, 243, 243, 268, 269, 244, 244, 269, 270, 245, 245, 270, 271, 246, 246, 271, 272, 247, 247, 272, 273, 248, 248, 273, 274, 249, 249, 274, 275, 250, 251, 276, 277, 252, 252, 277, 278, 253, 253, 278, 279, 254, 254, 279, 280, 255, 255, 280, 281, 256, 256, 281, 282, 257, 257, 282, 283, 258, 258, 283, 284, 259, 259, 284, 285, 260, 260, 285, 286, 261, 261, 286, 287, 262, 262, 287, 288, 263, 263, 288, 289, 264, 264, 289, 290, 265, 265, 290, 291, 266, 266, 291, 292, 267, 267, 292, 293, 268, 268, 293, 294, 269, 269, 294, 295, 270, 270, 295, 296, 271, 271, 296, 297, 272, 272, 297, 298, 273, 273, 298, 299, 274, 274, 299, 300, 275, 276, 301, 302, 277, 277, 302, 303, 278, 278, 303, 304, 279, 279, 304, 305, 280, 280, 305, 306, 281, 281, 306, 307, 282, 282, 307, 308, 283, 283, 308, 309, 284, 284, 309, 310, 285, 285, 310, 311, 286, 286, 311, 312, 287, 287, 312, 313, 288, 288, 313, 314, 289, 289, 314, 315, 290, 290, 315, 316, 291, 291, 316, 317, 292, 292, 317, 318, 293, 293, 318, 319, 294, 294, 319, 320, 295, 295, 320, 321, 296, 296, 321, 322, 297, 297, 322, 323, 298, 298, 323, 324, 299, 299, 324, 325, 300, 301, 326, 327, 302, 302, 327, 328, 303, 303, 328, 329, 304, 304, 329, 330, 305, 305, 330, 331, 306, 306, 331, 332, 307, 307, 332, 333, 308, 308, 333, 334, 309, 309, 334, 335, 310, 310, 335, 336, 311, 311, 336, 337, 312, 312, 337, 338, 313, 313, 338, 339, 314, 314, 339, 340, 315, 315, 340, 341, 316, 316, 341, 342, 317, 317, 342, 343, 318, 318, 343, 344, 319, 319, 344, 345, 320, 320, 345, 346, 321, 321, 346, 347, 322, 322, 347, 348, 323, 323, 348, 349, 324, 324, 349, 350, 325, 326, 351, 352, 327, 327, 352, 353, 328, 328, 353, 354, 329, 329, 354, 355, 330, 330, 355, 356, 331, 331, 356, 357, 332, 332, 357, 358, 333, 333, 358, 359, 334, 334, 359, 360, 335, 335, 360, 361, 336, 336, 361, 362, 337, 337, 362, 363, 338, 338, 363, 364, 339, 339, 364, 365, 340, 340, 365, 366, 341, 341, 366, 367, 342, 342, 367, 368, 343, 343, 368, 369, 344, 344, 369, 370, 345, 345, 370, 371, 346, 346, 371, 372, 347, 347, 372, 373, 348, 348, 373, 374, 349, 349, 374, 375, 350, 0, 1, 2, 0, 2, 3, 0, 3, 4, 0, 4, 5, 0, 5, 6, 0, 6, 7, 0, 7, 8, 0, 8, 9, 0, 9, 10, 0, 10, 11, 0, 11, 12, 0, 12, 13, 0, 13, 14, 0, 14, 15, 0, 15, 16, 0, 16, 17, 0, 17, 18, 0, 18, 19, 0, 19, 20, 0, 20, 21, 0, 21, 22, 0, 22, 23, 0, 23, 24, 0, 24, 25, 0, 352, 351, 0, 353, 352, 0, 354, 353, 0, 355, 354, 0, 356, 355, 0, 357, 356, 0, 358, 357, 0, 359, 358, 0, 360, 359, 0, 361, 360, 0, 362, 361, 0, 363, 362, 0, 364, 363, 0, 365, 364, 0, 366, 365, 0, 367, 366, 0, 368, 367, 0, 369, 368, 0, 370, 369, 0, 371, 370, 0, 372, 371, 0, 373, 372, 0, 374, 373, 0, 375, 374, 0, 26, 1, 0, 51, 26, 0, 76, 51, 0, 101, 76, 0, 126, 101, 0, 151, 126, 0, 176, 151, 0, 201, 176, 0, 226, 201, 0, 251, 226, 0, 276, 251, 0, 301, 276, 0, 326, 301, 0, 351, 326, 0, 25, 50, 0, 50, 75, 0, 75, 100, 0, 100, 125, 0, 125, 150, 0, 150, 175, 0, 175, 200, 0, 200, 225, 0, 225, 250, 0, 250, 275, 0, 275, 300, 0, 300, 325, 0, 325, 350, 0, 350, 375]
                        rel material:binding = </AecoCctvLooks/Shell_identify>
                        point3f[] points = [(0, 0, 0), (-3.2770336, -1.4314332, -2.7497578), (-3.139161, -1.4958649, -2.8735297), (-2.9818377, -1.5629873, -3.0024707), (-2.8025043, -1.632207, -3.1354406), (-2.5985863, -1.7026235, -3.2707093), (-2.3677006, -1.7729651, -3.4058342), (-2.1079538, -1.8415406, -3.5375664), (-1.8183365, -1.9062318, -3.661837), (-1.4991755, -1.964554, -3.773873), (-1.1525733, -2.0138113, -3.8684955), (-0.78270674, -2.0513537, -3.9406137), (-0.39584792, -2.0749125, -3.9858701), (0, -2.0829477, -4.0013056), (0.39584792, -2.0749125, -3.9858701), (0.78270674, -2.0513537, -3.9406137), (1.1525733, -2.0138113, -3.8684955), (1.4991755, -1.964554, -3.773873), (1.8183365, -1.9062318, -3.661837), (2.1079538, -1.8415406, -3.5375664), (2.3677006, -1.7729651, -3.4058342), (2.5985863, -1.7026235, -3.2707093), (2.8025043, -1.632207, -3.1354406), (2.9818377, -1.5629873, -3.0024707), (3.139161, -1.4958649, -2.8735297), (3.2770336, -1.4314332, -2.7497578), (-3.3217025, -1.2436671, -2.7872393), (-3.185978, -1.301292, -2.916385), (-3.0304892, -1.361562, -3.0514588), (-2.852481, -1.4239833, -3.1913543), (-2.649131, -1.487778, -3.3343275), (-2.4177623, -1.5518159, -3.4778457), (-2.1561594, -1.6145602, -3.618465), (-1.8630022, -1.6740484, -3.7517865), (-1.5383798, -1.7279383, -3.8725617), (-1.1843078, -1.7736503, -3.975009), (-0.80510366, -1.8086164, -4.053373), (-0.40744823, -1.8306154, -4.102676), (0, -1.8381288, -4.1195145), (0.40744823, -1.8306154, -4.102676), (0.80510366, -1.8086164, -4.053373), (1.1843078, -1.7736503, -3.975009), (1.5383798, -1.7279383, -3.8725617), (1.8630022, -1.6740484, -3.7517865), (2.1561594, -1.6145602, -3.618465), (2.4177623, -1.5518159, -3.4778457), (2.649131, -1.487778, -3.3343275), (2.852481, -1.4239833, -3.1913543), (3.0304892, -1.361562, -3.0514588), (3.185978, -1.301292, -2.916385), (3.3217025, -1.2436671, -2.7872393), (-3.3609605, -1.048638, -2.820181), (-3.227272, -1.0984652, -2.9541848), (-3.0735705, -1.1507648, -3.0948381), (-2.8969243, -1.2051414, -3.2410774), (-2.6942842, -1.260947, -3.3911595), (-2.4626973, -1.3172143, -3.542483), (-2.1996393, -1.3725989, -3.691433), (-1.9034823, -1.4253525, -3.833307), (-1.5740699, -1.473355, -3.9624043), (-1.213311, -1.5142385, -4.0723553), (-0.82563555, -1.5456167, -4.156743), (-0.41810346, -1.5654067, -4.209965), (0, -1.5721742, -4.2281656), (0.41810346, -1.5654067, -4.209965), (0.82563555, -1.5456167, -4.156743), (1.213311, -1.5142385, -4.0723553), (1.5740699, -1.473355, -3.9624043), (1.9034823, -1.4253525, -3.833307), (2.1996393, -1.3725989, -3.691433), (2.4626973, -1.3172143, -3.542483), (2.6942842, -1.260947, -3.3911595), (2.8969243, -1.2051414, -3.2410774), (3.0735705, -1.1507648, -3.0948381), (3.227272, -1.0984652, -2.9541848), (3.3609605, -1.048638, -2.820181), (-3.3941374, -0.8471915, -2.8480196), (-3.262279, -0.8883045, -2.9862297), (-3.110219, -0.93158907, -3.1317403), (-2.9348738, -0.9767431, -3.2835355), (-2.7329965, -1.0232517, -3.4398844), (-2.501387, -1.0703263, -3.5981362), (-2.2372396, -1.1168494, -3.7545338), (-1.9386404, -1.1613433, -3.9041097), (-1.6051941, -1.2019904, -4.0407534), (-1.2386945, -1.2367342, -4.1575522), (-0.84365577, -1.2634809, -4.2474675), (-0.42747205, -1.2803866, -4.3043), (0, -1.2861744, -4.3237567), (0.42747205, -1.2803866, -4.3043), (0.84365577, -1.2634809, -4.2474675), (1.2386945, -1.2367342, -4.1575522), (1.6051941, -1.2019904, -4.0407534), (1.9386404, -1.1613433, -3.9041097), (2.2372396, -1.1168494, -3.7545338), (2.501387, -1.0703263, -3.5981362), (2.7329965, -1.0232517, -3.4398844), (2.9348738, -0.9767431, -3.2835355), (3.110219, -0.93158907, -3.1317403), (3.262279, -0.8883045, -2.9862297), (3.3941374, -0.8471915, -2.8480196), (-3.4206321, -0.6403535, -2.8702512), (-3.2903087, -0.6719526, -3.0118876), (-3.1396477, -0.7053028, -3.1613727), (-2.965444, -0.74018776, -3.3177373), (-2.764287, -0.7762253, -3.4792683), (-2.5327723, -0.81281704, -3.643283), (-2.2678556, -0.84909993, -3.8059134), (-1.9673742, -0.8839173, -3.961975), (-1.630721, -0.9158289, -4.105012), (-1.2595776, -0.9431882, -4.2276444), (-0.8585173, -0.96430343, -4.3222895), (-0.43521065, -0.97767425, -4.382221), (0, -0.98225635, -4.4027596), (0.43521065, -0.97767425, -4.382221), (0.8585173, -0.96430343, -4.3222895), (1.2595776, -0.9431882, -4.2276444), (1.630721, -0.9158289, -4.105012), (1.9673742, -0.8839173, -3.961975), (2.2678556, -0.84909993, -3.8059134), (2.5327723, -0.81281704, -3.643283), (2.764287, -0.7762253, -3.4792683), (2.965444, -0.74018776, -3.3177373), (3.1396477, -0.7053028, -3.1613727), (3.2903087, -0.6719526, -3.0118876), (3.4206321, -0.6403535, -2.8702512), (-3.4399412, -0.42931214, -2.8864534), (-3.3107781, -0.45075524, -3.0306246), (-3.1611872, -0.47342765, -3.1830614), (-2.9878743, -0.49719092, -3.342832), (-2.7873073, -0.521793, -3.5082428), (-2.555928, -0.5468321, -3.6765914), (-2.2905102, -0.5717213, -3.8439324), (-1.9886987, -0.5956654, -4.004919), (-1.6497185, -0.6176654, -4.152835), (-1.2751578, -0.6365699, -4.2799377), (-0.8696268, -0.6511879, -4.378221), (-0.44100285, -0.6604574, -4.440544), (0, -0.66363627, -4.461917), (0.44100285, -0.6604574, -4.440544), (0.8696268, -0.6511879, -4.378221), (1.2751578, -0.6365699, -4.2799377), (1.6497185, -0.6176654, -4.152835), (1.9886987, -0.5956654, -4.004919), (2.2905102, -0.5717213, -3.8439324), (2.555928, -0.5468321, -3.6765914), (2.7873073, -0.521793, -3.5082428), (2.9878743, -0.49719092, -3.342832), (3.1611872, -0.47342765, -3.1830614), (3.3107781, -0.45075524, -3.0306246), (3.4399412, -0.42931214, -2.8864534), (-3.451685, -0.2153889, -2.8963075), (-3.3232446, -0.22622627, -3.0420363), (-3.1743257, -0.23769766, -3.1962907), (-3.001579, -0.24973573, -3.358165), (-2.8013985, -0.2622155, -3.5259788), (-2.57013, -0.27493528, -3.6970203), (-2.304433, -0.28759825, -3.867298), (-2.001831, -0.29979944, -4.031366), (-1.6614408, -0.31102714, -4.182343), (-1.2847881, -0.32068872, -4.312261), (-0.87650317, -0.3281685, -4.412841), (-0.44459116, -0.3329157, -4.4766755), (0, -0.33454445, -4.498577), (0.44459116, -0.3329157, -4.4766755), (0.87650317, -0.3281685, -4.412841), (1.2847881, -0.32068872, -4.312261), (1.6614408, -0.31102714, -4.182343), (2.001831, -0.29979944, -4.031366), (2.304433, -0.28759825, -3.867298), (2.57013, -0.27493528, -3.6970203), (2.8013985, -0.2622155, -3.5259788), (3.001579, -0.24973573, -3.358165), (3.1743257, -0.23769766, -3.1962907), (3.3232446, -0.22622627, -3.0420363), (3.451685, -0.2153889, -2.8963075), (-3.4556262, 0, -2.8996146), (-3.3274314, 0, -3.0458689), (-3.1787417, 0, -3.2007372), (-3.0061893, 0, -3.3633232), (-2.8061433, 0, -3.531951), (-2.574917, 0, -3.703906), (-2.309131, 0, -3.8751817), (-2.0062668, 0, -4.0402985), (-1.6654041, 0, -4.19232), (-1.2880471, 0, -4.3231993), (-0.8788318, 0, -4.424565), (-0.4458069, 0, -4.488917), (0, 0, -4.5109997), (0.4458069, 0, -4.488917), (0.8788318, 0, -4.424565), (1.2880471, 0, -4.3231993), (1.6654041, 0, -4.19232), (2.0062668, 0, -4.0402985), (2.309131, 0, -3.8751817), (2.574917, 0, -3.703906), (2.8061433, 0, -3.531951), (3.0061893, 0, -3.3633232), (3.1787417, 0, -3.2007372), (3.3274314, 0, -3.0458689), (3.4556262, 0, -2.8996146), (-3.451685, 0.2153889, -2.8963075), (-3.3232446, 0.22622627, -3.0420363), (-3.1743257, 0.23769766, -3.1962907), (-3.001579, 0.24973573, -3.358165), (-2.8013985, 0.2622155, -3.5259788), (-2.57013, 0.27493528, -3.6970203), (-2.304433, 0.28759825, -3.867298), (-2.001831, 0.29979944, -4.031366), (-1.6614408, 0.31102714, -4.182343), (-1.2847881, 0.32068872, -4.312261), (-0.87650317, 0.3281685, -4.412841), (-0.44459116, 0.3329157, -4.4766755), (0, 0.33454445, -4.498577), (0.44459116, 0.3329157, -4.4766755), (0.87650317, 0.3281685, -4.412841), (1.2847881, 0.32068872, -4.312261), (1.6614408, 0.31102714, -4.182343), (2.001831, 0.29979944, -4.031366), (2.304433, 0.28759825, -3.867298), (2.57013, 0.27493528, -3.6970203), (2.8013985, 0.2622155, -3.5259788), (3.001579, 0.24973573, -3.358165), (3.1743257, 0.23769766, -3.1962907), (3.3232446, 0.22622627, -3.0420363), (3.451685, 0.2153889, -2.8963075), (-3.4399412, 0.42931214, -2.8864534), (-3.3107781, 0.45075524, -3.0306246), (-3.1611872, 0.47342765, -3.1830614), (-2.9878743, 0.49719092, -3.342832), (-2.7873073, 0.521793, -3.5082428), (-2.555928, 0.5468321, -3.6765914), (-2.2905102, 0.5717213, -3.8439324), (-1.9886987, 0.5956654, -4.004919), (-1.6497185, 0.6176654, -4.152835), (-1.2751578, 0.6365699, -4.2799377), (-0.8696268, 0.6511879, -4.378221), (-0.44100285, 0.6604574, -4.440544), (0, 0.66363627, -4.461917), (0.44100285, 0.6604574, -4.440544), (0.8696268, 0.6511879, -4.378221), (1.2751578, 0.6365699, -4.2799377), (1.6497185, 0.6176654, -4.152835), (1.9886987, 0.5956654, -4.004919), (2.2905102, 0.5717213, -3.8439324), (2.555928, 0.5468321, -3.6765914), (2.7873073, 0.521793, -3.5082428), (2.9878743, 0.49719092, -3.342832), (3.1611872, 0.47342765, -3.1830614), (3.3107781, 0.45075524, -3.0306246), (3.4399412, 0.42931214, -2.8864534), (-3.4206321, 0.6403535, -2.8702512), (-3.2903087, 0.6719526, -3.0118876), (-3.1396477, 0.7053028, -3.1613727), (-2.965444, 0.74018776, -3.3177373), (-2.764287, 0.7762253, -3.4792683), (-2.5327723, 0.81281704, -3.643283), (-2.2678556, 0.84909993, -3.8059134), (-1.9673742, 0.8839173, -3.961975), (-1.630721, 0.9158289, -4.105012), (-1.2595776, 0.9431882, -4.2276444), (-0.8585173, 0.96430343, -4.3222895), (-0.43521065, 0.97767425, -4.382221), (0, 0.98225635, -4.4027596), (0.43521065, 0.97767425, -4.382221), (0.8585173, 0.96430343, -4.3222895), (1.2595776, 0.9431882, -4.2276444), (1.630721, 0.9158289, -4.105012), (1.9673742, 0.8839173, -3.961975), (2.2678556, 0.84909993, -3.8059134), (2.5327723, 0.81281704, -3.643283), (2.764287, 0.7762253, -3.4792683), (2.965444, 0.74018776, -3.3177373), (3.1396477, 0.7053028, -3.1613727), (3.2903087, 0.6719526, -3.0118876), (3.4206321, 0.6403535, -2.8702512), (-3.3941374, 0.8471915, -2.8480196), (-3.262279, 0.8883045, -2.9862297), (-3.110219, 0.93158907, -3.1317403), (-2.9348738, 0.9767431, -3.2835355), (-2.7329965, 1.0232517, -3.4398844), (-2.501387, 1.0703263, -3.5981362), (-2.2372396, 1.1168494, -3.7545338), (-1.9386404, 1.1613433, -3.9041097), (-1.6051941, 1.2019904, -4.0407534), (-1.2386945, 1.2367342, -4.1575522), (-0.84365577, 1.2634809, -4.2474675), (-0.42747205, 1.2803866, -4.3043), (0, 1.2861744, -4.3237567), (0.42747205, 1.2803866, -4.3043), (0.84365577, 1.2634809, -4.2474675), (1.2386945, 1.2367342, -4.1575522), (1.6051941, 1.2019904, -4.0407534), (1.9386404, 1.1613433, -3.9041097), (2.2372396, 1.1168494, -3.7545338), (2.501387, 1.0703263, -3.5981362), (2.7329965, 1.0232517, -3.4398844), (2.9348738, 0.9767431, -3.2835355), (3.110219, 0.93158907, -3.1317403), (3.262279, 0.8883045, -2.9862297), (3.3941374, 0.8471915, -2.8480196), (-3.3609605, 1.048638, -2.820181), (-3.227272, 1.0984652, -2.9541848), (-3.0735705, 1.1507648, -3.0948381), (-2.8969243, 1.2051414, -3.2410774), (-2.6942842, 1.260947, -3.3911595), (-2.4626973, 1.3172143, -3.542483), (-2.1996393, 1.3725989, -3.691433), (-1.9034823, 1.4253525, -3.833307), (-1.5740699, 1.473355, -3.9624043), (-1.213311, 1.5142385, -4.0723553), (-0.82563555, 1.5456167, -4.156743), (-0.41810346, 1.5654067, -4.209965), (0, 1.5721742, -4.2281656), (0.41810346, 1.5654067, -4.209965), (0.82563555, 1.5456167, -4.156743), (1.213311, 1.5142385, -4.0723553), (1.5740699, 1.473355, -3.9624043), (1.9034823, 1.4253525, -3.833307), (2.1996393, 1.3725989, -3.691433), (2.4626973, 1.3172143, -3.542483), (2.6942842, 1.260947, -3.3911595), (2.8969243, 1.2051414, -3.2410774), (3.0735705, 1.1507648, -3.0948381), (3.227272, 1.0984652, -2.9541848), (3.3609605, 1.048638, -2.820181), (-3.3217025, 1.2436671, -2.7872393), (-3.185978, 1.301292, -2.916385), (-3.0304892, 1.361562, -3.0514588), (-2.852481, 1.4239833, -3.1913543), (-2.649131, 1.487778, -3.3343275), (-2.4177623, 1.5518159, -3.4778457), (-2.1561594, 1.6145602, -3.618465), (-1.8630022, 1.6740484, -3.7517865), (-1.5383798, 1.7279383, -3.8725617), (-1.1843078, 1.7736503, -3.975009), (-0.80510366, 1.8086164, -4.053373), (-0.40744823, 1.8306154, -4.102676), (0, 1.8381288, -4.1195145), (0.40744823, 1.8306154, -4.102676), (0.80510366, 1.8086164, -4.053373), (1.1843078, 1.7736503, -3.975009), (1.5383798, 1.7279383, -3.8725617), (1.8630022, 1.6740484, -3.7517865), (2.1561594, 1.6145602, -3.618465), (2.4177623, 1.5518159, -3.4778457), (2.649131, 1.487778, -3.3343275), (2.852481, 1.4239833, -3.1913543), (3.0304892, 1.361562, -3.0514588), (3.185978, 1.301292, -2.916385), (3.3217025, 1.2436671, -2.7872393), (-3.2770336, 1.4314332, -2.7497578), (-3.139161, 1.4958649, -2.8735297), (-2.9818377, 1.5629873, -3.0024707), (-2.8025043, 1.632207, -3.1354406), (-2.5985863, 1.7026235, -3.2707093), (-2.3677006, 1.7729651, -3.4058342), (-2.1079538, 1.8415406, -3.5375664), (-1.8183365, 1.9062318, -3.661837), (-1.4991755, 1.964554, -3.773873), (-1.1525733, 2.0138113, -3.8684955), (-0.78270674, 2.0513537, -3.9406137), (-0.39584792, 2.0749125, -3.9858701), (0, 2.0829477, -4.0013056), (0.39584792, 2.0749125, -3.9858701), (0.78270674, 2.0513537, -3.9406137), (1.1525733, 2.0138113, -3.8684955), (1.4991755, 1.964554, -3.773873), (1.8183365, 1.9062318, -3.661837), (2.1079538, 1.8415406, -3.5375664), (2.3677006, 1.7729651, -3.4058342), (2.5985863, 1.7026235, -3.2707093), (2.8025043, 1.632207, -3.1354406), (2.9818377, 1.5629873, -3.0024707), (3.139161, 1.4958649, -2.8735297), (3.2770336, 1.4314332, -2.7497578)]
                        color3f[] primvars:displayColor = [(0, 0.5, 0.45)] (
                            interpolation = "constant"
                        )
                        float[] primvars:displayOpacity = [0.3] (
                            interpolation = "constant"
                        )
                        uniform token purpose = "guide"
                        uniform token subdivisionScheme = "none"
                    }

                    def Mesh "Shell_recognise" (
                        prepend apiSchemas = ["AecoDerivedGeometryAPI", "MaterialBindingAPI"]
                    )
                    {
                        uniform token aeco:derived:approx = "tessellated"
                        uniform token aeco:derived:role = "coverage"
                        string aeco:derived:source = "a6017978-22fe-5283-96a9-c002af3310c0"
                        string aeco:derived:stamp = "usdAecoCctv derive 0.5.3"
                        uniform bool doubleSided = 1
                        float3[] extent = [(-6.9112525, -4.1658955, -9.021999), (6.9112525, 4.1658955, 0)]
                        int[] faceVertexCounts = [4, 4, 4, 4, 4, 4, 4, 4, 4, 4, 4, 4, 4, 4, 4, 4, 4, 4, 4, 4, 4, 4, 4, 4, 4, 4, 4, 4, 4, 4, 4, 4, 4, 4, 4, 4, 4, 4, 4, 4, 4, 4, 4, 4, 4, 4, 4, 4, 4, 4, 4, 4, 4, 4, 4, 4, 4, 4, 4, 4, 4, 4, 4, 4, 4, 4, 4, 4, 4, 4, 4, 4, 4, 4, 4, 4, 4, 4, 4, 4, 4, 4, 4, 4, 4, 4, 4, 4, 4, 4, 4, 4, 4, 4, 4, 4, 4, 4, 4, 4, 4, 4, 4, 4, 4, 4, 4, 4, 4, 4, 4, 4, 4, 4, 4, 4, 4, 4, 4, 4, 4, 4, 4, 4, 4, 4, 4, 4, 4, 4, 4, 4, 4, 4, 4, 4, 4, 4, 4, 4, 4, 4, 4, 4, 4, 4, 4, 4, 4, 4, 4, 4, 4, 4, 4, 4, 4, 4, 4, 4, 4, 4, 4, 4, 4, 4, 4, 4, 4, 4, 4, 4, 4, 4, 4, 4, 4, 4, 4, 4, 4, 4, 4, 4, 4, 4, 4, 4, 4, 4, 4, 4, 4, 4, 4, 4, 4, 4, 4, 4, 4, 4, 4, 4, 4, 4, 4, 4, 4, 4, 4, 4, 4, 4, 4, 4, 4, 4, 4, 4, 4, 4, 4, 4, 4, 4, 4, 4, 4, 4, 4, 4, 4, 4, 4, 4, 4, 4, 4, 4, 4, 4, 4, 4, 4, 4, 4, 4, 4, 4, 4, 4, 4, 4, 4, 4, 4, 4, 4, 4, 4, 4, 4, 4, 4, 4, 4, 4, 4, 4, 4, 4, 4, 4, 4, 4, 4, 4, 4, 4, 4, 4, 4, 4, 4, 4, 4, 4, 4, 4, 4, 4, 4, 4, 4, 4, 4, 4, 4, 4, 4, 4, 4, 4, 4, 4, 4, 4, 4, 4, 4, 4, 4, 4, 4, 4, 4, 4, 4, 4, 4, 4, 4, 4, 4, 4, 4, 4, 4, 4, 4, 4, 4, 4, 4, 4, 3, 3, 3, 3, 3, 3, 3, 3, 3, 3, 3, 3, 3, 3, 3, 3, 3, 3, 3, 3, 3, 3, 3, 3, 3, 3, 3, 3, 3, 3, 3, 3, 3, 3, 3, 3, 3, 3, 3, 3, 3, 3, 3, 3, 3, 3, 3, 3, 3, 3, 3, 3, 3, 3, 3, 3, 3, 3, 3, 3, 3, 3, 3, 3, 3, 3, 3, 3, 3, 3, 3, 3, 3, 3, 3, 3]
                        int[] faceVertexIndices = [1, 26, 27, 2, 2, 27, 28, 3, 3, 28, 29, 4, 4, 29, 30, 5, 5, 30, 31, 6, 6, 31, 32, 7, 7, 32, 33, 8, 8, 33, 34, 9, 9, 34, 35, 10, 10, 35, 36, 11, 11, 36, 37, 12, 12, 37, 38, 13, 13, 38, 39, 14, 14, 39, 40, 15, 15, 40, 41, 16, 16, 41, 42, 17, 17, 42, 43, 18, 18, 43, 44, 19, 19, 44, 45, 20, 20, 45, 46, 21, 21, 46, 47, 22, 22, 47, 48, 23, 23, 48, 49, 24, 24, 49, 50, 25, 26, 51, 52, 27, 27, 52, 53, 28, 28, 53, 54, 29, 29, 54, 55, 30, 30, 55, 56, 31, 31, 56, 57, 32, 32, 57, 58, 33, 33, 58, 59, 34, 34, 59, 60, 35, 35, 60, 61, 36, 36, 61, 62, 37, 37, 62, 63, 38, 38, 63, 64, 39, 39, 64, 65, 40, 40, 65, 66, 41, 41, 66, 67, 42, 42, 67, 68, 43, 43, 68, 69, 44, 44, 69, 70, 45, 45, 70, 71, 46, 46, 71, 72, 47, 47, 72, 73, 48, 48, 73, 74, 49, 49, 74, 75, 50, 51, 76, 77, 52, 52, 77, 78, 53, 53, 78, 79, 54, 54, 79, 80, 55, 55, 80, 81, 56, 56, 81, 82, 57, 57, 82, 83, 58, 58, 83, 84, 59, 59, 84, 85, 60, 60, 85, 86, 61, 61, 86, 87, 62, 62, 87, 88, 63, 63, 88, 89, 64, 64, 89, 90, 65, 65, 90, 91, 66, 66, 91, 92, 67, 67, 92, 93, 68, 68, 93, 94, 69, 69, 94, 95, 70, 70, 95, 96, 71, 71, 96, 97, 72, 72, 97, 98, 73, 73, 98, 99, 74, 74, 99, 100, 75, 76, 101, 102, 77, 77, 102, 103, 78, 78, 103, 104, 79, 79, 104, 105, 80, 80, 105, 106, 81, 81, 106, 107, 82, 82, 107, 108, 83, 83, 108, 109, 84, 84, 109, 110, 85, 85, 110, 111, 86, 86, 111, 112, 87, 87, 112, 113, 88, 88, 113, 114, 89, 89, 114, 115, 90, 90, 115, 116, 91, 91, 116, 117, 92, 92, 117, 118, 93, 93, 118, 119, 94, 94, 119, 120, 95, 95, 120, 121, 96, 96, 121, 122, 97, 97, 122, 123, 98, 98, 123, 124, 99, 99, 124, 125, 100, 101, 126, 127, 102, 102, 127, 128, 103, 103, 128, 129, 104, 104, 129, 130, 105, 105, 130, 131, 106, 106, 131, 132, 107, 107, 132, 133, 108, 108, 133, 134, 109, 109, 134, 135, 110, 110, 135, 136, 111, 111, 136, 137, 112, 112, 137, 138, 113, 113, 138, 139, 114, 114, 139, 140, 115, 115, 140, 141, 116, 116, 141, 142, 117, 117, 142, 143, 118, 118, 143, 144, 119, 119, 144, 145, 120, 120, 145, 146, 121, 121, 146, 147, 122, 122, 147, 148, 123, 123, 148, 149, 124, 124, 149, 150, 125, 126, 151, 152, 127, 127, 152, 153, 128, 128, 153, 154, 129, 129, 154, 155, 130, 130, 155, 156, 131, 131, 156, 157, 132, 132, 157, 158, 133, 133, 158, 159, 134, 134, 159, 160, 135, 135, 160, 161, 136, 136, 161, 162, 137, 137, 162, 163, 138, 138, 163, 164, 139, 139, 164, 165, 140, 140, 165, 166, 141, 141, 166, 167, 142, 142, 167, 168, 143, 143, 168, 169, 144, 144, 169, 170, 145, 145, 170, 171, 146, 146, 171, 172, 147, 147, 172, 173, 148, 148, 173, 174, 149, 149, 174, 175, 150, 151, 176, 177, 152, 152, 177, 178, 153, 153, 178, 179, 154, 154, 179, 180, 155, 155, 180, 181, 156, 156, 181, 182, 157, 157, 182, 183, 158, 158, 183, 184, 159, 159, 184, 185, 160, 160, 185, 186, 161, 161, 186, 187, 162, 162, 187, 188, 163, 163, 188, 189, 164, 164, 189, 190, 165, 165, 190, 191, 166, 166, 191, 192, 167, 167, 192, 193, 168, 168, 193, 194, 169, 169, 194, 195, 170, 170, 195, 196, 171, 171, 196, 197, 172, 172, 197, 198, 173, 173, 198, 199, 174, 174, 199, 200, 175, 176, 201, 202, 177, 177, 202, 203, 178, 178, 203, 204, 179, 179, 204, 205, 180, 180, 205, 206, 181, 181, 206, 207, 182, 182, 207, 208, 183, 183, 208, 209, 184, 184, 209, 210, 185, 185, 210, 211, 186, 186, 211, 212, 187, 187, 212, 213, 188, 188, 213, 214, 189, 189, 214, 215, 190, 190, 215, 216, 191, 191, 216, 217, 192, 192, 217, 218, 193, 193, 218, 219, 194, 194, 219, 220, 195, 195, 220, 221, 196, 196, 221, 222, 197, 197, 222, 223, 198, 198, 223, 224, 199, 199, 224, 225, 200, 201, 226, 227, 202, 202, 227, 228, 203, 203, 228, 229, 204, 204, 229, 230, 205, 205, 230, 231, 206, 206, 231, 232, 207, 207, 232, 233, 208, 208, 233, 234, 209, 209, 234, 235, 210, 210, 235, 236, 211, 211, 236, 237, 212, 212, 237, 238, 213, 213, 238, 239, 214, 214, 239, 240, 215, 215, 240, 241, 216, 216, 241, 242, 217, 217, 242, 243, 218, 218, 243, 244, 219, 219, 244, 245, 220, 220, 245, 246, 221, 221, 246, 247, 222, 222, 247, 248, 223, 223, 248, 249, 224, 224, 249, 250, 225, 226, 251, 252, 227, 227, 252, 253, 228, 228, 253, 254, 229, 229, 254, 255, 230, 230, 255, 256, 231, 231, 256, 257, 232, 232, 257, 258, 233, 233, 258, 259, 234, 234, 259, 260, 235, 235, 260, 261, 236, 236, 261, 262, 237, 237, 262, 263, 238, 238, 263, 264, 239, 239, 264, 265, 240, 240, 265, 266, 241, 241, 266, 267, 242, 242, 267, 268, 243, 243, 268, 269, 244, 244, 269, 270, 245, 245, 270, 271, 246, 246, 271, 272, 247, 247, 272, 273, 248, 248, 273, 274, 249, 249, 274, 275, 250, 251, 276, 277, 252, 252, 277, 278, 253, 253, 278, 279, 254, 254, 279, 280, 255, 255, 280, 281, 256, 256, 281, 282, 257, 257, 282, 283, 258, 258, 283, 284, 259, 259, 284, 285, 260, 260, 285, 286, 261, 261, 286, 287, 262, 262, 287, 288, 263, 263, 288, 289, 264, 264, 289, 290, 265, 265, 290, 291, 266, 266, 291, 292, 267, 267, 292, 293, 268, 268, 293, 294, 269, 269, 294, 295, 270, 270, 295, 296, 271, 271, 296, 297, 272, 272, 297, 298, 273, 273, 298, 299, 274, 274, 299, 300, 275, 276, 301, 302, 277, 277, 302, 303, 278, 278, 303, 304, 279, 279, 304, 305, 280, 280, 305, 306, 281, 281, 306, 307, 282, 282, 307, 308, 283, 283, 308, 309, 284, 284, 309, 310, 285, 285, 310, 311, 286, 286, 311, 312, 287, 287, 312, 313, 288, 288, 313, 314, 289, 289, 314, 315, 290, 290, 315, 316, 291, 291, 316, 317, 292, 292, 317, 318, 293, 293, 318, 319, 294, 294, 319, 320, 295, 295, 320, 321, 296, 296, 321, 322, 297, 297, 322, 323, 298, 298, 323, 324, 299, 299, 324, 325, 300, 301, 326, 327, 302, 302, 327, 328, 303, 303, 328, 329, 304, 304, 329, 330, 305, 305, 330, 331, 306, 306, 331, 332, 307, 307, 332, 333, 308, 308, 333, 334, 309, 309, 334, 335, 310, 310, 335, 336, 311, 311, 336, 337, 312, 312, 337, 338, 313, 313, 338, 339, 314, 314, 339, 340, 315, 315, 340, 341, 316, 316, 341, 342, 317, 317, 342, 343, 318, 318, 343, 344, 319, 319, 344, 345, 320, 320, 345, 346, 321, 321, 346, 347, 322, 322, 347, 348, 323, 323, 348, 349, 324, 324, 349, 350, 325, 326, 351, 352, 327, 327, 352, 353, 328, 328, 353, 354, 329, 329, 354, 355, 330, 330, 355, 356, 331, 331, 356, 357, 332, 332, 357, 358, 333, 333, 358, 359, 334, 334, 359, 360, 335, 335, 360, 361, 336, 336, 361, 362, 337, 337, 362, 363, 338, 338, 363, 364, 339, 339, 364, 365, 340, 340, 365, 366, 341, 341, 366, 367, 342, 342, 367, 368, 343, 343, 368, 369, 344, 344, 369, 370, 345, 345, 370, 371, 346, 346, 371, 372, 347, 347, 372, 373, 348, 348, 373, 374, 349, 349, 374, 375, 350, 0, 1, 2, 0, 2, 3, 0, 3, 4, 0, 4, 5, 0, 5, 6, 0, 6, 7, 0, 7, 8, 0, 8, 9, 0, 9, 10, 0, 10, 11, 0, 11, 12, 0, 12, 13, 0, 13, 14, 0, 14, 15, 0, 15, 16, 0, 16, 17, 0, 17, 18, 0, 18, 19, 0, 19, 20, 0, 20, 21, 0, 21, 22, 0, 22, 23, 0, 23, 24, 0, 24, 25, 0, 352, 351, 0, 353, 352, 0, 354, 353, 0, 355, 354, 0, 356, 355, 0, 357, 356, 0, 358, 357, 0, 359, 358, 0, 360, 359, 0, 361, 360, 0, 362, 361, 0, 363, 362, 0, 364, 363, 0, 365, 364, 0, 366, 365, 0, 367, 366, 0, 368, 367, 0, 369, 368, 0, 370, 369, 0, 371, 370, 0, 372, 371, 0, 373, 372, 0, 374, 373, 0, 375, 374, 0, 26, 1, 0, 51, 26, 0, 76, 51, 0, 101, 76, 0, 126, 101, 0, 151, 126, 0, 176, 151, 0, 201, 176, 0, 226, 201, 0, 251, 226, 0, 276, 251, 0, 301, 276, 0, 326, 301, 0, 351, 326, 0, 25, 50, 0, 50, 75, 0, 75, 100, 0, 100, 125, 0, 125, 150, 0, 150, 175, 0, 175, 200, 0, 200, 225, 0, 225, 250, 0, 250, 275, 0, 275, 300, 0, 300, 325, 0, 325, 350, 0, 350, 375]
                        rel material:binding = </AecoCctvLooks/Shell_recognise>
                        point3f[] points = [(0, 0, 0), (-6.554067, -2.8628664, -5.4995155), (-6.278322, -2.9917297, -5.7470593), (-5.9636755, -3.1259747, -6.0049415), (-5.6050086, -3.264414, -6.270881), (-5.1971726, -3.405247, -6.5414186), (-4.735401, -3.5459301, -6.8116684), (-4.2159076, -3.6830812, -7.075133), (-3.636673, -3.8124635, -7.323674), (-2.998351, -3.929108, -7.547746), (-2.3051467, -4.0276227, -7.736991), (-1.5654135, -4.1027074, -7.8812275), (-0.79169583, -4.149825, -7.9717402), (0, -4.1658955, -8.002611), (0.79169583, -4.149825, -7.9717402), (1.5654135, -4.1027074, -7.8812275), (2.3051467, -4.0276227, -7.736991), (2.998351, -3.929108, -7.547746), (3.636673, -3.8124635, -7.323674), (4.2159076, -3.6830812, -7.075133), (4.735401, -3.5459301, -6.8116684), (5.1971726, -3.405247, -6.5414186), (5.6050086, -3.264414, -6.270881), (5.9636755, -3.1259747, -6.0049415), (6.278322, -2.9917297, -5.7470593), (6.554067, -2.8628664, -5.4995155), (-6.643405, -2.4873343, -5.5744786), (-6.371956, -2.602584, -5.83277), (-6.0609784, -2.723124, -6.1029177), (-5.704962, -2.8479667, -6.3827085), (-5.298262, -2.975556, -6.668655), (-4.8355246, -3.1036317, -6.9556913), (-4.312319, -3.2291205, -7.23693), (-3.7260044, -3.3480968, -7.503573), (-3.0767596, -3.4558766, -7.7451234), (-2.3686156, -3.5473006, -7.950018), (-1.6102073, -3.6172328, -8.106746), (-0.81489646, -3.6612308, -8.205352), (0, -3.6762576, -8.239029), (0.81489646, -3.6612308, -8.205352), (1.6102073, -3.6172328, -8.106746), (2.3686156, -3.5473006, -7.950018), (3.0767596, -3.4558766, -7.7451234), (3.7260044, -3.3480968, -7.503573), (4.312319, -3.2291205, -7.23693), (4.8355246, -3.1036317, -6.9556913), (5.298262, -2.975556, -6.668655), (5.704962, -2.8479667, -6.3827085), (6.0609784, -2.723124, -6.1029177), (6.371956, -2.602584, -5.83277), (6.643405, -2.4873343, -5.5744786), (-6.721921, -2.097276, -5.640362), (-6.454544, -2.1969304, -5.9083695), (-6.147141, -2.3015296, -6.1896763), (-5.7938485, -2.4102829, -6.482155), (-5.3885684, -2.521894, -6.782319), (-4.9253945, -2.6344285, -7.084966), (-4.3992786, -2.7451978, -7.382866), (-3.8069646, -2.850705, -7.666614), (-3.1481397, -2.94671, -7.9248085), (-2.426622, -3.028477, -8.144711), (-1.6512711, -3.0912335, -8.313486), (-0.8362069, -3.1308134, -8.41993), (0, -3.1443484, -8.456331), (0.8362069, -3.1308134, -8.41993), (1.6512711, -3.0912335, -8.313486), (2.426622, -3.028477, -8.144711), (3.1481397, -2.94671, -7.9248085), (3.8069646, -2.850705, -7.666614), (4.3992786, -2.7451978, -7.382866), (4.9253945, -2.6344285, -7.084966), (5.3885684, -2.521894, -6.782319), (5.7938485, -2.4102829, -6.482155), (6.147141, -2.3015296, -6.1896763), (6.454544, -2.1969304, -5.9083695), (6.721921, -2.097276, -5.640362), (-6.788275, -1.694383, -5.696039), (-6.524558, -1.776609, -5.9724593), (-6.220438, -1.8631781, -6.2634807), (-5.8697476, -1.9534862, -6.567071), (-5.465993, -2.0465033, -6.879769), (-5.002774, -2.1406527, -7.1962724), (-4.474479, -2.2336988, -7.5090675), (-3.8772807, -2.3226867, -7.8082194), (-3.2103882, -2.4039807, -8.081507), (-2.477389, -2.4734683, -8.3151045), (-1.6873115, -2.5269618, -8.494935), (-0.8549441, -2.5607731, -8.6086), (0, -2.5723488, -8.647513), (0.8549441, -2.5607731, -8.6086), (1.6873115, -2.5269618, -8.494935), (2.477389, -2.4734683, -8.3151045), (3.2103882, -2.4039807, -8.081507), (3.8772807, -2.3226867, -7.8082194), (4.474479, -2.2336988, -7.5090675), (5.002774, -2.1406527, -7.1962724), (5.465993, -2.0465033, -6.879769), (5.8697476, -1.9534862, -6.567071), (6.220438, -1.8631781, -6.2634807), (6.524558, -1.776609, -5.9724593), (6.788275, -1.694383, -5.696039), (-6.8412642, -1.280707, -5.7405024), (-6.5806174, -1.3439052, -6.023775), (-6.2792954, -1.4106055, -6.3227453), (-5.930888, -1.4803755, -6.6354747), (-5.528574, -1.5524507, -6.9585366), (-5.0655446, -1.6256341, -7.286566), (-4.5357113, -1.6981999, -7.611827), (-3.9347484, -1.7678345, -7.92395), (-3.261442, -1.8316578, -8.210024), (-2.5191553, -1.8863764, -8.455289), (-1.7170346, -1.9286069, -8.644579), (-0.8704213, -1.9553485, -8.764442), (0, -1.9645127, -8.805519), (0.8704213, -1.9553485, -8.764442), (1.7170346, -1.9286069, -8.644579), (2.5191553, -1.8863764, -8.455289), (3.261442, -1.8316578, -8.210024), (3.9347484, -1.7678345, -7.92395), (4.5357113, -1.6981999, -7.611827), (5.0655446, -1.6256341, -7.286566), (5.528574, -1.5524507, -6.9585366), (5.930888, -1.4803755, -6.6354747), (6.2792954, -1.4106055, -6.3227453), (6.5806174, -1.3439052, -6.023775), (6.8412642, -1.280707, -5.7405024), (-6.8798823, -0.8586243, -5.772907), (-6.6215563, -0.9015105, -6.0612493), (-6.3223743, -0.9468553, -6.3661227), (-5.9757485, -0.99438184, -6.685664), (-5.5746145, -1.043586, -7.0164857), (-5.111856, -1.0936642, -7.353183), (-4.5810204, -1.1434426, -7.687865), (-3.9773974, -1.1913308, -8.009838), (-3.299437, -1.2353308, -8.30567), (-2.5503156, -1.2731398, -8.5598755), (-1.7392536, -1.3023758, -8.756442), (-0.8820057, -1.3209147, -8.881088), (0, -1.3272725, -8.923834), (0.8820057, -1.3209147, -8.881088), (1.7392536, -1.3023758, -8.756442), (2.5503156, -1.2731398, -8.5598755), (3.299437, -1.2353308, -8.30567), (3.9773974, -1.1913308, -8.009838), (4.5810204, -1.1434426, -7.687865), (5.111856, -1.0936642, -7.353183), (5.5746145, -1.043586, -7.0164857), (5.9757485, -0.99438184, -6.685664), (6.3223743, -0.9468553, -6.3661227), (6.6215563, -0.9015105, -6.0612493), (6.8798823, -0.8586243, -5.772907), (-6.90337, -0.4307778, -5.792615), (-6.646489, -0.45245254, -6.0840726), (-6.3486514, -0.47539532, -6.3925815), (-6.003158, -0.49947146, -6.71633), (-5.602797, -0.524431, -7.0519576), (-5.14026, -0.54987055, -7.3940406), (-4.608866, -0.5751965, -7.734596), (-4.003662, -0.5995989, -8.062732), (-3.3228817, -0.6220543, -8.364686), (-2.5695763, -0.64137745, -8.624522), (-1.7530063, -0.656337, -8.825682), (-0.8891823, -0.6658314, -8.953351), (0, -0.6690889, -8.997154), (0.8891823, -0.6658314, -8.953351), (1.7530063, -0.656337, -8.825682), (2.5695763, -0.64137745, -8.624522), (3.3228817, -0.6220543, -8.364686), (4.003662, -0.5995989, -8.062732), (4.608866, -0.5751965, -7.734596), (5.14026, -0.54987055, -7.3940406), (5.602797, -0.524431, -7.0519576), (6.003158, -0.49947146, -6.71633), (6.3486514, -0.47539532, -6.3925815), (6.646489, -0.45245254, -6.0840726), (6.90337, -0.4307778, -5.792615), (-6.9112525, 0, -5.799229), (-6.654863, 0, -6.0917377), (-6.3574834, 0, -6.4014745), (-6.0123787, 0, -6.7266464), (-5.6122866, 0, -7.063902), (-5.149834, 0, -7.407812), (-4.618262, 0, -7.7503633), (-4.0125337, 0, -8.080597), (-3.3308082, 0, -8.38464), (-2.5760942, 0, -8.646399), (-1.7576636, 0, -8.84913), (-0.8916138, 0, -8.977834), (0, 0, -9.021999), (0.8916138, 0, -8.977834), (1.7576636, 0, -8.84913), (2.5760942, 0, -8.646399), (3.3308082, 0, -8.38464), (4.0125337, 0, -8.080597), (4.618262, 0, -7.7503633), (5.149834, 0, -7.407812), (5.6122866, 0, -7.063902), (6.0123787, 0, -6.7266464), (6.3574834, 0, -6.4014745), (6.654863, 0, -6.0917377), (6.9112525, 0, -5.799229), (-6.90337, 0.4307778, -5.792615), (-6.646489, 0.45245254, -6.0840726), (-6.3486514, 0.47539532, -6.3925815), (-6.003158, 0.49947146, -6.71633), (-5.602797, 0.524431, -7.0519576), (-5.14026, 0.54987055, -7.3940406), (-4.608866, 0.5751965, -7.734596), (-4.003662, 0.5995989, -8.062732), (-3.3228817, 0.6220543, -8.364686), (-2.5695763, 0.64137745, -8.624522), (-1.7530063, 0.656337, -8.825682), (-0.8891823, 0.6658314, -8.953351), (0, 0.6690889, -8.997154), (0.8891823, 0.6658314, -8.953351), (1.7530063, 0.656337, -8.825682), (2.5695763, 0.64137745, -8.624522), (3.3228817, 0.6220543, -8.364686), (4.003662, 0.5995989, -8.062732), (4.608866, 0.5751965, -7.734596), (5.14026, 0.54987055, -7.3940406), (5.602797, 0.524431, -7.0519576), (6.003158, 0.49947146, -6.71633), (6.3486514, 0.47539532, -6.3925815), (6.646489, 0.45245254, -6.0840726), (6.90337, 0.4307778, -5.792615), (-6.8798823, 0.8586243, -5.772907), (-6.6215563, 0.9015105, -6.0612493), (-6.3223743, 0.9468553, -6.3661227), (-5.9757485, 0.99438184, -6.685664), (-5.5746145, 1.043586, -7.0164857), (-5.111856, 1.0936642, -7.353183), (-4.5810204, 1.1434426, -7.687865), (-3.9773974, 1.1913308, -8.009838), (-3.299437, 1.2353308, -8.30567), (-2.5503156, 1.2731398, -8.5598755), (-1.7392536, 1.3023758, -8.756442), (-0.8820057, 1.3209147, -8.881088), (0, 1.3272725, -8.923834), (0.8820057, 1.3209147, -8.881088), (1.7392536, 1.3023758, -8.756442), (2.5503156, 1.2731398, -8.5598755), (3.299437, 1.2353308, -8.30567), (3.9773974, 1.1913308, -8.009838), (4.5810204, 1.1434426, -7.687865), (5.111856, 1.0936642, -7.353183), (5.5746145, 1.043586, -7.0164857), (5.9757485, 0.99438184, -6.685664), (6.3223743, 0.9468553, -6.3661227), (6.6215563, 0.9015105, -6.0612493), (6.8798823, 0.8586243, -5.772907), (-6.8412642, 1.280707, -5.7405024), (-6.5806174, 1.3439052, -6.023775), (-6.2792954, 1.4106055, -6.3227453), (-5.930888, 1.4803755, -6.6354747), (-5.528574, 1.5524507, -6.9585366), (-5.0655446, 1.6256341, -7.286566), (-4.5357113, 1.6981999, -7.611827), (-3.9347484, 1.7678345, -7.92395), (-3.261442, 1.8316578, -8.210024), (-2.5191553, 1.8863764, -8.455289), (-1.7170346, 1.9286069, -8.644579), (-0.8704213, 1.9553485, -8.764442), (0, 1.9645127, -8.805519), (0.8704213, 1.9553485, -8.764442), (1.7170346, 1.9286069, -8.644579), (2.5191553, 1.8863764, -8.455289), (3.261442, 1.8316578, -8.210024), (3.9347484, 1.7678345, -7.92395), (4.5357113, 1.6981999, -7.611827), (5.0655446, 1.6256341, -7.286566), (5.528574, 1.5524507, -6.9585366), (5.930888, 1.4803755, -6.6354747), (6.2792954, 1.4106055, -6.3227453), (6.5806174, 1.3439052, -6.023775), (6.8412642, 1.280707, -5.7405024), (-6.788275, 1.694383, -5.696039), (-6.524558, 1.776609, -5.9724593), (-6.220438, 1.8631781, -6.2634807), (-5.8697476, 1.9534862, -6.567071), (-5.465993, 2.0465033, -6.879769), (-5.002774, 2.1406527, -7.1962724), (-4.474479, 2.2336988, -7.5090675), (-3.8772807, 2.3226867, -7.8082194), (-3.2103882, 2.4039807, -8.081507), (-2.477389, 2.4734683, -8.3151045), (-1.6873115, 2.5269618, -8.494935), (-0.8549441, 2.5607731, -8.6086), (0, 2.5723488, -8.647513), (0.8549441, 2.5607731, -8.6086), (1.6873115, 2.5269618, -8.494935), (2.477389, 2.4734683, -8.3151045), (3.2103882, 2.4039807, -8.081507), (3.8772807, 2.3226867, -7.8082194), (4.474479, 2.2336988, -7.5090675), (5.002774, 2.1406527, -7.1962724), (5.465993, 2.0465033, -6.879769), (5.8697476, 1.9534862, -6.567071), (6.220438, 1.8631781, -6.2634807), (6.524558, 1.776609, -5.9724593), (6.788275, 1.694383, -5.696039), (-6.721921, 2.097276, -5.640362), (-6.454544, 2.1969304, -5.9083695), (-6.147141, 2.3015296, -6.1896763), (-5.7938485, 2.4102829, -6.482155), (-5.3885684, 2.521894, -6.782319), (-4.9253945, 2.6344285, -7.084966), (-4.3992786, 2.7451978, -7.382866), (-3.8069646, 2.850705, -7.666614), (-3.1481397, 2.94671, -7.9248085), (-2.426622, 3.028477, -8.144711), (-1.6512711, 3.0912335, -8.313486), (-0.8362069, 3.1308134, -8.41993), (0, 3.1443484, -8.456331), (0.8362069, 3.1308134, -8.41993), (1.6512711, 3.0912335, -8.313486), (2.426622, 3.028477, -8.144711), (3.1481397, 2.94671, -7.9248085), (3.8069646, 2.850705, -7.666614), (4.3992786, 2.7451978, -7.382866), (4.9253945, 2.6344285, -7.084966), (5.3885684, 2.521894, -6.782319), (5.7938485, 2.4102829, -6.482155), (6.147141, 2.3015296, -6.1896763), (6.454544, 2.1969304, -5.9083695), (6.721921, 2.097276, -5.640362), (-6.643405, 2.4873343, -5.5744786), (-6.371956, 2.602584, -5.83277), (-6.0609784, 2.723124, -6.1029177), (-5.704962, 2.8479667, -6.3827085), (-5.298262, 2.975556, -6.668655), (-4.8355246, 3.1036317, -6.9556913), (-4.312319, 3.2291205, -7.23693), (-3.7260044, 3.3480968, -7.503573), (-3.0767596, 3.4558766, -7.7451234), (-2.3686156, 3.5473006, -7.950018), (-1.6102073, 3.6172328, -8.106746), (-0.81489646, 3.6612308, -8.205352), (0, 3.6762576, -8.239029), (0.81489646, 3.6612308, -8.205352), (1.6102073, 3.6172328, -8.106746), (2.3686156, 3.5473006, -7.950018), (3.0767596, 3.4558766, -7.7451234), (3.7260044, 3.3480968, -7.503573), (4.312319, 3.2291205, -7.23693), (4.8355246, 3.1036317, -6.9556913), (5.298262, 2.975556, -6.668655), (5.704962, 2.8479667, -6.3827085), (6.0609784, 2.723124, -6.1029177), (6.371956, 2.602584, -5.83277), (6.643405, 2.4873343, -5.5744786), (-6.554067, 2.8628664, -5.4995155), (-6.278322, 2.9917297, -5.7470593), (-5.9636755, 3.1259747, -6.0049415), (-5.6050086, 3.264414, -6.270881), (-5.1971726, 3.405247, -6.5414186), (-4.735401, 3.5459301, -6.8116684), (-4.2159076, 3.6830812, -7.075133), (-3.636673, 3.8124635, -7.323674), (-2.998351, 3.929108, -7.547746), (-2.3051467, 4.0276227, -7.736991), (-1.5654135, 4.1027074, -7.8812275), (-0.79169583, 4.149825, -7.9717402), (0, 4.1658955, -8.002611), (0.79169583, 4.149825, -7.9717402), (1.5654135, 4.1027074, -7.8812275), (2.3051467, 4.0276227, -7.736991), (2.998351, 3.929108, -7.547746), (3.636673, 3.8124635, -7.323674), (4.2159076, 3.6830812, -7.075133), (4.735401, 3.5459301, -6.8116684), (5.1971726, 3.405247, -6.5414186), (5.6050086, 3.264414, -6.270881), (5.9636755, 3.1259747, -6.0049415), (6.278322, 2.9917297, -5.7470593), (6.554067, 2.8628664, -5.4995155)]
                        color3f[] primvars:displayColor = [(0.18333334, 0.6166667, 0.56666666)] (
                            interpolation = "constant"
                        )
                        float[] primvars:displayOpacity = [0.3] (
                            interpolation = "constant"
                        )
                        uniform token purpose = "guide"
                        uniform token subdivisionScheme = "none"
                    }

                    def Mesh "Shell_observe" (
                        prepend apiSchemas = ["AecoDerivedGeometryAPI", "MaterialBindingAPI"]
                    )
                    {
                        uniform token aeco:derived:approx = "tessellated"
                        uniform token aeco:derived:role = "coverage"
                        string aeco:derived:source = "a6017978-22fe-5283-96a9-c002af3310c0"
                        string aeco:derived:stamp = "usdAecoCctv derive 0.5.3"
                        uniform bool doubleSided = 1
                        float3[] extent = [(-13.822505, -8.331791, -18.043999), (13.822505, 8.331791, 0)]
                        int[] faceVertexCounts = [4, 4, 4, 4, 4, 4, 4, 4, 4, 4, 4, 4, 4, 4, 4, 4, 4, 4, 4, 4, 4, 4, 4, 4, 4, 4, 4, 4, 4, 4, 4, 4, 4, 4, 4, 4, 4, 4, 4, 4, 4, 4, 4, 4, 4, 4, 4, 4, 4, 4, 4, 4, 4, 4, 4, 4, 4, 4, 4, 4, 4, 4, 4, 4, 4, 4, 4, 4, 4, 4, 4, 4, 4, 4, 4, 4, 4, 4, 4, 4, 4, 4, 4, 4, 4, 4, 4, 4, 4, 4, 4, 4, 4, 4, 4, 4, 4, 4, 4, 4, 4, 4, 4, 4, 4, 4, 4, 4, 4, 4, 4, 4, 4, 4, 4, 4, 4, 4, 4, 4, 4, 4, 4, 4, 4, 4, 4, 4, 4, 4, 4, 4, 4, 4, 4, 4, 4, 4, 4, 4, 4, 4, 4, 4, 4, 4, 4, 4, 4, 4, 4, 4, 4, 4, 4, 4, 4, 4, 4, 4, 4, 4, 4, 4, 4, 4, 4, 4, 4, 4, 4, 4, 4, 4, 4, 4, 4, 4, 4, 4, 4, 4, 4, 4, 4, 4, 4, 4, 4, 4, 4, 4, 4, 4, 4, 4, 4, 4, 4, 4, 4, 4, 4, 4, 4, 4, 4, 4, 4, 4, 4, 4, 4, 4, 4, 4, 4, 4, 4, 4, 4, 4, 4, 4, 4, 4, 4, 4, 4, 4, 4, 4, 4, 4, 4, 4, 4, 4, 4, 4, 4, 4, 4, 4, 4, 4, 4, 4, 4, 4, 4, 4, 4, 4, 4, 4, 4, 4, 4, 4, 4, 4, 4, 4, 4, 4, 4, 4, 4, 4, 4, 4, 4, 4, 4, 4, 4, 4, 4, 4, 4, 4, 4, 4, 4, 4, 4, 4, 4, 4, 4, 4, 4, 4, 4, 4, 4, 4, 4, 4, 4, 4, 4, 4, 4, 4, 4, 4, 4, 4, 4, 4, 4, 4, 4, 4, 4, 4, 4, 4, 4, 4, 4, 4, 4, 4, 4, 4, 4, 4, 4, 4, 4, 4, 4, 4, 3, 3, 3, 3, 3, 3, 3, 3, 3, 3, 3, 3, 3, 3, 3, 3, 3, 3, 3, 3, 3, 3, 3, 3, 3, 3, 3, 3, 3, 3, 3, 3, 3, 3, 3, 3, 3, 3, 3, 3, 3, 3, 3, 3, 3, 3, 3, 3, 3, 3, 3, 3, 3, 3, 3, 3, 3, 3, 3, 3, 3, 3, 3, 3, 3, 3, 3, 3, 3, 3, 3, 3, 3, 3, 3, 3]
                        int[] faceVertexIndices = [1, 26, 27, 2, 2, 27, 28, 3, 3, 28, 29, 4, 4, 29, 30, 5, 5, 30, 31, 6, 6, 31, 32, 7, 7, 32, 33, 8, 8, 33, 34, 9, 9, 34, 35, 10, 10, 35, 36, 11, 11, 36, 37, 12, 12, 37, 38, 13, 13, 38, 39, 14, 14, 39, 40, 15, 15, 40, 41, 16, 16, 41, 42, 17, 17, 42, 43, 18, 18, 43, 44, 19, 19, 44, 45, 20, 20, 45, 46, 21, 21, 46, 47, 22, 22, 47, 48, 23, 23, 48, 49, 24, 24, 49, 50, 25, 26, 51, 52, 27, 27, 52, 53, 28, 28, 53, 54, 29, 29, 54, 55, 30, 30, 55, 56, 31, 31, 56, 57, 32, 32, 57, 58, 33, 33, 58, 59, 34, 34, 59, 60, 35, 35, 60, 61, 36, 36, 61, 62, 37, 37, 62, 63, 38, 38, 63, 64, 39, 39, 64, 65, 40, 40, 65, 66, 41, 41, 66, 67, 42, 42, 67, 68, 43, 43, 68, 69, 44, 44, 69, 70, 45, 45, 70, 71, 46, 46, 71, 72, 47, 47, 72, 73, 48, 48, 73, 74, 49, 49, 74, 75, 50, 51, 76, 77, 52, 52, 77, 78, 53, 53, 78, 79, 54, 54, 79, 80, 55, 55, 80, 81, 56, 56, 81, 82, 57, 57, 82, 83, 58, 58, 83, 84, 59, 59, 84, 85, 60, 60, 85, 86, 61, 61, 86, 87, 62, 62, 87, 88, 63, 63, 88, 89, 64, 64, 89, 90, 65, 65, 90, 91, 66, 66, 91, 92, 67, 67, 92, 93, 68, 68, 93, 94, 69, 69, 94, 95, 70, 70, 95, 96, 71, 71, 96, 97, 72, 72, 97, 98, 73, 73, 98, 99, 74, 74, 99, 100, 75, 76, 101, 102, 77, 77, 102, 103, 78, 78, 103, 104, 79, 79, 104, 105, 80, 80, 105, 106, 81, 81, 106, 107, 82, 82, 107, 108, 83, 83, 108, 109, 84, 84, 109, 110, 85, 85, 110, 111, 86, 86, 111, 112, 87, 87, 112, 113, 88, 88, 113, 114, 89, 89, 114, 115, 90, 90, 115, 116, 91, 91, 116, 117, 92, 92, 117, 118, 93, 93, 118, 119, 94, 94, 119, 120, 95, 95, 120, 121, 96, 96, 121, 122, 97, 97, 122, 123, 98, 98, 123, 124, 99, 99, 124, 125, 100, 101, 126, 127, 102, 102, 127, 128, 103, 103, 128, 129, 104, 104, 129, 130, 105, 105, 130, 131, 106, 106, 131, 132, 107, 107, 132, 133, 108, 108, 133, 134, 109, 109, 134, 135, 110, 110, 135, 136, 111, 111, 136, 137, 112, 112, 137, 138, 113, 113, 138, 139, 114, 114, 139, 140, 115, 115, 140, 141, 116, 116, 141, 142, 117, 117, 142, 143, 118, 118, 143, 144, 119, 119, 144, 145, 120, 120, 145, 146, 121, 121, 146, 147, 122, 122, 147, 148, 123, 123, 148, 149, 124, 124, 149, 150, 125, 126, 151, 152, 127, 127, 152, 153, 128, 128, 153, 154, 129, 129, 154, 155, 130, 130, 155, 156, 131, 131, 156, 157, 132, 132, 157, 158, 133, 133, 158, 159, 134, 134, 159, 160, 135, 135, 160, 161, 136, 136, 161, 162, 137, 137, 162, 163, 138, 138, 163, 164, 139, 139, 164, 165, 140, 140, 165, 166, 141, 141, 166, 167, 142, 142, 167, 168, 143, 143, 168, 169, 144, 144, 169, 170, 145, 145, 170, 171, 146, 146, 171, 172, 147, 147, 172, 173, 148, 148, 173, 174, 149, 149, 174, 175, 150, 151, 176, 177, 152, 152, 177, 178, 153, 153, 178, 179, 154, 154, 179, 180, 155, 155, 180, 181, 156, 156, 181, 182, 157, 157, 182, 183, 158, 158, 183, 184, 159, 159, 184, 185, 160, 160, 185, 186, 161, 161, 186, 187, 162, 162, 187, 188, 163, 163, 188, 189, 164, 164, 189, 190, 165, 165, 190, 191, 166, 166, 191, 192, 167, 167, 192, 193, 168, 168, 193, 194, 169, 169, 194, 195, 170, 170, 195, 196, 171, 171, 196, 197, 172, 172, 197, 198, 173, 173, 198, 199, 174, 174, 199, 200, 175, 176, 201, 202, 177, 177, 202, 203, 178, 178, 203, 204, 179, 179, 204, 205, 180, 180, 205, 206, 181, 181, 206, 207, 182, 182, 207, 208, 183, 183, 208, 209, 184, 184, 209, 210, 185, 185, 210, 211, 186, 186, 211, 212, 187, 187, 212, 213, 188, 188, 213, 214, 189, 189, 214, 215, 190, 190, 215, 216, 191, 191, 216, 217, 192, 192, 217, 218, 193, 193, 218, 219, 194, 194, 219, 220, 195, 195, 220, 221, 196, 196, 221, 222, 197, 197, 222, 223, 198, 198, 223, 224, 199, 199, 224, 225, 200, 201, 226, 227, 202, 202, 227, 228, 203, 203, 228, 229, 204, 204, 229, 230, 205, 205, 230, 231, 206, 206, 231, 232, 207, 207, 232, 233, 208, 208, 233, 234, 209, 209, 234, 235, 210, 210, 235, 236, 211, 211, 236, 237, 212, 212, 237, 238, 213, 213, 238, 239, 214, 214, 239, 240, 215, 215, 240, 241, 216, 216, 241, 242, 217, 217, 242, 243, 218, 218, 243, 244, 219, 219, 244, 245, 220, 220, 245, 246, 221, 221, 246, 247, 222, 222, 247, 248, 223, 223, 248, 249, 224, 224, 249, 250, 225, 226, 251, 252, 227, 227, 252, 253, 228, 228, 253, 254, 229, 229, 254, 255, 230, 230, 255, 256, 231, 231, 256, 257, 232, 232, 257, 258, 233, 233, 258, 259, 234, 234, 259, 260, 235, 235, 260, 261, 236, 236, 261, 262, 237, 237, 262, 263, 238, 238, 263, 264, 239, 239, 264, 265, 240, 240, 265, 266, 241, 241, 266, 267, 242, 242, 267, 268, 243, 243, 268, 269, 244, 244, 269, 270, 245, 245, 270, 271, 246, 246, 271, 272, 247, 247, 272, 273, 248, 248, 273, 274, 249, 249, 274, 275, 250, 251, 276, 277, 252, 252, 277, 278, 253, 253, 278, 279, 254, 254, 279, 280, 255, 255, 280, 281, 256, 256, 281, 282, 257, 257, 282, 283, 258, 258, 283, 284, 259, 259, 284, 285, 260, 260, 285, 286, 261, 261, 286, 287, 262, 262, 287, 288, 263, 263, 288, 289, 264, 264, 289, 290, 265, 265, 290, 291, 266, 266, 291, 292, 267, 267, 292, 293, 268, 268, 293, 294, 269, 269, 294, 295, 270, 270, 295, 296, 271, 271, 296, 297, 272, 272, 297, 298, 273, 273, 298, 299, 274, 274, 299, 300, 275, 276, 301, 302, 277, 277, 302, 303, 278, 278, 303, 304, 279, 279, 304, 305, 280, 280, 305, 306, 281, 281, 306, 307, 282, 282, 307, 308, 283, 283, 308, 309, 284, 284, 309, 310, 285, 285, 310, 311, 286, 286, 311, 312, 287, 287, 312, 313, 288, 288, 313, 314, 289, 289, 314, 315, 290, 290, 315, 316, 291, 291, 316, 317, 292, 292, 317, 318, 293, 293, 318, 319, 294, 294, 319, 320, 295, 295, 320, 321, 296, 296, 321, 322, 297, 297, 322, 323, 298, 298, 323, 324, 299, 299, 324, 325, 300, 301, 326, 327, 302, 302, 327, 328, 303, 303, 328, 329, 304, 304, 329, 330, 305, 305, 330, 331, 306, 306, 331, 332, 307, 307, 332, 333, 308, 308, 333, 334, 309, 309, 334, 335, 310, 310, 335, 336, 311, 311, 336, 337, 312, 312, 337, 338, 313, 313, 338, 339, 314, 314, 339, 340, 315, 315, 340, 341, 316, 316, 341, 342, 317, 317, 342, 343, 318, 318, 343, 344, 319, 319, 344, 345, 320, 320, 345, 346, 321, 321, 346, 347, 322, 322, 347, 348, 323, 323, 348, 349, 324, 324, 349, 350, 325, 326, 351, 352, 327, 327, 352, 353, 328, 328, 353, 354, 329, 329, 354, 355, 330, 330, 355, 356, 331, 331, 356, 357, 332, 332, 357, 358, 333, 333, 358, 359, 334, 334, 359, 360, 335, 335, 360, 361, 336, 336, 361, 362, 337, 337, 362, 363, 338, 338, 363, 364, 339, 339, 364, 365, 340, 340, 365, 366, 341, 341, 366, 367, 342, 342, 367, 368, 343, 343, 368, 369, 344, 344, 369, 370, 345, 345, 370, 371, 346, 346, 371, 372, 347, 347, 372, 373, 348, 348, 373, 374, 349, 349, 374, 375, 350, 0, 1, 2, 0, 2, 3, 0, 3, 4, 0, 4, 5, 0, 5, 6, 0, 6, 7, 0, 7, 8, 0, 8, 9, 0, 9, 10, 0, 10, 11, 0, 11, 12, 0, 12, 13, 0, 13, 14, 0, 14, 15, 0, 15, 16, 0, 16, 17, 0, 17, 18, 0, 18, 19, 0, 19, 20, 0, 20, 21, 0, 21, 22, 0, 22, 23, 0, 23, 24, 0, 24, 25, 0, 352, 351, 0, 353, 352, 0, 354, 353, 0, 355, 354, 0, 356, 355, 0, 357, 356, 0, 358, 357, 0, 359, 358, 0, 360, 359, 0, 361, 360, 0, 362, 361, 0, 363, 362, 0, 364, 363, 0, 365, 364, 0, 366, 365, 0, 367, 366, 0, 368, 367, 0, 369, 368, 0, 370, 369, 0, 371, 370, 0, 372, 371, 0, 373, 372, 0, 374, 373, 0, 375, 374, 0, 26, 1, 0, 51, 26, 0, 76, 51, 0, 101, 76, 0, 126, 101, 0, 151, 126, 0, 176, 151, 0, 201, 176, 0, 226, 201, 0, 251, 226, 0, 276, 251, 0, 301, 276, 0, 326, 301, 0, 351, 326, 0, 25, 50, 0, 50, 75, 0, 75, 100, 0, 100, 125, 0, 125, 150, 0, 150, 175, 0, 175, 200, 0, 200, 225, 0, 225, 250, 0, 250, 275, 0, 275, 300, 0, 300, 325, 0, 325, 350, 0, 350, 375]
                        rel material:binding = </AecoCctvLooks/Shell_observe>
                        point3f[] points = [(0, 0, 0), (-13.108134, -5.725733, -10.999031), (-12.556644, -5.9834595, -11.494119), (-11.927351, -6.2519493, -12.009883), (-11.210017, -6.528828, -12.541762), (-10.394345, -6.810494, -13.082837), (-9.470802, -7.0918603, -13.623337), (-8.431815, -7.3661623, -14.150266), (-7.273346, -7.624927, -14.647348), (-5.996702, -7.858216, -15.095492), (-4.6102934, -8.055245, -15.473982), (-3.130827, -8.205415, -15.762455), (-1.5833917, -8.29965, -15.9434805), (0, -8.331791, -16.005222), (1.5833917, -8.29965, -15.9434805), (3.130827, -8.205415, -15.762455), (4.6102934, -8.055245, -15.473982), (5.996702, -7.858216, -15.095492), (7.273346, -7.624927, -14.647348), (8.431815, -7.3661623, -14.150266), (9.470802, -7.0918603, -13.623337), (10.394345, -6.810494, -13.082837), (11.210017, -6.528828, -12.541762), (11.927351, -6.2519493, -12.009883), (12.556644, -5.9834595, -11.494119), (13.108134, -5.725733, -10.999031), (-13.28681, -4.9746685, -11.148957), (-12.743912, -5.205168, -11.66554), (-12.121957, -5.446248, -12.205835), (-11.409924, -5.6959333, -12.765417), (-10.596524, -5.951112, -13.33731), (-9.671049, -6.2072635, -13.911383), (-8.624638, -6.458241, -14.47386), (-7.4520087, -6.6961937, -15.007146), (-6.153519, -6.911753, -15.490247), (-4.7372313, -7.094601, -15.900036), (-3.2204146, -7.2344656, -16.213491), (-1.6297929, -7.3224616, -16.410704), (0, -7.352515, -16.478058), (1.6297929, -7.3224616, -16.410704), (3.2204146, -7.2344656, -16.213491), (4.7372313, -7.094601, -15.900036), (6.153519, -6.911753, -15.490247), (7.4520087, -6.6961937, -15.007146), (8.624638, -6.458241, -14.47386), (9.671049, -6.2072635, -13.911383), (10.596524, -5.951112, -13.33731), (11.409924, -5.6959333, -12.765417), (12.121957, -5.446248, -12.205835), (12.743912, -5.205168, -11.66554), (13.28681, -4.9746685, -11.148957), (-13.443842, -4.194552, -11.280724), (-12.909088, -4.393861, -11.816739), (-12.294282, -4.6030593, -12.379353), (-11.587697, -4.8205657, -12.96431), (-10.777137, -5.043788, -13.564638), (-9.850789, -5.268857, -14.169932), (-8.798557, -5.4903955, -14.765732), (-7.6139293, -5.70141, -15.333228), (-6.2962794, -5.89342, -15.849617), (-4.853244, -6.056954, -16.289421), (-3.3025422, -6.182467, -16.626972), (-1.6724138, -6.2616267, -16.83986), (0, -6.288697, -16.912663), (1.6724138, -6.2616267, -16.83986), (3.3025422, -6.182467, -16.626972), (4.853244, -6.056954, -16.289421), (6.2962794, -5.89342, -15.849617), (7.6139293, -5.70141, -15.333228), (8.798557, -5.4903955, -14.765732), (9.850789, -5.268857, -14.169932), (10.777137, -5.043788, -13.564638), (11.587697, -4.8205657, -12.96431), (12.294282, -4.6030593, -12.379353), (12.909088, -4.393861, -11.816739), (13.443842, -4.194552, -11.280724), (-13.57655, -3.388766, -11.392078), (-13.049116, -3.553218, -11.944919), (-12.440876, -3.7263563, -12.526961), (-11.739495, -3.9069724, -13.134142), (-10.931986, -4.0930066, -13.759538), (-10.005548, -4.2813053, -14.392545), (-8.948958, -4.4673977, -15.018135), (-7.7545614, -4.6453733, -15.616439), (-6.4207764, -4.8079615, -16.163013), (-4.954778, -4.9469366, -16.630209), (-3.374623, -5.0539236, -16.98987), (-1.7098882, -5.1215463, -17.2172), (0, -5.1446977, -17.295027), (1.7098882, -5.1215463, -17.2172), (3.374623, -5.0539236, -16.98987), (4.954778, -4.9469366, -16.630209), (6.4207764, -4.8079615, -16.163013), (7.7545614, -4.6453733, -15.616439), (8.948958, -4.4673977, -15.018135), (10.005548, -4.2813053, -14.392545), (10.931986, -4.0930066, -13.759538), (11.739495, -3.9069724, -13.134142), (12.440876, -3.7263563, -12.526961), (13.049116, -3.553218, -11.944919), (13.57655, -3.388766, -11.392078), (-13.6825285, -2.561414, -11.481005), (-13.161235, -2.6878104, -12.04755), (-12.558591, -2.821211, -12.645491), (-11.861776, -2.960751, -13.270949), (-11.057148, -3.1049013, -13.917073), (-10.131089, -3.2512681, -14.573132), (-9.071423, -3.3963997, -15.223654), (-7.869497, -3.535669, -15.8479), (-6.522884, -3.6633155, -16.420048), (-5.0383105, -3.7727528, -16.910578), (-3.4340692, -3.8572137, -17.289158), (-1.7408426, -3.910697, -17.528885), (0, -3.9290254, -17.611038), (1.7408426, -3.910697, -17.528885), (3.4340692, -3.8572137, -17.289158), (5.0383105, -3.7727528, -16.910578), (6.522884, -3.6633155, -16.420048), (7.869497, -3.535669, -15.8479), (9.071423, -3.3963997, -15.223654), (10.131089, -3.2512681, -14.573132), (11.057148, -3.1049013, -13.917073), (11.861776, -2.960751, -13.270949), (12.558591, -2.821211, -12.645491), (13.161235, -2.6878104, -12.04755), (13.6825285, -2.561414, -11.481005), (-13.759765, -1.7172486, -11.545814), (-13.243113, -1.803021, -12.1224985), (-12.644749, -1.8937106, -12.732245), (-11.951497, -1.9887637, -13.371328), (-11.149229, -2.087172, -14.032971), (-10.223712, -2.1873283, -14.706366), (-9.162041, -2.2868853, -15.37573), (-7.954795, -2.3826616, -16.019676), (-6.598874, -2.4706616, -16.61134), (-5.100631, -2.5462797, -17.119751), (-3.4785073, -2.6047516, -17.512884), (-1.7640114, -2.6418295, -17.762177), (0, -2.654545, -17.847668), (1.7640114, -2.6418295, -17.762177), (3.4785073, -2.6047516, -17.512884), (5.100631, -2.5462797, -17.119751), (6.598874, -2.4706616, -16.61134), (7.954795, -2.3826616, -16.019676), (9.162041, -2.2868853, -15.37573), (10.223712, -2.1873283, -14.706366), (11.149229, -2.087172, -14.032971), (11.951497, -1.9887637, -13.371328), (12.644749, -1.8937106, -12.732245), (13.243113, -1.803021, -12.1224985), (13.759765, -1.7172486, -11.545814), (-13.80674, -0.8615556, -11.58523), (-13.292978, -0.9049051, -12.168145), (-12.697303, -0.95079064, -12.785163), (-12.006316, -0.9989429, -13.43266), (-11.205594, -1.048862, -14.103915), (-10.28052, -1.0997411, -14.788081), (-9.217732, -1.150393, -15.469192), (-8.007324, -1.1991978, -16.125463), (-6.6457634, -1.2441086, -16.729372), (-5.1391525, -1.2827549, -17.249044), (-3.5060127, -1.312674, -17.651363), (-1.7783647, -1.3316628, -17.906702), (0, -1.3381778, -17.994308), (1.7783647, -1.3316628, -17.906702), (3.5060127, -1.312674, -17.651363), (5.1391525, -1.2827549, -17.249044), (6.6457634, -1.2441086, -16.729372), (8.007324, -1.1991978, -16.125463), (9.217732, -1.150393, -15.469192), (10.28052, -1.0997411, -14.788081), (11.205594, -1.048862, -14.103915), (12.006316, -0.9989429, -13.43266), (12.697303, -0.95079064, -12.785163), (13.292978, -0.9049051, -12.168145), (13.80674, -0.8615556, -11.58523), (-13.822505, 0, -11.598458), (-13.309726, 0, -12.1834755), (-12.714967, 0, -12.802949), (-12.024757, 0, -13.453293), (-11.224573, 0, -14.127804), (-10.299668, 0, -14.815624), (-9.236524, 0, -15.500727), (-8.025067, 0, -16.161194), (-6.6616163, 0, -16.76928), (-5.1521883, 0, -17.292797), (-3.5153272, 0, -17.69826), (-1.7832276, 0, -17.955667), (0, 0, -18.043999), (1.7832276, 0, -17.955667), (3.5153272, 0, -17.69826), (5.1521883, 0, -17.292797), (6.6616163, 0, -16.76928), (8.025067, 0, -16.161194), (9.236524, 0, -15.500727), (10.299668, 0, -14.815624), (11.224573, 0, -14.127804), (12.024757, 0, -13.453293), (12.714967, 0, -12.802949), (13.309726, 0, -12.1834755), (13.822505, 0, -11.598458), (-13.80674, 0.8615556, -11.58523), (-13.292978, 0.9049051, -12.168145), (-12.697303, 0.95079064, -12.785163), (-12.006316, 0.9989429, -13.43266), (-11.205594, 1.048862, -14.103915), (-10.28052, 1.0997411, -14.788081), (-9.217732, 1.150393, -15.469192), (-8.007324, 1.1991978, -16.125463), (-6.6457634, 1.2441086, -16.729372), (-5.1391525, 1.2827549, -17.249044), (-3.5060127, 1.312674, -17.651363), (-1.7783647, 1.3316628, -17.906702), (0, 1.3381778, -17.994308), (1.7783647, 1.3316628, -17.906702), (3.5060127, 1.312674, -17.651363), (5.1391525, 1.2827549, -17.249044), (6.6457634, 1.2441086, -16.729372), (8.007324, 1.1991978, -16.125463), (9.217732, 1.150393, -15.469192), (10.28052, 1.0997411, -14.788081), (11.205594, 1.048862, -14.103915), (12.006316, 0.9989429, -13.43266), (12.697303, 0.95079064, -12.785163), (13.292978, 0.9049051, -12.168145), (13.80674, 0.8615556, -11.58523), (-13.759765, 1.7172486, -11.545814), (-13.243113, 1.803021, -12.1224985), (-12.644749, 1.8937106, -12.732245), (-11.951497, 1.9887637, -13.371328), (-11.149229, 2.087172, -14.032971), (-10.223712, 2.1873283, -14.706366), (-9.162041, 2.2868853, -15.37573), (-7.954795, 2.3826616, -16.019676), (-6.598874, 2.4706616, -16.61134), (-5.100631, 2.5462797, -17.119751), (-3.4785073, 2.6047516, -17.512884), (-1.7640114, 2.6418295, -17.762177), (0, 2.654545, -17.847668), (1.7640114, 2.6418295, -17.762177), (3.4785073, 2.6047516, -17.512884), (5.100631, 2.5462797, -17.119751), (6.598874, 2.4706616, -16.61134), (7.954795, 2.3826616, -16.019676), (9.162041, 2.2868853, -15.37573), (10.223712, 2.1873283, -14.706366), (11.149229, 2.087172, -14.032971), (11.951497, 1.9887637, -13.371328), (12.644749, 1.8937106, -12.732245), (13.243113, 1.803021, -12.1224985), (13.759765, 1.7172486, -11.545814), (-13.6825285, 2.561414, -11.481005), (-13.161235, 2.6878104, -12.04755), (-12.558591, 2.821211, -12.645491), (-11.861776, 2.960751, -13.270949), (-11.057148, 3.1049013, -13.917073), (-10.131089, 3.2512681, -14.573132), (-9.071423, 3.3963997, -15.223654), (-7.869497, 3.535669, -15.8479), (-6.522884, 3.6633155, -16.420048), (-5.0383105, 3.7727528, -16.910578), (-3.4340692, 3.8572137, -17.289158), (-1.7408426, 3.910697, -17.528885), (0, 3.9290254, -17.611038), (1.7408426, 3.910697, -17.528885), (3.4340692, 3.8572137, -17.289158), (5.0383105, 3.7727528, -16.910578), (6.522884, 3.6633155, -16.420048), (7.869497, 3.535669, -15.8479), (9.071423, 3.3963997, -15.223654), (10.131089, 3.2512681, -14.573132), (11.057148, 3.1049013, -13.917073), (11.861776, 2.960751, -13.270949), (12.558591, 2.821211, -12.645491), (13.161235, 2.6878104, -12.04755), (13.6825285, 2.561414, -11.481005), (-13.57655, 3.388766, -11.392078), (-13.049116, 3.553218, -11.944919), (-12.440876, 3.7263563, -12.526961), (-11.739495, 3.9069724, -13.134142), (-10.931986, 4.0930066, -13.759538), (-10.005548, 4.2813053, -14.392545), (-8.948958, 4.4673977, -15.018135), (-7.7545614, 4.6453733, -15.616439), (-6.4207764, 4.8079615, -16.163013), (-4.954778, 4.9469366, -16.630209), (-3.374623, 5.0539236, -16.98987), (-1.7098882, 5.1215463, -17.2172), (0, 5.1446977, -17.295027), (1.7098882, 5.1215463, -17.2172), (3.374623, 5.0539236, -16.98987), (4.954778, 4.9469366, -16.630209), (6.4207764, 4.8079615, -16.163013), (7.7545614, 4.6453733, -15.616439), (8.948958, 4.4673977, -15.018135), (10.005548, 4.2813053, -14.392545), (10.931986, 4.0930066, -13.759538), (11.739495, 3.9069724, -13.134142), (12.440876, 3.7263563, -12.526961), (13.049116, 3.553218, -11.944919), (13.57655, 3.388766, -11.392078), (-13.443842, 4.194552, -11.280724), (-12.909088, 4.393861, -11.816739), (-12.294282, 4.6030593, -12.379353), (-11.587697, 4.8205657, -12.96431), (-10.777137, 5.043788, -13.564638), (-9.850789, 5.268857, -14.169932), (-8.798557, 5.4903955, -14.765732), (-7.6139293, 5.70141, -15.333228), (-6.2962794, 5.89342, -15.849617), (-4.853244, 6.056954, -16.289421), (-3.3025422, 6.182467, -16.626972), (-1.6724138, 6.2616267, -16.83986), (0, 6.288697, -16.912663), (1.6724138, 6.2616267, -16.83986), (3.3025422, 6.182467, -16.626972), (4.853244, 6.056954, -16.289421), (6.2962794, 5.89342, -15.849617), (7.6139293, 5.70141, -15.333228), (8.798557, 5.4903955, -14.765732), (9.850789, 5.268857, -14.169932), (10.777137, 5.043788, -13.564638), (11.587697, 4.8205657, -12.96431), (12.294282, 4.6030593, -12.379353), (12.909088, 4.393861, -11.816739), (13.443842, 4.194552, -11.280724), (-13.28681, 4.9746685, -11.148957), (-12.743912, 5.205168, -11.66554), (-12.121957, 5.446248, -12.205835), (-11.409924, 5.6959333, -12.765417), (-10.596524, 5.951112, -13.33731), (-9.671049, 6.2072635, -13.911383), (-8.624638, 6.458241, -14.47386), (-7.4520087, 6.6961937, -15.007146), (-6.153519, 6.911753, -15.490247), (-4.7372313, 7.094601, -15.900036), (-3.2204146, 7.2344656, -16.213491), (-1.6297929, 7.3224616, -16.410704), (0, 7.352515, -16.478058), (1.6297929, 7.3224616, -16.410704), (3.2204146, 7.2344656, -16.213491), (4.7372313, 7.094601, -15.900036), (6.153519, 6.911753, -15.490247), (7.4520087, 6.6961937, -15.007146), (8.624638, 6.458241, -14.47386), (9.671049, 6.2072635, -13.911383), (10.596524, 5.951112, -13.33731), (11.409924, 5.6959333, -12.765417), (12.121957, 5.446248, -12.205835), (12.743912, 5.205168, -11.66554), (13.28681, 4.9746685, -11.148957), (-13.108134, 5.725733, -10.999031), (-12.556644, 5.9834595, -11.494119), (-11.927351, 6.2519493, -12.009883), (-11.210017, 6.528828, -12.541762), (-10.394345, 6.810494, -13.082837), (-9.470802, 7.0918603, -13.623337), (-8.431815, 7.3661623, -14.150266), (-7.273346, 7.624927, -14.647348), (-5.996702, 7.858216, -15.095492), (-4.6102934, 8.055245, -15.473982), (-3.130827, 8.205415, -15.762455), (-1.5833917, 8.29965, -15.9434805), (0, 8.331791, -16.005222), (1.5833917, 8.29965, -15.9434805), (3.130827, 8.205415, -15.762455), (4.6102934, 8.055245, -15.473982), (5.996702, 7.858216, -15.095492), (7.273346, 7.624927, -14.647348), (8.431815, 7.3661623, -14.150266), (9.470802, 7.0918603, -13.623337), (10.394345, 6.810494, -13.082837), (11.210017, 6.528828, -12.541762), (11.927351, 6.2519493, -12.009883), (12.556644, 5.9834595, -11.494119), (13.108134, 5.725733, -10.999031)]
                        color3f[] primvars:displayColor = [(0.36666667, 0.73333335, 0.68333334)] (
                            interpolation = "constant"
                        )
                        float[] primvars:displayOpacity = [0.3] (
                            interpolation = "constant"
                        )
                        uniform token purpose = "guide"
                        uniform token subdivisionScheme = "none"
                    }
                }
            }

            over "sec_cam_yard_gen_a_fixed_2"
            {
                double aeco:cctv:mountHeight = 2.5

                over "Sensor_0"
                {
                    double aeco:cctvSensor:effectiveWidth = 8.818976585197152
                    double aeco:cctvSensor:hfov = 99.99999999999999
                    double aeco:cctvSensor:targetRange = 4.510999617209059
                    double aeco:cctvSensor:vfov = 54.99999999999999
                    float2 clippingRange = (0.05, 40)
                    float focalLength = 3.7
                    float horizontalAperture = 8.818976
                    float verticalAperture = 3.8521962
                    matrix4d xformOp:transform = ( (0.7633862853691147, 0.6459422414661737, 0, 0), (-0.37049724894877495, 0.43786038512127967, 0.8191520442889917, 0), (0.5291249075896297, -0.6253294362422899, 0.5735764363510463, 0), (0, 0, 0, 1) )
                    uniform token[] xformOpOrder = ["xformOp:transform"]

                    def Mesh "Sector" (
                        prepend apiSchemas = ["AecoDerivedGeometryAPI", "MaterialBindingAPI"]
                    )
                    {
                        uniform token aeco:derived:approx = "tessellated"
                        uniform token aeco:derived:role = "sector"
                        string aeco:derived:source = "f8f0af52-c8dc-5470-b630-40afb9037f7a"
                        string aeco:derived:stamp = "usdAecoCctv derive 0.5.3"
                        uniform bool doubleSided = 1
                        float3[] extent = [(-30.641777, -18.469944, -40), (30.641777, 18.469944, 0)]
                        int[] faceVertexCounts = [4, 4, 4, 4, 4, 4, 4, 4, 4, 4, 4, 4, 4, 4, 4, 4, 4, 4, 4, 4, 4, 4, 4, 4, 4, 4, 4, 4, 4, 4, 4, 4, 4, 4, 4, 4, 4, 4, 4, 4, 4, 4, 4, 4, 4, 4, 4, 4, 4, 4, 4, 4, 4, 4, 4, 4, 4, 4, 4, 4, 4, 4, 4, 4, 4, 4, 4, 4, 4, 4, 4, 4, 4, 4, 4, 4, 4, 4, 4, 4, 4, 4, 4, 4, 4, 4, 4, 4, 4, 4, 4, 4, 4, 4, 4, 4, 4, 4, 4, 4, 4, 4, 4, 4, 4, 4, 4, 4, 4, 4, 4, 4, 4, 4, 4, 4, 4, 4, 4, 4, 4, 4, 4, 4, 4, 4, 4, 4, 4, 4, 4, 4, 4, 4, 4, 4, 4, 4, 4, 4, 4, 4, 4, 4, 4, 4, 4, 4, 4, 4, 4, 4, 4, 4, 4, 4, 4, 4, 4, 4, 4, 4, 4, 4, 4, 4, 4, 4, 4, 4, 4, 4, 4, 4, 4, 4, 4, 4, 4, 4, 4, 4, 4, 4, 4, 4, 4, 4, 4, 4, 4, 4, 4, 4, 4, 4, 4, 4, 4, 4, 4, 4, 4, 4, 4, 4, 4, 4, 4, 4, 4, 4, 4, 4, 4, 4, 4, 4, 4, 4, 4, 4, 4, 4, 4, 4, 4, 4, 4, 4, 4, 4, 4, 4, 4, 4, 4, 4, 4, 4, 4, 4, 4, 4, 4, 4, 4, 4, 4, 4, 4, 4, 4, 4, 4, 4, 4, 4, 4, 4, 4, 4, 4, 4, 4, 4, 4, 4, 4, 4, 4, 4, 4, 4, 4, 4, 4, 4, 4, 4, 4, 4, 4, 4, 4, 4, 4, 4, 4, 4, 4, 4, 4, 4, 4, 4, 4, 4, 4, 4, 4, 4, 4, 4, 4, 4, 4, 4, 4, 4, 4, 4, 4, 4, 4, 4, 4, 4, 4, 4, 4, 4, 4, 4, 4, 4, 4, 4, 4, 4, 4, 4, 4, 4, 4, 4, 3, 3, 3, 3, 3, 3, 3, 3, 3, 3, 3, 3, 3, 3, 3, 3, 3, 3, 3, 3, 3, 3, 3, 3, 3, 3, 3, 3, 3, 3, 3, 3, 3, 3, 3, 3, 3, 3, 3, 3, 3, 3, 3, 3, 3, 3, 3, 3, 3, 3, 3, 3, 3, 3, 3, 3, 3, 3, 3, 3, 3, 3, 3, 3, 3, 3, 3, 3, 3, 3, 3, 3, 3, 3, 3, 3]
                        int[] faceVertexIndices = [1, 26, 27, 2, 2, 27, 28, 3, 3, 28, 29, 4, 4, 29, 30, 5, 5, 30, 31, 6, 6, 31, 32, 7, 7, 32, 33, 8, 8, 33, 34, 9, 9, 34, 35, 10, 10, 35, 36, 11, 11, 36, 37, 12, 12, 37, 38, 13, 13, 38, 39, 14, 14, 39, 40, 15, 15, 40, 41, 16, 16, 41, 42, 17, 17, 42, 43, 18, 18, 43, 44, 19, 19, 44, 45, 20, 20, 45, 46, 21, 21, 46, 47, 22, 22, 47, 48, 23, 23, 48, 49, 24, 24, 49, 50, 25, 26, 51, 52, 27, 27, 52, 53, 28, 28, 53, 54, 29, 29, 54, 55, 30, 30, 55, 56, 31, 31, 56, 57, 32, 32, 57, 58, 33, 33, 58, 59, 34, 34, 59, 60, 35, 35, 60, 61, 36, 36, 61, 62, 37, 37, 62, 63, 38, 38, 63, 64, 39, 39, 64, 65, 40, 40, 65, 66, 41, 41, 66, 67, 42, 42, 67, 68, 43, 43, 68, 69, 44, 44, 69, 70, 45, 45, 70, 71, 46, 46, 71, 72, 47, 47, 72, 73, 48, 48, 73, 74, 49, 49, 74, 75, 50, 51, 76, 77, 52, 52, 77, 78, 53, 53, 78, 79, 54, 54, 79, 80, 55, 55, 80, 81, 56, 56, 81, 82, 57, 57, 82, 83, 58, 58, 83, 84, 59, 59, 84, 85, 60, 60, 85, 86, 61, 61, 86, 87, 62, 62, 87, 88, 63, 63, 88, 89, 64, 64, 89, 90, 65, 65, 90, 91, 66, 66, 91, 92, 67, 67, 92, 93, 68, 68, 93, 94, 69, 69, 94, 95, 70, 70, 95, 96, 71, 71, 96, 97, 72, 72, 97, 98, 73, 73, 98, 99, 74, 74, 99, 100, 75, 76, 101, 102, 77, 77, 102, 103, 78, 78, 103, 104, 79, 79, 104, 105, 80, 80, 105, 106, 81, 81, 106, 107, 82, 82, 107, 108, 83, 83, 108, 109, 84, 84, 109, 110, 85, 85, 110, 111, 86, 86, 111, 112, 87, 87, 112, 113, 88, 88, 113, 114, 89, 89, 114, 115, 90, 90, 115, 116, 91, 91, 116, 117, 92, 92, 117, 118, 93, 93, 118, 119, 94, 94, 119, 120, 95, 95, 120, 121, 96, 96, 121, 122, 97, 97, 122, 123, 98, 98, 123, 124, 99, 99, 124, 125, 100, 101, 126, 127, 102, 102, 127, 128, 103, 103, 128, 129, 104, 104, 129, 130, 105, 105, 130, 131, 106, 106, 131, 132, 107, 107, 132, 133, 108, 108, 133, 134, 109, 109, 134, 135, 110, 110, 135, 136, 111, 111, 136, 137, 112, 112, 137, 138, 113, 113, 138, 139, 114, 114, 139, 140, 115, 115, 140, 141, 116, 116, 141, 142, 117, 117, 142, 143, 118, 118, 143, 144, 119, 119, 144, 145, 120, 120, 145, 146, 121, 121, 146, 147, 122, 122, 147, 148, 123, 123, 148, 149, 124, 124, 149, 150, 125, 126, 151, 152, 127, 127, 152, 153, 128, 128, 153, 154, 129, 129, 154, 155, 130, 130, 155, 156, 131, 131, 156, 157, 132, 132, 157, 158, 133, 133, 158, 159, 134, 134, 159, 160, 135, 135, 160, 161, 136, 136, 161, 162, 137, 137, 162, 163, 138, 138, 163, 164, 139, 139, 164, 165, 140, 140, 165, 166, 141, 141, 166, 167, 142, 142, 167, 168, 143, 143, 168, 169, 144, 144, 169, 170, 145, 145, 170, 171, 146, 146, 171, 172, 147, 147, 172, 173, 148, 148, 173, 174, 149, 149, 174, 175, 150, 151, 176, 177, 152, 152, 177, 178, 153, 153, 178, 179, 154, 154, 179, 180, 155, 155, 180, 181, 156, 156, 181, 182, 157, 157, 182, 183, 158, 158, 183, 184, 159, 159, 184, 185, 160, 160, 185, 186, 161, 161, 186, 187, 162, 162, 187, 188, 163, 163, 188, 189, 164, 164, 189, 190, 165, 165, 190, 191, 166, 166, 191, 192, 167, 167, 192, 193, 168, 168, 193, 194, 169, 169, 194, 195, 170, 170, 195, 196, 171, 171, 196, 197, 172, 172, 197, 198, 173, 173, 198, 199, 174, 174, 199, 200, 175, 176, 201, 202, 177, 177, 202, 203, 178, 178, 203, 204, 179, 179, 204, 205, 180, 180, 205, 206, 181, 181, 206, 207, 182, 182, 207, 208, 183, 183, 208, 209, 184, 184, 209, 210, 185, 185, 210, 211, 186, 186, 211, 212, 187, 187, 212, 213, 188, 188, 213, 214, 189, 189, 214, 215, 190, 190, 215, 216, 191, 191, 216, 217, 192, 192, 217, 218, 193, 193, 218, 219, 194, 194, 219, 220, 195, 195, 220, 221, 196, 196, 221, 222, 197, 197, 222, 223, 198, 198, 223, 224, 199, 199, 224, 225, 200, 201, 226, 227, 202, 202, 227, 228, 203, 203, 228, 229, 204, 204, 229, 230, 205, 205, 230, 231, 206, 206, 231, 232, 207, 207, 232, 233, 208, 208, 233, 234, 209, 209, 234, 235, 210, 210, 235, 236, 211, 211, 236, 237, 212, 212, 237, 238, 213, 213, 238, 239, 214, 214, 239, 240, 215, 215, 240, 241, 216, 216, 241, 242, 217, 217, 242, 243, 218, 218, 243, 244, 219, 219, 244, 245, 220, 220, 245, 246, 221, 221, 246, 247, 222, 222, 247, 248, 223, 223, 248, 249, 224, 224, 249, 250, 225, 226, 251, 252, 227, 227, 252, 253, 228, 228, 253, 254, 229, 229, 254, 255, 230, 230, 255, 256, 231, 231, 256, 257, 232, 232, 257, 258, 233, 233, 258, 259, 234, 234, 259, 260, 235, 235, 260, 261, 236, 236, 261, 262, 237, 237, 262, 263, 238, 238, 263, 264, 239, 239, 264, 265, 240, 240, 265, 266, 241, 241, 266, 267, 242, 242, 267, 268, 243, 243, 268, 269, 244, 244, 269, 270, 245, 245, 270, 271, 246, 246, 271, 272, 247, 247, 272, 273, 248, 248, 273, 274, 249, 249, 274, 275, 250, 251, 276, 277, 252, 252, 277, 278, 253, 253, 278, 279, 254, 254, 279, 280, 255, 255, 280, 281, 256, 256, 281, 282, 257, 257, 282, 283, 258, 258, 283, 284, 259, 259, 284, 285, 260, 260, 285, 286, 261, 261, 286, 287, 262, 262, 287, 288, 263, 263, 288, 289, 264, 264, 289, 290, 265, 265, 290, 291, 266, 266, 291, 292, 267, 267, 292, 293, 268, 268, 293, 294, 269, 269, 294, 295, 270, 270, 295, 296, 271, 271, 296, 297, 272, 272, 297, 298, 273, 273, 298, 299, 274, 274, 299, 300, 275, 276, 301, 302, 277, 277, 302, 303, 278, 278, 303, 304, 279, 279, 304, 305, 280, 280, 305, 306, 281, 281, 306, 307, 282, 282, 307, 308, 283, 283, 308, 309, 284, 284, 309, 310, 285, 285, 310, 311, 286, 286, 311, 312, 287, 287, 312, 313, 288, 288, 313, 314, 289, 289, 314, 315, 290, 290, 315, 316, 291, 291, 316, 317, 292, 292, 317, 318, 293, 293, 318, 319, 294, 294, 319, 320, 295, 295, 320, 321, 296, 296, 321, 322, 297, 297, 322, 323, 298, 298, 323, 324, 299, 299, 324, 325, 300, 301, 326, 327, 302, 302, 327, 328, 303, 303, 328, 329, 304, 304, 329, 330, 305, 305, 330, 331, 306, 306, 331, 332, 307, 307, 332, 333, 308, 308, 333, 334, 309, 309, 334, 335, 310, 310, 335, 336, 311, 311, 336, 337, 312, 312, 337, 338, 313, 313, 338, 339, 314, 314, 339, 340, 315, 315, 340, 341, 316, 316, 341, 342, 317, 317, 342, 343, 318, 318, 343, 344, 319, 319, 344, 345, 320, 320, 345, 346, 321, 321, 346, 347, 322, 322, 347, 348, 323, 323, 348, 349, 324, 324, 349, 350, 325, 326, 351, 352, 327, 327, 352, 353, 328, 328, 353, 354, 329, 329, 354, 355, 330, 330, 355, 356, 331, 331, 356, 357, 332, 332, 357, 358, 333, 333, 358, 359, 334, 334, 359, 360, 335, 335, 360, 361, 336, 336, 361, 362, 337, 337, 362, 363, 338, 338, 363, 364, 339, 339, 364, 365, 340, 340, 365, 366, 341, 341, 366, 367, 342, 342, 367, 368, 343, 343, 368, 369, 344, 344, 369, 370, 345, 345, 370, 371, 346, 346, 371, 372, 347, 347, 372, 373, 348, 348, 373, 374, 349, 349, 374, 375, 350, 0, 1, 2, 0, 2, 3, 0, 3, 4, 0, 4, 5, 0, 5, 6, 0, 6, 7, 0, 7, 8, 0, 8, 9, 0, 9, 10, 0, 10, 11, 0, 11, 12, 0, 12, 13, 0, 13, 14, 0, 14, 15, 0, 15, 16, 0, 16, 17, 0, 17, 18, 0, 18, 19, 0, 19, 20, 0, 20, 21, 0, 21, 22, 0, 22, 23, 0, 23, 24, 0, 24, 25, 0, 352, 351, 0, 353, 352, 0, 354, 353, 0, 355, 354, 0, 356, 355, 0, 357, 356, 0, 358, 357, 0, 359, 358, 0, 360, 359, 0, 361, 360, 0, 362, 361, 0, 363, 362, 0, 364, 363, 0, 365, 364, 0, 366, 365, 0, 367, 366, 0, 368, 367, 0, 369, 368, 0, 370, 369, 0, 371, 370, 0, 372, 371, 0, 373, 372, 0, 374, 373, 0, 375, 374, 0, 26, 1, 0, 51, 26, 0, 76, 51, 0, 101, 76, 0, 126, 101, 0, 151, 126, 0, 176, 151, 0, 201, 176, 0, 226, 201, 0, 251, 226, 0, 276, 251, 0, 301, 276, 0, 326, 301, 0, 351, 326, 0, 25, 50, 0, 50, 75, 0, 75, 100, 0, 100, 125, 0, 125, 150, 0, 150, 175, 0, 175, 200, 0, 200, 225, 0, 225, 250, 0, 250, 275, 0, 275, 300, 0, 300, 325, 0, 325, 350, 0, 350, 375]
                        rel material:binding = </AecoCctvLooks/Sector>
                        point3f[] points = [(0, 0, 0), (-29.058159, -12.692825, -24.38269), (-27.835613, -13.264154, -25.480204), (-26.440596, -13.859344, -26.623552), (-24.850407, -14.473129, -27.802622), (-23.042223, -15.0975275, -29.00208), (-20.994907, -15.721261, -30.200262), (-18.691677, -16.329334, -31.36836), (-16.123579, -16.902966, -32.470295), (-13.293511, -17.42012, -33.46374), (-10.220115, -17.856895, -34.302776), (-6.9404283, -18.189793, -34.942265), (-3.5100682, -18.398695, -35.343563), (0, -18.469944, -35.480434), (3.5100682, -18.398695, -35.343563), (6.9404283, -18.189793, -34.942265), (10.220115, -17.856895, -34.302776), (13.293511, -17.42012, -33.46374), (16.123579, -16.902966, -32.470295), (18.691677, -16.329334, -31.36836), (20.994907, -15.721261, -30.200262), (23.042223, -15.0975275, -29.00208), (24.850407, -14.473129, -27.802622), (26.440596, -13.859344, -26.623552), (27.835613, -13.264154, -25.480204), (29.058159, -12.692825, -24.38269), (-29.454247, -11.027863, -24.715048), (-28.25075, -11.538835, -25.86021), (-26.871998, -12.073261, -27.05794), (-25.29356, -12.626765, -28.298422), (-23.490412, -13.192446, -29.566195), (-21.438816, -13.760284, -30.838802), (-19.119127, -14.316652, -32.085705), (-16.51964, -14.844146, -33.267895), (-13.641143, -15.322, -34.338833), (-10.501512, -15.727338, -35.247257), (-7.1390266, -16.037388, -35.942127), (-3.6129308, -16.232458, -36.379307), (0, -16.299082, -36.528618), (3.6129308, -16.232458, -36.379307), (7.1390266, -16.037388, -35.942127), (10.501512, -15.727338, -35.247257), (13.641143, -15.322, -34.338833), (16.51964, -14.844146, -33.267895), (19.119127, -14.316652, -32.085705), (21.438816, -13.760284, -30.838802), (23.490412, -13.192446, -29.566195), (25.29356, -12.626765, -28.298422), (26.871998, -12.073261, -27.05794), (28.25075, -11.538835, -25.86021), (29.454247, -11.027863, -24.715048), (-29.802357, -9.298498, -25.007147), (-28.61691, -9.740326, -26.195389), (-27.254007, -10.204079, -27.442593), (-25.687647, -10.686248, -28.739326), (-23.890797, -11.1810875, -30.070137), (-21.837265, -11.680021, -31.411957), (-19.504673, -12.171128, -32.732727), (-16.878586, -12.638906, -33.990757), (-13.957614, -13.064555, -35.135487), (-10.758688, -13.427077, -36.110443), (-7.3210874, -13.705315, -36.85873), (-3.707413, -13.880796, -37.330666), (0, -13.9408045, -37.49205), (3.707413, -13.880796, -37.330666), (7.3210874, -13.705315, -36.85873), (10.758688, -13.427077, -36.110443), (13.957614, -13.064555, -35.135487), (16.878586, -12.638906, -33.990757), (19.504673, -12.171128, -32.732727), (21.837265, -11.680021, -31.411957), (23.890797, -11.1810875, -30.070137), (25.687647, -10.686248, -28.739326), (27.254007, -10.204079, -27.442593), (28.61691, -9.740326, -26.195389), (29.802357, -9.298498, -25.007147), (-30.096544, -7.5122285, -25.254), (-28.927328, -7.8767858, -26.479538), (-27.578978, -8.260599, -27.769812), (-26.024157, -8.66099, -29.115812), (-24.234064, -9.073392, -30.502192), (-22.180332, -9.490813, -31.905443), (-19.838083, -9.903343, -33.292255), (-17.19034, -10.29788, -34.618576), (-14.233601, -10.658306, -35.830227), (-10.983769, -10.966387, -36.86591), (-7.480876, -11.203556, -37.663204), (-3.790486, -11.353462, -38.16715), (0, -11.404784, -38.339676), (3.790486, -11.353462, -38.16715), (7.480876, -11.203556, -37.663204), (10.983769, -10.966387, -36.86591), (14.233601, -10.658306, -35.830227), (17.19034, -10.29788, -34.618576), (19.838083, -9.903343, -33.292255), (22.180332, -9.490813, -31.905443), (24.234064, -9.073392, -30.502192), (26.024157, -8.66099, -29.115812), (27.578978, -8.260599, -27.769812), (28.927328, -7.8767858, -26.479538), (30.096544, -7.5122285, -25.254), (-30.331478, -5.6781516, -25.451132), (-29.175873, -5.9583473, -26.70705), (-27.83993, -6.2540708, -28.03257), (-26.295227, -6.563403, -29.419088), (-24.511526, -6.8829565, -30.851418), (-22.458635, -7.2074227, -32.30577), (-20.109562, -7.529151, -33.747852), (-17.445127, -7.837884, -35.131683), (-14.459952, -8.120851, -36.40002), (-11.168944, -8.363452, -37.48743), (-7.6126566, -8.550685, -38.326664), (-3.859106, -8.669247, -38.858093), (0, -8.709877, -39.04021), (3.859106, -8.669247, -38.858093), (7.6126566, -8.550685, -38.326664), (11.168944, -8.363452, -37.48743), (14.459952, -8.120851, -36.40002), (17.445127, -7.837884, -35.131683), (20.109562, -7.529151, -33.747852), (22.458635, -7.2074227, -32.30577), (24.511526, -6.8829565, -30.851418), (26.295227, -6.563403, -29.419088), (27.83993, -6.2540708, -28.03257), (29.175873, -5.9583473, -26.70705), (30.331478, -5.6781516, -25.451132), (-30.502695, -3.8068027, -25.5948), (-29.357378, -3.9969432, -26.873198), (-28.030924, -4.1979847, -28.224886), (-26.49412, -4.4086986, -29.64161), (-24.71565, -4.6268506, -31.108341), (-22.663961, -4.8488774, -32.601124), (-20.310444, -5.0695753, -34.084972), (-17.634218, -5.281893, -35.512478), (-14.6284075, -5.4769716, -36.824074), (-11.307097, -5.644602, -37.951126), (-7.7111673, -5.774223, -38.822624), (-3.9104667, -5.856417, -39.375256), (0, -5.8846054, -39.564774), (3.9104667, -5.856417, -39.375256), (7.7111673, -5.774223, -38.822624), (11.307097, -5.644602, -37.951126), (14.6284075, -5.4769716, -36.824074), (17.634218, -5.281893, -35.512478), (20.310444, -5.0695753, -34.084972), (22.663961, -4.8488774, -32.601124), (24.71565, -4.6268506, -31.108341), (26.49412, -4.4086986, -29.64161), (28.030924, -4.1979847, -28.224886), (29.357378, -3.9969432, -26.873198), (30.502695, -3.8068027, -25.5948), (-30.606829, -1.9098995, -25.682178), (-29.467922, -2.0059967, -26.974388), (-28.147427, -2.107716, -28.342194), (-26.615644, -2.2144601, -29.777569), (-24.840601, -2.325121, -31.26561), (-22.789894, -2.43791, -32.782272), (-20.4339, -2.5501955, -34.29216), (-17.750666, -2.658386, -35.746983), (-14.732351, -2.7579443, -37.08573), (-11.392492, -2.8436155, -38.237743), (-7.7721415, -2.9099405, -39.129604), (-3.9422853, -2.9520347, -39.69564), (0, -2.9664772, -39.889847), (3.9422853, -2.9520347, -39.69564), (7.7721415, -2.9099405, -39.129604), (11.392492, -2.8436155, -38.237743), (14.732351, -2.7579443, -37.08573), (17.750666, -2.658386, -35.746983), (20.4339, -2.5501955, -34.29216), (22.789894, -2.43791, -32.782272), (24.840601, -2.325121, -31.26561), (26.615644, -2.2144601, -29.777569), (28.147427, -2.107716, -28.342194), (29.467922, -2.0059967, -26.974388), (30.606829, -1.9098995, -25.682178), (-30.641777, 0, -25.711504), (-29.505047, 0, -27.008371), (-28.186584, 0, -28.381622), (-26.656525, 0, -29.823307), (-24.882675, 0, -31.318565), (-22.83234, 0, -32.84333), (-20.475557, 0, -34.362064), (-17.789997, 0, -35.82619), (-14.767495, 0, -37.1742), (-11.42139, 0, -38.334736), (-7.79279, 0, -39.233562), (-3.9530652, 0, -39.804188), (0, 0, -40), (3.9530652, 0, -39.804188), (7.79279, 0, -39.233562), (11.42139, 0, -38.334736), (14.767495, 0, -37.1742), (17.789997, 0, -35.82619), (20.475557, 0, -34.362064), (22.83234, 0, -32.84333), (24.882675, 0, -31.318565), (26.656525, 0, -29.823307), (28.186584, 0, -28.381622), (29.505047, 0, -27.008371), (30.641777, 0, -25.711504), (-30.606829, 1.9098995, -25.682178), (-29.467922, 2.0059967, -26.974388), (-28.147427, 2.107716, -28.342194), (-26.615644, 2.2144601, -29.777569), (-24.840601, 2.325121, -31.26561), (-22.789894, 2.43791, -32.782272), (-20.4339, 2.5501955, -34.29216), (-17.750666, 2.658386, -35.746983), (-14.732351, 2.7579443, -37.08573), (-11.392492, 2.8436155, -38.237743), (-7.7721415, 2.9099405, -39.129604), (-3.9422853, 2.9520347, -39.69564), (0, 2.9664772, -39.889847), (3.9422853, 2.9520347, -39.69564), (7.7721415, 2.9099405, -39.129604), (11.392492, 2.8436155, -38.237743), (14.732351, 2.7579443, -37.08573), (17.750666, 2.658386, -35.746983), (20.4339, 2.5501955, -34.29216), (22.789894, 2.43791, -32.782272), (24.840601, 2.325121, -31.26561), (26.615644, 2.2144601, -29.777569), (28.147427, 2.107716, -28.342194), (29.467922, 2.0059967, -26.974388), (30.606829, 1.9098995, -25.682178), (-30.502695, 3.8068027, -25.5948), (-29.357378, 3.9969432, -26.873198), (-28.030924, 4.1979847, -28.224886), (-26.49412, 4.4086986, -29.64161), (-24.71565, 4.6268506, -31.108341), (-22.663961, 4.8488774, -32.601124), (-20.310444, 5.0695753, -34.084972), (-17.634218, 5.281893, -35.512478), (-14.6284075, 5.4769716, -36.824074), (-11.307097, 5.644602, -37.951126), (-7.7111673, 5.774223, -38.822624), (-3.9104667, 5.856417, -39.375256), (0, 5.8846054, -39.564774), (3.9104667, 5.856417, -39.375256), (7.7111673, 5.774223, -38.822624), (11.307097, 5.644602, -37.951126), (14.6284075, 5.4769716, -36.824074), (17.634218, 5.281893, -35.512478), (20.310444, 5.0695753, -34.084972), (22.663961, 4.8488774, -32.601124), (24.71565, 4.6268506, -31.108341), (26.49412, 4.4086986, -29.64161), (28.030924, 4.1979847, -28.224886), (29.357378, 3.9969432, -26.873198), (30.502695, 3.8068027, -25.5948), (-30.331478, 5.6781516, -25.451132), (-29.175873, 5.9583473, -26.70705), (-27.83993, 6.2540708, -28.03257), (-26.295227, 6.563403, -29.419088), (-24.511526, 6.8829565, -30.851418), (-22.458635, 7.2074227, -32.30577), (-20.109562, 7.529151, -33.747852), (-17.445127, 7.837884, -35.131683), (-14.459952, 8.120851, -36.40002), (-11.168944, 8.363452, -37.48743), (-7.6126566, 8.550685, -38.326664), (-3.859106, 8.669247, -38.858093), (0, 8.709877, -39.04021), (3.859106, 8.669247, -38.858093), (7.6126566, 8.550685, -38.326664), (11.168944, 8.363452, -37.48743), (14.459952, 8.120851, -36.40002), (17.445127, 7.837884, -35.131683), (20.109562, 7.529151, -33.747852), (22.458635, 7.2074227, -32.30577), (24.511526, 6.8829565, -30.851418), (26.295227, 6.563403, -29.419088), (27.83993, 6.2540708, -28.03257), (29.175873, 5.9583473, -26.70705), (30.331478, 5.6781516, -25.451132), (-30.096544, 7.5122285, -25.254), (-28.927328, 7.8767858, -26.479538), (-27.578978, 8.260599, -27.769812), (-26.024157, 8.66099, -29.115812), (-24.234064, 9.073392, -30.502192), (-22.180332, 9.490813, -31.905443), (-19.838083, 9.903343, -33.292255), (-17.19034, 10.29788, -34.618576), (-14.233601, 10.658306, -35.830227), (-10.983769, 10.966387, -36.86591), (-7.480876, 11.203556, -37.663204), (-3.790486, 11.353462, -38.16715), (0, 11.404784, -38.339676), (3.790486, 11.353462, -38.16715), (7.480876, 11.203556, -37.663204), (10.983769, 10.966387, -36.86591), (14.233601, 10.658306, -35.830227), (17.19034, 10.29788, -34.618576), (19.838083, 9.903343, -33.292255), (22.180332, 9.490813, -31.905443), (24.234064, 9.073392, -30.502192), (26.024157, 8.66099, -29.115812), (27.578978, 8.260599, -27.769812), (28.927328, 7.8767858, -26.479538), (30.096544, 7.5122285, -25.254), (-29.802357, 9.298498, -25.007147), (-28.61691, 9.740326, -26.195389), (-27.254007, 10.204079, -27.442593), (-25.687647, 10.686248, -28.739326), (-23.890797, 11.1810875, -30.070137), (-21.837265, 11.680021, -31.411957), (-19.504673, 12.171128, -32.732727), (-16.878586, 12.638906, -33.990757), (-13.957614, 13.064555, -35.135487), (-10.758688, 13.427077, -36.110443), (-7.3210874, 13.705315, -36.85873), (-3.707413, 13.880796, -37.330666), (0, 13.9408045, -37.49205), (3.707413, 13.880796, -37.330666), (7.3210874, 13.705315, -36.85873), (10.758688, 13.427077, -36.110443), (13.957614, 13.064555, -35.135487), (16.878586, 12.638906, -33.990757), (19.504673, 12.171128, -32.732727), (21.837265, 11.680021, -31.411957), (23.890797, 11.1810875, -30.070137), (25.687647, 10.686248, -28.739326), (27.254007, 10.204079, -27.442593), (28.61691, 9.740326, -26.195389), (29.802357, 9.298498, -25.007147), (-29.454247, 11.027863, -24.715048), (-28.25075, 11.538835, -25.86021), (-26.871998, 12.073261, -27.05794), (-25.29356, 12.626765, -28.298422), (-23.490412, 13.192446, -29.566195), (-21.438816, 13.760284, -30.838802), (-19.119127, 14.316652, -32.085705), (-16.51964, 14.844146, -33.267895), (-13.641143, 15.322, -34.338833), (-10.501512, 15.727338, -35.247257), (-7.1390266, 16.037388, -35.942127), (-3.6129308, 16.232458, -36.379307), (0, 16.299082, -36.528618), (3.6129308, 16.232458, -36.379307), (7.1390266, 16.037388, -35.942127), (10.501512, 15.727338, -35.247257), (13.641143, 15.322, -34.338833), (16.51964, 14.844146, -33.267895), (19.119127, 14.316652, -32.085705), (21.438816, 13.760284, -30.838802), (23.490412, 13.192446, -29.566195), (25.29356, 12.626765, -28.298422), (26.871998, 12.073261, -27.05794), (28.25075, 11.538835, -25.86021), (29.454247, 11.027863, -24.715048), (-29.058159, 12.692825, -24.38269), (-27.835613, 13.264154, -25.480204), (-26.440596, 13.859344, -26.623552), (-24.850407, 14.473129, -27.802622), (-23.042223, 15.0975275, -29.00208), (-20.994907, 15.721261, -30.200262), (-18.691677, 16.329334, -31.36836), (-16.123579, 16.902966, -32.470295), (-13.293511, 17.42012, -33.46374), (-10.220115, 17.856895, -34.302776), (-6.9404283, 18.189793, -34.942265), (-3.5100682, 18.398695, -35.343563), (0, 18.469944, -35.480434), (3.5100682, 18.398695, -35.343563), (6.9404283, 18.189793, -34.942265), (10.220115, 17.856895, -34.302776), (13.293511, 17.42012, -33.46374), (16.123579, 16.902966, -32.470295), (18.691677, 16.329334, -31.36836), (20.994907, 15.721261, -30.200262), (23.042223, 15.0975275, -29.00208), (24.850407, 14.473129, -27.802622), (26.440596, 13.859344, -26.623552), (27.835613, 13.264154, -25.480204), (29.058159, 12.692825, -24.38269)]
                        color3f[] primvars:displayColor = [(0, 0.85, 0.95)] (
                            interpolation = "constant"
                        )
                        float[] primvars:displayOpacity = [0.3] (
                            interpolation = "constant"
                        )
                        uniform token purpose = "guide"
                        uniform token subdivisionScheme = "none"
                    }

                    def Mesh "Shell_identify" (
                        prepend apiSchemas = ["AecoDerivedGeometryAPI", "MaterialBindingAPI"]
                    )
                    {
                        uniform token aeco:derived:approx = "tessellated"
                        uniform token aeco:derived:role = "coverage"
                        string aeco:derived:source = "f8f0af52-c8dc-5470-b630-40afb9037f7a"
                        string aeco:derived:stamp = "usdAecoCctv derive 0.5.3"
                        uniform bool doubleSided = 1
                        float3[] extent = [(-3.4556262, -2.0829477, -4.5109997), (3.4556262, 2.0829477, 0)]
                        int[] faceVertexCounts = [4, 4, 4, 4, 4, 4, 4, 4, 4, 4, 4, 4, 4, 4, 4, 4, 4, 4, 4, 4, 4, 4, 4, 4, 4, 4, 4, 4, 4, 4, 4, 4, 4, 4, 4, 4, 4, 4, 4, 4, 4, 4, 4, 4, 4, 4, 4, 4, 4, 4, 4, 4, 4, 4, 4, 4, 4, 4, 4, 4, 4, 4, 4, 4, 4, 4, 4, 4, 4, 4, 4, 4, 4, 4, 4, 4, 4, 4, 4, 4, 4, 4, 4, 4, 4, 4, 4, 4, 4, 4, 4, 4, 4, 4, 4, 4, 4, 4, 4, 4, 4, 4, 4, 4, 4, 4, 4, 4, 4, 4, 4, 4, 4, 4, 4, 4, 4, 4, 4, 4, 4, 4, 4, 4, 4, 4, 4, 4, 4, 4, 4, 4, 4, 4, 4, 4, 4, 4, 4, 4, 4, 4, 4, 4, 4, 4, 4, 4, 4, 4, 4, 4, 4, 4, 4, 4, 4, 4, 4, 4, 4, 4, 4, 4, 4, 4, 4, 4, 4, 4, 4, 4, 4, 4, 4, 4, 4, 4, 4, 4, 4, 4, 4, 4, 4, 4, 4, 4, 4, 4, 4, 4, 4, 4, 4, 4, 4, 4, 4, 4, 4, 4, 4, 4, 4, 4, 4, 4, 4, 4, 4, 4, 4, 4, 4, 4, 4, 4, 4, 4, 4, 4, 4, 4, 4, 4, 4, 4, 4, 4, 4, 4, 4, 4, 4, 4, 4, 4, 4, 4, 4, 4, 4, 4, 4, 4, 4, 4, 4, 4, 4, 4, 4, 4, 4, 4, 4, 4, 4, 4, 4, 4, 4, 4, 4, 4, 4, 4, 4, 4, 4, 4, 4, 4, 4, 4, 4, 4, 4, 4, 4, 4, 4, 4, 4, 4, 4, 4, 4, 4, 4, 4, 4, 4, 4, 4, 4, 4, 4, 4, 4, 4, 4, 4, 4, 4, 4, 4, 4, 4, 4, 4, 4, 4, 4, 4, 4, 4, 4, 4, 4, 4, 4, 4, 4, 4, 4, 4, 4, 4, 4, 4, 4, 4, 4, 4, 3, 3, 3, 3, 3, 3, 3, 3, 3, 3, 3, 3, 3, 3, 3, 3, 3, 3, 3, 3, 3, 3, 3, 3, 3, 3, 3, 3, 3, 3, 3, 3, 3, 3, 3, 3, 3, 3, 3, 3, 3, 3, 3, 3, 3, 3, 3, 3, 3, 3, 3, 3, 3, 3, 3, 3, 3, 3, 3, 3, 3, 3, 3, 3, 3, 3, 3, 3, 3, 3, 3, 3, 3, 3, 3, 3]
                        int[] faceVertexIndices = [1, 26, 27, 2, 2, 27, 28, 3, 3, 28, 29, 4, 4, 29, 30, 5, 5, 30, 31, 6, 6, 31, 32, 7, 7, 32, 33, 8, 8, 33, 34, 9, 9, 34, 35, 10, 10, 35, 36, 11, 11, 36, 37, 12, 12, 37, 38, 13, 13, 38, 39, 14, 14, 39, 40, 15, 15, 40, 41, 16, 16, 41, 42, 17, 17, 42, 43, 18, 18, 43, 44, 19, 19, 44, 45, 20, 20, 45, 46, 21, 21, 46, 47, 22, 22, 47, 48, 23, 23, 48, 49, 24, 24, 49, 50, 25, 26, 51, 52, 27, 27, 52, 53, 28, 28, 53, 54, 29, 29, 54, 55, 30, 30, 55, 56, 31, 31, 56, 57, 32, 32, 57, 58, 33, 33, 58, 59, 34, 34, 59, 60, 35, 35, 60, 61, 36, 36, 61, 62, 37, 37, 62, 63, 38, 38, 63, 64, 39, 39, 64, 65, 40, 40, 65, 66, 41, 41, 66, 67, 42, 42, 67, 68, 43, 43, 68, 69, 44, 44, 69, 70, 45, 45, 70, 71, 46, 46, 71, 72, 47, 47, 72, 73, 48, 48, 73, 74, 49, 49, 74, 75, 50, 51, 76, 77, 52, 52, 77, 78, 53, 53, 78, 79, 54, 54, 79, 80, 55, 55, 80, 81, 56, 56, 81, 82, 57, 57, 82, 83, 58, 58, 83, 84, 59, 59, 84, 85, 60, 60, 85, 86, 61, 61, 86, 87, 62, 62, 87, 88, 63, 63, 88, 89, 64, 64, 89, 90, 65, 65, 90, 91, 66, 66, 91, 92, 67, 67, 92, 93, 68, 68, 93, 94, 69, 69, 94, 95, 70, 70, 95, 96, 71, 71, 96, 97, 72, 72, 97, 98, 73, 73, 98, 99, 74, 74, 99, 100, 75, 76, 101, 102, 77, 77, 102, 103, 78, 78, 103, 104, 79, 79, 104, 105, 80, 80, 105, 106, 81, 81, 106, 107, 82, 82, 107, 108, 83, 83, 108, 109, 84, 84, 109, 110, 85, 85, 110, 111, 86, 86, 111, 112, 87, 87, 112, 113, 88, 88, 113, 114, 89, 89, 114, 115, 90, 90, 115, 116, 91, 91, 116, 117, 92, 92, 117, 118, 93, 93, 118, 119, 94, 94, 119, 120, 95, 95, 120, 121, 96, 96, 121, 122, 97, 97, 122, 123, 98, 98, 123, 124, 99, 99, 124, 125, 100, 101, 126, 127, 102, 102, 127, 128, 103, 103, 128, 129, 104, 104, 129, 130, 105, 105, 130, 131, 106, 106, 131, 132, 107, 107, 132, 133, 108, 108, 133, 134, 109, 109, 134, 135, 110, 110, 135, 136, 111, 111, 136, 137, 112, 112, 137, 138, 113, 113, 138, 139, 114, 114, 139, 140, 115, 115, 140, 141, 116, 116, 141, 142, 117, 117, 142, 143, 118, 118, 143, 144, 119, 119, 144, 145, 120, 120, 145, 146, 121, 121, 146, 147, 122, 122, 147, 148, 123, 123, 148, 149, 124, 124, 149, 150, 125, 126, 151, 152, 127, 127, 152, 153, 128, 128, 153, 154, 129, 129, 154, 155, 130, 130, 155, 156, 131, 131, 156, 157, 132, 132, 157, 158, 133, 133, 158, 159, 134, 134, 159, 160, 135, 135, 160, 161, 136, 136, 161, 162, 137, 137, 162, 163, 138, 138, 163, 164, 139, 139, 164, 165, 140, 140, 165, 166, 141, 141, 166, 167, 142, 142, 167, 168, 143, 143, 168, 169, 144, 144, 169, 170, 145, 145, 170, 171, 146, 146, 171, 172, 147, 147, 172, 173, 148, 148, 173, 174, 149, 149, 174, 175, 150, 151, 176, 177, 152, 152, 177, 178, 153, 153, 178, 179, 154, 154, 179, 180, 155, 155, 180, 181, 156, 156, 181, 182, 157, 157, 182, 183, 158, 158, 183, 184, 159, 159, 184, 185, 160, 160, 185, 186, 161, 161, 186, 187, 162, 162, 187, 188, 163, 163, 188, 189, 164, 164, 189, 190, 165, 165, 190, 191, 166, 166, 191, 192, 167, 167, 192, 193, 168, 168, 193, 194, 169, 169, 194, 195, 170, 170, 195, 196, 171, 171, 196, 197, 172, 172, 197, 198, 173, 173, 198, 199, 174, 174, 199, 200, 175, 176, 201, 202, 177, 177, 202, 203, 178, 178, 203, 204, 179, 179, 204, 205, 180, 180, 205, 206, 181, 181, 206, 207, 182, 182, 207, 208, 183, 183, 208, 209, 184, 184, 209, 210, 185, 185, 210, 211, 186, 186, 211, 212, 187, 187, 212, 213, 188, 188, 213, 214, 189, 189, 214, 215, 190, 190, 215, 216, 191, 191, 216, 217, 192, 192, 217, 218, 193, 193, 218, 219, 194, 194, 219, 220, 195, 195, 220, 221, 196, 196, 221, 222, 197, 197, 222, 223, 198, 198, 223, 224, 199, 199, 224, 225, 200, 201, 226, 227, 202, 202, 227, 228, 203, 203, 228, 229, 204, 204, 229, 230, 205, 205, 230, 231, 206, 206, 231, 232, 207, 207, 232, 233, 208, 208, 233, 234, 209, 209, 234, 235, 210, 210, 235, 236, 211, 211, 236, 237, 212, 212, 237, 238, 213, 213, 238, 239, 214, 214, 239, 240, 215, 215, 240, 241, 216, 216, 241, 242, 217, 217, 242, 243, 218, 218, 243, 244, 219, 219, 244, 245, 220, 220, 245, 246, 221, 221, 246, 247, 222, 222, 247, 248, 223, 223, 248, 249, 224, 224, 249, 250, 225, 226, 251, 252, 227, 227, 252, 253, 228, 228, 253, 254, 229, 229, 254, 255, 230, 230, 255, 256, 231, 231, 256, 257, 232, 232, 257, 258, 233, 233, 258, 259, 234, 234, 259, 260, 235, 235, 260, 261, 236, 236, 261, 262, 237, 237, 262, 263, 238, 238, 263, 264, 239, 239, 264, 265, 240, 240, 265, 266, 241, 241, 266, 267, 242, 242, 267, 268, 243, 243, 268, 269, 244, 244, 269, 270, 245, 245, 270, 271, 246, 246, 271, 272, 247, 247, 272, 273, 248, 248, 273, 274, 249, 249, 274, 275, 250, 251, 276, 277, 252, 252, 277, 278, 253, 253, 278, 279, 254, 254, 279, 280, 255, 255, 280, 281, 256, 256, 281, 282, 257, 257, 282, 283, 258, 258, 283, 284, 259, 259, 284, 285, 260, 260, 285, 286, 261, 261, 286, 287, 262, 262, 287, 288, 263, 263, 288, 289, 264, 264, 289, 290, 265, 265, 290, 291, 266, 266, 291, 292, 267, 267, 292, 293, 268, 268, 293, 294, 269, 269, 294, 295, 270, 270, 295, 296, 271, 271, 296, 297, 272, 272, 297, 298, 273, 273, 298, 299, 274, 274, 299, 300, 275, 276, 301, 302, 277, 277, 302, 303, 278, 278, 303, 304, 279, 279, 304, 305, 280, 280, 305, 306, 281, 281, 306, 307, 282, 282, 307, 308, 283, 283, 308, 309, 284, 284, 309, 310, 285, 285, 310, 311, 286, 286, 311, 312, 287, 287, 312, 313, 288, 288, 313, 314, 289, 289, 314, 315, 290, 290, 315, 316, 291, 291, 316, 317, 292, 292, 317, 318, 293, 293, 318, 319, 294, 294, 319, 320, 295, 295, 320, 321, 296, 296, 321, 322, 297, 297, 322, 323, 298, 298, 323, 324, 299, 299, 324, 325, 300, 301, 326, 327, 302, 302, 327, 328, 303, 303, 328, 329, 304, 304, 329, 330, 305, 305, 330, 331, 306, 306, 331, 332, 307, 307, 332, 333, 308, 308, 333, 334, 309, 309, 334, 335, 310, 310, 335, 336, 311, 311, 336, 337, 312, 312, 337, 338, 313, 313, 338, 339, 314, 314, 339, 340, 315, 315, 340, 341, 316, 316, 341, 342, 317, 317, 342, 343, 318, 318, 343, 344, 319, 319, 344, 345, 320, 320, 345, 346, 321, 321, 346, 347, 322, 322, 347, 348, 323, 323, 348, 349, 324, 324, 349, 350, 325, 326, 351, 352, 327, 327, 352, 353, 328, 328, 353, 354, 329, 329, 354, 355, 330, 330, 355, 356, 331, 331, 356, 357, 332, 332, 357, 358, 333, 333, 358, 359, 334, 334, 359, 360, 335, 335, 360, 361, 336, 336, 361, 362, 337, 337, 362, 363, 338, 338, 363, 364, 339, 339, 364, 365, 340, 340, 365, 366, 341, 341, 366, 367, 342, 342, 367, 368, 343, 343, 368, 369, 344, 344, 369, 370, 345, 345, 370, 371, 346, 346, 371, 372, 347, 347, 372, 373, 348, 348, 373, 374, 349, 349, 374, 375, 350, 0, 1, 2, 0, 2, 3, 0, 3, 4, 0, 4, 5, 0, 5, 6, 0, 6, 7, 0, 7, 8, 0, 8, 9, 0, 9, 10, 0, 10, 11, 0, 11, 12, 0, 12, 13, 0, 13, 14, 0, 14, 15, 0, 15, 16, 0, 16, 17, 0, 17, 18, 0, 18, 19, 0, 19, 20, 0, 20, 21, 0, 21, 22, 0, 22, 23, 0, 23, 24, 0, 24, 25, 0, 352, 351, 0, 353, 352, 0, 354, 353, 0, 355, 354, 0, 356, 355, 0, 357, 356, 0, 358, 357, 0, 359, 358, 0, 360, 359, 0, 361, 360, 0, 362, 361, 0, 363, 362, 0, 364, 363, 0, 365, 364, 0, 366, 365, 0, 367, 366, 0, 368, 367, 0, 369, 368, 0, 370, 369, 0, 371, 370, 0, 372, 371, 0, 373, 372, 0, 374, 373, 0, 375, 374, 0, 26, 1, 0, 51, 26, 0, 76, 51, 0, 101, 76, 0, 126, 101, 0, 151, 126, 0, 176, 151, 0, 201, 176, 0, 226, 201, 0, 251, 226, 0, 276, 251, 0, 301, 276, 0, 326, 301, 0, 351, 326, 0, 25, 50, 0, 50, 75, 0, 75, 100, 0, 100, 125, 0, 125, 150, 0, 150, 175, 0, 175, 200, 0, 200, 225, 0, 225, 250, 0, 250, 275, 0, 275, 300, 0, 300, 325, 0, 325, 350, 0, 350, 375]
                        rel material:binding = </AecoCctvLooks/Shell_identify>
                        point3f[] points = [(0, 0, 0), (-3.2770336, -1.4314332, -2.7497578), (-3.139161, -1.4958649, -2.8735297), (-2.9818377, -1.5629873, -3.0024707), (-2.8025043, -1.632207, -3.1354406), (-2.5985863, -1.7026235, -3.2707093), (-2.3677006, -1.7729651, -3.4058342), (-2.1079538, -1.8415406, -3.5375664), (-1.8183365, -1.9062318, -3.661837), (-1.4991755, -1.964554, -3.773873), (-1.1525733, -2.0138113, -3.8684955), (-0.78270674, -2.0513537, -3.9406137), (-0.39584792, -2.0749125, -3.9858701), (0, -2.0829477, -4.0013056), (0.39584792, -2.0749125, -3.9858701), (0.78270674, -2.0513537, -3.9406137), (1.1525733, -2.0138113, -3.8684955), (1.4991755, -1.964554, -3.773873), (1.8183365, -1.9062318, -3.661837), (2.1079538, -1.8415406, -3.5375664), (2.3677006, -1.7729651, -3.4058342), (2.5985863, -1.7026235, -3.2707093), (2.8025043, -1.632207, -3.1354406), (2.9818377, -1.5629873, -3.0024707), (3.139161, -1.4958649, -2.8735297), (3.2770336, -1.4314332, -2.7497578), (-3.3217025, -1.2436671, -2.7872393), (-3.185978, -1.301292, -2.916385), (-3.0304892, -1.361562, -3.0514588), (-2.852481, -1.4239833, -3.1913543), (-2.649131, -1.487778, -3.3343275), (-2.4177623, -1.5518159, -3.4778457), (-2.1561594, -1.6145602, -3.618465), (-1.8630022, -1.6740484, -3.7517865), (-1.5383798, -1.7279383, -3.8725617), (-1.1843078, -1.7736503, -3.975009), (-0.80510366, -1.8086164, -4.053373), (-0.40744823, -1.8306154, -4.102676), (0, -1.8381288, -4.1195145), (0.40744823, -1.8306154, -4.102676), (0.80510366, -1.8086164, -4.053373), (1.1843078, -1.7736503, -3.975009), (1.5383798, -1.7279383, -3.8725617), (1.8630022, -1.6740484, -3.7517865), (2.1561594, -1.6145602, -3.618465), (2.4177623, -1.5518159, -3.4778457), (2.649131, -1.487778, -3.3343275), (2.852481, -1.4239833, -3.1913543), (3.0304892, -1.361562, -3.0514588), (3.185978, -1.301292, -2.916385), (3.3217025, -1.2436671, -2.7872393), (-3.3609605, -1.048638, -2.820181), (-3.227272, -1.0984652, -2.9541848), (-3.0735705, -1.1507648, -3.0948381), (-2.8969243, -1.2051414, -3.2410774), (-2.6942842, -1.260947, -3.3911595), (-2.4626973, -1.3172143, -3.542483), (-2.1996393, -1.3725989, -3.691433), (-1.9034823, -1.4253525, -3.833307), (-1.5740699, -1.473355, -3.9624043), (-1.213311, -1.5142385, -4.0723553), (-0.82563555, -1.5456167, -4.156743), (-0.41810346, -1.5654067, -4.209965), (0, -1.5721742, -4.2281656), (0.41810346, -1.5654067, -4.209965), (0.82563555, -1.5456167, -4.156743), (1.213311, -1.5142385, -4.0723553), (1.5740699, -1.473355, -3.9624043), (1.9034823, -1.4253525, -3.833307), (2.1996393, -1.3725989, -3.691433), (2.4626973, -1.3172143, -3.542483), (2.6942842, -1.260947, -3.3911595), (2.8969243, -1.2051414, -3.2410774), (3.0735705, -1.1507648, -3.0948381), (3.227272, -1.0984652, -2.9541848), (3.3609605, -1.048638, -2.820181), (-3.3941374, -0.8471915, -2.8480196), (-3.262279, -0.8883045, -2.9862297), (-3.110219, -0.93158907, -3.1317403), (-2.9348738, -0.9767431, -3.2835355), (-2.7329965, -1.0232517, -3.4398844), (-2.501387, -1.0703263, -3.5981362), (-2.2372396, -1.1168494, -3.7545338), (-1.9386404, -1.1613433, -3.9041097), (-1.6051941, -1.2019904, -4.0407534), (-1.2386945, -1.2367342, -4.1575522), (-0.84365577, -1.2634809, -4.2474675), (-0.42747205, -1.2803866, -4.3043), (0, -1.2861744, -4.3237567), (0.42747205, -1.2803866, -4.3043), (0.84365577, -1.2634809, -4.2474675), (1.2386945, -1.2367342, -4.1575522), (1.6051941, -1.2019904, -4.0407534), (1.9386404, -1.1613433, -3.9041097), (2.2372396, -1.1168494, -3.7545338), (2.501387, -1.0703263, -3.5981362), (2.7329965, -1.0232517, -3.4398844), (2.9348738, -0.9767431, -3.2835355), (3.110219, -0.93158907, -3.1317403), (3.262279, -0.8883045, -2.9862297), (3.3941374, -0.8471915, -2.8480196), (-3.4206321, -0.6403535, -2.8702512), (-3.2903087, -0.6719526, -3.0118876), (-3.1396477, -0.7053028, -3.1613727), (-2.965444, -0.74018776, -3.3177373), (-2.764287, -0.7762253, -3.4792683), (-2.5327723, -0.81281704, -3.643283), (-2.2678556, -0.84909993, -3.8059134), (-1.9673742, -0.8839173, -3.961975), (-1.630721, -0.9158289, -4.105012), (-1.2595776, -0.9431882, -4.2276444), (-0.8585173, -0.96430343, -4.3222895), (-0.43521065, -0.97767425, -4.382221), (0, -0.98225635, -4.4027596), (0.43521065, -0.97767425, -4.382221), (0.8585173, -0.96430343, -4.3222895), (1.2595776, -0.9431882, -4.2276444), (1.630721, -0.9158289, -4.105012), (1.9673742, -0.8839173, -3.961975), (2.2678556, -0.84909993, -3.8059134), (2.5327723, -0.81281704, -3.643283), (2.764287, -0.7762253, -3.4792683), (2.965444, -0.74018776, -3.3177373), (3.1396477, -0.7053028, -3.1613727), (3.2903087, -0.6719526, -3.0118876), (3.4206321, -0.6403535, -2.8702512), (-3.4399412, -0.42931214, -2.8864534), (-3.3107781, -0.45075524, -3.0306246), (-3.1611872, -0.47342765, -3.1830614), (-2.9878743, -0.49719092, -3.342832), (-2.7873073, -0.521793, -3.5082428), (-2.555928, -0.5468321, -3.6765914), (-2.2905102, -0.5717213, -3.8439324), (-1.9886987, -0.5956654, -4.004919), (-1.6497185, -0.6176654, -4.152835), (-1.2751578, -0.6365699, -4.2799377), (-0.8696268, -0.6511879, -4.378221), (-0.44100285, -0.6604574, -4.440544), (0, -0.66363627, -4.461917), (0.44100285, -0.6604574, -4.440544), (0.8696268, -0.6511879, -4.378221), (1.2751578, -0.6365699, -4.2799377), (1.6497185, -0.6176654, -4.152835), (1.9886987, -0.5956654, -4.004919), (2.2905102, -0.5717213, -3.8439324), (2.555928, -0.5468321, -3.6765914), (2.7873073, -0.521793, -3.5082428), (2.9878743, -0.49719092, -3.342832), (3.1611872, -0.47342765, -3.1830614), (3.3107781, -0.45075524, -3.0306246), (3.4399412, -0.42931214, -2.8864534), (-3.451685, -0.2153889, -2.8963075), (-3.3232446, -0.22622627, -3.0420363), (-3.1743257, -0.23769766, -3.1962907), (-3.001579, -0.24973573, -3.358165), (-2.8013985, -0.2622155, -3.5259788), (-2.57013, -0.27493528, -3.6970203), (-2.304433, -0.28759825, -3.867298), (-2.001831, -0.29979944, -4.031366), (-1.6614408, -0.31102714, -4.182343), (-1.2847881, -0.32068872, -4.312261), (-0.87650317, -0.3281685, -4.412841), (-0.44459116, -0.3329157, -4.4766755), (0, -0.33454445, -4.498577), (0.44459116, -0.3329157, -4.4766755), (0.87650317, -0.3281685, -4.412841), (1.2847881, -0.32068872, -4.312261), (1.6614408, -0.31102714, -4.182343), (2.001831, -0.29979944, -4.031366), (2.304433, -0.28759825, -3.867298), (2.57013, -0.27493528, -3.6970203), (2.8013985, -0.2622155, -3.5259788), (3.001579, -0.24973573, -3.358165), (3.1743257, -0.23769766, -3.1962907), (3.3232446, -0.22622627, -3.0420363), (3.451685, -0.2153889, -2.8963075), (-3.4556262, 0, -2.8996146), (-3.3274314, 0, -3.0458689), (-3.1787417, 0, -3.2007372), (-3.0061893, 0, -3.3633232), (-2.8061433, 0, -3.531951), (-2.574917, 0, -3.703906), (-2.309131, 0, -3.8751817), (-2.0062668, 0, -4.0402985), (-1.6654041, 0, -4.19232), (-1.2880471, 0, -4.3231993), (-0.8788318, 0, -4.424565), (-0.4458069, 0, -4.488917), (0, 0, -4.5109997), (0.4458069, 0, -4.488917), (0.8788318, 0, -4.424565), (1.2880471, 0, -4.3231993), (1.6654041, 0, -4.19232), (2.0062668, 0, -4.0402985), (2.309131, 0, -3.8751817), (2.574917, 0, -3.703906), (2.8061433, 0, -3.531951), (3.0061893, 0, -3.3633232), (3.1787417, 0, -3.2007372), (3.3274314, 0, -3.0458689), (3.4556262, 0, -2.8996146), (-3.451685, 0.2153889, -2.8963075), (-3.3232446, 0.22622627, -3.0420363), (-3.1743257, 0.23769766, -3.1962907), (-3.001579, 0.24973573, -3.358165), (-2.8013985, 0.2622155, -3.5259788), (-2.57013, 0.27493528, -3.6970203), (-2.304433, 0.28759825, -3.867298), (-2.001831, 0.29979944, -4.031366), (-1.6614408, 0.31102714, -4.182343), (-1.2847881, 0.32068872, -4.312261), (-0.87650317, 0.3281685, -4.412841), (-0.44459116, 0.3329157, -4.4766755), (0, 0.33454445, -4.498577), (0.44459116, 0.3329157, -4.4766755), (0.87650317, 0.3281685, -4.412841), (1.2847881, 0.32068872, -4.312261), (1.6614408, 0.31102714, -4.182343), (2.001831, 0.29979944, -4.031366), (2.304433, 0.28759825, -3.867298), (2.57013, 0.27493528, -3.6970203), (2.8013985, 0.2622155, -3.5259788), (3.001579, 0.24973573, -3.358165), (3.1743257, 0.23769766, -3.1962907), (3.3232446, 0.22622627, -3.0420363), (3.451685, 0.2153889, -2.8963075), (-3.4399412, 0.42931214, -2.8864534), (-3.3107781, 0.45075524, -3.0306246), (-3.1611872, 0.47342765, -3.1830614), (-2.9878743, 0.49719092, -3.342832), (-2.7873073, 0.521793, -3.5082428), (-2.555928, 0.5468321, -3.6765914), (-2.2905102, 0.5717213, -3.8439324), (-1.9886987, 0.5956654, -4.004919), (-1.6497185, 0.6176654, -4.152835), (-1.2751578, 0.6365699, -4.2799377), (-0.8696268, 0.6511879, -4.378221), (-0.44100285, 0.6604574, -4.440544), (0, 0.66363627, -4.461917), (0.44100285, 0.6604574, -4.440544), (0.8696268, 0.6511879, -4.378221), (1.2751578, 0.6365699, -4.2799377), (1.6497185, 0.6176654, -4.152835), (1.9886987, 0.5956654, -4.004919), (2.2905102, 0.5717213, -3.8439324), (2.555928, 0.5468321, -3.6765914), (2.7873073, 0.521793, -3.5082428), (2.9878743, 0.49719092, -3.342832), (3.1611872, 0.47342765, -3.1830614), (3.3107781, 0.45075524, -3.0306246), (3.4399412, 0.42931214, -2.8864534), (-3.4206321, 0.6403535, -2.8702512), (-3.2903087, 0.6719526, -3.0118876), (-3.1396477, 0.7053028, -3.1613727), (-2.965444, 0.74018776, -3.3177373), (-2.764287, 0.7762253, -3.4792683), (-2.5327723, 0.81281704, -3.643283), (-2.2678556, 0.84909993, -3.8059134), (-1.9673742, 0.8839173, -3.961975), (-1.630721, 0.9158289, -4.105012), (-1.2595776, 0.9431882, -4.2276444), (-0.8585173, 0.96430343, -4.3222895), (-0.43521065, 0.97767425, -4.382221), (0, 0.98225635, -4.4027596), (0.43521065, 0.97767425, -4.382221), (0.8585173, 0.96430343, -4.3222895), (1.2595776, 0.9431882, -4.2276444), (1.630721, 0.9158289, -4.105012), (1.9673742, 0.8839173, -3.961975), (2.2678556, 0.84909993, -3.8059134), (2.5327723, 0.81281704, -3.643283), (2.764287, 0.7762253, -3.4792683), (2.965444, 0.74018776, -3.3177373), (3.1396477, 0.7053028, -3.1613727), (3.2903087, 0.6719526, -3.0118876), (3.4206321, 0.6403535, -2.8702512), (-3.3941374, 0.8471915, -2.8480196), (-3.262279, 0.8883045, -2.9862297), (-3.110219, 0.93158907, -3.1317403), (-2.9348738, 0.9767431, -3.2835355), (-2.7329965, 1.0232517, -3.4398844), (-2.501387, 1.0703263, -3.5981362), (-2.2372396, 1.1168494, -3.7545338), (-1.9386404, 1.1613433, -3.9041097), (-1.6051941, 1.2019904, -4.0407534), (-1.2386945, 1.2367342, -4.1575522), (-0.84365577, 1.2634809, -4.2474675), (-0.42747205, 1.2803866, -4.3043), (0, 1.2861744, -4.3237567), (0.42747205, 1.2803866, -4.3043), (0.84365577, 1.2634809, -4.2474675), (1.2386945, 1.2367342, -4.1575522), (1.6051941, 1.2019904, -4.0407534), (1.9386404, 1.1613433, -3.9041097), (2.2372396, 1.1168494, -3.7545338), (2.501387, 1.0703263, -3.5981362), (2.7329965, 1.0232517, -3.4398844), (2.9348738, 0.9767431, -3.2835355), (3.110219, 0.93158907, -3.1317403), (3.262279, 0.8883045, -2.9862297), (3.3941374, 0.8471915, -2.8480196), (-3.3609605, 1.048638, -2.820181), (-3.227272, 1.0984652, -2.9541848), (-3.0735705, 1.1507648, -3.0948381), (-2.8969243, 1.2051414, -3.2410774), (-2.6942842, 1.260947, -3.3911595), (-2.4626973, 1.3172143, -3.542483), (-2.1996393, 1.3725989, -3.691433), (-1.9034823, 1.4253525, -3.833307), (-1.5740699, 1.473355, -3.9624043), (-1.213311, 1.5142385, -4.0723553), (-0.82563555, 1.5456167, -4.156743), (-0.41810346, 1.5654067, -4.209965), (0, 1.5721742, -4.2281656), (0.41810346, 1.5654067, -4.209965), (0.82563555, 1.5456167, -4.156743), (1.213311, 1.5142385, -4.0723553), (1.5740699, 1.473355, -3.9624043), (1.9034823, 1.4253525, -3.833307), (2.1996393, 1.3725989, -3.691433), (2.4626973, 1.3172143, -3.542483), (2.6942842, 1.260947, -3.3911595), (2.8969243, 1.2051414, -3.2410774), (3.0735705, 1.1507648, -3.0948381), (3.227272, 1.0984652, -2.9541848), (3.3609605, 1.048638, -2.820181), (-3.3217025, 1.2436671, -2.7872393), (-3.185978, 1.301292, -2.916385), (-3.0304892, 1.361562, -3.0514588), (-2.852481, 1.4239833, -3.1913543), (-2.649131, 1.487778, -3.3343275), (-2.4177623, 1.5518159, -3.4778457), (-2.1561594, 1.6145602, -3.618465), (-1.8630022, 1.6740484, -3.7517865), (-1.5383798, 1.7279383, -3.8725617), (-1.1843078, 1.7736503, -3.975009), (-0.80510366, 1.8086164, -4.053373), (-0.40744823, 1.8306154, -4.102676), (0, 1.8381288, -4.1195145), (0.40744823, 1.8306154, -4.102676), (0.80510366, 1.8086164, -4.053373), (1.1843078, 1.7736503, -3.975009), (1.5383798, 1.7279383, -3.8725617), (1.8630022, 1.6740484, -3.7517865), (2.1561594, 1.6145602, -3.618465), (2.4177623, 1.5518159, -3.4778457), (2.649131, 1.487778, -3.3343275), (2.852481, 1.4239833, -3.1913543), (3.0304892, 1.361562, -3.0514588), (3.185978, 1.301292, -2.916385), (3.3217025, 1.2436671, -2.7872393), (-3.2770336, 1.4314332, -2.7497578), (-3.139161, 1.4958649, -2.8735297), (-2.9818377, 1.5629873, -3.0024707), (-2.8025043, 1.632207, -3.1354406), (-2.5985863, 1.7026235, -3.2707093), (-2.3677006, 1.7729651, -3.4058342), (-2.1079538, 1.8415406, -3.5375664), (-1.8183365, 1.9062318, -3.661837), (-1.4991755, 1.964554, -3.773873), (-1.1525733, 2.0138113, -3.8684955), (-0.78270674, 2.0513537, -3.9406137), (-0.39584792, 2.0749125, -3.9858701), (0, 2.0829477, -4.0013056), (0.39584792, 2.0749125, -3.9858701), (0.78270674, 2.0513537, -3.9406137), (1.1525733, 2.0138113, -3.8684955), (1.4991755, 1.964554, -3.773873), (1.8183365, 1.9062318, -3.661837), (2.1079538, 1.8415406, -3.5375664), (2.3677006, 1.7729651, -3.4058342), (2.5985863, 1.7026235, -3.2707093), (2.8025043, 1.632207, -3.1354406), (2.9818377, 1.5629873, -3.0024707), (3.139161, 1.4958649, -2.8735297), (3.2770336, 1.4314332, -2.7497578)]
                        color3f[] primvars:displayColor = [(0, 0.5, 0.45)] (
                            interpolation = "constant"
                        )
                        float[] primvars:displayOpacity = [0.3] (
                            interpolation = "constant"
                        )
                        uniform token purpose = "guide"
                        uniform token subdivisionScheme = "none"
                    }

                    def Mesh "Shell_recognise" (
                        prepend apiSchemas = ["AecoDerivedGeometryAPI", "MaterialBindingAPI"]
                    )
                    {
                        uniform token aeco:derived:approx = "tessellated"
                        uniform token aeco:derived:role = "coverage"
                        string aeco:derived:source = "f8f0af52-c8dc-5470-b630-40afb9037f7a"
                        string aeco:derived:stamp = "usdAecoCctv derive 0.5.3"
                        uniform bool doubleSided = 1
                        float3[] extent = [(-6.9112525, -4.1658955, -9.021999), (6.9112525, 4.1658955, 0)]
                        int[] faceVertexCounts = [4, 4, 4, 4, 4, 4, 4, 4, 4, 4, 4, 4, 4, 4, 4, 4, 4, 4, 4, 4, 4, 4, 4, 4, 4, 4, 4, 4, 4, 4, 4, 4, 4, 4, 4, 4, 4, 4, 4, 4, 4, 4, 4, 4, 4, 4, 4, 4, 4, 4, 4, 4, 4, 4, 4, 4, 4, 4, 4, 4, 4, 4, 4, 4, 4, 4, 4, 4, 4, 4, 4, 4, 4, 4, 4, 4, 4, 4, 4, 4, 4, 4, 4, 4, 4, 4, 4, 4, 4, 4, 4, 4, 4, 4, 4, 4, 4, 4, 4, 4, 4, 4, 4, 4, 4, 4, 4, 4, 4, 4, 4, 4, 4, 4, 4, 4, 4, 4, 4, 4, 4, 4, 4, 4, 4, 4, 4, 4, 4, 4, 4, 4, 4, 4, 4, 4, 4, 4, 4, 4, 4, 4, 4, 4, 4, 4, 4, 4, 4, 4, 4, 4, 4, 4, 4, 4, 4, 4, 4, 4, 4, 4, 4, 4, 4, 4, 4, 4, 4, 4, 4, 4, 4, 4, 4, 4, 4, 4, 4, 4, 4, 4, 4, 4, 4, 4, 4, 4, 4, 4, 4, 4, 4, 4, 4, 4, 4, 4, 4, 4, 4, 4, 4, 4, 4, 4, 4, 4, 4, 4, 4, 4, 4, 4, 4, 4, 4, 4, 4, 4, 4, 4, 4, 4, 4, 4, 4, 4, 4, 4, 4, 4, 4, 4, 4, 4, 4, 4, 4, 4, 4, 4, 4, 4, 4, 4, 4, 4, 4, 4, 4, 4, 4, 4, 4, 4, 4, 4, 4, 4, 4, 4, 4, 4, 4, 4, 4, 4, 4, 4, 4, 4, 4, 4, 4, 4, 4, 4, 4, 4, 4, 4, 4, 4, 4, 4, 4, 4, 4, 4, 4, 4, 4, 4, 4, 4, 4, 4, 4, 4, 4, 4, 4, 4, 4, 4, 4, 4, 4, 4, 4, 4, 4, 4, 4, 4, 4, 4, 4, 4, 4, 4, 4, 4, 4, 4, 4, 4, 4, 4, 4, 4, 4, 4, 4, 4, 3, 3, 3, 3, 3, 3, 3, 3, 3, 3, 3, 3, 3, 3, 3, 3, 3, 3, 3, 3, 3, 3, 3, 3, 3, 3, 3, 3, 3, 3, 3, 3, 3, 3, 3, 3, 3, 3, 3, 3, 3, 3, 3, 3, 3, 3, 3, 3, 3, 3, 3, 3, 3, 3, 3, 3, 3, 3, 3, 3, 3, 3, 3, 3, 3, 3, 3, 3, 3, 3, 3, 3, 3, 3, 3, 3]
                        int[] faceVertexIndices = [1, 26, 27, 2, 2, 27, 28, 3, 3, 28, 29, 4, 4, 29, 30, 5, 5, 30, 31, 6, 6, 31, 32, 7, 7, 32, 33, 8, 8, 33, 34, 9, 9, 34, 35, 10, 10, 35, 36, 11, 11, 36, 37, 12, 12, 37, 38, 13, 13, 38, 39, 14, 14, 39, 40, 15, 15, 40, 41, 16, 16, 41, 42, 17, 17, 42, 43, 18, 18, 43, 44, 19, 19, 44, 45, 20, 20, 45, 46, 21, 21, 46, 47, 22, 22, 47, 48, 23, 23, 48, 49, 24, 24, 49, 50, 25, 26, 51, 52, 27, 27, 52, 53, 28, 28, 53, 54, 29, 29, 54, 55, 30, 30, 55, 56, 31, 31, 56, 57, 32, 32, 57, 58, 33, 33, 58, 59, 34, 34, 59, 60, 35, 35, 60, 61, 36, 36, 61, 62, 37, 37, 62, 63, 38, 38, 63, 64, 39, 39, 64, 65, 40, 40, 65, 66, 41, 41, 66, 67, 42, 42, 67, 68, 43, 43, 68, 69, 44, 44, 69, 70, 45, 45, 70, 71, 46, 46, 71, 72, 47, 47, 72, 73, 48, 48, 73, 74, 49, 49, 74, 75, 50, 51, 76, 77, 52, 52, 77, 78, 53, 53, 78, 79, 54, 54, 79, 80, 55, 55, 80, 81, 56, 56, 81, 82, 57, 57, 82, 83, 58, 58, 83, 84, 59, 59, 84, 85, 60, 60, 85, 86, 61, 61, 86, 87, 62, 62, 87, 88, 63, 63, 88, 89, 64, 64, 89, 90, 65, 65, 90, 91, 66, 66, 91, 92, 67, 67, 92, 93, 68, 68, 93, 94, 69, 69, 94, 95, 70, 70, 95, 96, 71, 71, 96, 97, 72, 72, 97, 98, 73, 73, 98, 99, 74, 74, 99, 100, 75, 76, 101, 102, 77, 77, 102, 103, 78, 78, 103, 104, 79, 79, 104, 105, 80, 80, 105, 106, 81, 81, 106, 107, 82, 82, 107, 108, 83, 83, 108, 109, 84, 84, 109, 110, 85, 85, 110, 111, 86, 86, 111, 112, 87, 87, 112, 113, 88, 88, 113, 114, 89, 89, 114, 115, 90, 90, 115, 116, 91, 91, 116, 117, 92, 92, 117, 118, 93, 93, 118, 119, 94, 94, 119, 120, 95, 95, 120, 121, 96, 96, 121, 122, 97, 97, 122, 123, 98, 98, 123, 124, 99, 99, 124, 125, 100, 101, 126, 127, 102, 102, 127, 128, 103, 103, 128, 129, 104, 104, 129, 130, 105, 105, 130, 131, 106, 106, 131, 132, 107, 107, 132, 133, 108, 108, 133, 134, 109, 109, 134, 135, 110, 110, 135, 136, 111, 111, 136, 137, 112, 112, 137, 138, 113, 113, 138, 139, 114, 114, 139, 140, 115, 115, 140, 141, 116, 116, 141, 142, 117, 117, 142, 143, 118, 118, 143, 144, 119, 119, 144, 145, 120, 120, 145, 146, 121, 121, 146, 147, 122, 122, 147, 148, 123, 123, 148, 149, 124, 124, 149, 150, 125, 126, 151, 152, 127, 127, 152, 153, 128, 128, 153, 154, 129, 129, 154, 155, 130, 130, 155, 156, 131, 131, 156, 157, 132, 132, 157, 158, 133, 133, 158, 159, 134, 134, 159, 160, 135, 135, 160, 161, 136, 136, 161, 162, 137, 137, 162, 163, 138, 138, 163, 164, 139, 139, 164, 165, 140, 140, 165, 166, 141, 141, 166, 167, 142, 142, 167, 168, 143, 143, 168, 169, 144, 144, 169, 170, 145, 145, 170, 171, 146, 146, 171, 172, 147, 147, 172, 173, 148, 148, 173, 174, 149, 149, 174, 175, 150, 151, 176, 177, 152, 152, 177, 178, 153, 153, 178, 179, 154, 154, 179, 180, 155, 155, 180, 181, 156, 156, 181, 182, 157, 157, 182, 183, 158, 158, 183, 184, 159, 159, 184, 185, 160, 160, 185, 186, 161, 161, 186, 187, 162, 162, 187, 188, 163, 163, 188, 189, 164, 164, 189, 190, 165, 165, 190, 191, 166, 166, 191, 192, 167, 167, 192, 193, 168, 168, 193, 194, 169, 169, 194, 195, 170, 170, 195, 196, 171, 171, 196, 197, 172, 172, 197, 198, 173, 173, 198, 199, 174, 174, 199, 200, 175, 176, 201, 202, 177, 177, 202, 203, 178, 178, 203, 204, 179, 179, 204, 205, 180, 180, 205, 206, 181, 181, 206, 207, 182, 182, 207, 208, 183, 183, 208, 209, 184, 184, 209, 210, 185, 185, 210, 211, 186, 186, 211, 212, 187, 187, 212, 213, 188, 188, 213, 214, 189, 189, 214, 215, 190, 190, 215, 216, 191, 191, 216, 217, 192, 192, 217, 218, 193, 193, 218, 219, 194, 194, 219, 220, 195, 195, 220, 221, 196, 196, 221, 222, 197, 197, 222, 223, 198, 198, 223, 224, 199, 199, 224, 225, 200, 201, 226, 227, 202, 202, 227, 228, 203, 203, 228, 229, 204, 204, 229, 230, 205, 205, 230, 231, 206, 206, 231, 232, 207, 207, 232, 233, 208, 208, 233, 234, 209, 209, 234, 235, 210, 210, 235, 236, 211, 211, 236, 237, 212, 212, 237, 238, 213, 213, 238, 239, 214, 214, 239, 240, 215, 215, 240, 241, 216, 216, 241, 242, 217, 217, 242, 243, 218, 218, 243, 244, 219, 219, 244, 245, 220, 220, 245, 246, 221, 221, 246, 247, 222, 222, 247, 248, 223, 223, 248, 249, 224, 224, 249, 250, 225, 226, 251, 252, 227, 227, 252, 253, 228, 228, 253, 254, 229, 229, 254, 255, 230, 230, 255, 256, 231, 231, 256, 257, 232, 232, 257, 258, 233, 233, 258, 259, 234, 234, 259, 260, 235, 235, 260, 261, 236, 236, 261, 262, 237, 237, 262, 263, 238, 238, 263, 264, 239, 239, 264, 265, 240, 240, 265, 266, 241, 241, 266, 267, 242, 242, 267, 268, 243, 243, 268, 269, 244, 244, 269, 270, 245, 245, 270, 271, 246, 246, 271, 272, 247, 247, 272, 273, 248, 248, 273, 274, 249, 249, 274, 275, 250, 251, 276, 277, 252, 252, 277, 278, 253, 253, 278, 279, 254, 254, 279, 280, 255, 255, 280, 281, 256, 256, 281, 282, 257, 257, 282, 283, 258, 258, 283, 284, 259, 259, 284, 285, 260, 260, 285, 286, 261, 261, 286, 287, 262, 262, 287, 288, 263, 263, 288, 289, 264, 264, 289, 290, 265, 265, 290, 291, 266, 266, 291, 292, 267, 267, 292, 293, 268, 268, 293, 294, 269, 269, 294, 295, 270, 270, 295, 296, 271, 271, 296, 297, 272, 272, 297, 298, 273, 273, 298, 299, 274, 274, 299, 300, 275, 276, 301, 302, 277, 277, 302, 303, 278, 278, 303, 304, 279, 279, 304, 305, 280, 280, 305, 306, 281, 281, 306, 307, 282, 282, 307, 308, 283, 283, 308, 309, 284, 284, 309, 310, 285, 285, 310, 311, 286, 286, 311, 312, 287, 287, 312, 313, 288, 288, 313, 314, 289, 289, 314, 315, 290, 290, 315, 316, 291, 291, 316, 317, 292, 292, 317, 318, 293, 293, 318, 319, 294, 294, 319, 320, 295, 295, 320, 321, 296, 296, 321, 322, 297, 297, 322, 323, 298, 298, 323, 324, 299, 299, 324, 325, 300, 301, 326, 327, 302, 302, 327, 328, 303, 303, 328, 329, 304, 304, 329, 330, 305, 305, 330, 331, 306, 306, 331, 332, 307, 307, 332, 333, 308, 308, 333, 334, 309, 309, 334, 335, 310, 310, 335, 336, 311, 311, 336, 337, 312, 312, 337, 338, 313, 313, 338, 339, 314, 314, 339, 340, 315, 315, 340, 341, 316, 316, 341, 342, 317, 317, 342, 343, 318, 318, 343, 344, 319, 319, 344, 345, 320, 320, 345, 346, 321, 321, 346, 347, 322, 322, 347, 348, 323, 323, 348, 349, 324, 324, 349, 350, 325, 326, 351, 352, 327, 327, 352, 353, 328, 328, 353, 354, 329, 329, 354, 355, 330, 330, 355, 356, 331, 331, 356, 357, 332, 332, 357, 358, 333, 333, 358, 359, 334, 334, 359, 360, 335, 335, 360, 361, 336, 336, 361, 362, 337, 337, 362, 363, 338, 338, 363, 364, 339, 339, 364, 365, 340, 340, 365, 366, 341, 341, 366, 367, 342, 342, 367, 368, 343, 343, 368, 369, 344, 344, 369, 370, 345, 345, 370, 371, 346, 346, 371, 372, 347, 347, 372, 373, 348, 348, 373, 374, 349, 349, 374, 375, 350, 0, 1, 2, 0, 2, 3, 0, 3, 4, 0, 4, 5, 0, 5, 6, 0, 6, 7, 0, 7, 8, 0, 8, 9, 0, 9, 10, 0, 10, 11, 0, 11, 12, 0, 12, 13, 0, 13, 14, 0, 14, 15, 0, 15, 16, 0, 16, 17, 0, 17, 18, 0, 18, 19, 0, 19, 20, 0, 20, 21, 0, 21, 22, 0, 22, 23, 0, 23, 24, 0, 24, 25, 0, 352, 351, 0, 353, 352, 0, 354, 353, 0, 355, 354, 0, 356, 355, 0, 357, 356, 0, 358, 357, 0, 359, 358, 0, 360, 359, 0, 361, 360, 0, 362, 361, 0, 363, 362, 0, 364, 363, 0, 365, 364, 0, 366, 365, 0, 367, 366, 0, 368, 367, 0, 369, 368, 0, 370, 369, 0, 371, 370, 0, 372, 371, 0, 373, 372, 0, 374, 373, 0, 375, 374, 0, 26, 1, 0, 51, 26, 0, 76, 51, 0, 101, 76, 0, 126, 101, 0, 151, 126, 0, 176, 151, 0, 201, 176, 0, 226, 201, 0, 251, 226, 0, 276, 251, 0, 301, 276, 0, 326, 301, 0, 351, 326, 0, 25, 50, 0, 50, 75, 0, 75, 100, 0, 100, 125, 0, 125, 150, 0, 150, 175, 0, 175, 200, 0, 200, 225, 0, 225, 250, 0, 250, 275, 0, 275, 300, 0, 300, 325, 0, 325, 350, 0, 350, 375]
                        rel material:binding = </AecoCctvLooks/Shell_recognise>
                        point3f[] points = [(0, 0, 0), (-6.554067, -2.8628664, -5.4995155), (-6.278322, -2.9917297, -5.7470593), (-5.9636755, -3.1259747, -6.0049415), (-5.6050086, -3.264414, -6.270881), (-5.1971726, -3.405247, -6.5414186), (-4.735401, -3.5459301, -6.8116684), (-4.2159076, -3.6830812, -7.075133), (-3.636673, -3.8124635, -7.323674), (-2.998351, -3.929108, -7.547746), (-2.3051467, -4.0276227, -7.736991), (-1.5654135, -4.1027074, -7.8812275), (-0.79169583, -4.149825, -7.9717402), (0, -4.1658955, -8.002611), (0.79169583, -4.149825, -7.9717402), (1.5654135, -4.1027074, -7.8812275), (2.3051467, -4.0276227, -7.736991), (2.998351, -3.929108, -7.547746), (3.636673, -3.8124635, -7.323674), (4.2159076, -3.6830812, -7.075133), (4.735401, -3.5459301, -6.8116684), (5.1971726, -3.405247, -6.5414186), (5.6050086, -3.264414, -6.270881), (5.9636755, -3.1259747, -6.0049415), (6.278322, -2.9917297, -5.7470593), (6.554067, -2.8628664, -5.4995155), (-6.643405, -2.4873343, -5.5744786), (-6.371956, -2.602584, -5.83277), (-6.0609784, -2.723124, -6.1029177), (-5.704962, -2.8479667, -6.3827085), (-5.298262, -2.975556, -6.668655), (-4.8355246, -3.1036317, -6.9556913), (-4.312319, -3.2291205, -7.23693), (-3.7260044, -3.3480968, -7.503573), (-3.0767596, -3.4558766, -7.7451234), (-2.3686156, -3.5473006, -7.950018), (-1.6102073, -3.6172328, -8.106746), (-0.81489646, -3.6612308, -8.205352), (0, -3.6762576, -8.239029), (0.81489646, -3.6612308, -8.205352), (1.6102073, -3.6172328, -8.106746), (2.3686156, -3.5473006, -7.950018), (3.0767596, -3.4558766, -7.7451234), (3.7260044, -3.3480968, -7.503573), (4.312319, -3.2291205, -7.23693), (4.8355246, -3.1036317, -6.9556913), (5.298262, -2.975556, -6.668655), (5.704962, -2.8479667, -6.3827085), (6.0609784, -2.723124, -6.1029177), (6.371956, -2.602584, -5.83277), (6.643405, -2.4873343, -5.5744786), (-6.721921, -2.097276, -5.640362), (-6.454544, -2.1969304, -5.9083695), (-6.147141, -2.3015296, -6.1896763), (-5.7938485, -2.4102829, -6.482155), (-5.3885684, -2.521894, -6.782319), (-4.9253945, -2.6344285, -7.084966), (-4.3992786, -2.7451978, -7.382866), (-3.8069646, -2.850705, -7.666614), (-3.1481397, -2.94671, -7.9248085), (-2.426622, -3.028477, -8.144711), (-1.6512711, -3.0912335, -8.313486), (-0.8362069, -3.1308134, -8.41993), (0, -3.1443484, -8.456331), (0.8362069, -3.1308134, -8.41993), (1.6512711, -3.0912335, -8.313486), (2.426622, -3.028477, -8.144711), (3.1481397, -2.94671, -7.9248085), (3.8069646, -2.850705, -7.666614), (4.3992786, -2.7451978, -7.382866), (4.9253945, -2.6344285, -7.084966), (5.3885684, -2.521894, -6.782319), (5.7938485, -2.4102829, -6.482155), (6.147141, -2.3015296, -6.1896763), (6.454544, -2.1969304, -5.9083695), (6.721921, -2.097276, -5.640362), (-6.788275, -1.694383, -5.696039), (-6.524558, -1.776609, -5.9724593), (-6.220438, -1.8631781, -6.2634807), (-5.8697476, -1.9534862, -6.567071), (-5.465993, -2.0465033, -6.879769), (-5.002774, -2.1406527, -7.1962724), (-4.474479, -2.2336988, -7.5090675), (-3.8772807, -2.3226867, -7.8082194), (-3.2103882, -2.4039807, -8.081507), (-2.477389, -2.4734683, -8.3151045), (-1.6873115, -2.5269618, -8.494935), (-0.8549441, -2.5607731, -8.6086), (0, -2.5723488, -8.647513), (0.8549441, -2.5607731, -8.6086), (1.6873115, -2.5269618, -8.494935), (2.477389, -2.4734683, -8.3151045), (3.2103882, -2.4039807, -8.081507), (3.8772807, -2.3226867, -7.8082194), (4.474479, -2.2336988, -7.5090675), (5.002774, -2.1406527, -7.1962724), (5.465993, -2.0465033, -6.879769), (5.8697476, -1.9534862, -6.567071), (6.220438, -1.8631781, -6.2634807), (6.524558, -1.776609, -5.9724593), (6.788275, -1.694383, -5.696039), (-6.8412642, -1.280707, -5.7405024), (-6.5806174, -1.3439052, -6.023775), (-6.2792954, -1.4106055, -6.3227453), (-5.930888, -1.4803755, -6.6354747), (-5.528574, -1.5524507, -6.9585366), (-5.0655446, -1.6256341, -7.286566), (-4.5357113, -1.6981999, -7.611827), (-3.9347484, -1.7678345, -7.92395), (-3.261442, -1.8316578, -8.210024), (-2.5191553, -1.8863764, -8.455289), (-1.7170346, -1.9286069, -8.644579), (-0.8704213, -1.9553485, -8.764442), (0, -1.9645127, -8.805519), (0.8704213, -1.9553485, -8.764442), (1.7170346, -1.9286069, -8.644579), (2.5191553, -1.8863764, -8.455289), (3.261442, -1.8316578, -8.210024), (3.9347484, -1.7678345, -7.92395), (4.5357113, -1.6981999, -7.611827), (5.0655446, -1.6256341, -7.286566), (5.528574, -1.5524507, -6.9585366), (5.930888, -1.4803755, -6.6354747), (6.2792954, -1.4106055, -6.3227453), (6.5806174, -1.3439052, -6.023775), (6.8412642, -1.280707, -5.7405024), (-6.8798823, -0.8586243, -5.772907), (-6.6215563, -0.9015105, -6.0612493), (-6.3223743, -0.9468553, -6.3661227), (-5.9757485, -0.99438184, -6.685664), (-5.5746145, -1.043586, -7.0164857), (-5.111856, -1.0936642, -7.353183), (-4.5810204, -1.1434426, -7.687865), (-3.9773974, -1.1913308, -8.009838), (-3.299437, -1.2353308, -8.30567), (-2.5503156, -1.2731398, -8.5598755), (-1.7392536, -1.3023758, -8.756442), (-0.8820057, -1.3209147, -8.881088), (0, -1.3272725, -8.923834), (0.8820057, -1.3209147, -8.881088), (1.7392536, -1.3023758, -8.756442), (2.5503156, -1.2731398, -8.5598755), (3.299437, -1.2353308, -8.30567), (3.9773974, -1.1913308, -8.009838), (4.5810204, -1.1434426, -7.687865), (5.111856, -1.0936642, -7.353183), (5.5746145, -1.043586, -7.0164857), (5.9757485, -0.99438184, -6.685664), (6.3223743, -0.9468553, -6.3661227), (6.6215563, -0.9015105, -6.0612493), (6.8798823, -0.8586243, -5.772907), (-6.90337, -0.4307778, -5.792615), (-6.646489, -0.45245254, -6.0840726), (-6.3486514, -0.47539532, -6.3925815), (-6.003158, -0.49947146, -6.71633), (-5.602797, -0.524431, -7.0519576), (-5.14026, -0.54987055, -7.3940406), (-4.608866, -0.5751965, -7.734596), (-4.003662, -0.5995989, -8.062732), (-3.3228817, -0.6220543, -8.364686), (-2.5695763, -0.64137745, -8.624522), (-1.7530063, -0.656337, -8.825682), (-0.8891823, -0.6658314, -8.953351), (0, -0.6690889, -8.997154), (0.8891823, -0.6658314, -8.953351), (1.7530063, -0.656337, -8.825682), (2.5695763, -0.64137745, -8.624522), (3.3228817, -0.6220543, -8.364686), (4.003662, -0.5995989, -8.062732), (4.608866, -0.5751965, -7.734596), (5.14026, -0.54987055, -7.3940406), (5.602797, -0.524431, -7.0519576), (6.003158, -0.49947146, -6.71633), (6.3486514, -0.47539532, -6.3925815), (6.646489, -0.45245254, -6.0840726), (6.90337, -0.4307778, -5.792615), (-6.9112525, 0, -5.799229), (-6.654863, 0, -6.0917377), (-6.3574834, 0, -6.4014745), (-6.0123787, 0, -6.7266464), (-5.6122866, 0, -7.063902), (-5.149834, 0, -7.407812), (-4.618262, 0, -7.7503633), (-4.0125337, 0, -8.080597), (-3.3308082, 0, -8.38464), (-2.5760942, 0, -8.646399), (-1.7576636, 0, -8.84913), (-0.8916138, 0, -8.977834), (0, 0, -9.021999), (0.8916138, 0, -8.977834), (1.7576636, 0, -8.84913), (2.5760942, 0, -8.646399), (3.3308082, 0, -8.38464), (4.0125337, 0, -8.080597), (4.618262, 0, -7.7503633), (5.149834, 0, -7.407812), (5.6122866, 0, -7.063902), (6.0123787, 0, -6.7266464), (6.3574834, 0, -6.4014745), (6.654863, 0, -6.0917377), (6.9112525, 0, -5.799229), (-6.90337, 0.4307778, -5.792615), (-6.646489, 0.45245254, -6.0840726), (-6.3486514, 0.47539532, -6.3925815), (-6.003158, 0.49947146, -6.71633), (-5.602797, 0.524431, -7.0519576), (-5.14026, 0.54987055, -7.3940406), (-4.608866, 0.5751965, -7.734596), (-4.003662, 0.5995989, -8.062732), (-3.3228817, 0.6220543, -8.364686), (-2.5695763, 0.64137745, -8.624522), (-1.7530063, 0.656337, -8.825682), (-0.8891823, 0.6658314, -8.953351), (0, 0.6690889, -8.997154), (0.8891823, 0.6658314, -8.953351), (1.7530063, 0.656337, -8.825682), (2.5695763, 0.64137745, -8.624522), (3.3228817, 0.6220543, -8.364686), (4.003662, 0.5995989, -8.062732), (4.608866, 0.5751965, -7.734596), (5.14026, 0.54987055, -7.3940406), (5.602797, 0.524431, -7.0519576), (6.003158, 0.49947146, -6.71633), (6.3486514, 0.47539532, -6.3925815), (6.646489, 0.45245254, -6.0840726), (6.90337, 0.4307778, -5.792615), (-6.8798823, 0.8586243, -5.772907), (-6.6215563, 0.9015105, -6.0612493), (-6.3223743, 0.9468553, -6.3661227), (-5.9757485, 0.99438184, -6.685664), (-5.5746145, 1.043586, -7.0164857), (-5.111856, 1.0936642, -7.353183), (-4.5810204, 1.1434426, -7.687865), (-3.9773974, 1.1913308, -8.009838), (-3.299437, 1.2353308, -8.30567), (-2.5503156, 1.2731398, -8.5598755), (-1.7392536, 1.3023758, -8.756442), (-0.8820057, 1.3209147, -8.881088), (0, 1.3272725, -8.923834), (0.8820057, 1.3209147, -8.881088), (1.7392536, 1.3023758, -8.756442), (2.5503156, 1.2731398, -8.5598755), (3.299437, 1.2353308, -8.30567), (3.9773974, 1.1913308, -8.009838), (4.5810204, 1.1434426, -7.687865), (5.111856, 1.0936642, -7.353183), (5.5746145, 1.043586, -7.0164857), (5.9757485, 0.99438184, -6.685664), (6.3223743, 0.9468553, -6.3661227), (6.6215563, 0.9015105, -6.0612493), (6.8798823, 0.8586243, -5.772907), (-6.8412642, 1.280707, -5.7405024), (-6.5806174, 1.3439052, -6.023775), (-6.2792954, 1.4106055, -6.3227453), (-5.930888, 1.4803755, -6.6354747), (-5.528574, 1.5524507, -6.9585366), (-5.0655446, 1.6256341, -7.286566), (-4.5357113, 1.6981999, -7.611827), (-3.9347484, 1.7678345, -7.92395), (-3.261442, 1.8316578, -8.210024), (-2.5191553, 1.8863764, -8.455289), (-1.7170346, 1.9286069, -8.644579), (-0.8704213, 1.9553485, -8.764442), (0, 1.9645127, -8.805519), (0.8704213, 1.9553485, -8.764442), (1.7170346, 1.9286069, -8.644579), (2.5191553, 1.8863764, -8.455289), (3.261442, 1.8316578, -8.210024), (3.9347484, 1.7678345, -7.92395), (4.5357113, 1.6981999, -7.611827), (5.0655446, 1.6256341, -7.286566), (5.528574, 1.5524507, -6.9585366), (5.930888, 1.4803755, -6.6354747), (6.2792954, 1.4106055, -6.3227453), (6.5806174, 1.3439052, -6.023775), (6.8412642, 1.280707, -5.7405024), (-6.788275, 1.694383, -5.696039), (-6.524558, 1.776609, -5.9724593), (-6.220438, 1.8631781, -6.2634807), (-5.8697476, 1.9534862, -6.567071), (-5.465993, 2.0465033, -6.879769), (-5.002774, 2.1406527, -7.1962724), (-4.474479, 2.2336988, -7.5090675), (-3.8772807, 2.3226867, -7.8082194), (-3.2103882, 2.4039807, -8.081507), (-2.477389, 2.4734683, -8.3151045), (-1.6873115, 2.5269618, -8.494935), (-0.8549441, 2.5607731, -8.6086), (0, 2.5723488, -8.647513), (0.8549441, 2.5607731, -8.6086), (1.6873115, 2.5269618, -8.494935), (2.477389, 2.4734683, -8.3151045), (3.2103882, 2.4039807, -8.081507), (3.8772807, 2.3226867, -7.8082194), (4.474479, 2.2336988, -7.5090675), (5.002774, 2.1406527, -7.1962724), (5.465993, 2.0465033, -6.879769), (5.8697476, 1.9534862, -6.567071), (6.220438, 1.8631781, -6.2634807), (6.524558, 1.776609, -5.9724593), (6.788275, 1.694383, -5.696039), (-6.721921, 2.097276, -5.640362), (-6.454544, 2.1969304, -5.9083695), (-6.147141, 2.3015296, -6.1896763), (-5.7938485, 2.4102829, -6.482155), (-5.3885684, 2.521894, -6.782319), (-4.9253945, 2.6344285, -7.084966), (-4.3992786, 2.7451978, -7.382866), (-3.8069646, 2.850705, -7.666614), (-3.1481397, 2.94671, -7.9248085), (-2.426622, 3.028477, -8.144711), (-1.6512711, 3.0912335, -8.313486), (-0.8362069, 3.1308134, -8.41993), (0, 3.1443484, -8.456331), (0.8362069, 3.1308134, -8.41993), (1.6512711, 3.0912335, -8.313486), (2.426622, 3.028477, -8.144711), (3.1481397, 2.94671, -7.9248085), (3.8069646, 2.850705, -7.666614), (4.3992786, 2.7451978, -7.382866), (4.9253945, 2.6344285, -7.084966), (5.3885684, 2.521894, -6.782319), (5.7938485, 2.4102829, -6.482155), (6.147141, 2.3015296, -6.1896763), (6.454544, 2.1969304, -5.9083695), (6.721921, 2.097276, -5.640362), (-6.643405, 2.4873343, -5.5744786), (-6.371956, 2.602584, -5.83277), (-6.0609784, 2.723124, -6.1029177), (-5.704962, 2.8479667, -6.3827085), (-5.298262, 2.975556, -6.668655), (-4.8355246, 3.1036317, -6.9556913), (-4.312319, 3.2291205, -7.23693), (-3.7260044, 3.3480968, -7.503573), (-3.0767596, 3.4558766, -7.7451234), (-2.3686156, 3.5473006, -7.950018), (-1.6102073, 3.6172328, -8.106746), (-0.81489646, 3.6612308, -8.205352), (0, 3.6762576, -8.239029), (0.81489646, 3.6612308, -8.205352), (1.6102073, 3.6172328, -8.106746), (2.3686156, 3.5473006, -7.950018), (3.0767596, 3.4558766, -7.7451234), (3.7260044, 3.3480968, -7.503573), (4.312319, 3.2291205, -7.23693), (4.8355246, 3.1036317, -6.9556913), (5.298262, 2.975556, -6.668655), (5.704962, 2.8479667, -6.3827085), (6.0609784, 2.723124, -6.1029177), (6.371956, 2.602584, -5.83277), (6.643405, 2.4873343, -5.5744786), (-6.554067, 2.8628664, -5.4995155), (-6.278322, 2.9917297, -5.7470593), (-5.9636755, 3.1259747, -6.0049415), (-5.6050086, 3.264414, -6.270881), (-5.1971726, 3.405247, -6.5414186), (-4.735401, 3.5459301, -6.8116684), (-4.2159076, 3.6830812, -7.075133), (-3.636673, 3.8124635, -7.323674), (-2.998351, 3.929108, -7.547746), (-2.3051467, 4.0276227, -7.736991), (-1.5654135, 4.1027074, -7.8812275), (-0.79169583, 4.149825, -7.9717402), (0, 4.1658955, -8.002611), (0.79169583, 4.149825, -7.9717402), (1.5654135, 4.1027074, -7.8812275), (2.3051467, 4.0276227, -7.736991), (2.998351, 3.929108, -7.547746), (3.636673, 3.8124635, -7.323674), (4.2159076, 3.6830812, -7.075133), (4.735401, 3.5459301, -6.8116684), (5.1971726, 3.405247, -6.5414186), (5.6050086, 3.264414, -6.270881), (5.9636755, 3.1259747, -6.0049415), (6.278322, 2.9917297, -5.7470593), (6.554067, 2.8628664, -5.4995155)]
                        color3f[] primvars:displayColor = [(0.18333334, 0.6166667, 0.56666666)] (
                            interpolation = "constant"
                        )
                        float[] primvars:displayOpacity = [0.3] (
                            interpolation = "constant"
                        )
                        uniform token purpose = "guide"
                        uniform token subdivisionScheme = "none"
                    }

                    def Mesh "Shell_observe" (
                        prepend apiSchemas = ["AecoDerivedGeometryAPI", "MaterialBindingAPI"]
                    )
                    {
                        uniform token aeco:derived:approx = "tessellated"
                        uniform token aeco:derived:role = "coverage"
                        string aeco:derived:source = "f8f0af52-c8dc-5470-b630-40afb9037f7a"
                        string aeco:derived:stamp = "usdAecoCctv derive 0.5.3"
                        uniform bool doubleSided = 1
                        float3[] extent = [(-13.822505, -8.331791, -18.043999), (13.822505, 8.331791, 0)]
                        int[] faceVertexCounts = [4, 4, 4, 4, 4, 4, 4, 4, 4, 4, 4, 4, 4, 4, 4, 4, 4, 4, 4, 4, 4, 4, 4, 4, 4, 4, 4, 4, 4, 4, 4, 4, 4, 4, 4, 4, 4, 4, 4, 4, 4, 4, 4, 4, 4, 4, 4, 4, 4, 4, 4, 4, 4, 4, 4, 4, 4, 4, 4, 4, 4, 4, 4, 4, 4, 4, 4, 4, 4, 4, 4, 4, 4, 4, 4, 4, 4, 4, 4, 4, 4, 4, 4, 4, 4, 4, 4, 4, 4, 4, 4, 4, 4, 4, 4, 4, 4, 4, 4, 4, 4, 4, 4, 4, 4, 4, 4, 4, 4, 4, 4, 4, 4, 4, 4, 4, 4, 4, 4, 4, 4, 4, 4, 4, 4, 4, 4, 4, 4, 4, 4, 4, 4, 4, 4, 4, 4, 4, 4, 4, 4, 4, 4, 4, 4, 4, 4, 4, 4, 4, 4, 4, 4, 4, 4, 4, 4, 4, 4, 4, 4, 4, 4, 4, 4, 4, 4, 4, 4, 4, 4, 4, 4, 4, 4, 4, 4, 4, 4, 4, 4, 4, 4, 4, 4, 4, 4, 4, 4, 4, 4, 4, 4, 4, 4, 4, 4, 4, 4, 4, 4, 4, 4, 4, 4, 4, 4, 4, 4, 4, 4, 4, 4, 4, 4, 4, 4, 4, 4, 4, 4, 4, 4, 4, 4, 4, 4, 4, 4, 4, 4, 4, 4, 4, 4, 4, 4, 4, 4, 4, 4, 4, 4, 4, 4, 4, 4, 4, 4, 4, 4, 4, 4, 4, 4, 4, 4, 4, 4, 4, 4, 4, 4, 4, 4, 4, 4, 4, 4, 4, 4, 4, 4, 4, 4, 4, 4, 4, 4, 4, 4, 4, 4, 4, 4, 4, 4, 4, 4, 4, 4, 4, 4, 4, 4, 4, 4, 4, 4, 4, 4, 4, 4, 4, 4, 4, 4, 4, 4, 4, 4, 4, 4, 4, 4, 4, 4, 4, 4, 4, 4, 4, 4, 4, 4, 4, 4, 4, 4, 4, 4, 4, 4, 4, 4, 4, 3, 3, 3, 3, 3, 3, 3, 3, 3, 3, 3, 3, 3, 3, 3, 3, 3, 3, 3, 3, 3, 3, 3, 3, 3, 3, 3, 3, 3, 3, 3, 3, 3, 3, 3, 3, 3, 3, 3, 3, 3, 3, 3, 3, 3, 3, 3, 3, 3, 3, 3, 3, 3, 3, 3, 3, 3, 3, 3, 3, 3, 3, 3, 3, 3, 3, 3, 3, 3, 3, 3, 3, 3, 3, 3, 3]
                        int[] faceVertexIndices = [1, 26, 27, 2, 2, 27, 28, 3, 3, 28, 29, 4, 4, 29, 30, 5, 5, 30, 31, 6, 6, 31, 32, 7, 7, 32, 33, 8, 8, 33, 34, 9, 9, 34, 35, 10, 10, 35, 36, 11, 11, 36, 37, 12, 12, 37, 38, 13, 13, 38, 39, 14, 14, 39, 40, 15, 15, 40, 41, 16, 16, 41, 42, 17, 17, 42, 43, 18, 18, 43, 44, 19, 19, 44, 45, 20, 20, 45, 46, 21, 21, 46, 47, 22, 22, 47, 48, 23, 23, 48, 49, 24, 24, 49, 50, 25, 26, 51, 52, 27, 27, 52, 53, 28, 28, 53, 54, 29, 29, 54, 55, 30, 30, 55, 56, 31, 31, 56, 57, 32, 32, 57, 58, 33, 33, 58, 59, 34, 34, 59, 60, 35, 35, 60, 61, 36, 36, 61, 62, 37, 37, 62, 63, 38, 38, 63, 64, 39, 39, 64, 65, 40, 40, 65, 66, 41, 41, 66, 67, 42, 42, 67, 68, 43, 43, 68, 69, 44, 44, 69, 70, 45, 45, 70, 71, 46, 46, 71, 72, 47, 47, 72, 73, 48, 48, 73, 74, 49, 49, 74, 75, 50, 51, 76, 77, 52, 52, 77, 78, 53, 53, 78, 79, 54, 54, 79, 80, 55, 55, 80, 81, 56, 56, 81, 82, 57, 57, 82, 83, 58, 58, 83, 84, 59, 59, 84, 85, 60, 60, 85, 86, 61, 61, 86, 87, 62, 62, 87, 88, 63, 63, 88, 89, 64, 64, 89, 90, 65, 65, 90, 91, 66, 66, 91, 92, 67, 67, 92, 93, 68, 68, 93, 94, 69, 69, 94, 95, 70, 70, 95, 96, 71, 71, 96, 97, 72, 72, 97, 98, 73, 73, 98, 99, 74, 74, 99, 100, 75, 76, 101, 102, 77, 77, 102, 103, 78, 78, 103, 104, 79, 79, 104, 105, 80, 80, 105, 106, 81, 81, 106, 107, 82, 82, 107, 108, 83, 83, 108, 109, 84, 84, 109, 110, 85, 85, 110, 111, 86, 86, 111, 112, 87, 87, 112, 113, 88, 88, 113, 114, 89, 89, 114, 115, 90, 90, 115, 116, 91, 91, 116, 117, 92, 92, 117, 118, 93, 93, 118, 119, 94, 94, 119, 120, 95, 95, 120, 121, 96, 96, 121, 122, 97, 97, 122, 123, 98, 98, 123, 124, 99, 99, 124, 125, 100, 101, 126, 127, 102, 102, 127, 128, 103, 103, 128, 129, 104, 104, 129, 130, 105, 105, 130, 131, 106, 106, 131, 132, 107, 107, 132, 133, 108, 108, 133, 134, 109, 109, 134, 135, 110, 110, 135, 136, 111, 111, 136, 137, 112, 112, 137, 138, 113, 113, 138, 139, 114, 114, 139, 140, 115, 115, 140, 141, 116, 116, 141, 142, 117, 117, 142, 143, 118, 118, 143, 144, 119, 119, 144, 145, 120, 120, 145, 146, 121, 121, 146, 147, 122, 122, 147, 148, 123, 123, 148, 149, 124, 124, 149, 150, 125, 126, 151, 152, 127, 127, 152, 153, 128, 128, 153, 154, 129, 129, 154, 155, 130, 130, 155, 156, 131, 131, 156, 157, 132, 132, 157, 158, 133, 133, 158, 159, 134, 134, 159, 160, 135, 135, 160, 161, 136, 136, 161, 162, 137, 137, 162, 163, 138, 138, 163, 164, 139, 139, 164, 165, 140, 140, 165, 166, 141, 141, 166, 167, 142, 142, 167, 168, 143, 143, 168, 169, 144, 144, 169, 170, 145, 145, 170, 171, 146, 146, 171, 172, 147, 147, 172, 173, 148, 148, 173, 174, 149, 149, 174, 175, 150, 151, 176, 177, 152, 152, 177, 178, 153, 153, 178, 179, 154, 154, 179, 180, 155, 155, 180, 181, 156, 156, 181, 182, 157, 157, 182, 183, 158, 158, 183, 184, 159, 159, 184, 185, 160, 160, 185, 186, 161, 161, 186, 187, 162, 162, 187, 188, 163, 163, 188, 189, 164, 164, 189, 190, 165, 165, 190, 191, 166, 166, 191, 192, 167, 167, 192, 193, 168, 168, 193, 194, 169, 169, 194, 195, 170, 170, 195, 196, 171, 171, 196, 197, 172, 172, 197, 198, 173, 173, 198, 199, 174, 174, 199, 200, 175, 176, 201, 202, 177, 177, 202, 203, 178, 178, 203, 204, 179, 179, 204, 205, 180, 180, 205, 206, 181, 181, 206, 207, 182, 182, 207, 208, 183, 183, 208, 209, 184, 184, 209, 210, 185, 185, 210, 211, 186, 186, 211, 212, 187, 187, 212, 213, 188, 188, 213, 214, 189, 189, 214, 215, 190, 190, 215, 216, 191, 191, 216, 217, 192, 192, 217, 218, 193, 193, 218, 219, 194, 194, 219, 220, 195, 195, 220, 221, 196, 196, 221, 222, 197, 197, 222, 223, 198, 198, 223, 224, 199, 199, 224, 225, 200, 201, 226, 227, 202, 202, 227, 228, 203, 203, 228, 229, 204, 204, 229, 230, 205, 205, 230, 231, 206, 206, 231, 232, 207, 207, 232, 233, 208, 208, 233, 234, 209, 209, 234, 235, 210, 210, 235, 236, 211, 211, 236, 237, 212, 212, 237, 238, 213, 213, 238, 239, 214, 214, 239, 240, 215, 215, 240, 241, 216, 216, 241, 242, 217, 217, 242, 243, 218, 218, 243, 244, 219, 219, 244, 245, 220, 220, 245, 246, 221, 221, 246, 247, 222, 222, 247, 248, 223, 223, 248, 249, 224, 224, 249, 250, 225, 226, 251, 252, 227, 227, 252, 253, 228, 228, 253, 254, 229, 229, 254, 255, 230, 230, 255, 256, 231, 231, 256, 257, 232, 232, 257, 258, 233, 233, 258, 259, 234, 234, 259, 260, 235, 235, 260, 261, 236, 236, 261, 262, 237, 237, 262, 263, 238, 238, 263, 264, 239, 239, 264, 265, 240, 240, 265, 266, 241, 241, 266, 267, 242, 242, 267, 268, 243, 243, 268, 269, 244, 244, 269, 270, 245, 245, 270, 271, 246, 246, 271, 272, 247, 247, 272, 273, 248, 248, 273, 274, 249, 249, 274, 275, 250, 251, 276, 277, 252, 252, 277, 278, 253, 253, 278, 279, 254, 254, 279, 280, 255, 255, 280, 281, 256, 256, 281, 282, 257, 257, 282, 283, 258, 258, 283, 284, 259, 259, 284, 285, 260, 260, 285, 286, 261, 261, 286, 287, 262, 262, 287, 288, 263, 263, 288, 289, 264, 264, 289, 290, 265, 265, 290, 291, 266, 266, 291, 292, 267, 267, 292, 293, 268, 268, 293, 294, 269, 269, 294, 295, 270, 270, 295, 296, 271, 271, 296, 297, 272, 272, 297, 298, 273, 273, 298, 299, 274, 274, 299, 300, 275, 276, 301, 302, 277, 277, 302, 303, 278, 278, 303, 304, 279, 279, 304, 305, 280, 280, 305, 306, 281, 281, 306, 307, 282, 282, 307, 308, 283, 283, 308, 309, 284, 284, 309, 310, 285, 285, 310, 311, 286, 286, 311, 312, 287, 287, 312, 313, 288, 288, 313, 314, 289, 289, 314, 315, 290, 290, 315, 316, 291, 291, 316, 317, 292, 292, 317, 318, 293, 293, 318, 319, 294, 294, 319, 320, 295, 295, 320, 321, 296, 296, 321, 322, 297, 297, 322, 323, 298, 298, 323, 324, 299, 299, 324, 325, 300, 301, 326, 327, 302, 302, 327, 328, 303, 303, 328, 329, 304, 304, 329, 330, 305, 305, 330, 331, 306, 306, 331, 332, 307, 307, 332, 333, 308, 308, 333, 334, 309, 309, 334, 335, 310, 310, 335, 336, 311, 311, 336, 337, 312, 312, 337, 338, 313, 313, 338, 339, 314, 314, 339, 340, 315, 315, 340, 341, 316, 316, 341, 342, 317, 317, 342, 343, 318, 318, 343, 344, 319, 319, 344, 345, 320, 320, 345, 346, 321, 321, 346, 347, 322, 322, 347, 348, 323, 323, 348, 349, 324, 324, 349, 350, 325, 326, 351, 352, 327, 327, 352, 353, 328, 328, 353, 354, 329, 329, 354, 355, 330, 330, 355, 356, 331, 331, 356, 357, 332, 332, 357, 358, 333, 333, 358, 359, 334, 334, 359, 360, 335, 335, 360, 361, 336, 336, 361, 362, 337, 337, 362, 363, 338, 338, 363, 364, 339, 339, 364, 365, 340, 340, 365, 366, 341, 341, 366, 367, 342, 342, 367, 368, 343, 343, 368, 369, 344, 344, 369, 370, 345, 345, 370, 371, 346, 346, 371, 372, 347, 347, 372, 373, 348, 348, 373, 374, 349, 349, 374, 375, 350, 0, 1, 2, 0, 2, 3, 0, 3, 4, 0, 4, 5, 0, 5, 6, 0, 6, 7, 0, 7, 8, 0, 8, 9, 0, 9, 10, 0, 10, 11, 0, 11, 12, 0, 12, 13, 0, 13, 14, 0, 14, 15, 0, 15, 16, 0, 16, 17, 0, 17, 18, 0, 18, 19, 0, 19, 20, 0, 20, 21, 0, 21, 22, 0, 22, 23, 0, 23, 24, 0, 24, 25, 0, 352, 351, 0, 353, 352, 0, 354, 353, 0, 355, 354, 0, 356, 355, 0, 357, 356, 0, 358, 357, 0, 359, 358, 0, 360, 359, 0, 361, 360, 0, 362, 361, 0, 363, 362, 0, 364, 363, 0, 365, 364, 0, 366, 365, 0, 367, 366, 0, 368, 367, 0, 369, 368, 0, 370, 369, 0, 371, 370, 0, 372, 371, 0, 373, 372, 0, 374, 373, 0, 375, 374, 0, 26, 1, 0, 51, 26, 0, 76, 51, 0, 101, 76, 0, 126, 101, 0, 151, 126, 0, 176, 151, 0, 201, 176, 0, 226, 201, 0, 251, 226, 0, 276, 251, 0, 301, 276, 0, 326, 301, 0, 351, 326, 0, 25, 50, 0, 50, 75, 0, 75, 100, 0, 100, 125, 0, 125, 150, 0, 150, 175, 0, 175, 200, 0, 200, 225, 0, 225, 250, 0, 250, 275, 0, 275, 300, 0, 300, 325, 0, 325, 350, 0, 350, 375]
                        rel material:binding = </AecoCctvLooks/Shell_observe>
                        point3f[] points = [(0, 0, 0), (-13.108134, -5.725733, -10.999031), (-12.556644, -5.9834595, -11.494119), (-11.927351, -6.2519493, -12.009883), (-11.210017, -6.528828, -12.541762), (-10.394345, -6.810494, -13.082837), (-9.470802, -7.0918603, -13.623337), (-8.431815, -7.3661623, -14.150266), (-7.273346, -7.624927, -14.647348), (-5.996702, -7.858216, -15.095492), (-4.6102934, -8.055245, -15.473982), (-3.130827, -8.205415, -15.762455), (-1.5833917, -8.29965, -15.9434805), (0, -8.331791, -16.005222), (1.5833917, -8.29965, -15.9434805), (3.130827, -8.205415, -15.762455), (4.6102934, -8.055245, -15.473982), (5.996702, -7.858216, -15.095492), (7.273346, -7.624927, -14.647348), (8.431815, -7.3661623, -14.150266), (9.470802, -7.0918603, -13.623337), (10.394345, -6.810494, -13.082837), (11.210017, -6.528828, -12.541762), (11.927351, -6.2519493, -12.009883), (12.556644, -5.9834595, -11.494119), (13.108134, -5.725733, -10.999031), (-13.28681, -4.9746685, -11.148957), (-12.743912, -5.205168, -11.66554), (-12.121957, -5.446248, -12.205835), (-11.409924, -5.6959333, -12.765417), (-10.596524, -5.951112, -13.33731), (-9.671049, -6.2072635, -13.911383), (-8.624638, -6.458241, -14.47386), (-7.4520087, -6.6961937, -15.007146), (-6.153519, -6.911753, -15.490247), (-4.7372313, -7.094601, -15.900036), (-3.2204146, -7.2344656, -16.213491), (-1.6297929, -7.3224616, -16.410704), (0, -7.352515, -16.478058), (1.6297929, -7.3224616, -16.410704), (3.2204146, -7.2344656, -16.213491), (4.7372313, -7.094601, -15.900036), (6.153519, -6.911753, -15.490247), (7.4520087, -6.6961937, -15.007146), (8.624638, -6.458241, -14.47386), (9.671049, -6.2072635, -13.911383), (10.596524, -5.951112, -13.33731), (11.409924, -5.6959333, -12.765417), (12.121957, -5.446248, -12.205835), (12.743912, -5.205168, -11.66554), (13.28681, -4.9746685, -11.148957), (-13.443842, -4.194552, -11.280724), (-12.909088, -4.393861, -11.816739), (-12.294282, -4.6030593, -12.379353), (-11.587697, -4.8205657, -12.96431), (-10.777137, -5.043788, -13.564638), (-9.850789, -5.268857, -14.169932), (-8.798557, -5.4903955, -14.765732), (-7.6139293, -5.70141, -15.333228), (-6.2962794, -5.89342, -15.849617), (-4.853244, -6.056954, -16.289421), (-3.3025422, -6.182467, -16.626972), (-1.6724138, -6.2616267, -16.83986), (0, -6.288697, -16.912663), (1.6724138, -6.2616267, -16.83986), (3.3025422, -6.182467, -16.626972), (4.853244, -6.056954, -16.289421), (6.2962794, -5.89342, -15.849617), (7.6139293, -5.70141, -15.333228), (8.798557, -5.4903955, -14.765732), (9.850789, -5.268857, -14.169932), (10.777137, -5.043788, -13.564638), (11.587697, -4.8205657, -12.96431), (12.294282, -4.6030593, -12.379353), (12.909088, -4.393861, -11.816739), (13.443842, -4.194552, -11.280724), (-13.57655, -3.388766, -11.392078), (-13.049116, -3.553218, -11.944919), (-12.440876, -3.7263563, -12.526961), (-11.739495, -3.9069724, -13.134142), (-10.931986, -4.0930066, -13.759538), (-10.005548, -4.2813053, -14.392545), (-8.948958, -4.4673977, -15.018135), (-7.7545614, -4.6453733, -15.616439), (-6.4207764, -4.8079615, -16.163013), (-4.954778, -4.9469366, -16.630209), (-3.374623, -5.0539236, -16.98987), (-1.7098882, -5.1215463, -17.2172), (0, -5.1446977, -17.295027), (1.7098882, -5.1215463, -17.2172), (3.374623, -5.0539236, -16.98987), (4.954778, -4.9469366, -16.630209), (6.4207764, -4.8079615, -16.163013), (7.7545614, -4.6453733, -15.616439), (8.948958, -4.4673977, -15.018135), (10.005548, -4.2813053, -14.392545), (10.931986, -4.0930066, -13.759538), (11.739495, -3.9069724, -13.134142), (12.440876, -3.7263563, -12.526961), (13.049116, -3.553218, -11.944919), (13.57655, -3.388766, -11.392078), (-13.6825285, -2.561414, -11.481005), (-13.161235, -2.6878104, -12.04755), (-12.558591, -2.821211, -12.645491), (-11.861776, -2.960751, -13.270949), (-11.057148, -3.1049013, -13.917073), (-10.131089, -3.2512681, -14.573132), (-9.071423, -3.3963997, -15.223654), (-7.869497, -3.535669, -15.8479), (-6.522884, -3.6633155, -16.420048), (-5.0383105, -3.7727528, -16.910578), (-3.4340692, -3.8572137, -17.289158), (-1.7408426, -3.910697, -17.528885), (0, -3.9290254, -17.611038), (1.7408426, -3.910697, -17.528885), (3.4340692, -3.8572137, -17.289158), (5.0383105, -3.7727528, -16.910578), (6.522884, -3.6633155, -16.420048), (7.869497, -3.535669, -15.8479), (9.071423, -3.3963997, -15.223654), (10.131089, -3.2512681, -14.573132), (11.057148, -3.1049013, -13.917073), (11.861776, -2.960751, -13.270949), (12.558591, -2.821211, -12.645491), (13.161235, -2.6878104, -12.04755), (13.6825285, -2.561414, -11.481005), (-13.759765, -1.7172486, -11.545814), (-13.243113, -1.803021, -12.1224985), (-12.644749, -1.8937106, -12.732245), (-11.951497, -1.9887637, -13.371328), (-11.149229, -2.087172, -14.032971), (-10.223712, -2.1873283, -14.706366), (-9.162041, -2.2868853, -15.37573), (-7.954795, -2.3826616, -16.019676), (-6.598874, -2.4706616, -16.61134), (-5.100631, -2.5462797, -17.119751), (-3.4785073, -2.6047516, -17.512884), (-1.7640114, -2.6418295, -17.762177), (0, -2.654545, -17.847668), (1.7640114, -2.6418295, -17.762177), (3.4785073, -2.6047516, -17.512884), (5.100631, -2.5462797, -17.119751), (6.598874, -2.4706616, -16.61134), (7.954795, -2.3826616, -16.019676), (9.162041, -2.2868853, -15.37573), (10.223712, -2.1873283, -14.706366), (11.149229, -2.087172, -14.032971), (11.951497, -1.9887637, -13.371328), (12.644749, -1.8937106, -12.732245), (13.243113, -1.803021, -12.1224985), (13.759765, -1.7172486, -11.545814), (-13.80674, -0.8615556, -11.58523), (-13.292978, -0.9049051, -12.168145), (-12.697303, -0.95079064, -12.785163), (-12.006316, -0.9989429, -13.43266), (-11.205594, -1.048862, -14.103915), (-10.28052, -1.0997411, -14.788081), (-9.217732, -1.150393, -15.469192), (-8.007324, -1.1991978, -16.125463), (-6.6457634, -1.2441086, -16.729372), (-5.1391525, -1.2827549, -17.249044), (-3.5060127, -1.312674, -17.651363), (-1.7783647, -1.3316628, -17.906702), (0, -1.3381778, -17.994308), (1.7783647, -1.3316628, -17.906702), (3.5060127, -1.312674, -17.651363), (5.1391525, -1.2827549, -17.249044), (6.6457634, -1.2441086, -16.729372), (8.007324, -1.1991978, -16.125463), (9.217732, -1.150393, -15.469192), (10.28052, -1.0997411, -14.788081), (11.205594, -1.048862, -14.103915), (12.006316, -0.9989429, -13.43266), (12.697303, -0.95079064, -12.785163), (13.292978, -0.9049051, -12.168145), (13.80674, -0.8615556, -11.58523), (-13.822505, 0, -11.598458), (-13.309726, 0, -12.1834755), (-12.714967, 0, -12.802949), (-12.024757, 0, -13.453293), (-11.224573, 0, -14.127804), (-10.299668, 0, -14.815624), (-9.236524, 0, -15.500727), (-8.025067, 0, -16.161194), (-6.6616163, 0, -16.76928), (-5.1521883, 0, -17.292797), (-3.5153272, 0, -17.69826), (-1.7832276, 0, -17.955667), (0, 0, -18.043999), (1.7832276, 0, -17.955667), (3.5153272, 0, -17.69826), (5.1521883, 0, -17.292797), (6.6616163, 0, -16.76928), (8.025067, 0, -16.161194), (9.236524, 0, -15.500727), (10.299668, 0, -14.815624), (11.224573, 0, -14.127804), (12.024757, 0, -13.453293), (12.714967, 0, -12.802949), (13.309726, 0, -12.1834755), (13.822505, 0, -11.598458), (-13.80674, 0.8615556, -11.58523), (-13.292978, 0.9049051, -12.168145), (-12.697303, 0.95079064, -12.785163), (-12.006316, 0.9989429, -13.43266), (-11.205594, 1.048862, -14.103915), (-10.28052, 1.0997411, -14.788081), (-9.217732, 1.150393, -15.469192), (-8.007324, 1.1991978, -16.125463), (-6.6457634, 1.2441086, -16.729372), (-5.1391525, 1.2827549, -17.249044), (-3.5060127, 1.312674, -17.651363), (-1.7783647, 1.3316628, -17.906702), (0, 1.3381778, -17.994308), (1.7783647, 1.3316628, -17.906702), (3.5060127, 1.312674, -17.651363), (5.1391525, 1.2827549, -17.249044), (6.6457634, 1.2441086, -16.729372), (8.007324, 1.1991978, -16.125463), (9.217732, 1.150393, -15.469192), (10.28052, 1.0997411, -14.788081), (11.205594, 1.048862, -14.103915), (12.006316, 0.9989429, -13.43266), (12.697303, 0.95079064, -12.785163), (13.292978, 0.9049051, -12.168145), (13.80674, 0.8615556, -11.58523), (-13.759765, 1.7172486, -11.545814), (-13.243113, 1.803021, -12.1224985), (-12.644749, 1.8937106, -12.732245), (-11.951497, 1.9887637, -13.371328), (-11.149229, 2.087172, -14.032971), (-10.223712, 2.1873283, -14.706366), (-9.162041, 2.2868853, -15.37573), (-7.954795, 2.3826616, -16.019676), (-6.598874, 2.4706616, -16.61134), (-5.100631, 2.5462797, -17.119751), (-3.4785073, 2.6047516, -17.512884), (-1.7640114, 2.6418295, -17.762177), (0, 2.654545, -17.847668), (1.7640114, 2.6418295, -17.762177), (3.4785073, 2.6047516, -17.512884), (5.100631, 2.5462797, -17.119751), (6.598874, 2.4706616, -16.61134), (7.954795, 2.3826616, -16.019676), (9.162041, 2.2868853, -15.37573), (10.223712, 2.1873283, -14.706366), (11.149229, 2.087172, -14.032971), (11.951497, 1.9887637, -13.371328), (12.644749, 1.8937106, -12.732245), (13.243113, 1.803021, -12.1224985), (13.759765, 1.7172486, -11.545814), (-13.6825285, 2.561414, -11.481005), (-13.161235, 2.6878104, -12.04755), (-12.558591, 2.821211, -12.645491), (-11.861776, 2.960751, -13.270949), (-11.057148, 3.1049013, -13.917073), (-10.131089, 3.2512681, -14.573132), (-9.071423, 3.3963997, -15.223654), (-7.869497, 3.535669, -15.8479), (-6.522884, 3.6633155, -16.420048), (-5.0383105, 3.7727528, -16.910578), (-3.4340692, 3.8572137, -17.289158), (-1.7408426, 3.910697, -17.528885), (0, 3.9290254, -17.611038), (1.7408426, 3.910697, -17.528885), (3.4340692, 3.8572137, -17.289158), (5.0383105, 3.7727528, -16.910578), (6.522884, 3.6633155, -16.420048), (7.869497, 3.535669, -15.8479), (9.071423, 3.3963997, -15.223654), (10.131089, 3.2512681, -14.573132), (11.057148, 3.1049013, -13.917073), (11.861776, 2.960751, -13.270949), (12.558591, 2.821211, -12.645491), (13.161235, 2.6878104, -12.04755), (13.6825285, 2.561414, -11.481005), (-13.57655, 3.388766, -11.392078), (-13.049116, 3.553218, -11.944919), (-12.440876, 3.7263563, -12.526961), (-11.739495, 3.9069724, -13.134142), (-10.931986, 4.0930066, -13.759538), (-10.005548, 4.2813053, -14.392545), (-8.948958, 4.4673977, -15.018135), (-7.7545614, 4.6453733, -15.616439), (-6.4207764, 4.8079615, -16.163013), (-4.954778, 4.9469366, -16.630209), (-3.374623, 5.0539236, -16.98987), (-1.7098882, 5.1215463, -17.2172), (0, 5.1446977, -17.295027), (1.7098882, 5.1215463, -17.2172), (3.374623, 5.0539236, -16.98987), (4.954778, 4.9469366, -16.630209), (6.4207764, 4.8079615, -16.163013), (7.7545614, 4.6453733, -15.616439), (8.948958, 4.4673977, -15.018135), (10.005548, 4.2813053, -14.392545), (10.931986, 4.0930066, -13.759538), (11.739495, 3.9069724, -13.134142), (12.440876, 3.7263563, -12.526961), (13.049116, 3.553218, -11.944919), (13.57655, 3.388766, -11.392078), (-13.443842, 4.194552, -11.280724), (-12.909088, 4.393861, -11.816739), (-12.294282, 4.6030593, -12.379353), (-11.587697, 4.8205657, -12.96431), (-10.777137, 5.043788, -13.564638), (-9.850789, 5.268857, -14.169932), (-8.798557, 5.4903955, -14.765732), (-7.6139293, 5.70141, -15.333228), (-6.2962794, 5.89342, -15.849617), (-4.853244, 6.056954, -16.289421), (-3.3025422, 6.182467, -16.626972), (-1.6724138, 6.2616267, -16.83986), (0, 6.288697, -16.912663), (1.6724138, 6.2616267, -16.83986), (3.3025422, 6.182467, -16.626972), (4.853244, 6.056954, -16.289421), (6.2962794, 5.89342, -15.849617), (7.6139293, 5.70141, -15.333228), (8.798557, 5.4903955, -14.765732), (9.850789, 5.268857, -14.169932), (10.777137, 5.043788, -13.564638), (11.587697, 4.8205657, -12.96431), (12.294282, 4.6030593, -12.379353), (12.909088, 4.393861, -11.816739), (13.443842, 4.194552, -11.280724), (-13.28681, 4.9746685, -11.148957), (-12.743912, 5.205168, -11.66554), (-12.121957, 5.446248, -12.205835), (-11.409924, 5.6959333, -12.765417), (-10.596524, 5.951112, -13.33731), (-9.671049, 6.2072635, -13.911383), (-8.624638, 6.458241, -14.47386), (-7.4520087, 6.6961937, -15.007146), (-6.153519, 6.911753, -15.490247), (-4.7372313, 7.094601, -15.900036), (-3.2204146, 7.2344656, -16.213491), (-1.6297929, 7.3224616, -16.410704), (0, 7.352515, -16.478058), (1.6297929, 7.3224616, -16.410704), (3.2204146, 7.2344656, -16.213491), (4.7372313, 7.094601, -15.900036), (6.153519, 6.911753, -15.490247), (7.4520087, 6.6961937, -15.007146), (8.624638, 6.458241, -14.47386), (9.671049, 6.2072635, -13.911383), (10.596524, 5.951112, -13.33731), (11.409924, 5.6959333, -12.765417), (12.121957, 5.446248, -12.205835), (12.743912, 5.205168, -11.66554), (13.28681, 4.9746685, -11.148957), (-13.108134, 5.725733, -10.999031), (-12.556644, 5.9834595, -11.494119), (-11.927351, 6.2519493, -12.009883), (-11.210017, 6.528828, -12.541762), (-10.394345, 6.810494, -13.082837), (-9.470802, 7.0918603, -13.623337), (-8.431815, 7.3661623, -14.150266), (-7.273346, 7.624927, -14.647348), (-5.996702, 7.858216, -15.095492), (-4.6102934, 8.055245, -15.473982), (-3.130827, 8.205415, -15.762455), (-1.5833917, 8.29965, -15.9434805), (0, 8.331791, -16.005222), (1.5833917, 8.29965, -15.9434805), (3.130827, 8.205415, -15.762455), (4.6102934, 8.055245, -15.473982), (5.996702, 7.858216, -15.095492), (7.273346, 7.624927, -14.647348), (8.431815, 7.3661623, -14.150266), (9.470802, 7.0918603, -13.623337), (10.394345, 6.810494, -13.082837), (11.210017, 6.528828, -12.541762), (11.927351, 6.2519493, -12.009883), (12.556644, 5.9834595, -11.494119), (13.108134, 5.725733, -10.999031)]
                        color3f[] primvars:displayColor = [(0.36666667, 0.73333335, 0.68333334)] (
                            interpolation = "constant"
                        )
                        float[] primvars:displayOpacity = [0.3] (
                            interpolation = "constant"
                        )
                        uniform token purpose = "guide"
                        uniform token subdivisionScheme = "none"
                    }
                }
            }
        }

        over "Generator_Yard_B"
        {
            over "sec_cam_ext_gen_b"
            {
                double aeco:cctv:mountHeight = 3.5

                over "Sensor_0"
                {
                    double aeco:cctvSensor:effectiveWidth = 8.818976585197152
                    double aeco:cctvSensor:hfov = 99.99999999999999
                    double aeco:cctvSensor:targetRange = 4.510999617209059
                    double aeco:cctvSensor:vfov = 54.99999999999999
                    float2 clippingRange = (0.05, 40)
                    float focalLength = 3.7
                    float horizontalAperture = 8.818976
                    float verticalAperture = 3.8521962
                    matrix4d xformOp:transform = ( (2.220446049250313e-16, 1, 0, 0), (-0.8191520442889919, 1.8188829204768096e-16, 0.5735764363510459, 0), (0.5735764363510459, -1.2735955320387536e-16, 0.8191520442889919, 0), (0, 0, 0, 1) )
                    uniform token[] xformOpOrder = ["xformOp:transform"]

                    def Mesh "Sector" (
                        prepend apiSchemas = ["AecoDerivedGeometryAPI", "MaterialBindingAPI"]
                    )
                    {
                        uniform token aeco:derived:approx = "tessellated"
                        uniform token aeco:derived:role = "sector"
                        string aeco:derived:source = "5956e453-050d-5e48-b00a-08d5e24c4965"
                        string aeco:derived:stamp = "usdAecoCctv derive 0.5.3"
                        uniform bool doubleSided = 1
                        float3[] extent = [(-30.641777, -18.469944, -40), (30.641777, 18.469944, 0)]
                        int[] faceVertexCounts = [4, 4, 4, 4, 4, 4, 4, 4, 4, 4, 4, 4, 4, 4, 4, 4, 4, 4, 4, 4, 4, 4, 4, 4, 4, 4, 4, 4, 4, 4, 4, 4, 4, 4, 4, 4, 4, 4, 4, 4, 4, 4, 4, 4, 4, 4, 4, 4, 4, 4, 4, 4, 4, 4, 4, 4, 4, 4, 4, 4, 4, 4, 4, 4, 4, 4, 4, 4, 4, 4, 4, 4, 4, 4, 4, 4, 4, 4, 4, 4, 4, 4, 4, 4, 4, 4, 4, 4, 4, 4, 4, 4, 4, 4, 4, 4, 4, 4, 4, 4, 4, 4, 4, 4, 4, 4, 4, 4, 4, 4, 4, 4, 4, 4, 4, 4, 4, 4, 4, 4, 4, 4, 4, 4, 4, 4, 4, 4, 4, 4, 4, 4, 4, 4, 4, 4, 4, 4, 4, 4, 4, 4, 4, 4, 4, 4, 4, 4, 4, 4, 4, 4, 4, 4, 4, 4, 4, 4, 4, 4, 4, 4, 4, 4, 4, 4, 4, 4, 4, 4, 4, 4, 4, 4, 4, 4, 4, 4, 4, 4, 4, 4, 4, 4, 4, 4, 4, 4, 4, 4, 4, 4, 4, 4, 4, 4, 4, 4, 4, 4, 4, 4, 4, 4, 4, 4, 4, 4, 4, 4, 4, 4, 4, 4, 4, 4, 4, 4, 4, 4, 4, 4, 4, 4, 4, 4, 4, 4, 4, 4, 4, 4, 4, 4, 4, 4, 4, 4, 4, 4, 4, 4, 4, 4, 4, 4, 4, 4, 4, 4, 4, 4, 4, 4, 4, 4, 4, 4, 4, 4, 4, 4, 4, 4, 4, 4, 4, 4, 4, 4, 4, 4, 4, 4, 4, 4, 4, 4, 4, 4, 4, 4, 4, 4, 4, 4, 4, 4, 4, 4, 4, 4, 4, 4, 4, 4, 4, 4, 4, 4, 4, 4, 4, 4, 4, 4, 4, 4, 4, 4, 4, 4, 4, 4, 4, 4, 4, 4, 4, 4, 4, 4, 4, 4, 4, 4, 4, 4, 4, 4, 4, 4, 4, 4, 4, 4, 3, 3, 3, 3, 3, 3, 3, 3, 3, 3, 3, 3, 3, 3, 3, 3, 3, 3, 3, 3, 3, 3, 3, 3, 3, 3, 3, 3, 3, 3, 3, 3, 3, 3, 3, 3, 3, 3, 3, 3, 3, 3, 3, 3, 3, 3, 3, 3, 3, 3, 3, 3, 3, 3, 3, 3, 3, 3, 3, 3, 3, 3, 3, 3, 3, 3, 3, 3, 3, 3, 3, 3, 3, 3, 3, 3]
                        int[] faceVertexIndices = [1, 26, 27, 2, 2, 27, 28, 3, 3, 28, 29, 4, 4, 29, 30, 5, 5, 30, 31, 6, 6, 31, 32, 7, 7, 32, 33, 8, 8, 33, 34, 9, 9, 34, 35, 10, 10, 35, 36, 11, 11, 36, 37, 12, 12, 37, 38, 13, 13, 38, 39, 14, 14, 39, 40, 15, 15, 40, 41, 16, 16, 41, 42, 17, 17, 42, 43, 18, 18, 43, 44, 19, 19, 44, 45, 20, 20, 45, 46, 21, 21, 46, 47, 22, 22, 47, 48, 23, 23, 48, 49, 24, 24, 49, 50, 25, 26, 51, 52, 27, 27, 52, 53, 28, 28, 53, 54, 29, 29, 54, 55, 30, 30, 55, 56, 31, 31, 56, 57, 32, 32, 57, 58, 33, 33, 58, 59, 34, 34, 59, 60, 35, 35, 60, 61, 36, 36, 61, 62, 37, 37, 62, 63, 38, 38, 63, 64, 39, 39, 64, 65, 40, 40, 65, 66, 41, 41, 66, 67, 42, 42, 67, 68, 43, 43, 68, 69, 44, 44, 69, 70, 45, 45, 70, 71, 46, 46, 71, 72, 47, 47, 72, 73, 48, 48, 73, 74, 49, 49, 74, 75, 50, 51, 76, 77, 52, 52, 77, 78, 53, 53, 78, 79, 54, 54, 79, 80, 55, 55, 80, 81, 56, 56, 81, 82, 57, 57, 82, 83, 58, 58, 83, 84, 59, 59, 84, 85, 60, 60, 85, 86, 61, 61, 86, 87, 62, 62, 87, 88, 63, 63, 88, 89, 64, 64, 89, 90, 65, 65, 90, 91, 66, 66, 91, 92, 67, 67, 92, 93, 68, 68, 93, 94, 69, 69, 94, 95, 70, 70, 95, 96, 71, 71, 96, 97, 72, 72, 97, 98, 73, 73, 98, 99, 74, 74, 99, 100, 75, 76, 101, 102, 77, 77, 102, 103, 78, 78, 103, 104, 79, 79, 104, 105, 80, 80, 105, 106, 81, 81, 106, 107, 82, 82, 107, 108, 83, 83, 108, 109, 84, 84, 109, 110, 85, 85, 110, 111, 86, 86, 111, 112, 87, 87, 112, 113, 88, 88, 113, 114, 89, 89, 114, 115, 90, 90, 115, 116, 91, 91, 116, 117, 92, 92, 117, 118, 93, 93, 118, 119, 94, 94, 119, 120, 95, 95, 120, 121, 96, 96, 121, 122, 97, 97, 122, 123, 98, 98, 123, 124, 99, 99, 124, 125, 100, 101, 126, 127, 102, 102, 127, 128, 103, 103, 128, 129, 104, 104, 129, 130, 105, 105, 130, 131, 106, 106, 131, 132, 107, 107, 132, 133, 108, 108, 133, 134, 109, 109, 134, 135, 110, 110, 135, 136, 111, 111, 136, 137, 112, 112, 137, 138, 113, 113, 138, 139, 114, 114, 139, 140, 115, 115, 140, 141, 116, 116, 141, 142, 117, 117, 142, 143, 118, 118, 143, 144, 119, 119, 144, 145, 120, 120, 145, 146, 121, 121, 146, 147, 122, 122, 147, 148, 123, 123, 148, 149, 124, 124, 149, 150, 125, 126, 151, 152, 127, 127, 152, 153, 128, 128, 153, 154, 129, 129, 154, 155, 130, 130, 155, 156, 131, 131, 156, 157, 132, 132, 157, 158, 133, 133, 158, 159, 134, 134, 159, 160, 135, 135, 160, 161, 136, 136, 161, 162, 137, 137, 162, 163, 138, 138, 163, 164, 139, 139, 164, 165, 140, 140, 165, 166, 141, 141, 166, 167, 142, 142, 167, 168, 143, 143, 168, 169, 144, 144, 169, 170, 145, 145, 170, 171, 146, 146, 171, 172, 147, 147, 172, 173, 148, 148, 173, 174, 149, 149, 174, 175, 150, 151, 176, 177, 152, 152, 177, 178, 153, 153, 178, 179, 154, 154, 179, 180, 155, 155, 180, 181, 156, 156, 181, 182, 157, 157, 182, 183, 158, 158, 183, 184, 159, 159, 184, 185, 160, 160, 185, 186, 161, 161, 186, 187, 162, 162, 187, 188, 163, 163, 188, 189, 164, 164, 189, 190, 165, 165, 190, 191, 166, 166, 191, 192, 167, 167, 192, 193, 168, 168, 193, 194, 169, 169, 194, 195, 170, 170, 195, 196, 171, 171, 196, 197, 172, 172, 197, 198, 173, 173, 198, 199, 174, 174, 199, 200, 175, 176, 201, 202, 177, 177, 202, 203, 178, 178, 203, 204, 179, 179, 204, 205, 180, 180, 205, 206, 181, 181, 206, 207, 182, 182, 207, 208, 183, 183, 208, 209, 184, 184, 209, 210, 185, 185, 210, 211, 186, 186, 211, 212, 187, 187, 212, 213, 188, 188, 213, 214, 189, 189, 214, 215, 190, 190, 215, 216, 191, 191, 216, 217, 192, 192, 217, 218, 193, 193, 218, 219, 194, 194, 219, 220, 195, 195, 220, 221, 196, 196, 221, 222, 197, 197, 222, 223, 198, 198, 223, 224, 199, 199, 224, 225, 200, 201, 226, 227, 202, 202, 227, 228, 203, 203, 228, 229, 204, 204, 229, 230, 205, 205, 230, 231, 206, 206, 231, 232, 207, 207, 232, 233, 208, 208, 233, 234, 209, 209, 234, 235, 210, 210, 235, 236, 211, 211, 236, 237, 212, 212, 237, 238, 213, 213, 238, 239, 214, 214, 239, 240, 215, 215, 240, 241, 216, 216, 241, 242, 217, 217, 242, 243, 218, 218, 243, 244, 219, 219, 244, 245, 220, 220, 245, 246, 221, 221, 246, 247, 222, 222, 247, 248, 223, 223, 248, 249, 224, 224, 249, 250, 225, 226, 251, 252, 227, 227, 252, 253, 228, 228, 253, 254, 229, 229, 254, 255, 230, 230, 255, 256, 231, 231, 256, 257, 232, 232, 257, 258, 233, 233, 258, 259, 234, 234, 259, 260, 235, 235, 260, 261, 236, 236, 261, 262, 237, 237, 262, 263, 238, 238, 263, 264, 239, 239, 264, 265, 240, 240, 265, 266, 241, 241, 266, 267, 242, 242, 267, 268, 243, 243, 268, 269, 244, 244, 269, 270, 245, 245, 270, 271, 246, 246, 271, 272, 247, 247, 272, 273, 248, 248, 273, 274, 249, 249, 274, 275, 250, 251, 276, 277, 252, 252, 277, 278, 253, 253, 278, 279, 254, 254, 279, 280, 255, 255, 280, 281, 256, 256, 281, 282, 257, 257, 282, 283, 258, 258, 283, 284, 259, 259, 284, 285, 260, 260, 285, 286, 261, 261, 286, 287, 262, 262, 287, 288, 263, 263, 288, 289, 264, 264, 289, 290, 265, 265, 290, 291, 266, 266, 291, 292, 267, 267, 292, 293, 268, 268, 293, 294, 269, 269, 294, 295, 270, 270, 295, 296, 271, 271, 296, 297, 272, 272, 297, 298, 273, 273, 298, 299, 274, 274, 299, 300, 275, 276, 301, 302, 277, 277, 302, 303, 278, 278, 303, 304, 279, 279, 304, 305, 280, 280, 305, 306, 281, 281, 306, 307, 282, 282, 307, 308, 283, 283, 308, 309, 284, 284, 309, 310, 285, 285, 310, 311, 286, 286, 311, 312, 287, 287, 312, 313, 288, 288, 313, 314, 289, 289, 314, 315, 290, 290, 315, 316, 291, 291, 316, 317, 292, 292, 317, 318, 293, 293, 318, 319, 294, 294, 319, 320, 295, 295, 320, 321, 296, 296, 321, 322, 297, 297, 322, 323, 298, 298, 323, 324, 299, 299, 324, 325, 300, 301, 326, 327, 302, 302, 327, 328, 303, 303, 328, 329, 304, 304, 329, 330, 305, 305, 330, 331, 306, 306, 331, 332, 307, 307, 332, 333, 308, 308, 333, 334, 309, 309, 334, 335, 310, 310, 335, 336, 311, 311, 336, 337, 312, 312, 337, 338, 313, 313, 338, 339, 314, 314, 339, 340, 315, 315, 340, 341, 316, 316, 341, 342, 317, 317, 342, 343, 318, 318, 343, 344, 319, 319, 344, 345, 320, 320, 345, 346, 321, 321, 346, 347, 322, 322, 347, 348, 323, 323, 348, 349, 324, 324, 349, 350, 325, 326, 351, 352, 327, 327, 352, 353, 328, 328, 353, 354, 329, 329, 354, 355, 330, 330, 355, 356, 331, 331, 356, 357, 332, 332, 357, 358, 333, 333, 358, 359, 334, 334, 359, 360, 335, 335, 360, 361, 336, 336, 361, 362, 337, 337, 362, 363, 338, 338, 363, 364, 339, 339, 364, 365, 340, 340, 365, 366, 341, 341, 366, 367, 342, 342, 367, 368, 343, 343, 368, 369, 344, 344, 369, 370, 345, 345, 370, 371, 346, 346, 371, 372, 347, 347, 372, 373, 348, 348, 373, 374, 349, 349, 374, 375, 350, 0, 1, 2, 0, 2, 3, 0, 3, 4, 0, 4, 5, 0, 5, 6, 0, 6, 7, 0, 7, 8, 0, 8, 9, 0, 9, 10, 0, 10, 11, 0, 11, 12, 0, 12, 13, 0, 13, 14, 0, 14, 15, 0, 15, 16, 0, 16, 17, 0, 17, 18, 0, 18, 19, 0, 19, 20, 0, 20, 21, 0, 21, 22, 0, 22, 23, 0, 23, 24, 0, 24, 25, 0, 352, 351, 0, 353, 352, 0, 354, 353, 0, 355, 354, 0, 356, 355, 0, 357, 356, 0, 358, 357, 0, 359, 358, 0, 360, 359, 0, 361, 360, 0, 362, 361, 0, 363, 362, 0, 364, 363, 0, 365, 364, 0, 366, 365, 0, 367, 366, 0, 368, 367, 0, 369, 368, 0, 370, 369, 0, 371, 370, 0, 372, 371, 0, 373, 372, 0, 374, 373, 0, 375, 374, 0, 26, 1, 0, 51, 26, 0, 76, 51, 0, 101, 76, 0, 126, 101, 0, 151, 126, 0, 176, 151, 0, 201, 176, 0, 226, 201, 0, 251, 226, 0, 276, 251, 0, 301, 276, 0, 326, 301, 0, 351, 326, 0, 25, 50, 0, 50, 75, 0, 75, 100, 0, 100, 125, 0, 125, 150, 0, 150, 175, 0, 175, 200, 0, 200, 225, 0, 225, 250, 0, 250, 275, 0, 275, 300, 0, 300, 325, 0, 325, 350, 0, 350, 375]
                        rel material:binding = </AecoCctvLooks/Sector>
                        point3f[] points = [(0, 0, 0), (-29.058159, -12.692825, -24.38269), (-27.835613, -13.264154, -25.480204), (-26.440596, -13.859344, -26.623552), (-24.850407, -14.473129, -27.802622), (-23.042223, -15.0975275, -29.00208), (-20.994907, -15.721261, -30.200262), (-18.691677, -16.329334, -31.36836), (-16.123579, -16.902966, -32.470295), (-13.293511, -17.42012, -33.46374), (-10.220115, -17.856895, -34.302776), (-6.9404283, -18.189793, -34.942265), (-3.5100682, -18.398695, -35.343563), (0, -18.469944, -35.480434), (3.5100682, -18.398695, -35.343563), (6.9404283, -18.189793, -34.942265), (10.220115, -17.856895, -34.302776), (13.293511, -17.42012, -33.46374), (16.123579, -16.902966, -32.470295), (18.691677, -16.329334, -31.36836), (20.994907, -15.721261, -30.200262), (23.042223, -15.0975275, -29.00208), (24.850407, -14.473129, -27.802622), (26.440596, -13.859344, -26.623552), (27.835613, -13.264154, -25.480204), (29.058159, -12.692825, -24.38269), (-29.454247, -11.027863, -24.715048), (-28.25075, -11.538835, -25.86021), (-26.871998, -12.073261, -27.05794), (-25.29356, -12.626765, -28.298422), (-23.490412, -13.192446, -29.566195), (-21.438816, -13.760284, -30.838802), (-19.119127, -14.316652, -32.085705), (-16.51964, -14.844146, -33.267895), (-13.641143, -15.322, -34.338833), (-10.501512, -15.727338, -35.247257), (-7.1390266, -16.037388, -35.942127), (-3.6129308, -16.232458, -36.379307), (0, -16.299082, -36.528618), (3.6129308, -16.232458, -36.379307), (7.1390266, -16.037388, -35.942127), (10.501512, -15.727338, -35.247257), (13.641143, -15.322, -34.338833), (16.51964, -14.844146, -33.267895), (19.119127, -14.316652, -32.085705), (21.438816, -13.760284, -30.838802), (23.490412, -13.192446, -29.566195), (25.29356, -12.626765, -28.298422), (26.871998, -12.073261, -27.05794), (28.25075, -11.538835, -25.86021), (29.454247, -11.027863, -24.715048), (-29.802357, -9.298498, -25.007147), (-28.61691, -9.740326, -26.195389), (-27.254007, -10.204079, -27.442593), (-25.687647, -10.686248, -28.739326), (-23.890797, -11.1810875, -30.070137), (-21.837265, -11.680021, -31.411957), (-19.504673, -12.171128, -32.732727), (-16.878586, -12.638906, -33.990757), (-13.957614, -13.064555, -35.135487), (-10.758688, -13.427077, -36.110443), (-7.3210874, -13.705315, -36.85873), (-3.707413, -13.880796, -37.330666), (0, -13.9408045, -37.49205), (3.707413, -13.880796, -37.330666), (7.3210874, -13.705315, -36.85873), (10.758688, -13.427077, -36.110443), (13.957614, -13.064555, -35.135487), (16.878586, -12.638906, -33.990757), (19.504673, -12.171128, -32.732727), (21.837265, -11.680021, -31.411957), (23.890797, -11.1810875, -30.070137), (25.687647, -10.686248, -28.739326), (27.254007, -10.204079, -27.442593), (28.61691, -9.740326, -26.195389), (29.802357, -9.298498, -25.007147), (-30.096544, -7.5122285, -25.254), (-28.927328, -7.8767858, -26.479538), (-27.578978, -8.260599, -27.769812), (-26.024157, -8.66099, -29.115812), (-24.234064, -9.073392, -30.502192), (-22.180332, -9.490813, -31.905443), (-19.838083, -9.903343, -33.292255), (-17.19034, -10.29788, -34.618576), (-14.233601, -10.658306, -35.830227), (-10.983769, -10.966387, -36.86591), (-7.480876, -11.203556, -37.663204), (-3.790486, -11.353462, -38.16715), (0, -11.404784, -38.339676), (3.790486, -11.353462, -38.16715), (7.480876, -11.203556, -37.663204), (10.983769, -10.966387, -36.86591), (14.233601, -10.658306, -35.830227), (17.19034, -10.29788, -34.618576), (19.838083, -9.903343, -33.292255), (22.180332, -9.490813, -31.905443), (24.234064, -9.073392, -30.502192), (26.024157, -8.66099, -29.115812), (27.578978, -8.260599, -27.769812), (28.927328, -7.8767858, -26.479538), (30.096544, -7.5122285, -25.254), (-30.331478, -5.6781516, -25.451132), (-29.175873, -5.9583473, -26.70705), (-27.83993, -6.2540708, -28.03257), (-26.295227, -6.563403, -29.419088), (-24.511526, -6.8829565, -30.851418), (-22.458635, -7.2074227, -32.30577), (-20.109562, -7.529151, -33.747852), (-17.445127, -7.837884, -35.131683), (-14.459952, -8.120851, -36.40002), (-11.168944, -8.363452, -37.48743), (-7.6126566, -8.550685, -38.326664), (-3.859106, -8.669247, -38.858093), (0, -8.709877, -39.04021), (3.859106, -8.669247, -38.858093), (7.6126566, -8.550685, -38.326664), (11.168944, -8.363452, -37.48743), (14.459952, -8.120851, -36.40002), (17.445127, -7.837884, -35.131683), (20.109562, -7.529151, -33.747852), (22.458635, -7.2074227, -32.30577), (24.511526, -6.8829565, -30.851418), (26.295227, -6.563403, -29.419088), (27.83993, -6.2540708, -28.03257), (29.175873, -5.9583473, -26.70705), (30.331478, -5.6781516, -25.451132), (-30.502695, -3.8068027, -25.5948), (-29.357378, -3.9969432, -26.873198), (-28.030924, -4.1979847, -28.224886), (-26.49412, -4.4086986, -29.64161), (-24.71565, -4.6268506, -31.108341), (-22.663961, -4.8488774, -32.601124), (-20.310444, -5.0695753, -34.084972), (-17.634218, -5.281893, -35.512478), (-14.6284075, -5.4769716, -36.824074), (-11.307097, -5.644602, -37.951126), (-7.7111673, -5.774223, -38.822624), (-3.9104667, -5.856417, -39.375256), (0, -5.8846054, -39.564774), (3.9104667, -5.856417, -39.375256), (7.7111673, -5.774223, -38.822624), (11.307097, -5.644602, -37.951126), (14.6284075, -5.4769716, -36.824074), (17.634218, -5.281893, -35.512478), (20.310444, -5.0695753, -34.084972), (22.663961, -4.8488774, -32.601124), (24.71565, -4.6268506, -31.108341), (26.49412, -4.4086986, -29.64161), (28.030924, -4.1979847, -28.224886), (29.357378, -3.9969432, -26.873198), (30.502695, -3.8068027, -25.5948), (-30.606829, -1.9098995, -25.682178), (-29.467922, -2.0059967, -26.974388), (-28.147427, -2.107716, -28.342194), (-26.615644, -2.2144601, -29.777569), (-24.840601, -2.325121, -31.26561), (-22.789894, -2.43791, -32.782272), (-20.4339, -2.5501955, -34.29216), (-17.750666, -2.658386, -35.746983), (-14.732351, -2.7579443, -37.08573), (-11.392492, -2.8436155, -38.237743), (-7.7721415, -2.9099405, -39.129604), (-3.9422853, -2.9520347, -39.69564), (0, -2.9664772, -39.889847), (3.9422853, -2.9520347, -39.69564), (7.7721415, -2.9099405, -39.129604), (11.392492, -2.8436155, -38.237743), (14.732351, -2.7579443, -37.08573), (17.750666, -2.658386, -35.746983), (20.4339, -2.5501955, -34.29216), (22.789894, -2.43791, -32.782272), (24.840601, -2.325121, -31.26561), (26.615644, -2.2144601, -29.777569), (28.147427, -2.107716, -28.342194), (29.467922, -2.0059967, -26.974388), (30.606829, -1.9098995, -25.682178), (-30.641777, 0, -25.711504), (-29.505047, 0, -27.008371), (-28.186584, 0, -28.381622), (-26.656525, 0, -29.823307), (-24.882675, 0, -31.318565), (-22.83234, 0, -32.84333), (-20.475557, 0, -34.362064), (-17.789997, 0, -35.82619), (-14.767495, 0, -37.1742), (-11.42139, 0, -38.334736), (-7.79279, 0, -39.233562), (-3.9530652, 0, -39.804188), (0, 0, -40), (3.9530652, 0, -39.804188), (7.79279, 0, -39.233562), (11.42139, 0, -38.334736), (14.767495, 0, -37.1742), (17.789997, 0, -35.82619), (20.475557, 0, -34.362064), (22.83234, 0, -32.84333), (24.882675, 0, -31.318565), (26.656525, 0, -29.823307), (28.186584, 0, -28.381622), (29.505047, 0, -27.008371), (30.641777, 0, -25.711504), (-30.606829, 1.9098995, -25.682178), (-29.467922, 2.0059967, -26.974388), (-28.147427, 2.107716, -28.342194), (-26.615644, 2.2144601, -29.777569), (-24.840601, 2.325121, -31.26561), (-22.789894, 2.43791, -32.782272), (-20.4339, 2.5501955, -34.29216), (-17.750666, 2.658386, -35.746983), (-14.732351, 2.7579443, -37.08573), (-11.392492, 2.8436155, -38.237743), (-7.7721415, 2.9099405, -39.129604), (-3.9422853, 2.9520347, -39.69564), (0, 2.9664772, -39.889847), (3.9422853, 2.9520347, -39.69564), (7.7721415, 2.9099405, -39.129604), (11.392492, 2.8436155, -38.237743), (14.732351, 2.7579443, -37.08573), (17.750666, 2.658386, -35.746983), (20.4339, 2.5501955, -34.29216), (22.789894, 2.43791, -32.782272), (24.840601, 2.325121, -31.26561), (26.615644, 2.2144601, -29.777569), (28.147427, 2.107716, -28.342194), (29.467922, 2.0059967, -26.974388), (30.606829, 1.9098995, -25.682178), (-30.502695, 3.8068027, -25.5948), (-29.357378, 3.9969432, -26.873198), (-28.030924, 4.1979847, -28.224886), (-26.49412, 4.4086986, -29.64161), (-24.71565, 4.6268506, -31.108341), (-22.663961, 4.8488774, -32.601124), (-20.310444, 5.0695753, -34.084972), (-17.634218, 5.281893, -35.512478), (-14.6284075, 5.4769716, -36.824074), (-11.307097, 5.644602, -37.951126), (-7.7111673, 5.774223, -38.822624), (-3.9104667, 5.856417, -39.375256), (0, 5.8846054, -39.564774), (3.9104667, 5.856417, -39.375256), (7.7111673, 5.774223, -38.822624), (11.307097, 5.644602, -37.951126), (14.6284075, 5.4769716, -36.824074), (17.634218, 5.281893, -35.512478), (20.310444, 5.0695753, -34.084972), (22.663961, 4.8488774, -32.601124), (24.71565, 4.6268506, -31.108341), (26.49412, 4.4086986, -29.64161), (28.030924, 4.1979847, -28.224886), (29.357378, 3.9969432, -26.873198), (30.502695, 3.8068027, -25.5948), (-30.331478, 5.6781516, -25.451132), (-29.175873, 5.9583473, -26.70705), (-27.83993, 6.2540708, -28.03257), (-26.295227, 6.563403, -29.419088), (-24.511526, 6.8829565, -30.851418), (-22.458635, 7.2074227, -32.30577), (-20.109562, 7.529151, -33.747852), (-17.445127, 7.837884, -35.131683), (-14.459952, 8.120851, -36.40002), (-11.168944, 8.363452, -37.48743), (-7.6126566, 8.550685, -38.326664), (-3.859106, 8.669247, -38.858093), (0, 8.709877, -39.04021), (3.859106, 8.669247, -38.858093), (7.6126566, 8.550685, -38.326664), (11.168944, 8.363452, -37.48743), (14.459952, 8.120851, -36.40002), (17.445127, 7.837884, -35.131683), (20.109562, 7.529151, -33.747852), (22.458635, 7.2074227, -32.30577), (24.511526, 6.8829565, -30.851418), (26.295227, 6.563403, -29.419088), (27.83993, 6.2540708, -28.03257), (29.175873, 5.9583473, -26.70705), (30.331478, 5.6781516, -25.451132), (-30.096544, 7.5122285, -25.254), (-28.927328, 7.8767858, -26.479538), (-27.578978, 8.260599, -27.769812), (-26.024157, 8.66099, -29.115812), (-24.234064, 9.073392, -30.502192), (-22.180332, 9.490813, -31.905443), (-19.838083, 9.903343, -33.292255), (-17.19034, 10.29788, -34.618576), (-14.233601, 10.658306, -35.830227), (-10.983769, 10.966387, -36.86591), (-7.480876, 11.203556, -37.663204), (-3.790486, 11.353462, -38.16715), (0, 11.404784, -38.339676), (3.790486, 11.353462, -38.16715), (7.480876, 11.203556, -37.663204), (10.983769, 10.966387, -36.86591), (14.233601, 10.658306, -35.830227), (17.19034, 10.29788, -34.618576), (19.838083, 9.903343, -33.292255), (22.180332, 9.490813, -31.905443), (24.234064, 9.073392, -30.502192), (26.024157, 8.66099, -29.115812), (27.578978, 8.260599, -27.769812), (28.927328, 7.8767858, -26.479538), (30.096544, 7.5122285, -25.254), (-29.802357, 9.298498, -25.007147), (-28.61691, 9.740326, -26.195389), (-27.254007, 10.204079, -27.442593), (-25.687647, 10.686248, -28.739326), (-23.890797, 11.1810875, -30.070137), (-21.837265, 11.680021, -31.411957), (-19.504673, 12.171128, -32.732727), (-16.878586, 12.638906, -33.990757), (-13.957614, 13.064555, -35.135487), (-10.758688, 13.427077, -36.110443), (-7.3210874, 13.705315, -36.85873), (-3.707413, 13.880796, -37.330666), (0, 13.9408045, -37.49205), (3.707413, 13.880796, -37.330666), (7.3210874, 13.705315, -36.85873), (10.758688, 13.427077, -36.110443), (13.957614, 13.064555, -35.135487), (16.878586, 12.638906, -33.990757), (19.504673, 12.171128, -32.732727), (21.837265, 11.680021, -31.411957), (23.890797, 11.1810875, -30.070137), (25.687647, 10.686248, -28.739326), (27.254007, 10.204079, -27.442593), (28.61691, 9.740326, -26.195389), (29.802357, 9.298498, -25.007147), (-29.454247, 11.027863, -24.715048), (-28.25075, 11.538835, -25.86021), (-26.871998, 12.073261, -27.05794), (-25.29356, 12.626765, -28.298422), (-23.490412, 13.192446, -29.566195), (-21.438816, 13.760284, -30.838802), (-19.119127, 14.316652, -32.085705), (-16.51964, 14.844146, -33.267895), (-13.641143, 15.322, -34.338833), (-10.501512, 15.727338, -35.247257), (-7.1390266, 16.037388, -35.942127), (-3.6129308, 16.232458, -36.379307), (0, 16.299082, -36.528618), (3.6129308, 16.232458, -36.379307), (7.1390266, 16.037388, -35.942127), (10.501512, 15.727338, -35.247257), (13.641143, 15.322, -34.338833), (16.51964, 14.844146, -33.267895), (19.119127, 14.316652, -32.085705), (21.438816, 13.760284, -30.838802), (23.490412, 13.192446, -29.566195), (25.29356, 12.626765, -28.298422), (26.871998, 12.073261, -27.05794), (28.25075, 11.538835, -25.86021), (29.454247, 11.027863, -24.715048), (-29.058159, 12.692825, -24.38269), (-27.835613, 13.264154, -25.480204), (-26.440596, 13.859344, -26.623552), (-24.850407, 14.473129, -27.802622), (-23.042223, 15.0975275, -29.00208), (-20.994907, 15.721261, -30.200262), (-18.691677, 16.329334, -31.36836), (-16.123579, 16.902966, -32.470295), (-13.293511, 17.42012, -33.46374), (-10.220115, 17.856895, -34.302776), (-6.9404283, 18.189793, -34.942265), (-3.5100682, 18.398695, -35.343563), (0, 18.469944, -35.480434), (3.5100682, 18.398695, -35.343563), (6.9404283, 18.189793, -34.942265), (10.220115, 17.856895, -34.302776), (13.293511, 17.42012, -33.46374), (16.123579, 16.902966, -32.470295), (18.691677, 16.329334, -31.36836), (20.994907, 15.721261, -30.200262), (23.042223, 15.0975275, -29.00208), (24.850407, 14.473129, -27.802622), (26.440596, 13.859344, -26.623552), (27.835613, 13.264154, -25.480204), (29.058159, 12.692825, -24.38269)]
                        color3f[] primvars:displayColor = [(0, 0.85, 0.95)] (
                            interpolation = "constant"
                        )
                        float[] primvars:displayOpacity = [0.3] (
                            interpolation = "constant"
                        )
                        uniform token purpose = "guide"
                        uniform token subdivisionScheme = "none"
                    }

                    def Mesh "Shell_identify" (
                        prepend apiSchemas = ["AecoDerivedGeometryAPI", "MaterialBindingAPI"]
                    )
                    {
                        uniform token aeco:derived:approx = "tessellated"
                        uniform token aeco:derived:role = "coverage"
                        string aeco:derived:source = "5956e453-050d-5e48-b00a-08d5e24c4965"
                        string aeco:derived:stamp = "usdAecoCctv derive 0.5.3"
                        uniform bool doubleSided = 1
                        float3[] extent = [(-3.4556262, -2.0829477, -4.5109997), (3.4556262, 2.0829477, 0)]
                        int[] faceVertexCounts = [4, 4, 4, 4, 4, 4, 4, 4, 4, 4, 4, 4, 4, 4, 4, 4, 4, 4, 4, 4, 4, 4, 4, 4, 4, 4, 4, 4, 4, 4, 4, 4, 4, 4, 4, 4, 4, 4, 4, 4, 4, 4, 4, 4, 4, 4, 4, 4, 4, 4, 4, 4, 4, 4, 4, 4, 4, 4, 4, 4, 4, 4, 4, 4, 4, 4, 4, 4, 4, 4, 4, 4, 4, 4, 4, 4, 4, 4, 4, 4, 4, 4, 4, 4, 4, 4, 4, 4, 4, 4, 4, 4, 4, 4, 4, 4, 4, 4, 4, 4, 4, 4, 4, 4, 4, 4, 4, 4, 4, 4, 4, 4, 4, 4, 4, 4, 4, 4, 4, 4, 4, 4, 4, 4, 4, 4, 4, 4, 4, 4, 4, 4, 4, 4, 4, 4, 4, 4, 4, 4, 4, 4, 4, 4, 4, 4, 4, 4, 4, 4, 4, 4, 4, 4, 4, 4, 4, 4, 4, 4, 4, 4, 4, 4, 4, 4, 4, 4, 4, 4, 4, 4, 4, 4, 4, 4, 4, 4, 4, 4, 4, 4, 4, 4, 4, 4, 4, 4, 4, 4, 4, 4, 4, 4, 4, 4, 4, 4, 4, 4, 4, 4, 4, 4, 4, 4, 4, 4, 4, 4, 4, 4, 4, 4, 4, 4, 4, 4, 4, 4, 4, 4, 4, 4, 4, 4, 4, 4, 4, 4, 4, 4, 4, 4, 4, 4, 4, 4, 4, 4, 4, 4, 4, 4, 4, 4, 4, 4, 4, 4, 4, 4, 4, 4, 4, 4, 4, 4, 4, 4, 4, 4, 4, 4, 4, 4, 4, 4, 4, 4, 4, 4, 4, 4, 4, 4, 4, 4, 4, 4, 4, 4, 4, 4, 4, 4, 4, 4, 4, 4, 4, 4, 4, 4, 4, 4, 4, 4, 4, 4, 4, 4, 4, 4, 4, 4, 4, 4, 4, 4, 4, 4, 4, 4, 4, 4, 4, 4, 4, 4, 4, 4, 4, 4, 4, 4, 4, 4, 4, 4, 4, 4, 4, 4, 4, 4, 3, 3, 3, 3, 3, 3, 3, 3, 3, 3, 3, 3, 3, 3, 3, 3, 3, 3, 3, 3, 3, 3, 3, 3, 3, 3, 3, 3, 3, 3, 3, 3, 3, 3, 3, 3, 3, 3, 3, 3, 3, 3, 3, 3, 3, 3, 3, 3, 3, 3, 3, 3, 3, 3, 3, 3, 3, 3, 3, 3, 3, 3, 3, 3, 3, 3, 3, 3, 3, 3, 3, 3, 3, 3, 3, 3]
                        int[] faceVertexIndices = [1, 26, 27, 2, 2, 27, 28, 3, 3, 28, 29, 4, 4, 29, 30, 5, 5, 30, 31, 6, 6, 31, 32, 7, 7, 32, 33, 8, 8, 33, 34, 9, 9, 34, 35, 10, 10, 35, 36, 11, 11, 36, 37, 12, 12, 37, 38, 13, 13, 38, 39, 14, 14, 39, 40, 15, 15, 40, 41, 16, 16, 41, 42, 17, 17, 42, 43, 18, 18, 43, 44, 19, 19, 44, 45, 20, 20, 45, 46, 21, 21, 46, 47, 22, 22, 47, 48, 23, 23, 48, 49, 24, 24, 49, 50, 25, 26, 51, 52, 27, 27, 52, 53, 28, 28, 53, 54, 29, 29, 54, 55, 30, 30, 55, 56, 31, 31, 56, 57, 32, 32, 57, 58, 33, 33, 58, 59, 34, 34, 59, 60, 35, 35, 60, 61, 36, 36, 61, 62, 37, 37, 62, 63, 38, 38, 63, 64, 39, 39, 64, 65, 40, 40, 65, 66, 41, 41, 66, 67, 42, 42, 67, 68, 43, 43, 68, 69, 44, 44, 69, 70, 45, 45, 70, 71, 46, 46, 71, 72, 47, 47, 72, 73, 48, 48, 73, 74, 49, 49, 74, 75, 50, 51, 76, 77, 52, 52, 77, 78, 53, 53, 78, 79, 54, 54, 79, 80, 55, 55, 80, 81, 56, 56, 81, 82, 57, 57, 82, 83, 58, 58, 83, 84, 59, 59, 84, 85, 60, 60, 85, 86, 61, 61, 86, 87, 62, 62, 87, 88, 63, 63, 88, 89, 64, 64, 89, 90, 65, 65, 90, 91, 66, 66, 91, 92, 67, 67, 92, 93, 68, 68, 93, 94, 69, 69, 94, 95, 70, 70, 95, 96, 71, 71, 96, 97, 72, 72, 97, 98, 73, 73, 98, 99, 74, 74, 99, 100, 75, 76, 101, 102, 77, 77, 102, 103, 78, 78, 103, 104, 79, 79, 104, 105, 80, 80, 105, 106, 81, 81, 106, 107, 82, 82, 107, 108, 83, 83, 108, 109, 84, 84, 109, 110, 85, 85, 110, 111, 86, 86, 111, 112, 87, 87, 112, 113, 88, 88, 113, 114, 89, 89, 114, 115, 90, 90, 115, 116, 91, 91, 116, 117, 92, 92, 117, 118, 93, 93, 118, 119, 94, 94, 119, 120, 95, 95, 120, 121, 96, 96, 121, 122, 97, 97, 122, 123, 98, 98, 123, 124, 99, 99, 124, 125, 100, 101, 126, 127, 102, 102, 127, 128, 103, 103, 128, 129, 104, 104, 129, 130, 105, 105, 130, 131, 106, 106, 131, 132, 107, 107, 132, 133, 108, 108, 133, 134, 109, 109, 134, 135, 110, 110, 135, 136, 111, 111, 136, 137, 112, 112, 137, 138, 113, 113, 138, 139, 114, 114, 139, 140, 115, 115, 140, 141, 116, 116, 141, 142, 117, 117, 142, 143, 118, 118, 143, 144, 119, 119, 144, 145, 120, 120, 145, 146, 121, 121, 146, 147, 122, 122, 147, 148, 123, 123, 148, 149, 124, 124, 149, 150, 125, 126, 151, 152, 127, 127, 152, 153, 128, 128, 153, 154, 129, 129, 154, 155, 130, 130, 155, 156, 131, 131, 156, 157, 132, 132, 157, 158, 133, 133, 158, 159, 134, 134, 159, 160, 135, 135, 160, 161, 136, 136, 161, 162, 137, 137, 162, 163, 138, 138, 163, 164, 139, 139, 164, 165, 140, 140, 165, 166, 141, 141, 166, 167, 142, 142, 167, 168, 143, 143, 168, 169, 144, 144, 169, 170, 145, 145, 170, 171, 146, 146, 171, 172, 147, 147, 172, 173, 148, 148, 173, 174, 149, 149, 174, 175, 150, 151, 176, 177, 152, 152, 177, 178, 153, 153, 178, 179, 154, 154, 179, 180, 155, 155, 180, 181, 156, 156, 181, 182, 157, 157, 182, 183, 158, 158, 183, 184, 159, 159, 184, 185, 160, 160, 185, 186, 161, 161, 186, 187, 162, 162, 187, 188, 163, 163, 188, 189, 164, 164, 189, 190, 165, 165, 190, 191, 166, 166, 191, 192, 167, 167, 192, 193, 168, 168, 193, 194, 169, 169, 194, 195, 170, 170, 195, 196, 171, 171, 196, 197, 172, 172, 197, 198, 173, 173, 198, 199, 174, 174, 199, 200, 175, 176, 201, 202, 177, 177, 202, 203, 178, 178, 203, 204, 179, 179, 204, 205, 180, 180, 205, 206, 181, 181, 206, 207, 182, 182, 207, 208, 183, 183, 208, 209, 184, 184, 209, 210, 185, 185, 210, 211, 186, 186, 211, 212, 187, 187, 212, 213, 188, 188, 213, 214, 189, 189, 214, 215, 190, 190, 215, 216, 191, 191, 216, 217, 192, 192, 217, 218, 193, 193, 218, 219, 194, 194, 219, 220, 195, 195, 220, 221, 196, 196, 221, 222, 197, 197, 222, 223, 198, 198, 223, 224, 199, 199, 224, 225, 200, 201, 226, 227, 202, 202, 227, 228, 203, 203, 228, 229, 204, 204, 229, 230, 205, 205, 230, 231, 206, 206, 231, 232, 207, 207, 232, 233, 208, 208, 233, 234, 209, 209, 234, 235, 210, 210, 235, 236, 211, 211, 236, 237, 212, 212, 237, 238, 213, 213, 238, 239, 214, 214, 239, 240, 215, 215, 240, 241, 216, 216, 241, 242, 217, 217, 242, 243, 218, 218, 243, 244, 219, 219, 244, 245, 220, 220, 245, 246, 221, 221, 246, 247, 222, 222, 247, 248, 223, 223, 248, 249, 224, 224, 249, 250, 225, 226, 251, 252, 227, 227, 252, 253, 228, 228, 253, 254, 229, 229, 254, 255, 230, 230, 255, 256, 231, 231, 256, 257, 232, 232, 257, 258, 233, 233, 258, 259, 234, 234, 259, 260, 235, 235, 260, 261, 236, 236, 261, 262, 237, 237, 262, 263, 238, 238, 263, 264, 239, 239, 264, 265, 240, 240, 265, 266, 241, 241, 266, 267, 242, 242, 267, 268, 243, 243, 268, 269, 244, 244, 269, 270, 245, 245, 270, 271, 246, 246, 271, 272, 247, 247, 272, 273, 248, 248, 273, 274, 249, 249, 274, 275, 250, 251, 276, 277, 252, 252, 277, 278, 253, 253, 278, 279, 254, 254, 279, 280, 255, 255, 280, 281, 256, 256, 281, 282, 257, 257, 282, 283, 258, 258, 283, 284, 259, 259, 284, 285, 260, 260, 285, 286, 261, 261, 286, 287, 262, 262, 287, 288, 263, 263, 288, 289, 264, 264, 289, 290, 265, 265, 290, 291, 266, 266, 291, 292, 267, 267, 292, 293, 268, 268, 293, 294, 269, 269, 294, 295, 270, 270, 295, 296, 271, 271, 296, 297, 272, 272, 297, 298, 273, 273, 298, 299, 274, 274, 299, 300, 275, 276, 301, 302, 277, 277, 302, 303, 278, 278, 303, 304, 279, 279, 304, 305, 280, 280, 305, 306, 281, 281, 306, 307, 282, 282, 307, 308, 283, 283, 308, 309, 284, 284, 309, 310, 285, 285, 310, 311, 286, 286, 311, 312, 287, 287, 312, 313, 288, 288, 313, 314, 289, 289, 314, 315, 290, 290, 315, 316, 291, 291, 316, 317, 292, 292, 317, 318, 293, 293, 318, 319, 294, 294, 319, 320, 295, 295, 320, 321, 296, 296, 321, 322, 297, 297, 322, 323, 298, 298, 323, 324, 299, 299, 324, 325, 300, 301, 326, 327, 302, 302, 327, 328, 303, 303, 328, 329, 304, 304, 329, 330, 305, 305, 330, 331, 306, 306, 331, 332, 307, 307, 332, 333, 308, 308, 333, 334, 309, 309, 334, 335, 310, 310, 335, 336, 311, 311, 336, 337, 312, 312, 337, 338, 313, 313, 338, 339, 314, 314, 339, 340, 315, 315, 340, 341, 316, 316, 341, 342, 317, 317, 342, 343, 318, 318, 343, 344, 319, 319, 344, 345, 320, 320, 345, 346, 321, 321, 346, 347, 322, 322, 347, 348, 323, 323, 348, 349, 324, 324, 349, 350, 325, 326, 351, 352, 327, 327, 352, 353, 328, 328, 353, 354, 329, 329, 354, 355, 330, 330, 355, 356, 331, 331, 356, 357, 332, 332, 357, 358, 333, 333, 358, 359, 334, 334, 359, 360, 335, 335, 360, 361, 336, 336, 361, 362, 337, 337, 362, 363, 338, 338, 363, 364, 339, 339, 364, 365, 340, 340, 365, 366, 341, 341, 366, 367, 342, 342, 367, 368, 343, 343, 368, 369, 344, 344, 369, 370, 345, 345, 370, 371, 346, 346, 371, 372, 347, 347, 372, 373, 348, 348, 373, 374, 349, 349, 374, 375, 350, 0, 1, 2, 0, 2, 3, 0, 3, 4, 0, 4, 5, 0, 5, 6, 0, 6, 7, 0, 7, 8, 0, 8, 9, 0, 9, 10, 0, 10, 11, 0, 11, 12, 0, 12, 13, 0, 13, 14, 0, 14, 15, 0, 15, 16, 0, 16, 17, 0, 17, 18, 0, 18, 19, 0, 19, 20, 0, 20, 21, 0, 21, 22, 0, 22, 23, 0, 23, 24, 0, 24, 25, 0, 352, 351, 0, 353, 352, 0, 354, 353, 0, 355, 354, 0, 356, 355, 0, 357, 356, 0, 358, 357, 0, 359, 358, 0, 360, 359, 0, 361, 360, 0, 362, 361, 0, 363, 362, 0, 364, 363, 0, 365, 364, 0, 366, 365, 0, 367, 366, 0, 368, 367, 0, 369, 368, 0, 370, 369, 0, 371, 370, 0, 372, 371, 0, 373, 372, 0, 374, 373, 0, 375, 374, 0, 26, 1, 0, 51, 26, 0, 76, 51, 0, 101, 76, 0, 126, 101, 0, 151, 126, 0, 176, 151, 0, 201, 176, 0, 226, 201, 0, 251, 226, 0, 276, 251, 0, 301, 276, 0, 326, 301, 0, 351, 326, 0, 25, 50, 0, 50, 75, 0, 75, 100, 0, 100, 125, 0, 125, 150, 0, 150, 175, 0, 175, 200, 0, 200, 225, 0, 225, 250, 0, 250, 275, 0, 275, 300, 0, 300, 325, 0, 325, 350, 0, 350, 375]
                        rel material:binding = </AecoCctvLooks/Shell_identify>
                        point3f[] points = [(0, 0, 0), (-3.2770336, -1.4314332, -2.7497578), (-3.139161, -1.4958649, -2.8735297), (-2.9818377, -1.5629873, -3.0024707), (-2.8025043, -1.632207, -3.1354406), (-2.5985863, -1.7026235, -3.2707093), (-2.3677006, -1.7729651, -3.4058342), (-2.1079538, -1.8415406, -3.5375664), (-1.8183365, -1.9062318, -3.661837), (-1.4991755, -1.964554, -3.773873), (-1.1525733, -2.0138113, -3.8684955), (-0.78270674, -2.0513537, -3.9406137), (-0.39584792, -2.0749125, -3.9858701), (0, -2.0829477, -4.0013056), (0.39584792, -2.0749125, -3.9858701), (0.78270674, -2.0513537, -3.9406137), (1.1525733, -2.0138113, -3.8684955), (1.4991755, -1.964554, -3.773873), (1.8183365, -1.9062318, -3.661837), (2.1079538, -1.8415406, -3.5375664), (2.3677006, -1.7729651, -3.4058342), (2.5985863, -1.7026235, -3.2707093), (2.8025043, -1.632207, -3.1354406), (2.9818377, -1.5629873, -3.0024707), (3.139161, -1.4958649, -2.8735297), (3.2770336, -1.4314332, -2.7497578), (-3.3217025, -1.2436671, -2.7872393), (-3.185978, -1.301292, -2.916385), (-3.0304892, -1.361562, -3.0514588), (-2.852481, -1.4239833, -3.1913543), (-2.649131, -1.487778, -3.3343275), (-2.4177623, -1.5518159, -3.4778457), (-2.1561594, -1.6145602, -3.618465), (-1.8630022, -1.6740484, -3.7517865), (-1.5383798, -1.7279383, -3.8725617), (-1.1843078, -1.7736503, -3.975009), (-0.80510366, -1.8086164, -4.053373), (-0.40744823, -1.8306154, -4.102676), (0, -1.8381288, -4.1195145), (0.40744823, -1.8306154, -4.102676), (0.80510366, -1.8086164, -4.053373), (1.1843078, -1.7736503, -3.975009), (1.5383798, -1.7279383, -3.8725617), (1.8630022, -1.6740484, -3.7517865), (2.1561594, -1.6145602, -3.618465), (2.4177623, -1.5518159, -3.4778457), (2.649131, -1.487778, -3.3343275), (2.852481, -1.4239833, -3.1913543), (3.0304892, -1.361562, -3.0514588), (3.185978, -1.301292, -2.916385), (3.3217025, -1.2436671, -2.7872393), (-3.3609605, -1.048638, -2.820181), (-3.227272, -1.0984652, -2.9541848), (-3.0735705, -1.1507648, -3.0948381), (-2.8969243, -1.2051414, -3.2410774), (-2.6942842, -1.260947, -3.3911595), (-2.4626973, -1.3172143, -3.542483), (-2.1996393, -1.3725989, -3.691433), (-1.9034823, -1.4253525, -3.833307), (-1.5740699, -1.473355, -3.9624043), (-1.213311, -1.5142385, -4.0723553), (-0.82563555, -1.5456167, -4.156743), (-0.41810346, -1.5654067, -4.209965), (0, -1.5721742, -4.2281656), (0.41810346, -1.5654067, -4.209965), (0.82563555, -1.5456167, -4.156743), (1.213311, -1.5142385, -4.0723553), (1.5740699, -1.473355, -3.9624043), (1.9034823, -1.4253525, -3.833307), (2.1996393, -1.3725989, -3.691433), (2.4626973, -1.3172143, -3.542483), (2.6942842, -1.260947, -3.3911595), (2.8969243, -1.2051414, -3.2410774), (3.0735705, -1.1507648, -3.0948381), (3.227272, -1.0984652, -2.9541848), (3.3609605, -1.048638, -2.820181), (-3.3941374, -0.8471915, -2.8480196), (-3.262279, -0.8883045, -2.9862297), (-3.110219, -0.93158907, -3.1317403), (-2.9348738, -0.9767431, -3.2835355), (-2.7329965, -1.0232517, -3.4398844), (-2.501387, -1.0703263, -3.5981362), (-2.2372396, -1.1168494, -3.7545338), (-1.9386404, -1.1613433, -3.9041097), (-1.6051941, -1.2019904, -4.0407534), (-1.2386945, -1.2367342, -4.1575522), (-0.84365577, -1.2634809, -4.2474675), (-0.42747205, -1.2803866, -4.3043), (0, -1.2861744, -4.3237567), (0.42747205, -1.2803866, -4.3043), (0.84365577, -1.2634809, -4.2474675), (1.2386945, -1.2367342, -4.1575522), (1.6051941, -1.2019904, -4.0407534), (1.9386404, -1.1613433, -3.9041097), (2.2372396, -1.1168494, -3.7545338), (2.501387, -1.0703263, -3.5981362), (2.7329965, -1.0232517, -3.4398844), (2.9348738, -0.9767431, -3.2835355), (3.110219, -0.93158907, -3.1317403), (3.262279, -0.8883045, -2.9862297), (3.3941374, -0.8471915, -2.8480196), (-3.4206321, -0.6403535, -2.8702512), (-3.2903087, -0.6719526, -3.0118876), (-3.1396477, -0.7053028, -3.1613727), (-2.965444, -0.74018776, -3.3177373), (-2.764287, -0.7762253, -3.4792683), (-2.5327723, -0.81281704, -3.643283), (-2.2678556, -0.84909993, -3.8059134), (-1.9673742, -0.8839173, -3.961975), (-1.630721, -0.9158289, -4.105012), (-1.2595776, -0.9431882, -4.2276444), (-0.8585173, -0.96430343, -4.3222895), (-0.43521065, -0.97767425, -4.382221), (0, -0.98225635, -4.4027596), (0.43521065, -0.97767425, -4.382221), (0.8585173, -0.96430343, -4.3222895), (1.2595776, -0.9431882, -4.2276444), (1.630721, -0.9158289, -4.105012), (1.9673742, -0.8839173, -3.961975), (2.2678556, -0.84909993, -3.8059134), (2.5327723, -0.81281704, -3.643283), (2.764287, -0.7762253, -3.4792683), (2.965444, -0.74018776, -3.3177373), (3.1396477, -0.7053028, -3.1613727), (3.2903087, -0.6719526, -3.0118876), (3.4206321, -0.6403535, -2.8702512), (-3.4399412, -0.42931214, -2.8864534), (-3.3107781, -0.45075524, -3.0306246), (-3.1611872, -0.47342765, -3.1830614), (-2.9878743, -0.49719092, -3.342832), (-2.7873073, -0.521793, -3.5082428), (-2.555928, -0.5468321, -3.6765914), (-2.2905102, -0.5717213, -3.8439324), (-1.9886987, -0.5956654, -4.004919), (-1.6497185, -0.6176654, -4.152835), (-1.2751578, -0.6365699, -4.2799377), (-0.8696268, -0.6511879, -4.378221), (-0.44100285, -0.6604574, -4.440544), (0, -0.66363627, -4.461917), (0.44100285, -0.6604574, -4.440544), (0.8696268, -0.6511879, -4.378221), (1.2751578, -0.6365699, -4.2799377), (1.6497185, -0.6176654, -4.152835), (1.9886987, -0.5956654, -4.004919), (2.2905102, -0.5717213, -3.8439324), (2.555928, -0.5468321, -3.6765914), (2.7873073, -0.521793, -3.5082428), (2.9878743, -0.49719092, -3.342832), (3.1611872, -0.47342765, -3.1830614), (3.3107781, -0.45075524, -3.0306246), (3.4399412, -0.42931214, -2.8864534), (-3.451685, -0.2153889, -2.8963075), (-3.3232446, -0.22622627, -3.0420363), (-3.1743257, -0.23769766, -3.1962907), (-3.001579, -0.24973573, -3.358165), (-2.8013985, -0.2622155, -3.5259788), (-2.57013, -0.27493528, -3.6970203), (-2.304433, -0.28759825, -3.867298), (-2.001831, -0.29979944, -4.031366), (-1.6614408, -0.31102714, -4.182343), (-1.2847881, -0.32068872, -4.312261), (-0.87650317, -0.3281685, -4.412841), (-0.44459116, -0.3329157, -4.4766755), (0, -0.33454445, -4.498577), (0.44459116, -0.3329157, -4.4766755), (0.87650317, -0.3281685, -4.412841), (1.2847881, -0.32068872, -4.312261), (1.6614408, -0.31102714, -4.182343), (2.001831, -0.29979944, -4.031366), (2.304433, -0.28759825, -3.867298), (2.57013, -0.27493528, -3.6970203), (2.8013985, -0.2622155, -3.5259788), (3.001579, -0.24973573, -3.358165), (3.1743257, -0.23769766, -3.1962907), (3.3232446, -0.22622627, -3.0420363), (3.451685, -0.2153889, -2.8963075), (-3.4556262, 0, -2.8996146), (-3.3274314, 0, -3.0458689), (-3.1787417, 0, -3.2007372), (-3.0061893, 0, -3.3633232), (-2.8061433, 0, -3.531951), (-2.574917, 0, -3.703906), (-2.309131, 0, -3.8751817), (-2.0062668, 0, -4.0402985), (-1.6654041, 0, -4.19232), (-1.2880471, 0, -4.3231993), (-0.8788318, 0, -4.424565), (-0.4458069, 0, -4.488917), (0, 0, -4.5109997), (0.4458069, 0, -4.488917), (0.8788318, 0, -4.424565), (1.2880471, 0, -4.3231993), (1.6654041, 0, -4.19232), (2.0062668, 0, -4.0402985), (2.309131, 0, -3.8751817), (2.574917, 0, -3.703906), (2.8061433, 0, -3.531951), (3.0061893, 0, -3.3633232), (3.1787417, 0, -3.2007372), (3.3274314, 0, -3.0458689), (3.4556262, 0, -2.8996146), (-3.451685, 0.2153889, -2.8963075), (-3.3232446, 0.22622627, -3.0420363), (-3.1743257, 0.23769766, -3.1962907), (-3.001579, 0.24973573, -3.358165), (-2.8013985, 0.2622155, -3.5259788), (-2.57013, 0.27493528, -3.6970203), (-2.304433, 0.28759825, -3.867298), (-2.001831, 0.29979944, -4.031366), (-1.6614408, 0.31102714, -4.182343), (-1.2847881, 0.32068872, -4.312261), (-0.87650317, 0.3281685, -4.412841), (-0.44459116, 0.3329157, -4.4766755), (0, 0.33454445, -4.498577), (0.44459116, 0.3329157, -4.4766755), (0.87650317, 0.3281685, -4.412841), (1.2847881, 0.32068872, -4.312261), (1.6614408, 0.31102714, -4.182343), (2.001831, 0.29979944, -4.031366), (2.304433, 0.28759825, -3.867298), (2.57013, 0.27493528, -3.6970203), (2.8013985, 0.2622155, -3.5259788), (3.001579, 0.24973573, -3.358165), (3.1743257, 0.23769766, -3.1962907), (3.3232446, 0.22622627, -3.0420363), (3.451685, 0.2153889, -2.8963075), (-3.4399412, 0.42931214, -2.8864534), (-3.3107781, 0.45075524, -3.0306246), (-3.1611872, 0.47342765, -3.1830614), (-2.9878743, 0.49719092, -3.342832), (-2.7873073, 0.521793, -3.5082428), (-2.555928, 0.5468321, -3.6765914), (-2.2905102, 0.5717213, -3.8439324), (-1.9886987, 0.5956654, -4.004919), (-1.6497185, 0.6176654, -4.152835), (-1.2751578, 0.6365699, -4.2799377), (-0.8696268, 0.6511879, -4.378221), (-0.44100285, 0.6604574, -4.440544), (0, 0.66363627, -4.461917), (0.44100285, 0.6604574, -4.440544), (0.8696268, 0.6511879, -4.378221), (1.2751578, 0.6365699, -4.2799377), (1.6497185, 0.6176654, -4.152835), (1.9886987, 0.5956654, -4.004919), (2.2905102, 0.5717213, -3.8439324), (2.555928, 0.5468321, -3.6765914), (2.7873073, 0.521793, -3.5082428), (2.9878743, 0.49719092, -3.342832), (3.1611872, 0.47342765, -3.1830614), (3.3107781, 0.45075524, -3.0306246), (3.4399412, 0.42931214, -2.8864534), (-3.4206321, 0.6403535, -2.8702512), (-3.2903087, 0.6719526, -3.0118876), (-3.1396477, 0.7053028, -3.1613727), (-2.965444, 0.74018776, -3.3177373), (-2.764287, 0.7762253, -3.4792683), (-2.5327723, 0.81281704, -3.643283), (-2.2678556, 0.84909993, -3.8059134), (-1.9673742, 0.8839173, -3.961975), (-1.630721, 0.9158289, -4.105012), (-1.2595776, 0.9431882, -4.2276444), (-0.8585173, 0.96430343, -4.3222895), (-0.43521065, 0.97767425, -4.382221), (0, 0.98225635, -4.4027596), (0.43521065, 0.97767425, -4.382221), (0.8585173, 0.96430343, -4.3222895), (1.2595776, 0.9431882, -4.2276444), (1.630721, 0.9158289, -4.105012), (1.9673742, 0.8839173, -3.961975), (2.2678556, 0.84909993, -3.8059134), (2.5327723, 0.81281704, -3.643283), (2.764287, 0.7762253, -3.4792683), (2.965444, 0.74018776, -3.3177373), (3.1396477, 0.7053028, -3.1613727), (3.2903087, 0.6719526, -3.0118876), (3.4206321, 0.6403535, -2.8702512), (-3.3941374, 0.8471915, -2.8480196), (-3.262279, 0.8883045, -2.9862297), (-3.110219, 0.93158907, -3.1317403), (-2.9348738, 0.9767431, -3.2835355), (-2.7329965, 1.0232517, -3.4398844), (-2.501387, 1.0703263, -3.5981362), (-2.2372396, 1.1168494, -3.7545338), (-1.9386404, 1.1613433, -3.9041097), (-1.6051941, 1.2019904, -4.0407534), (-1.2386945, 1.2367342, -4.1575522), (-0.84365577, 1.2634809, -4.2474675), (-0.42747205, 1.2803866, -4.3043), (0, 1.2861744, -4.3237567), (0.42747205, 1.2803866, -4.3043), (0.84365577, 1.2634809, -4.2474675), (1.2386945, 1.2367342, -4.1575522), (1.6051941, 1.2019904, -4.0407534), (1.9386404, 1.1613433, -3.9041097), (2.2372396, 1.1168494, -3.7545338), (2.501387, 1.0703263, -3.5981362), (2.7329965, 1.0232517, -3.4398844), (2.9348738, 0.9767431, -3.2835355), (3.110219, 0.93158907, -3.1317403), (3.262279, 0.8883045, -2.9862297), (3.3941374, 0.8471915, -2.8480196), (-3.3609605, 1.048638, -2.820181), (-3.227272, 1.0984652, -2.9541848), (-3.0735705, 1.1507648, -3.0948381), (-2.8969243, 1.2051414, -3.2410774), (-2.6942842, 1.260947, -3.3911595), (-2.4626973, 1.3172143, -3.542483), (-2.1996393, 1.3725989, -3.691433), (-1.9034823, 1.4253525, -3.833307), (-1.5740699, 1.473355, -3.9624043), (-1.213311, 1.5142385, -4.0723553), (-0.82563555, 1.5456167, -4.156743), (-0.41810346, 1.5654067, -4.209965), (0, 1.5721742, -4.2281656), (0.41810346, 1.5654067, -4.209965), (0.82563555, 1.5456167, -4.156743), (1.213311, 1.5142385, -4.0723553), (1.5740699, 1.473355, -3.9624043), (1.9034823, 1.4253525, -3.833307), (2.1996393, 1.3725989, -3.691433), (2.4626973, 1.3172143, -3.542483), (2.6942842, 1.260947, -3.3911595), (2.8969243, 1.2051414, -3.2410774), (3.0735705, 1.1507648, -3.0948381), (3.227272, 1.0984652, -2.9541848), (3.3609605, 1.048638, -2.820181), (-3.3217025, 1.2436671, -2.7872393), (-3.185978, 1.301292, -2.916385), (-3.0304892, 1.361562, -3.0514588), (-2.852481, 1.4239833, -3.1913543), (-2.649131, 1.487778, -3.3343275), (-2.4177623, 1.5518159, -3.4778457), (-2.1561594, 1.6145602, -3.618465), (-1.8630022, 1.6740484, -3.7517865), (-1.5383798, 1.7279383, -3.8725617), (-1.1843078, 1.7736503, -3.975009), (-0.80510366, 1.8086164, -4.053373), (-0.40744823, 1.8306154, -4.102676), (0, 1.8381288, -4.1195145), (0.40744823, 1.8306154, -4.102676), (0.80510366, 1.8086164, -4.053373), (1.1843078, 1.7736503, -3.975009), (1.5383798, 1.7279383, -3.8725617), (1.8630022, 1.6740484, -3.7517865), (2.1561594, 1.6145602, -3.618465), (2.4177623, 1.5518159, -3.4778457), (2.649131, 1.487778, -3.3343275), (2.852481, 1.4239833, -3.1913543), (3.0304892, 1.361562, -3.0514588), (3.185978, 1.301292, -2.916385), (3.3217025, 1.2436671, -2.7872393), (-3.2770336, 1.4314332, -2.7497578), (-3.139161, 1.4958649, -2.8735297), (-2.9818377, 1.5629873, -3.0024707), (-2.8025043, 1.632207, -3.1354406), (-2.5985863, 1.7026235, -3.2707093), (-2.3677006, 1.7729651, -3.4058342), (-2.1079538, 1.8415406, -3.5375664), (-1.8183365, 1.9062318, -3.661837), (-1.4991755, 1.964554, -3.773873), (-1.1525733, 2.0138113, -3.8684955), (-0.78270674, 2.0513537, -3.9406137), (-0.39584792, 2.0749125, -3.9858701), (0, 2.0829477, -4.0013056), (0.39584792, 2.0749125, -3.9858701), (0.78270674, 2.0513537, -3.9406137), (1.1525733, 2.0138113, -3.8684955), (1.4991755, 1.964554, -3.773873), (1.8183365, 1.9062318, -3.661837), (2.1079538, 1.8415406, -3.5375664), (2.3677006, 1.7729651, -3.4058342), (2.5985863, 1.7026235, -3.2707093), (2.8025043, 1.632207, -3.1354406), (2.9818377, 1.5629873, -3.0024707), (3.139161, 1.4958649, -2.8735297), (3.2770336, 1.4314332, -2.7497578)]
                        color3f[] primvars:displayColor = [(0, 0.5, 0.45)] (
                            interpolation = "constant"
                        )
                        float[] primvars:displayOpacity = [0.3] (
                            interpolation = "constant"
                        )
                        uniform token purpose = "guide"
                        uniform token subdivisionScheme = "none"
                    }

                    def Mesh "Shell_recognise" (
                        prepend apiSchemas = ["AecoDerivedGeometryAPI", "MaterialBindingAPI"]
                    )
                    {
                        uniform token aeco:derived:approx = "tessellated"
                        uniform token aeco:derived:role = "coverage"
                        string aeco:derived:source = "5956e453-050d-5e48-b00a-08d5e24c4965"
                        string aeco:derived:stamp = "usdAecoCctv derive 0.5.3"
                        uniform bool doubleSided = 1
                        float3[] extent = [(-6.9112525, -4.1658955, -9.021999), (6.9112525, 4.1658955, 0)]
                        int[] faceVertexCounts = [4, 4, 4, 4, 4, 4, 4, 4, 4, 4, 4, 4, 4, 4, 4, 4, 4, 4, 4, 4, 4, 4, 4, 4, 4, 4, 4, 4, 4, 4, 4, 4, 4, 4, 4, 4, 4, 4, 4, 4, 4, 4, 4, 4, 4, 4, 4, 4, 4, 4, 4, 4, 4, 4, 4, 4, 4, 4, 4, 4, 4, 4, 4, 4, 4, 4, 4, 4, 4, 4, 4, 4, 4, 4, 4, 4, 4, 4, 4, 4, 4, 4, 4, 4, 4, 4, 4, 4, 4, 4, 4, 4, 4, 4, 4, 4, 4, 4, 4, 4, 4, 4, 4, 4, 4, 4, 4, 4, 4, 4, 4, 4, 4, 4, 4, 4, 4, 4, 4, 4, 4, 4, 4, 4, 4, 4, 4, 4, 4, 4, 4, 4, 4, 4, 4, 4, 4, 4, 4, 4, 4, 4, 4, 4, 4, 4, 4, 4, 4, 4, 4, 4, 4, 4, 4, 4, 4, 4, 4, 4, 4, 4, 4, 4, 4, 4, 4, 4, 4, 4, 4, 4, 4, 4, 4, 4, 4, 4, 4, 4, 4, 4, 4, 4, 4, 4, 4, 4, 4, 4, 4, 4, 4, 4, 4, 4, 4, 4, 4, 4, 4, 4, 4, 4, 4, 4, 4, 4, 4, 4, 4, 4, 4, 4, 4, 4, 4, 4, 4, 4, 4, 4, 4, 4, 4, 4, 4, 4, 4, 4, 4, 4, 4, 4, 4, 4, 4, 4, 4, 4, 4, 4, 4, 4, 4, 4, 4, 4, 4, 4, 4, 4, 4, 4, 4, 4, 4, 4, 4, 4, 4, 4, 4, 4, 4, 4, 4, 4, 4, 4, 4, 4, 4, 4, 4, 4, 4, 4, 4, 4, 4, 4, 4, 4, 4, 4, 4, 4, 4, 4, 4, 4, 4, 4, 4, 4, 4, 4, 4, 4, 4, 4, 4, 4, 4, 4, 4, 4, 4, 4, 4, 4, 4, 4, 4, 4, 4, 4, 4, 4, 4, 4, 4, 4, 4, 4, 4, 4, 4, 4, 4, 4, 4, 4, 4, 4, 3, 3, 3, 3, 3, 3, 3, 3, 3, 3, 3, 3, 3, 3, 3, 3, 3, 3, 3, 3, 3, 3, 3, 3, 3, 3, 3, 3, 3, 3, 3, 3, 3, 3, 3, 3, 3, 3, 3, 3, 3, 3, 3, 3, 3, 3, 3, 3, 3, 3, 3, 3, 3, 3, 3, 3, 3, 3, 3, 3, 3, 3, 3, 3, 3, 3, 3, 3, 3, 3, 3, 3, 3, 3, 3, 3]
                        int[] faceVertexIndices = [1, 26, 27, 2, 2, 27, 28, 3, 3, 28, 29, 4, 4, 29, 30, 5, 5, 30, 31, 6, 6, 31, 32, 7, 7, 32, 33, 8, 8, 33, 34, 9, 9, 34, 35, 10, 10, 35, 36, 11, 11, 36, 37, 12, 12, 37, 38, 13, 13, 38, 39, 14, 14, 39, 40, 15, 15, 40, 41, 16, 16, 41, 42, 17, 17, 42, 43, 18, 18, 43, 44, 19, 19, 44, 45, 20, 20, 45, 46, 21, 21, 46, 47, 22, 22, 47, 48, 23, 23, 48, 49, 24, 24, 49, 50, 25, 26, 51, 52, 27, 27, 52, 53, 28, 28, 53, 54, 29, 29, 54, 55, 30, 30, 55, 56, 31, 31, 56, 57, 32, 32, 57, 58, 33, 33, 58, 59, 34, 34, 59, 60, 35, 35, 60, 61, 36, 36, 61, 62, 37, 37, 62, 63, 38, 38, 63, 64, 39, 39, 64, 65, 40, 40, 65, 66, 41, 41, 66, 67, 42, 42, 67, 68, 43, 43, 68, 69, 44, 44, 69, 70, 45, 45, 70, 71, 46, 46, 71, 72, 47, 47, 72, 73, 48, 48, 73, 74, 49, 49, 74, 75, 50, 51, 76, 77, 52, 52, 77, 78, 53, 53, 78, 79, 54, 54, 79, 80, 55, 55, 80, 81, 56, 56, 81, 82, 57, 57, 82, 83, 58, 58, 83, 84, 59, 59, 84, 85, 60, 60, 85, 86, 61, 61, 86, 87, 62, 62, 87, 88, 63, 63, 88, 89, 64, 64, 89, 90, 65, 65, 90, 91, 66, 66, 91, 92, 67, 67, 92, 93, 68, 68, 93, 94, 69, 69, 94, 95, 70, 70, 95, 96, 71, 71, 96, 97, 72, 72, 97, 98, 73, 73, 98, 99, 74, 74, 99, 100, 75, 76, 101, 102, 77, 77, 102, 103, 78, 78, 103, 104, 79, 79, 104, 105, 80, 80, 105, 106, 81, 81, 106, 107, 82, 82, 107, 108, 83, 83, 108, 109, 84, 84, 109, 110, 85, 85, 110, 111, 86, 86, 111, 112, 87, 87, 112, 113, 88, 88, 113, 114, 89, 89, 114, 115, 90, 90, 115, 116, 91, 91, 116, 117, 92, 92, 117, 118, 93, 93, 118, 119, 94, 94, 119, 120, 95, 95, 120, 121, 96, 96, 121, 122, 97, 97, 122, 123, 98, 98, 123, 124, 99, 99, 124, 125, 100, 101, 126, 127, 102, 102, 127, 128, 103, 103, 128, 129, 104, 104, 129, 130, 105, 105, 130, 131, 106, 106, 131, 132, 107, 107, 132, 133, 108, 108, 133, 134, 109, 109, 134, 135, 110, 110, 135, 136, 111, 111, 136, 137, 112, 112, 137, 138, 113, 113, 138, 139, 114, 114, 139, 140, 115, 115, 140, 141, 116, 116, 141, 142, 117, 117, 142, 143, 118, 118, 143, 144, 119, 119, 144, 145, 120, 120, 145, 146, 121, 121, 146, 147, 122, 122, 147, 148, 123, 123, 148, 149, 124, 124, 149, 150, 125, 126, 151, 152, 127, 127, 152, 153, 128, 128, 153, 154, 129, 129, 154, 155, 130, 130, 155, 156, 131, 131, 156, 157, 132, 132, 157, 158, 133, 133, 158, 159, 134, 134, 159, 160, 135, 135, 160, 161, 136, 136, 161, 162, 137, 137, 162, 163, 138, 138, 163, 164, 139, 139, 164, 165, 140, 140, 165, 166, 141, 141, 166, 167, 142, 142, 167, 168, 143, 143, 168, 169, 144, 144, 169, 170, 145, 145, 170, 171, 146, 146, 171, 172, 147, 147, 172, 173, 148, 148, 173, 174, 149, 149, 174, 175, 150, 151, 176, 177, 152, 152, 177, 178, 153, 153, 178, 179, 154, 154, 179, 180, 155, 155, 180, 181, 156, 156, 181, 182, 157, 157, 182, 183, 158, 158, 183, 184, 159, 159, 184, 185, 160, 160, 185, 186, 161, 161, 186, 187, 162, 162, 187, 188, 163, 163, 188, 189, 164, 164, 189, 190, 165, 165, 190, 191, 166, 166, 191, 192, 167, 167, 192, 193, 168, 168, 193, 194, 169, 169, 194, 195, 170, 170, 195, 196, 171, 171, 196, 197, 172, 172, 197, 198, 173, 173, 198, 199, 174, 174, 199, 200, 175, 176, 201, 202, 177, 177, 202, 203, 178, 178, 203, 204, 179, 179, 204, 205, 180, 180, 205, 206, 181, 181, 206, 207, 182, 182, 207, 208, 183, 183, 208, 209, 184, 184, 209, 210, 185, 185, 210, 211, 186, 186, 211, 212, 187, 187, 212, 213, 188, 188, 213, 214, 189, 189, 214, 215, 190, 190, 215, 216, 191, 191, 216, 217, 192, 192, 217, 218, 193, 193, 218, 219, 194, 194, 219, 220, 195, 195, 220, 221, 196, 196, 221, 222, 197, 197, 222, 223, 198, 198, 223, 224, 199, 199, 224, 225, 200, 201, 226, 227, 202, 202, 227, 228, 203, 203, 228, 229, 204, 204, 229, 230, 205, 205, 230, 231, 206, 206, 231, 232, 207, 207, 232, 233, 208, 208, 233, 234, 209, 209, 234, 235, 210, 210, 235, 236, 211, 211, 236, 237, 212, 212, 237, 238, 213, 213, 238, 239, 214, 214, 239, 240, 215, 215, 240, 241, 216, 216, 241, 242, 217, 217, 242, 243, 218, 218, 243, 244, 219, 219, 244, 245, 220, 220, 245, 246, 221, 221, 246, 247, 222, 222, 247, 248, 223, 223, 248, 249, 224, 224, 249, 250, 225, 226, 251, 252, 227, 227, 252, 253, 228, 228, 253, 254, 229, 229, 254, 255, 230, 230, 255, 256, 231, 231, 256, 257, 232, 232, 257, 258, 233, 233, 258, 259, 234, 234, 259, 260, 235, 235, 260, 261, 236, 236, 261, 262, 237, 237, 262, 263, 238, 238, 263, 264, 239, 239, 264, 265, 240, 240, 265, 266, 241, 241, 266, 267, 242, 242, 267, 268, 243, 243, 268, 269, 244, 244, 269, 270, 245, 245, 270, 271, 246, 246, 271, 272, 247, 247, 272, 273, 248, 248, 273, 274, 249, 249, 274, 275, 250, 251, 276, 277, 252, 252, 277, 278, 253, 253, 278, 279, 254, 254, 279, 280, 255, 255, 280, 281, 256, 256, 281, 282, 257, 257, 282, 283, 258, 258, 283, 284, 259, 259, 284, 285, 260, 260, 285, 286, 261, 261, 286, 287, 262, 262, 287, 288, 263, 263, 288, 289, 264, 264, 289, 290, 265, 265, 290, 291, 266, 266, 291, 292, 267, 267, 292, 293, 268, 268, 293, 294, 269, 269, 294, 295, 270, 270, 295, 296, 271, 271, 296, 297, 272, 272, 297, 298, 273, 273, 298, 299, 274, 274, 299, 300, 275, 276, 301, 302, 277, 277, 302, 303, 278, 278, 303, 304, 279, 279, 304, 305, 280, 280, 305, 306, 281, 281, 306, 307, 282, 282, 307, 308, 283, 283, 308, 309, 284, 284, 309, 310, 285, 285, 310, 311, 286, 286, 311, 312, 287, 287, 312, 313, 288, 288, 313, 314, 289, 289, 314, 315, 290, 290, 315, 316, 291, 291, 316, 317, 292, 292, 317, 318, 293, 293, 318, 319, 294, 294, 319, 320, 295, 295, 320, 321, 296, 296, 321, 322, 297, 297, 322, 323, 298, 298, 323, 324, 299, 299, 324, 325, 300, 301, 326, 327, 302, 302, 327, 328, 303, 303, 328, 329, 304, 304, 329, 330, 305, 305, 330, 331, 306, 306, 331, 332, 307, 307, 332, 333, 308, 308, 333, 334, 309, 309, 334, 335, 310, 310, 335, 336, 311, 311, 336, 337, 312, 312, 337, 338, 313, 313, 338, 339, 314, 314, 339, 340, 315, 315, 340, 341, 316, 316, 341, 342, 317, 317, 342, 343, 318, 318, 343, 344, 319, 319, 344, 345, 320, 320, 345, 346, 321, 321, 346, 347, 322, 322, 347, 348, 323, 323, 348, 349, 324, 324, 349, 350, 325, 326, 351, 352, 327, 327, 352, 353, 328, 328, 353, 354, 329, 329, 354, 355, 330, 330, 355, 356, 331, 331, 356, 357, 332, 332, 357, 358, 333, 333, 358, 359, 334, 334, 359, 360, 335, 335, 360, 361, 336, 336, 361, 362, 337, 337, 362, 363, 338, 338, 363, 364, 339, 339, 364, 365, 340, 340, 365, 366, 341, 341, 366, 367, 342, 342, 367, 368, 343, 343, 368, 369, 344, 344, 369, 370, 345, 345, 370, 371, 346, 346, 371, 372, 347, 347, 372, 373, 348, 348, 373, 374, 349, 349, 374, 375, 350, 0, 1, 2, 0, 2, 3, 0, 3, 4, 0, 4, 5, 0, 5, 6, 0, 6, 7, 0, 7, 8, 0, 8, 9, 0, 9, 10, 0, 10, 11, 0, 11, 12, 0, 12, 13, 0, 13, 14, 0, 14, 15, 0, 15, 16, 0, 16, 17, 0, 17, 18, 0, 18, 19, 0, 19, 20, 0, 20, 21, 0, 21, 22, 0, 22, 23, 0, 23, 24, 0, 24, 25, 0, 352, 351, 0, 353, 352, 0, 354, 353, 0, 355, 354, 0, 356, 355, 0, 357, 356, 0, 358, 357, 0, 359, 358, 0, 360, 359, 0, 361, 360, 0, 362, 361, 0, 363, 362, 0, 364, 363, 0, 365, 364, 0, 366, 365, 0, 367, 366, 0, 368, 367, 0, 369, 368, 0, 370, 369, 0, 371, 370, 0, 372, 371, 0, 373, 372, 0, 374, 373, 0, 375, 374, 0, 26, 1, 0, 51, 26, 0, 76, 51, 0, 101, 76, 0, 126, 101, 0, 151, 126, 0, 176, 151, 0, 201, 176, 0, 226, 201, 0, 251, 226, 0, 276, 251, 0, 301, 276, 0, 326, 301, 0, 351, 326, 0, 25, 50, 0, 50, 75, 0, 75, 100, 0, 100, 125, 0, 125, 150, 0, 150, 175, 0, 175, 200, 0, 200, 225, 0, 225, 250, 0, 250, 275, 0, 275, 300, 0, 300, 325, 0, 325, 350, 0, 350, 375]
                        rel material:binding = </AecoCctvLooks/Shell_recognise>
                        point3f[] points = [(0, 0, 0), (-6.554067, -2.8628664, -5.4995155), (-6.278322, -2.9917297, -5.7470593), (-5.9636755, -3.1259747, -6.0049415), (-5.6050086, -3.264414, -6.270881), (-5.1971726, -3.405247, -6.5414186), (-4.735401, -3.5459301, -6.8116684), (-4.2159076, -3.6830812, -7.075133), (-3.636673, -3.8124635, -7.323674), (-2.998351, -3.929108, -7.547746), (-2.3051467, -4.0276227, -7.736991), (-1.5654135, -4.1027074, -7.8812275), (-0.79169583, -4.149825, -7.9717402), (0, -4.1658955, -8.002611), (0.79169583, -4.149825, -7.9717402), (1.5654135, -4.1027074, -7.8812275), (2.3051467, -4.0276227, -7.736991), (2.998351, -3.929108, -7.547746), (3.636673, -3.8124635, -7.323674), (4.2159076, -3.6830812, -7.075133), (4.735401, -3.5459301, -6.8116684), (5.1971726, -3.405247, -6.5414186), (5.6050086, -3.264414, -6.270881), (5.9636755, -3.1259747, -6.0049415), (6.278322, -2.9917297, -5.7470593), (6.554067, -2.8628664, -5.4995155), (-6.643405, -2.4873343, -5.5744786), (-6.371956, -2.602584, -5.83277), (-6.0609784, -2.723124, -6.1029177), (-5.704962, -2.8479667, -6.3827085), (-5.298262, -2.975556, -6.668655), (-4.8355246, -3.1036317, -6.9556913), (-4.312319, -3.2291205, -7.23693), (-3.7260044, -3.3480968, -7.503573), (-3.0767596, -3.4558766, -7.7451234), (-2.3686156, -3.5473006, -7.950018), (-1.6102073, -3.6172328, -8.106746), (-0.81489646, -3.6612308, -8.205352), (0, -3.6762576, -8.239029), (0.81489646, -3.6612308, -8.205352), (1.6102073, -3.6172328, -8.106746), (2.3686156, -3.5473006, -7.950018), (3.0767596, -3.4558766, -7.7451234), (3.7260044, -3.3480968, -7.503573), (4.312319, -3.2291205, -7.23693), (4.8355246, -3.1036317, -6.9556913), (5.298262, -2.975556, -6.668655), (5.704962, -2.8479667, -6.3827085), (6.0609784, -2.723124, -6.1029177), (6.371956, -2.602584, -5.83277), (6.643405, -2.4873343, -5.5744786), (-6.721921, -2.097276, -5.640362), (-6.454544, -2.1969304, -5.9083695), (-6.147141, -2.3015296, -6.1896763), (-5.7938485, -2.4102829, -6.482155), (-5.3885684, -2.521894, -6.782319), (-4.9253945, -2.6344285, -7.084966), (-4.3992786, -2.7451978, -7.382866), (-3.8069646, -2.850705, -7.666614), (-3.1481397, -2.94671, -7.9248085), (-2.426622, -3.028477, -8.144711), (-1.6512711, -3.0912335, -8.313486), (-0.8362069, -3.1308134, -8.41993), (0, -3.1443484, -8.456331), (0.8362069, -3.1308134, -8.41993), (1.6512711, -3.0912335, -8.313486), (2.426622, -3.028477, -8.144711), (3.1481397, -2.94671, -7.9248085), (3.8069646, -2.850705, -7.666614), (4.3992786, -2.7451978, -7.382866), (4.9253945, -2.6344285, -7.084966), (5.3885684, -2.521894, -6.782319), (5.7938485, -2.4102829, -6.482155), (6.147141, -2.3015296, -6.1896763), (6.454544, -2.1969304, -5.9083695), (6.721921, -2.097276, -5.640362), (-6.788275, -1.694383, -5.696039), (-6.524558, -1.776609, -5.9724593), (-6.220438, -1.8631781, -6.2634807), (-5.8697476, -1.9534862, -6.567071), (-5.465993, -2.0465033, -6.879769), (-5.002774, -2.1406527, -7.1962724), (-4.474479, -2.2336988, -7.5090675), (-3.8772807, -2.3226867, -7.8082194), (-3.2103882, -2.4039807, -8.081507), (-2.477389, -2.4734683, -8.3151045), (-1.6873115, -2.5269618, -8.494935), (-0.8549441, -2.5607731, -8.6086), (0, -2.5723488, -8.647513), (0.8549441, -2.5607731, -8.6086), (1.6873115, -2.5269618, -8.494935), (2.477389, -2.4734683, -8.3151045), (3.2103882, -2.4039807, -8.081507), (3.8772807, -2.3226867, -7.8082194), (4.474479, -2.2336988, -7.5090675), (5.002774, -2.1406527, -7.1962724), (5.465993, -2.0465033, -6.879769), (5.8697476, -1.9534862, -6.567071), (6.220438, -1.8631781, -6.2634807), (6.524558, -1.776609, -5.9724593), (6.788275, -1.694383, -5.696039), (-6.8412642, -1.280707, -5.7405024), (-6.5806174, -1.3439052, -6.023775), (-6.2792954, -1.4106055, -6.3227453), (-5.930888, -1.4803755, -6.6354747), (-5.528574, -1.5524507, -6.9585366), (-5.0655446, -1.6256341, -7.286566), (-4.5357113, -1.6981999, -7.611827), (-3.9347484, -1.7678345, -7.92395), (-3.261442, -1.8316578, -8.210024), (-2.5191553, -1.8863764, -8.455289), (-1.7170346, -1.9286069, -8.644579), (-0.8704213, -1.9553485, -8.764442), (0, -1.9645127, -8.805519), (0.8704213, -1.9553485, -8.764442), (1.7170346, -1.9286069, -8.644579), (2.5191553, -1.8863764, -8.455289), (3.261442, -1.8316578, -8.210024), (3.9347484, -1.7678345, -7.92395), (4.5357113, -1.6981999, -7.611827), (5.0655446, -1.6256341, -7.286566), (5.528574, -1.5524507, -6.9585366), (5.930888, -1.4803755, -6.6354747), (6.2792954, -1.4106055, -6.3227453), (6.5806174, -1.3439052, -6.023775), (6.8412642, -1.280707, -5.7405024), (-6.8798823, -0.8586243, -5.772907), (-6.6215563, -0.9015105, -6.0612493), (-6.3223743, -0.9468553, -6.3661227), (-5.9757485, -0.99438184, -6.685664), (-5.5746145, -1.043586, -7.0164857), (-5.111856, -1.0936642, -7.353183), (-4.5810204, -1.1434426, -7.687865), (-3.9773974, -1.1913308, -8.009838), (-3.299437, -1.2353308, -8.30567), (-2.5503156, -1.2731398, -8.5598755), (-1.7392536, -1.3023758, -8.756442), (-0.8820057, -1.3209147, -8.881088), (0, -1.3272725, -8.923834), (0.8820057, -1.3209147, -8.881088), (1.7392536, -1.3023758, -8.756442), (2.5503156, -1.2731398, -8.5598755), (3.299437, -1.2353308, -8.30567), (3.9773974, -1.1913308, -8.009838), (4.5810204, -1.1434426, -7.687865), (5.111856, -1.0936642, -7.353183), (5.5746145, -1.043586, -7.0164857), (5.9757485, -0.99438184, -6.685664), (6.3223743, -0.9468553, -6.3661227), (6.6215563, -0.9015105, -6.0612493), (6.8798823, -0.8586243, -5.772907), (-6.90337, -0.4307778, -5.792615), (-6.646489, -0.45245254, -6.0840726), (-6.3486514, -0.47539532, -6.3925815), (-6.003158, -0.49947146, -6.71633), (-5.602797, -0.524431, -7.0519576), (-5.14026, -0.54987055, -7.3940406), (-4.608866, -0.5751965, -7.734596), (-4.003662, -0.5995989, -8.062732), (-3.3228817, -0.6220543, -8.364686), (-2.5695763, -0.64137745, -8.624522), (-1.7530063, -0.656337, -8.825682), (-0.8891823, -0.6658314, -8.953351), (0, -0.6690889, -8.997154), (0.8891823, -0.6658314, -8.953351), (1.7530063, -0.656337, -8.825682), (2.5695763, -0.64137745, -8.624522), (3.3228817, -0.6220543, -8.364686), (4.003662, -0.5995989, -8.062732), (4.608866, -0.5751965, -7.734596), (5.14026, -0.54987055, -7.3940406), (5.602797, -0.524431, -7.0519576), (6.003158, -0.49947146, -6.71633), (6.3486514, -0.47539532, -6.3925815), (6.646489, -0.45245254, -6.0840726), (6.90337, -0.4307778, -5.792615), (-6.9112525, 0, -5.799229), (-6.654863, 0, -6.0917377), (-6.3574834, 0, -6.4014745), (-6.0123787, 0, -6.7266464), (-5.6122866, 0, -7.063902), (-5.149834, 0, -7.407812), (-4.618262, 0, -7.7503633), (-4.0125337, 0, -8.080597), (-3.3308082, 0, -8.38464), (-2.5760942, 0, -8.646399), (-1.7576636, 0, -8.84913), (-0.8916138, 0, -8.977834), (0, 0, -9.021999), (0.8916138, 0, -8.977834), (1.7576636, 0, -8.84913), (2.5760942, 0, -8.646399), (3.3308082, 0, -8.38464), (4.0125337, 0, -8.080597), (4.618262, 0, -7.7503633), (5.149834, 0, -7.407812), (5.6122866, 0, -7.063902), (6.0123787, 0, -6.7266464), (6.3574834, 0, -6.4014745), (6.654863, 0, -6.0917377), (6.9112525, 0, -5.799229), (-6.90337, 0.4307778, -5.792615), (-6.646489, 0.45245254, -6.0840726), (-6.3486514, 0.47539532, -6.3925815), (-6.003158, 0.49947146, -6.71633), (-5.602797, 0.524431, -7.0519576), (-5.14026, 0.54987055, -7.3940406), (-4.608866, 0.5751965, -7.734596), (-4.003662, 0.5995989, -8.062732), (-3.3228817, 0.6220543, -8.364686), (-2.5695763, 0.64137745, -8.624522), (-1.7530063, 0.656337, -8.825682), (-0.8891823, 0.6658314, -8.953351), (0, 0.6690889, -8.997154), (0.8891823, 0.6658314, -8.953351), (1.7530063, 0.656337, -8.825682), (2.5695763, 0.64137745, -8.624522), (3.3228817, 0.6220543, -8.364686), (4.003662, 0.5995989, -8.062732), (4.608866, 0.5751965, -7.734596), (5.14026, 0.54987055, -7.3940406), (5.602797, 0.524431, -7.0519576), (6.003158, 0.49947146, -6.71633), (6.3486514, 0.47539532, -6.3925815), (6.646489, 0.45245254, -6.0840726), (6.90337, 0.4307778, -5.792615), (-6.8798823, 0.8586243, -5.772907), (-6.6215563, 0.9015105, -6.0612493), (-6.3223743, 0.9468553, -6.3661227), (-5.9757485, 0.99438184, -6.685664), (-5.5746145, 1.043586, -7.0164857), (-5.111856, 1.0936642, -7.353183), (-4.5810204, 1.1434426, -7.687865), (-3.9773974, 1.1913308, -8.009838), (-3.299437, 1.2353308, -8.30567), (-2.5503156, 1.2731398, -8.5598755), (-1.7392536, 1.3023758, -8.756442), (-0.8820057, 1.3209147, -8.881088), (0, 1.3272725, -8.923834), (0.8820057, 1.3209147, -8.881088), (1.7392536, 1.3023758, -8.756442), (2.5503156, 1.2731398, -8.5598755), (3.299437, 1.2353308, -8.30567), (3.9773974, 1.1913308, -8.009838), (4.5810204, 1.1434426, -7.687865), (5.111856, 1.0936642, -7.353183), (5.5746145, 1.043586, -7.0164857), (5.9757485, 0.99438184, -6.685664), (6.3223743, 0.9468553, -6.3661227), (6.6215563, 0.9015105, -6.0612493), (6.8798823, 0.8586243, -5.772907), (-6.8412642, 1.280707, -5.7405024), (-6.5806174, 1.3439052, -6.023775), (-6.2792954, 1.4106055, -6.3227453), (-5.930888, 1.4803755, -6.6354747), (-5.528574, 1.5524507, -6.9585366), (-5.0655446, 1.6256341, -7.286566), (-4.5357113, 1.6981999, -7.611827), (-3.9347484, 1.7678345, -7.92395), (-3.261442, 1.8316578, -8.210024), (-2.5191553, 1.8863764, -8.455289), (-1.7170346, 1.9286069, -8.644579), (-0.8704213, 1.9553485, -8.764442), (0, 1.9645127, -8.805519), (0.8704213, 1.9553485, -8.764442), (1.7170346, 1.9286069, -8.644579), (2.5191553, 1.8863764, -8.455289), (3.261442, 1.8316578, -8.210024), (3.9347484, 1.7678345, -7.92395), (4.5357113, 1.6981999, -7.611827), (5.0655446, 1.6256341, -7.286566), (5.528574, 1.5524507, -6.9585366), (5.930888, 1.4803755, -6.6354747), (6.2792954, 1.4106055, -6.3227453), (6.5806174, 1.3439052, -6.023775), (6.8412642, 1.280707, -5.7405024), (-6.788275, 1.694383, -5.696039), (-6.524558, 1.776609, -5.9724593), (-6.220438, 1.8631781, -6.2634807), (-5.8697476, 1.9534862, -6.567071), (-5.465993, 2.0465033, -6.879769), (-5.002774, 2.1406527, -7.1962724), (-4.474479, 2.2336988, -7.5090675), (-3.8772807, 2.3226867, -7.8082194), (-3.2103882, 2.4039807, -8.081507), (-2.477389, 2.4734683, -8.3151045), (-1.6873115, 2.5269618, -8.494935), (-0.8549441, 2.5607731, -8.6086), (0, 2.5723488, -8.647513), (0.8549441, 2.5607731, -8.6086), (1.6873115, 2.5269618, -8.494935), (2.477389, 2.4734683, -8.3151045), (3.2103882, 2.4039807, -8.081507), (3.8772807, 2.3226867, -7.8082194), (4.474479, 2.2336988, -7.5090675), (5.002774, 2.1406527, -7.1962724), (5.465993, 2.0465033, -6.879769), (5.8697476, 1.9534862, -6.567071), (6.220438, 1.8631781, -6.2634807), (6.524558, 1.776609, -5.9724593), (6.788275, 1.694383, -5.696039), (-6.721921, 2.097276, -5.640362), (-6.454544, 2.1969304, -5.9083695), (-6.147141, 2.3015296, -6.1896763), (-5.7938485, 2.4102829, -6.482155), (-5.3885684, 2.521894, -6.782319), (-4.9253945, 2.6344285, -7.084966), (-4.3992786, 2.7451978, -7.382866), (-3.8069646, 2.850705, -7.666614), (-3.1481397, 2.94671, -7.9248085), (-2.426622, 3.028477, -8.144711), (-1.6512711, 3.0912335, -8.313486), (-0.8362069, 3.1308134, -8.41993), (0, 3.1443484, -8.456331), (0.8362069, 3.1308134, -8.41993), (1.6512711, 3.0912335, -8.313486), (2.426622, 3.028477, -8.144711), (3.1481397, 2.94671, -7.9248085), (3.8069646, 2.850705, -7.666614), (4.3992786, 2.7451978, -7.382866), (4.9253945, 2.6344285, -7.084966), (5.3885684, 2.521894, -6.782319), (5.7938485, 2.4102829, -6.482155), (6.147141, 2.3015296, -6.1896763), (6.454544, 2.1969304, -5.9083695), (6.721921, 2.097276, -5.640362), (-6.643405, 2.4873343, -5.5744786), (-6.371956, 2.602584, -5.83277), (-6.0609784, 2.723124, -6.1029177), (-5.704962, 2.8479667, -6.3827085), (-5.298262, 2.975556, -6.668655), (-4.8355246, 3.1036317, -6.9556913), (-4.312319, 3.2291205, -7.23693), (-3.7260044, 3.3480968, -7.503573), (-3.0767596, 3.4558766, -7.7451234), (-2.3686156, 3.5473006, -7.950018), (-1.6102073, 3.6172328, -8.106746), (-0.81489646, 3.6612308, -8.205352), (0, 3.6762576, -8.239029), (0.81489646, 3.6612308, -8.205352), (1.6102073, 3.6172328, -8.106746), (2.3686156, 3.5473006, -7.950018), (3.0767596, 3.4558766, -7.7451234), (3.7260044, 3.3480968, -7.503573), (4.312319, 3.2291205, -7.23693), (4.8355246, 3.1036317, -6.9556913), (5.298262, 2.975556, -6.668655), (5.704962, 2.8479667, -6.3827085), (6.0609784, 2.723124, -6.1029177), (6.371956, 2.602584, -5.83277), (6.643405, 2.4873343, -5.5744786), (-6.554067, 2.8628664, -5.4995155), (-6.278322, 2.9917297, -5.7470593), (-5.9636755, 3.1259747, -6.0049415), (-5.6050086, 3.264414, -6.270881), (-5.1971726, 3.405247, -6.5414186), (-4.735401, 3.5459301, -6.8116684), (-4.2159076, 3.6830812, -7.075133), (-3.636673, 3.8124635, -7.323674), (-2.998351, 3.929108, -7.547746), (-2.3051467, 4.0276227, -7.736991), (-1.5654135, 4.1027074, -7.8812275), (-0.79169583, 4.149825, -7.9717402), (0, 4.1658955, -8.002611), (0.79169583, 4.149825, -7.9717402), (1.5654135, 4.1027074, -7.8812275), (2.3051467, 4.0276227, -7.736991), (2.998351, 3.929108, -7.547746), (3.636673, 3.8124635, -7.323674), (4.2159076, 3.6830812, -7.075133), (4.735401, 3.5459301, -6.8116684), (5.1971726, 3.405247, -6.5414186), (5.6050086, 3.264414, -6.270881), (5.9636755, 3.1259747, -6.0049415), (6.278322, 2.9917297, -5.7470593), (6.554067, 2.8628664, -5.4995155)]
                        color3f[] primvars:displayColor = [(0.18333334, 0.6166667, 0.56666666)] (
                            interpolation = "constant"
                        )
                        float[] primvars:displayOpacity = [0.3] (
                            interpolation = "constant"
                        )
                        uniform token purpose = "guide"
                        uniform token subdivisionScheme = "none"
                    }

                    def Mesh "Shell_observe" (
                        prepend apiSchemas = ["AecoDerivedGeometryAPI", "MaterialBindingAPI"]
                    )
                    {
                        uniform token aeco:derived:approx = "tessellated"
                        uniform token aeco:derived:role = "coverage"
                        string aeco:derived:source = "5956e453-050d-5e48-b00a-08d5e24c4965"
                        string aeco:derived:stamp = "usdAecoCctv derive 0.5.3"
                        uniform bool doubleSided = 1
                        float3[] extent = [(-13.822505, -8.331791, -18.043999), (13.822505, 8.331791, 0)]
                        int[] faceVertexCounts = [4, 4, 4, 4, 4, 4, 4, 4, 4, 4, 4, 4, 4, 4, 4, 4, 4, 4, 4, 4, 4, 4, 4, 4, 4, 4, 4, 4, 4, 4, 4, 4, 4, 4, 4, 4, 4, 4, 4, 4, 4, 4, 4, 4, 4, 4, 4, 4, 4, 4, 4, 4, 4, 4, 4, 4, 4, 4, 4, 4, 4, 4, 4, 4, 4, 4, 4, 4, 4, 4, 4, 4, 4, 4, 4, 4, 4, 4, 4, 4, 4, 4, 4, 4, 4, 4, 4, 4, 4, 4, 4, 4, 4, 4, 4, 4, 4, 4, 4, 4, 4, 4, 4, 4, 4, 4, 4, 4, 4, 4, 4, 4, 4, 4, 4, 4, 4, 4, 4, 4, 4, 4, 4, 4, 4, 4, 4, 4, 4, 4, 4, 4, 4, 4, 4, 4, 4, 4, 4, 4, 4, 4, 4, 4, 4, 4, 4, 4, 4, 4, 4, 4, 4, 4, 4, 4, 4, 4, 4, 4, 4, 4, 4, 4, 4, 4, 4, 4, 4, 4, 4, 4, 4, 4, 4, 4, 4, 4, 4, 4, 4, 4, 4, 4, 4, 4, 4, 4, 4, 4, 4, 4, 4, 4, 4, 4, 4, 4, 4, 4, 4, 4, 4, 4, 4, 4, 4, 4, 4, 4, 4, 4, 4, 4, 4, 4, 4, 4, 4, 4, 4, 4, 4, 4, 4, 4, 4, 4, 4, 4, 4, 4, 4, 4, 4, 4, 4, 4, 4, 4, 4, 4, 4, 4, 4, 4, 4, 4, 4, 4, 4, 4, 4, 4, 4, 4, 4, 4, 4, 4, 4, 4, 4, 4, 4, 4, 4, 4, 4, 4, 4, 4, 4, 4, 4, 4, 4, 4, 4, 4, 4, 4, 4, 4, 4, 4, 4, 4, 4, 4, 4, 4, 4, 4, 4, 4, 4, 4, 4, 4, 4, 4, 4, 4, 4, 4, 4, 4, 4, 4, 4, 4, 4, 4, 4, 4, 4, 4, 4, 4, 4, 4, 4, 4, 4, 4, 4, 4, 4, 4, 4, 4, 4, 4, 4, 4, 3, 3, 3, 3, 3, 3, 3, 3, 3, 3, 3, 3, 3, 3, 3, 3, 3, 3, 3, 3, 3, 3, 3, 3, 3, 3, 3, 3, 3, 3, 3, 3, 3, 3, 3, 3, 3, 3, 3, 3, 3, 3, 3, 3, 3, 3, 3, 3, 3, 3, 3, 3, 3, 3, 3, 3, 3, 3, 3, 3, 3, 3, 3, 3, 3, 3, 3, 3, 3, 3, 3, 3, 3, 3, 3, 3]
                        int[] faceVertexIndices = [1, 26, 27, 2, 2, 27, 28, 3, 3, 28, 29, 4, 4, 29, 30, 5, 5, 30, 31, 6, 6, 31, 32, 7, 7, 32, 33, 8, 8, 33, 34, 9, 9, 34, 35, 10, 10, 35, 36, 11, 11, 36, 37, 12, 12, 37, 38, 13, 13, 38, 39, 14, 14, 39, 40, 15, 15, 40, 41, 16, 16, 41, 42, 17, 17, 42, 43, 18, 18, 43, 44, 19, 19, 44, 45, 20, 20, 45, 46, 21, 21, 46, 47, 22, 22, 47, 48, 23, 23, 48, 49, 24, 24, 49, 50, 25, 26, 51, 52, 27, 27, 52, 53, 28, 28, 53, 54, 29, 29, 54, 55, 30, 30, 55, 56, 31, 31, 56, 57, 32, 32, 57, 58, 33, 33, 58, 59, 34, 34, 59, 60, 35, 35, 60, 61, 36, 36, 61, 62, 37, 37, 62, 63, 38, 38, 63, 64, 39, 39, 64, 65, 40, 40, 65, 66, 41, 41, 66, 67, 42, 42, 67, 68, 43, 43, 68, 69, 44, 44, 69, 70, 45, 45, 70, 71, 46, 46, 71, 72, 47, 47, 72, 73, 48, 48, 73, 74, 49, 49, 74, 75, 50, 51, 76, 77, 52, 52, 77, 78, 53, 53, 78, 79, 54, 54, 79, 80, 55, 55, 80, 81, 56, 56, 81, 82, 57, 57, 82, 83, 58, 58, 83, 84, 59, 59, 84, 85, 60, 60, 85, 86, 61, 61, 86, 87, 62, 62, 87, 88, 63, 63, 88, 89, 64, 64, 89, 90, 65, 65, 90, 91, 66, 66, 91, 92, 67, 67, 92, 93, 68, 68, 93, 94, 69, 69, 94, 95, 70, 70, 95, 96, 71, 71, 96, 97, 72, 72, 97, 98, 73, 73, 98, 99, 74, 74, 99, 100, 75, 76, 101, 102, 77, 77, 102, 103, 78, 78, 103, 104, 79, 79, 104, 105, 80, 80, 105, 106, 81, 81, 106, 107, 82, 82, 107, 108, 83, 83, 108, 109, 84, 84, 109, 110, 85, 85, 110, 111, 86, 86, 111, 112, 87, 87, 112, 113, 88, 88, 113, 114, 89, 89, 114, 115, 90, 90, 115, 116, 91, 91, 116, 117, 92, 92, 117, 118, 93, 93, 118, 119, 94, 94, 119, 120, 95, 95, 120, 121, 96, 96, 121, 122, 97, 97, 122, 123, 98, 98, 123, 124, 99, 99, 124, 125, 100, 101, 126, 127, 102, 102, 127, 128, 103, 103, 128, 129, 104, 104, 129, 130, 105, 105, 130, 131, 106, 106, 131, 132, 107, 107, 132, 133, 108, 108, 133, 134, 109, 109, 134, 135, 110, 110, 135, 136, 111, 111, 136, 137, 112, 112, 137, 138, 113, 113, 138, 139, 114, 114, 139, 140, 115, 115, 140, 141, 116, 116, 141, 142, 117, 117, 142, 143, 118, 118, 143, 144, 119, 119, 144, 145, 120, 120, 145, 146, 121, 121, 146, 147, 122, 122, 147, 148, 123, 123, 148, 149, 124, 124, 149, 150, 125, 126, 151, 152, 127, 127, 152, 153, 128, 128, 153, 154, 129, 129, 154, 155, 130, 130, 155, 156, 131, 131, 156, 157, 132, 132, 157, 158, 133, 133, 158, 159, 134, 134, 159, 160, 135, 135, 160, 161, 136, 136, 161, 162, 137, 137, 162, 163, 138, 138, 163, 164, 139, 139, 164, 165, 140, 140, 165, 166, 141, 141, 166, 167, 142, 142, 167, 168, 143, 143, 168, 169, 144, 144, 169, 170, 145, 145, 170, 171, 146, 146, 171, 172, 147, 147, 172, 173, 148, 148, 173, 174, 149, 149, 174, 175, 150, 151, 176, 177, 152, 152, 177, 178, 153, 153, 178, 179, 154, 154, 179, 180, 155, 155, 180, 181, 156, 156, 181, 182, 157, 157, 182, 183, 158, 158, 183, 184, 159, 159, 184, 185, 160, 160, 185, 186, 161, 161, 186, 187, 162, 162, 187, 188, 163, 163, 188, 189, 164, 164, 189, 190, 165, 165, 190, 191, 166, 166, 191, 192, 167, 167, 192, 193, 168, 168, 193, 194, 169, 169, 194, 195, 170, 170, 195, 196, 171, 171, 196, 197, 172, 172, 197, 198, 173, 173, 198, 199, 174, 174, 199, 200, 175, 176, 201, 202, 177, 177, 202, 203, 178, 178, 203, 204, 179, 179, 204, 205, 180, 180, 205, 206, 181, 181, 206, 207, 182, 182, 207, 208, 183, 183, 208, 209, 184, 184, 209, 210, 185, 185, 210, 211, 186, 186, 211, 212, 187, 187, 212, 213, 188, 188, 213, 214, 189, 189, 214, 215, 190, 190, 215, 216, 191, 191, 216, 217, 192, 192, 217, 218, 193, 193, 218, 219, 194, 194, 219, 220, 195, 195, 220, 221, 196, 196, 221, 222, 197, 197, 222, 223, 198, 198, 223, 224, 199, 199, 224, 225, 200, 201, 226, 227, 202, 202, 227, 228, 203, 203, 228, 229, 204, 204, 229, 230, 205, 205, 230, 231, 206, 206, 231, 232, 207, 207, 232, 233, 208, 208, 233, 234, 209, 209, 234, 235, 210, 210, 235, 236, 211, 211, 236, 237, 212, 212, 237, 238, 213, 213, 238, 239, 214, 214, 239, 240, 215, 215, 240, 241, 216, 216, 241, 242, 217, 217, 242, 243, 218, 218, 243, 244, 219, 219, 244, 245, 220, 220, 245, 246, 221, 221, 246, 247, 222, 222, 247, 248, 223, 223, 248, 249, 224, 224, 249, 250, 225, 226, 251, 252, 227, 227, 252, 253, 228, 228, 253, 254, 229, 229, 254, 255, 230, 230, 255, 256, 231, 231, 256, 257, 232, 232, 257, 258, 233, 233, 258, 259, 234, 234, 259, 260, 235, 235, 260, 261, 236, 236, 261, 262, 237, 237, 262, 263, 238, 238, 263, 264, 239, 239, 264, 265, 240, 240, 265, 266, 241, 241, 266, 267, 242, 242, 267, 268, 243, 243, 268, 269, 244, 244, 269, 270, 245, 245, 270, 271, 246, 246, 271, 272, 247, 247, 272, 273, 248, 248, 273, 274, 249, 249, 274, 275, 250, 251, 276, 277, 252, 252, 277, 278, 253, 253, 278, 279, 254, 254, 279, 280, 255, 255, 280, 281, 256, 256, 281, 282, 257, 257, 282, 283, 258, 258, 283, 284, 259, 259, 284, 285, 260, 260, 285, 286, 261, 261, 286, 287, 262, 262, 287, 288, 263, 263, 288, 289, 264, 264, 289, 290, 265, 265, 290, 291, 266, 266, 291, 292, 267, 267, 292, 293, 268, 268, 293, 294, 269, 269, 294, 295, 270, 270, 295, 296, 271, 271, 296, 297, 272, 272, 297, 298, 273, 273, 298, 299, 274, 274, 299, 300, 275, 276, 301, 302, 277, 277, 302, 303, 278, 278, 303, 304, 279, 279, 304, 305, 280, 280, 305, 306, 281, 281, 306, 307, 282, 282, 307, 308, 283, 283, 308, 309, 284, 284, 309, 310, 285, 285, 310, 311, 286, 286, 311, 312, 287, 287, 312, 313, 288, 288, 313, 314, 289, 289, 314, 315, 290, 290, 315, 316, 291, 291, 316, 317, 292, 292, 317, 318, 293, 293, 318, 319, 294, 294, 319, 320, 295, 295, 320, 321, 296, 296, 321, 322, 297, 297, 322, 323, 298, 298, 323, 324, 299, 299, 324, 325, 300, 301, 326, 327, 302, 302, 327, 328, 303, 303, 328, 329, 304, 304, 329, 330, 305, 305, 330, 331, 306, 306, 331, 332, 307, 307, 332, 333, 308, 308, 333, 334, 309, 309, 334, 335, 310, 310, 335, 336, 311, 311, 336, 337, 312, 312, 337, 338, 313, 313, 338, 339, 314, 314, 339, 340, 315, 315, 340, 341, 316, 316, 341, 342, 317, 317, 342, 343, 318, 318, 343, 344, 319, 319, 344, 345, 320, 320, 345, 346, 321, 321, 346, 347, 322, 322, 347, 348, 323, 323, 348, 349, 324, 324, 349, 350, 325, 326, 351, 352, 327, 327, 352, 353, 328, 328, 353, 354, 329, 329, 354, 355, 330, 330, 355, 356, 331, 331, 356, 357, 332, 332, 357, 358, 333, 333, 358, 359, 334, 334, 359, 360, 335, 335, 360, 361, 336, 336, 361, 362, 337, 337, 362, 363, 338, 338, 363, 364, 339, 339, 364, 365, 340, 340, 365, 366, 341, 341, 366, 367, 342, 342, 367, 368, 343, 343, 368, 369, 344, 344, 369, 370, 345, 345, 370, 371, 346, 346, 371, 372, 347, 347, 372, 373, 348, 348, 373, 374, 349, 349, 374, 375, 350, 0, 1, 2, 0, 2, 3, 0, 3, 4, 0, 4, 5, 0, 5, 6, 0, 6, 7, 0, 7, 8, 0, 8, 9, 0, 9, 10, 0, 10, 11, 0, 11, 12, 0, 12, 13, 0, 13, 14, 0, 14, 15, 0, 15, 16, 0, 16, 17, 0, 17, 18, 0, 18, 19, 0, 19, 20, 0, 20, 21, 0, 21, 22, 0, 22, 23, 0, 23, 24, 0, 24, 25, 0, 352, 351, 0, 353, 352, 0, 354, 353, 0, 355, 354, 0, 356, 355, 0, 357, 356, 0, 358, 357, 0, 359, 358, 0, 360, 359, 0, 361, 360, 0, 362, 361, 0, 363, 362, 0, 364, 363, 0, 365, 364, 0, 366, 365, 0, 367, 366, 0, 368, 367, 0, 369, 368, 0, 370, 369, 0, 371, 370, 0, 372, 371, 0, 373, 372, 0, 374, 373, 0, 375, 374, 0, 26, 1, 0, 51, 26, 0, 76, 51, 0, 101, 76, 0, 126, 101, 0, 151, 126, 0, 176, 151, 0, 201, 176, 0, 226, 201, 0, 251, 226, 0, 276, 251, 0, 301, 276, 0, 326, 301, 0, 351, 326, 0, 25, 50, 0, 50, 75, 0, 75, 100, 0, 100, 125, 0, 125, 150, 0, 150, 175, 0, 175, 200, 0, 200, 225, 0, 225, 250, 0, 250, 275, 0, 275, 300, 0, 300, 325, 0, 325, 350, 0, 350, 375]
                        rel material:binding = </AecoCctvLooks/Shell_observe>
                        point3f[] points = [(0, 0, 0), (-13.108134, -5.725733, -10.999031), (-12.556644, -5.9834595, -11.494119), (-11.927351, -6.2519493, -12.009883), (-11.210017, -6.528828, -12.541762), (-10.394345, -6.810494, -13.082837), (-9.470802, -7.0918603, -13.623337), (-8.431815, -7.3661623, -14.150266), (-7.273346, -7.624927, -14.647348), (-5.996702, -7.858216, -15.095492), (-4.6102934, -8.055245, -15.473982), (-3.130827, -8.205415, -15.762455), (-1.5833917, -8.29965, -15.9434805), (0, -8.331791, -16.005222), (1.5833917, -8.29965, -15.9434805), (3.130827, -8.205415, -15.762455), (4.6102934, -8.055245, -15.473982), (5.996702, -7.858216, -15.095492), (7.273346, -7.624927, -14.647348), (8.431815, -7.3661623, -14.150266), (9.470802, -7.0918603, -13.623337), (10.394345, -6.810494, -13.082837), (11.210017, -6.528828, -12.541762), (11.927351, -6.2519493, -12.009883), (12.556644, -5.9834595, -11.494119), (13.108134, -5.725733, -10.999031), (-13.28681, -4.9746685, -11.148957), (-12.743912, -5.205168, -11.66554), (-12.121957, -5.446248, -12.205835), (-11.409924, -5.6959333, -12.765417), (-10.596524, -5.951112, -13.33731), (-9.671049, -6.2072635, -13.911383), (-8.624638, -6.458241, -14.47386), (-7.4520087, -6.6961937, -15.007146), (-6.153519, -6.911753, -15.490247), (-4.7372313, -7.094601, -15.900036), (-3.2204146, -7.2344656, -16.213491), (-1.6297929, -7.3224616, -16.410704), (0, -7.352515, -16.478058), (1.6297929, -7.3224616, -16.410704), (3.2204146, -7.2344656, -16.213491), (4.7372313, -7.094601, -15.900036), (6.153519, -6.911753, -15.490247), (7.4520087, -6.6961937, -15.007146), (8.624638, -6.458241, -14.47386), (9.671049, -6.2072635, -13.911383), (10.596524, -5.951112, -13.33731), (11.409924, -5.6959333, -12.765417), (12.121957, -5.446248, -12.205835), (12.743912, -5.205168, -11.66554), (13.28681, -4.9746685, -11.148957), (-13.443842, -4.194552, -11.280724), (-12.909088, -4.393861, -11.816739), (-12.294282, -4.6030593, -12.379353), (-11.587697, -4.8205657, -12.96431), (-10.777137, -5.043788, -13.564638), (-9.850789, -5.268857, -14.169932), (-8.798557, -5.4903955, -14.765732), (-7.6139293, -5.70141, -15.333228), (-6.2962794, -5.89342, -15.849617), (-4.853244, -6.056954, -16.289421), (-3.3025422, -6.182467, -16.626972), (-1.6724138, -6.2616267, -16.83986), (0, -6.288697, -16.912663), (1.6724138, -6.2616267, -16.83986), (3.3025422, -6.182467, -16.626972), (4.853244, -6.056954, -16.289421), (6.2962794, -5.89342, -15.849617), (7.6139293, -5.70141, -15.333228), (8.798557, -5.4903955, -14.765732), (9.850789, -5.268857, -14.169932), (10.777137, -5.043788, -13.564638), (11.587697, -4.8205657, -12.96431), (12.294282, -4.6030593, -12.379353), (12.909088, -4.393861, -11.816739), (13.443842, -4.194552, -11.280724), (-13.57655, -3.388766, -11.392078), (-13.049116, -3.553218, -11.944919), (-12.440876, -3.7263563, -12.526961), (-11.739495, -3.9069724, -13.134142), (-10.931986, -4.0930066, -13.759538), (-10.005548, -4.2813053, -14.392545), (-8.948958, -4.4673977, -15.018135), (-7.7545614, -4.6453733, -15.616439), (-6.4207764, -4.8079615, -16.163013), (-4.954778, -4.9469366, -16.630209), (-3.374623, -5.0539236, -16.98987), (-1.7098882, -5.1215463, -17.2172), (0, -5.1446977, -17.295027), (1.7098882, -5.1215463, -17.2172), (3.374623, -5.0539236, -16.98987), (4.954778, -4.9469366, -16.630209), (6.4207764, -4.8079615, -16.163013), (7.7545614, -4.6453733, -15.616439), (8.948958, -4.4673977, -15.018135), (10.005548, -4.2813053, -14.392545), (10.931986, -4.0930066, -13.759538), (11.739495, -3.9069724, -13.134142), (12.440876, -3.7263563, -12.526961), (13.049116, -3.553218, -11.944919), (13.57655, -3.388766, -11.392078), (-13.6825285, -2.561414, -11.481005), (-13.161235, -2.6878104, -12.04755), (-12.558591, -2.821211, -12.645491), (-11.861776, -2.960751, -13.270949), (-11.057148, -3.1049013, -13.917073), (-10.131089, -3.2512681, -14.573132), (-9.071423, -3.3963997, -15.223654), (-7.869497, -3.535669, -15.8479), (-6.522884, -3.6633155, -16.420048), (-5.0383105, -3.7727528, -16.910578), (-3.4340692, -3.8572137, -17.289158), (-1.7408426, -3.910697, -17.528885), (0, -3.9290254, -17.611038), (1.7408426, -3.910697, -17.528885), (3.4340692, -3.8572137, -17.289158), (5.0383105, -3.7727528, -16.910578), (6.522884, -3.6633155, -16.420048), (7.869497, -3.535669, -15.8479), (9.071423, -3.3963997, -15.223654), (10.131089, -3.2512681, -14.573132), (11.057148, -3.1049013, -13.917073), (11.861776, -2.960751, -13.270949), (12.558591, -2.821211, -12.645491), (13.161235, -2.6878104, -12.04755), (13.6825285, -2.561414, -11.481005), (-13.759765, -1.7172486, -11.545814), (-13.243113, -1.803021, -12.1224985), (-12.644749, -1.8937106, -12.732245), (-11.951497, -1.9887637, -13.371328), (-11.149229, -2.087172, -14.032971), (-10.223712, -2.1873283, -14.706366), (-9.162041, -2.2868853, -15.37573), (-7.954795, -2.3826616, -16.019676), (-6.598874, -2.4706616, -16.61134), (-5.100631, -2.5462797, -17.119751), (-3.4785073, -2.6047516, -17.512884), (-1.7640114, -2.6418295, -17.762177), (0, -2.654545, -17.847668), (1.7640114, -2.6418295, -17.762177), (3.4785073, -2.6047516, -17.512884), (5.100631, -2.5462797, -17.119751), (6.598874, -2.4706616, -16.61134), (7.954795, -2.3826616, -16.019676), (9.162041, -2.2868853, -15.37573), (10.223712, -2.1873283, -14.706366), (11.149229, -2.087172, -14.032971), (11.951497, -1.9887637, -13.371328), (12.644749, -1.8937106, -12.732245), (13.243113, -1.803021, -12.1224985), (13.759765, -1.7172486, -11.545814), (-13.80674, -0.8615556, -11.58523), (-13.292978, -0.9049051, -12.168145), (-12.697303, -0.95079064, -12.785163), (-12.006316, -0.9989429, -13.43266), (-11.205594, -1.048862, -14.103915), (-10.28052, -1.0997411, -14.788081), (-9.217732, -1.150393, -15.469192), (-8.007324, -1.1991978, -16.125463), (-6.6457634, -1.2441086, -16.729372), (-5.1391525, -1.2827549, -17.249044), (-3.5060127, -1.312674, -17.651363), (-1.7783647, -1.3316628, -17.906702), (0, -1.3381778, -17.994308), (1.7783647, -1.3316628, -17.906702), (3.5060127, -1.312674, -17.651363), (5.1391525, -1.2827549, -17.249044), (6.6457634, -1.2441086, -16.729372), (8.007324, -1.1991978, -16.125463), (9.217732, -1.150393, -15.469192), (10.28052, -1.0997411, -14.788081), (11.205594, -1.048862, -14.103915), (12.006316, -0.9989429, -13.43266), (12.697303, -0.95079064, -12.785163), (13.292978, -0.9049051, -12.168145), (13.80674, -0.8615556, -11.58523), (-13.822505, 0, -11.598458), (-13.309726, 0, -12.1834755), (-12.714967, 0, -12.802949), (-12.024757, 0, -13.453293), (-11.224573, 0, -14.127804), (-10.299668, 0, -14.815624), (-9.236524, 0, -15.500727), (-8.025067, 0, -16.161194), (-6.6616163, 0, -16.76928), (-5.1521883, 0, -17.292797), (-3.5153272, 0, -17.69826), (-1.7832276, 0, -17.955667), (0, 0, -18.043999), (1.7832276, 0, -17.955667), (3.5153272, 0, -17.69826), (5.1521883, 0, -17.292797), (6.6616163, 0, -16.76928), (8.025067, 0, -16.161194), (9.236524, 0, -15.500727), (10.299668, 0, -14.815624), (11.224573, 0, -14.127804), (12.024757, 0, -13.453293), (12.714967, 0, -12.802949), (13.309726, 0, -12.1834755), (13.822505, 0, -11.598458), (-13.80674, 0.8615556, -11.58523), (-13.292978, 0.9049051, -12.168145), (-12.697303, 0.95079064, -12.785163), (-12.006316, 0.9989429, -13.43266), (-11.205594, 1.048862, -14.103915), (-10.28052, 1.0997411, -14.788081), (-9.217732, 1.150393, -15.469192), (-8.007324, 1.1991978, -16.125463), (-6.6457634, 1.2441086, -16.729372), (-5.1391525, 1.2827549, -17.249044), (-3.5060127, 1.312674, -17.651363), (-1.7783647, 1.3316628, -17.906702), (0, 1.3381778, -17.994308), (1.7783647, 1.3316628, -17.906702), (3.5060127, 1.312674, -17.651363), (5.1391525, 1.2827549, -17.249044), (6.6457634, 1.2441086, -16.729372), (8.007324, 1.1991978, -16.125463), (9.217732, 1.150393, -15.469192), (10.28052, 1.0997411, -14.788081), (11.205594, 1.048862, -14.103915), (12.006316, 0.9989429, -13.43266), (12.697303, 0.95079064, -12.785163), (13.292978, 0.9049051, -12.168145), (13.80674, 0.8615556, -11.58523), (-13.759765, 1.7172486, -11.545814), (-13.243113, 1.803021, -12.1224985), (-12.644749, 1.8937106, -12.732245), (-11.951497, 1.9887637, -13.371328), (-11.149229, 2.087172, -14.032971), (-10.223712, 2.1873283, -14.706366), (-9.162041, 2.2868853, -15.37573), (-7.954795, 2.3826616, -16.019676), (-6.598874, 2.4706616, -16.61134), (-5.100631, 2.5462797, -17.119751), (-3.4785073, 2.6047516, -17.512884), (-1.7640114, 2.6418295, -17.762177), (0, 2.654545, -17.847668), (1.7640114, 2.6418295, -17.762177), (3.4785073, 2.6047516, -17.512884), (5.100631, 2.5462797, -17.119751), (6.598874, 2.4706616, -16.61134), (7.954795, 2.3826616, -16.019676), (9.162041, 2.2868853, -15.37573), (10.223712, 2.1873283, -14.706366), (11.149229, 2.087172, -14.032971), (11.951497, 1.9887637, -13.371328), (12.644749, 1.8937106, -12.732245), (13.243113, 1.803021, -12.1224985), (13.759765, 1.7172486, -11.545814), (-13.6825285, 2.561414, -11.481005), (-13.161235, 2.6878104, -12.04755), (-12.558591, 2.821211, -12.645491), (-11.861776, 2.960751, -13.270949), (-11.057148, 3.1049013, -13.917073), (-10.131089, 3.2512681, -14.573132), (-9.071423, 3.3963997, -15.223654), (-7.869497, 3.535669, -15.8479), (-6.522884, 3.6633155, -16.420048), (-5.0383105, 3.7727528, -16.910578), (-3.4340692, 3.8572137, -17.289158), (-1.7408426, 3.910697, -17.528885), (0, 3.9290254, -17.611038), (1.7408426, 3.910697, -17.528885), (3.4340692, 3.8572137, -17.289158), (5.0383105, 3.7727528, -16.910578), (6.522884, 3.6633155, -16.420048), (7.869497, 3.535669, -15.8479), (9.071423, 3.3963997, -15.223654), (10.131089, 3.2512681, -14.573132), (11.057148, 3.1049013, -13.917073), (11.861776, 2.960751, -13.270949), (12.558591, 2.821211, -12.645491), (13.161235, 2.6878104, -12.04755), (13.6825285, 2.561414, -11.481005), (-13.57655, 3.388766, -11.392078), (-13.049116, 3.553218, -11.944919), (-12.440876, 3.7263563, -12.526961), (-11.739495, 3.9069724, -13.134142), (-10.931986, 4.0930066, -13.759538), (-10.005548, 4.2813053, -14.392545), (-8.948958, 4.4673977, -15.018135), (-7.7545614, 4.6453733, -15.616439), (-6.4207764, 4.8079615, -16.163013), (-4.954778, 4.9469366, -16.630209), (-3.374623, 5.0539236, -16.98987), (-1.7098882, 5.1215463, -17.2172), (0, 5.1446977, -17.295027), (1.7098882, 5.1215463, -17.2172), (3.374623, 5.0539236, -16.98987), (4.954778, 4.9469366, -16.630209), (6.4207764, 4.8079615, -16.163013), (7.7545614, 4.6453733, -15.616439), (8.948958, 4.4673977, -15.018135), (10.005548, 4.2813053, -14.392545), (10.931986, 4.0930066, -13.759538), (11.739495, 3.9069724, -13.134142), (12.440876, 3.7263563, -12.526961), (13.049116, 3.553218, -11.944919), (13.57655, 3.388766, -11.392078), (-13.443842, 4.194552, -11.280724), (-12.909088, 4.393861, -11.816739), (-12.294282, 4.6030593, -12.379353), (-11.587697, 4.8205657, -12.96431), (-10.777137, 5.043788, -13.564638), (-9.850789, 5.268857, -14.169932), (-8.798557, 5.4903955, -14.765732), (-7.6139293, 5.70141, -15.333228), (-6.2962794, 5.89342, -15.849617), (-4.853244, 6.056954, -16.289421), (-3.3025422, 6.182467, -16.626972), (-1.6724138, 6.2616267, -16.83986), (0, 6.288697, -16.912663), (1.6724138, 6.2616267, -16.83986), (3.3025422, 6.182467, -16.626972), (4.853244, 6.056954, -16.289421), (6.2962794, 5.89342, -15.849617), (7.6139293, 5.70141, -15.333228), (8.798557, 5.4903955, -14.765732), (9.850789, 5.268857, -14.169932), (10.777137, 5.043788, -13.564638), (11.587697, 4.8205657, -12.96431), (12.294282, 4.6030593, -12.379353), (12.909088, 4.393861, -11.816739), (13.443842, 4.194552, -11.280724), (-13.28681, 4.9746685, -11.148957), (-12.743912, 5.205168, -11.66554), (-12.121957, 5.446248, -12.205835), (-11.409924, 5.6959333, -12.765417), (-10.596524, 5.951112, -13.33731), (-9.671049, 6.2072635, -13.911383), (-8.624638, 6.458241, -14.47386), (-7.4520087, 6.6961937, -15.007146), (-6.153519, 6.911753, -15.490247), (-4.7372313, 7.094601, -15.900036), (-3.2204146, 7.2344656, -16.213491), (-1.6297929, 7.3224616, -16.410704), (0, 7.352515, -16.478058), (1.6297929, 7.3224616, -16.410704), (3.2204146, 7.2344656, -16.213491), (4.7372313, 7.094601, -15.900036), (6.153519, 6.911753, -15.490247), (7.4520087, 6.6961937, -15.007146), (8.624638, 6.458241, -14.47386), (9.671049, 6.2072635, -13.911383), (10.596524, 5.951112, -13.33731), (11.409924, 5.6959333, -12.765417), (12.121957, 5.446248, -12.205835), (12.743912, 5.205168, -11.66554), (13.28681, 4.9746685, -11.148957), (-13.108134, 5.725733, -10.999031), (-12.556644, 5.9834595, -11.494119), (-11.927351, 6.2519493, -12.009883), (-11.210017, 6.528828, -12.541762), (-10.394345, 6.810494, -13.082837), (-9.470802, 7.0918603, -13.623337), (-8.431815, 7.3661623, -14.150266), (-7.273346, 7.624927, -14.647348), (-5.996702, 7.858216, -15.095492), (-4.6102934, 8.055245, -15.473982), (-3.130827, 8.205415, -15.762455), (-1.5833917, 8.29965, -15.9434805), (0, 8.331791, -16.005222), (1.5833917, 8.29965, -15.9434805), (3.130827, 8.205415, -15.762455), (4.6102934, 8.055245, -15.473982), (5.996702, 7.858216, -15.095492), (7.273346, 7.624927, -14.647348), (8.431815, 7.3661623, -14.150266), (9.470802, 7.0918603, -13.623337), (10.394345, 6.810494, -13.082837), (11.210017, 6.528828, -12.541762), (11.927351, 6.2519493, -12.009883), (12.556644, 5.9834595, -11.494119), (13.108134, 5.725733, -10.999031)]
                        color3f[] primvars:displayColor = [(0.36666667, 0.73333335, 0.68333334)] (
                            interpolation = "constant"
                        )
                        float[] primvars:displayOpacity = [0.3] (
                            interpolation = "constant"
                        )
                        uniform token purpose = "guide"
                        uniform token subdivisionScheme = "none"
                    }
                }
            }

            over "sec_cam_yard_b"
            {
                double aeco:cctv:mountHeight = 2

                over "Sensor_0"
                {
                    double aeco:cctvSensor:effectiveWidth = 7.791329723163196
                    double aeco:cctvSensor:hfov = 60.8
                    double aeco:cctvSensor:targetRange = 13.090243080945235
                    double aeco:cctvSensor:vfov = 36.5
                    float2 clippingRange = (0.05, 20)
                    float focalLength = 6.64
                    float horizontalAperture = 7.79133
                    float verticalAperture = 4.3790874
                    matrix4d xformOp:transform = ( (0.7633862853691146, -0.6459422414661738, 0, 0), (0.29653990367663563, 0.3504562497996603, 0.8883943395271099, 0), (-0.5738514309800025, -0.6781880547945484, 0.4590811447840024, 0), (0, 0, 0, 1) )
                    matrix4d xformOp:transform.timeSamples = {
                        0: ( (0.7633862853691146, -0.6459422414661738, 0, 0), (0.29653990367663563, 0.3504562497996603, 0.8883943395271099, 0), (-0.5738514309800025, -0.6781880547945484, 0.4590811447840024, 0), (0, 0, 0, 1) ),
                        84: ( (0.7633862853691146, -0.6459422414661738, 0, 0), (0.29653990367663563, 0.3504562497996603, 0.8883943395271099, 0), (-0.5738514309800025, -0.6781880547945484, 0.4590811447840024, 0), (0, 0, 0, 1) ),
                        96: ( (0.7633862853691146, -0.6459422414661738, 0, 0), (0.35933090732641676, 0.4246637995675835, 0.8309885416639615, 0), (-0.5367706012351263, -0.6343652560051493, 0.5562895321891314, 0), (0, 0, 0, 1) ),
                        180: ( (0.7633862853691146, -0.6459422414661738, 0, 0), (0.35933090732641676, 0.4246637995675835, 0.8309885416639615, 0), (-0.5367706012351263, -0.6343652560051493, 0.5562895321891314, 0), (0, 0, 0, 1) ),
                        192: ( (0.7633862853691146, -0.6459422414661738, 0, 0), (0.29653990367663563, 0.3504562497996603, 0.8883943395271099, 0), (-0.5738514309800025, -0.6781880547945484, 0.4590811447840024, 0), (0, 0, 0, 1) ),
                    }
                    uniform token[] xformOpOrder = ["xformOp:transform"]

                    def Mesh "Sector" (
                        prepend apiSchemas = ["AecoDerivedGeometryAPI", "MaterialBindingAPI"]
                    )
                    {
                        uniform token aeco:derived:approx = "tessellated"
                        uniform token aeco:derived:role = "sector"
                        string aeco:derived:source = "23cf46a8-bc82-5782-b3d2-89c31f41bf14"
                        string aeco:derived:stamp = "usdAecoCctv derive 0.5.3"
                        uniform bool doubleSided = 1
                        float3[] extent = [(-10.120675, -6.263276, -20), (10.120675, 6.263276, 0)]
                        int[] faceVertexCounts = [4, 4, 4, 4, 4, 4, 4, 4, 4, 4, 4, 4, 4, 4, 4, 4, 4, 4, 4, 4, 4, 4, 4, 4, 4, 4, 4, 4, 4, 4, 4, 4, 4, 4, 4, 4, 4, 4, 4, 4, 4, 4, 4, 4, 4, 4, 4, 4, 4, 4, 4, 4, 4, 4, 4, 4, 4, 4, 4, 4, 4, 4, 4, 4, 4, 4, 4, 4, 4, 4, 4, 4, 4, 4, 4, 4, 4, 4, 4, 4, 4, 4, 4, 4, 4, 4, 4, 4, 4, 4, 4, 4, 4, 4, 4, 4, 4, 4, 4, 4, 4, 4, 4, 4, 4, 4, 4, 4, 4, 4, 4, 4, 4, 4, 4, 4, 4, 4, 4, 4, 4, 4, 4, 4, 4, 4, 4, 4, 4, 4, 4, 4, 4, 4, 4, 4, 4, 4, 4, 4, 4, 4, 4, 4, 4, 4, 4, 4, 4, 4, 4, 4, 4, 4, 4, 4, 4, 4, 4, 4, 4, 4, 4, 4, 4, 4, 4, 4, 4, 4, 4, 4, 4, 4, 4, 4, 4, 4, 4, 4, 4, 4, 4, 4, 4, 4, 4, 4, 4, 4, 4, 4, 4, 4, 4, 4, 4, 4, 4, 4, 4, 4, 4, 4, 4, 4, 4, 4, 4, 4, 4, 4, 4, 4, 4, 4, 4, 4, 4, 4, 4, 4, 4, 4, 4, 4, 4, 4, 4, 4, 4, 4, 4, 4, 4, 4, 4, 4, 4, 4, 4, 4, 4, 4, 4, 4, 4, 4, 4, 4, 4, 4, 4, 4, 4, 4, 4, 4, 4, 4, 4, 4, 4, 4, 4, 4, 4, 4, 4, 4, 4, 4, 4, 4, 4, 4, 4, 4, 4, 4, 4, 4, 4, 4, 4, 4, 4, 4, 4, 4, 4, 4, 4, 4, 4, 4, 4, 4, 4, 4, 4, 4, 4, 4, 4, 4, 4, 4, 4, 4, 4, 4, 4, 4, 4, 4, 4, 4, 4, 4, 4, 4, 4, 4, 4, 4, 4, 4, 4, 4, 4, 4, 4, 4, 4, 4, 3, 3, 3, 3, 3, 3, 3, 3, 3, 3, 3, 3, 3, 3, 3, 3, 3, 3, 3, 3, 3, 3, 3, 3, 3, 3, 3, 3, 3, 3, 3, 3, 3, 3, 3, 3, 3, 3, 3, 3, 3, 3, 3, 3, 3, 3, 3, 3, 3, 3, 3, 3, 3, 3, 3, 3, 3, 3, 3, 3, 3, 3, 3, 3, 3, 3, 3, 3, 3, 3, 3, 3, 3, 3, 3, 3]
                        int[] faceVertexIndices = [1, 26, 27, 2, 2, 27, 28, 3, 3, 28, 29, 4, 4, 29, 30, 5, 5, 30, 31, 6, 6, 31, 32, 7, 7, 32, 33, 8, 8, 33, 34, 9, 9, 34, 35, 10, 10, 35, 36, 11, 11, 36, 37, 12, 12, 37, 38, 13, 13, 38, 39, 14, 14, 39, 40, 15, 15, 40, 41, 16, 16, 41, 42, 17, 17, 42, 43, 18, 18, 43, 44, 19, 19, 44, 45, 20, 20, 45, 46, 21, 21, 46, 47, 22, 22, 47, 48, 23, 23, 48, 49, 24, 24, 49, 50, 25, 26, 51, 52, 27, 27, 52, 53, 28, 28, 53, 54, 29, 29, 54, 55, 30, 30, 55, 56, 31, 31, 56, 57, 32, 32, 57, 58, 33, 33, 58, 59, 34, 34, 59, 60, 35, 35, 60, 61, 36, 36, 61, 62, 37, 37, 62, 63, 38, 38, 63, 64, 39, 39, 64, 65, 40, 40, 65, 66, 41, 41, 66, 67, 42, 42, 67, 68, 43, 43, 68, 69, 44, 44, 69, 70, 45, 45, 70, 71, 46, 46, 71, 72, 47, 47, 72, 73, 48, 48, 73, 74, 49, 49, 74, 75, 50, 51, 76, 77, 52, 52, 77, 78, 53, 53, 78, 79, 54, 54, 79, 80, 55, 55, 80, 81, 56, 56, 81, 82, 57, 57, 82, 83, 58, 58, 83, 84, 59, 59, 84, 85, 60, 60, 85, 86, 61, 61, 86, 87, 62, 62, 87, 88, 63, 63, 88, 89, 64, 64, 89, 90, 65, 65, 90, 91, 66, 66, 91, 92, 67, 67, 92, 93, 68, 68, 93, 94, 69, 69, 94, 95, 70, 70, 95, 96, 71, 71, 96, 97, 72, 72, 97, 98, 73, 73, 98, 99, 74, 74, 99, 100, 75, 76, 101, 102, 77, 77, 102, 103, 78, 78, 103, 104, 79, 79, 104, 105, 80, 80, 105, 106, 81, 81, 106, 107, 82, 82, 107, 108, 83, 83, 108, 109, 84, 84, 109, 110, 85, 85, 110, 111, 86, 86, 111, 112, 87, 87, 112, 113, 88, 88, 113, 114, 89, 89, 114, 115, 90, 90, 115, 116, 91, 91, 116, 117, 92, 92, 117, 118, 93, 93, 118, 119, 94, 94, 119, 120, 95, 95, 120, 121, 96, 96, 121, 122, 97, 97, 122, 123, 98, 98, 123, 124, 99, 99, 124, 125, 100, 101, 126, 127, 102, 102, 127, 128, 103, 103, 128, 129, 104, 104, 129, 130, 105, 105, 130, 131, 106, 106, 131, 132, 107, 107, 132, 133, 108, 108, 133, 134, 109, 109, 134, 135, 110, 110, 135, 136, 111, 111, 136, 137, 112, 112, 137, 138, 113, 113, 138, 139, 114, 114, 139, 140, 115, 115, 140, 141, 116, 116, 141, 142, 117, 117, 142, 143, 118, 118, 143, 144, 119, 119, 144, 145, 120, 120, 145, 146, 121, 121, 146, 147, 122, 122, 147, 148, 123, 123, 148, 149, 124, 124, 149, 150, 125, 126, 151, 152, 127, 127, 152, 153, 128, 128, 153, 154, 129, 129, 154, 155, 130, 130, 155, 156, 131, 131, 156, 157, 132, 132, 157, 158, 133, 133, 158, 159, 134, 134, 159, 160, 135, 135, 160, 161, 136, 136, 161, 162, 137, 137, 162, 163, 138, 138, 163, 164, 139, 139, 164, 165, 140, 140, 165, 166, 141, 141, 166, 167, 142, 142, 167, 168, 143, 143, 168, 169, 144, 144, 169, 170, 145, 145, 170, 171, 146, 146, 171, 172, 147, 147, 172, 173, 148, 148, 173, 174, 149, 149, 174, 175, 150, 151, 176, 177, 152, 152, 177, 178, 153, 153, 178, 179, 154, 154, 179, 180, 155, 155, 180, 181, 156, 156, 181, 182, 157, 157, 182, 183, 158, 158, 183, 184, 159, 159, 184, 185, 160, 160, 185, 186, 161, 161, 186, 187, 162, 162, 187, 188, 163, 163, 188, 189, 164, 164, 189, 190, 165, 165, 190, 191, 166, 166, 191, 192, 167, 167, 192, 193, 168, 168, 193, 194, 169, 169, 194, 195, 170, 170, 195, 196, 171, 171, 196, 197, 172, 172, 197, 198, 173, 173, 198, 199, 174, 174, 199, 200, 175, 176, 201, 202, 177, 177, 202, 203, 178, 178, 203, 204, 179, 179, 204, 205, 180, 180, 205, 206, 181, 181, 206, 207, 182, 182, 207, 208, 183, 183, 208, 209, 184, 184, 209, 210, 185, 185, 210, 211, 186, 186, 211, 212, 187, 187, 212, 213, 188, 188, 213, 214, 189, 189, 214, 215, 190, 190, 215, 216, 191, 191, 216, 217, 192, 192, 217, 218, 193, 193, 218, 219, 194, 194, 219, 220, 195, 195, 220, 221, 196, 196, 221, 222, 197, 197, 222, 223, 198, 198, 223, 224, 199, 199, 224, 225, 200, 201, 226, 227, 202, 202, 227, 228, 203, 203, 228, 229, 204, 204, 229, 230, 205, 205, 230, 231, 206, 206, 231, 232, 207, 207, 232, 233, 208, 208, 233, 234, 209, 209, 234, 235, 210, 210, 235, 236, 211, 211, 236, 237, 212, 212, 237, 238, 213, 213, 238, 239, 214, 214, 239, 240, 215, 215, 240, 241, 216, 216, 241, 242, 217, 217, 242, 243, 218, 218, 243, 244, 219, 219, 244, 245, 220, 220, 245, 246, 221, 221, 246, 247, 222, 222, 247, 248, 223, 223, 248, 249, 224, 224, 249, 250, 225, 226, 251, 252, 227, 227, 252, 253, 228, 228, 253, 254, 229, 229, 254, 255, 230, 230, 255, 256, 231, 231, 256, 257, 232, 232, 257, 258, 233, 233, 258, 259, 234, 234, 259, 260, 235, 235, 260, 261, 236, 236, 261, 262, 237, 237, 262, 263, 238, 238, 263, 264, 239, 239, 264, 265, 240, 240, 265, 266, 241, 241, 266, 267, 242, 242, 267, 268, 243, 243, 268, 269, 244, 244, 269, 270, 245, 245, 270, 271, 246, 246, 271, 272, 247, 247, 272, 273, 248, 248, 273, 274, 249, 249, 274, 275, 250, 251, 276, 277, 252, 252, 277, 278, 253, 253, 278, 279, 254, 254, 279, 280, 255, 255, 280, 281, 256, 256, 281, 282, 257, 257, 282, 283, 258, 258, 283, 284, 259, 259, 284, 285, 260, 260, 285, 286, 261, 261, 286, 287, 262, 262, 287, 288, 263, 263, 288, 289, 264, 264, 289, 290, 265, 265, 290, 291, 266, 266, 291, 292, 267, 267, 292, 293, 268, 268, 293, 294, 269, 269, 294, 295, 270, 270, 295, 296, 271, 271, 296, 297, 272, 272, 297, 298, 273, 273, 298, 299, 274, 274, 299, 300, 275, 276, 301, 302, 277, 277, 302, 303, 278, 278, 303, 304, 279, 279, 304, 305, 280, 280, 305, 306, 281, 281, 306, 307, 282, 282, 307, 308, 283, 283, 308, 309, 284, 284, 309, 310, 285, 285, 310, 311, 286, 286, 311, 312, 287, 287, 312, 313, 288, 288, 313, 314, 289, 289, 314, 315, 290, 290, 315, 316, 291, 291, 316, 317, 292, 292, 317, 318, 293, 293, 318, 319, 294, 294, 319, 320, 295, 295, 320, 321, 296, 296, 321, 322, 297, 297, 322, 323, 298, 298, 323, 324, 299, 299, 324, 325, 300, 301, 326, 327, 302, 302, 327, 328, 303, 303, 328, 329, 304, 304, 329, 330, 305, 305, 330, 331, 306, 306, 331, 332, 307, 307, 332, 333, 308, 308, 333, 334, 309, 309, 334, 335, 310, 310, 335, 336, 311, 311, 336, 337, 312, 312, 337, 338, 313, 313, 338, 339, 314, 314, 339, 340, 315, 315, 340, 341, 316, 316, 341, 342, 317, 317, 342, 343, 318, 318, 343, 344, 319, 319, 344, 345, 320, 320, 345, 346, 321, 321, 346, 347, 322, 322, 347, 348, 323, 323, 348, 349, 324, 324, 349, 350, 325, 326, 351, 352, 327, 327, 352, 353, 328, 328, 353, 354, 329, 329, 354, 355, 330, 330, 355, 356, 331, 331, 356, 357, 332, 332, 357, 358, 333, 333, 358, 359, 334, 334, 359, 360, 335, 335, 360, 361, 336, 336, 361, 362, 337, 337, 362, 363, 338, 338, 363, 364, 339, 339, 364, 365, 340, 340, 365, 366, 341, 341, 366, 367, 342, 342, 367, 368, 343, 343, 368, 369, 344, 344, 369, 370, 345, 345, 370, 371, 346, 346, 371, 372, 347, 347, 372, 373, 348, 348, 373, 374, 349, 349, 374, 375, 350, 0, 1, 2, 0, 2, 3, 0, 3, 4, 0, 4, 5, 0, 5, 6, 0, 6, 7, 0, 7, 8, 0, 8, 9, 0, 9, 10, 0, 10, 11, 0, 11, 12, 0, 12, 13, 0, 13, 14, 0, 14, 15, 0, 15, 16, 0, 16, 17, 0, 17, 18, 0, 18, 19, 0, 19, 20, 0, 20, 21, 0, 21, 22, 0, 22, 23, 0, 23, 24, 0, 24, 25, 0, 352, 351, 0, 353, 352, 0, 354, 353, 0, 355, 354, 0, 356, 355, 0, 357, 356, 0, 358, 357, 0, 359, 358, 0, 360, 359, 0, 361, 360, 0, 362, 361, 0, 363, 362, 0, 364, 363, 0, 365, 364, 0, 366, 365, 0, 367, 366, 0, 368, 367, 0, 369, 368, 0, 370, 369, 0, 371, 370, 0, 372, 371, 0, 373, 372, 0, 374, 373, 0, 375, 374, 0, 26, 1, 0, 51, 26, 0, 76, 51, 0, 101, 76, 0, 126, 101, 0, 151, 126, 0, 176, 151, 0, 201, 176, 0, 226, 201, 0, 251, 226, 0, 276, 251, 0, 301, 276, 0, 326, 301, 0, 351, 326, 0, 25, 50, 0, 50, 75, 0, 75, 100, 0, 100, 125, 0, 125, 150, 0, 150, 175, 0, 175, 200, 0, 200, 225, 0, 225, 250, 0, 250, 275, 0, 275, 300, 0, 300, 325, 0, 325, 350, 0, 350, 375]
                        rel material:binding = </AecoCctvLooks/Sector>
                        point3f[] points = [(0, 0, 0), (-9.734608, -5.471299, -16.592236), (-9.097164, -5.5778475, -16.915354), (-8.422752, -5.680771, -17.22748), (-7.711521, -5.778975, -17.525293), (-6.9641953, -5.8712993, -17.805275), (-6.182146, -5.956546, -18.063793), (-5.3674498, -6.0335093, -18.297192), (-4.52292, -6.101016, -18.501913), (-3.652112, -6.157967, -18.674622), (-2.7592847, -6.2033815, -18.812347), (-1.849327, -6.236443, -18.91261), (-0.9276425, -6.2565355, -18.973541), (0, -6.263276, -18.993982), (0.9276425, -6.2565355, -18.973541), (1.849327, -6.236443, -18.91261), (2.7592847, -6.2033815, -18.812347), (3.652112, -6.157967, -18.674622), (4.52292, -6.101016, -18.501913), (5.3674498, -6.0335093, -18.297192), (6.182146, -5.956546, -18.063793), (6.9641953, -5.8712993, -17.805275), (7.711521, -5.778975, -17.525293), (8.422752, -5.680771, -17.22748), (9.097164, -5.5778475, -16.915354), (9.734608, -5.471299, -16.592236), (-9.83271, -4.7369466, -16.759449), (-9.192506, -4.8311186, -17.092634), (-8.514367, -4.9221954, -17.414865), (-7.7983747, -5.0091968, -17.722677), (-7.0452023, -5.0910807, -18.012384), (-6.2561975, -5.166767, -18.280167), (-5.4334455, -5.235167, -18.522167), (-4.5798073, -5.2952156, -18.734621), (-3.6989248, -5.345914, -18.913994), (-2.795187, -5.3863688, -19.057123), (-1.8736517, -5.415834, -19.161371), (-0.9399244, -5.433747, -19.224749), (0, -5.4397573, -19.246014), (0.9399244, -5.433747, -19.224749), (1.8736517, -5.415834, -19.161371), (2.795187, -5.3863688, -19.057123), (3.6989248, -5.345914, -18.913994), (4.5798073, -5.2952156, -18.734621), (5.4334455, -5.235167, -18.522167), (6.2561975, -5.166767, -18.280167), (7.0452023, -5.0910807, -18.012384), (7.7983747, -5.0091968, -17.722677), (8.514367, -4.9221954, -17.414865), (9.192506, -4.8311186, -17.092634), (9.83271, -4.7369466, -16.759449), (-9.918079, -3.9817276, -16.904957), (-9.275565, -4.0623083, -17.247074), (-8.594268, -4.140322, -17.57829), (-7.8742046, -4.2149205, -17.895008), (-7.1160007, -4.285201, -18.193394), (-6.3209796, -4.3502235, -18.469456), (-5.4912314, -4.409037, -18.719154), (-4.629657, -4.46071, -18.938541), (-3.7399738, -4.5043674, -19.123892), (-2.826686, -4.539223, -19.27188), (-1.8950015, -4.5646214, -19.379711), (-0.9507068, -4.5800667, -19.445286), (0, -4.5852504, -19.467293), (0.9507068, -4.5800667, -19.445286), (1.8950015, -4.5646214, -19.379711), (2.826686, -4.539223, -19.27188), (3.7399738, -4.5043674, -19.123892), (4.629657, -4.46071, -18.938541), (5.4912314, -4.409037, -18.719154), (6.3209796, -4.3502235, -18.469456), (7.1160007, -4.285201, -18.193394), (7.8742046, -4.2149205, -17.895008), (8.594268, -4.140322, -17.57829), (9.275565, -4.0623083, -17.247074), (9.918079, -3.9817276, -16.904957), (-9.989605, -3.208354, -17.026869), (-9.345222, -3.2742527, -17.376596), (-8.661342, -3.338108, -17.715479), (-7.93792, -3.3992212, -18.03981), (-7.1755414, -3.456845, -18.345621), (-6.3755064, -3.5102, -18.628778), (-5.5399075, -3.558496, -18.885088), (-4.671676, -3.6009572, -19.11043), (-3.7745953, -3.636852, -19.300926), (-2.8532653, -3.6655245, -19.453093), (-1.9130231, -3.6864252, -19.564013), (-0.95981026, -3.6991384, -19.631483), (0, -3.7034056, -19.654129), (0.95981026, -3.6991384, -19.631483), (1.9130231, -3.6864252, -19.564013), (2.8532653, -3.6655245, -19.453093), (3.7745953, -3.636852, -19.300926), (4.671676, -3.6009572, -19.11043), (5.5399075, -3.558496, -18.885088), (6.3755064, -3.5102, -18.628778), (7.1755414, -3.456845, -18.345621), (7.93792, -3.3992212, -18.03981), (8.661342, -3.338108, -17.715479), (9.345222, -3.2742527, -17.376596), (9.989605, -3.208354, -17.026869), (-10.046318, -2.4199264, -17.123535), (-9.400499, -2.4702148, -17.479378), (-8.714609, -2.518978, -17.82443), (-7.98856, -2.5656798, -18.154894), (-7.2228985, -2.6097445, -18.4667), (-6.4189057, -2.650571, -18.755589), (-5.578675, -2.6875482, -19.017242), (-4.705161, -2.7200754, -19.247406), (-3.8021982, -2.7475855, -19.44207), (-2.8744648, -2.7695692, -19.597626), (-1.927401, -2.7855985, -19.711052), (-0.96707433, -2.795351, -19.78006), (0, -2.7986245, -19.803225), (0.96707433, -2.795351, -19.78006), (1.927401, -2.7855985, -19.711052), (2.8744648, -2.7695692, -19.597626), (3.8021982, -2.7475855, -19.44207), (4.705161, -2.7200754, -19.247406), (5.578675, -2.6875482, -19.017242), (6.4189057, -2.650571, -18.755589), (7.2228985, -2.6097445, -18.4667), (7.98856, -2.5656798, -18.154894), (8.714609, -2.518978, -17.82443), (9.400499, -2.4702148, -17.479378), (10.046318, -2.4199264, -17.123535), (-10.087424, -1.6198853, -17.1936), (-9.440589, -1.6538328, -17.55392), (-8.753265, -1.6867678, -17.903496), (-8.025331, -1.7183263, -18.23846), (-7.257305, -1.7481174, -18.554665), (-6.4504538, -1.7757322, -18.847769), (-5.606869, -1.800754, -19.113354), (-4.729524, -1.8227733, -19.347069), (-3.8222895, -1.8414028, -19.544804), (-2.8898997, -1.8562939, -19.70286), (-1.9378716, -1.8671544, -19.818132), (-0.9723652, -1.8737628, -19.888275), (0, -1.8759813, -19.911823), (0.9723652, -1.8737628, -19.888275), (1.9378716, -1.8671544, -19.818132), (2.8898997, -1.8562939, -19.70286), (3.8222895, -1.8414028, -19.544804), (4.729524, -1.8227733, -19.347069), (5.606869, -1.800754, -19.113354), (6.4504538, -1.7757322, -18.847769), (7.257305, -1.7481174, -18.554665), (8.025331, -1.7183263, -18.23846), (8.753265, -1.6867678, -17.903496), (9.440589, -1.6538328, -17.55392), (10.087424, -1.6198853, -17.1936), (-10.112331, -0.8119425, -17.236052), (-9.46489, -0.829045, -17.599106), (-8.776708, -0.84564257, -17.951443), (-8.047638, -0.86155134, -18.289156), (-7.2781863, -0.8765736, -18.608053), (-6.4696074, -0.8905024, -18.903734), (-5.6239924, -0.9031267, -19.171726), (-4.744325, -0.91423887, -19.407616), (-3.834498, -0.92364216, -19.607231), (-2.8992808, -0.9311599, -19.766819), (-1.9442365, -0.9366435, -19.883224), (-0.97558165, -0.9399805, -19.954063), (0, -0.9411008, -19.977846), (0.97558165, -0.9399805, -19.954063), (1.9442365, -0.9366435, -19.883224), (2.8992808, -0.9311599, -19.766819), (3.834498, -0.92364216, -19.607231), (4.744325, -0.91423887, -19.407616), (5.6239924, -0.9031267, -19.171726), (6.4696074, -0.8905024, -18.903734), (7.2781863, -0.8765736, -18.608053), (8.047638, -0.86155134, -18.289156), (8.776708, -0.84564257, -17.951443), (9.46489, -0.829045, -17.599106), (10.112331, -0.8119425, -17.236052), (-10.120675, 0, -17.250273), (-9.473032, 0, -17.614246), (-8.784563, 0, -17.96751), (-8.055116, 0, -18.30615), (-7.2851872, 0, -18.625952), (-6.47603, 0, -18.9225), (-5.629735, 0, -19.191301), (-4.74929, 0, -19.427925), (-3.8385937, 0, -19.628174), (-2.9024284, 0, -19.788277), (-1.9463722, 0, -19.905066), (-0.9766609, 0, -19.97614), (0, 0, -20), (0.9766609, 0, -19.97614), (1.9463722, 0, -19.905066), (2.9024284, 0, -19.788277), (3.8385937, 0, -19.628174), (4.74929, 0, -19.427925), (5.629735, 0, -19.191301), (6.47603, 0, -18.9225), (7.2851872, 0, -18.625952), (8.055116, 0, -18.30615), (8.784563, 0, -17.96751), (9.473032, 0, -17.614246), (10.120675, 0, -17.250273), (-10.112331, 0.8119425, -17.236052), (-9.46489, 0.829045, -17.599106), (-8.776708, 0.84564257, -17.951443), (-8.047638, 0.86155134, -18.289156), (-7.2781863, 0.8765736, -18.608053), (-6.4696074, 0.8905024, -18.903734), (-5.6239924, 0.9031267, -19.171726), (-4.744325, 0.91423887, -19.407616), (-3.834498, 0.92364216, -19.607231), (-2.8992808, 0.9311599, -19.766819), (-1.9442365, 0.9366435, -19.883224), (-0.97558165, 0.9399805, -19.954063), (0, 0.9411008, -19.977846), (0.97558165, 0.9399805, -19.954063), (1.9442365, 0.9366435, -19.883224), (2.8992808, 0.9311599, -19.766819), (3.834498, 0.92364216, -19.607231), (4.744325, 0.91423887, -19.407616), (5.6239924, 0.9031267, -19.171726), (6.4696074, 0.8905024, -18.903734), (7.2781863, 0.8765736, -18.608053), (8.047638, 0.86155134, -18.289156), (8.776708, 0.84564257, -17.951443), (9.46489, 0.829045, -17.599106), (10.112331, 0.8119425, -17.236052), (-10.087424, 1.6198853, -17.1936), (-9.440589, 1.6538328, -17.55392), (-8.753265, 1.6867678, -17.903496), (-8.025331, 1.7183263, -18.23846), (-7.257305, 1.7481174, -18.554665), (-6.4504538, 1.7757322, -18.847769), (-5.606869, 1.800754, -19.113354), (-4.729524, 1.8227733, -19.347069), (-3.8222895, 1.8414028, -19.544804), (-2.8898997, 1.8562939, -19.70286), (-1.9378716, 1.8671544, -19.818132), (-0.9723652, 1.8737628, -19.888275), (0, 1.8759813, -19.911823), (0.9723652, 1.8737628, -19.888275), (1.9378716, 1.8671544, -19.818132), (2.8898997, 1.8562939, -19.70286), (3.8222895, 1.8414028, -19.544804), (4.729524, 1.8227733, -19.347069), (5.606869, 1.800754, -19.113354), (6.4504538, 1.7757322, -18.847769), (7.257305, 1.7481174, -18.554665), (8.025331, 1.7183263, -18.23846), (8.753265, 1.6867678, -17.903496), (9.440589, 1.6538328, -17.55392), (10.087424, 1.6198853, -17.1936), (-10.046318, 2.4199264, -17.123535), (-9.400499, 2.4702148, -17.479378), (-8.714609, 2.518978, -17.82443), (-7.98856, 2.5656798, -18.154894), (-7.2228985, 2.6097445, -18.4667), (-6.4189057, 2.650571, -18.755589), (-5.578675, 2.6875482, -19.017242), (-4.705161, 2.7200754, -19.247406), (-3.8021982, 2.7475855, -19.44207), (-2.8744648, 2.7695692, -19.597626), (-1.927401, 2.7855985, -19.711052), (-0.96707433, 2.795351, -19.78006), (0, 2.7986245, -19.803225), (0.96707433, 2.795351, -19.78006), (1.927401, 2.7855985, -19.711052), (2.8744648, 2.7695692, -19.597626), (3.8021982, 2.7475855, -19.44207), (4.705161, 2.7200754, -19.247406), (5.578675, 2.6875482, -19.017242), (6.4189057, 2.650571, -18.755589), (7.2228985, 2.6097445, -18.4667), (7.98856, 2.5656798, -18.154894), (8.714609, 2.518978, -17.82443), (9.400499, 2.4702148, -17.479378), (10.046318, 2.4199264, -17.123535), (-9.989605, 3.208354, -17.026869), (-9.345222, 3.2742527, -17.376596), (-8.661342, 3.338108, -17.715479), (-7.93792, 3.3992212, -18.03981), (-7.1755414, 3.456845, -18.345621), (-6.3755064, 3.5102, -18.628778), (-5.5399075, 3.558496, -18.885088), (-4.671676, 3.6009572, -19.11043), (-3.7745953, 3.636852, -19.300926), (-2.8532653, 3.6655245, -19.453093), (-1.9130231, 3.6864252, -19.564013), (-0.95981026, 3.6991384, -19.631483), (0, 3.7034056, -19.654129), (0.95981026, 3.6991384, -19.631483), (1.9130231, 3.6864252, -19.564013), (2.8532653, 3.6655245, -19.453093), (3.7745953, 3.636852, -19.300926), (4.671676, 3.6009572, -19.11043), (5.5399075, 3.558496, -18.885088), (6.3755064, 3.5102, -18.628778), (7.1755414, 3.456845, -18.345621), (7.93792, 3.3992212, -18.03981), (8.661342, 3.338108, -17.715479), (9.345222, 3.2742527, -17.376596), (9.989605, 3.208354, -17.026869), (-9.918079, 3.9817276, -16.904957), (-9.275565, 4.0623083, -17.247074), (-8.594268, 4.140322, -17.57829), (-7.8742046, 4.2149205, -17.895008), (-7.1160007, 4.285201, -18.193394), (-6.3209796, 4.3502235, -18.469456), (-5.4912314, 4.409037, -18.719154), (-4.629657, 4.46071, -18.938541), (-3.7399738, 4.5043674, -19.123892), (-2.826686, 4.539223, -19.27188), (-1.8950015, 4.5646214, -19.379711), (-0.9507068, 4.5800667, -19.445286), (0, 4.5852504, -19.467293), (0.9507068, 4.5800667, -19.445286), (1.8950015, 4.5646214, -19.379711), (2.826686, 4.539223, -19.27188), (3.7399738, 4.5043674, -19.123892), (4.629657, 4.46071, -18.938541), (5.4912314, 4.409037, -18.719154), (6.3209796, 4.3502235, -18.469456), (7.1160007, 4.285201, -18.193394), (7.8742046, 4.2149205, -17.895008), (8.594268, 4.140322, -17.57829), (9.275565, 4.0623083, -17.247074), (9.918079, 3.9817276, -16.904957), (-9.83271, 4.7369466, -16.759449), (-9.192506, 4.8311186, -17.092634), (-8.514367, 4.9221954, -17.414865), (-7.7983747, 5.0091968, -17.722677), (-7.0452023, 5.0910807, -18.012384), (-6.2561975, 5.166767, -18.280167), (-5.4334455, 5.235167, -18.522167), (-4.5798073, 5.2952156, -18.734621), (-3.6989248, 5.345914, -18.913994), (-2.795187, 5.3863688, -19.057123), (-1.8736517, 5.415834, -19.161371), (-0.9399244, 5.433747, -19.224749), (0, 5.4397573, -19.246014), (0.9399244, 5.433747, -19.224749), (1.8736517, 5.415834, -19.161371), (2.795187, 5.3863688, -19.057123), (3.6989248, 5.345914, -18.913994), (4.5798073, 5.2952156, -18.734621), (5.4334455, 5.235167, -18.522167), (6.2561975, 5.166767, -18.280167), (7.0452023, 5.0910807, -18.012384), (7.7983747, 5.0091968, -17.722677), (8.514367, 4.9221954, -17.414865), (9.192506, 4.8311186, -17.092634), (9.83271, 4.7369466, -16.759449), (-9.734608, 5.471299, -16.592236), (-9.097164, 5.5778475, -16.915354), (-8.422752, 5.680771, -17.22748), (-7.711521, 5.778975, -17.525293), (-6.9641953, 5.8712993, -17.805275), (-6.182146, 5.956546, -18.063793), (-5.3674498, 6.0335093, -18.297192), (-4.52292, 6.101016, -18.501913), (-3.652112, 6.157967, -18.674622), (-2.7592847, 6.2033815, -18.812347), (-1.849327, 6.236443, -18.91261), (-0.9276425, 6.2565355, -18.973541), (0, 6.263276, -18.993982), (0.9276425, 6.2565355, -18.973541), (1.849327, 6.236443, -18.91261), (2.7592847, 6.2033815, -18.812347), (3.652112, 6.157967, -18.674622), (4.52292, 6.101016, -18.501913), (5.3674498, 6.0335093, -18.297192), (6.182146, 5.956546, -18.063793), (6.9641953, 5.8712993, -17.805275), (7.711521, 5.778975, -17.525293), (8.422752, 5.680771, -17.22748), (9.097164, 5.5778475, -16.915354), (9.734608, 5.471299, -16.592236)]
                        color3f[] primvars:displayColor = [(0, 0.85, 0.95)] (
                            interpolation = "constant"
                        )
                        float[] primvars:displayOpacity = [0.3] (
                            interpolation = "constant"
                        )
                        uniform token purpose = "guide"
                        uniform token subdivisionScheme = "none"
                    }

                    def Mesh "Shell_identify" (
                        prepend apiSchemas = ["AecoDerivedGeometryAPI", "MaterialBindingAPI"]
                    )
                    {
                        uniform token aeco:derived:approx = "tessellated"
                        uniform token aeco:derived:role = "coverage"
                        string aeco:derived:source = "23cf46a8-bc82-5782-b3d2-89c31f41bf14"
                        string aeco:derived:stamp = "usdAecoCctv derive 0.5.3"
                        uniform bool doubleSided = 1
                        float3[] extent = [(-6.624105, -4.0993905, -13.090243), (6.624105, 4.0993905, 0)]
                        int[] faceVertexCounts = [4, 4, 4, 4, 4, 4, 4, 4, 4, 4, 4, 4, 4, 4, 4, 4, 4, 4, 4, 4, 4, 4, 4, 4, 4, 4, 4, 4, 4, 4, 4, 4, 4, 4, 4, 4, 4, 4, 4, 4, 4, 4, 4, 4, 4, 4, 4, 4, 4, 4, 4, 4, 4, 4, 4, 4, 4, 4, 4, 4, 4, 4, 4, 4, 4, 4, 4, 4, 4, 4, 4, 4, 4, 4, 4, 4, 4, 4, 4, 4, 4, 4, 4, 4, 4, 4, 4, 4, 4, 4, 4, 4, 4, 4, 4, 4, 4, 4, 4, 4, 4, 4, 4, 4, 4, 4, 4, 4, 4, 4, 4, 4, 4, 4, 4, 4, 4, 4, 4, 4, 4, 4, 4, 4, 4, 4, 4, 4, 4, 4, 4, 4, 4, 4, 4, 4, 4, 4, 4, 4, 4, 4, 4, 4, 4, 4, 4, 4, 4, 4, 4, 4, 4, 4, 4, 4, 4, 4, 4, 4, 4, 4, 4, 4, 4, 4, 4, 4, 4, 4, 4, 4, 4, 4, 4, 4, 4, 4, 4, 4, 4, 4, 4, 4, 4, 4, 4, 4, 4, 4, 4, 4, 4, 4, 4, 4, 4, 4, 4, 4, 4, 4, 4, 4, 4, 4, 4, 4, 4, 4, 4, 4, 4, 4, 4, 4, 4, 4, 4, 4, 4, 4, 4, 4, 4, 4, 4, 4, 4, 4, 4, 4, 4, 4, 4, 4, 4, 4, 4, 4, 4, 4, 4, 4, 4, 4, 4, 4, 4, 4, 4, 4, 4, 4, 4, 4, 4, 4, 4, 4, 4, 4, 4, 4, 4, 4, 4, 4, 4, 4, 4, 4, 4, 4, 4, 4, 4, 4, 4, 4, 4, 4, 4, 4, 4, 4, 4, 4, 4, 4, 4, 4, 4, 4, 4, 4, 4, 4, 4, 4, 4, 4, 4, 4, 4, 4, 4, 4, 4, 4, 4, 4, 4, 4, 4, 4, 4, 4, 4, 4, 4, 4, 4, 4, 4, 4, 4, 4, 4, 4, 4, 4, 4, 4, 4, 4, 3, 3, 3, 3, 3, 3, 3, 3, 3, 3, 3, 3, 3, 3, 3, 3, 3, 3, 3, 3, 3, 3, 3, 3, 3, 3, 3, 3, 3, 3, 3, 3, 3, 3, 3, 3, 3, 3, 3, 3, 3, 3, 3, 3, 3, 3, 3, 3, 3, 3, 3, 3, 3, 3, 3, 3, 3, 3, 3, 3, 3, 3, 3, 3, 3, 3, 3, 3, 3, 3, 3, 3, 3, 3, 3, 3]
                        int[] faceVertexIndices = [1, 26, 27, 2, 2, 27, 28, 3, 3, 28, 29, 4, 4, 29, 30, 5, 5, 30, 31, 6, 6, 31, 32, 7, 7, 32, 33, 8, 8, 33, 34, 9, 9, 34, 35, 10, 10, 35, 36, 11, 11, 36, 37, 12, 12, 37, 38, 13, 13, 38, 39, 14, 14, 39, 40, 15, 15, 40, 41, 16, 16, 41, 42, 17, 17, 42, 43, 18, 18, 43, 44, 19, 19, 44, 45, 20, 20, 45, 46, 21, 21, 46, 47, 22, 22, 47, 48, 23, 23, 48, 49, 24, 24, 49, 50, 25, 26, 51, 52, 27, 27, 52, 53, 28, 28, 53, 54, 29, 29, 54, 55, 30, 30, 55, 56, 31, 31, 56, 57, 32, 32, 57, 58, 33, 33, 58, 59, 34, 34, 59, 60, 35, 35, 60, 61, 36, 36, 61, 62, 37, 37, 62, 63, 38, 38, 63, 64, 39, 39, 64, 65, 40, 40, 65, 66, 41, 41, 66, 67, 42, 42, 67, 68, 43, 43, 68, 69, 44, 44, 69, 70, 45, 45, 70, 71, 46, 46, 71, 72, 47, 47, 72, 73, 48, 48, 73, 74, 49, 49, 74, 75, 50, 51, 76, 77, 52, 52, 77, 78, 53, 53, 78, 79, 54, 54, 79, 80, 55, 55, 80, 81, 56, 56, 81, 82, 57, 57, 82, 83, 58, 58, 83, 84, 59, 59, 84, 85, 60, 60, 85, 86, 61, 61, 86, 87, 62, 62, 87, 88, 63, 63, 88, 89, 64, 64, 89, 90, 65, 65, 90, 91, 66, 66, 91, 92, 67, 67, 92, 93, 68, 68, 93, 94, 69, 69, 94, 95, 70, 70, 95, 96, 71, 71, 96, 97, 72, 72, 97, 98, 73, 73, 98, 99, 74, 74, 99, 100, 75, 76, 101, 102, 77, 77, 102, 103, 78, 78, 103, 104, 79, 79, 104, 105, 80, 80, 105, 106, 81, 81, 106, 107, 82, 82, 107, 108, 83, 83, 108, 109, 84, 84, 109, 110, 85, 85, 110, 111, 86, 86, 111, 112, 87, 87, 112, 113, 88, 88, 113, 114, 89, 89, 114, 115, 90, 90, 115, 116, 91, 91, 116, 117, 92, 92, 117, 118, 93, 93, 118, 119, 94, 94, 119, 120, 95, 95, 120, 121, 96, 96, 121, 122, 97, 97, 122, 123, 98, 98, 123, 124, 99, 99, 124, 125, 100, 101, 126, 127, 102, 102, 127, 128, 103, 103, 128, 129, 104, 104, 129, 130, 105, 105, 130, 131, 106, 106, 131, 132, 107, 107, 132, 133, 108, 108, 133, 134, 109, 109, 134, 135, 110, 110, 135, 136, 111, 111, 136, 137, 112, 112, 137, 138, 113, 113, 138, 139, 114, 114, 139, 140, 115, 115, 140, 141, 116, 116, 141, 142, 117, 117, 142, 143, 118, 118, 143, 144, 119, 119, 144, 145, 120, 120, 145, 146, 121, 121, 146, 147, 122, 122, 147, 148, 123, 123, 148, 149, 124, 124, 149, 150, 125, 126, 151, 152, 127, 127, 152, 153, 128, 128, 153, 154, 129, 129, 154, 155, 130, 130, 155, 156, 131, 131, 156, 157, 132, 132, 157, 158, 133, 133, 158, 159, 134, 134, 159, 160, 135, 135, 160, 161, 136, 136, 161, 162, 137, 137, 162, 163, 138, 138, 163, 164, 139, 139, 164, 165, 140, 140, 165, 166, 141, 141, 166, 167, 142, 142, 167, 168, 143, 143, 168, 169, 144, 144, 169, 170, 145, 145, 170, 171, 146, 146, 171, 172, 147, 147, 172, 173, 148, 148, 173, 174, 149, 149, 174, 175, 150, 151, 176, 177, 152, 152, 177, 178, 153, 153, 178, 179, 154, 154, 179, 180, 155, 155, 180, 181, 156, 156, 181, 182, 157, 157, 182, 183, 158, 158, 183, 184, 159, 159, 184, 185, 160, 160, 185, 186, 161, 161, 186, 187, 162, 162, 187, 188, 163, 163, 188, 189, 164, 164, 189, 190, 165, 165, 190, 191, 166, 166, 191, 192, 167, 167, 192, 193, 168, 168, 193, 194, 169, 169, 194, 195, 170, 170, 195, 196, 171, 171, 196, 197, 172, 172, 197, 198, 173, 173, 198, 199, 174, 174, 199, 200, 175, 176, 201, 202, 177, 177, 202, 203, 178, 178, 203, 204, 179, 179, 204, 205, 180, 180, 205, 206, 181, 181, 206, 207, 182, 182, 207, 208, 183, 183, 208, 209, 184, 184, 209, 210, 185, 185, 210, 211, 186, 186, 211, 212, 187, 187, 212, 213, 188, 188, 213, 214, 189, 189, 214, 215, 190, 190, 215, 216, 191, 191, 216, 217, 192, 192, 217, 218, 193, 193, 218, 219, 194, 194, 219, 220, 195, 195, 220, 221, 196, 196, 221, 222, 197, 197, 222, 223, 198, 198, 223, 224, 199, 199, 224, 225, 200, 201, 226, 227, 202, 202, 227, 228, 203, 203, 228, 229, 204, 204, 229, 230, 205, 205, 230, 231, 206, 206, 231, 232, 207, 207, 232, 233, 208, 208, 233, 234, 209, 209, 234, 235, 210, 210, 235, 236, 211, 211, 236, 237, 212, 212, 237, 238, 213, 213, 238, 239, 214, 214, 239, 240, 215, 215, 240, 241, 216, 216, 241, 242, 217, 217, 242, 243, 218, 218, 243, 244, 219, 219, 244, 245, 220, 220, 245, 246, 221, 221, 246, 247, 222, 222, 247, 248, 223, 223, 248, 249, 224, 224, 249, 250, 225, 226, 251, 252, 227, 227, 252, 253, 228, 228, 253, 254, 229, 229, 254, 255, 230, 230, 255, 256, 231, 231, 256, 257, 232, 232, 257, 258, 233, 233, 258, 259, 234, 234, 259, 260, 235, 235, 260, 261, 236, 236, 261, 262, 237, 237, 262, 263, 238, 238, 263, 264, 239, 239, 264, 265, 240, 240, 265, 266, 241, 241, 266, 267, 242, 242, 267, 268, 243, 243, 268, 269, 244, 244, 269, 270, 245, 245, 270, 271, 246, 246, 271, 272, 247, 247, 272, 273, 248, 248, 273, 274, 249, 249, 274, 275, 250, 251, 276, 277, 252, 252, 277, 278, 253, 253, 278, 279, 254, 254, 279, 280, 255, 255, 280, 281, 256, 256, 281, 282, 257, 257, 282, 283, 258, 258, 283, 284, 259, 259, 284, 285, 260, 260, 285, 286, 261, 261, 286, 287, 262, 262, 287, 288, 263, 263, 288, 289, 264, 264, 289, 290, 265, 265, 290, 291, 266, 266, 291, 292, 267, 267, 292, 293, 268, 268, 293, 294, 269, 269, 294, 295, 270, 270, 295, 296, 271, 271, 296, 297, 272, 272, 297, 298, 273, 273, 298, 299, 274, 274, 299, 300, 275, 276, 301, 302, 277, 277, 302, 303, 278, 278, 303, 304, 279, 279, 304, 305, 280, 280, 305, 306, 281, 281, 306, 307, 282, 282, 307, 308, 283, 283, 308, 309, 284, 284, 309, 310, 285, 285, 310, 311, 286, 286, 311, 312, 287, 287, 312, 313, 288, 288, 313, 314, 289, 289, 314, 315, 290, 290, 315, 316, 291, 291, 316, 317, 292, 292, 317, 318, 293, 293, 318, 319, 294, 294, 319, 320, 295, 295, 320, 321, 296, 296, 321, 322, 297, 297, 322, 323, 298, 298, 323, 324, 299, 299, 324, 325, 300, 301, 326, 327, 302, 302, 327, 328, 303, 303, 328, 329, 304, 304, 329, 330, 305, 305, 330, 331, 306, 306, 331, 332, 307, 307, 332, 333, 308, 308, 333, 334, 309, 309, 334, 335, 310, 310, 335, 336, 311, 311, 336, 337, 312, 312, 337, 338, 313, 313, 338, 339, 314, 314, 339, 340, 315, 315, 340, 341, 316, 316, 341, 342, 317, 317, 342, 343, 318, 318, 343, 344, 319, 319, 344, 345, 320, 320, 345, 346, 321, 321, 346, 347, 322, 322, 347, 348, 323, 323, 348, 349, 324, 324, 349, 350, 325, 326, 351, 352, 327, 327, 352, 353, 328, 328, 353, 354, 329, 329, 354, 355, 330, 330, 355, 356, 331, 331, 356, 357, 332, 332, 357, 358, 333, 333, 358, 359, 334, 334, 359, 360, 335, 335, 360, 361, 336, 336, 361, 362, 337, 337, 362, 363, 338, 338, 363, 364, 339, 339, 364, 365, 340, 340, 365, 366, 341, 341, 366, 367, 342, 342, 367, 368, 343, 343, 368, 369, 344, 344, 369, 370, 345, 345, 370, 371, 346, 346, 371, 372, 347, 347, 372, 373, 348, 348, 373, 374, 349, 349, 374, 375, 350, 0, 1, 2, 0, 2, 3, 0, 3, 4, 0, 4, 5, 0, 5, 6, 0, 6, 7, 0, 7, 8, 0, 8, 9, 0, 9, 10, 0, 10, 11, 0, 11, 12, 0, 12, 13, 0, 13, 14, 0, 14, 15, 0, 15, 16, 0, 16, 17, 0, 17, 18, 0, 18, 19, 0, 19, 20, 0, 20, 21, 0, 21, 22, 0, 22, 23, 0, 23, 24, 0, 24, 25, 0, 352, 351, 0, 353, 352, 0, 354, 353, 0, 355, 354, 0, 356, 355, 0, 357, 356, 0, 358, 357, 0, 359, 358, 0, 360, 359, 0, 361, 360, 0, 362, 361, 0, 363, 362, 0, 364, 363, 0, 365, 364, 0, 366, 365, 0, 367, 366, 0, 368, 367, 0, 369, 368, 0, 370, 369, 0, 371, 370, 0, 372, 371, 0, 373, 372, 0, 374, 373, 0, 375, 374, 0, 26, 1, 0, 51, 26, 0, 76, 51, 0, 101, 76, 0, 126, 101, 0, 151, 126, 0, 176, 151, 0, 201, 176, 0, 226, 201, 0, 251, 226, 0, 276, 251, 0, 301, 276, 0, 326, 301, 0, 351, 326, 0, 25, 50, 0, 50, 75, 0, 75, 100, 0, 100, 125, 0, 125, 150, 0, 150, 175, 0, 175, 200, 0, 200, 225, 0, 225, 250, 0, 250, 275, 0, 275, 300, 0, 300, 325, 0, 325, 350, 0, 350, 375]
                        rel material:binding = </AecoCctvLooks/Shell_identify>
                        point3f[] points = [(0, 0, 0), (-6.371419, -3.5810318, -10.85982), (-5.9542046, -3.650769, -11.071305), (-5.5127935, -3.7181337, -11.275596), (-5.047284, -3.7824094, -11.470517), (-4.5581503, -3.8428366, -11.6537695), (-4.04629, -3.8986316, -11.822972), (-3.513061, -3.9490051, -11.975735), (-2.9603062, -3.993189, -12.109727), (-2.3903518, -4.030464, -12.222767), (-1.8059853, -4.060189, -12.31291), (-1.2104069, -4.0818276, -12.378532), (-0.6071533, -4.0949783, -12.418413), (0, -4.0993905, -12.431792), (0.6071533, -4.0949783, -12.418413), (1.2104069, -4.0818276, -12.378532), (1.8059853, -4.060189, -12.31291), (2.3903518, -4.030464, -12.222767), (2.9603062, -3.993189, -12.109727), (3.513061, -3.9490051, -11.975735), (4.04629, -3.8986316, -11.822972), (4.5581503, -3.8428366, -11.6537695), (5.047284, -3.7824094, -11.470517), (5.5127935, -3.7181337, -11.275596), (5.9542046, -3.650769, -11.071305), (6.371419, -3.5810318, -10.85982), (-6.4356284, -3.100389, -10.969263), (-6.016607, -3.162026, -11.187336), (-5.572757, -3.2216368, -11.398241), (-5.104131, -3.27858, -11.599708), (-4.611171, -3.332174, -11.789325), (-4.0947576, -3.381712, -11.964592), (-3.5562563, -3.4264805, -12.122984), (-2.9975395, -3.465783, -12.262037), (-2.4209912, -3.4989657, -12.379438), (-1.8294839, -3.5254438, -12.473119), (-1.2263278, -3.544729, -12.54135), (-0.61519194, -3.5564532, -12.582831), (0, -3.5603874, -12.59675), (0.61519194, -3.5564532, -12.582831), (1.2263278, -3.544729, -12.54135), (1.8294839, -3.5254438, -12.473119), (2.4209912, -3.4989657, -12.379438), (2.9975395, -3.465783, -12.262037), (3.5562563, -3.4264805, -12.122984), (4.0947576, -3.381712, -11.964592), (4.611171, -3.332174, -11.789325), (5.104131, -3.27858, -11.599708), (5.572757, -3.2216368, -11.398241), (6.016607, -3.162026, -11.187336), (6.4356284, -3.100389, -10.969263), (-6.4915032, -2.606089, -11.0645), (-6.07097, -2.6588304, -11.28842), (-5.625053, -2.709891, -11.505204), (-5.153763, -2.7587168, -11.712501), (-4.657509, -2.8047163, -11.907798), (-4.137158, -2.847274, -12.088483), (-3.5940778, -2.8857682, -12.251915), (-3.0301666, -2.919589, -12.395505), (-2.4478583, -2.948163, -12.51682), (-1.8501003, -2.9709768, -12.613679), (-1.2403015, -2.9876003, -12.684257), (-0.6222491, -2.9977095, -12.727176), (0, -3.001102, -12.74158), (0.6222491, -2.9977095, -12.727176), (1.2403015, -2.9876003, -12.684257), (1.8501003, -2.9709768, -12.613679), (2.4478583, -2.948163, -12.51682), (3.0301666, -2.919589, -12.395505), (3.5940778, -2.8857682, -12.251915), (4.137158, -2.847274, -12.088483), (4.657509, -2.8047163, -11.907798), (5.153763, -2.7587168, -11.712501), (5.625053, -2.709891, -11.505204), (6.07097, -2.6588304, -11.28842), (6.4915032, -2.606089, -11.0645), (-6.5383177, -2.0999067, -11.144293), (-6.116562, -2.143038, -11.373193), (-5.6689534, -2.1848323, -11.594996), (-5.195465, -2.2248316, -11.807275), (-4.6964793, -2.262547, -12.007432), (-4.1728463, -2.2974687, -12.192762), (-3.6259367, -2.329079, -12.360519), (-3.057669, -2.3568702, -12.508009), (-2.4705186, -2.3803637, -12.63269), (-1.8674968, -2.3991303, -12.7322855), (-1.2520969, -2.41281, -12.804884), (-0.62820745, -2.4211311, -12.849045), (0, -2.423924, -12.863866), (0.62820745, -2.4211311, -12.849045), (1.2520969, -2.41281, -12.804884), (1.8674968, -2.3991303, -12.7322855), (2.4705186, -2.3803637, -12.63269), (3.057669, -2.3568702, -12.508009), (3.6259367, -2.329079, -12.360519), (4.1728463, -2.2974687, -12.192762), (4.6964793, -2.262547, -12.007432), (5.195465, -2.2248316, -11.807275), (5.6689534, -2.1848323, -11.594996), (6.116562, -2.143038, -11.373193), (6.5383177, -2.0999067, -11.144293), (-6.5754375, -1.5838712, -11.2075615), (-6.152741, -1.6167855, -11.440465), (-5.703818, -1.6487018, -11.6663065), (-5.2286096, -1.6792687, -11.882599), (-4.7274747, -1.7081096, -12.0866785), (-4.201252, -1.734831, -12.275761), (-3.6513104, -1.759033, -12.447016), (-3.079585, -1.7803224, -12.597661), (-2.488585, -1.7983282, -12.725071), (-1.8813721, -1.8127166, -12.826884), (-1.2615073, -1.8232082, -12.901123), (-0.6329619, -1.8295912, -12.94629), (0, -1.8317338, -12.961452), (0.6329619, -1.8295912, -12.94629), (1.2615073, -1.8232082, -12.901123), (1.8813721, -1.8127166, -12.826884), (2.488585, -1.7983282, -12.725071), (3.079585, -1.7803224, -12.597661), (3.6513104, -1.759033, -12.447016), (4.201252, -1.734831, -12.275761), (4.7274747, -1.7081096, -12.0866785), (5.2286096, -1.6792687, -11.882599), (5.703818, -1.6487018, -11.6663065), (6.152741, -1.6167855, -11.440465), (6.5754375, -1.5838712, -11.2075615), (-6.602342, -1.0602347, -11.253419), (-6.17898, -1.0824537, -11.489254), (-5.729119, -1.1040101, -11.718056), (-5.2526765, -1.1246655, -11.937294), (-4.7499943, -1.1441641, -12.144254), (-4.2219005, -1.1622382, -12.336094), (-3.669764, -1.1786153, -12.509923), (-3.0955312, -1.1930273, -12.662892), (-2.5017347, -1.2052205, -12.792312), (-1.8914745, -1.2149669, -12.895761), (-1.2683605, -1.2220752, -12.971209), (-0.63642484, -1.2264005, -13.017118), (0, -1.2278526, -13.03253), (0.63642484, -1.2264005, -13.017118), (1.2683605, -1.2220752, -12.971209), (1.8914745, -1.2149669, -12.895761), (2.5017347, -1.2052205, -12.792312), (3.0955312, -1.1930273, -12.662892), (3.669764, -1.1786153, -12.509923), (4.2219005, -1.1622382, -12.336094), (4.7499943, -1.1441641, -12.144254), (5.2526765, -1.1246655, -11.937294), (5.729119, -1.1040101, -11.718056), (6.17898, -1.0824537, -11.489254), (6.602342, -1.0602347, -11.253419), (-6.618644, -0.53142625, -11.281206), (-6.1948853, -0.54262, -11.518829), (-5.7444615, -0.55348337, -11.749437), (-5.2672772, -0.5638958, -11.970475), (-4.7636614, -0.5737281, -12.179196), (-4.2344365, -0.5828447, -12.372725), (-3.6809714, -0.5911074, -12.548127), (-3.1052184, -0.59838045, -12.70252), (-2.5097256, -0.60453504, -12.833171), (-1.8976146, -0.60945547, -12.937623), (-1.2725264, -0.61304456, -13.013812), (-0.6385301, -0.61522865, -13.060178), (0, -0.6159619, -13.075743), (0.6385301, -0.61522865, -13.060178), (1.2725264, -0.61304456, -13.013812), (1.8976146, -0.60945547, -12.937623), (2.5097256, -0.60453504, -12.833171), (3.1052184, -0.59838045, -12.70252), (3.6809714, -0.5911074, -12.548127), (4.2344365, -0.5828447, -12.372725), (4.7636614, -0.5737281, -12.179196), (5.2672772, -0.5638958, -11.970475), (5.7444615, -0.55348337, -11.749437), (6.1948853, -0.54262, -11.518829), (6.618644, -0.53142625, -11.281206), (-6.624105, 0, -11.290514), (-6.2002144, 0, -11.528738), (-5.7496033, 0, -11.759954), (-5.272171, 0, -11.981597), (-4.7682433, 0, -12.190911), (-4.2386403, 0, -12.385007), (-3.68473, 0, -12.560941), (-3.1084678, 0, -12.715813), (-2.512406, 0, -12.846878), (-1.8996747, 0, -12.951668), (-1.2739242, 0, -13.028108), (-0.63923645, 0, -13.074626), (0, 0, -13.090243), (0.63923645, 0, -13.074626), (1.2739242, 0, -13.028108), (1.8996747, 0, -12.951668), (2.512406, 0, -12.846878), (3.1084678, 0, -12.715813), (3.68473, 0, -12.560941), (4.2386403, 0, -12.385007), (4.7682433, 0, -12.190911), (5.272171, 0, -11.981597), (5.7496033, 0, -11.759954), (6.2002144, 0, -11.528738), (6.624105, 0, -11.290514), (-6.618644, 0.53142625, -11.281206), (-6.1948853, 0.54262, -11.518829), (-5.7444615, 0.55348337, -11.749437), (-5.2672772, 0.5638958, -11.970475), (-4.7636614, 0.5737281, -12.179196), (-4.2344365, 0.5828447, -12.372725), (-3.6809714, 0.5911074, -12.548127), (-3.1052184, 0.59838045, -12.70252), (-2.5097256, 0.60453504, -12.833171), (-1.8976146, 0.60945547, -12.937623), (-1.2725264, 0.61304456, -13.013812), (-0.6385301, 0.61522865, -13.060178), (0, 0.6159619, -13.075743), (0.6385301, 0.61522865, -13.060178), (1.2725264, 0.61304456, -13.013812), (1.8976146, 0.60945547, -12.937623), (2.5097256, 0.60453504, -12.833171), (3.1052184, 0.59838045, -12.70252), (3.6809714, 0.5911074, -12.548127), (4.2344365, 0.5828447, -12.372725), (4.7636614, 0.5737281, -12.179196), (5.2672772, 0.5638958, -11.970475), (5.7444615, 0.55348337, -11.749437), (6.1948853, 0.54262, -11.518829), (6.618644, 0.53142625, -11.281206), (-6.602342, 1.0602347, -11.253419), (-6.17898, 1.0824537, -11.489254), (-5.729119, 1.1040101, -11.718056), (-5.2526765, 1.1246655, -11.937294), (-4.7499943, 1.1441641, -12.144254), (-4.2219005, 1.1622382, -12.336094), (-3.669764, 1.1786153, -12.509923), (-3.0955312, 1.1930273, -12.662892), (-2.5017347, 1.2052205, -12.792312), (-1.8914745, 1.2149669, -12.895761), (-1.2683605, 1.2220752, -12.971209), (-0.63642484, 1.2264005, -13.017118), (0, 1.2278526, -13.03253), (0.63642484, 1.2264005, -13.017118), (1.2683605, 1.2220752, -12.971209), (1.8914745, 1.2149669, -12.895761), (2.5017347, 1.2052205, -12.792312), (3.0955312, 1.1930273, -12.662892), (3.669764, 1.1786153, -12.509923), (4.2219005, 1.1622382, -12.336094), (4.7499943, 1.1441641, -12.144254), (5.2526765, 1.1246655, -11.937294), (5.729119, 1.1040101, -11.718056), (6.17898, 1.0824537, -11.489254), (6.602342, 1.0602347, -11.253419), (-6.5754375, 1.5838712, -11.2075615), (-6.152741, 1.6167855, -11.440465), (-5.703818, 1.6487018, -11.6663065), (-5.2286096, 1.6792687, -11.882599), (-4.7274747, 1.7081096, -12.0866785), (-4.201252, 1.734831, -12.275761), (-3.6513104, 1.759033, -12.447016), (-3.079585, 1.7803224, -12.597661), (-2.488585, 1.7983282, -12.725071), (-1.8813721, 1.8127166, -12.826884), (-1.2615073, 1.8232082, -12.901123), (-0.6329619, 1.8295912, -12.94629), (0, 1.8317338, -12.961452), (0.6329619, 1.8295912, -12.94629), (1.2615073, 1.8232082, -12.901123), (1.8813721, 1.8127166, -12.826884), (2.488585, 1.7983282, -12.725071), (3.079585, 1.7803224, -12.597661), (3.6513104, 1.759033, -12.447016), (4.201252, 1.734831, -12.275761), (4.7274747, 1.7081096, -12.0866785), (5.2286096, 1.6792687, -11.882599), (5.703818, 1.6487018, -11.6663065), (6.152741, 1.6167855, -11.440465), (6.5754375, 1.5838712, -11.2075615), (-6.5383177, 2.0999067, -11.144293), (-6.116562, 2.143038, -11.373193), (-5.6689534, 2.1848323, -11.594996), (-5.195465, 2.2248316, -11.807275), (-4.6964793, 2.262547, -12.007432), (-4.1728463, 2.2974687, -12.192762), (-3.6259367, 2.329079, -12.360519), (-3.057669, 2.3568702, -12.508009), (-2.4705186, 2.3803637, -12.63269), (-1.8674968, 2.3991303, -12.7322855), (-1.2520969, 2.41281, -12.804884), (-0.62820745, 2.4211311, -12.849045), (0, 2.423924, -12.863866), (0.62820745, 2.4211311, -12.849045), (1.2520969, 2.41281, -12.804884), (1.8674968, 2.3991303, -12.7322855), (2.4705186, 2.3803637, -12.63269), (3.057669, 2.3568702, -12.508009), (3.6259367, 2.329079, -12.360519), (4.1728463, 2.2974687, -12.192762), (4.6964793, 2.262547, -12.007432), (5.195465, 2.2248316, -11.807275), (5.6689534, 2.1848323, -11.594996), (6.116562, 2.143038, -11.373193), (6.5383177, 2.0999067, -11.144293), (-6.4915032, 2.606089, -11.0645), (-6.07097, 2.6588304, -11.28842), (-5.625053, 2.709891, -11.505204), (-5.153763, 2.7587168, -11.712501), (-4.657509, 2.8047163, -11.907798), (-4.137158, 2.847274, -12.088483), (-3.5940778, 2.8857682, -12.251915), (-3.0301666, 2.919589, -12.395505), (-2.4478583, 2.948163, -12.51682), (-1.8501003, 2.9709768, -12.613679), (-1.2403015, 2.9876003, -12.684257), (-0.6222491, 2.9977095, -12.727176), (0, 3.001102, -12.74158), (0.6222491, 2.9977095, -12.727176), (1.2403015, 2.9876003, -12.684257), (1.8501003, 2.9709768, -12.613679), (2.4478583, 2.948163, -12.51682), (3.0301666, 2.919589, -12.395505), (3.5940778, 2.8857682, -12.251915), (4.137158, 2.847274, -12.088483), (4.657509, 2.8047163, -11.907798), (5.153763, 2.7587168, -11.712501), (5.625053, 2.709891, -11.505204), (6.07097, 2.6588304, -11.28842), (6.4915032, 2.606089, -11.0645), (-6.4356284, 3.100389, -10.969263), (-6.016607, 3.162026, -11.187336), (-5.572757, 3.2216368, -11.398241), (-5.104131, 3.27858, -11.599708), (-4.611171, 3.332174, -11.789325), (-4.0947576, 3.381712, -11.964592), (-3.5562563, 3.4264805, -12.122984), (-2.9975395, 3.465783, -12.262037), (-2.4209912, 3.4989657, -12.379438), (-1.8294839, 3.5254438, -12.473119), (-1.2263278, 3.544729, -12.54135), (-0.61519194, 3.5564532, -12.582831), (0, 3.5603874, -12.59675), (0.61519194, 3.5564532, -12.582831), (1.2263278, 3.544729, -12.54135), (1.8294839, 3.5254438, -12.473119), (2.4209912, 3.4989657, -12.379438), (2.9975395, 3.465783, -12.262037), (3.5562563, 3.4264805, -12.122984), (4.0947576, 3.381712, -11.964592), (4.611171, 3.332174, -11.789325), (5.104131, 3.27858, -11.599708), (5.572757, 3.2216368, -11.398241), (6.016607, 3.162026, -11.187336), (6.4356284, 3.100389, -10.969263), (-6.371419, 3.5810318, -10.85982), (-5.9542046, 3.650769, -11.071305), (-5.5127935, 3.7181337, -11.275596), (-5.047284, 3.7824094, -11.470517), (-4.5581503, 3.8428366, -11.6537695), (-4.04629, 3.8986316, -11.822972), (-3.513061, 3.9490051, -11.975735), (-2.9603062, 3.993189, -12.109727), (-2.3903518, 4.030464, -12.222767), (-1.8059853, 4.060189, -12.31291), (-1.2104069, 4.0818276, -12.378532), (-0.6071533, 4.0949783, -12.418413), (0, 4.0993905, -12.431792), (0.6071533, 4.0949783, -12.418413), (1.2104069, 4.0818276, -12.378532), (1.8059853, 4.060189, -12.31291), (2.3903518, 4.030464, -12.222767), (2.9603062, 3.993189, -12.109727), (3.513061, 3.9490051, -11.975735), (4.04629, 3.8986316, -11.822972), (4.5581503, 3.8428366, -11.6537695), (5.047284, 3.7824094, -11.470517), (5.5127935, 3.7181337, -11.275596), (5.9542046, 3.650769, -11.071305), (6.371419, 3.5810318, -10.85982)]
                        color3f[] primvars:displayColor = [(0, 0.5, 0.45)] (
                            interpolation = "constant"
                        )
                        float[] primvars:displayOpacity = [0.3] (
                            interpolation = "constant"
                        )
                        uniform token purpose = "guide"
                        uniform token subdivisionScheme = "none"
                    }

                    def Mesh "Envelope" (
                        prepend apiSchemas = ["AecoDerivedGeometryAPI", "MaterialBindingAPI"]
                    )
                    {
                        uniform token aeco:derived:approx = "tessellated"
                        uniform token aeco:derived:role = "sector"
                        string aeco:derived:source = "23cf46a8-bc82-5782-b3d2-89c31f41bf14"
                        string aeco:derived:stamp = "usdAecoCctv derive 0.5.3"
                        uniform bool doubleSided = 1
                        float3[] extent = [(-20, -20, -20), (20, 20, 0)]
                        int[] faceVertexCounts = [4, 4, 4, 4, 4, 4, 4, 4, 4, 4, 4, 4, 4, 4, 4, 4, 4, 4, 4, 4, 4, 4, 4, 4, 4, 4, 4, 4, 4, 4, 4, 4, 4, 4, 4, 4, 4, 4, 4, 4, 4, 4, 4, 4, 4, 4, 4, 4, 4, 4, 4, 4, 4, 4, 4, 4, 4, 4, 4, 4, 4, 4, 4, 4, 4, 4, 4, 4, 4, 4, 4, 4, 4, 4, 4, 4, 4, 4, 4, 4, 4, 4, 4, 4, 4, 4, 4, 4, 4, 4, 4, 4, 4, 4, 4, 4, 4, 4, 4, 4, 4, 4, 4, 4, 4, 4, 4, 4, 4, 4, 4, 4, 4, 4, 4, 4, 4, 4, 4, 4, 4, 4, 4, 4, 4, 4, 4, 4, 4, 4, 4, 4, 4, 4, 4, 4, 4, 4, 4, 4, 4, 4, 4, 4, 4, 4, 4, 4, 4, 4, 4, 4, 4, 4, 4, 4, 4, 4, 4, 4, 4, 4, 4, 4, 4, 4, 4, 4, 4, 4, 4, 4, 4, 4, 4, 4, 4, 4, 4, 4, 4, 4, 4, 4, 4, 4, 4, 4, 4, 4, 4, 4, 4, 4, 4, 4, 4, 4, 4, 4, 4, 4, 4, 4, 4, 4, 4, 4, 4, 4, 4, 4, 4, 4, 4, 4, 4, 4, 4, 4, 4, 4, 4, 4, 4, 4, 4, 4, 4, 4, 4, 4, 4, 4, 4, 4, 4, 4, 4, 4, 4, 4, 4, 4, 4, 4, 4, 4, 4, 4, 4, 4, 4, 4, 4, 4, 4, 4, 4, 4, 4, 4, 4, 4, 4, 4, 4, 4, 4, 4, 4, 4, 4, 4, 4, 4, 4, 4, 4, 4, 4, 4, 4, 4, 4, 4, 4, 4, 4, 4, 4, 4, 4, 4, 4, 4, 4, 4, 4, 4, 4, 4, 4, 4, 4, 4, 4, 4, 4, 4, 4, 4, 4, 4, 4, 4, 4, 4, 4, 4, 4, 4, 4, 4, 4, 4, 4, 4, 4, 4, 4, 4, 4, 4, 4, 4, 4, 4, 4, 4, 4, 4, 4, 4, 4, 4, 4, 4, 4, 4, 4, 4, 4, 4, 4, 4, 4, 4, 4, 4, 4, 4, 4, 4, 4, 4, 4, 4, 4, 4, 4, 4, 4, 4, 4, 4, 4, 4, 4, 4, 4, 4, 4, 4, 4, 4, 4, 4, 4, 4, 4, 4, 4, 4, 4, 4, 4, 4, 4, 4, 4, 4, 4, 4, 4, 4, 4, 4, 4, 4, 4, 4, 4, 4, 4, 4, 4, 4, 4, 4, 4, 4, 4, 4, 4, 4, 4, 4, 4, 4, 4, 4, 4, 4, 4, 4, 4, 4, 4, 4, 4, 4, 4, 4, 4, 4, 4, 4, 4, 4, 4, 4, 4, 4, 4, 4, 4, 4, 4, 4, 4, 4, 4, 4, 4, 4, 4, 4, 4, 4, 4, 4, 4, 4, 4, 4, 4, 4, 4, 4, 4, 4, 4, 4, 4, 4, 4, 4, 4, 4, 4, 4, 4, 4, 4, 4, 4, 4, 4, 4, 4, 4, 4, 4, 4, 4, 4, 4, 4, 4, 4, 4, 4, 4, 4, 4, 4, 4, 4, 4, 4, 4, 4, 4, 4, 4, 4, 4, 4, 4, 4, 4, 4, 4, 4, 4, 4, 4, 4, 4, 4, 4, 4, 4, 4, 4, 4, 4, 4, 4, 4, 4, 4, 4, 4, 4, 4, 4, 4, 4, 4, 4, 4, 4, 4, 4, 4, 4, 4, 4, 4, 4, 4, 4, 4, 4, 4, 4, 4, 4, 4, 4, 4, 4, 4, 4, 4, 4, 4, 4, 4, 4, 4, 4, 4, 4, 4, 4, 4, 4, 4, 4, 4, 4, 4, 4, 4, 4, 4, 4, 4, 4, 4, 4, 4, 4, 4, 4, 4, 4, 4, 4, 4, 4, 4, 4, 4, 4, 4, 4, 4, 4, 4, 4, 4, 4, 4, 4, 4, 4, 4, 4, 4, 4, 4, 4, 4, 4, 4, 4, 4, 4, 4, 4, 4, 4, 4, 4, 4, 4, 4, 4, 4, 4, 4, 4, 4, 4, 4, 4, 4, 4, 4, 4, 4, 4, 4, 4, 4, 4, 4, 4, 4, 4, 4, 4, 4, 4, 4, 4, 4, 4, 4, 4, 4, 4, 4, 4, 4, 4, 4, 4, 4, 4, 4, 4, 4, 4, 4, 4, 4, 4, 4, 4, 4, 4, 4, 4, 4, 4, 4, 4, 4, 4, 4, 4, 4, 4, 4, 4, 4, 4, 4, 4, 4, 4, 4, 4, 4, 4, 4, 4, 4, 4, 4, 4, 4, 4, 4, 4, 4, 4, 4, 4, 4, 4, 4, 4, 4, 4, 4, 4, 4, 4, 4, 4, 4, 4, 4, 4, 4, 4, 4, 4, 4, 4, 4, 4, 4, 4, 4, 4, 4, 4, 4, 4, 4, 4, 4, 4, 4, 4, 4, 4, 4, 4, 4, 4, 4, 4, 4, 4, 4, 4, 4, 4, 4, 4, 4, 4, 4, 4, 4, 4, 4, 4, 4, 4, 4, 4, 4, 4, 4, 4, 4, 4, 4, 4, 4, 4, 4, 4, 4, 4, 4, 4, 4, 4, 4, 4, 4, 4, 4, 4, 4, 4, 4, 4, 4, 4, 4, 4, 4, 4, 4, 4, 4, 4, 4, 4, 4, 4, 4, 4, 3, 3, 3, 3, 3, 3, 3, 3, 3, 3, 3, 3, 3, 3, 3, 3, 3, 3, 3, 3, 3, 3, 3, 3, 3, 3, 3, 3, 3, 3, 3, 3, 3, 3, 3, 3, 3, 3, 3, 3, 3, 3, 3, 3, 3, 3, 3, 3, 3, 3, 3, 3, 3, 3, 3, 3, 3, 3, 3, 3, 3, 3, 3, 3, 3, 3, 3, 3, 3, 3, 3, 3, 3, 3, 3, 3, 3, 3, 3, 3, 3, 3, 3, 3, 3, 3, 3, 3, 3, 3, 3, 3, 3, 3, 3, 3, 3, 3, 3, 3, 3, 3, 3, 3, 3, 3, 3, 3, 3, 3, 3, 3, 3, 3, 3, 3, 3, 3, 3, 3, 3, 3, 3, 3, 3, 3, 3, 3, 3, 3, 3, 3]
                        int[] faceVertexIndices = [1, 50, 51, 2, 2, 51, 52, 3, 3, 52, 53, 4, 4, 53, 54, 5, 5, 54, 55, 6, 6, 55, 56, 7, 7, 56, 57, 8, 8, 57, 58, 9, 9, 58, 59, 10, 10, 59, 60, 11, 11, 60, 61, 12, 12, 61, 62, 13, 13, 62, 63, 14, 14, 63, 64, 15, 15, 64, 65, 16, 16, 65, 66, 17, 17, 66, 67, 18, 18, 67, 68, 19, 19, 68, 69, 20, 20, 69, 70, 21, 21, 70, 71, 22, 22, 71, 72, 23, 23, 72, 73, 24, 24, 73, 74, 25, 25, 74, 75, 26, 26, 75, 76, 27, 27, 76, 77, 28, 28, 77, 78, 29, 29, 78, 79, 30, 30, 79, 80, 31, 31, 80, 81, 32, 32, 81, 82, 33, 33, 82, 83, 34, 34, 83, 84, 35, 35, 84, 85, 36, 36, 85, 86, 37, 37, 86, 87, 38, 38, 87, 88, 39, 39, 88, 89, 40, 40, 89, 90, 41, 41, 90, 91, 42, 42, 91, 92, 43, 43, 92, 93, 44, 44, 93, 94, 45, 45, 94, 95, 46, 46, 95, 96, 47, 47, 96, 97, 48, 48, 97, 98, 49, 50, 99, 100, 51, 51, 100, 101, 52, 52, 101, 102, 53, 53, 102, 103, 54, 54, 103, 104, 55, 55, 104, 105, 56, 56, 105, 106, 57, 57, 106, 107, 58, 58, 107, 108, 59, 59, 108, 109, 60, 60, 109, 110, 61, 61, 110, 111, 62, 62, 111, 112, 63, 63, 112, 113, 64, 64, 113, 114, 65, 65, 114, 115, 66, 66, 115, 116, 67, 67, 116, 117, 68, 68, 117, 118, 69, 69, 118, 119, 70, 70, 119, 120, 71, 71, 120, 121, 72, 72, 121, 122, 73, 73, 122, 123, 74, 74, 123, 124, 75, 75, 124, 125, 76, 76, 125, 126, 77, 77, 126, 127, 78, 78, 127, 128, 79, 79, 128, 129, 80, 80, 129, 130, 81, 81, 130, 131, 82, 82, 131, 132, 83, 83, 132, 133, 84, 84, 133, 134, 85, 85, 134, 135, 86, 86, 135, 136, 87, 87, 136, 137, 88, 88, 137, 138, 89, 89, 138, 139, 90, 90, 139, 140, 91, 91, 140, 141, 92, 92, 141, 142, 93, 93, 142, 143, 94, 94, 143, 144, 95, 95, 144, 145, 96, 96, 145, 146, 97, 97, 146, 147, 98, 99, 148, 149, 100, 100, 149, 150, 101, 101, 150, 151, 102, 102, 151, 152, 103, 103, 152, 153, 104, 104, 153, 154, 105, 105, 154, 155, 106, 106, 155, 156, 107, 107, 156, 157, 108, 108, 157, 158, 109, 109, 158, 159, 110, 110, 159, 160, 111, 111, 160, 161, 112, 112, 161, 162, 113, 113, 162, 163, 114, 114, 163, 164, 115, 115, 164, 165, 116, 116, 165, 166, 117, 117, 166, 167, 118, 118, 167, 168, 119, 119, 168, 169, 120, 120, 169, 170, 121, 121, 170, 171, 122, 122, 171, 172, 123, 123, 172, 173, 124, 124, 173, 174, 125, 125, 174, 175, 126, 126, 175, 176, 127, 127, 176, 177, 128, 128, 177, 178, 129, 129, 178, 179, 130, 130, 179, 180, 131, 131, 180, 181, 132, 132, 181, 182, 133, 133, 182, 183, 134, 134, 183, 184, 135, 135, 184, 185, 136, 136, 185, 186, 137, 137, 186, 187, 138, 138, 187, 188, 139, 139, 188, 189, 140, 140, 189, 190, 141, 141, 190, 191, 142, 142, 191, 192, 143, 143, 192, 193, 144, 144, 193, 194, 145, 145, 194, 195, 146, 146, 195, 196, 147, 148, 197, 198, 149, 149, 198, 199, 150, 150, 199, 200, 151, 151, 200, 201, 152, 152, 201, 202, 153, 153, 202, 203, 154, 154, 203, 204, 155, 155, 204, 205, 156, 156, 205, 206, 157, 157, 206, 207, 158, 158, 207, 208, 159, 159, 208, 209, 160, 160, 209, 210, 161, 161, 210, 211, 162, 162, 211, 212, 163, 163, 212, 213, 164, 164, 213, 214, 165, 165, 214, 215, 166, 166, 215, 216, 167, 167, 216, 217, 168, 168, 217, 218, 169, 169, 218, 219, 170, 170, 219, 220, 171, 171, 220, 221, 172, 172, 221, 222, 173, 173, 222, 223, 174, 174, 223, 224, 175, 175, 224, 225, 176, 176, 225, 226, 177, 177, 226, 227, 178, 178, 227, 228, 179, 179, 228, 229, 180, 180, 229, 230, 181, 181, 230, 231, 182, 182, 231, 232, 183, 183, 232, 233, 184, 184, 233, 234, 185, 185, 234, 235, 186, 186, 235, 236, 187, 187, 236, 237, 188, 188, 237, 238, 189, 189, 238, 239, 190, 190, 239, 240, 191, 191, 240, 241, 192, 192, 241, 242, 193, 193, 242, 243, 194, 194, 243, 244, 195, 195, 244, 245, 196, 197, 246, 247, 198, 198, 247, 248, 199, 199, 248, 249, 200, 200, 249, 250, 201, 201, 250, 251, 202, 202, 251, 252, 203, 203, 252, 253, 204, 204, 253, 254, 205, 205, 254, 255, 206, 206, 255, 256, 207, 207, 256, 257, 208, 208, 257, 258, 209, 209, 258, 259, 210, 210, 259, 260, 211, 211, 260, 261, 212, 212, 261, 262, 213, 213, 262, 263, 214, 214, 263, 264, 215, 215, 264, 265, 216, 216, 265, 266, 217, 217, 266, 267, 218, 218, 267, 268, 219, 219, 268, 269, 220, 220, 269, 270, 221, 221, 270, 271, 222, 222, 271, 272, 223, 223, 272, 273, 224, 224, 273, 274, 225, 225, 274, 275, 226, 226, 275, 276, 227, 227, 276, 277, 228, 228, 277, 278, 229, 229, 278, 279, 230, 230, 279, 280, 231, 231, 280, 281, 232, 232, 281, 282, 233, 233, 282, 283, 234, 234, 283, 284, 235, 235, 284, 285, 236, 236, 285, 286, 237, 237, 286, 287, 238, 238, 287, 288, 239, 239, 288, 289, 240, 240, 289, 290, 241, 241, 290, 291, 242, 242, 291, 292, 243, 243, 292, 293, 244, 244, 293, 294, 245, 246, 295, 296, 247, 247, 296, 297, 248, 248, 297, 298, 249, 249, 298, 299, 250, 250, 299, 300, 251, 251, 300, 301, 252, 252, 301, 302, 253, 253, 302, 303, 254, 254, 303, 304, 255, 255, 304, 305, 256, 256, 305, 306, 257, 257, 306, 307, 258, 258, 307, 308, 259, 259, 308, 309, 260, 260, 309, 310, 261, 261, 310, 311, 262, 262, 311, 312, 263, 263, 312, 313, 264, 264, 313, 314, 265, 265, 314, 315, 266, 266, 315, 316, 267, 267, 316, 317, 268, 268, 317, 318, 269, 269, 318, 319, 270, 270, 319, 320, 271, 271, 320, 321, 272, 272, 321, 322, 273, 273, 322, 323, 274, 274, 323, 324, 275, 275, 324, 325, 276, 276, 325, 326, 277, 277, 326, 327, 278, 278, 327, 328, 279, 279, 328, 329, 280, 280, 329, 330, 281, 281, 330, 331, 282, 282, 331, 332, 283, 283, 332, 333, 284, 284, 333, 334, 285, 285, 334, 335, 286, 286, 335, 336, 287, 287, 336, 337, 288, 288, 337, 338, 289, 289, 338, 339, 290, 290, 339, 340, 291, 291, 340, 341, 292, 292, 341, 342, 293, 293, 342, 343, 294, 295, 344, 345, 296, 296, 345, 346, 297, 297, 346, 347, 298, 298, 347, 348, 299, 299, 348, 349, 300, 300, 349, 350, 301, 301, 350, 351, 302, 302, 351, 352, 303, 303, 352, 353, 304, 304, 353, 354, 305, 305, 354, 355, 306, 306, 355, 356, 307, 307, 356, 357, 308, 308, 357, 358, 309, 309, 358, 359, 310, 310, 359, 360, 311, 311, 360, 361, 312, 312, 361, 362, 313, 313, 362, 363, 314, 314, 363, 364, 315, 315, 364, 365, 316, 316, 365, 366, 317, 317, 366, 367, 318, 318, 367, 368, 319, 319, 368, 369, 320, 320, 369, 370, 321, 321, 370, 371, 322, 322, 371, 372, 323, 323, 372, 373, 324, 324, 373, 374, 325, 325, 374, 375, 326, 326, 375, 376, 327, 327, 376, 377, 328, 328, 377, 378, 329, 329, 378, 379, 330, 330, 379, 380, 331, 331, 380, 381, 332, 332, 381, 382, 333, 333, 382, 383, 334, 334, 383, 384, 335, 335, 384, 385, 336, 336, 385, 386, 337, 337, 386, 387, 338, 338, 387, 388, 339, 339, 388, 389, 340, 340, 389, 390, 341, 341, 390, 391, 342, 342, 391, 392, 343, 344, 393, 394, 345, 345, 394, 395, 346, 346, 395, 396, 347, 347, 396, 397, 348, 348, 397, 398, 349, 349, 398, 399, 350, 350, 399, 400, 351, 351, 400, 401, 352, 352, 401, 402, 353, 353, 402, 403, 354, 354, 403, 404, 355, 355, 404, 405, 356, 356, 405, 406, 357, 357, 406, 407, 358, 358, 407, 408, 359, 359, 408, 409, 360, 360, 409, 410, 361, 361, 410, 411, 362, 362, 411, 412, 363, 363, 412, 413, 364, 364, 413, 414, 365, 365, 414, 415, 366, 366, 415, 416, 367, 367, 416, 417, 368, 368, 417, 418, 369, 369, 418, 419, 370, 370, 419, 420, 371, 371, 420, 421, 372, 372, 421, 422, 373, 373, 422, 423, 374, 374, 423, 424, 375, 375, 424, 425, 376, 376, 425, 426, 377, 377, 426, 427, 378, 378, 427, 428, 379, 379, 428, 429, 380, 380, 429, 430, 381, 381, 430, 431, 382, 382, 431, 432, 383, 383, 432, 433, 384, 384, 433, 434, 385, 385, 434, 435, 386, 386, 435, 436, 387, 387, 436, 437, 388, 388, 437, 438, 389, 389, 438, 439, 390, 390, 439, 440, 391, 391, 440, 441, 392, 393, 442, 443, 394, 394, 443, 444, 395, 395, 444, 445, 396, 396, 445, 446, 397, 397, 446, 447, 398, 398, 447, 448, 399, 399, 448, 449, 400, 400, 449, 450, 401, 401, 450, 451, 402, 402, 451, 452, 403, 403, 452, 453, 404, 404, 453, 454, 405, 405, 454, 455, 406, 406, 455, 456, 407, 407, 456, 457, 408, 408, 457, 458, 409, 409, 458, 459, 410, 410, 459, 460, 411, 411, 460, 461, 412, 412, 461, 462, 413, 413, 462, 463, 414, 414, 463, 464, 415, 415, 464, 465, 416, 416, 465, 466, 417, 417, 466, 467, 418, 418, 467, 468, 419, 419, 468, 469, 420, 420, 469, 470, 421, 421, 470, 471, 422, 422, 471, 472, 423, 423, 472, 473, 424, 424, 473, 474, 425, 425, 474, 475, 426, 426, 475, 476, 427, 427, 476, 477, 428, 428, 477, 478, 429, 429, 478, 479, 430, 430, 479, 480, 431, 431, 480, 481, 432, 432, 481, 482, 433, 433, 482, 483, 434, 434, 483, 484, 435, 435, 484, 485, 436, 436, 485, 486, 437, 437, 486, 487, 438, 438, 487, 488, 439, 439, 488, 489, 440, 440, 489, 490, 441, 442, 491, 492, 443, 443, 492, 493, 444, 444, 493, 494, 445, 445, 494, 495, 446, 446, 495, 496, 447, 447, 496, 497, 448, 448, 497, 498, 449, 449, 498, 499, 450, 450, 499, 500, 451, 451, 500, 501, 452, 452, 501, 502, 453, 453, 502, 503, 454, 454, 503, 504, 455, 455, 504, 505, 456, 456, 505, 506, 457, 457, 506, 507, 458, 458, 507, 508, 459, 459, 508, 509, 460, 460, 509, 510, 461, 461, 510, 511, 462, 462, 511, 512, 463, 463, 512, 513, 464, 464, 513, 514, 465, 465, 514, 515, 466, 466, 515, 516, 467, 467, 516, 517, 468, 468, 517, 518, 469, 469, 518, 519, 470, 470, 519, 520, 471, 471, 520, 521, 472, 472, 521, 522, 473, 473, 522, 523, 474, 474, 523, 524, 475, 475, 524, 525, 476, 476, 525, 526, 477, 477, 526, 527, 478, 478, 527, 528, 479, 479, 528, 529, 480, 480, 529, 530, 481, 481, 530, 531, 482, 482, 531, 532, 483, 483, 532, 533, 484, 484, 533, 534, 485, 485, 534, 535, 486, 486, 535, 536, 487, 487, 536, 537, 488, 488, 537, 538, 489, 489, 538, 539, 490, 491, 540, 541, 492, 492, 541, 542, 493, 493, 542, 543, 494, 494, 543, 544, 495, 495, 544, 545, 496, 496, 545, 546, 497, 497, 546, 547, 498, 498, 547, 548, 499, 499, 548, 549, 500, 500, 549, 550, 501, 501, 550, 551, 502, 502, 551, 552, 503, 503, 552, 553, 504, 504, 553, 554, 505, 505, 554, 555, 506, 506, 555, 556, 507, 507, 556, 557, 508, 508, 557, 558, 509, 509, 558, 559, 510, 510, 559, 560, 511, 511, 560, 561, 512, 512, 561, 562, 513, 513, 562, 563, 514, 514, 563, 564, 515, 515, 564, 565, 516, 516, 565, 566, 517, 517, 566, 567, 518, 518, 567, 568, 519, 519, 568, 569, 520, 520, 569, 570, 521, 521, 570, 571, 522, 522, 571, 572, 523, 523, 572, 573, 524, 524, 573, 574, 525, 525, 574, 575, 526, 526, 575, 576, 527, 527, 576, 577, 528, 528, 577, 578, 529, 529, 578, 579, 530, 530, 579, 580, 531, 531, 580, 581, 532, 532, 581, 582, 533, 533, 582, 583, 534, 534, 583, 584, 535, 535, 584, 585, 536, 536, 585, 586, 537, 537, 586, 587, 538, 538, 587, 588, 539, 540, 589, 590, 541, 541, 590, 591, 542, 542, 591, 592, 543, 543, 592, 593, 544, 544, 593, 594, 545, 545, 594, 595, 546, 546, 595, 596, 547, 547, 596, 597, 548, 548, 597, 598, 549, 549, 598, 599, 550, 550, 599, 600, 551, 551, 600, 601, 552, 552, 601, 602, 553, 553, 602, 603, 554, 554, 603, 604, 555, 555, 604, 605, 556, 556, 605, 606, 557, 557, 606, 607, 558, 558, 607, 608, 559, 559, 608, 609, 560, 560, 609, 610, 561, 561, 610, 611, 562, 562, 611, 612, 563, 563, 612, 613, 564, 564, 613, 614, 565, 565, 614, 615, 566, 566, 615, 616, 567, 567, 616, 617, 568, 568, 617, 618, 569, 569, 618, 619, 570, 570, 619, 620, 571, 571, 620, 621, 572, 572, 621, 622, 573, 573, 622, 623, 574, 574, 623, 624, 575, 575, 624, 625, 576, 576, 625, 626, 577, 577, 626, 627, 578, 578, 627, 628, 579, 579, 628, 629, 580, 580, 629, 630, 581, 581, 630, 631, 582, 582, 631, 632, 583, 583, 632, 633, 584, 584, 633, 634, 585, 585, 634, 635, 586, 586, 635, 636, 587, 587, 636, 637, 588, 589, 638, 639, 590, 590, 639, 640, 591, 591, 640, 641, 592, 592, 641, 642, 593, 593, 642, 643, 594, 594, 643, 644, 595, 595, 644, 645, 596, 596, 645, 646, 597, 597, 646, 647, 598, 598, 647, 648, 599, 599, 648, 649, 600, 600, 649, 650, 601, 601, 650, 651, 602, 602, 651, 652, 603, 603, 652, 653, 604, 604, 653, 654, 605, 605, 654, 655, 606, 606, 655, 656, 607, 607, 656, 657, 608, 608, 657, 658, 609, 609, 658, 659, 610, 610, 659, 660, 611, 611, 660, 661, 612, 612, 661, 662, 613, 613, 662, 663, 614, 614, 663, 664, 615, 615, 664, 665, 616, 616, 665, 666, 617, 617, 666, 667, 618, 618, 667, 668, 619, 619, 668, 669, 620, 620, 669, 670, 621, 621, 670, 671, 622, 622, 671, 672, 623, 623, 672, 673, 624, 624, 673, 674, 625, 625, 674, 675, 626, 626, 675, 676, 627, 627, 676, 677, 628, 628, 677, 678, 629, 629, 678, 679, 630, 630, 679, 680, 631, 631, 680, 681, 632, 632, 681, 682, 633, 633, 682, 683, 634, 634, 683, 684, 635, 635, 684, 685, 636, 636, 685, 686, 637, 638, 687, 688, 639, 639, 688, 689, 640, 640, 689, 690, 641, 641, 690, 691, 642, 642, 691, 692, 643, 643, 692, 693, 644, 644, 693, 694, 645, 645, 694, 695, 646, 646, 695, 696, 647, 647, 696, 697, 648, 648, 697, 698, 649, 649, 698, 699, 650, 650, 699, 700, 651, 651, 700, 701, 652, 652, 701, 702, 653, 653, 702, 703, 654, 654, 703, 704, 655, 655, 704, 705, 656, 656, 705, 706, 657, 657, 706, 707, 658, 658, 707, 708, 659, 659, 708, 709, 660, 660, 709, 710, 661, 661, 710, 711, 662, 662, 711, 712, 663, 663, 712, 713, 664, 664, 713, 714, 665, 665, 714, 715, 666, 666, 715, 716, 667, 667, 716, 717, 668, 668, 717, 718, 669, 669, 718, 719, 670, 670, 719, 720, 671, 671, 720, 721, 672, 672, 721, 722, 673, 673, 722, 723, 674, 674, 723, 724, 675, 675, 724, 725, 676, 676, 725, 726, 677, 677, 726, 727, 678, 678, 727, 728, 679, 679, 728, 729, 680, 680, 729, 730, 681, 681, 730, 731, 682, 682, 731, 732, 683, 683, 732, 733, 684, 684, 733, 734, 685, 685, 734, 735, 686, 687, 736, 737, 688, 688, 737, 738, 689, 689, 738, 739, 690, 690, 739, 740, 691, 691, 740, 741, 692, 692, 741, 742, 693, 693, 742, 743, 694, 694, 743, 744, 695, 695, 744, 745, 696, 696, 745, 746, 697, 697, 746, 747, 698, 698, 747, 748, 699, 699, 748, 749, 700, 700, 749, 750, 701, 701, 750, 751, 702, 702, 751, 752, 703, 703, 752, 753, 704, 704, 753, 754, 705, 705, 754, 755, 706, 706, 755, 756, 707, 707, 756, 757, 708, 708, 757, 758, 709, 709, 758, 759, 710, 710, 759, 760, 711, 711, 760, 761, 712, 712, 761, 762, 713, 713, 762, 763, 714, 714, 763, 764, 715, 715, 764, 765, 716, 716, 765, 766, 717, 717, 766, 767, 718, 718, 767, 768, 719, 719, 768, 769, 720, 720, 769, 770, 721, 721, 770, 771, 722, 722, 771, 772, 723, 723, 772, 773, 724, 724, 773, 774, 725, 725, 774, 775, 726, 726, 775, 776, 727, 727, 776, 777, 728, 728, 777, 778, 729, 729, 778, 779, 730, 730, 779, 780, 731, 731, 780, 781, 732, 732, 781, 782, 733, 733, 782, 783, 734, 734, 783, 784, 735, 736, 785, 786, 737, 737, 786, 787, 738, 738, 787, 788, 739, 739, 788, 789, 740, 740, 789, 790, 741, 741, 790, 791, 742, 742, 791, 792, 743, 743, 792, 793, 744, 744, 793, 794, 745, 745, 794, 795, 746, 746, 795, 796, 747, 747, 796, 797, 748, 748, 797, 798, 749, 749, 798, 799, 750, 750, 799, 800, 751, 751, 800, 801, 752, 752, 801, 802, 753, 753, 802, 803, 754, 754, 803, 804, 755, 755, 804, 805, 756, 756, 805, 806, 757, 757, 806, 807, 758, 758, 807, 808, 759, 759, 808, 809, 760, 760, 809, 810, 761, 761, 810, 811, 762, 762, 811, 812, 763, 763, 812, 813, 764, 764, 813, 814, 765, 765, 814, 815, 766, 766, 815, 816, 767, 767, 816, 817, 768, 768, 817, 818, 769, 769, 818, 819, 770, 770, 819, 820, 771, 771, 820, 821, 772, 772, 821, 822, 773, 773, 822, 823, 774, 774, 823, 824, 775, 775, 824, 825, 776, 776, 825, 826, 777, 777, 826, 827, 778, 778, 827, 828, 779, 779, 828, 829, 780, 780, 829, 830, 781, 781, 830, 831, 782, 782, 831, 832, 783, 783, 832, 833, 784, 785, 834, 835, 786, 786, 835, 836, 787, 787, 836, 837, 788, 788, 837, 838, 789, 789, 838, 839, 790, 790, 839, 840, 791, 791, 840, 841, 792, 792, 841, 842, 793, 793, 842, 843, 794, 794, 843, 844, 795, 795, 844, 845, 796, 796, 845, 846, 797, 797, 846, 847, 798, 798, 847, 848, 799, 799, 848, 849, 800, 800, 849, 850, 801, 801, 850, 851, 802, 802, 851, 852, 803, 803, 852, 853, 804, 804, 853, 854, 805, 805, 854, 855, 806, 806, 855, 856, 807, 807, 856, 857, 808, 808, 857, 858, 809, 809, 858, 859, 810, 810, 859, 860, 811, 811, 860, 861, 812, 812, 861, 862, 813, 813, 862, 863, 814, 814, 863, 864, 815, 815, 864, 865, 816, 816, 865, 866, 817, 817, 866, 867, 818, 818, 867, 868, 819, 819, 868, 869, 820, 820, 869, 870, 821, 821, 870, 871, 822, 822, 871, 872, 823, 823, 872, 873, 824, 824, 873, 874, 825, 825, 874, 875, 826, 826, 875, 876, 827, 827, 876, 877, 828, 828, 877, 878, 829, 829, 878, 879, 830, 830, 879, 880, 831, 831, 880, 881, 832, 832, 881, 882, 833, 834, 883, 884, 835, 835, 884, 885, 836, 836, 885, 886, 837, 837, 886, 887, 838, 838, 887, 888, 839, 839, 888, 889, 840, 840, 889, 890, 841, 841, 890, 891, 842, 842, 891, 892, 843, 843, 892, 893, 844, 844, 893, 894, 845, 845, 894, 895, 846, 846, 895, 896, 847, 847, 896, 897, 848, 848, 897, 898, 849, 849, 898, 899, 850, 850, 899, 900, 851, 851, 900, 901, 852, 852, 901, 902, 853, 853, 902, 903, 854, 854, 903, 904, 855, 855, 904, 905, 856, 856, 905, 906, 857, 857, 906, 907, 858, 858, 907, 908, 859, 859, 908, 909, 860, 860, 909, 910, 861, 861, 910, 911, 862, 862, 911, 912, 863, 863, 912, 913, 864, 864, 913, 914, 865, 865, 914, 915, 866, 866, 915, 916, 867, 867, 916, 917, 868, 868, 917, 918, 869, 869, 918, 919, 870, 870, 919, 920, 871, 871, 920, 921, 872, 872, 921, 922, 873, 873, 922, 923, 874, 874, 923, 924, 875, 875, 924, 925, 876, 876, 925, 926, 877, 877, 926, 927, 878, 878, 927, 928, 879, 879, 928, 929, 880, 880, 929, 930, 881, 881, 930, 931, 882, 0, 1, 2, 0, 2, 3, 0, 3, 4, 0, 4, 5, 0, 5, 6, 0, 6, 7, 0, 7, 8, 0, 8, 9, 0, 9, 10, 0, 10, 11, 0, 11, 12, 0, 12, 13, 0, 13, 14, 0, 14, 15, 0, 15, 16, 0, 16, 17, 0, 17, 18, 0, 18, 19, 0, 19, 20, 0, 20, 21, 0, 21, 22, 0, 22, 23, 0, 23, 24, 0, 24, 25, 0, 25, 26, 0, 26, 27, 0, 27, 28, 0, 28, 29, 0, 29, 30, 0, 30, 31, 0, 31, 32, 0, 32, 33, 0, 33, 34, 0, 34, 35, 0, 35, 36, 0, 36, 37, 0, 37, 38, 0, 38, 39, 0, 39, 40, 0, 40, 41, 0, 41, 42, 0, 42, 43, 0, 43, 44, 0, 44, 45, 0, 45, 46, 0, 46, 47, 0, 47, 48, 0, 48, 49, 0, 884, 883, 0, 885, 884, 0, 886, 885, 0, 887, 886, 0, 888, 887, 0, 889, 888, 0, 890, 889, 0, 891, 890, 0, 892, 891, 0, 893, 892, 0, 894, 893, 0, 895, 894, 0, 896, 895, 0, 897, 896, 0, 898, 897, 0, 899, 898, 0, 900, 899, 0, 901, 900, 0, 902, 901, 0, 903, 902, 0, 904, 903, 0, 905, 904, 0, 906, 905, 0, 907, 906, 0, 908, 907, 0, 909, 908, 0, 910, 909, 0, 911, 910, 0, 912, 911, 0, 913, 912, 0, 914, 913, 0, 915, 914, 0, 916, 915, 0, 917, 916, 0, 918, 917, 0, 919, 918, 0, 920, 919, 0, 921, 920, 0, 922, 921, 0, 923, 922, 0, 924, 923, 0, 925, 924, 0, 926, 925, 0, 927, 926, 0, 928, 927, 0, 929, 928, 0, 930, 929, 0, 931, 930, 0, 50, 1, 0, 99, 50, 0, 148, 99, 0, 197, 148, 0, 246, 197, 0, 295, 246, 0, 344, 295, 0, 393, 344, 0, 442, 393, 0, 491, 442, 0, 540, 491, 0, 589, 540, 0, 638, 589, 0, 687, 638, 0, 736, 687, 0, 785, 736, 0, 834, 785, 0, 883, 834, 0, 49, 98, 0, 98, 147, 0, 147, 196, 0, 196, 245, 0, 245, 294, 0, 294, 343, 0, 343, 392, 0, 392, 441, 0, 441, 490, 0, 490, 539, 0, 539, 588, 0, 588, 637, 0, 637, 686, 0, 686, 735, 0, 735, 784, 0, 784, 833, 0, 833, 882, 0, 882, 931]
                        rel material:binding = </AecoCctvLooks/Envelope>
                        point3f[] points = [(0, 0, 0), (-20, -2.4492936e-15, -0), (-19.828897, -2.610524, -0), (-19.318516, -5.176381, -0), (-18.47759, -7.653669, -0), (-17.320509, -10, -0), (-15.867066, -12.175228, -0), (-14.142136, -14.142136, -0), (-12.175228, -15.867066, -0), (-10, -17.320509, -0), (-7.653669, -18.47759, -0), (-5.176381, -19.318516, -0), (-2.610524, -19.828897, -0), (1.2246468e-15, -20, -0), (2.610524, -19.828897, -0), (5.176381, -19.318516, -0), (7.653669, -18.47759, -0), (10, -17.320509, -0), (12.175228, -15.867066, -0), (14.142136, -14.142136, -0), (15.867066, -12.175228, -0), (17.320509, -10, -0), (18.47759, -7.653669, -0), (19.318516, -5.176381, -0), (19.828897, -2.610524, -0), (20, 0, -0), (19.828897, 2.610524, -0), (19.318516, 5.176381, -0), (18.47759, 7.653669, -0), (17.320509, 10, -0), (15.867066, 12.175228, -0), (14.142136, 14.142136, -0), (12.175228, 15.867066, -0), (10, 17.320509, -0), (7.653669, 18.47759, -0), (5.176381, 19.318516, -0), (2.610524, 19.828897, -0), (1.2246468e-15, 20, -0), (-2.610524, 19.828897, -0), (-5.176381, 19.318516, -0), (-7.653669, 18.47759, -0), (-10, 17.320509, -0), (-12.175228, 15.867066, -0), (-14.142136, 14.142136, -0), (-15.867066, 12.175228, -0), (-17.320509, 10, -0), (-18.47759, 7.653669, -0), (-19.318516, 5.176381, -0), (-19.828897, 2.610524, -0), (-20, 2.4492936e-15, -0), (-19.923895, -2.4399733e-15, -1.7431148), (-19.753443, -2.60059, -1.7431148), (-19.245005, -5.1566834, -1.7431148), (-18.407278, -7.624544, -1.7431148), (-17.254599, -9.961947, -1.7431148), (-15.806687, -12.128899, -1.7431148), (-14.088321, -14.088321, -1.7431148), (-12.128899, -15.806687, -1.7431148), (-9.961947, -17.254599, -1.7431148), (-7.624544, -18.407278, -1.7431148), (-5.1566834, -19.245005, -1.7431148), (-2.60059, -19.753443, -1.7431148), (1.2199866e-15, -19.923895, -1.7431148), (2.60059, -19.753443, -1.7431148), (5.1566834, -19.245005, -1.7431148), (7.624544, -18.407278, -1.7431148), (9.961947, -17.254599, -1.7431148), (12.128899, -15.806687, -1.7431148), (14.088321, -14.088321, -1.7431148), (15.806687, -12.128899, -1.7431148), (17.254599, -9.961947, -1.7431148), (18.407278, -7.624544, -1.7431148), (19.245005, -5.1566834, -1.7431148), (19.753443, -2.60059, -1.7431148), (19.923895, 0, -1.7431148), (19.753443, 2.60059, -1.7431148), (19.245005, 5.1566834, -1.7431148), (18.407278, 7.624544, -1.7431148), (17.254599, 9.961947, -1.7431148), (15.806687, 12.128899, -1.7431148), (14.088321, 14.088321, -1.7431148), (12.128899, 15.806687, -1.7431148), (9.961947, 17.254599, -1.7431148), (7.624544, 18.407278, -1.7431148), (5.1566834, 19.245005, -1.7431148), (2.60059, 19.753443, -1.7431148), (1.2199866e-15, 19.923895, -1.7431148), (-2.60059, 19.753443, -1.7431148), (-5.1566834, 19.245005, -1.7431148), (-7.624544, 18.407278, -1.7431148), (-9.961947, 17.254599, -1.7431148), (-12.128899, 15.806687, -1.7431148), (-14.088321, 14.088321, -1.7431148), (-15.806687, 12.128899, -1.7431148), (-17.254599, 9.961947, -1.7431148), (-18.407278, 7.624544, -1.7431148), (-19.245005, 5.1566834, -1.7431148), (-19.753443, 2.60059, -1.7431148), (-19.923895, 2.4399733e-15, -1.7431148), (-19.696156, -2.4120832e-15, -3.4729636), (-19.52765, -2.5708642, -3.4729636), (-19.025024, -5.09774, -3.4729636), (-18.196875, -7.537392, -3.4729636), (-17.057371, -9.848078, -3.4729636), (-15.62601, -11.990259, -3.4729636), (-13.927285, -13.927285, -3.4729636), (-11.990259, -15.62601, -3.4729636), (-9.848078, -17.057371, -3.4729636), (-7.537392, -18.196875, -3.4729636), (-5.09774, -19.025024, -3.4729636), (-2.5708642, -19.52765, -3.4729636), (1.2060416e-15, -19.696156, -3.4729636), (2.5708642, -19.52765, -3.4729636), (5.09774, -19.025024, -3.4729636), (7.537392, -18.196875, -3.4729636), (9.848078, -17.057371, -3.4729636), (11.990259, -15.62601, -3.4729636), (13.927285, -13.927285, -3.4729636), (15.62601, -11.990259, -3.4729636), (17.057371, -9.848078, -3.4729636), (18.196875, -7.537392, -3.4729636), (19.025024, -5.09774, -3.4729636), (19.52765, -2.5708642, -3.4729636), (19.696156, 0, -3.4729636), (19.52765, 2.5708642, -3.4729636), (19.025024, 5.09774, -3.4729636), (18.196875, 7.537392, -3.4729636), (17.057371, 9.848078, -3.4729636), (15.62601, 11.990259, -3.4729636), (13.927285, 13.927285, -3.4729636), (11.990259, 15.62601, -3.4729636), (9.848078, 17.057371, -3.4729636), (7.537392, 18.196875, -3.4729636), (5.09774, 19.025024, -3.4729636), (2.5708642, 19.52765, -3.4729636), (1.2060416e-15, 19.696156, -3.4729636), (-2.5708642, 19.52765, -3.4729636), (-5.09774, 19.025024, -3.4729636), (-7.537392, 18.196875, -3.4729636), (-9.848078, 17.057371, -3.4729636), (-11.990259, 15.62601, -3.4729636), (-13.927285, 13.927285, -3.4729636), (-15.62601, 11.990259, -3.4729636), (-17.057371, 9.848078, -3.4729636), (-18.196875, 7.537392, -3.4729636), (-19.025024, 5.09774, -3.4729636), (-19.52765, 2.5708642, -3.4729636), (-19.696156, 2.4120832e-15, -3.4729636), (-19.318516, -2.3658359e-15, -5.176381), (-19.153244, -2.5215724, -5.176381), (-18.660254, -5, -5.176381), (-17.847982, -7.392876, -5.176381), (-16.730326, -9.659258, -5.176381), (-15.326409, -11.760367, -5.176381), (-13.6602545, -13.6602545, -5.176381), (-11.760367, -15.326409, -5.176381), (-9.659258, -16.730326, -5.176381), (-7.392876, -17.847982, -5.176381), (-5, -18.660254, -5.176381), (-2.5215724, -19.153244, -5.176381), (1.1829179e-15, -19.318516, -5.176381), (2.5215724, -19.153244, -5.176381), (5, -18.660254, -5.176381), (7.392876, -17.847982, -5.176381), (9.659258, -16.730326, -5.176381), (11.760367, -15.326409, -5.176381), (13.6602545, -13.6602545, -5.176381), (15.326409, -11.760367, -5.176381), (16.730326, -9.659258, -5.176381), (17.847982, -7.392876, -5.176381), (18.660254, -5, -5.176381), (19.153244, -2.5215724, -5.176381), (19.318516, 0, -5.176381), (19.153244, 2.5215724, -5.176381), (18.660254, 5, -5.176381), (17.847982, 7.392876, -5.176381), (16.730326, 9.659258, -5.176381), (15.326409, 11.760367, -5.176381), (13.6602545, 13.6602545, -5.176381), (11.760367, 15.326409, -5.176381), (9.659258, 16.730326, -5.176381), (7.392876, 17.847982, -5.176381), (5, 18.660254, -5.176381), (2.5215724, 19.153244, -5.176381), (1.1829179e-15, 19.318516, -5.176381), (-2.5215724, 19.153244, -5.176381), (-5, 18.660254, -5.176381), (-7.392876, 17.847982, -5.176381), (-9.659258, 16.730326, -5.176381), (-11.760367, 15.326409, -5.176381), (-13.6602545, 13.6602545, -5.176381), (-15.326409, 11.760367, -5.176381), (-16.730326, 9.659258, -5.176381), (-17.847982, 7.392876, -5.176381), (-18.660254, 5, -5.176381), (-19.153244, 2.5215724, -5.176381), (-19.318516, 2.3658359e-15, -5.176381), (-18.793852, -2.3015831e-15, -6.840403), (-18.633068, -2.45309, -6.840403), (-18.153467, -4.864207, -6.840403), (-17.363256, -7.1920958, -6.840403), (-16.275953, -9.396926, -6.840403), (-14.910166, -11.440972, -6.840403), (-13.289261, -13.289261, -6.840403), (-11.440972, -14.910166, -6.840403), (-9.396926, -16.275953, -6.840403), (-7.1920958, -17.363256, -6.840403), (-4.864207, -18.153467, -6.840403), (-2.45309, -18.633068, -6.840403), (1.1507916e-15, -18.793852, -6.840403), (2.45309, -18.633068, -6.840403), (4.864207, -18.153467, -6.840403), (7.1920958, -17.363256, -6.840403), (9.396926, -16.275953, -6.840403), (11.440972, -14.910166, -6.840403), (13.289261, -13.289261, -6.840403), (14.910166, -11.440972, -6.840403), (16.275953, -9.396926, -6.840403), (17.363256, -7.1920958, -6.840403), (18.153467, -4.864207, -6.840403), (18.633068, -2.45309, -6.840403), (18.793852, 0, -6.840403), (18.633068, 2.45309, -6.840403), (18.153467, 4.864207, -6.840403), (17.363256, 7.1920958, -6.840403), (16.275953, 9.396926, -6.840403), (14.910166, 11.440972, -6.840403), (13.289261, 13.289261, -6.840403), (11.440972, 14.910166, -6.840403), (9.396926, 16.275953, -6.840403), (7.1920958, 17.363256, -6.840403), (4.864207, 18.153467, -6.840403), (2.45309, 18.633068, -6.840403), (1.1507916e-15, 18.793852, -6.840403), (-2.45309, 18.633068, -6.840403), (-4.864207, 18.153467, -6.840403), (-7.1920958, 17.363256, -6.840403), (-9.396926, 16.275953, -6.840403), (-11.440972, 14.910166, -6.840403), (-13.289261, 13.289261, -6.840403), (-14.910166, 11.440972, -6.840403), (-16.275953, 9.396926, -6.840403), (-17.363256, 7.1920958, -6.840403), (-18.153467, 4.864207, -6.840403), (-18.633068, 2.45309, -6.840403), (-18.793852, 2.3015831e-15, -6.840403), (-18.126156, -2.219814e-15, -8.452365), (-17.971085, -2.3659382, -8.452365), (-17.508522, -4.6913943, -8.452365), (-16.746384, -6.9365797, -8.452365), (-15.697711, -9.063078, -8.452365), (-14.380446, -11.034505, -8.452365), (-12.817127, -12.817127, -8.452365), (-11.034505, -14.380446, -8.452365), (-9.063078, -15.697711, -8.452365), (-6.9365797, -16.746384, -8.452365), (-4.6913943, -17.508522, -8.452365), (-2.3659382, -17.971085, -8.452365), (1.109907e-15, -18.126156, -8.452365), (2.3659382, -17.971085, -8.452365), (4.6913943, -17.508522, -8.452365), (6.9365797, -16.746384, -8.452365), (9.063078, -15.697711, -8.452365), (11.034505, -14.380446, -8.452365), (12.817127, -12.817127, -8.452365), (14.380446, -11.034505, -8.452365), (15.697711, -9.063078, -8.452365), (16.746384, -6.9365797, -8.452365), (17.508522, -4.6913943, -8.452365), (17.971085, -2.3659382, -8.452365), (18.126156, 0, -8.452365), (17.971085, 2.3659382, -8.452365), (17.508522, 4.6913943, -8.452365), (16.746384, 6.9365797, -8.452365), (15.697711, 9.063078, -8.452365), (14.380446, 11.034505, -8.452365), (12.817127, 12.817127, -8.452365), (11.034505, 14.380446, -8.452365), (9.063078, 15.697711, -8.452365), (6.9365797, 16.746384, -8.452365), (4.6913943, 17.508522, -8.452365), (2.3659382, 17.971085, -8.452365), (1.109907e-15, 18.126156, -8.452365), (-2.3659382, 17.971085, -8.452365), (-4.6913943, 17.508522, -8.452365), (-6.9365797, 16.746384, -8.452365), (-9.063078, 15.697711, -8.452365), (-11.034505, 14.380446, -8.452365), (-12.817127, 12.817127, -8.452365), (-14.380446, 11.034505, -8.452365), (-15.697711, 9.063078, -8.452365), (-16.746384, 6.9365797, -8.452365), (-17.508522, 4.6913943, -8.452365), (-17.971085, 2.3659382, -8.452365), (-18.126156, 2.219814e-15, -8.452365), (-17.320509, -2.1211505e-15, -10), (-17.172329, -2.2607799, -10), (-16.730326, -4.4828773, -10), (-16.002064, -6.6282716, -10), (-15, -8.6602545, -10), (-13.741282, -10.544057, -10), (-12.247449, -12.247449, -10), (-10.544057, -13.741282, -10), (-8.6602545, -15, -10), (-6.6282716, -16.002064, -10), (-4.4828773, -16.730326, -10), (-2.2607799, -17.172329, -10), (1.0605752e-15, -17.320509, -10), (2.2607799, -17.172329, -10), (4.4828773, -16.730326, -10), (6.6282716, -16.002064, -10), (8.6602545, -15, -10), (10.544057, -13.741282, -10), (12.247449, -12.247449, -10), (13.741282, -10.544057, -10), (15, -8.6602545, -10), (16.002064, -6.6282716, -10), (16.730326, -4.4828773, -10), (17.172329, -2.2607799, -10), (17.320509, 0, -10), (17.172329, 2.2607799, -10), (16.730326, 4.4828773, -10), (16.002064, 6.6282716, -10), (15, 8.6602545, -10), (13.741282, 10.544057, -10), (12.247449, 12.247449, -10), (10.544057, 13.741282, -10), (8.6602545, 15, -10), (6.6282716, 16.002064, -10), (4.4828773, 16.730326, -10), (2.2607799, 17.172329, -10), (1.0605752e-15, 17.320509, -10), (-2.2607799, 17.172329, -10), (-4.4828773, 16.730326, -10), (-6.6282716, 16.002064, -10), (-8.6602545, 15, -10), (-10.544057, 13.741282, -10), (-12.247449, 12.247449, -10), (-13.741282, 10.544057, -10), (-15, 8.6602545, -10), (-16.002064, 6.6282716, -10), (-16.730326, 4.4828773, -10), (-17.172329, 2.2607799, -10), (-17.320509, 2.1211505e-15, -10), (-16.383041, -2.0063439e-15, -11.471529), (-16.242882, -2.138416, -11.471529), (-15.824802, -4.240243, -11.471529), (-15.135956, -6.2695184, -11.471529), (-14.188129, -8.191521, -11.471529), (-12.99754, -9.973363, -11.471529), (-11.584559, -11.584559, -11.471529), (-9.973363, -12.99754, -11.471529), (-8.191521, -14.188129, -11.471529), (-6.2695184, -15.135956, -11.471529), (-4.240243, -15.824802, -11.471529), (-2.138416, -16.242882, -11.471529), (1.0031719e-15, -16.383041, -11.471529), (2.138416, -16.242882, -11.471529), (4.240243, -15.824802, -11.471529), (6.2695184, -15.135956, -11.471529), (8.191521, -14.188129, -11.471529), (9.973363, -12.99754, -11.471529), (11.584559, -11.584559, -11.471529), (12.99754, -9.973363, -11.471529), (14.188129, -8.191521, -11.471529), (15.135956, -6.2695184, -11.471529), (15.824802, -4.240243, -11.471529), (16.242882, -2.138416, -11.471529), (16.383041, 0, -11.471529), (16.242882, 2.138416, -11.471529), (15.824802, 4.240243, -11.471529), (15.135956, 6.2695184, -11.471529), (14.188129, 8.191521, -11.471529), (12.99754, 9.973363, -11.471529), (11.584559, 11.584559, -11.471529), (9.973363, 12.99754, -11.471529), (8.191521, 14.188129, -11.471529), (6.2695184, 15.135956, -11.471529), (4.240243, 15.824802, -11.471529), (2.138416, 16.242882, -11.471529), (1.0031719e-15, 16.383041, -11.471529), (-2.138416, 16.242882, -11.471529), (-4.240243, 15.824802, -11.471529), (-6.2695184, 15.135956, -11.471529), (-8.191521, 14.188129, -11.471529), (-9.973363, 12.99754, -11.471529), (-11.584559, 11.584559, -11.471529), (-12.99754, 9.973363, -11.471529), (-14.188129, 8.191521, -11.471529), (-15.135956, 6.2695184, -11.471529), (-15.824802, 4.240243, -11.471529), (-16.242882, 2.138416, -11.471529), (-16.383041, 2.0063439e-15, -11.471529), (-15.3208885, -1.8762678e-15, -12.855752), (-15.189816, -1.9997773, -12.855752), (-14.798842, -3.9653378, -12.855752), (-14.154655, -5.8630505, -12.855752), (-13.268279, -7.6604443, -12.855752), (-12.154879, -9.326766, -12.855752), (-10.833505, -10.833505, -12.855752), (-9.326766, -12.154879, -12.855752), (-7.6604443, -13.268279, -12.855752), (-5.8630505, -14.154655, -12.855752), (-3.9653378, -14.798842, -12.855752), (-1.9997773, -15.189816, -12.855752), (9.381339e-16, -15.3208885, -12.855752), (1.9997773, -15.189816, -12.855752), (3.9653378, -14.798842, -12.855752), (5.8630505, -14.154655, -12.855752), (7.6604443, -13.268279, -12.855752), (9.326766, -12.154879, -12.855752), (10.833505, -10.833505, -12.855752), (12.154879, -9.326766, -12.855752), (13.268279, -7.6604443, -12.855752), (14.154655, -5.8630505, -12.855752), (14.798842, -3.9653378, -12.855752), (15.189816, -1.9997773, -12.855752), (15.3208885, 0, -12.855752), (15.189816, 1.9997773, -12.855752), (14.798842, 3.9653378, -12.855752), (14.154655, 5.8630505, -12.855752), (13.268279, 7.6604443, -12.855752), (12.154879, 9.326766, -12.855752), (10.833505, 10.833505, -12.855752), (9.326766, 12.154879, -12.855752), (7.6604443, 13.268279, -12.855752), (5.8630505, 14.154655, -12.855752), (3.9653378, 14.798842, -12.855752), (1.9997773, 15.189816, -12.855752), (9.381339e-16, 15.3208885, -12.855752), (-1.9997773, 15.189816, -12.855752), (-3.9653378, 14.798842, -12.855752), (-5.8630505, 14.154655, -12.855752), (-7.6604443, 13.268279, -12.855752), (-9.326766, 12.154879, -12.855752), (-10.833505, 10.833505, -12.855752), (-12.154879, 9.326766, -12.855752), (-13.268279, 7.6604443, -12.855752), (-14.154655, 5.8630505, -12.855752), (-14.798842, 3.9653378, -12.855752), (-15.189816, 1.9997773, -12.855752), (-15.3208885, 1.8762678e-15, -12.855752), (-14.142136, -1.7319121e-15, -14.142136), (-14.021148, -1.8459191, -14.142136), (-13.6602545, -3.660254, -14.142136), (-13.06563, -5.411961, -14.142136), (-12.247449, -7.071068, -14.142136), (-11.21971, -8.609187, -14.142136), (-10, -10, -14.142136), (-8.609187, -11.21971, -14.142136), (-7.071068, -12.247449, -14.142136), (-5.411961, -13.06563, -14.142136), (-3.660254, -13.6602545, -14.142136), (-1.8459191, -14.021148, -14.142136), (8.6595603e-16, -14.142136, -14.142136), (1.8459191, -14.021148, -14.142136), (3.660254, -13.6602545, -14.142136), (5.411961, -13.06563, -14.142136), (7.071068, -12.247449, -14.142136), (8.609187, -11.21971, -14.142136), (10, -10, -14.142136), (11.21971, -8.609187, -14.142136), (12.247449, -7.071068, -14.142136), (13.06563, -5.411961, -14.142136), (13.6602545, -3.660254, -14.142136), (14.021148, -1.8459191, -14.142136), (14.142136, 0, -14.142136), (14.021148, 1.8459191, -14.142136), (13.6602545, 3.660254, -14.142136), (13.06563, 5.411961, -14.142136), (12.247449, 7.071068, -14.142136), (11.21971, 8.609187, -14.142136), (10, 10, -14.142136), (8.609187, 11.21971, -14.142136), (7.071068, 12.247449, -14.142136), (5.411961, 13.06563, -14.142136), (3.660254, 13.6602545, -14.142136), (1.8459191, 14.021148, -14.142136), (8.6595603e-16, 14.142136, -14.142136), (-1.8459191, 14.021148, -14.142136), (-3.660254, 13.6602545, -14.142136), (-5.411961, 13.06563, -14.142136), (-7.071068, 12.247449, -14.142136), (-8.609187, 11.21971, -14.142136), (-10, 10, -14.142136), (-11.21971, 8.609187, -14.142136), (-12.247449, 7.071068, -14.142136), (-13.06563, 5.411961, -14.142136), (-13.6602545, 3.660254, -14.142136), (-14.021148, 1.8459191, -14.142136), (-14.142136, 1.7319121e-15, -14.142136), (-12.855752, -1.5743756e-15, -15.3208885), (-12.7457695, -1.6780124, -15.3208885), (-12.417703, -3.3273134, -15.3208885), (-11.877167, -4.9196835, -15.3208885), (-11.133408, -6.427876, -15.3208885), (-10.199154, -7.826086, -15.3208885), (-9.090389, -9.090389, -15.3208885), (-7.826086, -10.199154, -15.3208885), (-6.427876, -11.133408, -15.3208885), (-4.9196835, -11.877167, -15.3208885), (-3.3273134, -12.417703, -15.3208885), (-1.6780124, -12.7457695, -15.3208885), (7.871878e-16, -12.855752, -15.3208885), (1.6780124, -12.7457695, -15.3208885), (3.3273134, -12.417703, -15.3208885), (4.9196835, -11.877167, -15.3208885), (6.427876, -11.133408, -15.3208885), (7.826086, -10.199154, -15.3208885), (9.090389, -9.090389, -15.3208885), (10.199154, -7.826086, -15.3208885), (11.133408, -6.427876, -15.3208885), (11.877167, -4.9196835, -15.3208885), (12.417703, -3.3273134, -15.3208885), (12.7457695, -1.6780124, -15.3208885), (12.855752, 0, -15.3208885), (12.7457695, 1.6780124, -15.3208885), (12.417703, 3.3273134, -15.3208885), (11.877167, 4.9196835, -15.3208885), (11.133408, 6.427876, -15.3208885), (10.199154, 7.826086, -15.3208885), (9.090389, 9.090389, -15.3208885), (7.826086, 10.199154, -15.3208885), (6.427876, 11.133408, -15.3208885), (4.9196835, 11.877167, -15.3208885), (3.3273134, 12.417703, -15.3208885), (1.6780124, 12.7457695, -15.3208885), (7.871878e-16, 12.855752, -15.3208885), (-1.6780124, 12.7457695, -15.3208885), (-3.3273134, 12.417703, -15.3208885), (-4.9196835, 11.877167, -15.3208885), (-6.427876, 11.133408, -15.3208885), (-7.826086, 10.199154, -15.3208885), (-9.090389, 9.090389, -15.3208885), (-10.199154, 7.826086, -15.3208885), (-11.133408, 6.427876, -15.3208885), (-11.877167, 4.9196835, -15.3208885), (-12.417703, 3.3273134, -15.3208885), (-12.7457695, 1.6780124, -15.3208885), (-12.855752, 1.5743756e-15, -15.3208885), (-11.471529, -1.4048571e-15, -16.383041), (-11.373388, -1.497335, -16.383041), (-11.080646, -2.9690502, -16.383041), (-10.59831, -4.389964, -16.383041), (-9.934635, -5.7357645, -16.383041), (-9.100976, -6.983424, -16.383041), (-8.111596, -8.111596, -16.383041), (-6.983424, -9.100976, -16.383041), (-5.7357645, -9.934635, -16.383041), (-4.389964, -10.59831, -16.383041), (-2.9690502, -11.080646, -16.383041), (-1.497335, -11.373388, -16.383041), (7.0242854e-16, -11.471529, -16.383041), (1.497335, -11.373388, -16.383041), (2.9690502, -11.080646, -16.383041), (4.389964, -10.59831, -16.383041), (5.7357645, -9.934635, -16.383041), (6.983424, -9.100976, -16.383041), (8.111596, -8.111596, -16.383041), (9.100976, -6.983424, -16.383041), (9.934635, -5.7357645, -16.383041), (10.59831, -4.389964, -16.383041), (11.080646, -2.9690502, -16.383041), (11.373388, -1.497335, -16.383041), (11.471529, 0, -16.383041), (11.373388, 1.497335, -16.383041), (11.080646, 2.9690502, -16.383041), (10.59831, 4.389964, -16.383041), (9.934635, 5.7357645, -16.383041), (9.100976, 6.983424, -16.383041), (8.111596, 8.111596, -16.383041), (6.983424, 9.100976, -16.383041), (5.7357645, 9.934635, -16.383041), (4.389964, 10.59831, -16.383041), (2.9690502, 11.080646, -16.383041), (1.497335, 11.373388, -16.383041), (7.0242854e-16, 11.471529, -16.383041), (-1.497335, 11.373388, -16.383041), (-2.9690502, 11.080646, -16.383041), (-4.389964, 10.59831, -16.383041), (-5.7357645, 9.934635, -16.383041), (-6.983424, 9.100976, -16.383041), (-8.111596, 8.111596, -16.383041), (-9.100976, 6.983424, -16.383041), (-9.934635, 5.7357645, -16.383041), (-10.59831, 4.389964, -16.383041), (-11.080646, 2.9690502, -16.383041), (-11.373388, 1.497335, -16.383041), (-11.471529, 1.4048571e-15, -16.383041), (-10, -1.2246468e-15, -17.320509), (-9.914449, -1.305262, -17.320509), (-9.659258, -2.5881906, -17.320509), (-9.238795, -3.8268344, -17.320509), (-8.6602545, -5, -17.320509), (-7.933533, -6.087614, -17.320509), (-7.071068, -7.071068, -17.320509), (-6.087614, -7.933533, -17.320509), (-5, -8.6602545, -17.320509), (-3.8268344, -9.238795, -17.320509), (-2.5881906, -9.659258, -17.320509), (-1.305262, -9.914449, -17.320509), (6.123234e-16, -10, -17.320509), (1.305262, -9.914449, -17.320509), (2.5881906, -9.659258, -17.320509), (3.8268344, -9.238795, -17.320509), (5, -8.6602545, -17.320509), (6.087614, -7.933533, -17.320509), (7.071068, -7.071068, -17.320509), (7.933533, -6.087614, -17.320509), (8.6602545, -5, -17.320509), (9.238795, -3.8268344, -17.320509), (9.659258, -2.5881906, -17.320509), (9.914449, -1.305262, -17.320509), (10, 0, -17.320509), (9.914449, 1.305262, -17.320509), (9.659258, 2.5881906, -17.320509), (9.238795, 3.8268344, -17.320509), (8.6602545, 5, -17.320509), (7.933533, 6.087614, -17.320509), (7.071068, 7.071068, -17.320509), (6.087614, 7.933533, -17.320509), (5, 8.6602545, -17.320509), (3.8268344, 9.238795, -17.320509), (2.5881906, 9.659258, -17.320509), (1.305262, 9.914449, -17.320509), (6.123234e-16, 10, -17.320509), (-1.305262, 9.914449, -17.320509), (-2.5881906, 9.659258, -17.320509), (-3.8268344, 9.238795, -17.320509), (-5, 8.6602545, -17.320509), (-6.087614, 7.933533, -17.320509), (-7.071068, 7.071068, -17.320509), (-7.933533, 6.087614, -17.320509), (-8.6602545, 5, -17.320509), (-9.238795, 3.8268344, -17.320509), (-9.659258, 2.5881906, -17.320509), (-9.914449, 1.305262, -17.320509), (-10, 1.2246468e-15, -17.320509), (-8.452365, -1.0351162e-15, -18.126156), (-8.380054, -1.103255, -18.126156), (-8.164358, -2.187633, -18.126156), (-7.808967, -3.23458, -18.126156), (-7.319963, -4.2261825, -18.126156), (-6.7057123, -5.145474, -18.126156), (-5.9767246, -5.9767246, -18.126156), (-5.145474, -6.7057123, -18.126156), (-4.2261825, -7.319963, -18.126156), (-3.23458, -7.808967, -18.126156), (-2.187633, -8.164358, -18.126156), (-1.103255, -8.380054, -18.126156), (5.175581e-16, -8.452365, -18.126156), (1.103255, -8.380054, -18.126156), (2.187633, -8.164358, -18.126156), (3.23458, -7.808967, -18.126156), (4.2261825, -7.319963, -18.126156), (5.145474, -6.7057123, -18.126156), (5.9767246, -5.9767246, -18.126156), (6.7057123, -5.145474, -18.126156), (7.319963, -4.2261825, -18.126156), (7.808967, -3.23458, -18.126156), (8.164358, -2.187633, -18.126156), (8.380054, -1.103255, -18.126156), (8.452365, 0, -18.126156), (8.380054, 1.103255, -18.126156), (8.164358, 2.187633, -18.126156), (7.808967, 3.23458, -18.126156), (7.319963, 4.2261825, -18.126156), (6.7057123, 5.145474, -18.126156), (5.9767246, 5.9767246, -18.126156), (5.145474, 6.7057123, -18.126156), (4.2261825, 7.319963, -18.126156), (3.23458, 7.808967, -18.126156), (2.187633, 8.164358, -18.126156), (1.103255, 8.380054, -18.126156), (5.175581e-16, 8.452365, -18.126156), (-1.103255, 8.380054, -18.126156), (-2.187633, 8.164358, -18.126156), (-3.23458, 7.808967, -18.126156), (-4.2261825, 7.319963, -18.126156), (-5.145474, 6.7057123, -18.126156), (-5.9767246, 5.9767246, -18.126156), (-6.7057123, 5.145474, -18.126156), (-7.319963, 4.2261825, -18.126156), (-7.808967, 3.23458, -18.126156), (-8.164358, 2.187633, -18.126156), (-8.380054, 1.103255, -18.126156), (-8.452365, 1.0351162e-15, -18.126156), (-6.840403, -8.3770775e-16, -18.793852), (-6.7818823, -0.8928517, -18.793852), (-6.6073217, -1.7704265, -18.793852), (-6.3197083, -2.617709, -18.793852), (-5.9239626, -3.4202015, -18.793852), (-5.4268565, -4.1641736, -18.793852), (-4.8368955, -4.8368955, -18.793852), (-4.1641736, -5.4268565, -18.793852), (-3.4202015, -5.9239626, -18.793852), (-2.617709, -6.3197083, -18.793852), (-1.7704265, -6.6073217, -18.793852), (-0.8928517, -6.7818823, -18.793852), (4.1885387e-16, -6.840403, -18.793852), (0.8928517, -6.7818823, -18.793852), (1.7704265, -6.6073217, -18.793852), (2.617709, -6.3197083, -18.793852), (3.4202015, -5.9239626, -18.793852), (4.1641736, -5.4268565, -18.793852), (4.8368955, -4.8368955, -18.793852), (5.4268565, -4.1641736, -18.793852), (5.9239626, -3.4202015, -18.793852), (6.3197083, -2.617709, -18.793852), (6.6073217, -1.7704265, -18.793852), (6.7818823, -0.8928517, -18.793852), (6.840403, 0, -18.793852), (6.7818823, 0.8928517, -18.793852), (6.6073217, 1.7704265, -18.793852), (6.3197083, 2.617709, -18.793852), (5.9239626, 3.4202015, -18.793852), (5.4268565, 4.1641736, -18.793852), (4.8368955, 4.8368955, -18.793852), (4.1641736, 5.4268565, -18.793852), (3.4202015, 5.9239626, -18.793852), (2.617709, 6.3197083, -18.793852), (1.7704265, 6.6073217, -18.793852), (0.8928517, 6.7818823, -18.793852), (4.1885387e-16, 6.840403, -18.793852), (-0.8928517, 6.7818823, -18.793852), (-1.7704265, 6.6073217, -18.793852), (-2.617709, 6.3197083, -18.793852), (-3.4202015, 5.9239626, -18.793852), (-4.1641736, 5.4268565, -18.793852), (-4.8368955, 4.8368955, -18.793852), (-5.4268565, 4.1641736, -18.793852), (-5.9239626, 3.4202015, -18.793852), (-6.3197083, 2.617709, -18.793852), (-6.6073217, 1.7704265, -18.793852), (-6.7818823, 0.8928517, -18.793852), (-6.840403, 8.3770775e-16, -18.793852), (-5.176381, -6.3392385e-16, -19.318516), (-5.1320963, -0.6756533, -19.318516), (-5, -1.339746, -19.318516), (-4.7823524, -1.9809152, -19.318516), (-4.4828773, -2.5881906, -19.318516), (-4.106699, -3.151181, -19.318516), (-3.660254, -3.660254, -19.318516), (-3.151181, -4.106699, -19.318516), (-2.5881906, -4.4828773, -19.318516), (-1.9809152, -4.7823524, -19.318516), (-1.339746, -5, -19.318516), (-0.6756533, -5.1320963, -19.318516), (3.1696193e-16, -5.176381, -19.318516), (0.6756533, -5.1320963, -19.318516), (1.339746, -5, -19.318516), (1.9809152, -4.7823524, -19.318516), (2.5881906, -4.4828773, -19.318516), (3.151181, -4.106699, -19.318516), (3.660254, -3.660254, -19.318516), (4.106699, -3.151181, -19.318516), (4.4828773, -2.5881906, -19.318516), (4.7823524, -1.9809152, -19.318516), (5, -1.339746, -19.318516), (5.1320963, -0.6756533, -19.318516), (5.176381, 0, -19.318516), (5.1320963, 0.6756533, -19.318516), (5, 1.339746, -19.318516), (4.7823524, 1.9809152, -19.318516), (4.4828773, 2.5881906, -19.318516), (4.106699, 3.151181, -19.318516), (3.660254, 3.660254, -19.318516), (3.151181, 4.106699, -19.318516), (2.5881906, 4.4828773, -19.318516), (1.9809152, 4.7823524, -19.318516), (1.339746, 5, -19.318516), (0.6756533, 5.1320963, -19.318516), (3.1696193e-16, 5.176381, -19.318516), (-0.6756533, 5.1320963, -19.318516), (-1.339746, 5, -19.318516), (-1.9809152, 4.7823524, -19.318516), (-2.5881906, 4.4828773, -19.318516), (-3.151181, 4.106699, -19.318516), (-3.660254, 3.660254, -19.318516), (-4.106699, 3.151181, -19.318516), (-4.4828773, 2.5881906, -19.318516), (-4.7823524, 1.9809152, -19.318516), (-5, 1.339746, -19.318516), (-5.1320963, 0.6756533, -19.318516), (-5.176381, 6.3392385e-16, -19.318516), (-3.4729636, -4.2531536e-16, -19.696156), (-3.4432518, -0.4533127, -19.696156), (-3.3546252, -0.8988691, -19.696156), (-3.2086, -1.3290457, -19.696156), (-3.0076747, -1.7364818, -19.696156), (-2.7552872, -2.1142063, -19.696156), (-2.4557562, -2.4557562, -19.696156), (-2.1142063, -2.7552872, -19.696156), (-1.7364818, -3.0076747, -19.696156), (-1.3290457, -3.2086, -19.696156), (-0.8988691, -3.3546252, -19.696156), (-0.4533127, -3.4432518, -19.696156), (2.1265768e-16, -3.4729636, -19.696156), (0.4533127, -3.4432518, -19.696156), (0.8988691, -3.3546252, -19.696156), (1.3290457, -3.2086, -19.696156), (1.7364818, -3.0076747, -19.696156), (2.1142063, -2.7552872, -19.696156), (2.4557562, -2.4557562, -19.696156), (2.7552872, -2.1142063, -19.696156), (3.0076747, -1.7364818, -19.696156), (3.2086, -1.3290457, -19.696156), (3.3546252, -0.8988691, -19.696156), (3.4432518, -0.4533127, -19.696156), (3.4729636, 0, -19.696156), (3.4432518, 0.4533127, -19.696156), (3.3546252, 0.8988691, -19.696156), (3.2086, 1.3290457, -19.696156), (3.0076747, 1.7364818, -19.696156), (2.7552872, 2.1142063, -19.696156), (2.4557562, 2.4557562, -19.696156), (2.1142063, 2.7552872, -19.696156), (1.7364818, 3.0076747, -19.696156), (1.3290457, 3.2086, -19.696156), (0.8988691, 3.3546252, -19.696156), (0.4533127, 3.4432518, -19.696156), (2.1265768e-16, 3.4729636, -19.696156), (-0.4533127, 3.4432518, -19.696156), (-0.8988691, 3.3546252, -19.696156), (-1.3290457, 3.2086, -19.696156), (-1.7364818, 3.0076747, -19.696156), (-2.1142063, 2.7552872, -19.696156), (-2.4557562, 2.4557562, -19.696156), (-2.7552872, 2.1142063, -19.696156), (-3.0076747, 1.7364818, -19.696156), (-3.2086, 1.3290457, -19.696156), (-3.3546252, 0.8988691, -19.696156), (-3.4432518, 0.4533127, -19.696156), (-3.4729636, 4.2531536e-16, -19.696156), (-1.7431148, -2.1347e-16, -19.923895), (-1.7282022, -0.22752215, -19.923895), (-1.6837196, -0.4511513, -19.923895), (-1.6104281, -0.66706115, -19.923895), (-1.5095818, -0.8715574, -19.923895), (-1.382906, -1.0611411, -19.923895), (-1.2325684, -1.2325684, -19.923895), (-1.0611411, -1.382906, -19.923895), (-0.8715574, -1.5095818, -19.923895), (-0.66706115, -1.6104281, -19.923895), (-0.4511513, -1.6837196, -19.923895), (-0.22752215, -1.7282022, -19.923895), (1.06735e-16, -1.7431148, -19.923895), (0.22752215, -1.7282022, -19.923895), (0.4511513, -1.6837196, -19.923895), (0.66706115, -1.6104281, -19.923895), (0.8715574, -1.5095818, -19.923895), (1.0611411, -1.382906, -19.923895), (1.2325684, -1.2325684, -19.923895), (1.382906, -1.0611411, -19.923895), (1.5095818, -0.8715574, -19.923895), (1.6104281, -0.66706115, -19.923895), (1.6837196, -0.4511513, -19.923895), (1.7282022, -0.22752215, -19.923895), (1.7431148, 0, -19.923895), (1.7282022, 0.22752215, -19.923895), (1.6837196, 0.4511513, -19.923895), (1.6104281, 0.66706115, -19.923895), (1.5095818, 0.8715574, -19.923895), (1.382906, 1.0611411, -19.923895), (1.2325684, 1.2325684, -19.923895), (1.0611411, 1.382906, -19.923895), (0.8715574, 1.5095818, -19.923895), (0.66706115, 1.6104281, -19.923895), (0.4511513, 1.6837196, -19.923895), (0.22752215, 1.7282022, -19.923895), (1.06735e-16, 1.7431148, -19.923895), (-0.22752215, 1.7282022, -19.923895), (-0.4511513, 1.6837196, -19.923895), (-0.66706115, 1.6104281, -19.923895), (-0.8715574, 1.5095818, -19.923895), (-1.0611411, 1.382906, -19.923895), (-1.2325684, 1.2325684, -19.923895), (-1.382906, 1.0611411, -19.923895), (-1.5095818, 0.8715574, -19.923895), (-1.6104281, 0.66706115, -19.923895), (-1.6837196, 0.4511513, -19.923895), (-1.7282022, 0.22752215, -19.923895), (-1.7431148, 2.1347e-16, -19.923895), (-1.2246468e-15, -1.4997598e-31, -20), (-1.2141697e-15, -1.5984848e-16, -20), (-1.1829179e-15, -3.1696193e-16, -20), (-1.1314262e-15, -4.6865205e-16, -20), (-1.0605752e-15, -6.123234e-16, -20), (-9.715776e-16, -7.4551774e-16, -20), (-8.6595603e-16, -8.6595603e-16, -20), (-7.4551774e-16, -9.715776e-16, -20), (-6.123234e-16, -1.0605752e-15, -20), (-4.6865205e-16, -1.1314262e-15, -20), (-3.1696193e-16, -1.1829179e-15, -20), (-1.5984848e-16, -1.2141697e-15, -20), (7.498799e-32, -1.2246468e-15, -20), (1.5984848e-16, -1.2141697e-15, -20), (3.1696193e-16, -1.1829179e-15, -20), (4.6865205e-16, -1.1314262e-15, -20), (6.123234e-16, -1.0605752e-15, -20), (7.4551774e-16, -9.715776e-16, -20), (8.6595603e-16, -8.6595603e-16, -20), (9.715776e-16, -7.4551774e-16, -20), (1.0605752e-15, -6.123234e-16, -20), (1.1314262e-15, -4.6865205e-16, -20), (1.1829179e-15, -3.1696193e-16, -20), (1.2141697e-15, -1.5984848e-16, -20), (1.2246468e-15, 0, -20), (1.2141697e-15, 1.5984848e-16, -20), (1.1829179e-15, 3.1696193e-16, -20), (1.1314262e-15, 4.6865205e-16, -20), (1.0605752e-15, 6.123234e-16, -20), (9.715776e-16, 7.4551774e-16, -20), (8.6595603e-16, 8.6595603e-16, -20), (7.4551774e-16, 9.715776e-16, -20), (6.123234e-16, 1.0605752e-15, -20), (4.6865205e-16, 1.1314262e-15, -20), (3.1696193e-16, 1.1829179e-15, -20), (1.5984848e-16, 1.2141697e-15, -20), (7.498799e-32, 1.2246468e-15, -20), (-1.5984848e-16, 1.2141697e-15, -20), (-3.1696193e-16, 1.1829179e-15, -20), (-4.6865205e-16, 1.1314262e-15, -20), (-6.123234e-16, 1.0605752e-15, -20), (-7.4551774e-16, 9.715776e-16, -20), (-8.6595603e-16, 8.6595603e-16, -20), (-9.715776e-16, 7.4551774e-16, -20), (-1.0605752e-15, 6.123234e-16, -20), (-1.1314262e-15, 4.6865205e-16, -20), (-1.1829179e-15, 3.1696193e-16, -20), (-1.2141697e-15, 1.5984848e-16, -20), (-1.2246468e-15, 1.4997598e-31, -20)]
                        color3f[] primvars:displayColor = [(0.75, 0.75, 0.75)] (
                            interpolation = "constant"
                        )
                        float[] primvars:displayOpacity = [0.3] (
                            interpolation = "constant"
                        )
                        uniform token purpose = "guide"
                        uniform token subdivisionScheme = "none"
                        matrix4d xformOp:transform = ( (0.7633862853691146, 0.29653990367663563, -0.5738514309800025, 0), (-0.6459422414661738, 0.3504562497996603, -0.6781880547945484, 0), (-2.7755575615628914e-17, 0.88839433952711, 0.45908114478400247, 0), (0, 0, 0, 1.0000000000000002) )
                        matrix4d xformOp:transform.timeSamples = {
                            0: ( (0.7633862853691146, 0.29653990367663563, -0.5738514309800025, 0), (-0.6459422414661738, 0.3504562497996603, -0.6781880547945484, 0), (-2.7755575615628914e-17, 0.88839433952711, 0.45908114478400247, 0), (0, 0, 0, 1.0000000000000002) ),
                            84: ( (0.7633862853691146, 0.29653990367663563, -0.5738514309800025, 0), (-0.6459422414661738, 0.3504562497996603, -0.6781880547945484, 0), (-2.7755575615628914e-17, 0.88839433952711, 0.45908114478400247, 0), (0, 0, 0, 1.0000000000000002) ),
                            96: ( (0.7633862853691145, 0.3593309073264167, -0.5367706012351262, 0), (-0.6459422414661738, 0.4246637995675834, -0.6343652560051491, 0), (5.5511151231257815e-17, 0.8309885416639613, 0.5562895321891312, -0), (0, 0, 0, 0.9999999999999998) ),
                            180: ( (0.7633862853691145, 0.3593309073264167, -0.5367706012351262, 0), (-0.6459422414661738, 0.4246637995675834, -0.6343652560051491, 0), (5.5511151231257815e-17, 0.8309885416639613, 0.5562895321891312, -0), (0, 0, 0, 0.9999999999999998) ),
                            192: ( (0.7633862853691146, 0.29653990367663563, -0.5738514309800025, 0), (-0.6459422414661738, 0.3504562497996603, -0.6781880547945484, 0), (-2.7755575615628914e-17, 0.88839433952711, 0.45908114478400247, 0), (0, 0, 0, 1.0000000000000002) ),
                        }
                        uniform token[] xformOpOrder = ["xformOp:transform"]
                    }
                }
            }

            over "sec_cam_yard_gen_b_fixed_1"
            {
                double aeco:cctv:mountHeight = 2.5

                over "Sensor_0"
                {
                    double aeco:cctvSensor:effectiveWidth = 8.818976585197152
                    double aeco:cctvSensor:hfov = 99.99999999999999
                    double aeco:cctvSensor:targetRange = 4.510999617209059
                    double aeco:cctvSensor:vfov = 54.99999999999999
                    float2 clippingRange = (0.05, 40)
                    float focalLength = 3.7
                    float horizontalAperture = 8.818976
                    float verticalAperture = 3.8521962
                    matrix4d xformOp:transform = ( (0.7633862853691146, -0.6459422414661738, 0, 0), (0.370497248948775, 0.43786038512127956, 0.8191520442889917, 0), (-0.5291249075896298, -0.6253294362422898, 0.5735764363510463, 0), (0, 0, 0, 1) )
                    uniform token[] xformOpOrder = ["xformOp:transform"]

                    def Mesh "Sector" (
                        prepend apiSchemas = ["AecoDerivedGeometryAPI", "MaterialBindingAPI"]
                    )
                    {
                        uniform token aeco:derived:approx = "tessellated"
                        uniform token aeco:derived:role = "sector"
                        string aeco:derived:source = "1680c4a8-fefd-5db9-91b0-a826a9453cc7"
                        string aeco:derived:stamp = "usdAecoCctv derive 0.5.3"
                        uniform bool doubleSided = 1
                        float3[] extent = [(-30.641777, -18.469944, -40), (30.641777, 18.469944, 0)]
                        int[] faceVertexCounts = [4, 4, 4, 4, 4, 4, 4, 4, 4, 4, 4, 4, 4, 4, 4, 4, 4, 4, 4, 4, 4, 4, 4, 4, 4, 4, 4, 4, 4, 4, 4, 4, 4, 4, 4, 4, 4, 4, 4, 4, 4, 4, 4, 4, 4, 4, 4, 4, 4, 4, 4, 4, 4, 4, 4, 4, 4, 4, 4, 4, 4, 4, 4, 4, 4, 4, 4, 4, 4, 4, 4, 4, 4, 4, 4, 4, 4, 4, 4, 4, 4, 4, 4, 4, 4, 4, 4, 4, 4, 4, 4, 4, 4, 4, 4, 4, 4, 4, 4, 4, 4, 4, 4, 4, 4, 4, 4, 4, 4, 4, 4, 4, 4, 4, 4, 4, 4, 4, 4, 4, 4, 4, 4, 4, 4, 4, 4, 4, 4, 4, 4, 4, 4, 4, 4, 4, 4, 4, 4, 4, 4, 4, 4, 4, 4, 4, 4, 4, 4, 4, 4, 4, 4, 4, 4, 4, 4, 4, 4, 4, 4, 4, 4, 4, 4, 4, 4, 4, 4, 4, 4, 4, 4, 4, 4, 4, 4, 4, 4, 4, 4, 4, 4, 4, 4, 4, 4, 4, 4, 4, 4, 4, 4, 4, 4, 4, 4, 4, 4, 4, 4, 4, 4, 4, 4, 4, 4, 4, 4, 4, 4, 4, 4, 4, 4, 4, 4, 4, 4, 4, 4, 4, 4, 4, 4, 4, 4, 4, 4, 4, 4, 4, 4, 4, 4, 4, 4, 4, 4, 4, 4, 4, 4, 4, 4, 4, 4, 4, 4, 4, 4, 4, 4, 4, 4, 4, 4, 4, 4, 4, 4, 4, 4, 4, 4, 4, 4, 4, 4, 4, 4, 4, 4, 4, 4, 4, 4, 4, 4, 4, 4, 4, 4, 4, 4, 4, 4, 4, 4, 4, 4, 4, 4, 4, 4, 4, 4, 4, 4, 4, 4, 4, 4, 4, 4, 4, 4, 4, 4, 4, 4, 4, 4, 4, 4, 4, 4, 4, 4, 4, 4, 4, 4, 4, 4, 4, 4, 4, 4, 4, 4, 4, 4, 4, 4, 4, 3, 3, 3, 3, 3, 3, 3, 3, 3, 3, 3, 3, 3, 3, 3, 3, 3, 3, 3, 3, 3, 3, 3, 3, 3, 3, 3, 3, 3, 3, 3, 3, 3, 3, 3, 3, 3, 3, 3, 3, 3, 3, 3, 3, 3, 3, 3, 3, 3, 3, 3, 3, 3, 3, 3, 3, 3, 3, 3, 3, 3, 3, 3, 3, 3, 3, 3, 3, 3, 3, 3, 3, 3, 3, 3, 3]
                        int[] faceVertexIndices = [1, 26, 27, 2, 2, 27, 28, 3, 3, 28, 29, 4, 4, 29, 30, 5, 5, 30, 31, 6, 6, 31, 32, 7, 7, 32, 33, 8, 8, 33, 34, 9, 9, 34, 35, 10, 10, 35, 36, 11, 11, 36, 37, 12, 12, 37, 38, 13, 13, 38, 39, 14, 14, 39, 40, 15, 15, 40, 41, 16, 16, 41, 42, 17, 17, 42, 43, 18, 18, 43, 44, 19, 19, 44, 45, 20, 20, 45, 46, 21, 21, 46, 47, 22, 22, 47, 48, 23, 23, 48, 49, 24, 24, 49, 50, 25, 26, 51, 52, 27, 27, 52, 53, 28, 28, 53, 54, 29, 29, 54, 55, 30, 30, 55, 56, 31, 31, 56, 57, 32, 32, 57, 58, 33, 33, 58, 59, 34, 34, 59, 60, 35, 35, 60, 61, 36, 36, 61, 62, 37, 37, 62, 63, 38, 38, 63, 64, 39, 39, 64, 65, 40, 40, 65, 66, 41, 41, 66, 67, 42, 42, 67, 68, 43, 43, 68, 69, 44, 44, 69, 70, 45, 45, 70, 71, 46, 46, 71, 72, 47, 47, 72, 73, 48, 48, 73, 74, 49, 49, 74, 75, 50, 51, 76, 77, 52, 52, 77, 78, 53, 53, 78, 79, 54, 54, 79, 80, 55, 55, 80, 81, 56, 56, 81, 82, 57, 57, 82, 83, 58, 58, 83, 84, 59, 59, 84, 85, 60, 60, 85, 86, 61, 61, 86, 87, 62, 62, 87, 88, 63, 63, 88, 89, 64, 64, 89, 90, 65, 65, 90, 91, 66, 66, 91, 92, 67, 67, 92, 93, 68, 68, 93, 94, 69, 69, 94, 95, 70, 70, 95, 96, 71, 71, 96, 97, 72, 72, 97, 98, 73, 73, 98, 99, 74, 74, 99, 100, 75, 76, 101, 102, 77, 77, 102, 103, 78, 78, 103, 104, 79, 79, 104, 105, 80, 80, 105, 106, 81, 81, 106, 107, 82, 82, 107, 108, 83, 83, 108, 109, 84, 84, 109, 110, 85, 85, 110, 111, 86, 86, 111, 112, 87, 87, 112, 113, 88, 88, 113, 114, 89, 89, 114, 115, 90, 90, 115, 116, 91, 91, 116, 117, 92, 92, 117, 118, 93, 93, 118, 119, 94, 94, 119, 120, 95, 95, 120, 121, 96, 96, 121, 122, 97, 97, 122, 123, 98, 98, 123, 124, 99, 99, 124, 125, 100, 101, 126, 127, 102, 102, 127, 128, 103, 103, 128, 129, 104, 104, 129, 130, 105, 105, 130, 131, 106, 106, 131, 132, 107, 107, 132, 133, 108, 108, 133, 134, 109, 109, 134, 135, 110, 110, 135, 136, 111, 111, 136, 137, 112, 112, 137, 138, 113, 113, 138, 139, 114, 114, 139, 140, 115, 115, 140, 141, 116, 116, 141, 142, 117, 117, 142, 143, 118, 118, 143, 144, 119, 119, 144, 145, 120, 120, 145, 146, 121, 121, 146, 147, 122, 122, 147, 148, 123, 123, 148, 149, 124, 124, 149, 150, 125, 126, 151, 152, 127, 127, 152, 153, 128, 128, 153, 154, 129, 129, 154, 155, 130, 130, 155, 156, 131, 131, 156, 157, 132, 132, 157, 158, 133, 133, 158, 159, 134, 134, 159, 160, 135, 135, 160, 161, 136, 136, 161, 162, 137, 137, 162, 163, 138, 138, 163, 164, 139, 139, 164, 165, 140, 140, 165, 166, 141, 141, 166, 167, 142, 142, 167, 168, 143, 143, 168, 169, 144, 144, 169, 170, 145, 145, 170, 171, 146, 146, 171, 172, 147, 147, 172, 173, 148, 148, 173, 174, 149, 149, 174, 175, 150, 151, 176, 177, 152, 152, 177, 178, 153, 153, 178, 179, 154, 154, 179, 180, 155, 155, 180, 181, 156, 156, 181, 182, 157, 157, 182, 183, 158, 158, 183, 184, 159, 159, 184, 185, 160, 160, 185, 186, 161, 161, 186, 187, 162, 162, 187, 188, 163, 163, 188, 189, 164, 164, 189, 190, 165, 165, 190, 191, 166, 166, 191, 192, 167, 167, 192, 193, 168, 168, 193, 194, 169, 169, 194, 195, 170, 170, 195, 196, 171, 171, 196, 197, 172, 172, 197, 198, 173, 173, 198, 199, 174, 174, 199, 200, 175, 176, 201, 202, 177, 177, 202, 203, 178, 178, 203, 204, 179, 179, 204, 205, 180, 180, 205, 206, 181, 181, 206, 207, 182, 182, 207, 208, 183, 183, 208, 209, 184, 184, 209, 210, 185, 185, 210, 211, 186, 186, 211, 212, 187, 187, 212, 213, 188, 188, 213, 214, 189, 189, 214, 215, 190, 190, 215, 216, 191, 191, 216, 217, 192, 192, 217, 218, 193, 193, 218, 219, 194, 194, 219, 220, 195, 195, 220, 221, 196, 196, 221, 222, 197, 197, 222, 223, 198, 198, 223, 224, 199, 199, 224, 225, 200, 201, 226, 227, 202, 202, 227, 228, 203, 203, 228, 229, 204, 204, 229, 230, 205, 205, 230, 231, 206, 206, 231, 232, 207, 207, 232, 233, 208, 208, 233, 234, 209, 209, 234, 235, 210, 210, 235, 236, 211, 211, 236, 237, 212, 212, 237, 238, 213, 213, 238, 239, 214, 214, 239, 240, 215, 215, 240, 241, 216, 216, 241, 242, 217, 217, 242, 243, 218, 218, 243, 244, 219, 219, 244, 245, 220, 220, 245, 246, 221, 221, 246, 247, 222, 222, 247, 248, 223, 223, 248, 249, 224, 224, 249, 250, 225, 226, 251, 252, 227, 227, 252, 253, 228, 228, 253, 254, 229, 229, 254, 255, 230, 230, 255, 256, 231, 231, 256, 257, 232, 232, 257, 258, 233, 233, 258, 259, 234, 234, 259, 260, 235, 235, 260, 261, 236, 236, 261, 262, 237, 237, 262, 263, 238, 238, 263, 264, 239, 239, 264, 265, 240, 240, 265, 266, 241, 241, 266, 267, 242, 242, 267, 268, 243, 243, 268, 269, 244, 244, 269, 270, 245, 245, 270, 271, 246, 246, 271, 272, 247, 247, 272, 273, 248, 248, 273, 274, 249, 249, 274, 275, 250, 251, 276, 277, 252, 252, 277, 278, 253, 253, 278, 279, 254, 254, 279, 280, 255, 255, 280, 281, 256, 256, 281, 282, 257, 257, 282, 283, 258, 258, 283, 284, 259, 259, 284, 285, 260, 260, 285, 286, 261, 261, 286, 287, 262, 262, 287, 288, 263, 263, 288, 289, 264, 264, 289, 290, 265, 265, 290, 291, 266, 266, 291, 292, 267, 267, 292, 293, 268, 268, 293, 294, 269, 269, 294, 295, 270, 270, 295, 296, 271, 271, 296, 297, 272, 272, 297, 298, 273, 273, 298, 299, 274, 274, 299, 300, 275, 276, 301, 302, 277, 277, 302, 303, 278, 278, 303, 304, 279, 279, 304, 305, 280, 280, 305, 306, 281, 281, 306, 307, 282, 282, 307, 308, 283, 283, 308, 309, 284, 284, 309, 310, 285, 285, 310, 311, 286, 286, 311, 312, 287, 287, 312, 313, 288, 288, 313, 314, 289, 289, 314, 315, 290, 290, 315, 316, 291, 291, 316, 317, 292, 292, 317, 318, 293, 293, 318, 319, 294, 294, 319, 320, 295, 295, 320, 321, 296, 296, 321, 322, 297, 297, 322, 323, 298, 298, 323, 324, 299, 299, 324, 325, 300, 301, 326, 327, 302, 302, 327, 328, 303, 303, 328, 329, 304, 304, 329, 330, 305, 305, 330, 331, 306, 306, 331, 332, 307, 307, 332, 333, 308, 308, 333, 334, 309, 309, 334, 335, 310, 310, 335, 336, 311, 311, 336, 337, 312, 312, 337, 338, 313, 313, 338, 339, 314, 314, 339, 340, 315, 315, 340, 341, 316, 316, 341, 342, 317, 317, 342, 343, 318, 318, 343, 344, 319, 319, 344, 345, 320, 320, 345, 346, 321, 321, 346, 347, 322, 322, 347, 348, 323, 323, 348, 349, 324, 324, 349, 350, 325, 326, 351, 352, 327, 327, 352, 353, 328, 328, 353, 354, 329, 329, 354, 355, 330, 330, 355, 356, 331, 331, 356, 357, 332, 332, 357, 358, 333, 333, 358, 359, 334, 334, 359, 360, 335, 335, 360, 361, 336, 336, 361, 362, 337, 337, 362, 363, 338, 338, 363, 364, 339, 339, 364, 365, 340, 340, 365, 366, 341, 341, 366, 367, 342, 342, 367, 368, 343, 343, 368, 369, 344, 344, 369, 370, 345, 345, 370, 371, 346, 346, 371, 372, 347, 347, 372, 373, 348, 348, 373, 374, 349, 349, 374, 375, 350, 0, 1, 2, 0, 2, 3, 0, 3, 4, 0, 4, 5, 0, 5, 6, 0, 6, 7, 0, 7, 8, 0, 8, 9, 0, 9, 10, 0, 10, 11, 0, 11, 12, 0, 12, 13, 0, 13, 14, 0, 14, 15, 0, 15, 16, 0, 16, 17, 0, 17, 18, 0, 18, 19, 0, 19, 20, 0, 20, 21, 0, 21, 22, 0, 22, 23, 0, 23, 24, 0, 24, 25, 0, 352, 351, 0, 353, 352, 0, 354, 353, 0, 355, 354, 0, 356, 355, 0, 357, 356, 0, 358, 357, 0, 359, 358, 0, 360, 359, 0, 361, 360, 0, 362, 361, 0, 363, 362, 0, 364, 363, 0, 365, 364, 0, 366, 365, 0, 367, 366, 0, 368, 367, 0, 369, 368, 0, 370, 369, 0, 371, 370, 0, 372, 371, 0, 373, 372, 0, 374, 373, 0, 375, 374, 0, 26, 1, 0, 51, 26, 0, 76, 51, 0, 101, 76, 0, 126, 101, 0, 151, 126, 0, 176, 151, 0, 201, 176, 0, 226, 201, 0, 251, 226, 0, 276, 251, 0, 301, 276, 0, 326, 301, 0, 351, 326, 0, 25, 50, 0, 50, 75, 0, 75, 100, 0, 100, 125, 0, 125, 150, 0, 150, 175, 0, 175, 200, 0, 200, 225, 0, 225, 250, 0, 250, 275, 0, 275, 300, 0, 300, 325, 0, 325, 350, 0, 350, 375]
                        rel material:binding = </AecoCctvLooks/Sector>
                        point3f[] points = [(0, 0, 0), (-29.058159, -12.692825, -24.38269), (-27.835613, -13.264154, -25.480204), (-26.440596, -13.859344, -26.623552), (-24.850407, -14.473129, -27.802622), (-23.042223, -15.0975275, -29.00208), (-20.994907, -15.721261, -30.200262), (-18.691677, -16.329334, -31.36836), (-16.123579, -16.902966, -32.470295), (-13.293511, -17.42012, -33.46374), (-10.220115, -17.856895, -34.302776), (-6.9404283, -18.189793, -34.942265), (-3.5100682, -18.398695, -35.343563), (0, -18.469944, -35.480434), (3.5100682, -18.398695, -35.343563), (6.9404283, -18.189793, -34.942265), (10.220115, -17.856895, -34.302776), (13.293511, -17.42012, -33.46374), (16.123579, -16.902966, -32.470295), (18.691677, -16.329334, -31.36836), (20.994907, -15.721261, -30.200262), (23.042223, -15.0975275, -29.00208), (24.850407, -14.473129, -27.802622), (26.440596, -13.859344, -26.623552), (27.835613, -13.264154, -25.480204), (29.058159, -12.692825, -24.38269), (-29.454247, -11.027863, -24.715048), (-28.25075, -11.538835, -25.86021), (-26.871998, -12.073261, -27.05794), (-25.29356, -12.626765, -28.298422), (-23.490412, -13.192446, -29.566195), (-21.438816, -13.760284, -30.838802), (-19.119127, -14.316652, -32.085705), (-16.51964, -14.844146, -33.267895), (-13.641143, -15.322, -34.338833), (-10.501512, -15.727338, -35.247257), (-7.1390266, -16.037388, -35.942127), (-3.6129308, -16.232458, -36.379307), (0, -16.299082, -36.528618), (3.6129308, -16.232458, -36.379307), (7.1390266, -16.037388, -35.942127), (10.501512, -15.727338, -35.247257), (13.641143, -15.322, -34.338833), (16.51964, -14.844146, -33.267895), (19.119127, -14.316652, -32.085705), (21.438816, -13.760284, -30.838802), (23.490412, -13.192446, -29.566195), (25.29356, -12.626765, -28.298422), (26.871998, -12.073261, -27.05794), (28.25075, -11.538835, -25.86021), (29.454247, -11.027863, -24.715048), (-29.802357, -9.298498, -25.007147), (-28.61691, -9.740326, -26.195389), (-27.254007, -10.204079, -27.442593), (-25.687647, -10.686248, -28.739326), (-23.890797, -11.1810875, -30.070137), (-21.837265, -11.680021, -31.411957), (-19.504673, -12.171128, -32.732727), (-16.878586, -12.638906, -33.990757), (-13.957614, -13.064555, -35.135487), (-10.758688, -13.427077, -36.110443), (-7.3210874, -13.705315, -36.85873), (-3.707413, -13.880796, -37.330666), (0, -13.9408045, -37.49205), (3.707413, -13.880796, -37.330666), (7.3210874, -13.705315, -36.85873), (10.758688, -13.427077, -36.110443), (13.957614, -13.064555, -35.135487), (16.878586, -12.638906, -33.990757), (19.504673, -12.171128, -32.732727), (21.837265, -11.680021, -31.411957), (23.890797, -11.1810875, -30.070137), (25.687647, -10.686248, -28.739326), (27.254007, -10.204079, -27.442593), (28.61691, -9.740326, -26.195389), (29.802357, -9.298498, -25.007147), (-30.096544, -7.5122285, -25.254), (-28.927328, -7.8767858, -26.479538), (-27.578978, -8.260599, -27.769812), (-26.024157, -8.66099, -29.115812), (-24.234064, -9.073392, -30.502192), (-22.180332, -9.490813, -31.905443), (-19.838083, -9.903343, -33.292255), (-17.19034, -10.29788, -34.618576), (-14.233601, -10.658306, -35.830227), (-10.983769, -10.966387, -36.86591), (-7.480876, -11.203556, -37.663204), (-3.790486, -11.353462, -38.16715), (0, -11.404784, -38.339676), (3.790486, -11.353462, -38.16715), (7.480876, -11.203556, -37.663204), (10.983769, -10.966387, -36.86591), (14.233601, -10.658306, -35.830227), (17.19034, -10.29788, -34.618576), (19.838083, -9.903343, -33.292255), (22.180332, -9.490813, -31.905443), (24.234064, -9.073392, -30.502192), (26.024157, -8.66099, -29.115812), (27.578978, -8.260599, -27.769812), (28.927328, -7.8767858, -26.479538), (30.096544, -7.5122285, -25.254), (-30.331478, -5.6781516, -25.451132), (-29.175873, -5.9583473, -26.70705), (-27.83993, -6.2540708, -28.03257), (-26.295227, -6.563403, -29.419088), (-24.511526, -6.8829565, -30.851418), (-22.458635, -7.2074227, -32.30577), (-20.109562, -7.529151, -33.747852), (-17.445127, -7.837884, -35.131683), (-14.459952, -8.120851, -36.40002), (-11.168944, -8.363452, -37.48743), (-7.6126566, -8.550685, -38.326664), (-3.859106, -8.669247, -38.858093), (0, -8.709877, -39.04021), (3.859106, -8.669247, -38.858093), (7.6126566, -8.550685, -38.326664), (11.168944, -8.363452, -37.48743), (14.459952, -8.120851, -36.40002), (17.445127, -7.837884, -35.131683), (20.109562, -7.529151, -33.747852), (22.458635, -7.2074227, -32.30577), (24.511526, -6.8829565, -30.851418), (26.295227, -6.563403, -29.419088), (27.83993, -6.2540708, -28.03257), (29.175873, -5.9583473, -26.70705), (30.331478, -5.6781516, -25.451132), (-30.502695, -3.8068027, -25.5948), (-29.357378, -3.9969432, -26.873198), (-28.030924, -4.1979847, -28.224886), (-26.49412, -4.4086986, -29.64161), (-24.71565, -4.6268506, -31.108341), (-22.663961, -4.8488774, -32.601124), (-20.310444, -5.0695753, -34.084972), (-17.634218, -5.281893, -35.512478), (-14.6284075, -5.4769716, -36.824074), (-11.307097, -5.644602, -37.951126), (-7.7111673, -5.774223, -38.822624), (-3.9104667, -5.856417, -39.375256), (0, -5.8846054, -39.564774), (3.9104667, -5.856417, -39.375256), (7.7111673, -5.774223, -38.822624), (11.307097, -5.644602, -37.951126), (14.6284075, -5.4769716, -36.824074), (17.634218, -5.281893, -35.512478), (20.310444, -5.0695753, -34.084972), (22.663961, -4.8488774, -32.601124), (24.71565, -4.6268506, -31.108341), (26.49412, -4.4086986, -29.64161), (28.030924, -4.1979847, -28.224886), (29.357378, -3.9969432, -26.873198), (30.502695, -3.8068027, -25.5948), (-30.606829, -1.9098995, -25.682178), (-29.467922, -2.0059967, -26.974388), (-28.147427, -2.107716, -28.342194), (-26.615644, -2.2144601, -29.777569), (-24.840601, -2.325121, -31.26561), (-22.789894, -2.43791, -32.782272), (-20.4339, -2.5501955, -34.29216), (-17.750666, -2.658386, -35.746983), (-14.732351, -2.7579443, -37.08573), (-11.392492, -2.8436155, -38.237743), (-7.7721415, -2.9099405, -39.129604), (-3.9422853, -2.9520347, -39.69564), (0, -2.9664772, -39.889847), (3.9422853, -2.9520347, -39.69564), (7.7721415, -2.9099405, -39.129604), (11.392492, -2.8436155, -38.237743), (14.732351, -2.7579443, -37.08573), (17.750666, -2.658386, -35.746983), (20.4339, -2.5501955, -34.29216), (22.789894, -2.43791, -32.782272), (24.840601, -2.325121, -31.26561), (26.615644, -2.2144601, -29.777569), (28.147427, -2.107716, -28.342194), (29.467922, -2.0059967, -26.974388), (30.606829, -1.9098995, -25.682178), (-30.641777, 0, -25.711504), (-29.505047, 0, -27.008371), (-28.186584, 0, -28.381622), (-26.656525, 0, -29.823307), (-24.882675, 0, -31.318565), (-22.83234, 0, -32.84333), (-20.475557, 0, -34.362064), (-17.789997, 0, -35.82619), (-14.767495, 0, -37.1742), (-11.42139, 0, -38.334736), (-7.79279, 0, -39.233562), (-3.9530652, 0, -39.804188), (0, 0, -40), (3.9530652, 0, -39.804188), (7.79279, 0, -39.233562), (11.42139, 0, -38.334736), (14.767495, 0, -37.1742), (17.789997, 0, -35.82619), (20.475557, 0, -34.362064), (22.83234, 0, -32.84333), (24.882675, 0, -31.318565), (26.656525, 0, -29.823307), (28.186584, 0, -28.381622), (29.505047, 0, -27.008371), (30.641777, 0, -25.711504), (-30.606829, 1.9098995, -25.682178), (-29.467922, 2.0059967, -26.974388), (-28.147427, 2.107716, -28.342194), (-26.615644, 2.2144601, -29.777569), (-24.840601, 2.325121, -31.26561), (-22.789894, 2.43791, -32.782272), (-20.4339, 2.5501955, -34.29216), (-17.750666, 2.658386, -35.746983), (-14.732351, 2.7579443, -37.08573), (-11.392492, 2.8436155, -38.237743), (-7.7721415, 2.9099405, -39.129604), (-3.9422853, 2.9520347, -39.69564), (0, 2.9664772, -39.889847), (3.9422853, 2.9520347, -39.69564), (7.7721415, 2.9099405, -39.129604), (11.392492, 2.8436155, -38.237743), (14.732351, 2.7579443, -37.08573), (17.750666, 2.658386, -35.746983), (20.4339, 2.5501955, -34.29216), (22.789894, 2.43791, -32.782272), (24.840601, 2.325121, -31.26561), (26.615644, 2.2144601, -29.777569), (28.147427, 2.107716, -28.342194), (29.467922, 2.0059967, -26.974388), (30.606829, 1.9098995, -25.682178), (-30.502695, 3.8068027, -25.5948), (-29.357378, 3.9969432, -26.873198), (-28.030924, 4.1979847, -28.224886), (-26.49412, 4.4086986, -29.64161), (-24.71565, 4.6268506, -31.108341), (-22.663961, 4.8488774, -32.601124), (-20.310444, 5.0695753, -34.084972), (-17.634218, 5.281893, -35.512478), (-14.6284075, 5.4769716, -36.824074), (-11.307097, 5.644602, -37.951126), (-7.7111673, 5.774223, -38.822624), (-3.9104667, 5.856417, -39.375256), (0, 5.8846054, -39.564774), (3.9104667, 5.856417, -39.375256), (7.7111673, 5.774223, -38.822624), (11.307097, 5.644602, -37.951126), (14.6284075, 5.4769716, -36.824074), (17.634218, 5.281893, -35.512478), (20.310444, 5.0695753, -34.084972), (22.663961, 4.8488774, -32.601124), (24.71565, 4.6268506, -31.108341), (26.49412, 4.4086986, -29.64161), (28.030924, 4.1979847, -28.224886), (29.357378, 3.9969432, -26.873198), (30.502695, 3.8068027, -25.5948), (-30.331478, 5.6781516, -25.451132), (-29.175873, 5.9583473, -26.70705), (-27.83993, 6.2540708, -28.03257), (-26.295227, 6.563403, -29.419088), (-24.511526, 6.8829565, -30.851418), (-22.458635, 7.2074227, -32.30577), (-20.109562, 7.529151, -33.747852), (-17.445127, 7.837884, -35.131683), (-14.459952, 8.120851, -36.40002), (-11.168944, 8.363452, -37.48743), (-7.6126566, 8.550685, -38.326664), (-3.859106, 8.669247, -38.858093), (0, 8.709877, -39.04021), (3.859106, 8.669247, -38.858093), (7.6126566, 8.550685, -38.326664), (11.168944, 8.363452, -37.48743), (14.459952, 8.120851, -36.40002), (17.445127, 7.837884, -35.131683), (20.109562, 7.529151, -33.747852), (22.458635, 7.2074227, -32.30577), (24.511526, 6.8829565, -30.851418), (26.295227, 6.563403, -29.419088), (27.83993, 6.2540708, -28.03257), (29.175873, 5.9583473, -26.70705), (30.331478, 5.6781516, -25.451132), (-30.096544, 7.5122285, -25.254), (-28.927328, 7.8767858, -26.479538), (-27.578978, 8.260599, -27.769812), (-26.024157, 8.66099, -29.115812), (-24.234064, 9.073392, -30.502192), (-22.180332, 9.490813, -31.905443), (-19.838083, 9.903343, -33.292255), (-17.19034, 10.29788, -34.618576), (-14.233601, 10.658306, -35.830227), (-10.983769, 10.966387, -36.86591), (-7.480876, 11.203556, -37.663204), (-3.790486, 11.353462, -38.16715), (0, 11.404784, -38.339676), (3.790486, 11.353462, -38.16715), (7.480876, 11.203556, -37.663204), (10.983769, 10.966387, -36.86591), (14.233601, 10.658306, -35.830227), (17.19034, 10.29788, -34.618576), (19.838083, 9.903343, -33.292255), (22.180332, 9.490813, -31.905443), (24.234064, 9.073392, -30.502192), (26.024157, 8.66099, -29.115812), (27.578978, 8.260599, -27.769812), (28.927328, 7.8767858, -26.479538), (30.096544, 7.5122285, -25.254), (-29.802357, 9.298498, -25.007147), (-28.61691, 9.740326, -26.195389), (-27.254007, 10.204079, -27.442593), (-25.687647, 10.686248, -28.739326), (-23.890797, 11.1810875, -30.070137), (-21.837265, 11.680021, -31.411957), (-19.504673, 12.171128, -32.732727), (-16.878586, 12.638906, -33.990757), (-13.957614, 13.064555, -35.135487), (-10.758688, 13.427077, -36.110443), (-7.3210874, 13.705315, -36.85873), (-3.707413, 13.880796, -37.330666), (0, 13.9408045, -37.49205), (3.707413, 13.880796, -37.330666), (7.3210874, 13.705315, -36.85873), (10.758688, 13.427077, -36.110443), (13.957614, 13.064555, -35.135487), (16.878586, 12.638906, -33.990757), (19.504673, 12.171128, -32.732727), (21.837265, 11.680021, -31.411957), (23.890797, 11.1810875, -30.070137), (25.687647, 10.686248, -28.739326), (27.254007, 10.204079, -27.442593), (28.61691, 9.740326, -26.195389), (29.802357, 9.298498, -25.007147), (-29.454247, 11.027863, -24.715048), (-28.25075, 11.538835, -25.86021), (-26.871998, 12.073261, -27.05794), (-25.29356, 12.626765, -28.298422), (-23.490412, 13.192446, -29.566195), (-21.438816, 13.760284, -30.838802), (-19.119127, 14.316652, -32.085705), (-16.51964, 14.844146, -33.267895), (-13.641143, 15.322, -34.338833), (-10.501512, 15.727338, -35.247257), (-7.1390266, 16.037388, -35.942127), (-3.6129308, 16.232458, -36.379307), (0, 16.299082, -36.528618), (3.6129308, 16.232458, -36.379307), (7.1390266, 16.037388, -35.942127), (10.501512, 15.727338, -35.247257), (13.641143, 15.322, -34.338833), (16.51964, 14.844146, -33.267895), (19.119127, 14.316652, -32.085705), (21.438816, 13.760284, -30.838802), (23.490412, 13.192446, -29.566195), (25.29356, 12.626765, -28.298422), (26.871998, 12.073261, -27.05794), (28.25075, 11.538835, -25.86021), (29.454247, 11.027863, -24.715048), (-29.058159, 12.692825, -24.38269), (-27.835613, 13.264154, -25.480204), (-26.440596, 13.859344, -26.623552), (-24.850407, 14.473129, -27.802622), (-23.042223, 15.0975275, -29.00208), (-20.994907, 15.721261, -30.200262), (-18.691677, 16.329334, -31.36836), (-16.123579, 16.902966, -32.470295), (-13.293511, 17.42012, -33.46374), (-10.220115, 17.856895, -34.302776), (-6.9404283, 18.189793, -34.942265), (-3.5100682, 18.398695, -35.343563), (0, 18.469944, -35.480434), (3.5100682, 18.398695, -35.343563), (6.9404283, 18.189793, -34.942265), (10.220115, 17.856895, -34.302776), (13.293511, 17.42012, -33.46374), (16.123579, 16.902966, -32.470295), (18.691677, 16.329334, -31.36836), (20.994907, 15.721261, -30.200262), (23.042223, 15.0975275, -29.00208), (24.850407, 14.473129, -27.802622), (26.440596, 13.859344, -26.623552), (27.835613, 13.264154, -25.480204), (29.058159, 12.692825, -24.38269)]
                        color3f[] primvars:displayColor = [(0, 0.85, 0.95)] (
                            interpolation = "constant"
                        )
                        float[] primvars:displayOpacity = [0.3] (
                            interpolation = "constant"
                        )
                        uniform token purpose = "guide"
                        uniform token subdivisionScheme = "none"
                    }

                    def Mesh "Shell_identify" (
                        prepend apiSchemas = ["AecoDerivedGeometryAPI", "MaterialBindingAPI"]
                    )
                    {
                        uniform token aeco:derived:approx = "tessellated"
                        uniform token aeco:derived:role = "coverage"
                        string aeco:derived:source = "1680c4a8-fefd-5db9-91b0-a826a9453cc7"
                        string aeco:derived:stamp = "usdAecoCctv derive 0.5.3"
                        uniform bool doubleSided = 1
                        float3[] extent = [(-3.4556262, -2.0829477, -4.5109997), (3.4556262, 2.0829477, 0)]
                        int[] faceVertexCounts = [4, 4, 4, 4, 4, 4, 4, 4, 4, 4, 4, 4, 4, 4, 4, 4, 4, 4, 4, 4, 4, 4, 4, 4, 4, 4, 4, 4, 4, 4, 4, 4, 4, 4, 4, 4, 4, 4, 4, 4, 4, 4, 4, 4, 4, 4, 4, 4, 4, 4, 4, 4, 4, 4, 4, 4, 4, 4, 4, 4, 4, 4, 4, 4, 4, 4, 4, 4, 4, 4, 4, 4, 4, 4, 4, 4, 4, 4, 4, 4, 4, 4, 4, 4, 4, 4, 4, 4, 4, 4, 4, 4, 4, 4, 4, 4, 4, 4, 4, 4, 4, 4, 4, 4, 4, 4, 4, 4, 4, 4, 4, 4, 4, 4, 4, 4, 4, 4, 4, 4, 4, 4, 4, 4, 4, 4, 4, 4, 4, 4, 4, 4, 4, 4, 4, 4, 4, 4, 4, 4, 4, 4, 4, 4, 4, 4, 4, 4, 4, 4, 4, 4, 4, 4, 4, 4, 4, 4, 4, 4, 4, 4, 4, 4, 4, 4, 4, 4, 4, 4, 4, 4, 4, 4, 4, 4, 4, 4, 4, 4, 4, 4, 4, 4, 4, 4, 4, 4, 4, 4, 4, 4, 4, 4, 4, 4, 4, 4, 4, 4, 4, 4, 4, 4, 4, 4, 4, 4, 4, 4, 4, 4, 4, 4, 4, 4, 4, 4, 4, 4, 4, 4, 4, 4, 4, 4, 4, 4, 4, 4, 4, 4, 4, 4, 4, 4, 4, 4, 4, 4, 4, 4, 4, 4, 4, 4, 4, 4, 4, 4, 4, 4, 4, 4, 4, 4, 4, 4, 4, 4, 4, 4, 4, 4, 4, 4, 4, 4, 4, 4, 4, 4, 4, 4, 4, 4, 4, 4, 4, 4, 4, 4, 4, 4, 4, 4, 4, 4, 4, 4, 4, 4, 4, 4, 4, 4, 4, 4, 4, 4, 4, 4, 4, 4, 4, 4, 4, 4, 4, 4, 4, 4, 4, 4, 4, 4, 4, 4, 4, 4, 4, 4, 4, 4, 4, 4, 4, 4, 4, 4, 4, 4, 4, 4, 4, 4, 3, 3, 3, 3, 3, 3, 3, 3, 3, 3, 3, 3, 3, 3, 3, 3, 3, 3, 3, 3, 3, 3, 3, 3, 3, 3, 3, 3, 3, 3, 3, 3, 3, 3, 3, 3, 3, 3, 3, 3, 3, 3, 3, 3, 3, 3, 3, 3, 3, 3, 3, 3, 3, 3, 3, 3, 3, 3, 3, 3, 3, 3, 3, 3, 3, 3, 3, 3, 3, 3, 3, 3, 3, 3, 3, 3]
                        int[] faceVertexIndices = [1, 26, 27, 2, 2, 27, 28, 3, 3, 28, 29, 4, 4, 29, 30, 5, 5, 30, 31, 6, 6, 31, 32, 7, 7, 32, 33, 8, 8, 33, 34, 9, 9, 34, 35, 10, 10, 35, 36, 11, 11, 36, 37, 12, 12, 37, 38, 13, 13, 38, 39, 14, 14, 39, 40, 15, 15, 40, 41, 16, 16, 41, 42, 17, 17, 42, 43, 18, 18, 43, 44, 19, 19, 44, 45, 20, 20, 45, 46, 21, 21, 46, 47, 22, 22, 47, 48, 23, 23, 48, 49, 24, 24, 49, 50, 25, 26, 51, 52, 27, 27, 52, 53, 28, 28, 53, 54, 29, 29, 54, 55, 30, 30, 55, 56, 31, 31, 56, 57, 32, 32, 57, 58, 33, 33, 58, 59, 34, 34, 59, 60, 35, 35, 60, 61, 36, 36, 61, 62, 37, 37, 62, 63, 38, 38, 63, 64, 39, 39, 64, 65, 40, 40, 65, 66, 41, 41, 66, 67, 42, 42, 67, 68, 43, 43, 68, 69, 44, 44, 69, 70, 45, 45, 70, 71, 46, 46, 71, 72, 47, 47, 72, 73, 48, 48, 73, 74, 49, 49, 74, 75, 50, 51, 76, 77, 52, 52, 77, 78, 53, 53, 78, 79, 54, 54, 79, 80, 55, 55, 80, 81, 56, 56, 81, 82, 57, 57, 82, 83, 58, 58, 83, 84, 59, 59, 84, 85, 60, 60, 85, 86, 61, 61, 86, 87, 62, 62, 87, 88, 63, 63, 88, 89, 64, 64, 89, 90, 65, 65, 90, 91, 66, 66, 91, 92, 67, 67, 92, 93, 68, 68, 93, 94, 69, 69, 94, 95, 70, 70, 95, 96, 71, 71, 96, 97, 72, 72, 97, 98, 73, 73, 98, 99, 74, 74, 99, 100, 75, 76, 101, 102, 77, 77, 102, 103, 78, 78, 103, 104, 79, 79, 104, 105, 80, 80, 105, 106, 81, 81, 106, 107, 82, 82, 107, 108, 83, 83, 108, 109, 84, 84, 109, 110, 85, 85, 110, 111, 86, 86, 111, 112, 87, 87, 112, 113, 88, 88, 113, 114, 89, 89, 114, 115, 90, 90, 115, 116, 91, 91, 116, 117, 92, 92, 117, 118, 93, 93, 118, 119, 94, 94, 119, 120, 95, 95, 120, 121, 96, 96, 121, 122, 97, 97, 122, 123, 98, 98, 123, 124, 99, 99, 124, 125, 100, 101, 126, 127, 102, 102, 127, 128, 103, 103, 128, 129, 104, 104, 129, 130, 105, 105, 130, 131, 106, 106, 131, 132, 107, 107, 132, 133, 108, 108, 133, 134, 109, 109, 134, 135, 110, 110, 135, 136, 111, 111, 136, 137, 112, 112, 137, 138, 113, 113, 138, 139, 114, 114, 139, 140, 115, 115, 140, 141, 116, 116, 141, 142, 117, 117, 142, 143, 118, 118, 143, 144, 119, 119, 144, 145, 120, 120, 145, 146, 121, 121, 146, 147, 122, 122, 147, 148, 123, 123, 148, 149, 124, 124, 149, 150, 125, 126, 151, 152, 127, 127, 152, 153, 128, 128, 153, 154, 129, 129, 154, 155, 130, 130, 155, 156, 131, 131, 156, 157, 132, 132, 157, 158, 133, 133, 158, 159, 134, 134, 159, 160, 135, 135, 160, 161, 136, 136, 161, 162, 137, 137, 162, 163, 138, 138, 163, 164, 139, 139, 164, 165, 140, 140, 165, 166, 141, 141, 166, 167, 142, 142, 167, 168, 143, 143, 168, 169, 144, 144, 169, 170, 145, 145, 170, 171, 146, 146, 171, 172, 147, 147, 172, 173, 148, 148, 173, 174, 149, 149, 174, 175, 150, 151, 176, 177, 152, 152, 177, 178, 153, 153, 178, 179, 154, 154, 179, 180, 155, 155, 180, 181, 156, 156, 181, 182, 157, 157, 182, 183, 158, 158, 183, 184, 159, 159, 184, 185, 160, 160, 185, 186, 161, 161, 186, 187, 162, 162, 187, 188, 163, 163, 188, 189, 164, 164, 189, 190, 165, 165, 190, 191, 166, 166, 191, 192, 167, 167, 192, 193, 168, 168, 193, 194, 169, 169, 194, 195, 170, 170, 195, 196, 171, 171, 196, 197, 172, 172, 197, 198, 173, 173, 198, 199, 174, 174, 199, 200, 175, 176, 201, 202, 177, 177, 202, 203, 178, 178, 203, 204, 179, 179, 204, 205, 180, 180, 205, 206, 181, 181, 206, 207, 182, 182, 207, 208, 183, 183, 208, 209, 184, 184, 209, 210, 185, 185, 210, 211, 186, 186, 211, 212, 187, 187, 212, 213, 188, 188, 213, 214, 189, 189, 214, 215, 190, 190, 215, 216, 191, 191, 216, 217, 192, 192, 217, 218, 193, 193, 218, 219, 194, 194, 219, 220, 195, 195, 220, 221, 196, 196, 221, 222, 197, 197, 222, 223, 198, 198, 223, 224, 199, 199, 224, 225, 200, 201, 226, 227, 202, 202, 227, 228, 203, 203, 228, 229, 204, 204, 229, 230, 205, 205, 230, 231, 206, 206, 231, 232, 207, 207, 232, 233, 208, 208, 233, 234, 209, 209, 234, 235, 210, 210, 235, 236, 211, 211, 236, 237, 212, 212, 237, 238, 213, 213, 238, 239, 214, 214, 239, 240, 215, 215, 240, 241, 216, 216, 241, 242, 217, 217, 242, 243, 218, 218, 243, 244, 219, 219, 244, 245, 220, 220, 245, 246, 221, 221, 246, 247, 222, 222, 247, 248, 223, 223, 248, 249, 224, 224, 249, 250, 225, 226, 251, 252, 227, 227, 252, 253, 228, 228, 253, 254, 229, 229, 254, 255, 230, 230, 255, 256, 231, 231, 256, 257, 232, 232, 257, 258, 233, 233, 258, 259, 234, 234, 259, 260, 235, 235, 260, 261, 236, 236, 261, 262, 237, 237, 262, 263, 238, 238, 263, 264, 239, 239, 264, 265, 240, 240, 265, 266, 241, 241, 266, 267, 242, 242, 267, 268, 243, 243, 268, 269, 244, 244, 269, 270, 245, 245, 270, 271, 246, 246, 271, 272, 247, 247, 272, 273, 248, 248, 273, 274, 249, 249, 274, 275, 250, 251, 276, 277, 252, 252, 277, 278, 253, 253, 278, 279, 254, 254, 279, 280, 255, 255, 280, 281, 256, 256, 281, 282, 257, 257, 282, 283, 258, 258, 283, 284, 259, 259, 284, 285, 260, 260, 285, 286, 261, 261, 286, 287, 262, 262, 287, 288, 263, 263, 288, 289, 264, 264, 289, 290, 265, 265, 290, 291, 266, 266, 291, 292, 267, 267, 292, 293, 268, 268, 293, 294, 269, 269, 294, 295, 270, 270, 295, 296, 271, 271, 296, 297, 272, 272, 297, 298, 273, 273, 298, 299, 274, 274, 299, 300, 275, 276, 301, 302, 277, 277, 302, 303, 278, 278, 303, 304, 279, 279, 304, 305, 280, 280, 305, 306, 281, 281, 306, 307, 282, 282, 307, 308, 283, 283, 308, 309, 284, 284, 309, 310, 285, 285, 310, 311, 286, 286, 311, 312, 287, 287, 312, 313, 288, 288, 313, 314, 289, 289, 314, 315, 290, 290, 315, 316, 291, 291, 316, 317, 292, 292, 317, 318, 293, 293, 318, 319, 294, 294, 319, 320, 295, 295, 320, 321, 296, 296, 321, 322, 297, 297, 322, 323, 298, 298, 323, 324, 299, 299, 324, 325, 300, 301, 326, 327, 302, 302, 327, 328, 303, 303, 328, 329, 304, 304, 329, 330, 305, 305, 330, 331, 306, 306, 331, 332, 307, 307, 332, 333, 308, 308, 333, 334, 309, 309, 334, 335, 310, 310, 335, 336, 311, 311, 336, 337, 312, 312, 337, 338, 313, 313, 338, 339, 314, 314, 339, 340, 315, 315, 340, 341, 316, 316, 341, 342, 317, 317, 342, 343, 318, 318, 343, 344, 319, 319, 344, 345, 320, 320, 345, 346, 321, 321, 346, 347, 322, 322, 347, 348, 323, 323, 348, 349, 324, 324, 349, 350, 325, 326, 351, 352, 327, 327, 352, 353, 328, 328, 353, 354, 329, 329, 354, 355, 330, 330, 355, 356, 331, 331, 356, 357, 332, 332, 357, 358, 333, 333, 358, 359, 334, 334, 359, 360, 335, 335, 360, 361, 336, 336, 361, 362, 337, 337, 362, 363, 338, 338, 363, 364, 339, 339, 364, 365, 340, 340, 365, 366, 341, 341, 366, 367, 342, 342, 367, 368, 343, 343, 368, 369, 344, 344, 369, 370, 345, 345, 370, 371, 346, 346, 371, 372, 347, 347, 372, 373, 348, 348, 373, 374, 349, 349, 374, 375, 350, 0, 1, 2, 0, 2, 3, 0, 3, 4, 0, 4, 5, 0, 5, 6, 0, 6, 7, 0, 7, 8, 0, 8, 9, 0, 9, 10, 0, 10, 11, 0, 11, 12, 0, 12, 13, 0, 13, 14, 0, 14, 15, 0, 15, 16, 0, 16, 17, 0, 17, 18, 0, 18, 19, 0, 19, 20, 0, 20, 21, 0, 21, 22, 0, 22, 23, 0, 23, 24, 0, 24, 25, 0, 352, 351, 0, 353, 352, 0, 354, 353, 0, 355, 354, 0, 356, 355, 0, 357, 356, 0, 358, 357, 0, 359, 358, 0, 360, 359, 0, 361, 360, 0, 362, 361, 0, 363, 362, 0, 364, 363, 0, 365, 364, 0, 366, 365, 0, 367, 366, 0, 368, 367, 0, 369, 368, 0, 370, 369, 0, 371, 370, 0, 372, 371, 0, 373, 372, 0, 374, 373, 0, 375, 374, 0, 26, 1, 0, 51, 26, 0, 76, 51, 0, 101, 76, 0, 126, 101, 0, 151, 126, 0, 176, 151, 0, 201, 176, 0, 226, 201, 0, 251, 226, 0, 276, 251, 0, 301, 276, 0, 326, 301, 0, 351, 326, 0, 25, 50, 0, 50, 75, 0, 75, 100, 0, 100, 125, 0, 125, 150, 0, 150, 175, 0, 175, 200, 0, 200, 225, 0, 225, 250, 0, 250, 275, 0, 275, 300, 0, 300, 325, 0, 325, 350, 0, 350, 375]
                        rel material:binding = </AecoCctvLooks/Shell_identify>
                        point3f[] points = [(0, 0, 0), (-3.2770336, -1.4314332, -2.7497578), (-3.139161, -1.4958649, -2.8735297), (-2.9818377, -1.5629873, -3.0024707), (-2.8025043, -1.632207, -3.1354406), (-2.5985863, -1.7026235, -3.2707093), (-2.3677006, -1.7729651, -3.4058342), (-2.1079538, -1.8415406, -3.5375664), (-1.8183365, -1.9062318, -3.661837), (-1.4991755, -1.964554, -3.773873), (-1.1525733, -2.0138113, -3.8684955), (-0.78270674, -2.0513537, -3.9406137), (-0.39584792, -2.0749125, -3.9858701), (0, -2.0829477, -4.0013056), (0.39584792, -2.0749125, -3.9858701), (0.78270674, -2.0513537, -3.9406137), (1.1525733, -2.0138113, -3.8684955), (1.4991755, -1.964554, -3.773873), (1.8183365, -1.9062318, -3.661837), (2.1079538, -1.8415406, -3.5375664), (2.3677006, -1.7729651, -3.4058342), (2.5985863, -1.7026235, -3.2707093), (2.8025043, -1.632207, -3.1354406), (2.9818377, -1.5629873, -3.0024707), (3.139161, -1.4958649, -2.8735297), (3.2770336, -1.4314332, -2.7497578), (-3.3217025, -1.2436671, -2.7872393), (-3.185978, -1.301292, -2.916385), (-3.0304892, -1.361562, -3.0514588), (-2.852481, -1.4239833, -3.1913543), (-2.649131, -1.487778, -3.3343275), (-2.4177623, -1.5518159, -3.4778457), (-2.1561594, -1.6145602, -3.618465), (-1.8630022, -1.6740484, -3.7517865), (-1.5383798, -1.7279383, -3.8725617), (-1.1843078, -1.7736503, -3.975009), (-0.80510366, -1.8086164, -4.053373), (-0.40744823, -1.8306154, -4.102676), (0, -1.8381288, -4.1195145), (0.40744823, -1.8306154, -4.102676), (0.80510366, -1.8086164, -4.053373), (1.1843078, -1.7736503, -3.975009), (1.5383798, -1.7279383, -3.8725617), (1.8630022, -1.6740484, -3.7517865), (2.1561594, -1.6145602, -3.618465), (2.4177623, -1.5518159, -3.4778457), (2.649131, -1.487778, -3.3343275), (2.852481, -1.4239833, -3.1913543), (3.0304892, -1.361562, -3.0514588), (3.185978, -1.301292, -2.916385), (3.3217025, -1.2436671, -2.7872393), (-3.3609605, -1.048638, -2.820181), (-3.227272, -1.0984652, -2.9541848), (-3.0735705, -1.1507648, -3.0948381), (-2.8969243, -1.2051414, -3.2410774), (-2.6942842, -1.260947, -3.3911595), (-2.4626973, -1.3172143, -3.542483), (-2.1996393, -1.3725989, -3.691433), (-1.9034823, -1.4253525, -3.833307), (-1.5740699, -1.473355, -3.9624043), (-1.213311, -1.5142385, -4.0723553), (-0.82563555, -1.5456167, -4.156743), (-0.41810346, -1.5654067, -4.209965), (0, -1.5721742, -4.2281656), (0.41810346, -1.5654067, -4.209965), (0.82563555, -1.5456167, -4.156743), (1.213311, -1.5142385, -4.0723553), (1.5740699, -1.473355, -3.9624043), (1.9034823, -1.4253525, -3.833307), (2.1996393, -1.3725989, -3.691433), (2.4626973, -1.3172143, -3.542483), (2.6942842, -1.260947, -3.3911595), (2.8969243, -1.2051414, -3.2410774), (3.0735705, -1.1507648, -3.0948381), (3.227272, -1.0984652, -2.9541848), (3.3609605, -1.048638, -2.820181), (-3.3941374, -0.8471915, -2.8480196), (-3.262279, -0.8883045, -2.9862297), (-3.110219, -0.93158907, -3.1317403), (-2.9348738, -0.9767431, -3.2835355), (-2.7329965, -1.0232517, -3.4398844), (-2.501387, -1.0703263, -3.5981362), (-2.2372396, -1.1168494, -3.7545338), (-1.9386404, -1.1613433, -3.9041097), (-1.6051941, -1.2019904, -4.0407534), (-1.2386945, -1.2367342, -4.1575522), (-0.84365577, -1.2634809, -4.2474675), (-0.42747205, -1.2803866, -4.3043), (0, -1.2861744, -4.3237567), (0.42747205, -1.2803866, -4.3043), (0.84365577, -1.2634809, -4.2474675), (1.2386945, -1.2367342, -4.1575522), (1.6051941, -1.2019904, -4.0407534), (1.9386404, -1.1613433, -3.9041097), (2.2372396, -1.1168494, -3.7545338), (2.501387, -1.0703263, -3.5981362), (2.7329965, -1.0232517, -3.4398844), (2.9348738, -0.9767431, -3.2835355), (3.110219, -0.93158907, -3.1317403), (3.262279, -0.8883045, -2.9862297), (3.3941374, -0.8471915, -2.8480196), (-3.4206321, -0.6403535, -2.8702512), (-3.2903087, -0.6719526, -3.0118876), (-3.1396477, -0.7053028, -3.1613727), (-2.965444, -0.74018776, -3.3177373), (-2.764287, -0.7762253, -3.4792683), (-2.5327723, -0.81281704, -3.643283), (-2.2678556, -0.84909993, -3.8059134), (-1.9673742, -0.8839173, -3.961975), (-1.630721, -0.9158289, -4.105012), (-1.2595776, -0.9431882, -4.2276444), (-0.8585173, -0.96430343, -4.3222895), (-0.43521065, -0.97767425, -4.382221), (0, -0.98225635, -4.4027596), (0.43521065, -0.97767425, -4.382221), (0.8585173, -0.96430343, -4.3222895), (1.2595776, -0.9431882, -4.2276444), (1.630721, -0.9158289, -4.105012), (1.9673742, -0.8839173, -3.961975), (2.2678556, -0.84909993, -3.8059134), (2.5327723, -0.81281704, -3.643283), (2.764287, -0.7762253, -3.4792683), (2.965444, -0.74018776, -3.3177373), (3.1396477, -0.7053028, -3.1613727), (3.2903087, -0.6719526, -3.0118876), (3.4206321, -0.6403535, -2.8702512), (-3.4399412, -0.42931214, -2.8864534), (-3.3107781, -0.45075524, -3.0306246), (-3.1611872, -0.47342765, -3.1830614), (-2.9878743, -0.49719092, -3.342832), (-2.7873073, -0.521793, -3.5082428), (-2.555928, -0.5468321, -3.6765914), (-2.2905102, -0.5717213, -3.8439324), (-1.9886987, -0.5956654, -4.004919), (-1.6497185, -0.6176654, -4.152835), (-1.2751578, -0.6365699, -4.2799377), (-0.8696268, -0.6511879, -4.378221), (-0.44100285, -0.6604574, -4.440544), (0, -0.66363627, -4.461917), (0.44100285, -0.6604574, -4.440544), (0.8696268, -0.6511879, -4.378221), (1.2751578, -0.6365699, -4.2799377), (1.6497185, -0.6176654, -4.152835), (1.9886987, -0.5956654, -4.004919), (2.2905102, -0.5717213, -3.8439324), (2.555928, -0.5468321, -3.6765914), (2.7873073, -0.521793, -3.5082428), (2.9878743, -0.49719092, -3.342832), (3.1611872, -0.47342765, -3.1830614), (3.3107781, -0.45075524, -3.0306246), (3.4399412, -0.42931214, -2.8864534), (-3.451685, -0.2153889, -2.8963075), (-3.3232446, -0.22622627, -3.0420363), (-3.1743257, -0.23769766, -3.1962907), (-3.001579, -0.24973573, -3.358165), (-2.8013985, -0.2622155, -3.5259788), (-2.57013, -0.27493528, -3.6970203), (-2.304433, -0.28759825, -3.867298), (-2.001831, -0.29979944, -4.031366), (-1.6614408, -0.31102714, -4.182343), (-1.2847881, -0.32068872, -4.312261), (-0.87650317, -0.3281685, -4.412841), (-0.44459116, -0.3329157, -4.4766755), (0, -0.33454445, -4.498577), (0.44459116, -0.3329157, -4.4766755), (0.87650317, -0.3281685, -4.412841), (1.2847881, -0.32068872, -4.312261), (1.6614408, -0.31102714, -4.182343), (2.001831, -0.29979944, -4.031366), (2.304433, -0.28759825, -3.867298), (2.57013, -0.27493528, -3.6970203), (2.8013985, -0.2622155, -3.5259788), (3.001579, -0.24973573, -3.358165), (3.1743257, -0.23769766, -3.1962907), (3.3232446, -0.22622627, -3.0420363), (3.451685, -0.2153889, -2.8963075), (-3.4556262, 0, -2.8996146), (-3.3274314, 0, -3.0458689), (-3.1787417, 0, -3.2007372), (-3.0061893, 0, -3.3633232), (-2.8061433, 0, -3.531951), (-2.574917, 0, -3.703906), (-2.309131, 0, -3.8751817), (-2.0062668, 0, -4.0402985), (-1.6654041, 0, -4.19232), (-1.2880471, 0, -4.3231993), (-0.8788318, 0, -4.424565), (-0.4458069, 0, -4.488917), (0, 0, -4.5109997), (0.4458069, 0, -4.488917), (0.8788318, 0, -4.424565), (1.2880471, 0, -4.3231993), (1.6654041, 0, -4.19232), (2.0062668, 0, -4.0402985), (2.309131, 0, -3.8751817), (2.574917, 0, -3.703906), (2.8061433, 0, -3.531951), (3.0061893, 0, -3.3633232), (3.1787417, 0, -3.2007372), (3.3274314, 0, -3.0458689), (3.4556262, 0, -2.8996146), (-3.451685, 0.2153889, -2.8963075), (-3.3232446, 0.22622627, -3.0420363), (-3.1743257, 0.23769766, -3.1962907), (-3.001579, 0.24973573, -3.358165), (-2.8013985, 0.2622155, -3.5259788), (-2.57013, 0.27493528, -3.6970203), (-2.304433, 0.28759825, -3.867298), (-2.001831, 0.29979944, -4.031366), (-1.6614408, 0.31102714, -4.182343), (-1.2847881, 0.32068872, -4.312261), (-0.87650317, 0.3281685, -4.412841), (-0.44459116, 0.3329157, -4.4766755), (0, 0.33454445, -4.498577), (0.44459116, 0.3329157, -4.4766755), (0.87650317, 0.3281685, -4.412841), (1.2847881, 0.32068872, -4.312261), (1.6614408, 0.31102714, -4.182343), (2.001831, 0.29979944, -4.031366), (2.304433, 0.28759825, -3.867298), (2.57013, 0.27493528, -3.6970203), (2.8013985, 0.2622155, -3.5259788), (3.001579, 0.24973573, -3.358165), (3.1743257, 0.23769766, -3.1962907), (3.3232446, 0.22622627, -3.0420363), (3.451685, 0.2153889, -2.8963075), (-3.4399412, 0.42931214, -2.8864534), (-3.3107781, 0.45075524, -3.0306246), (-3.1611872, 0.47342765, -3.1830614), (-2.9878743, 0.49719092, -3.342832), (-2.7873073, 0.521793, -3.5082428), (-2.555928, 0.5468321, -3.6765914), (-2.2905102, 0.5717213, -3.8439324), (-1.9886987, 0.5956654, -4.004919), (-1.6497185, 0.6176654, -4.152835), (-1.2751578, 0.6365699, -4.2799377), (-0.8696268, 0.6511879, -4.378221), (-0.44100285, 0.6604574, -4.440544), (0, 0.66363627, -4.461917), (0.44100285, 0.6604574, -4.440544), (0.8696268, 0.6511879, -4.378221), (1.2751578, 0.6365699, -4.2799377), (1.6497185, 0.6176654, -4.152835), (1.9886987, 0.5956654, -4.004919), (2.2905102, 0.5717213, -3.8439324), (2.555928, 0.5468321, -3.6765914), (2.7873073, 0.521793, -3.5082428), (2.9878743, 0.49719092, -3.342832), (3.1611872, 0.47342765, -3.1830614), (3.3107781, 0.45075524, -3.0306246), (3.4399412, 0.42931214, -2.8864534), (-3.4206321, 0.6403535, -2.8702512), (-3.2903087, 0.6719526, -3.0118876), (-3.1396477, 0.7053028, -3.1613727), (-2.965444, 0.74018776, -3.3177373), (-2.764287, 0.7762253, -3.4792683), (-2.5327723, 0.81281704, -3.643283), (-2.2678556, 0.84909993, -3.8059134), (-1.9673742, 0.8839173, -3.961975), (-1.630721, 0.9158289, -4.105012), (-1.2595776, 0.9431882, -4.2276444), (-0.8585173, 0.96430343, -4.3222895), (-0.43521065, 0.97767425, -4.382221), (0, 0.98225635, -4.4027596), (0.43521065, 0.97767425, -4.382221), (0.8585173, 0.96430343, -4.3222895), (1.2595776, 0.9431882, -4.2276444), (1.630721, 0.9158289, -4.105012), (1.9673742, 0.8839173, -3.961975), (2.2678556, 0.84909993, -3.8059134), (2.5327723, 0.81281704, -3.643283), (2.764287, 0.7762253, -3.4792683), (2.965444, 0.74018776, -3.3177373), (3.1396477, 0.7053028, -3.1613727), (3.2903087, 0.6719526, -3.0118876), (3.4206321, 0.6403535, -2.8702512), (-3.3941374, 0.8471915, -2.8480196), (-3.262279, 0.8883045, -2.9862297), (-3.110219, 0.93158907, -3.1317403), (-2.9348738, 0.9767431, -3.2835355), (-2.7329965, 1.0232517, -3.4398844), (-2.501387, 1.0703263, -3.5981362), (-2.2372396, 1.1168494, -3.7545338), (-1.9386404, 1.1613433, -3.9041097), (-1.6051941, 1.2019904, -4.0407534), (-1.2386945, 1.2367342, -4.1575522), (-0.84365577, 1.2634809, -4.2474675), (-0.42747205, 1.2803866, -4.3043), (0, 1.2861744, -4.3237567), (0.42747205, 1.2803866, -4.3043), (0.84365577, 1.2634809, -4.2474675), (1.2386945, 1.2367342, -4.1575522), (1.6051941, 1.2019904, -4.0407534), (1.9386404, 1.1613433, -3.9041097), (2.2372396, 1.1168494, -3.7545338), (2.501387, 1.0703263, -3.5981362), (2.7329965, 1.0232517, -3.4398844), (2.9348738, 0.9767431, -3.2835355), (3.110219, 0.93158907, -3.1317403), (3.262279, 0.8883045, -2.9862297), (3.3941374, 0.8471915, -2.8480196), (-3.3609605, 1.048638, -2.820181), (-3.227272, 1.0984652, -2.9541848), (-3.0735705, 1.1507648, -3.0948381), (-2.8969243, 1.2051414, -3.2410774), (-2.6942842, 1.260947, -3.3911595), (-2.4626973, 1.3172143, -3.542483), (-2.1996393, 1.3725989, -3.691433), (-1.9034823, 1.4253525, -3.833307), (-1.5740699, 1.473355, -3.9624043), (-1.213311, 1.5142385, -4.0723553), (-0.82563555, 1.5456167, -4.156743), (-0.41810346, 1.5654067, -4.209965), (0, 1.5721742, -4.2281656), (0.41810346, 1.5654067, -4.209965), (0.82563555, 1.5456167, -4.156743), (1.213311, 1.5142385, -4.0723553), (1.5740699, 1.473355, -3.9624043), (1.9034823, 1.4253525, -3.833307), (2.1996393, 1.3725989, -3.691433), (2.4626973, 1.3172143, -3.542483), (2.6942842, 1.260947, -3.3911595), (2.8969243, 1.2051414, -3.2410774), (3.0735705, 1.1507648, -3.0948381), (3.227272, 1.0984652, -2.9541848), (3.3609605, 1.048638, -2.820181), (-3.3217025, 1.2436671, -2.7872393), (-3.185978, 1.301292, -2.916385), (-3.0304892, 1.361562, -3.0514588), (-2.852481, 1.4239833, -3.1913543), (-2.649131, 1.487778, -3.3343275), (-2.4177623, 1.5518159, -3.4778457), (-2.1561594, 1.6145602, -3.618465), (-1.8630022, 1.6740484, -3.7517865), (-1.5383798, 1.7279383, -3.8725617), (-1.1843078, 1.7736503, -3.975009), (-0.80510366, 1.8086164, -4.053373), (-0.40744823, 1.8306154, -4.102676), (0, 1.8381288, -4.1195145), (0.40744823, 1.8306154, -4.102676), (0.80510366, 1.8086164, -4.053373), (1.1843078, 1.7736503, -3.975009), (1.5383798, 1.7279383, -3.8725617), (1.8630022, 1.6740484, -3.7517865), (2.1561594, 1.6145602, -3.618465), (2.4177623, 1.5518159, -3.4778457), (2.649131, 1.487778, -3.3343275), (2.852481, 1.4239833, -3.1913543), (3.0304892, 1.361562, -3.0514588), (3.185978, 1.301292, -2.916385), (3.3217025, 1.2436671, -2.7872393), (-3.2770336, 1.4314332, -2.7497578), (-3.139161, 1.4958649, -2.8735297), (-2.9818377, 1.5629873, -3.0024707), (-2.8025043, 1.632207, -3.1354406), (-2.5985863, 1.7026235, -3.2707093), (-2.3677006, 1.7729651, -3.4058342), (-2.1079538, 1.8415406, -3.5375664), (-1.8183365, 1.9062318, -3.661837), (-1.4991755, 1.964554, -3.773873), (-1.1525733, 2.0138113, -3.8684955), (-0.78270674, 2.0513537, -3.9406137), (-0.39584792, 2.0749125, -3.9858701), (0, 2.0829477, -4.0013056), (0.39584792, 2.0749125, -3.9858701), (0.78270674, 2.0513537, -3.9406137), (1.1525733, 2.0138113, -3.8684955), (1.4991755, 1.964554, -3.773873), (1.8183365, 1.9062318, -3.661837), (2.1079538, 1.8415406, -3.5375664), (2.3677006, 1.7729651, -3.4058342), (2.5985863, 1.7026235, -3.2707093), (2.8025043, 1.632207, -3.1354406), (2.9818377, 1.5629873, -3.0024707), (3.139161, 1.4958649, -2.8735297), (3.2770336, 1.4314332, -2.7497578)]
                        color3f[] primvars:displayColor = [(0, 0.5, 0.45)] (
                            interpolation = "constant"
                        )
                        float[] primvars:displayOpacity = [0.3] (
                            interpolation = "constant"
                        )
                        uniform token purpose = "guide"
                        uniform token subdivisionScheme = "none"
                    }

                    def Mesh "Shell_recognise" (
                        prepend apiSchemas = ["AecoDerivedGeometryAPI", "MaterialBindingAPI"]
                    )
                    {
                        uniform token aeco:derived:approx = "tessellated"
                        uniform token aeco:derived:role = "coverage"
                        string aeco:derived:source = "1680c4a8-fefd-5db9-91b0-a826a9453cc7"
                        string aeco:derived:stamp = "usdAecoCctv derive 0.5.3"
                        uniform bool doubleSided = 1
                        float3[] extent = [(-6.9112525, -4.1658955, -9.021999), (6.9112525, 4.1658955, 0)]
                        int[] faceVertexCounts = [4, 4, 4, 4, 4, 4, 4, 4, 4, 4, 4, 4, 4, 4, 4, 4, 4, 4, 4, 4, 4, 4, 4, 4, 4, 4, 4, 4, 4, 4, 4, 4, 4, 4, 4, 4, 4, 4, 4, 4, 4, 4, 4, 4, 4, 4, 4, 4, 4, 4, 4, 4, 4, 4, 4, 4, 4, 4, 4, 4, 4, 4, 4, 4, 4, 4, 4, 4, 4, 4, 4, 4, 4, 4, 4, 4, 4, 4, 4, 4, 4, 4, 4, 4, 4, 4, 4, 4, 4, 4, 4, 4, 4, 4, 4, 4, 4, 4, 4, 4, 4, 4, 4, 4, 4, 4, 4, 4, 4, 4, 4, 4, 4, 4, 4, 4, 4, 4, 4, 4, 4, 4, 4, 4, 4, 4, 4, 4, 4, 4, 4, 4, 4, 4, 4, 4, 4, 4, 4, 4, 4, 4, 4, 4, 4, 4, 4, 4, 4, 4, 4, 4, 4, 4, 4, 4, 4, 4, 4, 4, 4, 4, 4, 4, 4, 4, 4, 4, 4, 4, 4, 4, 4, 4, 4, 4, 4, 4, 4, 4, 4, 4, 4, 4, 4, 4, 4, 4, 4, 4, 4, 4, 4, 4, 4, 4, 4, 4, 4, 4, 4, 4, 4, 4, 4, 4, 4, 4, 4, 4, 4, 4, 4, 4, 4, 4, 4, 4, 4, 4, 4, 4, 4, 4, 4, 4, 4, 4, 4, 4, 4, 4, 4, 4, 4, 4, 4, 4, 4, 4, 4, 4, 4, 4, 4, 4, 4, 4, 4, 4, 4, 4, 4, 4, 4, 4, 4, 4, 4, 4, 4, 4, 4, 4, 4, 4, 4, 4, 4, 4, 4, 4, 4, 4, 4, 4, 4, 4, 4, 4, 4, 4, 4, 4, 4, 4, 4, 4, 4, 4, 4, 4, 4, 4, 4, 4, 4, 4, 4, 4, 4, 4, 4, 4, 4, 4, 4, 4, 4, 4, 4, 4, 4, 4, 4, 4, 4, 4, 4, 4, 4, 4, 4, 4, 4, 4, 4, 4, 4, 4, 4, 4, 4, 4, 4, 4, 3, 3, 3, 3, 3, 3, 3, 3, 3, 3, 3, 3, 3, 3, 3, 3, 3, 3, 3, 3, 3, 3, 3, 3, 3, 3, 3, 3, 3, 3, 3, 3, 3, 3, 3, 3, 3, 3, 3, 3, 3, 3, 3, 3, 3, 3, 3, 3, 3, 3, 3, 3, 3, 3, 3, 3, 3, 3, 3, 3, 3, 3, 3, 3, 3, 3, 3, 3, 3, 3, 3, 3, 3, 3, 3, 3]
                        int[] faceVertexIndices = [1, 26, 27, 2, 2, 27, 28, 3, 3, 28, 29, 4, 4, 29, 30, 5, 5, 30, 31, 6, 6, 31, 32, 7, 7, 32, 33, 8, 8, 33, 34, 9, 9, 34, 35, 10, 10, 35, 36, 11, 11, 36, 37, 12, 12, 37, 38, 13, 13, 38, 39, 14, 14, 39, 40, 15, 15, 40, 41, 16, 16, 41, 42, 17, 17, 42, 43, 18, 18, 43, 44, 19, 19, 44, 45, 20, 20, 45, 46, 21, 21, 46, 47, 22, 22, 47, 48, 23, 23, 48, 49, 24, 24, 49, 50, 25, 26, 51, 52, 27, 27, 52, 53, 28, 28, 53, 54, 29, 29, 54, 55, 30, 30, 55, 56, 31, 31, 56, 57, 32, 32, 57, 58, 33, 33, 58, 59, 34, 34, 59, 60, 35, 35, 60, 61, 36, 36, 61, 62, 37, 37, 62, 63, 38, 38, 63, 64, 39, 39, 64, 65, 40, 40, 65, 66, 41, 41, 66, 67, 42, 42, 67, 68, 43, 43, 68, 69, 44, 44, 69, 70, 45, 45, 70, 71, 46, 46, 71, 72, 47, 47, 72, 73, 48, 48, 73, 74, 49, 49, 74, 75, 50, 51, 76, 77, 52, 52, 77, 78, 53, 53, 78, 79, 54, 54, 79, 80, 55, 55, 80, 81, 56, 56, 81, 82, 57, 57, 82, 83, 58, 58, 83, 84, 59, 59, 84, 85, 60, 60, 85, 86, 61, 61, 86, 87, 62, 62, 87, 88, 63, 63, 88, 89, 64, 64, 89, 90, 65, 65, 90, 91, 66, 66, 91, 92, 67, 67, 92, 93, 68, 68, 93, 94, 69, 69, 94, 95, 70, 70, 95, 96, 71, 71, 96, 97, 72, 72, 97, 98, 73, 73, 98, 99, 74, 74, 99, 100, 75, 76, 101, 102, 77, 77, 102, 103, 78, 78, 103, 104, 79, 79, 104, 105, 80, 80, 105, 106, 81, 81, 106, 107, 82, 82, 107, 108, 83, 83, 108, 109, 84, 84, 109, 110, 85, 85, 110, 111, 86, 86, 111, 112, 87, 87, 112, 113, 88, 88, 113, 114, 89, 89, 114, 115, 90, 90, 115, 116, 91, 91, 116, 117, 92, 92, 117, 118, 93, 93, 118, 119, 94, 94, 119, 120, 95, 95, 120, 121, 96, 96, 121, 122, 97, 97, 122, 123, 98, 98, 123, 124, 99, 99, 124, 125, 100, 101, 126, 127, 102, 102, 127, 128, 103, 103, 128, 129, 104, 104, 129, 130, 105, 105, 130, 131, 106, 106, 131, 132, 107, 107, 132, 133, 108, 108, 133, 134, 109, 109, 134, 135, 110, 110, 135, 136, 111, 111, 136, 137, 112, 112, 137, 138, 113, 113, 138, 139, 114, 114, 139, 140, 115, 115, 140, 141, 116, 116, 141, 142, 117, 117, 142, 143, 118, 118, 143, 144, 119, 119, 144, 145, 120, 120, 145, 146, 121, 121, 146, 147, 122, 122, 147, 148, 123, 123, 148, 149, 124, 124, 149, 150, 125, 126, 151, 152, 127, 127, 152, 153, 128, 128, 153, 154, 129, 129, 154, 155, 130, 130, 155, 156, 131, 131, 156, 157, 132, 132, 157, 158, 133, 133, 158, 159, 134, 134, 159, 160, 135, 135, 160, 161, 136, 136, 161, 162, 137, 137, 162, 163, 138, 138, 163, 164, 139, 139, 164, 165, 140, 140, 165, 166, 141, 141, 166, 167, 142, 142, 167, 168, 143, 143, 168, 169, 144, 144, 169, 170, 145, 145, 170, 171, 146, 146, 171, 172, 147, 147, 172, 173, 148, 148, 173, 174, 149, 149, 174, 175, 150, 151, 176, 177, 152, 152, 177, 178, 153, 153, 178, 179, 154, 154, 179, 180, 155, 155, 180, 181, 156, 156, 181, 182, 157, 157, 182, 183, 158, 158, 183, 184, 159, 159, 184, 185, 160, 160, 185, 186, 161, 161, 186, 187, 162, 162, 187, 188, 163, 163, 188, 189, 164, 164, 189, 190, 165, 165, 190, 191, 166, 166, 191, 192, 167, 167, 192, 193, 168, 168, 193, 194, 169, 169, 194, 195, 170, 170, 195, 196, 171, 171, 196, 197, 172, 172, 197, 198, 173, 173, 198, 199, 174, 174, 199, 200, 175, 176, 201, 202, 177, 177, 202, 203, 178, 178, 203, 204, 179, 179, 204, 205, 180, 180, 205, 206, 181, 181, 206, 207, 182, 182, 207, 208, 183, 183, 208, 209, 184, 184, 209, 210, 185, 185, 210, 211, 186, 186, 211, 212, 187, 187, 212, 213, 188, 188, 213, 214, 189, 189, 214, 215, 190, 190, 215, 216, 191, 191, 216, 217, 192, 192, 217, 218, 193, 193, 218, 219, 194, 194, 219, 220, 195, 195, 220, 221, 196, 196, 221, 222, 197, 197, 222, 223, 198, 198, 223, 224, 199, 199, 224, 225, 200, 201, 226, 227, 202, 202, 227, 228, 203, 203, 228, 229, 204, 204, 229, 230, 205, 205, 230, 231, 206, 206, 231, 232, 207, 207, 232, 233, 208, 208, 233, 234, 209, 209, 234, 235, 210, 210, 235, 236, 211, 211, 236, 237, 212, 212, 237, 238, 213, 213, 238, 239, 214, 214, 239, 240, 215, 215, 240, 241, 216, 216, 241, 242, 217, 217, 242, 243, 218, 218, 243, 244, 219, 219, 244, 245, 220, 220, 245, 246, 221, 221, 246, 247, 222, 222, 247, 248, 223, 223, 248, 249, 224, 224, 249, 250, 225, 226, 251, 252, 227, 227, 252, 253, 228, 228, 253, 254, 229, 229, 254, 255, 230, 230, 255, 256, 231, 231, 256, 257, 232, 232, 257, 258, 233, 233, 258, 259, 234, 234, 259, 260, 235, 235, 260, 261, 236, 236, 261, 262, 237, 237, 262, 263, 238, 238, 263, 264, 239, 239, 264, 265, 240, 240, 265, 266, 241, 241, 266, 267, 242, 242, 267, 268, 243, 243, 268, 269, 244, 244, 269, 270, 245, 245, 270, 271, 246, 246, 271, 272, 247, 247, 272, 273, 248, 248, 273, 274, 249, 249, 274, 275, 250, 251, 276, 277, 252, 252, 277, 278, 253, 253, 278, 279, 254, 254, 279, 280, 255, 255, 280, 281, 256, 256, 281, 282, 257, 257, 282, 283, 258, 258, 283, 284, 259, 259, 284, 285, 260, 260, 285, 286, 261, 261, 286, 287, 262, 262, 287, 288, 263, 263, 288, 289, 264, 264, 289, 290, 265, 265, 290, 291, 266, 266, 291, 292, 267, 267, 292, 293, 268, 268, 293, 294, 269, 269, 294, 295, 270, 270, 295, 296, 271, 271, 296, 297, 272, 272, 297, 298, 273, 273, 298, 299, 274, 274, 299, 300, 275, 276, 301, 302, 277, 277, 302, 303, 278, 278, 303, 304, 279, 279, 304, 305, 280, 280, 305, 306, 281, 281, 306, 307, 282, 282, 307, 308, 283, 283, 308, 309, 284, 284, 309, 310, 285, 285, 310, 311, 286, 286, 311, 312, 287, 287, 312, 313, 288, 288, 313, 314, 289, 289, 314, 315, 290, 290, 315, 316, 291, 291, 316, 317, 292, 292, 317, 318, 293, 293, 318, 319, 294, 294, 319, 320, 295, 295, 320, 321, 296, 296, 321, 322, 297, 297, 322, 323, 298, 298, 323, 324, 299, 299, 324, 325, 300, 301, 326, 327, 302, 302, 327, 328, 303, 303, 328, 329, 304, 304, 329, 330, 305, 305, 330, 331, 306, 306, 331, 332, 307, 307, 332, 333, 308, 308, 333, 334, 309, 309, 334, 335, 310, 310, 335, 336, 311, 311, 336, 337, 312, 312, 337, 338, 313, 313, 338, 339, 314, 314, 339, 340, 315, 315, 340, 341, 316, 316, 341, 342, 317, 317, 342, 343, 318, 318, 343, 344, 319, 319, 344, 345, 320, 320, 345, 346, 321, 321, 346, 347, 322, 322, 347, 348, 323, 323, 348, 349, 324, 324, 349, 350, 325, 326, 351, 352, 327, 327, 352, 353, 328, 328, 353, 354, 329, 329, 354, 355, 330, 330, 355, 356, 331, 331, 356, 357, 332, 332, 357, 358, 333, 333, 358, 359, 334, 334, 359, 360, 335, 335, 360, 361, 336, 336, 361, 362, 337, 337, 362, 363, 338, 338, 363, 364, 339, 339, 364, 365, 340, 340, 365, 366, 341, 341, 366, 367, 342, 342, 367, 368, 343, 343, 368, 369, 344, 344, 369, 370, 345, 345, 370, 371, 346, 346, 371, 372, 347, 347, 372, 373, 348, 348, 373, 374, 349, 349, 374, 375, 350, 0, 1, 2, 0, 2, 3, 0, 3, 4, 0, 4, 5, 0, 5, 6, 0, 6, 7, 0, 7, 8, 0, 8, 9, 0, 9, 10, 0, 10, 11, 0, 11, 12, 0, 12, 13, 0, 13, 14, 0, 14, 15, 0, 15, 16, 0, 16, 17, 0, 17, 18, 0, 18, 19, 0, 19, 20, 0, 20, 21, 0, 21, 22, 0, 22, 23, 0, 23, 24, 0, 24, 25, 0, 352, 351, 0, 353, 352, 0, 354, 353, 0, 355, 354, 0, 356, 355, 0, 357, 356, 0, 358, 357, 0, 359, 358, 0, 360, 359, 0, 361, 360, 0, 362, 361, 0, 363, 362, 0, 364, 363, 0, 365, 364, 0, 366, 365, 0, 367, 366, 0, 368, 367, 0, 369, 368, 0, 370, 369, 0, 371, 370, 0, 372, 371, 0, 373, 372, 0, 374, 373, 0, 375, 374, 0, 26, 1, 0, 51, 26, 0, 76, 51, 0, 101, 76, 0, 126, 101, 0, 151, 126, 0, 176, 151, 0, 201, 176, 0, 226, 201, 0, 251, 226, 0, 276, 251, 0, 301, 276, 0, 326, 301, 0, 351, 326, 0, 25, 50, 0, 50, 75, 0, 75, 100, 0, 100, 125, 0, 125, 150, 0, 150, 175, 0, 175, 200, 0, 200, 225, 0, 225, 250, 0, 250, 275, 0, 275, 300, 0, 300, 325, 0, 325, 350, 0, 350, 375]
                        rel material:binding = </AecoCctvLooks/Shell_recognise>
                        point3f[] points = [(0, 0, 0), (-6.554067, -2.8628664, -5.4995155), (-6.278322, -2.9917297, -5.7470593), (-5.9636755, -3.1259747, -6.0049415), (-5.6050086, -3.264414, -6.270881), (-5.1971726, -3.405247, -6.5414186), (-4.735401, -3.5459301, -6.8116684), (-4.2159076, -3.6830812, -7.075133), (-3.636673, -3.8124635, -7.323674), (-2.998351, -3.929108, -7.547746), (-2.3051467, -4.0276227, -7.736991), (-1.5654135, -4.1027074, -7.8812275), (-0.79169583, -4.149825, -7.9717402), (0, -4.1658955, -8.002611), (0.79169583, -4.149825, -7.9717402), (1.5654135, -4.1027074, -7.8812275), (2.3051467, -4.0276227, -7.736991), (2.998351, -3.929108, -7.547746), (3.636673, -3.8124635, -7.323674), (4.2159076, -3.6830812, -7.075133), (4.735401, -3.5459301, -6.8116684), (5.1971726, -3.405247, -6.5414186), (5.6050086, -3.264414, -6.270881), (5.9636755, -3.1259747, -6.0049415), (6.278322, -2.9917297, -5.7470593), (6.554067, -2.8628664, -5.4995155), (-6.643405, -2.4873343, -5.5744786), (-6.371956, -2.602584, -5.83277), (-6.0609784, -2.723124, -6.1029177), (-5.704962, -2.8479667, -6.3827085), (-5.298262, -2.975556, -6.668655), (-4.8355246, -3.1036317, -6.9556913), (-4.312319, -3.2291205, -7.23693), (-3.7260044, -3.3480968, -7.503573), (-3.0767596, -3.4558766, -7.7451234), (-2.3686156, -3.5473006, -7.950018), (-1.6102073, -3.6172328, -8.106746), (-0.81489646, -3.6612308, -8.205352), (0, -3.6762576, -8.239029), (0.81489646, -3.6612308, -8.205352), (1.6102073, -3.6172328, -8.106746), (2.3686156, -3.5473006, -7.950018), (3.0767596, -3.4558766, -7.7451234), (3.7260044, -3.3480968, -7.503573), (4.312319, -3.2291205, -7.23693), (4.8355246, -3.1036317, -6.9556913), (5.298262, -2.975556, -6.668655), (5.704962, -2.8479667, -6.3827085), (6.0609784, -2.723124, -6.1029177), (6.371956, -2.602584, -5.83277), (6.643405, -2.4873343, -5.5744786), (-6.721921, -2.097276, -5.640362), (-6.454544, -2.1969304, -5.9083695), (-6.147141, -2.3015296, -6.1896763), (-5.7938485, -2.4102829, -6.482155), (-5.3885684, -2.521894, -6.782319), (-4.9253945, -2.6344285, -7.084966), (-4.3992786, -2.7451978, -7.382866), (-3.8069646, -2.850705, -7.666614), (-3.1481397, -2.94671, -7.9248085), (-2.426622, -3.028477, -8.144711), (-1.6512711, -3.0912335, -8.313486), (-0.8362069, -3.1308134, -8.41993), (0, -3.1443484, -8.456331), (0.8362069, -3.1308134, -8.41993), (1.6512711, -3.0912335, -8.313486), (2.426622, -3.028477, -8.144711), (3.1481397, -2.94671, -7.9248085), (3.8069646, -2.850705, -7.666614), (4.3992786, -2.7451978, -7.382866), (4.9253945, -2.6344285, -7.084966), (5.3885684, -2.521894, -6.782319), (5.7938485, -2.4102829, -6.482155), (6.147141, -2.3015296, -6.1896763), (6.454544, -2.1969304, -5.9083695), (6.721921, -2.097276, -5.640362), (-6.788275, -1.694383, -5.696039), (-6.524558, -1.776609, -5.9724593), (-6.220438, -1.8631781, -6.2634807), (-5.8697476, -1.9534862, -6.567071), (-5.465993, -2.0465033, -6.879769), (-5.002774, -2.1406527, -7.1962724), (-4.474479, -2.2336988, -7.5090675), (-3.8772807, -2.3226867, -7.8082194), (-3.2103882, -2.4039807, -8.081507), (-2.477389, -2.4734683, -8.3151045), (-1.6873115, -2.5269618, -8.494935), (-0.8549441, -2.5607731, -8.6086), (0, -2.5723488, -8.647513), (0.8549441, -2.5607731, -8.6086), (1.6873115, -2.5269618, -8.494935), (2.477389, -2.4734683, -8.3151045), (3.2103882, -2.4039807, -8.081507), (3.8772807, -2.3226867, -7.8082194), (4.474479, -2.2336988, -7.5090675), (5.002774, -2.1406527, -7.1962724), (5.465993, -2.0465033, -6.879769), (5.8697476, -1.9534862, -6.567071), (6.220438, -1.8631781, -6.2634807), (6.524558, -1.776609, -5.9724593), (6.788275, -1.694383, -5.696039), (-6.8412642, -1.280707, -5.7405024), (-6.5806174, -1.3439052, -6.023775), (-6.2792954, -1.4106055, -6.3227453), (-5.930888, -1.4803755, -6.6354747), (-5.528574, -1.5524507, -6.9585366), (-5.0655446, -1.6256341, -7.286566), (-4.5357113, -1.6981999, -7.611827), (-3.9347484, -1.7678345, -7.92395), (-3.261442, -1.8316578, -8.210024), (-2.5191553, -1.8863764, -8.455289), (-1.7170346, -1.9286069, -8.644579), (-0.8704213, -1.9553485, -8.764442), (0, -1.9645127, -8.805519), (0.8704213, -1.9553485, -8.764442), (1.7170346, -1.9286069, -8.644579), (2.5191553, -1.8863764, -8.455289), (3.261442, -1.8316578, -8.210024), (3.9347484, -1.7678345, -7.92395), (4.5357113, -1.6981999, -7.611827), (5.0655446, -1.6256341, -7.286566), (5.528574, -1.5524507, -6.9585366), (5.930888, -1.4803755, -6.6354747), (6.2792954, -1.4106055, -6.3227453), (6.5806174, -1.3439052, -6.023775), (6.8412642, -1.280707, -5.7405024), (-6.8798823, -0.8586243, -5.772907), (-6.6215563, -0.9015105, -6.0612493), (-6.3223743, -0.9468553, -6.3661227), (-5.9757485, -0.99438184, -6.685664), (-5.5746145, -1.043586, -7.0164857), (-5.111856, -1.0936642, -7.353183), (-4.5810204, -1.1434426, -7.687865), (-3.9773974, -1.1913308, -8.009838), (-3.299437, -1.2353308, -8.30567), (-2.5503156, -1.2731398, -8.5598755), (-1.7392536, -1.3023758, -8.756442), (-0.8820057, -1.3209147, -8.881088), (0, -1.3272725, -8.923834), (0.8820057, -1.3209147, -8.881088), (1.7392536, -1.3023758, -8.756442), (2.5503156, -1.2731398, -8.5598755), (3.299437, -1.2353308, -8.30567), (3.9773974, -1.1913308, -8.009838), (4.5810204, -1.1434426, -7.687865), (5.111856, -1.0936642, -7.353183), (5.5746145, -1.043586, -7.0164857), (5.9757485, -0.99438184, -6.685664), (6.3223743, -0.9468553, -6.3661227), (6.6215563, -0.9015105, -6.0612493), (6.8798823, -0.8586243, -5.772907), (-6.90337, -0.4307778, -5.792615), (-6.646489, -0.45245254, -6.0840726), (-6.3486514, -0.47539532, -6.3925815), (-6.003158, -0.49947146, -6.71633), (-5.602797, -0.524431, -7.0519576), (-5.14026, -0.54987055, -7.3940406), (-4.608866, -0.5751965, -7.734596), (-4.003662, -0.5995989, -8.062732), (-3.3228817, -0.6220543, -8.364686), (-2.5695763, -0.64137745, -8.624522), (-1.7530063, -0.656337, -8.825682), (-0.8891823, -0.6658314, -8.953351), (0, -0.6690889, -8.997154), (0.8891823, -0.6658314, -8.953351), (1.7530063, -0.656337, -8.825682), (2.5695763, -0.64137745, -8.624522), (3.3228817, -0.6220543, -8.364686), (4.003662, -0.5995989, -8.062732), (4.608866, -0.5751965, -7.734596), (5.14026, -0.54987055, -7.3940406), (5.602797, -0.524431, -7.0519576), (6.003158, -0.49947146, -6.71633), (6.3486514, -0.47539532, -6.3925815), (6.646489, -0.45245254, -6.0840726), (6.90337, -0.4307778, -5.792615), (-6.9112525, 0, -5.799229), (-6.654863, 0, -6.0917377), (-6.3574834, 0, -6.4014745), (-6.0123787, 0, -6.7266464), (-5.6122866, 0, -7.063902), (-5.149834, 0, -7.407812), (-4.618262, 0, -7.7503633), (-4.0125337, 0, -8.080597), (-3.3308082, 0, -8.38464), (-2.5760942, 0, -8.646399), (-1.7576636, 0, -8.84913), (-0.8916138, 0, -8.977834), (0, 0, -9.021999), (0.8916138, 0, -8.977834), (1.7576636, 0, -8.84913), (2.5760942, 0, -8.646399), (3.3308082, 0, -8.38464), (4.0125337, 0, -8.080597), (4.618262, 0, -7.7503633), (5.149834, 0, -7.407812), (5.6122866, 0, -7.063902), (6.0123787, 0, -6.7266464), (6.3574834, 0, -6.4014745), (6.654863, 0, -6.0917377), (6.9112525, 0, -5.799229), (-6.90337, 0.4307778, -5.792615), (-6.646489, 0.45245254, -6.0840726), (-6.3486514, 0.47539532, -6.3925815), (-6.003158, 0.49947146, -6.71633), (-5.602797, 0.524431, -7.0519576), (-5.14026, 0.54987055, -7.3940406), (-4.608866, 0.5751965, -7.734596), (-4.003662, 0.5995989, -8.062732), (-3.3228817, 0.6220543, -8.364686), (-2.5695763, 0.64137745, -8.624522), (-1.7530063, 0.656337, -8.825682), (-0.8891823, 0.6658314, -8.953351), (0, 0.6690889, -8.997154), (0.8891823, 0.6658314, -8.953351), (1.7530063, 0.656337, -8.825682), (2.5695763, 0.64137745, -8.624522), (3.3228817, 0.6220543, -8.364686), (4.003662, 0.5995989, -8.062732), (4.608866, 0.5751965, -7.734596), (5.14026, 0.54987055, -7.3940406), (5.602797, 0.524431, -7.0519576), (6.003158, 0.49947146, -6.71633), (6.3486514, 0.47539532, -6.3925815), (6.646489, 0.45245254, -6.0840726), (6.90337, 0.4307778, -5.792615), (-6.8798823, 0.8586243, -5.772907), (-6.6215563, 0.9015105, -6.0612493), (-6.3223743, 0.9468553, -6.3661227), (-5.9757485, 0.99438184, -6.685664), (-5.5746145, 1.043586, -7.0164857), (-5.111856, 1.0936642, -7.353183), (-4.5810204, 1.1434426, -7.687865), (-3.9773974, 1.1913308, -8.009838), (-3.299437, 1.2353308, -8.30567), (-2.5503156, 1.2731398, -8.5598755), (-1.7392536, 1.3023758, -8.756442), (-0.8820057, 1.3209147, -8.881088), (0, 1.3272725, -8.923834), (0.8820057, 1.3209147, -8.881088), (1.7392536, 1.3023758, -8.756442), (2.5503156, 1.2731398, -8.5598755), (3.299437, 1.2353308, -8.30567), (3.9773974, 1.1913308, -8.009838), (4.5810204, 1.1434426, -7.687865), (5.111856, 1.0936642, -7.353183), (5.5746145, 1.043586, -7.0164857), (5.9757485, 0.99438184, -6.685664), (6.3223743, 0.9468553, -6.3661227), (6.6215563, 0.9015105, -6.0612493), (6.8798823, 0.8586243, -5.772907), (-6.8412642, 1.280707, -5.7405024), (-6.5806174, 1.3439052, -6.023775), (-6.2792954, 1.4106055, -6.3227453), (-5.930888, 1.4803755, -6.6354747), (-5.528574, 1.5524507, -6.9585366), (-5.0655446, 1.6256341, -7.286566), (-4.5357113, 1.6981999, -7.611827), (-3.9347484, 1.7678345, -7.92395), (-3.261442, 1.8316578, -8.210024), (-2.5191553, 1.8863764, -8.455289), (-1.7170346, 1.9286069, -8.644579), (-0.8704213, 1.9553485, -8.764442), (0, 1.9645127, -8.805519), (0.8704213, 1.9553485, -8.764442), (1.7170346, 1.9286069, -8.644579), (2.5191553, 1.8863764, -8.455289), (3.261442, 1.8316578, -8.210024), (3.9347484, 1.7678345, -7.92395), (4.5357113, 1.6981999, -7.611827), (5.0655446, 1.6256341, -7.286566), (5.528574, 1.5524507, -6.9585366), (5.930888, 1.4803755, -6.6354747), (6.2792954, 1.4106055, -6.3227453), (6.5806174, 1.3439052, -6.023775), (6.8412642, 1.280707, -5.7405024), (-6.788275, 1.694383, -5.696039), (-6.524558, 1.776609, -5.9724593), (-6.220438, 1.8631781, -6.2634807), (-5.8697476, 1.9534862, -6.567071), (-5.465993, 2.0465033, -6.879769), (-5.002774, 2.1406527, -7.1962724), (-4.474479, 2.2336988, -7.5090675), (-3.8772807, 2.3226867, -7.8082194), (-3.2103882, 2.4039807, -8.081507), (-2.477389, 2.4734683, -8.3151045), (-1.6873115, 2.5269618, -8.494935), (-0.8549441, 2.5607731, -8.6086), (0, 2.5723488, -8.647513), (0.8549441, 2.5607731, -8.6086), (1.6873115, 2.5269618, -8.494935), (2.477389, 2.4734683, -8.3151045), (3.2103882, 2.4039807, -8.081507), (3.8772807, 2.3226867, -7.8082194), (4.474479, 2.2336988, -7.5090675), (5.002774, 2.1406527, -7.1962724), (5.465993, 2.0465033, -6.879769), (5.8697476, 1.9534862, -6.567071), (6.220438, 1.8631781, -6.2634807), (6.524558, 1.776609, -5.9724593), (6.788275, 1.694383, -5.696039), (-6.721921, 2.097276, -5.640362), (-6.454544, 2.1969304, -5.9083695), (-6.147141, 2.3015296, -6.1896763), (-5.7938485, 2.4102829, -6.482155), (-5.3885684, 2.521894, -6.782319), (-4.9253945, 2.6344285, -7.084966), (-4.3992786, 2.7451978, -7.382866), (-3.8069646, 2.850705, -7.666614), (-3.1481397, 2.94671, -7.9248085), (-2.426622, 3.028477, -8.144711), (-1.6512711, 3.0912335, -8.313486), (-0.8362069, 3.1308134, -8.41993), (0, 3.1443484, -8.456331), (0.8362069, 3.1308134, -8.41993), (1.6512711, 3.0912335, -8.313486), (2.426622, 3.028477, -8.144711), (3.1481397, 2.94671, -7.9248085), (3.8069646, 2.850705, -7.666614), (4.3992786, 2.7451978, -7.382866), (4.9253945, 2.6344285, -7.084966), (5.3885684, 2.521894, -6.782319), (5.7938485, 2.4102829, -6.482155), (6.147141, 2.3015296, -6.1896763), (6.454544, 2.1969304, -5.9083695), (6.721921, 2.097276, -5.640362), (-6.643405, 2.4873343, -5.5744786), (-6.371956, 2.602584, -5.83277), (-6.0609784, 2.723124, -6.1029177), (-5.704962, 2.8479667, -6.3827085), (-5.298262, 2.975556, -6.668655), (-4.8355246, 3.1036317, -6.9556913), (-4.312319, 3.2291205, -7.23693), (-3.7260044, 3.3480968, -7.503573), (-3.0767596, 3.4558766, -7.7451234), (-2.3686156, 3.5473006, -7.950018), (-1.6102073, 3.6172328, -8.106746), (-0.81489646, 3.6612308, -8.205352), (0, 3.6762576, -8.239029), (0.81489646, 3.6612308, -8.205352), (1.6102073, 3.6172328, -8.106746), (2.3686156, 3.5473006, -7.950018), (3.0767596, 3.4558766, -7.7451234), (3.7260044, 3.3480968, -7.503573), (4.312319, 3.2291205, -7.23693), (4.8355246, 3.1036317, -6.9556913), (5.298262, 2.975556, -6.668655), (5.704962, 2.8479667, -6.3827085), (6.0609784, 2.723124, -6.1029177), (6.371956, 2.602584, -5.83277), (6.643405, 2.4873343, -5.5744786), (-6.554067, 2.8628664, -5.4995155), (-6.278322, 2.9917297, -5.7470593), (-5.9636755, 3.1259747, -6.0049415), (-5.6050086, 3.264414, -6.270881), (-5.1971726, 3.405247, -6.5414186), (-4.735401, 3.5459301, -6.8116684), (-4.2159076, 3.6830812, -7.075133), (-3.636673, 3.8124635, -7.323674), (-2.998351, 3.929108, -7.547746), (-2.3051467, 4.0276227, -7.736991), (-1.5654135, 4.1027074, -7.8812275), (-0.79169583, 4.149825, -7.9717402), (0, 4.1658955, -8.002611), (0.79169583, 4.149825, -7.9717402), (1.5654135, 4.1027074, -7.8812275), (2.3051467, 4.0276227, -7.736991), (2.998351, 3.929108, -7.547746), (3.636673, 3.8124635, -7.323674), (4.2159076, 3.6830812, -7.075133), (4.735401, 3.5459301, -6.8116684), (5.1971726, 3.405247, -6.5414186), (5.6050086, 3.264414, -6.270881), (5.9636755, 3.1259747, -6.0049415), (6.278322, 2.9917297, -5.7470593), (6.554067, 2.8628664, -5.4995155)]
                        color3f[] primvars:displayColor = [(0.18333334, 0.6166667, 0.56666666)] (
                            interpolation = "constant"
                        )
                        float[] primvars:displayOpacity = [0.3] (
                            interpolation = "constant"
                        )
                        uniform token purpose = "guide"
                        uniform token subdivisionScheme = "none"
                    }

                    def Mesh "Shell_observe" (
                        prepend apiSchemas = ["AecoDerivedGeometryAPI", "MaterialBindingAPI"]
                    )
                    {
                        uniform token aeco:derived:approx = "tessellated"
                        uniform token aeco:derived:role = "coverage"
                        string aeco:derived:source = "1680c4a8-fefd-5db9-91b0-a826a9453cc7"
                        string aeco:derived:stamp = "usdAecoCctv derive 0.5.3"
                        uniform bool doubleSided = 1
                        float3[] extent = [(-13.822505, -8.331791, -18.043999), (13.822505, 8.331791, 0)]
                        int[] faceVertexCounts = [4, 4, 4, 4, 4, 4, 4, 4, 4, 4, 4, 4, 4, 4, 4, 4, 4, 4, 4, 4, 4, 4, 4, 4, 4, 4, 4, 4, 4, 4, 4, 4, 4, 4, 4, 4, 4, 4, 4, 4, 4, 4, 4, 4, 4, 4, 4, 4, 4, 4, 4, 4, 4, 4, 4, 4, 4, 4, 4, 4, 4, 4, 4, 4, 4, 4, 4, 4, 4, 4, 4, 4, 4, 4, 4, 4, 4, 4, 4, 4, 4, 4, 4, 4, 4, 4, 4, 4, 4, 4, 4, 4, 4, 4, 4, 4, 4, 4, 4, 4, 4, 4, 4, 4, 4, 4, 4, 4, 4, 4, 4, 4, 4, 4, 4, 4, 4, 4, 4, 4, 4, 4, 4, 4, 4, 4, 4, 4, 4, 4, 4, 4, 4, 4, 4, 4, 4, 4, 4, 4, 4, 4, 4, 4, 4, 4, 4, 4, 4, 4, 4, 4, 4, 4, 4, 4, 4, 4, 4, 4, 4, 4, 4, 4, 4, 4, 4, 4, 4, 4, 4, 4, 4, 4, 4, 4, 4, 4, 4, 4, 4, 4, 4, 4, 4, 4, 4, 4, 4, 4, 4, 4, 4, 4, 4, 4, 4, 4, 4, 4, 4, 4, 4, 4, 4, 4, 4, 4, 4, 4, 4, 4, 4, 4, 4, 4, 4, 4, 4, 4, 4, 4, 4, 4, 4, 4, 4, 4, 4, 4, 4, 4, 4, 4, 4, 4, 4, 4, 4, 4, 4, 4, 4, 4, 4, 4, 4, 4, 4, 4, 4, 4, 4, 4, 4, 4, 4, 4, 4, 4, 4, 4, 4, 4, 4, 4, 4, 4, 4, 4, 4, 4, 4, 4, 4, 4, 4, 4, 4, 4, 4, 4, 4, 4, 4, 4, 4, 4, 4, 4, 4, 4, 4, 4, 4, 4, 4, 4, 4, 4, 4, 4, 4, 4, 4, 4, 4, 4, 4, 4, 4, 4, 4, 4, 4, 4, 4, 4, 4, 4, 4, 4, 4, 4, 4, 4, 4, 4, 4, 4, 4, 4, 4, 4, 4, 4, 3, 3, 3, 3, 3, 3, 3, 3, 3, 3, 3, 3, 3, 3, 3, 3, 3, 3, 3, 3, 3, 3, 3, 3, 3, 3, 3, 3, 3, 3, 3, 3, 3, 3, 3, 3, 3, 3, 3, 3, 3, 3, 3, 3, 3, 3, 3, 3, 3, 3, 3, 3, 3, 3, 3, 3, 3, 3, 3, 3, 3, 3, 3, 3, 3, 3, 3, 3, 3, 3, 3, 3, 3, 3, 3, 3]
                        int[] faceVertexIndices = [1, 26, 27, 2, 2, 27, 28, 3, 3, 28, 29, 4, 4, 29, 30, 5, 5, 30, 31, 6, 6, 31, 32, 7, 7, 32, 33, 8, 8, 33, 34, 9, 9, 34, 35, 10, 10, 35, 36, 11, 11, 36, 37, 12, 12, 37, 38, 13, 13, 38, 39, 14, 14, 39, 40, 15, 15, 40, 41, 16, 16, 41, 42, 17, 17, 42, 43, 18, 18, 43, 44, 19, 19, 44, 45, 20, 20, 45, 46, 21, 21, 46, 47, 22, 22, 47, 48, 23, 23, 48, 49, 24, 24, 49, 50, 25, 26, 51, 52, 27, 27, 52, 53, 28, 28, 53, 54, 29, 29, 54, 55, 30, 30, 55, 56, 31, 31, 56, 57, 32, 32, 57, 58, 33, 33, 58, 59, 34, 34, 59, 60, 35, 35, 60, 61, 36, 36, 61, 62, 37, 37, 62, 63, 38, 38, 63, 64, 39, 39, 64, 65, 40, 40, 65, 66, 41, 41, 66, 67, 42, 42, 67, 68, 43, 43, 68, 69, 44, 44, 69, 70, 45, 45, 70, 71, 46, 46, 71, 72, 47, 47, 72, 73, 48, 48, 73, 74, 49, 49, 74, 75, 50, 51, 76, 77, 52, 52, 77, 78, 53, 53, 78, 79, 54, 54, 79, 80, 55, 55, 80, 81, 56, 56, 81, 82, 57, 57, 82, 83, 58, 58, 83, 84, 59, 59, 84, 85, 60, 60, 85, 86, 61, 61, 86, 87, 62, 62, 87, 88, 63, 63, 88, 89, 64, 64, 89, 90, 65, 65, 90, 91, 66, 66, 91, 92, 67, 67, 92, 93, 68, 68, 93, 94, 69, 69, 94, 95, 70, 70, 95, 96, 71, 71, 96, 97, 72, 72, 97, 98, 73, 73, 98, 99, 74, 74, 99, 100, 75, 76, 101, 102, 77, 77, 102, 103, 78, 78, 103, 104, 79, 79, 104, 105, 80, 80, 105, 106, 81, 81, 106, 107, 82, 82, 107, 108, 83, 83, 108, 109, 84, 84, 109, 110, 85, 85, 110, 111, 86, 86, 111, 112, 87, 87, 112, 113, 88, 88, 113, 114, 89, 89, 114, 115, 90, 90, 115, 116, 91, 91, 116, 117, 92, 92, 117, 118, 93, 93, 118, 119, 94, 94, 119, 120, 95, 95, 120, 121, 96, 96, 121, 122, 97, 97, 122, 123, 98, 98, 123, 124, 99, 99, 124, 125, 100, 101, 126, 127, 102, 102, 127, 128, 103, 103, 128, 129, 104, 104, 129, 130, 105, 105, 130, 131, 106, 106, 131, 132, 107, 107, 132, 133, 108, 108, 133, 134, 109, 109, 134, 135, 110, 110, 135, 136, 111, 111, 136, 137, 112, 112, 137, 138, 113, 113, 138, 139, 114, 114, 139, 140, 115, 115, 140, 141, 116, 116, 141, 142, 117, 117, 142, 143, 118, 118, 143, 144, 119, 119, 144, 145, 120, 120, 145, 146, 121, 121, 146, 147, 122, 122, 147, 148, 123, 123, 148, 149, 124, 124, 149, 150, 125, 126, 151, 152, 127, 127, 152, 153, 128, 128, 153, 154, 129, 129, 154, 155, 130, 130, 155, 156, 131, 131, 156, 157, 132, 132, 157, 158, 133, 133, 158, 159, 134, 134, 159, 160, 135, 135, 160, 161, 136, 136, 161, 162, 137, 137, 162, 163, 138, 138, 163, 164, 139, 139, 164, 165, 140, 140, 165, 166, 141, 141, 166, 167, 142, 142, 167, 168, 143, 143, 168, 169, 144, 144, 169, 170, 145, 145, 170, 171, 146, 146, 171, 172, 147, 147, 172, 173, 148, 148, 173, 174, 149, 149, 174, 175, 150, 151, 176, 177, 152, 152, 177, 178, 153, 153, 178, 179, 154, 154, 179, 180, 155, 155, 180, 181, 156, 156, 181, 182, 157, 157, 182, 183, 158, 158, 183, 184, 159, 159, 184, 185, 160, 160, 185, 186, 161, 161, 186, 187, 162, 162, 187, 188, 163, 163, 188, 189, 164, 164, 189, 190, 165, 165, 190, 191, 166, 166, 191, 192, 167, 167, 192, 193, 168, 168, 193, 194, 169, 169, 194, 195, 170, 170, 195, 196, 171, 171, 196, 197, 172, 172, 197, 198, 173, 173, 198, 199, 174, 174, 199, 200, 175, 176, 201, 202, 177, 177, 202, 203, 178, 178, 203, 204, 179, 179, 204, 205, 180, 180, 205, 206, 181, 181, 206, 207, 182, 182, 207, 208, 183, 183, 208, 209, 184, 184, 209, 210, 185, 185, 210, 211, 186, 186, 211, 212, 187, 187, 212, 213, 188, 188, 213, 214, 189, 189, 214, 215, 190, 190, 215, 216, 191, 191, 216, 217, 192, 192, 217, 218, 193, 193, 218, 219, 194, 194, 219, 220, 195, 195, 220, 221, 196, 196, 221, 222, 197, 197, 222, 223, 198, 198, 223, 224, 199, 199, 224, 225, 200, 201, 226, 227, 202, 202, 227, 228, 203, 203, 228, 229, 204, 204, 229, 230, 205, 205, 230, 231, 206, 206, 231, 232, 207, 207, 232, 233, 208, 208, 233, 234, 209, 209, 234, 235, 210, 210, 235, 236, 211, 211, 236, 237, 212, 212, 237, 238, 213, 213, 238, 239, 214, 214, 239, 240, 215, 215, 240, 241, 216, 216, 241, 242, 217, 217, 242, 243, 218, 218, 243, 244, 219, 219, 244, 245, 220, 220, 245, 246, 221, 221, 246, 247, 222, 222, 247, 248, 223, 223, 248, 249, 224, 224, 249, 250, 225, 226, 251, 252, 227, 227, 252, 253, 228, 228, 253, 254, 229, 229, 254, 255, 230, 230, 255, 256, 231, 231, 256, 257, 232, 232, 257, 258, 233, 233, 258, 259, 234, 234, 259, 260, 235, 235, 260, 261, 236, 236, 261, 262, 237, 237, 262, 263, 238, 238, 263, 264, 239, 239, 264, 265, 240, 240, 265, 266, 241, 241, 266, 267, 242, 242, 267, 268, 243, 243, 268, 269, 244, 244, 269, 270, 245, 245, 270, 271, 246, 246, 271, 272, 247, 247, 272, 273, 248, 248, 273, 274, 249, 249, 274, 275, 250, 251, 276, 277, 252, 252, 277, 278, 253, 253, 278, 279, 254, 254, 279, 280, 255, 255, 280, 281, 256, 256, 281, 282, 257, 257, 282, 283, 258, 258, 283, 284, 259, 259, 284, 285, 260, 260, 285, 286, 261, 261, 286, 287, 262, 262, 287, 288, 263, 263, 288, 289, 264, 264, 289, 290, 265, 265, 290, 291, 266, 266, 291, 292, 267, 267, 292, 293, 268, 268, 293, 294, 269, 269, 294, 295, 270, 270, 295, 296, 271, 271, 296, 297, 272, 272, 297, 298, 273, 273, 298, 299, 274, 274, 299, 300, 275, 276, 301, 302, 277, 277, 302, 303, 278, 278, 303, 304, 279, 279, 304, 305, 280, 280, 305, 306, 281, 281, 306, 307, 282, 282, 307, 308, 283, 283, 308, 309, 284, 284, 309, 310, 285, 285, 310, 311, 286, 286, 311, 312, 287, 287, 312, 313, 288, 288, 313, 314, 289, 289, 314, 315, 290, 290, 315, 316, 291, 291, 316, 317, 292, 292, 317, 318, 293, 293, 318, 319, 294, 294, 319, 320, 295, 295, 320, 321, 296, 296, 321, 322, 297, 297, 322, 323, 298, 298, 323, 324, 299, 299, 324, 325, 300, 301, 326, 327, 302, 302, 327, 328, 303, 303, 328, 329, 304, 304, 329, 330, 305, 305, 330, 331, 306, 306, 331, 332, 307, 307, 332, 333, 308, 308, 333, 334, 309, 309, 334, 335, 310, 310, 335, 336, 311, 311, 336, 337, 312, 312, 337, 338, 313, 313, 338, 339, 314, 314, 339, 340, 315, 315, 340, 341, 316, 316, 341, 342, 317, 317, 342, 343, 318, 318, 343, 344, 319, 319, 344, 345, 320, 320, 345, 346, 321, 321, 346, 347, 322, 322, 347, 348, 323, 323, 348, 349, 324, 324, 349, 350, 325, 326, 351, 352, 327, 327, 352, 353, 328, 328, 353, 354, 329, 329, 354, 355, 330, 330, 355, 356, 331, 331, 356, 357, 332, 332, 357, 358, 333, 333, 358, 359, 334, 334, 359, 360, 335, 335, 360, 361, 336, 336, 361, 362, 337, 337, 362, 363, 338, 338, 363, 364, 339, 339, 364, 365, 340, 340, 365, 366, 341, 341, 366, 367, 342, 342, 367, 368, 343, 343, 368, 369, 344, 344, 369, 370, 345, 345, 370, 371, 346, 346, 371, 372, 347, 347, 372, 373, 348, 348, 373, 374, 349, 349, 374, 375, 350, 0, 1, 2, 0, 2, 3, 0, 3, 4, 0, 4, 5, 0, 5, 6, 0, 6, 7, 0, 7, 8, 0, 8, 9, 0, 9, 10, 0, 10, 11, 0, 11, 12, 0, 12, 13, 0, 13, 14, 0, 14, 15, 0, 15, 16, 0, 16, 17, 0, 17, 18, 0, 18, 19, 0, 19, 20, 0, 20, 21, 0, 21, 22, 0, 22, 23, 0, 23, 24, 0, 24, 25, 0, 352, 351, 0, 353, 352, 0, 354, 353, 0, 355, 354, 0, 356, 355, 0, 357, 356, 0, 358, 357, 0, 359, 358, 0, 360, 359, 0, 361, 360, 0, 362, 361, 0, 363, 362, 0, 364, 363, 0, 365, 364, 0, 366, 365, 0, 367, 366, 0, 368, 367, 0, 369, 368, 0, 370, 369, 0, 371, 370, 0, 372, 371, 0, 373, 372, 0, 374, 373, 0, 375, 374, 0, 26, 1, 0, 51, 26, 0, 76, 51, 0, 101, 76, 0, 126, 101, 0, 151, 126, 0, 176, 151, 0, 201, 176, 0, 226, 201, 0, 251, 226, 0, 276, 251, 0, 301, 276, 0, 326, 301, 0, 351, 326, 0, 25, 50, 0, 50, 75, 0, 75, 100, 0, 100, 125, 0, 125, 150, 0, 150, 175, 0, 175, 200, 0, 200, 225, 0, 225, 250, 0, 250, 275, 0, 275, 300, 0, 300, 325, 0, 325, 350, 0, 350, 375]
                        rel material:binding = </AecoCctvLooks/Shell_observe>
                        point3f[] points = [(0, 0, 0), (-13.108134, -5.725733, -10.999031), (-12.556644, -5.9834595, -11.494119), (-11.927351, -6.2519493, -12.009883), (-11.210017, -6.528828, -12.541762), (-10.394345, -6.810494, -13.082837), (-9.470802, -7.0918603, -13.623337), (-8.431815, -7.3661623, -14.150266), (-7.273346, -7.624927, -14.647348), (-5.996702, -7.858216, -15.095492), (-4.6102934, -8.055245, -15.473982), (-3.130827, -8.205415, -15.762455), (-1.5833917, -8.29965, -15.9434805), (0, -8.331791, -16.005222), (1.5833917, -8.29965, -15.9434805), (3.130827, -8.205415, -15.762455), (4.6102934, -8.055245, -15.473982), (5.996702, -7.858216, -15.095492), (7.273346, -7.624927, -14.647348), (8.431815, -7.3661623, -14.150266), (9.470802, -7.0918603, -13.623337), (10.394345, -6.810494, -13.082837), (11.210017, -6.528828, -12.541762), (11.927351, -6.2519493, -12.009883), (12.556644, -5.9834595, -11.494119), (13.108134, -5.725733, -10.999031), (-13.28681, -4.9746685, -11.148957), (-12.743912, -5.205168, -11.66554), (-12.121957, -5.446248, -12.205835), (-11.409924, -5.6959333, -12.765417), (-10.596524, -5.951112, -13.33731), (-9.671049, -6.2072635, -13.911383), (-8.624638, -6.458241, -14.47386), (-7.4520087, -6.6961937, -15.007146), (-6.153519, -6.911753, -15.490247), (-4.7372313, -7.094601, -15.900036), (-3.2204146, -7.2344656, -16.213491), (-1.6297929, -7.3224616, -16.410704), (0, -7.352515, -16.478058), (1.6297929, -7.3224616, -16.410704), (3.2204146, -7.2344656, -16.213491), (4.7372313, -7.094601, -15.900036), (6.153519, -6.911753, -15.490247), (7.4520087, -6.6961937, -15.007146), (8.624638, -6.458241, -14.47386), (9.671049, -6.2072635, -13.911383), (10.596524, -5.951112, -13.33731), (11.409924, -5.6959333, -12.765417), (12.121957, -5.446248, -12.205835), (12.743912, -5.205168, -11.66554), (13.28681, -4.9746685, -11.148957), (-13.443842, -4.194552, -11.280724), (-12.909088, -4.393861, -11.816739), (-12.294282, -4.6030593, -12.379353), (-11.587697, -4.8205657, -12.96431), (-10.777137, -5.043788, -13.564638), (-9.850789, -5.268857, -14.169932), (-8.798557, -5.4903955, -14.765732), (-7.6139293, -5.70141, -15.333228), (-6.2962794, -5.89342, -15.849617), (-4.853244, -6.056954, -16.289421), (-3.3025422, -6.182467, -16.626972), (-1.6724138, -6.2616267, -16.83986), (0, -6.288697, -16.912663), (1.6724138, -6.2616267, -16.83986), (3.3025422, -6.182467, -16.626972), (4.853244, -6.056954, -16.289421), (6.2962794, -5.89342, -15.849617), (7.6139293, -5.70141, -15.333228), (8.798557, -5.4903955, -14.765732), (9.850789, -5.268857, -14.169932), (10.777137, -5.043788, -13.564638), (11.587697, -4.8205657, -12.96431), (12.294282, -4.6030593, -12.379353), (12.909088, -4.393861, -11.816739), (13.443842, -4.194552, -11.280724), (-13.57655, -3.388766, -11.392078), (-13.049116, -3.553218, -11.944919), (-12.440876, -3.7263563, -12.526961), (-11.739495, -3.9069724, -13.134142), (-10.931986, -4.0930066, -13.759538), (-10.005548, -4.2813053, -14.392545), (-8.948958, -4.4673977, -15.018135), (-7.7545614, -4.6453733, -15.616439), (-6.4207764, -4.8079615, -16.163013), (-4.954778, -4.9469366, -16.630209), (-3.374623, -5.0539236, -16.98987), (-1.7098882, -5.1215463, -17.2172), (0, -5.1446977, -17.295027), (1.7098882, -5.1215463, -17.2172), (3.374623, -5.0539236, -16.98987), (4.954778, -4.9469366, -16.630209), (6.4207764, -4.8079615, -16.163013), (7.7545614, -4.6453733, -15.616439), (8.948958, -4.4673977, -15.018135), (10.005548, -4.2813053, -14.392545), (10.931986, -4.0930066, -13.759538), (11.739495, -3.9069724, -13.134142), (12.440876, -3.7263563, -12.526961), (13.049116, -3.553218, -11.944919), (13.57655, -3.388766, -11.392078), (-13.6825285, -2.561414, -11.481005), (-13.161235, -2.6878104, -12.04755), (-12.558591, -2.821211, -12.645491), (-11.861776, -2.960751, -13.270949), (-11.057148, -3.1049013, -13.917073), (-10.131089, -3.2512681, -14.573132), (-9.071423, -3.3963997, -15.223654), (-7.869497, -3.535669, -15.8479), (-6.522884, -3.6633155, -16.420048), (-5.0383105, -3.7727528, -16.910578), (-3.4340692, -3.8572137, -17.289158), (-1.7408426, -3.910697, -17.528885), (0, -3.9290254, -17.611038), (1.7408426, -3.910697, -17.528885), (3.4340692, -3.8572137, -17.289158), (5.0383105, -3.7727528, -16.910578), (6.522884, -3.6633155, -16.420048), (7.869497, -3.535669, -15.8479), (9.071423, -3.3963997, -15.223654), (10.131089, -3.2512681, -14.573132), (11.057148, -3.1049013, -13.917073), (11.861776, -2.960751, -13.270949), (12.558591, -2.821211, -12.645491), (13.161235, -2.6878104, -12.04755), (13.6825285, -2.561414, -11.481005), (-13.759765, -1.7172486, -11.545814), (-13.243113, -1.803021, -12.1224985), (-12.644749, -1.8937106, -12.732245), (-11.951497, -1.9887637, -13.371328), (-11.149229, -2.087172, -14.032971), (-10.223712, -2.1873283, -14.706366), (-9.162041, -2.2868853, -15.37573), (-7.954795, -2.3826616, -16.019676), (-6.598874, -2.4706616, -16.61134), (-5.100631, -2.5462797, -17.119751), (-3.4785073, -2.6047516, -17.512884), (-1.7640114, -2.6418295, -17.762177), (0, -2.654545, -17.847668), (1.7640114, -2.6418295, -17.762177), (3.4785073, -2.6047516, -17.512884), (5.100631, -2.5462797, -17.119751), (6.598874, -2.4706616, -16.61134), (7.954795, -2.3826616, -16.019676), (9.162041, -2.2868853, -15.37573), (10.223712, -2.1873283, -14.706366), (11.149229, -2.087172, -14.032971), (11.951497, -1.9887637, -13.371328), (12.644749, -1.8937106, -12.732245), (13.243113, -1.803021, -12.1224985), (13.759765, -1.7172486, -11.545814), (-13.80674, -0.8615556, -11.58523), (-13.292978, -0.9049051, -12.168145), (-12.697303, -0.95079064, -12.785163), (-12.006316, -0.9989429, -13.43266), (-11.205594, -1.048862, -14.103915), (-10.28052, -1.0997411, -14.788081), (-9.217732, -1.150393, -15.469192), (-8.007324, -1.1991978, -16.125463), (-6.6457634, -1.2441086, -16.729372), (-5.1391525, -1.2827549, -17.249044), (-3.5060127, -1.312674, -17.651363), (-1.7783647, -1.3316628, -17.906702), (0, -1.3381778, -17.994308), (1.7783647, -1.3316628, -17.906702), (3.5060127, -1.312674, -17.651363), (5.1391525, -1.2827549, -17.249044), (6.6457634, -1.2441086, -16.729372), (8.007324, -1.1991978, -16.125463), (9.217732, -1.150393, -15.469192), (10.28052, -1.0997411, -14.788081), (11.205594, -1.048862, -14.103915), (12.006316, -0.9989429, -13.43266), (12.697303, -0.95079064, -12.785163), (13.292978, -0.9049051, -12.168145), (13.80674, -0.8615556, -11.58523), (-13.822505, 0, -11.598458), (-13.309726, 0, -12.1834755), (-12.714967, 0, -12.802949), (-12.024757, 0, -13.453293), (-11.224573, 0, -14.127804), (-10.299668, 0, -14.815624), (-9.236524, 0, -15.500727), (-8.025067, 0, -16.161194), (-6.6616163, 0, -16.76928), (-5.1521883, 0, -17.292797), (-3.5153272, 0, -17.69826), (-1.7832276, 0, -17.955667), (0, 0, -18.043999), (1.7832276, 0, -17.955667), (3.5153272, 0, -17.69826), (5.1521883, 0, -17.292797), (6.6616163, 0, -16.76928), (8.025067, 0, -16.161194), (9.236524, 0, -15.500727), (10.299668, 0, -14.815624), (11.224573, 0, -14.127804), (12.024757, 0, -13.453293), (12.714967, 0, -12.802949), (13.309726, 0, -12.1834755), (13.822505, 0, -11.598458), (-13.80674, 0.8615556, -11.58523), (-13.292978, 0.9049051, -12.168145), (-12.697303, 0.95079064, -12.785163), (-12.006316, 0.9989429, -13.43266), (-11.205594, 1.048862, -14.103915), (-10.28052, 1.0997411, -14.788081), (-9.217732, 1.150393, -15.469192), (-8.007324, 1.1991978, -16.125463), (-6.6457634, 1.2441086, -16.729372), (-5.1391525, 1.2827549, -17.249044), (-3.5060127, 1.312674, -17.651363), (-1.7783647, 1.3316628, -17.906702), (0, 1.3381778, -17.994308), (1.7783647, 1.3316628, -17.906702), (3.5060127, 1.312674, -17.651363), (5.1391525, 1.2827549, -17.249044), (6.6457634, 1.2441086, -16.729372), (8.007324, 1.1991978, -16.125463), (9.217732, 1.150393, -15.469192), (10.28052, 1.0997411, -14.788081), (11.205594, 1.048862, -14.103915), (12.006316, 0.9989429, -13.43266), (12.697303, 0.95079064, -12.785163), (13.292978, 0.9049051, -12.168145), (13.80674, 0.8615556, -11.58523), (-13.759765, 1.7172486, -11.545814), (-13.243113, 1.803021, -12.1224985), (-12.644749, 1.8937106, -12.732245), (-11.951497, 1.9887637, -13.371328), (-11.149229, 2.087172, -14.032971), (-10.223712, 2.1873283, -14.706366), (-9.162041, 2.2868853, -15.37573), (-7.954795, 2.3826616, -16.019676), (-6.598874, 2.4706616, -16.61134), (-5.100631, 2.5462797, -17.119751), (-3.4785073, 2.6047516, -17.512884), (-1.7640114, 2.6418295, -17.762177), (0, 2.654545, -17.847668), (1.7640114, 2.6418295, -17.762177), (3.4785073, 2.6047516, -17.512884), (5.100631, 2.5462797, -17.119751), (6.598874, 2.4706616, -16.61134), (7.954795, 2.3826616, -16.019676), (9.162041, 2.2868853, -15.37573), (10.223712, 2.1873283, -14.706366), (11.149229, 2.087172, -14.032971), (11.951497, 1.9887637, -13.371328), (12.644749, 1.8937106, -12.732245), (13.243113, 1.803021, -12.1224985), (13.759765, 1.7172486, -11.545814), (-13.6825285, 2.561414, -11.481005), (-13.161235, 2.6878104, -12.04755), (-12.558591, 2.821211, -12.645491), (-11.861776, 2.960751, -13.270949), (-11.057148, 3.1049013, -13.917073), (-10.131089, 3.2512681, -14.573132), (-9.071423, 3.3963997, -15.223654), (-7.869497, 3.535669, -15.8479), (-6.522884, 3.6633155, -16.420048), (-5.0383105, 3.7727528, -16.910578), (-3.4340692, 3.8572137, -17.289158), (-1.7408426, 3.910697, -17.528885), (0, 3.9290254, -17.611038), (1.7408426, 3.910697, -17.528885), (3.4340692, 3.8572137, -17.289158), (5.0383105, 3.7727528, -16.910578), (6.522884, 3.6633155, -16.420048), (7.869497, 3.535669, -15.8479), (9.071423, 3.3963997, -15.223654), (10.131089, 3.2512681, -14.573132), (11.057148, 3.1049013, -13.917073), (11.861776, 2.960751, -13.270949), (12.558591, 2.821211, -12.645491), (13.161235, 2.6878104, -12.04755), (13.6825285, 2.561414, -11.481005), (-13.57655, 3.388766, -11.392078), (-13.049116, 3.553218, -11.944919), (-12.440876, 3.7263563, -12.526961), (-11.739495, 3.9069724, -13.134142), (-10.931986, 4.0930066, -13.759538), (-10.005548, 4.2813053, -14.392545), (-8.948958, 4.4673977, -15.018135), (-7.7545614, 4.6453733, -15.616439), (-6.4207764, 4.8079615, -16.163013), (-4.954778, 4.9469366, -16.630209), (-3.374623, 5.0539236, -16.98987), (-1.7098882, 5.1215463, -17.2172), (0, 5.1446977, -17.295027), (1.7098882, 5.1215463, -17.2172), (3.374623, 5.0539236, -16.98987), (4.954778, 4.9469366, -16.630209), (6.4207764, 4.8079615, -16.163013), (7.7545614, 4.6453733, -15.616439), (8.948958, 4.4673977, -15.018135), (10.005548, 4.2813053, -14.392545), (10.931986, 4.0930066, -13.759538), (11.739495, 3.9069724, -13.134142), (12.440876, 3.7263563, -12.526961), (13.049116, 3.553218, -11.944919), (13.57655, 3.388766, -11.392078), (-13.443842, 4.194552, -11.280724), (-12.909088, 4.393861, -11.816739), (-12.294282, 4.6030593, -12.379353), (-11.587697, 4.8205657, -12.96431), (-10.777137, 5.043788, -13.564638), (-9.850789, 5.268857, -14.169932), (-8.798557, 5.4903955, -14.765732), (-7.6139293, 5.70141, -15.333228), (-6.2962794, 5.89342, -15.849617), (-4.853244, 6.056954, -16.289421), (-3.3025422, 6.182467, -16.626972), (-1.6724138, 6.2616267, -16.83986), (0, 6.288697, -16.912663), (1.6724138, 6.2616267, -16.83986), (3.3025422, 6.182467, -16.626972), (4.853244, 6.056954, -16.289421), (6.2962794, 5.89342, -15.849617), (7.6139293, 5.70141, -15.333228), (8.798557, 5.4903955, -14.765732), (9.850789, 5.268857, -14.169932), (10.777137, 5.043788, -13.564638), (11.587697, 4.8205657, -12.96431), (12.294282, 4.6030593, -12.379353), (12.909088, 4.393861, -11.816739), (13.443842, 4.194552, -11.280724), (-13.28681, 4.9746685, -11.148957), (-12.743912, 5.205168, -11.66554), (-12.121957, 5.446248, -12.205835), (-11.409924, 5.6959333, -12.765417), (-10.596524, 5.951112, -13.33731), (-9.671049, 6.2072635, -13.911383), (-8.624638, 6.458241, -14.47386), (-7.4520087, 6.6961937, -15.007146), (-6.153519, 6.911753, -15.490247), (-4.7372313, 7.094601, -15.900036), (-3.2204146, 7.2344656, -16.213491), (-1.6297929, 7.3224616, -16.410704), (0, 7.352515, -16.478058), (1.6297929, 7.3224616, -16.410704), (3.2204146, 7.2344656, -16.213491), (4.7372313, 7.094601, -15.900036), (6.153519, 6.911753, -15.490247), (7.4520087, 6.6961937, -15.007146), (8.624638, 6.458241, -14.47386), (9.671049, 6.2072635, -13.911383), (10.596524, 5.951112, -13.33731), (11.409924, 5.6959333, -12.765417), (12.121957, 5.446248, -12.205835), (12.743912, 5.205168, -11.66554), (13.28681, 4.9746685, -11.148957), (-13.108134, 5.725733, -10.999031), (-12.556644, 5.9834595, -11.494119), (-11.927351, 6.2519493, -12.009883), (-11.210017, 6.528828, -12.541762), (-10.394345, 6.810494, -13.082837), (-9.470802, 7.0918603, -13.623337), (-8.431815, 7.3661623, -14.150266), (-7.273346, 7.624927, -14.647348), (-5.996702, 7.858216, -15.095492), (-4.6102934, 8.055245, -15.473982), (-3.130827, 8.205415, -15.762455), (-1.5833917, 8.29965, -15.9434805), (0, 8.331791, -16.005222), (1.5833917, 8.29965, -15.9434805), (3.130827, 8.205415, -15.762455), (4.6102934, 8.055245, -15.473982), (5.996702, 7.858216, -15.095492), (7.273346, 7.624927, -14.647348), (8.431815, 7.3661623, -14.150266), (9.470802, 7.0918603, -13.623337), (10.394345, 6.810494, -13.082837), (11.210017, 6.528828, -12.541762), (11.927351, 6.2519493, -12.009883), (12.556644, 5.9834595, -11.494119), (13.108134, 5.725733, -10.999031)]
                        color3f[] primvars:displayColor = [(0.36666667, 0.73333335, 0.68333334)] (
                            interpolation = "constant"
                        )
                        float[] primvars:displayOpacity = [0.3] (
                            interpolation = "constant"
                        )
                        uniform token purpose = "guide"
                        uniform token subdivisionScheme = "none"
                    }
                }
            }

            over "sec_cam_yard_gen_b_fixed_2"
            {
                double aeco:cctv:mountHeight = 2.5

                over "Sensor_0"
                {
                    double aeco:cctvSensor:effectiveWidth = 8.818976585197152
                    double aeco:cctvSensor:hfov = 99.99999999999999
                    double aeco:cctvSensor:targetRange = 4.510999617209059
                    double aeco:cctvSensor:vfov = 54.99999999999999
                    float2 clippingRange = (0.05, 40)
                    float focalLength = 3.7
                    float horizontalAperture = 8.818976
                    float verticalAperture = 3.8521962
                    matrix4d xformOp:transform = ( (-0.7633862853691149, 0.6459422414661737, 0, 0), (-0.37049724894877495, -0.4378603851212798, 0.8191520442889917, 0), (0.5291249075896297, 0.6253294362422901, 0.5735764363510463, 0), (0, 0, 0, 1) )
                    uniform token[] xformOpOrder = ["xformOp:transform"]

                    def Mesh "Sector" (
                        prepend apiSchemas = ["AecoDerivedGeometryAPI", "MaterialBindingAPI"]
                    )
                    {
                        uniform token aeco:derived:approx = "tessellated"
                        uniform token aeco:derived:role = "sector"
                        string aeco:derived:source = "9a73cfd4-cf42-51c7-bb95-e4804591690c"
                        string aeco:derived:stamp = "usdAecoCctv derive 0.5.3"
                        uniform bool doubleSided = 1
                        float3[] extent = [(-30.641777, -18.469944, -40), (30.641777, 18.469944, 0)]
                        int[] faceVertexCounts = [4, 4, 4, 4, 4, 4, 4, 4, 4, 4, 4, 4, 4, 4, 4, 4, 4, 4, 4, 4, 4, 4, 4, 4, 4, 4, 4, 4, 4, 4, 4, 4, 4, 4, 4, 4, 4, 4, 4, 4, 4, 4, 4, 4, 4, 4, 4, 4, 4, 4, 4, 4, 4, 4, 4, 4, 4, 4, 4, 4, 4, 4, 4, 4, 4, 4, 4, 4, 4, 4, 4, 4, 4, 4, 4, 4, 4, 4, 4, 4, 4, 4, 4, 4, 4, 4, 4, 4, 4, 4, 4, 4, 4, 4, 4, 4, 4, 4, 4, 4, 4, 4, 4, 4, 4, 4, 4, 4, 4, 4, 4, 4, 4, 4, 4, 4, 4, 4, 4, 4, 4, 4, 4, 4, 4, 4, 4, 4, 4, 4, 4, 4, 4, 4, 4, 4, 4, 4, 4, 4, 4, 4, 4, 4, 4, 4, 4, 4, 4, 4, 4, 4, 4, 4, 4, 4, 4, 4, 4, 4, 4, 4, 4, 4, 4, 4, 4, 4, 4, 4, 4, 4, 4, 4, 4, 4, 4, 4, 4, 4, 4, 4, 4, 4, 4, 4, 4, 4, 4, 4, 4, 4, 4, 4, 4, 4, 4, 4, 4, 4, 4, 4, 4, 4, 4, 4, 4, 4, 4, 4, 4, 4, 4, 4, 4, 4, 4, 4, 4, 4, 4, 4, 4, 4, 4, 4, 4, 4, 4, 4, 4, 4, 4, 4, 4, 4, 4, 4, 4, 4, 4, 4, 4, 4, 4, 4, 4, 4, 4, 4, 4, 4, 4, 4, 4, 4, 4, 4, 4, 4, 4, 4, 4, 4, 4, 4, 4, 4, 4, 4, 4, 4, 4, 4, 4, 4, 4, 4, 4, 4, 4, 4, 4, 4, 4, 4, 4, 4, 4, 4, 4, 4, 4, 4, 4, 4, 4, 4, 4, 4, 4, 4, 4, 4, 4, 4, 4, 4, 4, 4, 4, 4, 4, 4, 4, 4, 4, 4, 4, 4, 4, 4, 4, 4, 4, 4, 4, 4, 4, 4, 4, 4, 4, 4, 4, 4, 3, 3, 3, 3, 3, 3, 3, 3, 3, 3, 3, 3, 3, 3, 3, 3, 3, 3, 3, 3, 3, 3, 3, 3, 3, 3, 3, 3, 3, 3, 3, 3, 3, 3, 3, 3, 3, 3, 3, 3, 3, 3, 3, 3, 3, 3, 3, 3, 3, 3, 3, 3, 3, 3, 3, 3, 3, 3, 3, 3, 3, 3, 3, 3, 3, 3, 3, 3, 3, 3, 3, 3, 3, 3, 3, 3]
                        int[] faceVertexIndices = [1, 26, 27, 2, 2, 27, 28, 3, 3, 28, 29, 4, 4, 29, 30, 5, 5, 30, 31, 6, 6, 31, 32, 7, 7, 32, 33, 8, 8, 33, 34, 9, 9, 34, 35, 10, 10, 35, 36, 11, 11, 36, 37, 12, 12, 37, 38, 13, 13, 38, 39, 14, 14, 39, 40, 15, 15, 40, 41, 16, 16, 41, 42, 17, 17, 42, 43, 18, 18, 43, 44, 19, 19, 44, 45, 20, 20, 45, 46, 21, 21, 46, 47, 22, 22, 47, 48, 23, 23, 48, 49, 24, 24, 49, 50, 25, 26, 51, 52, 27, 27, 52, 53, 28, 28, 53, 54, 29, 29, 54, 55, 30, 30, 55, 56, 31, 31, 56, 57, 32, 32, 57, 58, 33, 33, 58, 59, 34, 34, 59, 60, 35, 35, 60, 61, 36, 36, 61, 62, 37, 37, 62, 63, 38, 38, 63, 64, 39, 39, 64, 65, 40, 40, 65, 66, 41, 41, 66, 67, 42, 42, 67, 68, 43, 43, 68, 69, 44, 44, 69, 70, 45, 45, 70, 71, 46, 46, 71, 72, 47, 47, 72, 73, 48, 48, 73, 74, 49, 49, 74, 75, 50, 51, 76, 77, 52, 52, 77, 78, 53, 53, 78, 79, 54, 54, 79, 80, 55, 55, 80, 81, 56, 56, 81, 82, 57, 57, 82, 83, 58, 58, 83, 84, 59, 59, 84, 85, 60, 60, 85, 86, 61, 61, 86, 87, 62, 62, 87, 88, 63, 63, 88, 89, 64, 64, 89, 90, 65, 65, 90, 91, 66, 66, 91, 92, 67, 67, 92, 93, 68, 68, 93, 94, 69, 69, 94, 95, 70, 70, 95, 96, 71, 71, 96, 97, 72, 72, 97, 98, 73, 73, 98, 99, 74, 74, 99, 100, 75, 76, 101, 102, 77, 77, 102, 103, 78, 78, 103, 104, 79, 79, 104, 105, 80, 80, 105, 106, 81, 81, 106, 107, 82, 82, 107, 108, 83, 83, 108, 109, 84, 84, 109, 110, 85, 85, 110, 111, 86, 86, 111, 112, 87, 87, 112, 113, 88, 88, 113, 114, 89, 89, 114, 115, 90, 90, 115, 116, 91, 91, 116, 117, 92, 92, 117, 118, 93, 93, 118, 119, 94, 94, 119, 120, 95, 95, 120, 121, 96, 96, 121, 122, 97, 97, 122, 123, 98, 98, 123, 124, 99, 99, 124, 125, 100, 101, 126, 127, 102, 102, 127, 128, 103, 103, 128, 129, 104, 104, 129, 130, 105, 105, 130, 131, 106, 106, 131, 132, 107, 107, 132, 133, 108, 108, 133, 134, 109, 109, 134, 135, 110, 110, 135, 136, 111, 111, 136, 137, 112, 112, 137, 138, 113, 113, 138, 139, 114, 114, 139, 140, 115, 115, 140, 141, 116, 116, 141, 142, 117, 117, 142, 143, 118, 118, 143, 144, 119, 119, 144, 145, 120, 120, 145, 146, 121, 121, 146, 147, 122, 122, 147, 148, 123, 123, 148, 149, 124, 124, 149, 150, 125, 126, 151, 152, 127, 127, 152, 153, 128, 128, 153, 154, 129, 129, 154, 155, 130, 130, 155, 156, 131, 131, 156, 157, 132, 132, 157, 158, 133, 133, 158, 159, 134, 134, 159, 160, 135, 135, 160, 161, 136, 136, 161, 162, 137, 137, 162, 163, 138, 138, 163, 164, 139, 139, 164, 165, 140, 140, 165, 166, 141, 141, 166, 167, 142, 142, 167, 168, 143, 143, 168, 169, 144, 144, 169, 170, 145, 145, 170, 171, 146, 146, 171, 172, 147, 147, 172, 173, 148, 148, 173, 174, 149, 149, 174, 175, 150, 151, 176, 177, 152, 152, 177, 178, 153, 153, 178, 179, 154, 154, 179, 180, 155, 155, 180, 181, 156, 156, 181, 182, 157, 157, 182, 183, 158, 158, 183, 184, 159, 159, 184, 185, 160, 160, 185, 186, 161, 161, 186, 187, 162, 162, 187, 188, 163, 163, 188, 189, 164, 164, 189, 190, 165, 165, 190, 191, 166, 166, 191, 192, 167, 167, 192, 193, 168, 168, 193, 194, 169, 169, 194, 195, 170, 170, 195, 196, 171, 171, 196, 197, 172, 172, 197, 198, 173, 173, 198, 199, 174, 174, 199, 200, 175, 176, 201, 202, 177, 177, 202, 203, 178, 178, 203, 204, 179, 179, 204, 205, 180, 180, 205, 206, 181, 181, 206, 207, 182, 182, 207, 208, 183, 183, 208, 209, 184, 184, 209, 210, 185, 185, 210, 211, 186, 186, 211, 212, 187, 187, 212, 213, 188, 188, 213, 214, 189, 189, 214, 215, 190, 190, 215, 216, 191, 191, 216, 217, 192, 192, 217, 218, 193, 193, 218, 219, 194, 194, 219, 220, 195, 195, 220, 221, 196, 196, 221, 222, 197, 197, 222, 223, 198, 198, 223, 224, 199, 199, 224, 225, 200, 201, 226, 227, 202, 202, 227, 228, 203, 203, 228, 229, 204, 204, 229, 230, 205, 205, 230, 231, 206, 206, 231, 232, 207, 207, 232, 233, 208, 208, 233, 234, 209, 209, 234, 235, 210, 210, 235, 236, 211, 211, 236, 237, 212, 212, 237, 238, 213, 213, 238, 239, 214, 214, 239, 240, 215, 215, 240, 241, 216, 216, 241, 242, 217, 217, 242, 243, 218, 218, 243, 244, 219, 219, 244, 245, 220, 220, 245, 246, 221, 221, 246, 247, 222, 222, 247, 248, 223, 223, 248, 249, 224, 224, 249, 250, 225, 226, 251, 252, 227, 227, 252, 253, 228, 228, 253, 254, 229, 229, 254, 255, 230, 230, 255, 256, 231, 231, 256, 257, 232, 232, 257, 258, 233, 233, 258, 259, 234, 234, 259, 260, 235, 235, 260, 261, 236, 236, 261, 262, 237, 237, 262, 263, 238, 238, 263, 264, 239, 239, 264, 265, 240, 240, 265, 266, 241, 241, 266, 267, 242, 242, 267, 268, 243, 243, 268, 269, 244, 244, 269, 270, 245, 245, 270, 271, 246, 246, 271, 272, 247, 247, 272, 273, 248, 248, 273, 274, 249, 249, 274, 275, 250, 251, 276, 277, 252, 252, 277, 278, 253, 253, 278, 279, 254, 254, 279, 280, 255, 255, 280, 281, 256, 256, 281, 282, 257, 257, 282, 283, 258, 258, 283, 284, 259, 259, 284, 285, 260, 260, 285, 286, 261, 261, 286, 287, 262, 262, 287, 288, 263, 263, 288, 289, 264, 264, 289, 290, 265, 265, 290, 291, 266, 266, 291, 292, 267, 267, 292, 293, 268, 268, 293, 294, 269, 269, 294, 295, 270, 270, 295, 296, 271, 271, 296, 297, 272, 272, 297, 298, 273, 273, 298, 299, 274, 274, 299, 300, 275, 276, 301, 302, 277, 277, 302, 303, 278, 278, 303, 304, 279, 279, 304, 305, 280, 280, 305, 306, 281, 281, 306, 307, 282, 282, 307, 308, 283, 283, 308, 309, 284, 284, 309, 310, 285, 285, 310, 311, 286, 286, 311, 312, 287, 287, 312, 313, 288, 288, 313, 314, 289, 289, 314, 315, 290, 290, 315, 316, 291, 291, 316, 317, 292, 292, 317, 318, 293, 293, 318, 319, 294, 294, 319, 320, 295, 295, 320, 321, 296, 296, 321, 322, 297, 297, 322, 323, 298, 298, 323, 324, 299, 299, 324, 325, 300, 301, 326, 327, 302, 302, 327, 328, 303, 303, 328, 329, 304, 304, 329, 330, 305, 305, 330, 331, 306, 306, 331, 332, 307, 307, 332, 333, 308, 308, 333, 334, 309, 309, 334, 335, 310, 310, 335, 336, 311, 311, 336, 337, 312, 312, 337, 338, 313, 313, 338, 339, 314, 314, 339, 340, 315, 315, 340, 341, 316, 316, 341, 342, 317, 317, 342, 343, 318, 318, 343, 344, 319, 319, 344, 345, 320, 320, 345, 346, 321, 321, 346, 347, 322, 322, 347, 348, 323, 323, 348, 349, 324, 324, 349, 350, 325, 326, 351, 352, 327, 327, 352, 353, 328, 328, 353, 354, 329, 329, 354, 355, 330, 330, 355, 356, 331, 331, 356, 357, 332, 332, 357, 358, 333, 333, 358, 359, 334, 334, 359, 360, 335, 335, 360, 361, 336, 336, 361, 362, 337, 337, 362, 363, 338, 338, 363, 364, 339, 339, 364, 365, 340, 340, 365, 366, 341, 341, 366, 367, 342, 342, 367, 368, 343, 343, 368, 369, 344, 344, 369, 370, 345, 345, 370, 371, 346, 346, 371, 372, 347, 347, 372, 373, 348, 348, 373, 374, 349, 349, 374, 375, 350, 0, 1, 2, 0, 2, 3, 0, 3, 4, 0, 4, 5, 0, 5, 6, 0, 6, 7, 0, 7, 8, 0, 8, 9, 0, 9, 10, 0, 10, 11, 0, 11, 12, 0, 12, 13, 0, 13, 14, 0, 14, 15, 0, 15, 16, 0, 16, 17, 0, 17, 18, 0, 18, 19, 0, 19, 20, 0, 20, 21, 0, 21, 22, 0, 22, 23, 0, 23, 24, 0, 24, 25, 0, 352, 351, 0, 353, 352, 0, 354, 353, 0, 355, 354, 0, 356, 355, 0, 357, 356, 0, 358, 357, 0, 359, 358, 0, 360, 359, 0, 361, 360, 0, 362, 361, 0, 363, 362, 0, 364, 363, 0, 365, 364, 0, 366, 365, 0, 367, 366, 0, 368, 367, 0, 369, 368, 0, 370, 369, 0, 371, 370, 0, 372, 371, 0, 373, 372, 0, 374, 373, 0, 375, 374, 0, 26, 1, 0, 51, 26, 0, 76, 51, 0, 101, 76, 0, 126, 101, 0, 151, 126, 0, 176, 151, 0, 201, 176, 0, 226, 201, 0, 251, 226, 0, 276, 251, 0, 301, 276, 0, 326, 301, 0, 351, 326, 0, 25, 50, 0, 50, 75, 0, 75, 100, 0, 100, 125, 0, 125, 150, 0, 150, 175, 0, 175, 200, 0, 200, 225, 0, 225, 250, 0, 250, 275, 0, 275, 300, 0, 300, 325, 0, 325, 350, 0, 350, 375]
                        rel material:binding = </AecoCctvLooks/Sector>
                        point3f[] points = [(0, 0, 0), (-29.058159, -12.692825, -24.38269), (-27.835613, -13.264154, -25.480204), (-26.440596, -13.859344, -26.623552), (-24.850407, -14.473129, -27.802622), (-23.042223, -15.0975275, -29.00208), (-20.994907, -15.721261, -30.200262), (-18.691677, -16.329334, -31.36836), (-16.123579, -16.902966, -32.470295), (-13.293511, -17.42012, -33.46374), (-10.220115, -17.856895, -34.302776), (-6.9404283, -18.189793, -34.942265), (-3.5100682, -18.398695, -35.343563), (0, -18.469944, -35.480434), (3.5100682, -18.398695, -35.343563), (6.9404283, -18.189793, -34.942265), (10.220115, -17.856895, -34.302776), (13.293511, -17.42012, -33.46374), (16.123579, -16.902966, -32.470295), (18.691677, -16.329334, -31.36836), (20.994907, -15.721261, -30.200262), (23.042223, -15.0975275, -29.00208), (24.850407, -14.473129, -27.802622), (26.440596, -13.859344, -26.623552), (27.835613, -13.264154, -25.480204), (29.058159, -12.692825, -24.38269), (-29.454247, -11.027863, -24.715048), (-28.25075, -11.538835, -25.86021), (-26.871998, -12.073261, -27.05794), (-25.29356, -12.626765, -28.298422), (-23.490412, -13.192446, -29.566195), (-21.438816, -13.760284, -30.838802), (-19.119127, -14.316652, -32.085705), (-16.51964, -14.844146, -33.267895), (-13.641143, -15.322, -34.338833), (-10.501512, -15.727338, -35.247257), (-7.1390266, -16.037388, -35.942127), (-3.6129308, -16.232458, -36.379307), (0, -16.299082, -36.528618), (3.6129308, -16.232458, -36.379307), (7.1390266, -16.037388, -35.942127), (10.501512, -15.727338, -35.247257), (13.641143, -15.322, -34.338833), (16.51964, -14.844146, -33.267895), (19.119127, -14.316652, -32.085705), (21.438816, -13.760284, -30.838802), (23.490412, -13.192446, -29.566195), (25.29356, -12.626765, -28.298422), (26.871998, -12.073261, -27.05794), (28.25075, -11.538835, -25.86021), (29.454247, -11.027863, -24.715048), (-29.802357, -9.298498, -25.007147), (-28.61691, -9.740326, -26.195389), (-27.254007, -10.204079, -27.442593), (-25.687647, -10.686248, -28.739326), (-23.890797, -11.1810875, -30.070137), (-21.837265, -11.680021, -31.411957), (-19.504673, -12.171128, -32.732727), (-16.878586, -12.638906, -33.990757), (-13.957614, -13.064555, -35.135487), (-10.758688, -13.427077, -36.110443), (-7.3210874, -13.705315, -36.85873), (-3.707413, -13.880796, -37.330666), (0, -13.9408045, -37.49205), (3.707413, -13.880796, -37.330666), (7.3210874, -13.705315, -36.85873), (10.758688, -13.427077, -36.110443), (13.957614, -13.064555, -35.135487), (16.878586, -12.638906, -33.990757), (19.504673, -12.171128, -32.732727), (21.837265, -11.680021, -31.411957), (23.890797, -11.1810875, -30.070137), (25.687647, -10.686248, -28.739326), (27.254007, -10.204079, -27.442593), (28.61691, -9.740326, -26.195389), (29.802357, -9.298498, -25.007147), (-30.096544, -7.5122285, -25.254), (-28.927328, -7.8767858, -26.479538), (-27.578978, -8.260599, -27.769812), (-26.024157, -8.66099, -29.115812), (-24.234064, -9.073392, -30.502192), (-22.180332, -9.490813, -31.905443), (-19.838083, -9.903343, -33.292255), (-17.19034, -10.29788, -34.618576), (-14.233601, -10.658306, -35.830227), (-10.983769, -10.966387, -36.86591), (-7.480876, -11.203556, -37.663204), (-3.790486, -11.353462, -38.16715), (0, -11.404784, -38.339676), (3.790486, -11.353462, -38.16715), (7.480876, -11.203556, -37.663204), (10.983769, -10.966387, -36.86591), (14.233601, -10.658306, -35.830227), (17.19034, -10.29788, -34.618576), (19.838083, -9.903343, -33.292255), (22.180332, -9.490813, -31.905443), (24.234064, -9.073392, -30.502192), (26.024157, -8.66099, -29.115812), (27.578978, -8.260599, -27.769812), (28.927328, -7.8767858, -26.479538), (30.096544, -7.5122285, -25.254), (-30.331478, -5.6781516, -25.451132), (-29.175873, -5.9583473, -26.70705), (-27.83993, -6.2540708, -28.03257), (-26.295227, -6.563403, -29.419088), (-24.511526, -6.8829565, -30.851418), (-22.458635, -7.2074227, -32.30577), (-20.109562, -7.529151, -33.747852), (-17.445127, -7.837884, -35.131683), (-14.459952, -8.120851, -36.40002), (-11.168944, -8.363452, -37.48743), (-7.6126566, -8.550685, -38.326664), (-3.859106, -8.669247, -38.858093), (0, -8.709877, -39.04021), (3.859106, -8.669247, -38.858093), (7.6126566, -8.550685, -38.326664), (11.168944, -8.363452, -37.48743), (14.459952, -8.120851, -36.40002), (17.445127, -7.837884, -35.131683), (20.109562, -7.529151, -33.747852), (22.458635, -7.2074227, -32.30577), (24.511526, -6.8829565, -30.851418), (26.295227, -6.563403, -29.419088), (27.83993, -6.2540708, -28.03257), (29.175873, -5.9583473, -26.70705), (30.331478, -5.6781516, -25.451132), (-30.502695, -3.8068027, -25.5948), (-29.357378, -3.9969432, -26.873198), (-28.030924, -4.1979847, -28.224886), (-26.49412, -4.4086986, -29.64161), (-24.71565, -4.6268506, -31.108341), (-22.663961, -4.8488774, -32.601124), (-20.310444, -5.0695753, -34.084972), (-17.634218, -5.281893, -35.512478), (-14.6284075, -5.4769716, -36.824074), (-11.307097, -5.644602, -37.951126), (-7.7111673, -5.774223, -38.822624), (-3.9104667, -5.856417, -39.375256), (0, -5.8846054, -39.564774), (3.9104667, -5.856417, -39.375256), (7.7111673, -5.774223, -38.822624), (11.307097, -5.644602, -37.951126), (14.6284075, -5.4769716, -36.824074), (17.634218, -5.281893, -35.512478), (20.310444, -5.0695753, -34.084972), (22.663961, -4.8488774, -32.601124), (24.71565, -4.6268506, -31.108341), (26.49412, -4.4086986, -29.64161), (28.030924, -4.1979847, -28.224886), (29.357378, -3.9969432, -26.873198), (30.502695, -3.8068027, -25.5948), (-30.606829, -1.9098995, -25.682178), (-29.467922, -2.0059967, -26.974388), (-28.147427, -2.107716, -28.342194), (-26.615644, -2.2144601, -29.777569), (-24.840601, -2.325121, -31.26561), (-22.789894, -2.43791, -32.782272), (-20.4339, -2.5501955, -34.29216), (-17.750666, -2.658386, -35.746983), (-14.732351, -2.7579443, -37.08573), (-11.392492, -2.8436155, -38.237743), (-7.7721415, -2.9099405, -39.129604), (-3.9422853, -2.9520347, -39.69564), (0, -2.9664772, -39.889847), (3.9422853, -2.9520347, -39.69564), (7.7721415, -2.9099405, -39.129604), (11.392492, -2.8436155, -38.237743), (14.732351, -2.7579443, -37.08573), (17.750666, -2.658386, -35.746983), (20.4339, -2.5501955, -34.29216), (22.789894, -2.43791, -32.782272), (24.840601, -2.325121, -31.26561), (26.615644, -2.2144601, -29.777569), (28.147427, -2.107716, -28.342194), (29.467922, -2.0059967, -26.974388), (30.606829, -1.9098995, -25.682178), (-30.641777, 0, -25.711504), (-29.505047, 0, -27.008371), (-28.186584, 0, -28.381622), (-26.656525, 0, -29.823307), (-24.882675, 0, -31.318565), (-22.83234, 0, -32.84333), (-20.475557, 0, -34.362064), (-17.789997, 0, -35.82619), (-14.767495, 0, -37.1742), (-11.42139, 0, -38.334736), (-7.79279, 0, -39.233562), (-3.9530652, 0, -39.804188), (0, 0, -40), (3.9530652, 0, -39.804188), (7.79279, 0, -39.233562), (11.42139, 0, -38.334736), (14.767495, 0, -37.1742), (17.789997, 0, -35.82619), (20.475557, 0, -34.362064), (22.83234, 0, -32.84333), (24.882675, 0, -31.318565), (26.656525, 0, -29.823307), (28.186584, 0, -28.381622), (29.505047, 0, -27.008371), (30.641777, 0, -25.711504), (-30.606829, 1.9098995, -25.682178), (-29.467922, 2.0059967, -26.974388), (-28.147427, 2.107716, -28.342194), (-26.615644, 2.2144601, -29.777569), (-24.840601, 2.325121, -31.26561), (-22.789894, 2.43791, -32.782272), (-20.4339, 2.5501955, -34.29216), (-17.750666, 2.658386, -35.746983), (-14.732351, 2.7579443, -37.08573), (-11.392492, 2.8436155, -38.237743), (-7.7721415, 2.9099405, -39.129604), (-3.9422853, 2.9520347, -39.69564), (0, 2.9664772, -39.889847), (3.9422853, 2.9520347, -39.69564), (7.7721415, 2.9099405, -39.129604), (11.392492, 2.8436155, -38.237743), (14.732351, 2.7579443, -37.08573), (17.750666, 2.658386, -35.746983), (20.4339, 2.5501955, -34.29216), (22.789894, 2.43791, -32.782272), (24.840601, 2.325121, -31.26561), (26.615644, 2.2144601, -29.777569), (28.147427, 2.107716, -28.342194), (29.467922, 2.0059967, -26.974388), (30.606829, 1.9098995, -25.682178), (-30.502695, 3.8068027, -25.5948), (-29.357378, 3.9969432, -26.873198), (-28.030924, 4.1979847, -28.224886), (-26.49412, 4.4086986, -29.64161), (-24.71565, 4.6268506, -31.108341), (-22.663961, 4.8488774, -32.601124), (-20.310444, 5.0695753, -34.084972), (-17.634218, 5.281893, -35.512478), (-14.6284075, 5.4769716, -36.824074), (-11.307097, 5.644602, -37.951126), (-7.7111673, 5.774223, -38.822624), (-3.9104667, 5.856417, -39.375256), (0, 5.8846054, -39.564774), (3.9104667, 5.856417, -39.375256), (7.7111673, 5.774223, -38.822624), (11.307097, 5.644602, -37.951126), (14.6284075, 5.4769716, -36.824074), (17.634218, 5.281893, -35.512478), (20.310444, 5.0695753, -34.084972), (22.663961, 4.8488774, -32.601124), (24.71565, 4.6268506, -31.108341), (26.49412, 4.4086986, -29.64161), (28.030924, 4.1979847, -28.224886), (29.357378, 3.9969432, -26.873198), (30.502695, 3.8068027, -25.5948), (-30.331478, 5.6781516, -25.451132), (-29.175873, 5.9583473, -26.70705), (-27.83993, 6.2540708, -28.03257), (-26.295227, 6.563403, -29.419088), (-24.511526, 6.8829565, -30.851418), (-22.458635, 7.2074227, -32.30577), (-20.109562, 7.529151, -33.747852), (-17.445127, 7.837884, -35.131683), (-14.459952, 8.120851, -36.40002), (-11.168944, 8.363452, -37.48743), (-7.6126566, 8.550685, -38.326664), (-3.859106, 8.669247, -38.858093), (0, 8.709877, -39.04021), (3.859106, 8.669247, -38.858093), (7.6126566, 8.550685, -38.326664), (11.168944, 8.363452, -37.48743), (14.459952, 8.120851, -36.40002), (17.445127, 7.837884, -35.131683), (20.109562, 7.529151, -33.747852), (22.458635, 7.2074227, -32.30577), (24.511526, 6.8829565, -30.851418), (26.295227, 6.563403, -29.419088), (27.83993, 6.2540708, -28.03257), (29.175873, 5.9583473, -26.70705), (30.331478, 5.6781516, -25.451132), (-30.096544, 7.5122285, -25.254), (-28.927328, 7.8767858, -26.479538), (-27.578978, 8.260599, -27.769812), (-26.024157, 8.66099, -29.115812), (-24.234064, 9.073392, -30.502192), (-22.180332, 9.490813, -31.905443), (-19.838083, 9.903343, -33.292255), (-17.19034, 10.29788, -34.618576), (-14.233601, 10.658306, -35.830227), (-10.983769, 10.966387, -36.86591), (-7.480876, 11.203556, -37.663204), (-3.790486, 11.353462, -38.16715), (0, 11.404784, -38.339676), (3.790486, 11.353462, -38.16715), (7.480876, 11.203556, -37.663204), (10.983769, 10.966387, -36.86591), (14.233601, 10.658306, -35.830227), (17.19034, 10.29788, -34.618576), (19.838083, 9.903343, -33.292255), (22.180332, 9.490813, -31.905443), (24.234064, 9.073392, -30.502192), (26.024157, 8.66099, -29.115812), (27.578978, 8.260599, -27.769812), (28.927328, 7.8767858, -26.479538), (30.096544, 7.5122285, -25.254), (-29.802357, 9.298498, -25.007147), (-28.61691, 9.740326, -26.195389), (-27.254007, 10.204079, -27.442593), (-25.687647, 10.686248, -28.739326), (-23.890797, 11.1810875, -30.070137), (-21.837265, 11.680021, -31.411957), (-19.504673, 12.171128, -32.732727), (-16.878586, 12.638906, -33.990757), (-13.957614, 13.064555, -35.135487), (-10.758688, 13.427077, -36.110443), (-7.3210874, 13.705315, -36.85873), (-3.707413, 13.880796, -37.330666), (0, 13.9408045, -37.49205), (3.707413, 13.880796, -37.330666), (7.3210874, 13.705315, -36.85873), (10.758688, 13.427077, -36.110443), (13.957614, 13.064555, -35.135487), (16.878586, 12.638906, -33.990757), (19.504673, 12.171128, -32.732727), (21.837265, 11.680021, -31.411957), (23.890797, 11.1810875, -30.070137), (25.687647, 10.686248, -28.739326), (27.254007, 10.204079, -27.442593), (28.61691, 9.740326, -26.195389), (29.802357, 9.298498, -25.007147), (-29.454247, 11.027863, -24.715048), (-28.25075, 11.538835, -25.86021), (-26.871998, 12.073261, -27.05794), (-25.29356, 12.626765, -28.298422), (-23.490412, 13.192446, -29.566195), (-21.438816, 13.760284, -30.838802), (-19.119127, 14.316652, -32.085705), (-16.51964, 14.844146, -33.267895), (-13.641143, 15.322, -34.338833), (-10.501512, 15.727338, -35.247257), (-7.1390266, 16.037388, -35.942127), (-3.6129308, 16.232458, -36.379307), (0, 16.299082, -36.528618), (3.6129308, 16.232458, -36.379307), (7.1390266, 16.037388, -35.942127), (10.501512, 15.727338, -35.247257), (13.641143, 15.322, -34.338833), (16.51964, 14.844146, -33.267895), (19.119127, 14.316652, -32.085705), (21.438816, 13.760284, -30.838802), (23.490412, 13.192446, -29.566195), (25.29356, 12.626765, -28.298422), (26.871998, 12.073261, -27.05794), (28.25075, 11.538835, -25.86021), (29.454247, 11.027863, -24.715048), (-29.058159, 12.692825, -24.38269), (-27.835613, 13.264154, -25.480204), (-26.440596, 13.859344, -26.623552), (-24.850407, 14.473129, -27.802622), (-23.042223, 15.0975275, -29.00208), (-20.994907, 15.721261, -30.200262), (-18.691677, 16.329334, -31.36836), (-16.123579, 16.902966, -32.470295), (-13.293511, 17.42012, -33.46374), (-10.220115, 17.856895, -34.302776), (-6.9404283, 18.189793, -34.942265), (-3.5100682, 18.398695, -35.343563), (0, 18.469944, -35.480434), (3.5100682, 18.398695, -35.343563), (6.9404283, 18.189793, -34.942265), (10.220115, 17.856895, -34.302776), (13.293511, 17.42012, -33.46374), (16.123579, 16.902966, -32.470295), (18.691677, 16.329334, -31.36836), (20.994907, 15.721261, -30.200262), (23.042223, 15.0975275, -29.00208), (24.850407, 14.473129, -27.802622), (26.440596, 13.859344, -26.623552), (27.835613, 13.264154, -25.480204), (29.058159, 12.692825, -24.38269)]
                        color3f[] primvars:displayColor = [(0, 0.85, 0.95)] (
                            interpolation = "constant"
                        )
                        float[] primvars:displayOpacity = [0.3] (
                            interpolation = "constant"
                        )
                        uniform token purpose = "guide"
                        uniform token subdivisionScheme = "none"
                    }

                    def Mesh "Shell_identify" (
                        prepend apiSchemas = ["AecoDerivedGeometryAPI", "MaterialBindingAPI"]
                    )
                    {
                        uniform token aeco:derived:approx = "tessellated"
                        uniform token aeco:derived:role = "coverage"
                        string aeco:derived:source = "9a73cfd4-cf42-51c7-bb95-e4804591690c"
                        string aeco:derived:stamp = "usdAecoCctv derive 0.5.3"
                        uniform bool doubleSided = 1
                        float3[] extent = [(-3.4556262, -2.0829477, -4.5109997), (3.4556262, 2.0829477, 0)]
                        int[] faceVertexCounts = [4, 4, 4, 4, 4, 4, 4, 4, 4, 4, 4, 4, 4, 4, 4, 4, 4, 4, 4, 4, 4, 4, 4, 4, 4, 4, 4, 4, 4, 4, 4, 4, 4, 4, 4, 4, 4, 4, 4, 4, 4, 4, 4, 4, 4, 4, 4, 4, 4, 4, 4, 4, 4, 4, 4, 4, 4, 4, 4, 4, 4, 4, 4, 4, 4, 4, 4, 4, 4, 4, 4, 4, 4, 4, 4, 4, 4, 4, 4, 4, 4, 4, 4, 4, 4, 4, 4, 4, 4, 4, 4, 4, 4, 4, 4, 4, 4, 4, 4, 4, 4, 4, 4, 4, 4, 4, 4, 4, 4, 4, 4, 4, 4, 4, 4, 4, 4, 4, 4, 4, 4, 4, 4, 4, 4, 4, 4, 4, 4, 4, 4, 4, 4, 4, 4, 4, 4, 4, 4, 4, 4, 4, 4, 4, 4, 4, 4, 4, 4, 4, 4, 4, 4, 4, 4, 4, 4, 4, 4, 4, 4, 4, 4, 4, 4, 4, 4, 4, 4, 4, 4, 4, 4, 4, 4, 4, 4, 4, 4, 4, 4, 4, 4, 4, 4, 4, 4, 4, 4, 4, 4, 4, 4, 4, 4, 4, 4, 4, 4, 4, 4, 4, 4, 4, 4, 4, 4, 4, 4, 4, 4, 4, 4, 4, 4, 4, 4, 4, 4, 4, 4, 4, 4, 4, 4, 4, 4, 4, 4, 4, 4, 4, 4, 4, 4, 4, 4, 4, 4, 4, 4, 4, 4, 4, 4, 4, 4, 4, 4, 4, 4, 4, 4, 4, 4, 4, 4, 4, 4, 4, 4, 4, 4, 4, 4, 4, 4, 4, 4, 4, 4, 4, 4, 4, 4, 4, 4, 4, 4, 4, 4, 4, 4, 4, 4, 4, 4, 4, 4, 4, 4, 4, 4, 4, 4, 4, 4, 4, 4, 4, 4, 4, 4, 4, 4, 4, 4, 4, 4, 4, 4, 4, 4, 4, 4, 4, 4, 4, 4, 4, 4, 4, 4, 4, 4, 4, 4, 4, 4, 4, 4, 4, 4, 4, 4, 4, 3, 3, 3, 3, 3, 3, 3, 3, 3, 3, 3, 3, 3, 3, 3, 3, 3, 3, 3, 3, 3, 3, 3, 3, 3, 3, 3, 3, 3, 3, 3, 3, 3, 3, 3, 3, 3, 3, 3, 3, 3, 3, 3, 3, 3, 3, 3, 3, 3, 3, 3, 3, 3, 3, 3, 3, 3, 3, 3, 3, 3, 3, 3, 3, 3, 3, 3, 3, 3, 3, 3, 3, 3, 3, 3, 3]
                        int[] faceVertexIndices = [1, 26, 27, 2, 2, 27, 28, 3, 3, 28, 29, 4, 4, 29, 30, 5, 5, 30, 31, 6, 6, 31, 32, 7, 7, 32, 33, 8, 8, 33, 34, 9, 9, 34, 35, 10, 10, 35, 36, 11, 11, 36, 37, 12, 12, 37, 38, 13, 13, 38, 39, 14, 14, 39, 40, 15, 15, 40, 41, 16, 16, 41, 42, 17, 17, 42, 43, 18, 18, 43, 44, 19, 19, 44, 45, 20, 20, 45, 46, 21, 21, 46, 47, 22, 22, 47, 48, 23, 23, 48, 49, 24, 24, 49, 50, 25, 26, 51, 52, 27, 27, 52, 53, 28, 28, 53, 54, 29, 29, 54, 55, 30, 30, 55, 56, 31, 31, 56, 57, 32, 32, 57, 58, 33, 33, 58, 59, 34, 34, 59, 60, 35, 35, 60, 61, 36, 36, 61, 62, 37, 37, 62, 63, 38, 38, 63, 64, 39, 39, 64, 65, 40, 40, 65, 66, 41, 41, 66, 67, 42, 42, 67, 68, 43, 43, 68, 69, 44, 44, 69, 70, 45, 45, 70, 71, 46, 46, 71, 72, 47, 47, 72, 73, 48, 48, 73, 74, 49, 49, 74, 75, 50, 51, 76, 77, 52, 52, 77, 78, 53, 53, 78, 79, 54, 54, 79, 80, 55, 55, 80, 81, 56, 56, 81, 82, 57, 57, 82, 83, 58, 58, 83, 84, 59, 59, 84, 85, 60, 60, 85, 86, 61, 61, 86, 87, 62, 62, 87, 88, 63, 63, 88, 89, 64, 64, 89, 90, 65, 65, 90, 91, 66, 66, 91, 92, 67, 67, 92, 93, 68, 68, 93, 94, 69, 69, 94, 95, 70, 70, 95, 96, 71, 71, 96, 97, 72, 72, 97, 98, 73, 73, 98, 99, 74, 74, 99, 100, 75, 76, 101, 102, 77, 77, 102, 103, 78, 78, 103, 104, 79, 79, 104, 105, 80, 80, 105, 106, 81, 81, 106, 107, 82, 82, 107, 108, 83, 83, 108, 109, 84, 84, 109, 110, 85, 85, 110, 111, 86, 86, 111, 112, 87, 87, 112, 113, 88, 88, 113, 114, 89, 89, 114, 115, 90, 90, 115, 116, 91, 91, 116, 117, 92, 92, 117, 118, 93, 93, 118, 119, 94, 94, 119, 120, 95, 95, 120, 121, 96, 96, 121, 122, 97, 97, 122, 123, 98, 98, 123, 124, 99, 99, 124, 125, 100, 101, 126, 127, 102, 102, 127, 128, 103, 103, 128, 129, 104, 104, 129, 130, 105, 105, 130, 131, 106, 106, 131, 132, 107, 107, 132, 133, 108, 108, 133, 134, 109, 109, 134, 135, 110, 110, 135, 136, 111, 111, 136, 137, 112, 112, 137, 138, 113, 113, 138, 139, 114, 114, 139, 140, 115, 115, 140, 141, 116, 116, 141, 142, 117, 117, 142, 143, 118, 118, 143, 144, 119, 119, 144, 145, 120, 120, 145, 146, 121, 121, 146, 147, 122, 122, 147, 148, 123, 123, 148, 149, 124, 124, 149, 150, 125, 126, 151, 152, 127, 127, 152, 153, 128, 128, 153, 154, 129, 129, 154, 155, 130, 130, 155, 156, 131, 131, 156, 157, 132, 132, 157, 158, 133, 133, 158, 159, 134, 134, 159, 160, 135, 135, 160, 161, 136, 136, 161, 162, 137, 137, 162, 163, 138, 138, 163, 164, 139, 139, 164, 165, 140, 140, 165, 166, 141, 141, 166, 167, 142, 142, 167, 168, 143, 143, 168, 169, 144, 144, 169, 170, 145, 145, 170, 171, 146, 146, 171, 172, 147, 147, 172, 173, 148, 148, 173, 174, 149, 149, 174, 175, 150, 151, 176, 177, 152, 152, 177, 178, 153, 153, 178, 179, 154, 154, 179, 180, 155, 155, 180, 181, 156, 156, 181, 182, 157, 157, 182, 183, 158, 158, 183, 184, 159, 159, 184, 185, 160, 160, 185, 186, 161, 161, 186, 187, 162, 162, 187, 188, 163, 163, 188, 189, 164, 164, 189, 190, 165, 165, 190, 191, 166, 166, 191, 192, 167, 167, 192, 193, 168, 168, 193, 194, 169, 169, 194, 195, 170, 170, 195, 196, 171, 171, 196, 197, 172, 172, 197, 198, 173, 173, 198, 199, 174, 174, 199, 200, 175, 176, 201, 202, 177, 177, 202, 203, 178, 178, 203, 204, 179, 179, 204, 205, 180, 180, 205, 206, 181, 181, 206, 207, 182, 182, 207, 208, 183, 183, 208, 209, 184, 184, 209, 210, 185, 185, 210, 211, 186, 186, 211, 212, 187, 187, 212, 213, 188, 188, 213, 214, 189, 189, 214, 215, 190, 190, 215, 216, 191, 191, 216, 217, 192, 192, 217, 218, 193, 193, 218, 219, 194, 194, 219, 220, 195, 195, 220, 221, 196, 196, 221, 222, 197, 197, 222, 223, 198, 198, 223, 224, 199, 199, 224, 225, 200, 201, 226, 227, 202, 202, 227, 228, 203, 203, 228, 229, 204, 204, 229, 230, 205, 205, 230, 231, 206, 206, 231, 232, 207, 207, 232, 233, 208, 208, 233, 234, 209, 209, 234, 235, 210, 210, 235, 236, 211, 211, 236, 237, 212, 212, 237, 238, 213, 213, 238, 239, 214, 214, 239, 240, 215, 215, 240, 241, 216, 216, 241, 242, 217, 217, 242, 243, 218, 218, 243, 244, 219, 219, 244, 245, 220, 220, 245, 246, 221, 221, 246, 247, 222, 222, 247, 248, 223, 223, 248, 249, 224, 224, 249, 250, 225, 226, 251, 252, 227, 227, 252, 253, 228, 228, 253, 254, 229, 229, 254, 255, 230, 230, 255, 256, 231, 231, 256, 257, 232, 232, 257, 258, 233, 233, 258, 259, 234, 234, 259, 260, 235, 235, 260, 261, 236, 236, 261, 262, 237, 237, 262, 263, 238, 238, 263, 264, 239, 239, 264, 265, 240, 240, 265, 266, 241, 241, 266, 267, 242, 242, 267, 268, 243, 243, 268, 269, 244, 244, 269, 270, 245, 245, 270, 271, 246, 246, 271, 272, 247, 247, 272, 273, 248, 248, 273, 274, 249, 249, 274, 275, 250, 251, 276, 277, 252, 252, 277, 278, 253, 253, 278, 279, 254, 254, 279, 280, 255, 255, 280, 281, 256, 256, 281, 282, 257, 257, 282, 283, 258, 258, 283, 284, 259, 259, 284, 285, 260, 260, 285, 286, 261, 261, 286, 287, 262, 262, 287, 288, 263, 263, 288, 289, 264, 264, 289, 290, 265, 265, 290, 291, 266, 266, 291, 292, 267, 267, 292, 293, 268, 268, 293, 294, 269, 269, 294, 295, 270, 270, 295, 296, 271, 271, 296, 297, 272, 272, 297, 298, 273, 273, 298, 299, 274, 274, 299, 300, 275, 276, 301, 302, 277, 277, 302, 303, 278, 278, 303, 304, 279, 279, 304, 305, 280, 280, 305, 306, 281, 281, 306, 307, 282, 282, 307, 308, 283, 283, 308, 309, 284, 284, 309, 310, 285, 285, 310, 311, 286, 286, 311, 312, 287, 287, 312, 313, 288, 288, 313, 314, 289, 289, 314, 315, 290, 290, 315, 316, 291, 291, 316, 317, 292, 292, 317, 318, 293, 293, 318, 319, 294, 294, 319, 320, 295, 295, 320, 321, 296, 296, 321, 322, 297, 297, 322, 323, 298, 298, 323, 324, 299, 299, 324, 325, 300, 301, 326, 327, 302, 302, 327, 328, 303, 303, 328, 329, 304, 304, 329, 330, 305, 305, 330, 331, 306, 306, 331, 332, 307, 307, 332, 333, 308, 308, 333, 334, 309, 309, 334, 335, 310, 310, 335, 336, 311, 311, 336, 337, 312, 312, 337, 338, 313, 313, 338, 339, 314, 314, 339, 340, 315, 315, 340, 341, 316, 316, 341, 342, 317, 317, 342, 343, 318, 318, 343, 344, 319, 319, 344, 345, 320, 320, 345, 346, 321, 321, 346, 347, 322, 322, 347, 348, 323, 323, 348, 349, 324, 324, 349, 350, 325, 326, 351, 352, 327, 327, 352, 353, 328, 328, 353, 354, 329, 329, 354, 355, 330, 330, 355, 356, 331, 331, 356, 357, 332, 332, 357, 358, 333, 333, 358, 359, 334, 334, 359, 360, 335, 335, 360, 361, 336, 336, 361, 362, 337, 337, 362, 363, 338, 338, 363, 364, 339, 339, 364, 365, 340, 340, 365, 366, 341, 341, 366, 367, 342, 342, 367, 368, 343, 343, 368, 369, 344, 344, 369, 370, 345, 345, 370, 371, 346, 346, 371, 372, 347, 347, 372, 373, 348, 348, 373, 374, 349, 349, 374, 375, 350, 0, 1, 2, 0, 2, 3, 0, 3, 4, 0, 4, 5, 0, 5, 6, 0, 6, 7, 0, 7, 8, 0, 8, 9, 0, 9, 10, 0, 10, 11, 0, 11, 12, 0, 12, 13, 0, 13, 14, 0, 14, 15, 0, 15, 16, 0, 16, 17, 0, 17, 18, 0, 18, 19, 0, 19, 20, 0, 20, 21, 0, 21, 22, 0, 22, 23, 0, 23, 24, 0, 24, 25, 0, 352, 351, 0, 353, 352, 0, 354, 353, 0, 355, 354, 0, 356, 355, 0, 357, 356, 0, 358, 357, 0, 359, 358, 0, 360, 359, 0, 361, 360, 0, 362, 361, 0, 363, 362, 0, 364, 363, 0, 365, 364, 0, 366, 365, 0, 367, 366, 0, 368, 367, 0, 369, 368, 0, 370, 369, 0, 371, 370, 0, 372, 371, 0, 373, 372, 0, 374, 373, 0, 375, 374, 0, 26, 1, 0, 51, 26, 0, 76, 51, 0, 101, 76, 0, 126, 101, 0, 151, 126, 0, 176, 151, 0, 201, 176, 0, 226, 201, 0, 251, 226, 0, 276, 251, 0, 301, 276, 0, 326, 301, 0, 351, 326, 0, 25, 50, 0, 50, 75, 0, 75, 100, 0, 100, 125, 0, 125, 150, 0, 150, 175, 0, 175, 200, 0, 200, 225, 0, 225, 250, 0, 250, 275, 0, 275, 300, 0, 300, 325, 0, 325, 350, 0, 350, 375]
                        rel material:binding = </AecoCctvLooks/Shell_identify>
                        point3f[] points = [(0, 0, 0), (-3.2770336, -1.4314332, -2.7497578), (-3.139161, -1.4958649, -2.8735297), (-2.9818377, -1.5629873, -3.0024707), (-2.8025043, -1.632207, -3.1354406), (-2.5985863, -1.7026235, -3.2707093), (-2.3677006, -1.7729651, -3.4058342), (-2.1079538, -1.8415406, -3.5375664), (-1.8183365, -1.9062318, -3.661837), (-1.4991755, -1.964554, -3.773873), (-1.1525733, -2.0138113, -3.8684955), (-0.78270674, -2.0513537, -3.9406137), (-0.39584792, -2.0749125, -3.9858701), (0, -2.0829477, -4.0013056), (0.39584792, -2.0749125, -3.9858701), (0.78270674, -2.0513537, -3.9406137), (1.1525733, -2.0138113, -3.8684955), (1.4991755, -1.964554, -3.773873), (1.8183365, -1.9062318, -3.661837), (2.1079538, -1.8415406, -3.5375664), (2.3677006, -1.7729651, -3.4058342), (2.5985863, -1.7026235, -3.2707093), (2.8025043, -1.632207, -3.1354406), (2.9818377, -1.5629873, -3.0024707), (3.139161, -1.4958649, -2.8735297), (3.2770336, -1.4314332, -2.7497578), (-3.3217025, -1.2436671, -2.7872393), (-3.185978, -1.301292, -2.916385), (-3.0304892, -1.361562, -3.0514588), (-2.852481, -1.4239833, -3.1913543), (-2.649131, -1.487778, -3.3343275), (-2.4177623, -1.5518159, -3.4778457), (-2.1561594, -1.6145602, -3.618465), (-1.8630022, -1.6740484, -3.7517865), (-1.5383798, -1.7279383, -3.8725617), (-1.1843078, -1.7736503, -3.975009), (-0.80510366, -1.8086164, -4.053373), (-0.40744823, -1.8306154, -4.102676), (0, -1.8381288, -4.1195145), (0.40744823, -1.8306154, -4.102676), (0.80510366, -1.8086164, -4.053373), (1.1843078, -1.7736503, -3.975009), (1.5383798, -1.7279383, -3.8725617), (1.8630022, -1.6740484, -3.7517865), (2.1561594, -1.6145602, -3.618465), (2.4177623, -1.5518159, -3.4778457), (2.649131, -1.487778, -3.3343275), (2.852481, -1.4239833, -3.1913543), (3.0304892, -1.361562, -3.0514588), (3.185978, -1.301292, -2.916385), (3.3217025, -1.2436671, -2.7872393), (-3.3609605, -1.048638, -2.820181), (-3.227272, -1.0984652, -2.9541848), (-3.0735705, -1.1507648, -3.0948381), (-2.8969243, -1.2051414, -3.2410774), (-2.6942842, -1.260947, -3.3911595), (-2.4626973, -1.3172143, -3.542483), (-2.1996393, -1.3725989, -3.691433), (-1.9034823, -1.4253525, -3.833307), (-1.5740699, -1.473355, -3.9624043), (-1.213311, -1.5142385, -4.0723553), (-0.82563555, -1.5456167, -4.156743), (-0.41810346, -1.5654067, -4.209965), (0, -1.5721742, -4.2281656), (0.41810346, -1.5654067, -4.209965), (0.82563555, -1.5456167, -4.156743), (1.213311, -1.5142385, -4.0723553), (1.5740699, -1.473355, -3.9624043), (1.9034823, -1.4253525, -3.833307), (2.1996393, -1.3725989, -3.691433), (2.4626973, -1.3172143, -3.542483), (2.6942842, -1.260947, -3.3911595), (2.8969243, -1.2051414, -3.2410774), (3.0735705, -1.1507648, -3.0948381), (3.227272, -1.0984652, -2.9541848), (3.3609605, -1.048638, -2.820181), (-3.3941374, -0.8471915, -2.8480196), (-3.262279, -0.8883045, -2.9862297), (-3.110219, -0.93158907, -3.1317403), (-2.9348738, -0.9767431, -3.2835355), (-2.7329965, -1.0232517, -3.4398844), (-2.501387, -1.0703263, -3.5981362), (-2.2372396, -1.1168494, -3.7545338), (-1.9386404, -1.1613433, -3.9041097), (-1.6051941, -1.2019904, -4.0407534), (-1.2386945, -1.2367342, -4.1575522), (-0.84365577, -1.2634809, -4.2474675), (-0.42747205, -1.2803866, -4.3043), (0, -1.2861744, -4.3237567), (0.42747205, -1.2803866, -4.3043), (0.84365577, -1.2634809, -4.2474675), (1.2386945, -1.2367342, -4.1575522), (1.6051941, -1.2019904, -4.0407534), (1.9386404, -1.1613433, -3.9041097), (2.2372396, -1.1168494, -3.7545338), (2.501387, -1.0703263, -3.5981362), (2.7329965, -1.0232517, -3.4398844), (2.9348738, -0.9767431, -3.2835355), (3.110219, -0.93158907, -3.1317403), (3.262279, -0.8883045, -2.9862297), (3.3941374, -0.8471915, -2.8480196), (-3.4206321, -0.6403535, -2.8702512), (-3.2903087, -0.6719526, -3.0118876), (-3.1396477, -0.7053028, -3.1613727), (-2.965444, -0.74018776, -3.3177373), (-2.764287, -0.7762253, -3.4792683), (-2.5327723, -0.81281704, -3.643283), (-2.2678556, -0.84909993, -3.8059134), (-1.9673742, -0.8839173, -3.961975), (-1.630721, -0.9158289, -4.105012), (-1.2595776, -0.9431882, -4.2276444), (-0.8585173, -0.96430343, -4.3222895), (-0.43521065, -0.97767425, -4.382221), (0, -0.98225635, -4.4027596), (0.43521065, -0.97767425, -4.382221), (0.8585173, -0.96430343, -4.3222895), (1.2595776, -0.9431882, -4.2276444), (1.630721, -0.9158289, -4.105012), (1.9673742, -0.8839173, -3.961975), (2.2678556, -0.84909993, -3.8059134), (2.5327723, -0.81281704, -3.643283), (2.764287, -0.7762253, -3.4792683), (2.965444, -0.74018776, -3.3177373), (3.1396477, -0.7053028, -3.1613727), (3.2903087, -0.6719526, -3.0118876), (3.4206321, -0.6403535, -2.8702512), (-3.4399412, -0.42931214, -2.8864534), (-3.3107781, -0.45075524, -3.0306246), (-3.1611872, -0.47342765, -3.1830614), (-2.9878743, -0.49719092, -3.342832), (-2.7873073, -0.521793, -3.5082428), (-2.555928, -0.5468321, -3.6765914), (-2.2905102, -0.5717213, -3.8439324), (-1.9886987, -0.5956654, -4.004919), (-1.6497185, -0.6176654, -4.152835), (-1.2751578, -0.6365699, -4.2799377), (-0.8696268, -0.6511879, -4.378221), (-0.44100285, -0.6604574, -4.440544), (0, -0.66363627, -4.461917), (0.44100285, -0.6604574, -4.440544), (0.8696268, -0.6511879, -4.378221), (1.2751578, -0.6365699, -4.2799377), (1.6497185, -0.6176654, -4.152835), (1.9886987, -0.5956654, -4.004919), (2.2905102, -0.5717213, -3.8439324), (2.555928, -0.5468321, -3.6765914), (2.7873073, -0.521793, -3.5082428), (2.9878743, -0.49719092, -3.342832), (3.1611872, -0.47342765, -3.1830614), (3.3107781, -0.45075524, -3.0306246), (3.4399412, -0.42931214, -2.8864534), (-3.451685, -0.2153889, -2.8963075), (-3.3232446, -0.22622627, -3.0420363), (-3.1743257, -0.23769766, -3.1962907), (-3.001579, -0.24973573, -3.358165), (-2.8013985, -0.2622155, -3.5259788), (-2.57013, -0.27493528, -3.6970203), (-2.304433, -0.28759825, -3.867298), (-2.001831, -0.29979944, -4.031366), (-1.6614408, -0.31102714, -4.182343), (-1.2847881, -0.32068872, -4.312261), (-0.87650317, -0.3281685, -4.412841), (-0.44459116, -0.3329157, -4.4766755), (0, -0.33454445, -4.498577), (0.44459116, -0.3329157, -4.4766755), (0.87650317, -0.3281685, -4.412841), (1.2847881, -0.32068872, -4.312261), (1.6614408, -0.31102714, -4.182343), (2.001831, -0.29979944, -4.031366), (2.304433, -0.28759825, -3.867298), (2.57013, -0.27493528, -3.6970203), (2.8013985, -0.2622155, -3.5259788), (3.001579, -0.24973573, -3.358165), (3.1743257, -0.23769766, -3.1962907), (3.3232446, -0.22622627, -3.0420363), (3.451685, -0.2153889, -2.8963075), (-3.4556262, 0, -2.8996146), (-3.3274314, 0, -3.0458689), (-3.1787417, 0, -3.2007372), (-3.0061893, 0, -3.3633232), (-2.8061433, 0, -3.531951), (-2.574917, 0, -3.703906), (-2.309131, 0, -3.8751817), (-2.0062668, 0, -4.0402985), (-1.6654041, 0, -4.19232), (-1.2880471, 0, -4.3231993), (-0.8788318, 0, -4.424565), (-0.4458069, 0, -4.488917), (0, 0, -4.5109997), (0.4458069, 0, -4.488917), (0.8788318, 0, -4.424565), (1.2880471, 0, -4.3231993), (1.6654041, 0, -4.19232), (2.0062668, 0, -4.0402985), (2.309131, 0, -3.8751817), (2.574917, 0, -3.703906), (2.8061433, 0, -3.531951), (3.0061893, 0, -3.3633232), (3.1787417, 0, -3.2007372), (3.3274314, 0, -3.0458689), (3.4556262, 0, -2.8996146), (-3.451685, 0.2153889, -2.8963075), (-3.3232446, 0.22622627, -3.0420363), (-3.1743257, 0.23769766, -3.1962907), (-3.001579, 0.24973573, -3.358165), (-2.8013985, 0.2622155, -3.5259788), (-2.57013, 0.27493528, -3.6970203), (-2.304433, 0.28759825, -3.867298), (-2.001831, 0.29979944, -4.031366), (-1.6614408, 0.31102714, -4.182343), (-1.2847881, 0.32068872, -4.312261), (-0.87650317, 0.3281685, -4.412841), (-0.44459116, 0.3329157, -4.4766755), (0, 0.33454445, -4.498577), (0.44459116, 0.3329157, -4.4766755), (0.87650317, 0.3281685, -4.412841), (1.2847881, 0.32068872, -4.312261), (1.6614408, 0.31102714, -4.182343), (2.001831, 0.29979944, -4.031366), (2.304433, 0.28759825, -3.867298), (2.57013, 0.27493528, -3.6970203), (2.8013985, 0.2622155, -3.5259788), (3.001579, 0.24973573, -3.358165), (3.1743257, 0.23769766, -3.1962907), (3.3232446, 0.22622627, -3.0420363), (3.451685, 0.2153889, -2.8963075), (-3.4399412, 0.42931214, -2.8864534), (-3.3107781, 0.45075524, -3.0306246), (-3.1611872, 0.47342765, -3.1830614), (-2.9878743, 0.49719092, -3.342832), (-2.7873073, 0.521793, -3.5082428), (-2.555928, 0.5468321, -3.6765914), (-2.2905102, 0.5717213, -3.8439324), (-1.9886987, 0.5956654, -4.004919), (-1.6497185, 0.6176654, -4.152835), (-1.2751578, 0.6365699, -4.2799377), (-0.8696268, 0.6511879, -4.378221), (-0.44100285, 0.6604574, -4.440544), (0, 0.66363627, -4.461917), (0.44100285, 0.6604574, -4.440544), (0.8696268, 0.6511879, -4.378221), (1.2751578, 0.6365699, -4.2799377), (1.6497185, 0.6176654, -4.152835), (1.9886987, 0.5956654, -4.004919), (2.2905102, 0.5717213, -3.8439324), (2.555928, 0.5468321, -3.6765914), (2.7873073, 0.521793, -3.5082428), (2.9878743, 0.49719092, -3.342832), (3.1611872, 0.47342765, -3.1830614), (3.3107781, 0.45075524, -3.0306246), (3.4399412, 0.42931214, -2.8864534), (-3.4206321, 0.6403535, -2.8702512), (-3.2903087, 0.6719526, -3.0118876), (-3.1396477, 0.7053028, -3.1613727), (-2.965444, 0.74018776, -3.3177373), (-2.764287, 0.7762253, -3.4792683), (-2.5327723, 0.81281704, -3.643283), (-2.2678556, 0.84909993, -3.8059134), (-1.9673742, 0.8839173, -3.961975), (-1.630721, 0.9158289, -4.105012), (-1.2595776, 0.9431882, -4.2276444), (-0.8585173, 0.96430343, -4.3222895), (-0.43521065, 0.97767425, -4.382221), (0, 0.98225635, -4.4027596), (0.43521065, 0.97767425, -4.382221), (0.8585173, 0.96430343, -4.3222895), (1.2595776, 0.9431882, -4.2276444), (1.630721, 0.9158289, -4.105012), (1.9673742, 0.8839173, -3.961975), (2.2678556, 0.84909993, -3.8059134), (2.5327723, 0.81281704, -3.643283), (2.764287, 0.7762253, -3.4792683), (2.965444, 0.74018776, -3.3177373), (3.1396477, 0.7053028, -3.1613727), (3.2903087, 0.6719526, -3.0118876), (3.4206321, 0.6403535, -2.8702512), (-3.3941374, 0.8471915, -2.8480196), (-3.262279, 0.8883045, -2.9862297), (-3.110219, 0.93158907, -3.1317403), (-2.9348738, 0.9767431, -3.2835355), (-2.7329965, 1.0232517, -3.4398844), (-2.501387, 1.0703263, -3.5981362), (-2.2372396, 1.1168494, -3.7545338), (-1.9386404, 1.1613433, -3.9041097), (-1.6051941, 1.2019904, -4.0407534), (-1.2386945, 1.2367342, -4.1575522), (-0.84365577, 1.2634809, -4.2474675), (-0.42747205, 1.2803866, -4.3043), (0, 1.2861744, -4.3237567), (0.42747205, 1.2803866, -4.3043), (0.84365577, 1.2634809, -4.2474675), (1.2386945, 1.2367342, -4.1575522), (1.6051941, 1.2019904, -4.0407534), (1.9386404, 1.1613433, -3.9041097), (2.2372396, 1.1168494, -3.7545338), (2.501387, 1.0703263, -3.5981362), (2.7329965, 1.0232517, -3.4398844), (2.9348738, 0.9767431, -3.2835355), (3.110219, 0.93158907, -3.1317403), (3.262279, 0.8883045, -2.9862297), (3.3941374, 0.8471915, -2.8480196), (-3.3609605, 1.048638, -2.820181), (-3.227272, 1.0984652, -2.9541848), (-3.0735705, 1.1507648, -3.0948381), (-2.8969243, 1.2051414, -3.2410774), (-2.6942842, 1.260947, -3.3911595), (-2.4626973, 1.3172143, -3.542483), (-2.1996393, 1.3725989, -3.691433), (-1.9034823, 1.4253525, -3.833307), (-1.5740699, 1.473355, -3.9624043), (-1.213311, 1.5142385, -4.0723553), (-0.82563555, 1.5456167, -4.156743), (-0.41810346, 1.5654067, -4.209965), (0, 1.5721742, -4.2281656), (0.41810346, 1.5654067, -4.209965), (0.82563555, 1.5456167, -4.156743), (1.213311, 1.5142385, -4.0723553), (1.5740699, 1.473355, -3.9624043), (1.9034823, 1.4253525, -3.833307), (2.1996393, 1.3725989, -3.691433), (2.4626973, 1.3172143, -3.542483), (2.6942842, 1.260947, -3.3911595), (2.8969243, 1.2051414, -3.2410774), (3.0735705, 1.1507648, -3.0948381), (3.227272, 1.0984652, -2.9541848), (3.3609605, 1.048638, -2.820181), (-3.3217025, 1.2436671, -2.7872393), (-3.185978, 1.301292, -2.916385), (-3.0304892, 1.361562, -3.0514588), (-2.852481, 1.4239833, -3.1913543), (-2.649131, 1.487778, -3.3343275), (-2.4177623, 1.5518159, -3.4778457), (-2.1561594, 1.6145602, -3.618465), (-1.8630022, 1.6740484, -3.7517865), (-1.5383798, 1.7279383, -3.8725617), (-1.1843078, 1.7736503, -3.975009), (-0.80510366, 1.8086164, -4.053373), (-0.40744823, 1.8306154, -4.102676), (0, 1.8381288, -4.1195145), (0.40744823, 1.8306154, -4.102676), (0.80510366, 1.8086164, -4.053373), (1.1843078, 1.7736503, -3.975009), (1.5383798, 1.7279383, -3.8725617), (1.8630022, 1.6740484, -3.7517865), (2.1561594, 1.6145602, -3.618465), (2.4177623, 1.5518159, -3.4778457), (2.649131, 1.487778, -3.3343275), (2.852481, 1.4239833, -3.1913543), (3.0304892, 1.361562, -3.0514588), (3.185978, 1.301292, -2.916385), (3.3217025, 1.2436671, -2.7872393), (-3.2770336, 1.4314332, -2.7497578), (-3.139161, 1.4958649, -2.8735297), (-2.9818377, 1.5629873, -3.0024707), (-2.8025043, 1.632207, -3.1354406), (-2.5985863, 1.7026235, -3.2707093), (-2.3677006, 1.7729651, -3.4058342), (-2.1079538, 1.8415406, -3.5375664), (-1.8183365, 1.9062318, -3.661837), (-1.4991755, 1.964554, -3.773873), (-1.1525733, 2.0138113, -3.8684955), (-0.78270674, 2.0513537, -3.9406137), (-0.39584792, 2.0749125, -3.9858701), (0, 2.0829477, -4.0013056), (0.39584792, 2.0749125, -3.9858701), (0.78270674, 2.0513537, -3.9406137), (1.1525733, 2.0138113, -3.8684955), (1.4991755, 1.964554, -3.773873), (1.8183365, 1.9062318, -3.661837), (2.1079538, 1.8415406, -3.5375664), (2.3677006, 1.7729651, -3.4058342), (2.5985863, 1.7026235, -3.2707093), (2.8025043, 1.632207, -3.1354406), (2.9818377, 1.5629873, -3.0024707), (3.139161, 1.4958649, -2.8735297), (3.2770336, 1.4314332, -2.7497578)]
                        color3f[] primvars:displayColor = [(0, 0.5, 0.45)] (
                            interpolation = "constant"
                        )
                        float[] primvars:displayOpacity = [0.3] (
                            interpolation = "constant"
                        )
                        uniform token purpose = "guide"
                        uniform token subdivisionScheme = "none"
                    }

                    def Mesh "Shell_recognise" (
                        prepend apiSchemas = ["AecoDerivedGeometryAPI", "MaterialBindingAPI"]
                    )
                    {
                        uniform token aeco:derived:approx = "tessellated"
                        uniform token aeco:derived:role = "coverage"
                        string aeco:derived:source = "9a73cfd4-cf42-51c7-bb95-e4804591690c"
                        string aeco:derived:stamp = "usdAecoCctv derive 0.5.3"
                        uniform bool doubleSided = 1
                        float3[] extent = [(-6.9112525, -4.1658955, -9.021999), (6.9112525, 4.1658955, 0)]
                        int[] faceVertexCounts = [4, 4, 4, 4, 4, 4, 4, 4, 4, 4, 4, 4, 4, 4, 4, 4, 4, 4, 4, 4, 4, 4, 4, 4, 4, 4, 4, 4, 4, 4, 4, 4, 4, 4, 4, 4, 4, 4, 4, 4, 4, 4, 4, 4, 4, 4, 4, 4, 4, 4, 4, 4, 4, 4, 4, 4, 4, 4, 4, 4, 4, 4, 4, 4, 4, 4, 4, 4, 4, 4, 4, 4, 4, 4, 4, 4, 4, 4, 4, 4, 4, 4, 4, 4, 4, 4, 4, 4, 4, 4, 4, 4, 4, 4, 4, 4, 4, 4, 4, 4, 4, 4, 4, 4, 4, 4, 4, 4, 4, 4, 4, 4, 4, 4, 4, 4, 4, 4, 4, 4, 4, 4, 4, 4, 4, 4, 4, 4, 4, 4, 4, 4, 4, 4, 4, 4, 4, 4, 4, 4, 4, 4, 4, 4, 4, 4, 4, 4, 4, 4, 4, 4, 4, 4, 4, 4, 4, 4, 4, 4, 4, 4, 4, 4, 4, 4, 4, 4, 4, 4, 4, 4, 4, 4, 4, 4, 4, 4, 4, 4, 4, 4, 4, 4, 4, 4, 4, 4, 4, 4, 4, 4, 4, 4, 4, 4, 4, 4, 4, 4, 4, 4, 4, 4, 4, 4, 4, 4, 4, 4, 4, 4, 4, 4, 4, 4, 4, 4, 4, 4, 4, 4, 4, 4, 4, 4, 4, 4, 4, 4, 4, 4, 4, 4, 4, 4, 4, 4, 4, 4, 4, 4, 4, 4, 4, 4, 4, 4, 4, 4, 4, 4, 4, 4, 4, 4, 4, 4, 4, 4, 4, 4, 4, 4, 4, 4, 4, 4, 4, 4, 4, 4, 4, 4, 4, 4, 4, 4, 4, 4, 4, 4, 4, 4, 4, 4, 4, 4, 4, 4, 4, 4, 4, 4, 4, 4, 4, 4, 4, 4, 4, 4, 4, 4, 4, 4, 4, 4, 4, 4, 4, 4, 4, 4, 4, 4, 4, 4, 4, 4, 4, 4, 4, 4, 4, 4, 4, 4, 4, 4, 4, 4, 4, 4, 4, 4, 3, 3, 3, 3, 3, 3, 3, 3, 3, 3, 3, 3, 3, 3, 3, 3, 3, 3, 3, 3, 3, 3, 3, 3, 3, 3, 3, 3, 3, 3, 3, 3, 3, 3, 3, 3, 3, 3, 3, 3, 3, 3, 3, 3, 3, 3, 3, 3, 3, 3, 3, 3, 3, 3, 3, 3, 3, 3, 3, 3, 3, 3, 3, 3, 3, 3, 3, 3, 3, 3, 3, 3, 3, 3, 3, 3]
                        int[] faceVertexIndices = [1, 26, 27, 2, 2, 27, 28, 3, 3, 28, 29, 4, 4, 29, 30, 5, 5, 30, 31, 6, 6, 31, 32, 7, 7, 32, 33, 8, 8, 33, 34, 9, 9, 34, 35, 10, 10, 35, 36, 11, 11, 36, 37, 12, 12, 37, 38, 13, 13, 38, 39, 14, 14, 39, 40, 15, 15, 40, 41, 16, 16, 41, 42, 17, 17, 42, 43, 18, 18, 43, 44, 19, 19, 44, 45, 20, 20, 45, 46, 21, 21, 46, 47, 22, 22, 47, 48, 23, 23, 48, 49, 24, 24, 49, 50, 25, 26, 51, 52, 27, 27, 52, 53, 28, 28, 53, 54, 29, 29, 54, 55, 30, 30, 55, 56, 31, 31, 56, 57, 32, 32, 57, 58, 33, 33, 58, 59, 34, 34, 59, 60, 35, 35, 60, 61, 36, 36, 61, 62, 37, 37, 62, 63, 38, 38, 63, 64, 39, 39, 64, 65, 40, 40, 65, 66, 41, 41, 66, 67, 42, 42, 67, 68, 43, 43, 68, 69, 44, 44, 69, 70, 45, 45, 70, 71, 46, 46, 71, 72, 47, 47, 72, 73, 48, 48, 73, 74, 49, 49, 74, 75, 50, 51, 76, 77, 52, 52, 77, 78, 53, 53, 78, 79, 54, 54, 79, 80, 55, 55, 80, 81, 56, 56, 81, 82, 57, 57, 82, 83, 58, 58, 83, 84, 59, 59, 84, 85, 60, 60, 85, 86, 61, 61, 86, 87, 62, 62, 87, 88, 63, 63, 88, 89, 64, 64, 89, 90, 65, 65, 90, 91, 66, 66, 91, 92, 67, 67, 92, 93, 68, 68, 93, 94, 69, 69, 94, 95, 70, 70, 95, 96, 71, 71, 96, 97, 72, 72, 97, 98, 73, 73, 98, 99, 74, 74, 99, 100, 75, 76, 101, 102, 77, 77, 102, 103, 78, 78, 103, 104, 79, 79, 104, 105, 80, 80, 105, 106, 81, 81, 106, 107, 82, 82, 107, 108, 83, 83, 108, 109, 84, 84, 109, 110, 85, 85, 110, 111, 86, 86, 111, 112, 87, 87, 112, 113, 88, 88, 113, 114, 89, 89, 114, 115, 90, 90, 115, 116, 91, 91, 116, 117, 92, 92, 117, 118, 93, 93, 118, 119, 94, 94, 119, 120, 95, 95, 120, 121, 96, 96, 121, 122, 97, 97, 122, 123, 98, 98, 123, 124, 99, 99, 124, 125, 100, 101, 126, 127, 102, 102, 127, 128, 103, 103, 128, 129, 104, 104, 129, 130, 105, 105, 130, 131, 106, 106, 131, 132, 107, 107, 132, 133, 108, 108, 133, 134, 109, 109, 134, 135, 110, 110, 135, 136, 111, 111, 136, 137, 112, 112, 137, 138, 113, 113, 138, 139, 114, 114, 139, 140, 115, 115, 140, 141, 116, 116, 141, 142, 117, 117, 142, 143, 118, 118, 143, 144, 119, 119, 144, 145, 120, 120, 145, 146, 121, 121, 146, 147, 122, 122, 147, 148, 123, 123, 148, 149, 124, 124, 149, 150, 125, 126, 151, 152, 127, 127, 152, 153, 128, 128, 153, 154, 129, 129, 154, 155, 130, 130, 155, 156, 131, 131, 156, 157, 132, 132, 157, 158, 133, 133, 158, 159, 134, 134, 159, 160, 135, 135, 160, 161, 136, 136, 161, 162, 137, 137, 162, 163, 138, 138, 163, 164, 139, 139, 164, 165, 140, 140, 165, 166, 141, 141, 166, 167, 142, 142, 167, 168, 143, 143, 168, 169, 144, 144, 169, 170, 145, 145, 170, 171, 146, 146, 171, 172, 147, 147, 172, 173, 148, 148, 173, 174, 149, 149, 174, 175, 150, 151, 176, 177, 152, 152, 177, 178, 153, 153, 178, 179, 154, 154, 179, 180, 155, 155, 180, 181, 156, 156, 181, 182, 157, 157, 182, 183, 158, 158, 183, 184, 159, 159, 184, 185, 160, 160, 185, 186, 161, 161, 186, 187, 162, 162, 187, 188, 163, 163, 188, 189, 164, 164, 189, 190, 165, 165, 190, 191, 166, 166, 191, 192, 167, 167, 192, 193, 168, 168, 193, 194, 169, 169, 194, 195, 170, 170, 195, 196, 171, 171, 196, 197, 172, 172, 197, 198, 173, 173, 198, 199, 174, 174, 199, 200, 175, 176, 201, 202, 177, 177, 202, 203, 178, 178, 203, 204, 179, 179, 204, 205, 180, 180, 205, 206, 181, 181, 206, 207, 182, 182, 207, 208, 183, 183, 208, 209, 184, 184, 209, 210, 185, 185, 210, 211, 186, 186, 211, 212, 187, 187, 212, 213, 188, 188, 213, 214, 189, 189, 214, 215, 190, 190, 215, 216, 191, 191, 216, 217, 192, 192, 217, 218, 193, 193, 218, 219, 194, 194, 219, 220, 195, 195, 220, 221, 196, 196, 221, 222, 197, 197, 222, 223, 198, 198, 223, 224, 199, 199, 224, 225, 200, 201, 226, 227, 202, 202, 227, 228, 203, 203, 228, 229, 204, 204, 229, 230, 205, 205, 230, 231, 206, 206, 231, 232, 207, 207, 232, 233, 208, 208, 233, 234, 209, 209, 234, 235, 210, 210, 235, 236, 211, 211, 236, 237, 212, 212, 237, 238, 213, 213, 238, 239, 214, 214, 239, 240, 215, 215, 240, 241, 216, 216, 241, 242, 217, 217, 242, 243, 218, 218, 243, 244, 219, 219, 244, 245, 220, 220, 245, 246, 221, 221, 246, 247, 222, 222, 247, 248, 223, 223, 248, 249, 224, 224, 249, 250, 225, 226, 251, 252, 227, 227, 252, 253, 228, 228, 253, 254, 229, 229, 254, 255, 230, 230, 255, 256, 231, 231, 256, 257, 232, 232, 257, 258, 233, 233, 258, 259, 234, 234, 259, 260, 235, 235, 260, 261, 236, 236, 261, 262, 237, 237, 262, 263, 238, 238, 263, 264, 239, 239, 264, 265, 240, 240, 265, 266, 241, 241, 266, 267, 242, 242, 267, 268, 243, 243, 268, 269, 244, 244, 269, 270, 245, 245, 270, 271, 246, 246, 271, 272, 247, 247, 272, 273, 248, 248, 273, 274, 249, 249, 274, 275, 250, 251, 276, 277, 252, 252, 277, 278, 253, 253, 278, 279, 254, 254, 279, 280, 255, 255, 280, 281, 256, 256, 281, 282, 257, 257, 282, 283, 258, 258, 283, 284, 259, 259, 284, 285, 260, 260, 285, 286, 261, 261, 286, 287, 262, 262, 287, 288, 263, 263, 288, 289, 264, 264, 289, 290, 265, 265, 290, 291, 266, 266, 291, 292, 267, 267, 292, 293, 268, 268, 293, 294, 269, 269, 294, 295, 270, 270, 295, 296, 271, 271, 296, 297, 272, 272, 297, 298, 273, 273, 298, 299, 274, 274, 299, 300, 275, 276, 301, 302, 277, 277, 302, 303, 278, 278, 303, 304, 279, 279, 304, 305, 280, 280, 305, 306, 281, 281, 306, 307, 282, 282, 307, 308, 283, 283, 308, 309, 284, 284, 309, 310, 285, 285, 310, 311, 286, 286, 311, 312, 287, 287, 312, 313, 288, 288, 313, 314, 289, 289, 314, 315, 290, 290, 315, 316, 291, 291, 316, 317, 292, 292, 317, 318, 293, 293, 318, 319, 294, 294, 319, 320, 295, 295, 320, 321, 296, 296, 321, 322, 297, 297, 322, 323, 298, 298, 323, 324, 299, 299, 324, 325, 300, 301, 326, 327, 302, 302, 327, 328, 303, 303, 328, 329, 304, 304, 329, 330, 305, 305, 330, 331, 306, 306, 331, 332, 307, 307, 332, 333, 308, 308, 333, 334, 309, 309, 334, 335, 310, 310, 335, 336, 311, 311, 336, 337, 312, 312, 337, 338, 313, 313, 338, 339, 314, 314, 339, 340, 315, 315, 340, 341, 316, 316, 341, 342, 317, 317, 342, 343, 318, 318, 343, 344, 319, 319, 344, 345, 320, 320, 345, 346, 321, 321, 346, 347, 322, 322, 347, 348, 323, 323, 348, 349, 324, 324, 349, 350, 325, 326, 351, 352, 327, 327, 352, 353, 328, 328, 353, 354, 329, 329, 354, 355, 330, 330, 355, 356, 331, 331, 356, 357, 332, 332, 357, 358, 333, 333, 358, 359, 334, 334, 359, 360, 335, 335, 360, 361, 336, 336, 361, 362, 337, 337, 362, 363, 338, 338, 363, 364, 339, 339, 364, 365, 340, 340, 365, 366, 341, 341, 366, 367, 342, 342, 367, 368, 343, 343, 368, 369, 344, 344, 369, 370, 345, 345, 370, 371, 346, 346, 371, 372, 347, 347, 372, 373, 348, 348, 373, 374, 349, 349, 374, 375, 350, 0, 1, 2, 0, 2, 3, 0, 3, 4, 0, 4, 5, 0, 5, 6, 0, 6, 7, 0, 7, 8, 0, 8, 9, 0, 9, 10, 0, 10, 11, 0, 11, 12, 0, 12, 13, 0, 13, 14, 0, 14, 15, 0, 15, 16, 0, 16, 17, 0, 17, 18, 0, 18, 19, 0, 19, 20, 0, 20, 21, 0, 21, 22, 0, 22, 23, 0, 23, 24, 0, 24, 25, 0, 352, 351, 0, 353, 352, 0, 354, 353, 0, 355, 354, 0, 356, 355, 0, 357, 356, 0, 358, 357, 0, 359, 358, 0, 360, 359, 0, 361, 360, 0, 362, 361, 0, 363, 362, 0, 364, 363, 0, 365, 364, 0, 366, 365, 0, 367, 366, 0, 368, 367, 0, 369, 368, 0, 370, 369, 0, 371, 370, 0, 372, 371, 0, 373, 372, 0, 374, 373, 0, 375, 374, 0, 26, 1, 0, 51, 26, 0, 76, 51, 0, 101, 76, 0, 126, 101, 0, 151, 126, 0, 176, 151, 0, 201, 176, 0, 226, 201, 0, 251, 226, 0, 276, 251, 0, 301, 276, 0, 326, 301, 0, 351, 326, 0, 25, 50, 0, 50, 75, 0, 75, 100, 0, 100, 125, 0, 125, 150, 0, 150, 175, 0, 175, 200, 0, 200, 225, 0, 225, 250, 0, 250, 275, 0, 275, 300, 0, 300, 325, 0, 325, 350, 0, 350, 375]
                        rel material:binding = </AecoCctvLooks/Shell_recognise>
                        point3f[] points = [(0, 0, 0), (-6.554067, -2.8628664, -5.4995155), (-6.278322, -2.9917297, -5.7470593), (-5.9636755, -3.1259747, -6.0049415), (-5.6050086, -3.264414, -6.270881), (-5.1971726, -3.405247, -6.5414186), (-4.735401, -3.5459301, -6.8116684), (-4.2159076, -3.6830812, -7.075133), (-3.636673, -3.8124635, -7.323674), (-2.998351, -3.929108, -7.547746), (-2.3051467, -4.0276227, -7.736991), (-1.5654135, -4.1027074, -7.8812275), (-0.79169583, -4.149825, -7.9717402), (0, -4.1658955, -8.002611), (0.79169583, -4.149825, -7.9717402), (1.5654135, -4.1027074, -7.8812275), (2.3051467, -4.0276227, -7.736991), (2.998351, -3.929108, -7.547746), (3.636673, -3.8124635, -7.323674), (4.2159076, -3.6830812, -7.075133), (4.735401, -3.5459301, -6.8116684), (5.1971726, -3.405247, -6.5414186), (5.6050086, -3.264414, -6.270881), (5.9636755, -3.1259747, -6.0049415), (6.278322, -2.9917297, -5.7470593), (6.554067, -2.8628664, -5.4995155), (-6.643405, -2.4873343, -5.5744786), (-6.371956, -2.602584, -5.83277), (-6.0609784, -2.723124, -6.1029177), (-5.704962, -2.8479667, -6.3827085), (-5.298262, -2.975556, -6.668655), (-4.8355246, -3.1036317, -6.9556913), (-4.312319, -3.2291205, -7.23693), (-3.7260044, -3.3480968, -7.503573), (-3.0767596, -3.4558766, -7.7451234), (-2.3686156, -3.5473006, -7.950018), (-1.6102073, -3.6172328, -8.106746), (-0.81489646, -3.6612308, -8.205352), (0, -3.6762576, -8.239029), (0.81489646, -3.6612308, -8.205352), (1.6102073, -3.6172328, -8.106746), (2.3686156, -3.5473006, -7.950018), (3.0767596, -3.4558766, -7.7451234), (3.7260044, -3.3480968, -7.503573), (4.312319, -3.2291205, -7.23693), (4.8355246, -3.1036317, -6.9556913), (5.298262, -2.975556, -6.668655), (5.704962, -2.8479667, -6.3827085), (6.0609784, -2.723124, -6.1029177), (6.371956, -2.602584, -5.83277), (6.643405, -2.4873343, -5.5744786), (-6.721921, -2.097276, -5.640362), (-6.454544, -2.1969304, -5.9083695), (-6.147141, -2.3015296, -6.1896763), (-5.7938485, -2.4102829, -6.482155), (-5.3885684, -2.521894, -6.782319), (-4.9253945, -2.6344285, -7.084966), (-4.3992786, -2.7451978, -7.382866), (-3.8069646, -2.850705, -7.666614), (-3.1481397, -2.94671, -7.9248085), (-2.426622, -3.028477, -8.144711), (-1.6512711, -3.0912335, -8.313486), (-0.8362069, -3.1308134, -8.41993), (0, -3.1443484, -8.456331), (0.8362069, -3.1308134, -8.41993), (1.6512711, -3.0912335, -8.313486), (2.426622, -3.028477, -8.144711), (3.1481397, -2.94671, -7.9248085), (3.8069646, -2.850705, -7.666614), (4.3992786, -2.7451978, -7.382866), (4.9253945, -2.6344285, -7.084966), (5.3885684, -2.521894, -6.782319), (5.7938485, -2.4102829, -6.482155), (6.147141, -2.3015296, -6.1896763), (6.454544, -2.1969304, -5.9083695), (6.721921, -2.097276, -5.640362), (-6.788275, -1.694383, -5.696039), (-6.524558, -1.776609, -5.9724593), (-6.220438, -1.8631781, -6.2634807), (-5.8697476, -1.9534862, -6.567071), (-5.465993, -2.0465033, -6.879769), (-5.002774, -2.1406527, -7.1962724), (-4.474479, -2.2336988, -7.5090675), (-3.8772807, -2.3226867, -7.8082194), (-3.2103882, -2.4039807, -8.081507), (-2.477389, -2.4734683, -8.3151045), (-1.6873115, -2.5269618, -8.494935), (-0.8549441, -2.5607731, -8.6086), (0, -2.5723488, -8.647513), (0.8549441, -2.5607731, -8.6086), (1.6873115, -2.5269618, -8.494935), (2.477389, -2.4734683, -8.3151045), (3.2103882, -2.4039807, -8.081507), (3.8772807, -2.3226867, -7.8082194), (4.474479, -2.2336988, -7.5090675), (5.002774, -2.1406527, -7.1962724), (5.465993, -2.0465033, -6.879769), (5.8697476, -1.9534862, -6.567071), (6.220438, -1.8631781, -6.2634807), (6.524558, -1.776609, -5.9724593), (6.788275, -1.694383, -5.696039), (-6.8412642, -1.280707, -5.7405024), (-6.5806174, -1.3439052, -6.023775), (-6.2792954, -1.4106055, -6.3227453), (-5.930888, -1.4803755, -6.6354747), (-5.528574, -1.5524507, -6.9585366), (-5.0655446, -1.6256341, -7.286566), (-4.5357113, -1.6981999, -7.611827), (-3.9347484, -1.7678345, -7.92395), (-3.261442, -1.8316578, -8.210024), (-2.5191553, -1.8863764, -8.455289), (-1.7170346, -1.9286069, -8.644579), (-0.8704213, -1.9553485, -8.764442), (0, -1.9645127, -8.805519), (0.8704213, -1.9553485, -8.764442), (1.7170346, -1.9286069, -8.644579), (2.5191553, -1.8863764, -8.455289), (3.261442, -1.8316578, -8.210024), (3.9347484, -1.7678345, -7.92395), (4.5357113, -1.6981999, -7.611827), (5.0655446, -1.6256341, -7.286566), (5.528574, -1.5524507, -6.9585366), (5.930888, -1.4803755, -6.6354747), (6.2792954, -1.4106055, -6.3227453), (6.5806174, -1.3439052, -6.023775), (6.8412642, -1.280707, -5.7405024), (-6.8798823, -0.8586243, -5.772907), (-6.6215563, -0.9015105, -6.0612493), (-6.3223743, -0.9468553, -6.3661227), (-5.9757485, -0.99438184, -6.685664), (-5.5746145, -1.043586, -7.0164857), (-5.111856, -1.0936642, -7.353183), (-4.5810204, -1.1434426, -7.687865), (-3.9773974, -1.1913308, -8.009838), (-3.299437, -1.2353308, -8.30567), (-2.5503156, -1.2731398, -8.5598755), (-1.7392536, -1.3023758, -8.756442), (-0.8820057, -1.3209147, -8.881088), (0, -1.3272725, -8.923834), (0.8820057, -1.3209147, -8.881088), (1.7392536, -1.3023758, -8.756442), (2.5503156, -1.2731398, -8.5598755), (3.299437, -1.2353308, -8.30567), (3.9773974, -1.1913308, -8.009838), (4.5810204, -1.1434426, -7.687865), (5.111856, -1.0936642, -7.353183), (5.5746145, -1.043586, -7.0164857), (5.9757485, -0.99438184, -6.685664), (6.3223743, -0.9468553, -6.3661227), (6.6215563, -0.9015105, -6.0612493), (6.8798823, -0.8586243, -5.772907), (-6.90337, -0.4307778, -5.792615), (-6.646489, -0.45245254, -6.0840726), (-6.3486514, -0.47539532, -6.3925815), (-6.003158, -0.49947146, -6.71633), (-5.602797, -0.524431, -7.0519576), (-5.14026, -0.54987055, -7.3940406), (-4.608866, -0.5751965, -7.734596), (-4.003662, -0.5995989, -8.062732), (-3.3228817, -0.6220543, -8.364686), (-2.5695763, -0.64137745, -8.624522), (-1.7530063, -0.656337, -8.825682), (-0.8891823, -0.6658314, -8.953351), (0, -0.6690889, -8.997154), (0.8891823, -0.6658314, -8.953351), (1.7530063, -0.656337, -8.825682), (2.5695763, -0.64137745, -8.624522), (3.3228817, -0.6220543, -8.364686), (4.003662, -0.5995989, -8.062732), (4.608866, -0.5751965, -7.734596), (5.14026, -0.54987055, -7.3940406), (5.602797, -0.524431, -7.0519576), (6.003158, -0.49947146, -6.71633), (6.3486514, -0.47539532, -6.3925815), (6.646489, -0.45245254, -6.0840726), (6.90337, -0.4307778, -5.792615), (-6.9112525, 0, -5.799229), (-6.654863, 0, -6.0917377), (-6.3574834, 0, -6.4014745), (-6.0123787, 0, -6.7266464), (-5.6122866, 0, -7.063902), (-5.149834, 0, -7.407812), (-4.618262, 0, -7.7503633), (-4.0125337, 0, -8.080597), (-3.3308082, 0, -8.38464), (-2.5760942, 0, -8.646399), (-1.7576636, 0, -8.84913), (-0.8916138, 0, -8.977834), (0, 0, -9.021999), (0.8916138, 0, -8.977834), (1.7576636, 0, -8.84913), (2.5760942, 0, -8.646399), (3.3308082, 0, -8.38464), (4.0125337, 0, -8.080597), (4.618262, 0, -7.7503633), (5.149834, 0, -7.407812), (5.6122866, 0, -7.063902), (6.0123787, 0, -6.7266464), (6.3574834, 0, -6.4014745), (6.654863, 0, -6.0917377), (6.9112525, 0, -5.799229), (-6.90337, 0.4307778, -5.792615), (-6.646489, 0.45245254, -6.0840726), (-6.3486514, 0.47539532, -6.3925815), (-6.003158, 0.49947146, -6.71633), (-5.602797, 0.524431, -7.0519576), (-5.14026, 0.54987055, -7.3940406), (-4.608866, 0.5751965, -7.734596), (-4.003662, 0.5995989, -8.062732), (-3.3228817, 0.6220543, -8.364686), (-2.5695763, 0.64137745, -8.624522), (-1.7530063, 0.656337, -8.825682), (-0.8891823, 0.6658314, -8.953351), (0, 0.6690889, -8.997154), (0.8891823, 0.6658314, -8.953351), (1.7530063, 0.656337, -8.825682), (2.5695763, 0.64137745, -8.624522), (3.3228817, 0.6220543, -8.364686), (4.003662, 0.5995989, -8.062732), (4.608866, 0.5751965, -7.734596), (5.14026, 0.54987055, -7.3940406), (5.602797, 0.524431, -7.0519576), (6.003158, 0.49947146, -6.71633), (6.3486514, 0.47539532, -6.3925815), (6.646489, 0.45245254, -6.0840726), (6.90337, 0.4307778, -5.792615), (-6.8798823, 0.8586243, -5.772907), (-6.6215563, 0.9015105, -6.0612493), (-6.3223743, 0.9468553, -6.3661227), (-5.9757485, 0.99438184, -6.685664), (-5.5746145, 1.043586, -7.0164857), (-5.111856, 1.0936642, -7.353183), (-4.5810204, 1.1434426, -7.687865), (-3.9773974, 1.1913308, -8.009838), (-3.299437, 1.2353308, -8.30567), (-2.5503156, 1.2731398, -8.5598755), (-1.7392536, 1.3023758, -8.756442), (-0.8820057, 1.3209147, -8.881088), (0, 1.3272725, -8.923834), (0.8820057, 1.3209147, -8.881088), (1.7392536, 1.3023758, -8.756442), (2.5503156, 1.2731398, -8.5598755), (3.299437, 1.2353308, -8.30567), (3.9773974, 1.1913308, -8.009838), (4.5810204, 1.1434426, -7.687865), (5.111856, 1.0936642, -7.353183), (5.5746145, 1.043586, -7.0164857), (5.9757485, 0.99438184, -6.685664), (6.3223743, 0.9468553, -6.3661227), (6.6215563, 0.9015105, -6.0612493), (6.8798823, 0.8586243, -5.772907), (-6.8412642, 1.280707, -5.7405024), (-6.5806174, 1.3439052, -6.023775), (-6.2792954, 1.4106055, -6.3227453), (-5.930888, 1.4803755, -6.6354747), (-5.528574, 1.5524507, -6.9585366), (-5.0655446, 1.6256341, -7.286566), (-4.5357113, 1.6981999, -7.611827), (-3.9347484, 1.7678345, -7.92395), (-3.261442, 1.8316578, -8.210024), (-2.5191553, 1.8863764, -8.455289), (-1.7170346, 1.9286069, -8.644579), (-0.8704213, 1.9553485, -8.764442), (0, 1.9645127, -8.805519), (0.8704213, 1.9553485, -8.764442), (1.7170346, 1.9286069, -8.644579), (2.5191553, 1.8863764, -8.455289), (3.261442, 1.8316578, -8.210024), (3.9347484, 1.7678345, -7.92395), (4.5357113, 1.6981999, -7.611827), (5.0655446, 1.6256341, -7.286566), (5.528574, 1.5524507, -6.9585366), (5.930888, 1.4803755, -6.6354747), (6.2792954, 1.4106055, -6.3227453), (6.5806174, 1.3439052, -6.023775), (6.8412642, 1.280707, -5.7405024), (-6.788275, 1.694383, -5.696039), (-6.524558, 1.776609, -5.9724593), (-6.220438, 1.8631781, -6.2634807), (-5.8697476, 1.9534862, -6.567071), (-5.465993, 2.0465033, -6.879769), (-5.002774, 2.1406527, -7.1962724), (-4.474479, 2.2336988, -7.5090675), (-3.8772807, 2.3226867, -7.8082194), (-3.2103882, 2.4039807, -8.081507), (-2.477389, 2.4734683, -8.3151045), (-1.6873115, 2.5269618, -8.494935), (-0.8549441, 2.5607731, -8.6086), (0, 2.5723488, -8.647513), (0.8549441, 2.5607731, -8.6086), (1.6873115, 2.5269618, -8.494935), (2.477389, 2.4734683, -8.3151045), (3.2103882, 2.4039807, -8.081507), (3.8772807, 2.3226867, -7.8082194), (4.474479, 2.2336988, -7.5090675), (5.002774, 2.1406527, -7.1962724), (5.465993, 2.0465033, -6.879769), (5.8697476, 1.9534862, -6.567071), (6.220438, 1.8631781, -6.2634807), (6.524558, 1.776609, -5.9724593), (6.788275, 1.694383, -5.696039), (-6.721921, 2.097276, -5.640362), (-6.454544, 2.1969304, -5.9083695), (-6.147141, 2.3015296, -6.1896763), (-5.7938485, 2.4102829, -6.482155), (-5.3885684, 2.521894, -6.782319), (-4.9253945, 2.6344285, -7.084966), (-4.3992786, 2.7451978, -7.382866), (-3.8069646, 2.850705, -7.666614), (-3.1481397, 2.94671, -7.9248085), (-2.426622, 3.028477, -8.144711), (-1.6512711, 3.0912335, -8.313486), (-0.8362069, 3.1308134, -8.41993), (0, 3.1443484, -8.456331), (0.8362069, 3.1308134, -8.41993), (1.6512711, 3.0912335, -8.313486), (2.426622, 3.028477, -8.144711), (3.1481397, 2.94671, -7.9248085), (3.8069646, 2.850705, -7.666614), (4.3992786, 2.7451978, -7.382866), (4.9253945, 2.6344285, -7.084966), (5.3885684, 2.521894, -6.782319), (5.7938485, 2.4102829, -6.482155), (6.147141, 2.3015296, -6.1896763), (6.454544, 2.1969304, -5.9083695), (6.721921, 2.097276, -5.640362), (-6.643405, 2.4873343, -5.5744786), (-6.371956, 2.602584, -5.83277), (-6.0609784, 2.723124, -6.1029177), (-5.704962, 2.8479667, -6.3827085), (-5.298262, 2.975556, -6.668655), (-4.8355246, 3.1036317, -6.9556913), (-4.312319, 3.2291205, -7.23693), (-3.7260044, 3.3480968, -7.503573), (-3.0767596, 3.4558766, -7.7451234), (-2.3686156, 3.5473006, -7.950018), (-1.6102073, 3.6172328, -8.106746), (-0.81489646, 3.6612308, -8.205352), (0, 3.6762576, -8.239029), (0.81489646, 3.6612308, -8.205352), (1.6102073, 3.6172328, -8.106746), (2.3686156, 3.5473006, -7.950018), (3.0767596, 3.4558766, -7.7451234), (3.7260044, 3.3480968, -7.503573), (4.312319, 3.2291205, -7.23693), (4.8355246, 3.1036317, -6.9556913), (5.298262, 2.975556, -6.668655), (5.704962, 2.8479667, -6.3827085), (6.0609784, 2.723124, -6.1029177), (6.371956, 2.602584, -5.83277), (6.643405, 2.4873343, -5.5744786), (-6.554067, 2.8628664, -5.4995155), (-6.278322, 2.9917297, -5.7470593), (-5.9636755, 3.1259747, -6.0049415), (-5.6050086, 3.264414, -6.270881), (-5.1971726, 3.405247, -6.5414186), (-4.735401, 3.5459301, -6.8116684), (-4.2159076, 3.6830812, -7.075133), (-3.636673, 3.8124635, -7.323674), (-2.998351, 3.929108, -7.547746), (-2.3051467, 4.0276227, -7.736991), (-1.5654135, 4.1027074, -7.8812275), (-0.79169583, 4.149825, -7.9717402), (0, 4.1658955, -8.002611), (0.79169583, 4.149825, -7.9717402), (1.5654135, 4.1027074, -7.8812275), (2.3051467, 4.0276227, -7.736991), (2.998351, 3.929108, -7.547746), (3.636673, 3.8124635, -7.323674), (4.2159076, 3.6830812, -7.075133), (4.735401, 3.5459301, -6.8116684), (5.1971726, 3.405247, -6.5414186), (5.6050086, 3.264414, -6.270881), (5.9636755, 3.1259747, -6.0049415), (6.278322, 2.9917297, -5.7470593), (6.554067, 2.8628664, -5.4995155)]
                        color3f[] primvars:displayColor = [(0.18333334, 0.6166667, 0.56666666)] (
                            interpolation = "constant"
                        )
                        float[] primvars:displayOpacity = [0.3] (
                            interpolation = "constant"
                        )
                        uniform token purpose = "guide"
                        uniform token subdivisionScheme = "none"
                    }

                    def Mesh "Shell_observe" (
                        prepend apiSchemas = ["AecoDerivedGeometryAPI", "MaterialBindingAPI"]
                    )
                    {
                        uniform token aeco:derived:approx = "tessellated"
                        uniform token aeco:derived:role = "coverage"
                        string aeco:derived:source = "9a73cfd4-cf42-51c7-bb95-e4804591690c"
                        string aeco:derived:stamp = "usdAecoCctv derive 0.5.3"
                        uniform bool doubleSided = 1
                        float3[] extent = [(-13.822505, -8.331791, -18.043999), (13.822505, 8.331791, 0)]
                        int[] faceVertexCounts = [4, 4, 4, 4, 4, 4, 4, 4, 4, 4, 4, 4, 4, 4, 4, 4, 4, 4, 4, 4, 4, 4, 4, 4, 4, 4, 4, 4, 4, 4, 4, 4, 4, 4, 4, 4, 4, 4, 4, 4, 4, 4, 4, 4, 4, 4, 4, 4, 4, 4, 4, 4, 4, 4, 4, 4, 4, 4, 4, 4, 4, 4, 4, 4, 4, 4, 4, 4, 4, 4, 4, 4, 4, 4, 4, 4, 4, 4, 4, 4, 4, 4, 4, 4, 4, 4, 4, 4, 4, 4, 4, 4, 4, 4, 4, 4, 4, 4, 4, 4, 4, 4, 4, 4, 4, 4, 4, 4, 4, 4, 4, 4, 4, 4, 4, 4, 4, 4, 4, 4, 4, 4, 4, 4, 4, 4, 4, 4, 4, 4, 4, 4, 4, 4, 4, 4, 4, 4, 4, 4, 4, 4, 4, 4, 4, 4, 4, 4, 4, 4, 4, 4, 4, 4, 4, 4, 4, 4, 4, 4, 4, 4, 4, 4, 4, 4, 4, 4, 4, 4, 4, 4, 4, 4, 4, 4, 4, 4, 4, 4, 4, 4, 4, 4, 4, 4, 4, 4, 4, 4, 4, 4, 4, 4, 4, 4, 4, 4, 4, 4, 4, 4, 4, 4, 4, 4, 4, 4, 4, 4, 4, 4, 4, 4, 4, 4, 4, 4, 4, 4, 4, 4, 4, 4, 4, 4, 4, 4, 4, 4, 4, 4, 4, 4, 4, 4, 4, 4, 4, 4, 4, 4, 4, 4, 4, 4, 4, 4, 4, 4, 4, 4, 4, 4, 4, 4, 4, 4, 4, 4, 4, 4, 4, 4, 4, 4, 4, 4, 4, 4, 4, 4, 4, 4, 4, 4, 4, 4, 4, 4, 4, 4, 4, 4, 4, 4, 4, 4, 4, 4, 4, 4, 4, 4, 4, 4, 4, 4, 4, 4, 4, 4, 4, 4, 4, 4, 4, 4, 4, 4, 4, 4, 4, 4, 4, 4, 4, 4, 4, 4, 4, 4, 4, 4, 4, 4, 4, 4, 4, 4, 4, 4, 4, 4, 4, 4, 3, 3, 3, 3, 3, 3, 3, 3, 3, 3, 3, 3, 3, 3, 3, 3, 3, 3, 3, 3, 3, 3, 3, 3, 3, 3, 3, 3, 3, 3, 3, 3, 3, 3, 3, 3, 3, 3, 3, 3, 3, 3, 3, 3, 3, 3, 3, 3, 3, 3, 3, 3, 3, 3, 3, 3, 3, 3, 3, 3, 3, 3, 3, 3, 3, 3, 3, 3, 3, 3, 3, 3, 3, 3, 3, 3]
                        int[] faceVertexIndices = [1, 26, 27, 2, 2, 27, 28, 3, 3, 28, 29, 4, 4, 29, 30, 5, 5, 30, 31, 6, 6, 31, 32, 7, 7, 32, 33, 8, 8, 33, 34, 9, 9, 34, 35, 10, 10, 35, 36, 11, 11, 36, 37, 12, 12, 37, 38, 13, 13, 38, 39, 14, 14, 39, 40, 15, 15, 40, 41, 16, 16, 41, 42, 17, 17, 42, 43, 18, 18, 43, 44, 19, 19, 44, 45, 20, 20, 45, 46, 21, 21, 46, 47, 22, 22, 47, 48, 23, 23, 48, 49, 24, 24, 49, 50, 25, 26, 51, 52, 27, 27, 52, 53, 28, 28, 53, 54, 29, 29, 54, 55, 30, 30, 55, 56, 31, 31, 56, 57, 32, 32, 57, 58, 33, 33, 58, 59, 34, 34, 59, 60, 35, 35, 60, 61, 36, 36, 61, 62, 37, 37, 62, 63, 38, 38, 63, 64, 39, 39, 64, 65, 40, 40, 65, 66, 41, 41, 66, 67, 42, 42, 67, 68, 43, 43, 68, 69, 44, 44, 69, 70, 45, 45, 70, 71, 46, 46, 71, 72, 47, 47, 72, 73, 48, 48, 73, 74, 49, 49, 74, 75, 50, 51, 76, 77, 52, 52, 77, 78, 53, 53, 78, 79, 54, 54, 79, 80, 55, 55, 80, 81, 56, 56, 81, 82, 57, 57, 82, 83, 58, 58, 83, 84, 59, 59, 84, 85, 60, 60, 85, 86, 61, 61, 86, 87, 62, 62, 87, 88, 63, 63, 88, 89, 64, 64, 89, 90, 65, 65, 90, 91, 66, 66, 91, 92, 67, 67, 92, 93, 68, 68, 93, 94, 69, 69, 94, 95, 70, 70, 95, 96, 71, 71, 96, 97, 72, 72, 97, 98, 73, 73, 98, 99, 74, 74, 99, 100, 75, 76, 101, 102, 77, 77, 102, 103, 78, 78, 103, 104, 79, 79, 104, 105, 80, 80, 105, 106, 81, 81, 106, 107, 82, 82, 107, 108, 83, 83, 108, 109, 84, 84, 109, 110, 85, 85, 110, 111, 86, 86, 111, 112, 87, 87, 112, 113, 88, 88, 113, 114, 89, 89, 114, 115, 90, 90, 115, 116, 91, 91, 116, 117, 92, 92, 117, 118, 93, 93, 118, 119, 94, 94, 119, 120, 95, 95, 120, 121, 96, 96, 121, 122, 97, 97, 122, 123, 98, 98, 123, 124, 99, 99, 124, 125, 100, 101, 126, 127, 102, 102, 127, 128, 103, 103, 128, 129, 104, 104, 129, 130, 105, 105, 130, 131, 106, 106, 131, 132, 107, 107, 132, 133, 108, 108, 133, 134, 109, 109, 134, 135, 110, 110, 135, 136, 111, 111, 136, 137, 112, 112, 137, 138, 113, 113, 138, 139, 114, 114, 139, 140, 115, 115, 140, 141, 116, 116, 141, 142, 117, 117, 142, 143, 118, 118, 143, 144, 119, 119, 144, 145, 120, 120, 145, 146, 121, 121, 146, 147, 122, 122, 147, 148, 123, 123, 148, 149, 124, 124, 149, 150, 125, 126, 151, 152, 127, 127, 152, 153, 128, 128, 153, 154, 129, 129, 154, 155, 130, 130, 155, 156, 131, 131, 156, 157, 132, 132, 157, 158, 133, 133, 158, 159, 134, 134, 159, 160, 135, 135, 160, 161, 136, 136, 161, 162, 137, 137, 162, 163, 138, 138, 163, 164, 139, 139, 164, 165, 140, 140, 165, 166, 141, 141, 166, 167, 142, 142, 167, 168, 143, 143, 168, 169, 144, 144, 169, 170, 145, 145, 170, 171, 146, 146, 171, 172, 147, 147, 172, 173, 148, 148, 173, 174, 149, 149, 174, 175, 150, 151, 176, 177, 152, 152, 177, 178, 153, 153, 178, 179, 154, 154, 179, 180, 155, 155, 180, 181, 156, 156, 181, 182, 157, 157, 182, 183, 158, 158, 183, 184, 159, 159, 184, 185, 160, 160, 185, 186, 161, 161, 186, 187, 162, 162, 187, 188, 163, 163, 188, 189, 164, 164, 189, 190, 165, 165, 190, 191, 166, 166, 191, 192, 167, 167, 192, 193, 168, 168, 193, 194, 169, 169, 194, 195, 170, 170, 195, 196, 171, 171, 196, 197, 172, 172, 197, 198, 173, 173, 198, 199, 174, 174, 199, 200, 175, 176, 201, 202, 177, 177, 202, 203, 178, 178, 203, 204, 179, 179, 204, 205, 180, 180, 205, 206, 181, 181, 206, 207, 182, 182, 207, 208, 183, 183, 208, 209, 184, 184, 209, 210, 185, 185, 210, 211, 186, 186, 211, 212, 187, 187, 212, 213, 188, 188, 213, 214, 189, 189, 214, 215, 190, 190, 215, 216, 191, 191, 216, 217, 192, 192, 217, 218, 193, 193, 218, 219, 194, 194, 219, 220, 195, 195, 220, 221, 196, 196, 221, 222, 197, 197, 222, 223, 198, 198, 223, 224, 199, 199, 224, 225, 200, 201, 226, 227, 202, 202, 227, 228, 203, 203, 228, 229, 204, 204, 229, 230, 205, 205, 230, 231, 206, 206, 231, 232, 207, 207, 232, 233, 208, 208, 233, 234, 209, 209, 234, 235, 210, 210, 235, 236, 211, 211, 236, 237, 212, 212, 237, 238, 213, 213, 238, 239, 214, 214, 239, 240, 215, 215, 240, 241, 216, 216, 241, 242, 217, 217, 242, 243, 218, 218, 243, 244, 219, 219, 244, 245, 220, 220, 245, 246, 221, 221, 246, 247, 222, 222, 247, 248, 223, 223, 248, 249, 224, 224, 249, 250, 225, 226, 251, 252, 227, 227, 252, 253, 228, 228, 253, 254, 229, 229, 254, 255, 230, 230, 255, 256, 231, 231, 256, 257, 232, 232, 257, 258, 233, 233, 258, 259, 234, 234, 259, 260, 235, 235, 260, 261, 236, 236, 261, 262, 237, 237, 262, 263, 238, 238, 263, 264, 239, 239, 264, 265, 240, 240, 265, 266, 241, 241, 266, 267, 242, 242, 267, 268, 243, 243, 268, 269, 244, 244, 269, 270, 245, 245, 270, 271, 246, 246, 271, 272, 247, 247, 272, 273, 248, 248, 273, 274, 249, 249, 274, 275, 250, 251, 276, 277, 252, 252, 277, 278, 253, 253, 278, 279, 254, 254, 279, 280, 255, 255, 280, 281, 256, 256, 281, 282, 257, 257, 282, 283, 258, 258, 283, 284, 259, 259, 284, 285, 260, 260, 285, 286, 261, 261, 286, 287, 262, 262, 287, 288, 263, 263, 288, 289, 264, 264, 289, 290, 265, 265, 290, 291, 266, 266, 291, 292, 267, 267, 292, 293, 268, 268, 293, 294, 269, 269, 294, 295, 270, 270, 295, 296, 271, 271, 296, 297, 272, 272, 297, 298, 273, 273, 298, 299, 274, 274, 299, 300, 275, 276, 301, 302, 277, 277, 302, 303, 278, 278, 303, 304, 279, 279, 304, 305, 280, 280, 305, 306, 281, 281, 306, 307, 282, 282, 307, 308, 283, 283, 308, 309, 284, 284, 309, 310, 285, 285, 310, 311, 286, 286, 311, 312, 287, 287, 312, 313, 288, 288, 313, 314, 289, 289, 314, 315, 290, 290, 315, 316, 291, 291, 316, 317, 292, 292, 317, 318, 293, 293, 318, 319, 294, 294, 319, 320, 295, 295, 320, 321, 296, 296, 321, 322, 297, 297, 322, 323, 298, 298, 323, 324, 299, 299, 324, 325, 300, 301, 326, 327, 302, 302, 327, 328, 303, 303, 328, 329, 304, 304, 329, 330, 305, 305, 330, 331, 306, 306, 331, 332, 307, 307, 332, 333, 308, 308, 333, 334, 309, 309, 334, 335, 310, 310, 335, 336, 311, 311, 336, 337, 312, 312, 337, 338, 313, 313, 338, 339, 314, 314, 339, 340, 315, 315, 340, 341, 316, 316, 341, 342, 317, 317, 342, 343, 318, 318, 343, 344, 319, 319, 344, 345, 320, 320, 345, 346, 321, 321, 346, 347, 322, 322, 347, 348, 323, 323, 348, 349, 324, 324, 349, 350, 325, 326, 351, 352, 327, 327, 352, 353, 328, 328, 353, 354, 329, 329, 354, 355, 330, 330, 355, 356, 331, 331, 356, 357, 332, 332, 357, 358, 333, 333, 358, 359, 334, 334, 359, 360, 335, 335, 360, 361, 336, 336, 361, 362, 337, 337, 362, 363, 338, 338, 363, 364, 339, 339, 364, 365, 340, 340, 365, 366, 341, 341, 366, 367, 342, 342, 367, 368, 343, 343, 368, 369, 344, 344, 369, 370, 345, 345, 370, 371, 346, 346, 371, 372, 347, 347, 372, 373, 348, 348, 373, 374, 349, 349, 374, 375, 350, 0, 1, 2, 0, 2, 3, 0, 3, 4, 0, 4, 5, 0, 5, 6, 0, 6, 7, 0, 7, 8, 0, 8, 9, 0, 9, 10, 0, 10, 11, 0, 11, 12, 0, 12, 13, 0, 13, 14, 0, 14, 15, 0, 15, 16, 0, 16, 17, 0, 17, 18, 0, 18, 19, 0, 19, 20, 0, 20, 21, 0, 21, 22, 0, 22, 23, 0, 23, 24, 0, 24, 25, 0, 352, 351, 0, 353, 352, 0, 354, 353, 0, 355, 354, 0, 356, 355, 0, 357, 356, 0, 358, 357, 0, 359, 358, 0, 360, 359, 0, 361, 360, 0, 362, 361, 0, 363, 362, 0, 364, 363, 0, 365, 364, 0, 366, 365, 0, 367, 366, 0, 368, 367, 0, 369, 368, 0, 370, 369, 0, 371, 370, 0, 372, 371, 0, 373, 372, 0, 374, 373, 0, 375, 374, 0, 26, 1, 0, 51, 26, 0, 76, 51, 0, 101, 76, 0, 126, 101, 0, 151, 126, 0, 176, 151, 0, 201, 176, 0, 226, 201, 0, 251, 226, 0, 276, 251, 0, 301, 276, 0, 326, 301, 0, 351, 326, 0, 25, 50, 0, 50, 75, 0, 75, 100, 0, 100, 125, 0, 125, 150, 0, 150, 175, 0, 175, 200, 0, 200, 225, 0, 225, 250, 0, 250, 275, 0, 275, 300, 0, 300, 325, 0, 325, 350, 0, 350, 375]
                        rel material:binding = </AecoCctvLooks/Shell_observe>
                        point3f[] points = [(0, 0, 0), (-13.108134, -5.725733, -10.999031), (-12.556644, -5.9834595, -11.494119), (-11.927351, -6.2519493, -12.009883), (-11.210017, -6.528828, -12.541762), (-10.394345, -6.810494, -13.082837), (-9.470802, -7.0918603, -13.623337), (-8.431815, -7.3661623, -14.150266), (-7.273346, -7.624927, -14.647348), (-5.996702, -7.858216, -15.095492), (-4.6102934, -8.055245, -15.473982), (-3.130827, -8.205415, -15.762455), (-1.5833917, -8.29965, -15.9434805), (0, -8.331791, -16.005222), (1.5833917, -8.29965, -15.9434805), (3.130827, -8.205415, -15.762455), (4.6102934, -8.055245, -15.473982), (5.996702, -7.858216, -15.095492), (7.273346, -7.624927, -14.647348), (8.431815, -7.3661623, -14.150266), (9.470802, -7.0918603, -13.623337), (10.394345, -6.810494, -13.082837), (11.210017, -6.528828, -12.541762), (11.927351, -6.2519493, -12.009883), (12.556644, -5.9834595, -11.494119), (13.108134, -5.725733, -10.999031), (-13.28681, -4.9746685, -11.148957), (-12.743912, -5.205168, -11.66554), (-12.121957, -5.446248, -12.205835), (-11.409924, -5.6959333, -12.765417), (-10.596524, -5.951112, -13.33731), (-9.671049, -6.2072635, -13.911383), (-8.624638, -6.458241, -14.47386), (-7.4520087, -6.6961937, -15.007146), (-6.153519, -6.911753, -15.490247), (-4.7372313, -7.094601, -15.900036), (-3.2204146, -7.2344656, -16.213491), (-1.6297929, -7.3224616, -16.410704), (0, -7.352515, -16.478058), (1.6297929, -7.3224616, -16.410704), (3.2204146, -7.2344656, -16.213491), (4.7372313, -7.094601, -15.900036), (6.153519, -6.911753, -15.490247), (7.4520087, -6.6961937, -15.007146), (8.624638, -6.458241, -14.47386), (9.671049, -6.2072635, -13.911383), (10.596524, -5.951112, -13.33731), (11.409924, -5.6959333, -12.765417), (12.121957, -5.446248, -12.205835), (12.743912, -5.205168, -11.66554), (13.28681, -4.9746685, -11.148957), (-13.443842, -4.194552, -11.280724), (-12.909088, -4.393861, -11.816739), (-12.294282, -4.6030593, -12.379353), (-11.587697, -4.8205657, -12.96431), (-10.777137, -5.043788, -13.564638), (-9.850789, -5.268857, -14.169932), (-8.798557, -5.4903955, -14.765732), (-7.6139293, -5.70141, -15.333228), (-6.2962794, -5.89342, -15.849617), (-4.853244, -6.056954, -16.289421), (-3.3025422, -6.182467, -16.626972), (-1.6724138, -6.2616267, -16.83986), (0, -6.288697, -16.912663), (1.6724138, -6.2616267, -16.83986), (3.3025422, -6.182467, -16.626972), (4.853244, -6.056954, -16.289421), (6.2962794, -5.89342, -15.849617), (7.6139293, -5.70141, -15.333228), (8.798557, -5.4903955, -14.765732), (9.850789, -5.268857, -14.169932), (10.777137, -5.043788, -13.564638), (11.587697, -4.8205657, -12.96431), (12.294282, -4.6030593, -12.379353), (12.909088, -4.393861, -11.816739), (13.443842, -4.194552, -11.280724), (-13.57655, -3.388766, -11.392078), (-13.049116, -3.553218, -11.944919), (-12.440876, -3.7263563, -12.526961), (-11.739495, -3.9069724, -13.134142), (-10.931986, -4.0930066, -13.759538), (-10.005548, -4.2813053, -14.392545), (-8.948958, -4.4673977, -15.018135), (-7.7545614, -4.6453733, -15.616439), (-6.4207764, -4.8079615, -16.163013), (-4.954778, -4.9469366, -16.630209), (-3.374623, -5.0539236, -16.98987), (-1.7098882, -5.1215463, -17.2172), (0, -5.1446977, -17.295027), (1.7098882, -5.1215463, -17.2172), (3.374623, -5.0539236, -16.98987), (4.954778, -4.9469366, -16.630209), (6.4207764, -4.8079615, -16.163013), (7.7545614, -4.6453733, -15.616439), (8.948958, -4.4673977, -15.018135), (10.005548, -4.2813053, -14.392545), (10.931986, -4.0930066, -13.759538), (11.739495, -3.9069724, -13.134142), (12.440876, -3.7263563, -12.526961), (13.049116, -3.553218, -11.944919), (13.57655, -3.388766, -11.392078), (-13.6825285, -2.561414, -11.481005), (-13.161235, -2.6878104, -12.04755), (-12.558591, -2.821211, -12.645491), (-11.861776, -2.960751, -13.270949), (-11.057148, -3.1049013, -13.917073), (-10.131089, -3.2512681, -14.573132), (-9.071423, -3.3963997, -15.223654), (-7.869497, -3.535669, -15.8479), (-6.522884, -3.6633155, -16.420048), (-5.0383105, -3.7727528, -16.910578), (-3.4340692, -3.8572137, -17.289158), (-1.7408426, -3.910697, -17.528885), (0, -3.9290254, -17.611038), (1.7408426, -3.910697, -17.528885), (3.4340692, -3.8572137, -17.289158), (5.0383105, -3.7727528, -16.910578), (6.522884, -3.6633155, -16.420048), (7.869497, -3.535669, -15.8479), (9.071423, -3.3963997, -15.223654), (10.131089, -3.2512681, -14.573132), (11.057148, -3.1049013, -13.917073), (11.861776, -2.960751, -13.270949), (12.558591, -2.821211, -12.645491), (13.161235, -2.6878104, -12.04755), (13.6825285, -2.561414, -11.481005), (-13.759765, -1.7172486, -11.545814), (-13.243113, -1.803021, -12.1224985), (-12.644749, -1.8937106, -12.732245), (-11.951497, -1.9887637, -13.371328), (-11.149229, -2.087172, -14.032971), (-10.223712, -2.1873283, -14.706366), (-9.162041, -2.2868853, -15.37573), (-7.954795, -2.3826616, -16.019676), (-6.598874, -2.4706616, -16.61134), (-5.100631, -2.5462797, -17.119751), (-3.4785073, -2.6047516, -17.512884), (-1.7640114, -2.6418295, -17.762177), (0, -2.654545, -17.847668), (1.7640114, -2.6418295, -17.762177), (3.4785073, -2.6047516, -17.512884), (5.100631, -2.5462797, -17.119751), (6.598874, -2.4706616, -16.61134), (7.954795, -2.3826616, -16.019676), (9.162041, -2.2868853, -15.37573), (10.223712, -2.1873283, -14.706366), (11.149229, -2.087172, -14.032971), (11.951497, -1.9887637, -13.371328), (12.644749, -1.8937106, -12.732245), (13.243113, -1.803021, -12.1224985), (13.759765, -1.7172486, -11.545814), (-13.80674, -0.8615556, -11.58523), (-13.292978, -0.9049051, -12.168145), (-12.697303, -0.95079064, -12.785163), (-12.006316, -0.9989429, -13.43266), (-11.205594, -1.048862, -14.103915), (-10.28052, -1.0997411, -14.788081), (-9.217732, -1.150393, -15.469192), (-8.007324, -1.1991978, -16.125463), (-6.6457634, -1.2441086, -16.729372), (-5.1391525, -1.2827549, -17.249044), (-3.5060127, -1.312674, -17.651363), (-1.7783647, -1.3316628, -17.906702), (0, -1.3381778, -17.994308), (1.7783647, -1.3316628, -17.906702), (3.5060127, -1.312674, -17.651363), (5.1391525, -1.2827549, -17.249044), (6.6457634, -1.2441086, -16.729372), (8.007324, -1.1991978, -16.125463), (9.217732, -1.150393, -15.469192), (10.28052, -1.0997411, -14.788081), (11.205594, -1.048862, -14.103915), (12.006316, -0.9989429, -13.43266), (12.697303, -0.95079064, -12.785163), (13.292978, -0.9049051, -12.168145), (13.80674, -0.8615556, -11.58523), (-13.822505, 0, -11.598458), (-13.309726, 0, -12.1834755), (-12.714967, 0, -12.802949), (-12.024757, 0, -13.453293), (-11.224573, 0, -14.127804), (-10.299668, 0, -14.815624), (-9.236524, 0, -15.500727), (-8.025067, 0, -16.161194), (-6.6616163, 0, -16.76928), (-5.1521883, 0, -17.292797), (-3.5153272, 0, -17.69826), (-1.7832276, 0, -17.955667), (0, 0, -18.043999), (1.7832276, 0, -17.955667), (3.5153272, 0, -17.69826), (5.1521883, 0, -17.292797), (6.6616163, 0, -16.76928), (8.025067, 0, -16.161194), (9.236524, 0, -15.500727), (10.299668, 0, -14.815624), (11.224573, 0, -14.127804), (12.024757, 0, -13.453293), (12.714967, 0, -12.802949), (13.309726, 0, -12.1834755), (13.822505, 0, -11.598458), (-13.80674, 0.8615556, -11.58523), (-13.292978, 0.9049051, -12.168145), (-12.697303, 0.95079064, -12.785163), (-12.006316, 0.9989429, -13.43266), (-11.205594, 1.048862, -14.103915), (-10.28052, 1.0997411, -14.788081), (-9.217732, 1.150393, -15.469192), (-8.007324, 1.1991978, -16.125463), (-6.6457634, 1.2441086, -16.729372), (-5.1391525, 1.2827549, -17.249044), (-3.5060127, 1.312674, -17.651363), (-1.7783647, 1.3316628, -17.906702), (0, 1.3381778, -17.994308), (1.7783647, 1.3316628, -17.906702), (3.5060127, 1.312674, -17.651363), (5.1391525, 1.2827549, -17.249044), (6.6457634, 1.2441086, -16.729372), (8.007324, 1.1991978, -16.125463), (9.217732, 1.150393, -15.469192), (10.28052, 1.0997411, -14.788081), (11.205594, 1.048862, -14.103915), (12.006316, 0.9989429, -13.43266), (12.697303, 0.95079064, -12.785163), (13.292978, 0.9049051, -12.168145), (13.80674, 0.8615556, -11.58523), (-13.759765, 1.7172486, -11.545814), (-13.243113, 1.803021, -12.1224985), (-12.644749, 1.8937106, -12.732245), (-11.951497, 1.9887637, -13.371328), (-11.149229, 2.087172, -14.032971), (-10.223712, 2.1873283, -14.706366), (-9.162041, 2.2868853, -15.37573), (-7.954795, 2.3826616, -16.019676), (-6.598874, 2.4706616, -16.61134), (-5.100631, 2.5462797, -17.119751), (-3.4785073, 2.6047516, -17.512884), (-1.7640114, 2.6418295, -17.762177), (0, 2.654545, -17.847668), (1.7640114, 2.6418295, -17.762177), (3.4785073, 2.6047516, -17.512884), (5.100631, 2.5462797, -17.119751), (6.598874, 2.4706616, -16.61134), (7.954795, 2.3826616, -16.019676), (9.162041, 2.2868853, -15.37573), (10.223712, 2.1873283, -14.706366), (11.149229, 2.087172, -14.032971), (11.951497, 1.9887637, -13.371328), (12.644749, 1.8937106, -12.732245), (13.243113, 1.803021, -12.1224985), (13.759765, 1.7172486, -11.545814), (-13.6825285, 2.561414, -11.481005), (-13.161235, 2.6878104, -12.04755), (-12.558591, 2.821211, -12.645491), (-11.861776, 2.960751, -13.270949), (-11.057148, 3.1049013, -13.917073), (-10.131089, 3.2512681, -14.573132), (-9.071423, 3.3963997, -15.223654), (-7.869497, 3.535669, -15.8479), (-6.522884, 3.6633155, -16.420048), (-5.0383105, 3.7727528, -16.910578), (-3.4340692, 3.8572137, -17.289158), (-1.7408426, 3.910697, -17.528885), (0, 3.9290254, -17.611038), (1.7408426, 3.910697, -17.528885), (3.4340692, 3.8572137, -17.289158), (5.0383105, 3.7727528, -16.910578), (6.522884, 3.6633155, -16.420048), (7.869497, 3.535669, -15.8479), (9.071423, 3.3963997, -15.223654), (10.131089, 3.2512681, -14.573132), (11.057148, 3.1049013, -13.917073), (11.861776, 2.960751, -13.270949), (12.558591, 2.821211, -12.645491), (13.161235, 2.6878104, -12.04755), (13.6825285, 2.561414, -11.481005), (-13.57655, 3.388766, -11.392078), (-13.049116, 3.553218, -11.944919), (-12.440876, 3.7263563, -12.526961), (-11.739495, 3.9069724, -13.134142), (-10.931986, 4.0930066, -13.759538), (-10.005548, 4.2813053, -14.392545), (-8.948958, 4.4673977, -15.018135), (-7.7545614, 4.6453733, -15.616439), (-6.4207764, 4.8079615, -16.163013), (-4.954778, 4.9469366, -16.630209), (-3.374623, 5.0539236, -16.98987), (-1.7098882, 5.1215463, -17.2172), (0, 5.1446977, -17.295027), (1.7098882, 5.1215463, -17.2172), (3.374623, 5.0539236, -16.98987), (4.954778, 4.9469366, -16.630209), (6.4207764, 4.8079615, -16.163013), (7.7545614, 4.6453733, -15.616439), (8.948958, 4.4673977, -15.018135), (10.005548, 4.2813053, -14.392545), (10.931986, 4.0930066, -13.759538), (11.739495, 3.9069724, -13.134142), (12.440876, 3.7263563, -12.526961), (13.049116, 3.553218, -11.944919), (13.57655, 3.388766, -11.392078), (-13.443842, 4.194552, -11.280724), (-12.909088, 4.393861, -11.816739), (-12.294282, 4.6030593, -12.379353), (-11.587697, 4.8205657, -12.96431), (-10.777137, 5.043788, -13.564638), (-9.850789, 5.268857, -14.169932), (-8.798557, 5.4903955, -14.765732), (-7.6139293, 5.70141, -15.333228), (-6.2962794, 5.89342, -15.849617), (-4.853244, 6.056954, -16.289421), (-3.3025422, 6.182467, -16.626972), (-1.6724138, 6.2616267, -16.83986), (0, 6.288697, -16.912663), (1.6724138, 6.2616267, -16.83986), (3.3025422, 6.182467, -16.626972), (4.853244, 6.056954, -16.289421), (6.2962794, 5.89342, -15.849617), (7.6139293, 5.70141, -15.333228), (8.798557, 5.4903955, -14.765732), (9.850789, 5.268857, -14.169932), (10.777137, 5.043788, -13.564638), (11.587697, 4.8205657, -12.96431), (12.294282, 4.6030593, -12.379353), (12.909088, 4.393861, -11.816739), (13.443842, 4.194552, -11.280724), (-13.28681, 4.9746685, -11.148957), (-12.743912, 5.205168, -11.66554), (-12.121957, 5.446248, -12.205835), (-11.409924, 5.6959333, -12.765417), (-10.596524, 5.951112, -13.33731), (-9.671049, 6.2072635, -13.911383), (-8.624638, 6.458241, -14.47386), (-7.4520087, 6.6961937, -15.007146), (-6.153519, 6.911753, -15.490247), (-4.7372313, 7.094601, -15.900036), (-3.2204146, 7.2344656, -16.213491), (-1.6297929, 7.3224616, -16.410704), (0, 7.352515, -16.478058), (1.6297929, 7.3224616, -16.410704), (3.2204146, 7.2344656, -16.213491), (4.7372313, 7.094601, -15.900036), (6.153519, 6.911753, -15.490247), (7.4520087, 6.6961937, -15.007146), (8.624638, 6.458241, -14.47386), (9.671049, 6.2072635, -13.911383), (10.596524, 5.951112, -13.33731), (11.409924, 5.6959333, -12.765417), (12.121957, 5.446248, -12.205835), (12.743912, 5.205168, -11.66554), (13.28681, 4.9746685, -11.148957), (-13.108134, 5.725733, -10.999031), (-12.556644, 5.9834595, -11.494119), (-11.927351, 6.2519493, -12.009883), (-11.210017, 6.528828, -12.541762), (-10.394345, 6.810494, -13.082837), (-9.470802, 7.0918603, -13.623337), (-8.431815, 7.3661623, -14.150266), (-7.273346, 7.624927, -14.647348), (-5.996702, 7.858216, -15.095492), (-4.6102934, 8.055245, -15.473982), (-3.130827, 8.205415, -15.762455), (-1.5833917, 8.29965, -15.9434805), (0, 8.331791, -16.005222), (1.5833917, 8.29965, -15.9434805), (3.130827, 8.205415, -15.762455), (4.6102934, 8.055245, -15.473982), (5.996702, 7.858216, -15.095492), (7.273346, 7.624927, -14.647348), (8.431815, 7.3661623, -14.150266), (9.470802, 7.0918603, -13.623337), (10.394345, 6.810494, -13.082837), (11.210017, 6.528828, -12.541762), (11.927351, 6.2519493, -12.009883), (12.556644, 5.9834595, -11.494119), (13.108134, 5.725733, -10.999031)]
                        color3f[] primvars:displayColor = [(0.36666667, 0.73333335, 0.68333334)] (
                            interpolation = "constant"
                        )
                        float[] primvars:displayOpacity = [0.3] (
                            interpolation = "constant"
                        )
                        uniform token purpose = "guide"
                        uniform token subdivisionScheme = "none"
                    }
                }
            }
        }
    }
}

