#usda 1.0
(
    customLayerData = {
        string "aeco:cctv:densityModel" = "plane"
        string "aeco:cctv:layer" = "derived"
        string "aeco:cctv:levelSystem" = "dori2015"
        string "aeco:cctv:stamp" = "usdAecoCctv derive 0.5.3"
    }
)

over "demo_datacentre_01"
{
    over "demo_datacentre_01_Site"
    {
        over "demo_datacentre_01"
        {
            over "L00_Ground"
            {
                over "Corridor_Spine"
                {
                    over "sec_cam_door_hall_a_s"
                    {
                        double aeco:cctv:mountHeight = 2.92

                        over "Sensor_0"
                        {
                            double aeco:cctvSensor:effectiveWidth = 7.679649793158473
                            double aeco:cctvSensor:hfov = 104
                            double aeco:cctvSensor:targetRange = 4.050184687810823
                            double aeco:cctvSensor:vfov = 76.00000000000001
                            float2 clippingRange = (0.05, 12)
                            float focalLength = 3
                            float horizontalAperture = 7.67965
                            float verticalAperture = 4.6877136
                            matrix4d xformOp:transform = ( (0.8221921916437787, 0.5692099788303083, 0, 0), (-0.4929503017546496, 0.712039324756716, 0.49999999999999994, 0), (0.2846049894151541, -0.4110960958218893, 0.8660254037844387, 0), (0, 0, -0.08, 1) )
                            uniform token[] xformOpOrder = ["xformOp:transform"]

                            def Mesh "Sector" (
                                prepend apiSchemas = ["AecoDerivedGeometryAPI", "MaterialBindingAPI"]
                            )
                            {
                                uniform token aeco:derived:approx = "tessellated"
                                uniform token aeco:derived:role = "sector"
                                string aeco:derived:source = "ebb5fb2b-745a-56a9-b089-d5d95c593514"
                                string aeco:derived:stamp = "usdAecoCctv derive 0.5.3"
                                uniform bool doubleSided = 1
                                float3[] extent = [(-9.456129, -7.3879375, -12), (9.456129, 7.3879375, 0)]
                                int[] faceVertexCounts = [4, 4, 4, 4, 4, 4, 4, 4, 4, 4, 4, 4, 4, 4, 4, 4, 4, 4, 4, 4, 4, 4, 4, 4, 4, 4, 4, 4, 4, 4, 4, 4, 4, 4, 4, 4, 4, 4, 4, 4, 4, 4, 4, 4, 4, 4, 4, 4, 4, 4, 4, 4, 4, 4, 4, 4, 4, 4, 4, 4, 4, 4, 4, 4, 4, 4, 4, 4, 4, 4, 4, 4, 4, 4, 4, 4, 4, 4, 4, 4, 4, 4, 4, 4, 4, 4, 4, 4, 4, 4, 4, 4, 4, 4, 4, 4, 4, 4, 4, 4, 4, 4, 4, 4, 4, 4, 4, 4, 4, 4, 4, 4, 4, 4, 4, 4, 4, 4, 4, 4, 4, 4, 4, 4, 4, 4, 4, 4, 4, 4, 4, 4, 4, 4, 4, 4, 4, 4, 4, 4, 4, 4, 4, 4, 4, 4, 4, 4, 4, 4, 4, 4, 4, 4, 4, 4, 4, 4, 4, 4, 4, 4, 4, 4, 4, 4, 4, 4, 4, 4, 4, 4, 4, 4, 4, 4, 4, 4, 4, 4, 4, 4, 4, 4, 4, 4, 4, 4, 4, 4, 4, 4, 4, 4, 4, 4, 4, 4, 4, 4, 4, 4, 4, 4, 4, 4, 4, 4, 4, 4, 4, 4, 4, 4, 4, 4, 4, 4, 4, 4, 4, 4, 4, 4, 4, 4, 4, 4, 4, 4, 4, 4, 4, 4, 4, 4, 4, 4, 4, 4, 4, 4, 4, 4, 4, 4, 4, 4, 4, 4, 4, 4, 4, 4, 4, 4, 4, 4, 4, 4, 4, 4, 4, 4, 4, 4, 4, 4, 4, 4, 4, 4, 4, 4, 4, 4, 4, 4, 4, 4, 4, 4, 4, 4, 4, 4, 4, 4, 4, 4, 4, 4, 4, 4, 4, 4, 4, 4, 4, 4, 4, 4, 4, 4, 4, 4, 4, 4, 4, 4, 4, 4, 4, 4, 4, 4, 4, 4, 4, 4, 4, 4, 4, 4, 4, 4, 4, 4, 4, 4, 4, 4, 4, 4, 4, 4, 3, 3, 3, 3, 3, 3, 3, 3, 3, 3, 3, 3, 3, 3, 3, 3, 3, 3, 3, 3, 3, 3, 3, 3, 3, 3, 3, 3, 3, 3, 3, 3, 3, 3, 3, 3, 3, 3, 3, 3, 3, 3, 3, 3, 3, 3, 3, 3, 3, 3, 3, 3, 3, 3, 3, 3, 3, 3, 3, 3, 3, 3, 3, 3, 3, 3, 3, 3, 3, 3, 3, 3, 3, 3, 3, 3]
                                int[] faceVertexIndices = [1, 26, 27, 2, 2, 27, 28, 3, 3, 28, 29, 4, 4, 29, 30, 5, 5, 30, 31, 6, 6, 31, 32, 7, 7, 32, 33, 8, 8, 33, 34, 9, 9, 34, 35, 10, 10, 35, 36, 11, 11, 36, 37, 12, 12, 37, 38, 13, 13, 38, 39, 14, 14, 39, 40, 15, 15, 40, 41, 16, 16, 41, 42, 17, 17, 42, 43, 18, 18, 43, 44, 19, 19, 44, 45, 20, 20, 45, 46, 21, 21, 46, 47, 22, 22, 47, 48, 23, 23, 48, 49, 24, 24, 49, 50, 25, 26, 51, 52, 27, 27, 52, 53, 28, 28, 53, 54, 29, 29, 54, 55, 30, 30, 55, 56, 31, 31, 56, 57, 32, 32, 57, 58, 33, 33, 58, 59, 34, 34, 59, 60, 35, 35, 60, 61, 36, 36, 61, 62, 37, 37, 62, 63, 38, 38, 63, 64, 39, 39, 64, 65, 40, 40, 65, 66, 41, 41, 66, 67, 42, 42, 67, 68, 43, 43, 68, 69, 44, 44, 69, 70, 45, 45, 70, 71, 46, 46, 71, 72, 47, 47, 72, 73, 48, 48, 73, 74, 49, 49, 74, 75, 50, 51, 76, 77, 52, 52, 77, 78, 53, 53, 78, 79, 54, 54, 79, 80, 55, 55, 80, 81, 56, 56, 81, 82, 57, 57, 82, 83, 58, 58, 83, 84, 59, 59, 84, 85, 60, 60, 85, 86, 61, 61, 86, 87, 62, 62, 87, 88, 63, 63, 88, 89, 64, 64, 89, 90, 65, 65, 90, 91, 66, 66, 91, 92, 67, 67, 92, 93, 68, 68, 93, 94, 69, 69, 94, 95, 70, 70, 95, 96, 71, 71, 96, 97, 72, 72, 97, 98, 73, 73, 98, 99, 74, 74, 99, 100, 75, 76, 101, 102, 77, 77, 102, 103, 78, 78, 103, 104, 79, 79, 104, 105, 80, 80, 105, 106, 81, 81, 106, 107, 82, 82, 107, 108, 83, 83, 108, 109, 84, 84, 109, 110, 85, 85, 110, 111, 86, 86, 111, 112, 87, 87, 112, 113, 88, 88, 113, 114, 89, 89, 114, 115, 90, 90, 115, 116, 91, 91, 116, 117, 92, 92, 117, 118, 93, 93, 118, 119, 94, 94, 119, 120, 95, 95, 120, 121, 96, 96, 121, 122, 97, 97, 122, 123, 98, 98, 123, 124, 99, 99, 124, 125, 100, 101, 126, 127, 102, 102, 127, 128, 103, 103, 128, 129, 104, 104, 129, 130, 105, 105, 130, 131, 106, 106, 131, 132, 107, 107, 132, 133, 108, 108, 133, 134, 109, 109, 134, 135, 110, 110, 135, 136, 111, 111, 136, 137, 112, 112, 137, 138, 113, 113, 138, 139, 114, 114, 139, 140, 115, 115, 140, 141, 116, 116, 141, 142, 117, 117, 142, 143, 118, 118, 143, 144, 119, 119, 144, 145, 120, 120, 145, 146, 121, 121, 146, 147, 122, 122, 147, 148, 123, 123, 148, 149, 124, 124, 149, 150, 125, 126, 151, 152, 127, 127, 152, 153, 128, 128, 153, 154, 129, 129, 154, 155, 130, 130, 155, 156, 131, 131, 156, 157, 132, 132, 157, 158, 133, 133, 158, 159, 134, 134, 159, 160, 135, 135, 160, 161, 136, 136, 161, 162, 137, 137, 162, 163, 138, 138, 163, 164, 139, 139, 164, 165, 140, 140, 165, 166, 141, 141, 166, 167, 142, 142, 167, 168, 143, 143, 168, 169, 144, 144, 169, 170, 145, 145, 170, 171, 146, 146, 171, 172, 147, 147, 172, 173, 148, 148, 173, 174, 149, 149, 174, 175, 150, 151, 176, 177, 152, 152, 177, 178, 153, 153, 178, 179, 154, 154, 179, 180, 155, 155, 180, 181, 156, 156, 181, 182, 157, 157, 182, 183, 158, 158, 183, 184, 159, 159, 184, 185, 160, 160, 185, 186, 161, 161, 186, 187, 162, 162, 187, 188, 163, 163, 188, 189, 164, 164, 189, 190, 165, 165, 190, 191, 166, 166, 191, 192, 167, 167, 192, 193, 168, 168, 193, 194, 169, 169, 194, 195, 170, 170, 195, 196, 171, 171, 196, 197, 172, 172, 197, 198, 173, 173, 198, 199, 174, 174, 199, 200, 175, 176, 201, 202, 177, 177, 202, 203, 178, 178, 203, 204, 179, 179, 204, 205, 180, 180, 205, 206, 181, 181, 206, 207, 182, 182, 207, 208, 183, 183, 208, 209, 184, 184, 209, 210, 185, 185, 210, 211, 186, 186, 211, 212, 187, 187, 212, 213, 188, 188, 213, 214, 189, 189, 214, 215, 190, 190, 215, 216, 191, 191, 216, 217, 192, 192, 217, 218, 193, 193, 218, 219, 194, 194, 219, 220, 195, 195, 220, 221, 196, 196, 221, 222, 197, 197, 222, 223, 198, 198, 223, 224, 199, 199, 224, 225, 200, 201, 226, 227, 202, 202, 227, 228, 203, 203, 228, 229, 204, 204, 229, 230, 205, 205, 230, 231, 206, 206, 231, 232, 207, 207, 232, 233, 208, 208, 233, 234, 209, 209, 234, 235, 210, 210, 235, 236, 211, 211, 236, 237, 212, 212, 237, 238, 213, 213, 238, 239, 214, 214, 239, 240, 215, 215, 240, 241, 216, 216, 241, 242, 217, 217, 242, 243, 218, 218, 243, 244, 219, 219, 244, 245, 220, 220, 245, 246, 221, 221, 246, 247, 222, 222, 247, 248, 223, 223, 248, 249, 224, 224, 249, 250, 225, 226, 251, 252, 227, 227, 252, 253, 228, 228, 253, 254, 229, 229, 254, 255, 230, 230, 255, 256, 231, 231, 256, 257, 232, 232, 257, 258, 233, 233, 258, 259, 234, 234, 259, 260, 235, 235, 260, 261, 236, 236, 261, 262, 237, 237, 262, 263, 238, 238, 263, 264, 239, 239, 264, 265, 240, 240, 265, 266, 241, 241, 266, 267, 242, 242, 267, 268, 243, 243, 268, 269, 244, 244, 269, 270, 245, 245, 270, 271, 246, 246, 271, 272, 247, 247, 272, 273, 248, 248, 273, 274, 249, 249, 274, 275, 250, 251, 276, 277, 252, 252, 277, 278, 253, 253, 278, 279, 254, 254, 279, 280, 255, 255, 280, 281, 256, 256, 281, 282, 257, 257, 282, 283, 258, 258, 283, 284, 259, 259, 284, 285, 260, 260, 285, 286, 261, 261, 286, 287, 262, 262, 287, 288, 263, 263, 288, 289, 264, 264, 289, 290, 265, 265, 290, 291, 266, 266, 291, 292, 267, 267, 292, 293, 268, 268, 293, 294, 269, 269, 294, 295, 270, 270, 295, 296, 271, 271, 296, 297, 272, 272, 297, 298, 273, 273, 298, 299, 274, 274, 299, 300, 275, 276, 301, 302, 277, 277, 302, 303, 278, 278, 303, 304, 279, 279, 304, 305, 280, 280, 305, 306, 281, 281, 306, 307, 282, 282, 307, 308, 283, 283, 308, 309, 284, 284, 309, 310, 285, 285, 310, 311, 286, 286, 311, 312, 287, 287, 312, 313, 288, 288, 313, 314, 289, 289, 314, 315, 290, 290, 315, 316, 291, 291, 316, 317, 292, 292, 317, 318, 293, 293, 318, 319, 294, 294, 319, 320, 295, 295, 320, 321, 296, 296, 321, 322, 297, 297, 322, 323, 298, 298, 323, 324, 299, 299, 324, 325, 300, 301, 326, 327, 302, 302, 327, 328, 303, 303, 328, 329, 304, 304, 329, 330, 305, 305, 330, 331, 306, 306, 331, 332, 307, 307, 332, 333, 308, 308, 333, 334, 309, 309, 334, 335, 310, 310, 335, 336, 311, 311, 336, 337, 312, 312, 337, 338, 313, 313, 338, 339, 314, 314, 339, 340, 315, 315, 340, 341, 316, 316, 341, 342, 317, 317, 342, 343, 318, 318, 343, 344, 319, 319, 344, 345, 320, 320, 345, 346, 321, 321, 346, 347, 322, 322, 347, 348, 323, 323, 348, 349, 324, 324, 349, 350, 325, 326, 351, 352, 327, 327, 352, 353, 328, 328, 353, 354, 329, 329, 354, 355, 330, 330, 355, 356, 331, 331, 356, 357, 332, 332, 357, 358, 333, 333, 358, 359, 334, 334, 359, 360, 335, 335, 360, 361, 336, 336, 361, 362, 337, 337, 362, 363, 338, 338, 363, 364, 339, 339, 364, 365, 340, 340, 365, 366, 341, 341, 366, 367, 342, 342, 367, 368, 343, 343, 368, 369, 344, 344, 369, 370, 345, 345, 370, 371, 346, 346, 371, 372, 347, 347, 372, 373, 348, 348, 373, 374, 349, 349, 374, 375, 350, 0, 1, 2, 0, 2, 3, 0, 3, 4, 0, 4, 5, 0, 5, 6, 0, 6, 7, 0, 7, 8, 0, 8, 9, 0, 9, 10, 0, 10, 11, 0, 11, 12, 0, 12, 13, 0, 13, 14, 0, 14, 15, 0, 15, 16, 0, 16, 17, 0, 17, 18, 0, 18, 19, 0, 19, 20, 0, 20, 21, 0, 21, 22, 0, 22, 23, 0, 23, 24, 0, 24, 25, 0, 352, 351, 0, 353, 352, 0, 354, 353, 0, 355, 354, 0, 356, 355, 0, 357, 356, 0, 358, 357, 0, 359, 358, 0, 360, 359, 0, 361, 360, 0, 362, 361, 0, 363, 362, 0, 364, 363, 0, 365, 364, 0, 366, 365, 0, 367, 366, 0, 368, 367, 0, 369, 368, 0, 370, 369, 0, 371, 370, 0, 372, 371, 0, 373, 372, 0, 374, 373, 0, 375, 374, 0, 26, 1, 0, 51, 26, 0, 76, 51, 0, 101, 76, 0, 126, 101, 0, 151, 126, 0, 176, 151, 0, 201, 176, 0, 226, 201, 0, 251, 226, 0, 276, 251, 0, 301, 276, 0, 326, 301, 0, 351, 326, 0, 25, 50, 0, 50, 75, 0, 75, 100, 0, 100, 125, 0, 125, 150, 0, 150, 175, 0, 175, 200, 0, 200, 225, 0, 225, 250, 0, 250, 275, 0, 275, 300, 0, 300, 325, 0, 325, 350, 0, 350, 375]
                                rel material:binding = </AecoCctvLooks/Sector>
                                point3f[] points = [(0, 0, 0), (-8.521566, -5.201626, -6.6577773), (-8.1464, -5.4246783, -6.9432716), (-7.7210326, -5.655569, -7.238798), (-7.2394805, -5.8920417, -7.5414696), (-6.695912, -6.13085, -7.84713), (-6.085158, -6.367584, -8.150136), (-5.403423, -6.596577, -8.4432335), (-4.6491714, -6.8109303, -8.717593), (-3.8240929, -7.002762, -8.963126), (-2.933988, -7.1637106, -9.169131), (-1.9893044, -7.2857146, -9.32529), (-1.0050639, -7.361979, -9.422903), (0, -7.3879375, -9.456129), (1.0050639, -7.361979, -9.422903), (1.9893044, -7.2857146, -9.32529), (2.933988, -7.1637106, -9.169131), (3.8240929, -7.002762, -8.963126), (4.6491714, -6.8109303, -8.717593), (5.403423, -6.596577, -8.4432335), (6.085158, -6.367584, -8.150136), (6.695912, -6.13085, -7.84713), (7.2394805, -5.8920417, -7.5414696), (7.7210326, -5.655569, -7.238798), (8.1464, -5.4246783, -6.9432716), (8.521566, -5.201626, -6.6577773), (-8.742251, -4.574, -6.8301954), (-8.376641, -4.781139, -7.1395087), (-7.959109, -4.997106, -7.4620047), (-7.482737, -5.2200193, -7.794873), (-6.940543, -5.447003, -8.13382), (-6.326028, -5.673972, -8.472745), (-5.633984, -5.895471, -8.803502), (-4.861562, -6.104638, -9.115844), (-4.0095077, -6.293398, -9.397712), (-3.083373, -6.4529595, -9.635981), (-2.0943503, -6.574662, -9.817715), (-1.0593456, -6.651074, -9.931818), (0, -6.677143, -9.970745), (1.0593456, -6.651074, -9.931818), (2.0943503, -6.574662, -9.817715), (3.083373, -6.4529595, -9.635981), (4.0095077, -6.293398, -9.397712), (4.861562, -6.104638, -9.115844), (5.633984, -5.895471, -8.803502), (6.326028, -5.673972, -8.472745), (6.940543, -5.447003, -8.13382), (7.482737, -5.2200193, -7.794873), (7.959109, -4.997106, -7.4620047), (8.376641, -4.781139, -7.1395087), (8.742251, -4.574, -6.8301954), (-8.94301, -3.8991988, -6.987046), (-8.587501, -4.084576, -7.3192263), (-8.178739, -4.279167, -7.6679173), (-7.7089167, -4.4815035, -8.030488), (-7.169909, -4.689176, -8.40262), (-6.553843, -4.8985877, -8.777868), (-5.8539853, -5.1047354, -9.147269), (-5.0659866, -5.301111, -9.499158), (-4.1894145, -5.4798193, -9.819388), (-3.229341, -5.6320376, -10.092151), (-2.197556, -5.7488747, -10.301514), (-1.1128627, -5.8225665, -10.433564), (0, -5.847768, -10.478722), (1.1128627, -5.8225665, -10.433564), (2.197556, -5.7488747, -10.301514), (3.229341, -5.6320376, -10.092151), (4.1894145, -5.4798193, -9.819388), (5.0659866, -5.301111, -9.499158), (5.8539853, -5.1047354, -9.147269), (6.553843, -4.8985877, -8.777868), (7.169909, -4.689176, -8.40262), (7.7089167, -4.4815035, -8.030488), (8.178739, -4.279167, -7.6679173), (8.587501, -4.084576, -7.3192263), (8.94301, -3.8991988, -6.987046), (-9.117973, -3.1803868, -7.1237416), (-8.772395, -3.3380156, -7.476814), (-8.372625, -3.5044878, -7.8496947), (-7.9100547, -3.6787462, -8.240016), (-7.375493, -3.858904, -8.64355), (-6.7597384, -4.041985, -9.053634), (-6.0545197, -4.223683, -9.460618), (-5.253902, -4.3981986, -9.851516), (-4.3561134, -4.558291, -10.210106), (-3.36554, -4.695657, -10.517792), (-2.2943847, -4.8017454, -10.755419), (-1.1632501, -4.868957, -10.905967), (0, -4.891996, -10.957572), (1.1632501, -4.868957, -10.905967), (2.2943847, -4.8017454, -10.755419), (3.36554, -4.695657, -10.517792), (4.3561134, -4.558291, -10.210106), (5.253902, -4.3981986, -9.851516), (6.0545197, -4.223683, -9.460618), (6.7597384, -4.041985, -9.053634), (7.375493, -3.858904, -8.64355), (7.9100547, -3.6787462, -8.240016), (8.372625, -3.5044878, -7.8496947), (8.772395, -3.3380156, -7.476814), (9.117973, -3.1803868, -7.1237416), (-9.26139, -2.4228082, -7.2357907), (-8.924759, -2.546994, -7.606675), (-8.533343, -2.6788187, -8.000374), (-8.077864, -2.8175924, -8.414825), (-7.5482183, -2.961956, -8.845972), (-6.9340205, -3.109648, -9.287058), (-6.2255826, -3.2572634, -9.727917), (-5.415448, -3.4000752, -10.1544285), (-4.500481, -3.5320194, -10.548484), (-3.484268, -3.645981, -10.888834), (-2.3792312, -3.7344856, -11.153155), (-1.2075499, -3.7907858, -11.321297), (0, -3.8101258, -11.379057), (1.2075499, -3.7907858, -11.321297), (2.3792312, -3.7344856, -11.153155), (3.484268, -3.645981, -10.888834), (4.500481, -3.5320194, -10.548484), (5.415448, -3.4000752, -10.1544285), (6.2255826, -3.2572634, -9.727917), (6.9340205, -3.109648, -9.287058), (7.5482183, -2.961956, -8.845972), (8.077864, -2.8175924, -8.414825), (8.533343, -2.6788187, -8.000374), (8.924759, -2.546994, -7.606675), (9.26139, -2.4228082, -7.2357907), (-9.368074, -1.6338116, -7.319142), (-9.038583, -1.7196518, -7.7036886), (-8.653978, -1.8111261, -8.113475), (-8.204485, -1.907839, -8.546729), (-7.6792984, -2.0089283, -8.999588), (-7.0670986, -2.1128857, -9.465296), (-6.3570476, -2.2173645, -9.93334), (-5.5404105, -2.3190217, -10.388743), (-4.6128573, -2.4134755, -10.811877), (-3.5772042, -2.4954872, -11.179274), (-2.4459436, -2.559466, -11.465884), (-1.2424827, -2.6002984, -11.648807), (0, -2.6143498, -11.711754), (1.2424827, -2.6002984, -11.648807), (2.4459436, -2.559466, -11.465884), (3.5772042, -2.4954872, -11.179274), (4.6128573, -2.4134755, -10.811877), (5.5404105, -2.3190217, -10.388743), (6.3570476, -2.2173645, -9.93334), (7.0670986, -2.1128857, -9.465296), (7.6792984, -2.0089283, -8.999588), (8.204485, -1.907839, -8.546729), (8.653978, -1.8111261, -8.113475), (9.038583, -1.7196518, -7.7036886), (9.368074, -1.6338116, -7.319142), (-9.433883, -0.82264435, -7.370557), (-9.109004, -0.86652493, -7.7637095), (-8.728863, -0.91339904, -8.183682), (-8.283378, -0.9630921, -8.628912), (-7.761302, -1.0151902, -9.095691), (-7.15072, -1.0689431, -9.577294), (-6.44004, -1.1231563, -10.063022), (-5.6196723, -1.176099, -10.537366), (-4.6844625, -1.22547, -10.97971), (-3.6366675, -1.2684847, -11.365105), (-2.4887695, -1.3021396, -11.666638), (-1.2649559, -1.3236655, -11.859503), (0, -1.3310816, -11.925947), (1.2649559, -1.3236655, -11.859503), (2.4887695, -1.3021396, -11.666638), (3.6366675, -1.2684847, -11.365105), (4.6844625, -1.22547, -10.97971), (5.6196723, -1.176099, -10.537366), (6.44004, -1.1231563, -10.063022), (7.15072, -1.0689431, -9.577294), (7.761302, -1.0151902, -9.095691), (8.283378, -0.9630921, -8.628912), (8.728863, -0.91339904, -8.183682), (9.109004, -0.86652493, -7.7637095), (9.433883, -0.82264435, -7.370557), (-9.456129, 0, -7.3879375), (-9.132846, 0, -7.7840304), (-8.75426, 0, -8.207493), (-8.3101845, 0, -8.656837), (-7.7892256, 0, -9.128415), (-7.1792607, 0, -9.61552), (-6.4684353, 0, -10.10739), (-5.646858, 0, -10.588343), (-4.7090826, 0, -11.0374155), (-3.6571574, 0, -11.429138), (-2.5035524, 0, -11.735937), (-1.2727224, 0, -11.932317), (0, 0, -12), (1.2727224, 0, -11.932317), (2.5035524, 0, -11.735937), (3.6571574, 0, -11.429138), (4.7090826, 0, -11.0374155), (5.646858, 0, -10.588343), (6.4684353, 0, -10.10739), (7.1792607, 0, -9.61552), (7.7892256, 0, -9.128415), (8.3101845, 0, -8.656837), (8.75426, 0, -8.207493), (9.132846, 0, -7.7840304), (9.456129, 0, -7.3879375), (-9.433883, 0.82264435, -7.370557), (-9.109004, 0.86652493, -7.7637095), (-8.728863, 0.91339904, -8.183682), (-8.283378, 0.9630921, -8.628912), (-7.761302, 1.0151902, -9.095691), (-7.15072, 1.0689431, -9.577294), (-6.44004, 1.1231563, -10.063022), (-5.6196723, 1.176099, -10.537366), (-4.6844625, 1.22547, -10.97971), (-3.6366675, 1.2684847, -11.365105), (-2.4887695, 1.3021396, -11.666638), (-1.2649559, 1.3236655, -11.859503), (0, 1.3310816, -11.925947), (1.2649559, 1.3236655, -11.859503), (2.4887695, 1.3021396, -11.666638), (3.6366675, 1.2684847, -11.365105), (4.6844625, 1.22547, -10.97971), (5.6196723, 1.176099, -10.537366), (6.44004, 1.1231563, -10.063022), (7.15072, 1.0689431, -9.577294), (7.761302, 1.0151902, -9.095691), (8.283378, 0.9630921, -8.628912), (8.728863, 0.91339904, -8.183682), (9.109004, 0.86652493, -7.7637095), (9.433883, 0.82264435, -7.370557), (-9.368074, 1.6338116, -7.319142), (-9.038583, 1.7196518, -7.7036886), (-8.653978, 1.8111261, -8.113475), (-8.204485, 1.907839, -8.546729), (-7.6792984, 2.0089283, -8.999588), (-7.0670986, 2.1128857, -9.465296), (-6.3570476, 2.2173645, -9.93334), (-5.5404105, 2.3190217, -10.388743), (-4.6128573, 2.4134755, -10.811877), (-3.5772042, 2.4954872, -11.179274), (-2.4459436, 2.559466, -11.465884), (-1.2424827, 2.6002984, -11.648807), (0, 2.6143498, -11.711754), (1.2424827, 2.6002984, -11.648807), (2.4459436, 2.559466, -11.465884), (3.5772042, 2.4954872, -11.179274), (4.6128573, 2.4134755, -10.811877), (5.5404105, 2.3190217, -10.388743), (6.3570476, 2.2173645, -9.93334), (7.0670986, 2.1128857, -9.465296), (7.6792984, 2.0089283, -8.999588), (8.204485, 1.907839, -8.546729), (8.653978, 1.8111261, -8.113475), (9.038583, 1.7196518, -7.7036886), (9.368074, 1.6338116, -7.319142), (-9.26139, 2.4228082, -7.2357907), (-8.924759, 2.546994, -7.606675), (-8.533343, 2.6788187, -8.000374), (-8.077864, 2.8175924, -8.414825), (-7.5482183, 2.961956, -8.845972), (-6.9340205, 3.109648, -9.287058), (-6.2255826, 3.2572634, -9.727917), (-5.415448, 3.4000752, -10.1544285), (-4.500481, 3.5320194, -10.548484), (-3.484268, 3.645981, -10.888834), (-2.3792312, 3.7344856, -11.153155), (-1.2075499, 3.7907858, -11.321297), (0, 3.8101258, -11.379057), (1.2075499, 3.7907858, -11.321297), (2.3792312, 3.7344856, -11.153155), (3.484268, 3.645981, -10.888834), (4.500481, 3.5320194, -10.548484), (5.415448, 3.4000752, -10.1544285), (6.2255826, 3.2572634, -9.727917), (6.9340205, 3.109648, -9.287058), (7.5482183, 2.961956, -8.845972), (8.077864, 2.8175924, -8.414825), (8.533343, 2.6788187, -8.000374), (8.924759, 2.546994, -7.606675), (9.26139, 2.4228082, -7.2357907), (-9.117973, 3.1803868, -7.1237416), (-8.772395, 3.3380156, -7.476814), (-8.372625, 3.5044878, -7.8496947), (-7.9100547, 3.6787462, -8.240016), (-7.375493, 3.858904, -8.64355), (-6.7597384, 4.041985, -9.053634), (-6.0545197, 4.223683, -9.460618), (-5.253902, 4.3981986, -9.851516), (-4.3561134, 4.558291, -10.210106), (-3.36554, 4.695657, -10.517792), (-2.2943847, 4.8017454, -10.755419), (-1.1632501, 4.868957, -10.905967), (0, 4.891996, -10.957572), (1.1632501, 4.868957, -10.905967), (2.2943847, 4.8017454, -10.755419), (3.36554, 4.695657, -10.517792), (4.3561134, 4.558291, -10.210106), (5.253902, 4.3981986, -9.851516), (6.0545197, 4.223683, -9.460618), (6.7597384, 4.041985, -9.053634), (7.375493, 3.858904, -8.64355), (7.9100547, 3.6787462, -8.240016), (8.372625, 3.5044878, -7.8496947), (8.772395, 3.3380156, -7.476814), (9.117973, 3.1803868, -7.1237416), (-8.94301, 3.8991988, -6.987046), (-8.587501, 4.084576, -7.3192263), (-8.178739, 4.279167, -7.6679173), (-7.7089167, 4.4815035, -8.030488), (-7.169909, 4.689176, -8.40262), (-6.553843, 4.8985877, -8.777868), (-5.8539853, 5.1047354, -9.147269), (-5.0659866, 5.301111, -9.499158), (-4.1894145, 5.4798193, -9.819388), (-3.229341, 5.6320376, -10.092151), (-2.197556, 5.7488747, -10.301514), (-1.1128627, 5.8225665, -10.433564), (0, 5.847768, -10.478722), (1.1128627, 5.8225665, -10.433564), (2.197556, 5.7488747, -10.301514), (3.229341, 5.6320376, -10.092151), (4.1894145, 5.4798193, -9.819388), (5.0659866, 5.301111, -9.499158), (5.8539853, 5.1047354, -9.147269), (6.553843, 4.8985877, -8.777868), (7.169909, 4.689176, -8.40262), (7.7089167, 4.4815035, -8.030488), (8.178739, 4.279167, -7.6679173), (8.587501, 4.084576, -7.3192263), (8.94301, 3.8991988, -6.987046), (-8.742251, 4.574, -6.8301954), (-8.376641, 4.781139, -7.1395087), (-7.959109, 4.997106, -7.4620047), (-7.482737, 5.2200193, -7.794873), (-6.940543, 5.447003, -8.13382), (-6.326028, 5.673972, -8.472745), (-5.633984, 5.895471, -8.803502), (-4.861562, 6.104638, -9.115844), (-4.0095077, 6.293398, -9.397712), (-3.083373, 6.4529595, -9.635981), (-2.0943503, 6.574662, -9.817715), (-1.0593456, 6.651074, -9.931818), (0, 6.677143, -9.970745), (1.0593456, 6.651074, -9.931818), (2.0943503, 6.574662, -9.817715), (3.083373, 6.4529595, -9.635981), (4.0095077, 6.293398, -9.397712), (4.861562, 6.104638, -9.115844), (5.633984, 5.895471, -8.803502), (6.326028, 5.673972, -8.472745), (6.940543, 5.447003, -8.13382), (7.482737, 5.2200193, -7.794873), (7.959109, 4.997106, -7.4620047), (8.376641, 4.781139, -7.1395087), (8.742251, 4.574, -6.8301954), (-8.521566, 5.201626, -6.6577773), (-8.1464, 5.4246783, -6.9432716), (-7.7210326, 5.655569, -7.238798), (-7.2394805, 5.8920417, -7.5414696), (-6.695912, 6.13085, -7.84713), (-6.085158, 6.367584, -8.150136), (-5.403423, 6.596577, -8.4432335), (-4.6491714, 6.8109303, -8.717593), (-3.8240929, 7.002762, -8.963126), (-2.933988, 7.1637106, -9.169131), (-1.9893044, 7.2857146, -9.32529), (-1.0050639, 7.361979, -9.422903), (0, 7.3879375, -9.456129), (1.0050639, 7.361979, -9.422903), (1.9893044, 7.2857146, -9.32529), (2.933988, 7.1637106, -9.169131), (3.8240929, 7.002762, -8.963126), (4.6491714, 6.8109303, -8.717593), (5.403423, 6.596577, -8.4432335), (6.085158, 6.367584, -8.150136), (6.695912, 6.13085, -7.84713), (7.2394805, 5.8920417, -7.5414696), (7.7210326, 5.655569, -7.238798), (8.1464, 5.4246783, -6.9432716), (8.521566, 5.201626, -6.6577773)]
                                color3f[] primvars:displayColor = [(0, 0.85, 0.95)] (
                                    interpolation = "constant"
                                )
                                float[] primvars:displayOpacity = [0.3] (
                                    interpolation = "constant"
                                )
                                uniform token purpose = "guide"
                                uniform token subdivisionScheme = "none"
                            }

                            def Mesh "Shell_identify" (
                                prepend apiSchemas = ["AecoDerivedGeometryAPI", "MaterialBindingAPI"]
                            )
                            {
                                uniform token aeco:derived:approx = "tessellated"
                                uniform token aeco:derived:role = "coverage"
                                string aeco:derived:source = "ebb5fb2b-745a-56a9-b089-d5d95c593514"
                                string aeco:derived:stamp = "usdAecoCctv derive 0.5.3"
                                uniform bool doubleSided = 1
                                float3[] extent = [(-3.191589, -2.4935427, -4.0501847), (3.191589, 2.4935427, 0)]
                                int[] faceVertexCounts = [4, 4, 4, 4, 4, 4, 4, 4, 4, 4, 4, 4, 4, 4, 4, 4, 4, 4, 4, 4, 4, 4, 4, 4, 4, 4, 4, 4, 4, 4, 4, 4, 4, 4, 4, 4, 4, 4, 4, 4, 4, 4, 4, 4, 4, 4, 4, 4, 4, 4, 4, 4, 4, 4, 4, 4, 4, 4, 4, 4, 4, 4, 4, 4, 4, 4, 4, 4, 4, 4, 4, 4, 4, 4, 4, 4, 4, 4, 4, 4, 4, 4, 4, 4, 4, 4, 4, 4, 4, 4, 4, 4, 4, 4, 4, 4, 4, 4, 4, 4, 4, 4, 4, 4, 4, 4, 4, 4, 4, 4, 4, 4, 4, 4, 4, 4, 4, 4, 4, 4, 4, 4, 4, 4, 4, 4, 4, 4, 4, 4, 4, 4, 4, 4, 4, 4, 4, 4, 4, 4, 4, 4, 4, 4, 4, 4, 4, 4, 4, 4, 4, 4, 4, 4, 4, 4, 4, 4, 4, 4, 4, 4, 4, 4, 4, 4, 4, 4, 4, 4, 4, 4, 4, 4, 4, 4, 4, 4, 4, 4, 4, 4, 4, 4, 4, 4, 4, 4, 4, 4, 4, 4, 4, 4, 4, 4, 4, 4, 4, 4, 4, 4, 4, 4, 4, 4, 4, 4, 4, 4, 4, 4, 4, 4, 4, 4, 4, 4, 4, 4, 4, 4, 4, 4, 4, 4, 4, 4, 4, 4, 4, 4, 4, 4, 4, 4, 4, 4, 4, 4, 4, 4, 4, 4, 4, 4, 4, 4, 4, 4, 4, 4, 4, 4, 4, 4, 4, 4, 4, 4, 4, 4, 4, 4, 4, 4, 4, 4, 4, 4, 4, 4, 4, 4, 4, 4, 4, 4, 4, 4, 4, 4, 4, 4, 4, 4, 4, 4, 4, 4, 4, 4, 4, 4, 4, 4, 4, 4, 4, 4, 4, 4, 4, 4, 4, 4, 4, 4, 4, 4, 4, 4, 4, 4, 4, 4, 4, 4, 4, 4, 4, 4, 4, 4, 4, 4, 4, 4, 4, 4, 4, 4, 4, 4, 4, 4, 3, 3, 3, 3, 3, 3, 3, 3, 3, 3, 3, 3, 3, 3, 3, 3, 3, 3, 3, 3, 3, 3, 3, 3, 3, 3, 3, 3, 3, 3, 3, 3, 3, 3, 3, 3, 3, 3, 3, 3, 3, 3, 3, 3, 3, 3, 3, 3, 3, 3, 3, 3, 3, 3, 3, 3, 3, 3, 3, 3, 3, 3, 3, 3, 3, 3, 3, 3, 3, 3, 3, 3, 3, 3, 3, 3]
                                int[] faceVertexIndices = [1, 26, 27, 2, 2, 27, 28, 3, 3, 28, 29, 4, 4, 29, 30, 5, 5, 30, 31, 6, 6, 31, 32, 7, 7, 32, 33, 8, 8, 33, 34, 9, 9, 34, 35, 10, 10, 35, 36, 11, 11, 36, 37, 12, 12, 37, 38, 13, 13, 38, 39, 14, 14, 39, 40, 15, 15, 40, 41, 16, 16, 41, 42, 17, 17, 42, 43, 18, 18, 43, 44, 19, 19, 44, 45, 20, 20, 45, 46, 21, 21, 46, 47, 22, 22, 47, 48, 23, 23, 48, 49, 24, 24, 49, 50, 25, 26, 51, 52, 27, 27, 52, 53, 28, 28, 53, 54, 29, 29, 54, 55, 30, 30, 55, 56, 31, 31, 56, 57, 32, 32, 57, 58, 33, 33, 58, 59, 34, 34, 59, 60, 35, 35, 60, 61, 36, 36, 61, 62, 37, 37, 62, 63, 38, 38, 63, 64, 39, 39, 64, 65, 40, 40, 65, 66, 41, 41, 66, 67, 42, 42, 67, 68, 43, 43, 68, 69, 44, 44, 69, 70, 45, 45, 70, 71, 46, 46, 71, 72, 47, 47, 72, 73, 48, 48, 73, 74, 49, 49, 74, 75, 50, 51, 76, 77, 52, 52, 77, 78, 53, 53, 78, 79, 54, 54, 79, 80, 55, 55, 80, 81, 56, 56, 81, 82, 57, 57, 82, 83, 58, 58, 83, 84, 59, 59, 84, 85, 60, 60, 85, 86, 61, 61, 86, 87, 62, 62, 87, 88, 63, 63, 88, 89, 64, 64, 89, 90, 65, 65, 90, 91, 66, 66, 91, 92, 67, 67, 92, 93, 68, 68, 93, 94, 69, 69, 94, 95, 70, 70, 95, 96, 71, 71, 96, 97, 72, 72, 97, 98, 73, 73, 98, 99, 74, 74, 99, 100, 75, 76, 101, 102, 77, 77, 102, 103, 78, 78, 103, 104, 79, 79, 104, 105, 80, 80, 105, 106, 81, 81, 106, 107, 82, 82, 107, 108, 83, 83, 108, 109, 84, 84, 109, 110, 85, 85, 110, 111, 86, 86, 111, 112, 87, 87, 112, 113, 88, 88, 113, 114, 89, 89, 114, 115, 90, 90, 115, 116, 91, 91, 116, 117, 92, 92, 117, 118, 93, 93, 118, 119, 94, 94, 119, 120, 95, 95, 120, 121, 96, 96, 121, 122, 97, 97, 122, 123, 98, 98, 123, 124, 99, 99, 124, 125, 100, 101, 126, 127, 102, 102, 127, 128, 103, 103, 128, 129, 104, 104, 129, 130, 105, 105, 130, 131, 106, 106, 131, 132, 107, 107, 132, 133, 108, 108, 133, 134, 109, 109, 134, 135, 110, 110, 135, 136, 111, 111, 136, 137, 112, 112, 137, 138, 113, 113, 138, 139, 114, 114, 139, 140, 115, 115, 140, 141, 116, 116, 141, 142, 117, 117, 142, 143, 118, 118, 143, 144, 119, 119, 144, 145, 120, 120, 145, 146, 121, 121, 146, 147, 122, 122, 147, 148, 123, 123, 148, 149, 124, 124, 149, 150, 125, 126, 151, 152, 127, 127, 152, 153, 128, 128, 153, 154, 129, 129, 154, 155, 130, 130, 155, 156, 131, 131, 156, 157, 132, 132, 157, 158, 133, 133, 158, 159, 134, 134, 159, 160, 135, 135, 160, 161, 136, 136, 161, 162, 137, 137, 162, 163, 138, 138, 163, 164, 139, 139, 164, 165, 140, 140, 165, 166, 141, 141, 166, 167, 142, 142, 167, 168, 143, 143, 168, 169, 144, 144, 169, 170, 145, 145, 170, 171, 146, 146, 171, 172, 147, 147, 172, 173, 148, 148, 173, 174, 149, 149, 174, 175, 150, 151, 176, 177, 152, 152, 177, 178, 153, 153, 178, 179, 154, 154, 179, 180, 155, 155, 180, 181, 156, 156, 181, 182, 157, 157, 182, 183, 158, 158, 183, 184, 159, 159, 184, 185, 160, 160, 185, 186, 161, 161, 186, 187, 162, 162, 187, 188, 163, 163, 188, 189, 164, 164, 189, 190, 165, 165, 190, 191, 166, 166, 191, 192, 167, 167, 192, 193, 168, 168, 193, 194, 169, 169, 194, 195, 170, 170, 195, 196, 171, 171, 196, 197, 172, 172, 197, 198, 173, 173, 198, 199, 174, 174, 199, 200, 175, 176, 201, 202, 177, 177, 202, 203, 178, 178, 203, 204, 179, 179, 204, 205, 180, 180, 205, 206, 181, 181, 206, 207, 182, 182, 207, 208, 183, 183, 208, 209, 184, 184, 209, 210, 185, 185, 210, 211, 186, 186, 211, 212, 187, 187, 212, 213, 188, 188, 213, 214, 189, 189, 214, 215, 190, 190, 215, 216, 191, 191, 216, 217, 192, 192, 217, 218, 193, 193, 218, 219, 194, 194, 219, 220, 195, 195, 220, 221, 196, 196, 221, 222, 197, 197, 222, 223, 198, 198, 223, 224, 199, 199, 224, 225, 200, 201, 226, 227, 202, 202, 227, 228, 203, 203, 228, 229, 204, 204, 229, 230, 205, 205, 230, 231, 206, 206, 231, 232, 207, 207, 232, 233, 208, 208, 233, 234, 209, 209, 234, 235, 210, 210, 235, 236, 211, 211, 236, 237, 212, 212, 237, 238, 213, 213, 238, 239, 214, 214, 239, 240, 215, 215, 240, 241, 216, 216, 241, 242, 217, 217, 242, 243, 218, 218, 243, 244, 219, 219, 244, 245, 220, 220, 245, 246, 221, 221, 246, 247, 222, 222, 247, 248, 223, 223, 248, 249, 224, 224, 249, 250, 225, 226, 251, 252, 227, 227, 252, 253, 228, 228, 253, 254, 229, 229, 254, 255, 230, 230, 255, 256, 231, 231, 256, 257, 232, 232, 257, 258, 233, 233, 258, 259, 234, 234, 259, 260, 235, 235, 260, 261, 236, 236, 261, 262, 237, 237, 262, 263, 238, 238, 263, 264, 239, 239, 264, 265, 240, 240, 265, 266, 241, 241, 266, 267, 242, 242, 267, 268, 243, 243, 268, 269, 244, 244, 269, 270, 245, 245, 270, 271, 246, 246, 271, 272, 247, 247, 272, 273, 248, 248, 273, 274, 249, 249, 274, 275, 250, 251, 276, 277, 252, 252, 277, 278, 253, 253, 278, 279, 254, 254, 279, 280, 255, 255, 280, 281, 256, 256, 281, 282, 257, 257, 282, 283, 258, 258, 283, 284, 259, 259, 284, 285, 260, 260, 285, 286, 261, 261, 286, 287, 262, 262, 287, 288, 263, 263, 288, 289, 264, 264, 289, 290, 265, 265, 290, 291, 266, 266, 291, 292, 267, 267, 292, 293, 268, 268, 293, 294, 269, 269, 294, 295, 270, 270, 295, 296, 271, 271, 296, 297, 272, 272, 297, 298, 273, 273, 298, 299, 274, 274, 299, 300, 275, 276, 301, 302, 277, 277, 302, 303, 278, 278, 303, 304, 279, 279, 304, 305, 280, 280, 305, 306, 281, 281, 306, 307, 282, 282, 307, 308, 283, 283, 308, 309, 284, 284, 309, 310, 285, 285, 310, 311, 286, 286, 311, 312, 287, 287, 312, 313, 288, 288, 313, 314, 289, 289, 314, 315, 290, 290, 315, 316, 291, 291, 316, 317, 292, 292, 317, 318, 293, 293, 318, 319, 294, 294, 319, 320, 295, 295, 320, 321, 296, 296, 321, 322, 297, 297, 322, 323, 298, 298, 323, 324, 299, 299, 324, 325, 300, 301, 326, 327, 302, 302, 327, 328, 303, 303, 328, 329, 304, 304, 329, 330, 305, 305, 330, 331, 306, 306, 331, 332, 307, 307, 332, 333, 308, 308, 333, 334, 309, 309, 334, 335, 310, 310, 335, 336, 311, 311, 336, 337, 312, 312, 337, 338, 313, 313, 338, 339, 314, 314, 339, 340, 315, 315, 340, 341, 316, 316, 341, 342, 317, 317, 342, 343, 318, 318, 343, 344, 319, 319, 344, 345, 320, 320, 345, 346, 321, 321, 346, 347, 322, 322, 347, 348, 323, 323, 348, 349, 324, 324, 349, 350, 325, 326, 351, 352, 327, 327, 352, 353, 328, 328, 353, 354, 329, 329, 354, 355, 330, 330, 355, 356, 331, 331, 356, 357, 332, 332, 357, 358, 333, 333, 358, 359, 334, 334, 359, 360, 335, 335, 360, 361, 336, 336, 361, 362, 337, 337, 362, 363, 338, 338, 363, 364, 339, 339, 364, 365, 340, 340, 365, 366, 341, 341, 366, 367, 342, 342, 367, 368, 343, 343, 368, 369, 344, 344, 369, 370, 345, 345, 370, 371, 346, 346, 371, 372, 347, 347, 372, 373, 348, 348, 373, 374, 349, 349, 374, 375, 350, 0, 1, 2, 0, 2, 3, 0, 3, 4, 0, 4, 5, 0, 5, 6, 0, 6, 7, 0, 7, 8, 0, 8, 9, 0, 9, 10, 0, 10, 11, 0, 11, 12, 0, 12, 13, 0, 13, 14, 0, 14, 15, 0, 15, 16, 0, 16, 17, 0, 17, 18, 0, 18, 19, 0, 19, 20, 0, 20, 21, 0, 21, 22, 0, 22, 23, 0, 23, 24, 0, 24, 25, 0, 352, 351, 0, 353, 352, 0, 354, 353, 0, 355, 354, 0, 356, 355, 0, 357, 356, 0, 358, 357, 0, 359, 358, 0, 360, 359, 0, 361, 360, 0, 362, 361, 0, 363, 362, 0, 364, 363, 0, 365, 364, 0, 366, 365, 0, 367, 366, 0, 368, 367, 0, 369, 368, 0, 370, 369, 0, 371, 370, 0, 372, 371, 0, 373, 372, 0, 374, 373, 0, 375, 374, 0, 26, 1, 0, 51, 26, 0, 76, 51, 0, 101, 76, 0, 126, 101, 0, 151, 126, 0, 176, 151, 0, 201, 176, 0, 226, 201, 0, 251, 226, 0, 276, 251, 0, 301, 276, 0, 326, 301, 0, 351, 326, 0, 25, 50, 0, 50, 75, 0, 75, 100, 0, 100, 125, 0, 125, 150, 0, 150, 175, 0, 175, 200, 0, 200, 225, 0, 225, 250, 0, 250, 275, 0, 275, 300, 0, 300, 325, 0, 325, 350, 0, 350, 375]
                                rel material:binding = </AecoCctvLooks/Shell_identify>
                                point3f[] points = [(0, 0, 0), (-2.8761597, -1.7556287, -2.2471023), (-2.7495356, -1.8309125, -2.343461), (-2.6059673, -1.9088415, -2.4432058), (-2.4434361, -1.9886547, -2.545362), (-2.2599733, -2.069256, -2.6485271), (-2.0538344, -2.1491578, -2.7507966), (-1.8237385, -2.2264462, -2.8497212), (-1.5691668, -2.2987938, -2.942322), (-1.2906902, -2.36354, -3.0251932), (-0.99026614, -2.4178624, -3.094723), (-0.6714209, -2.4590409, -3.1474288), (-0.33922452, -2.4847813, -3.1803749), (0, -2.4935427, -3.191589), (0.33922452, -2.4847813, -3.1803749), (0.6714209, -2.4590409, -3.1474288), (0.99026614, -2.4178624, -3.094723), (1.2906902, -2.36354, -3.0251932), (1.5691668, -2.2987938, -2.942322), (1.8237385, -2.2264462, -2.8497212), (2.0538344, -2.1491578, -2.7507966), (2.2599733, -2.069256, -2.6485271), (2.4434361, -1.9886547, -2.545362), (2.6059673, -1.9088415, -2.4432058), (2.7495356, -1.8309125, -2.343461), (2.8761597, -1.7556287, -2.2471023), (-2.9506443, -1.5437953, -2.305296), (-2.8272455, -1.613708, -2.4096942), (-2.6863217, -1.6866002, -2.5185416), (-2.525539, -1.7618368, -2.6308897), (-2.34254, -1.8384472, -2.7452893), (-2.1351318, -1.9150529, -2.8596818), (-1.9015564, -1.9898121, -2.9713173), (-1.6408519, -2.0604093, -3.0767376), (-1.3532705, -2.1241186, -3.1718724), (-1.0406859, -2.1779733, -3.2522917), (-0.70687544, -2.2190497, -3.3136296), (-0.35754544, -2.24484, -3.3521414), (0, -2.2536385, -3.36528), (0.35754544, -2.24484, -3.3521414), (0.70687544, -2.2190497, -3.3136296), (1.0406859, -2.1779733, -3.2522917), (1.3532705, -2.1241186, -3.1718724), (1.6408519, -2.0604093, -3.0767376), (1.9015564, -1.9898121, -2.9713173), (2.1351318, -1.9150529, -2.8596818), (2.34254, -1.8384472, -2.7452893), (2.525539, -1.7618368, -2.6308897), (2.6863217, -1.6866002, -2.5185416), (2.8272455, -1.613708, -2.4096942), (2.9506443, -1.5437953, -2.305296), (-3.0184038, -1.3160397, -2.3582354), (-2.8984137, -1.3786073, -2.4703515), (-2.7604504, -1.4442847, -2.58804), (-2.601878, -1.5125763, -2.7104132), (-2.4199548, -1.5826691, -2.8360138), (-2.212023, -1.6533487, -2.9626658), (-1.9758102, -1.7229269, -3.0873442), (-1.7098484, -1.7892066, -3.206112), (-1.4139919, -1.8495233, -3.3141947), (-1.0899523, -1.9008993, -3.4062562), (-0.741709, -1.9403337, -3.4769194), (-0.3756083, -1.9652059, -3.5214884), (0, -1.9737116, -3.5367298), (0.3756083, -1.9652059, -3.5214884), (0.741709, -1.9403337, -3.4769194), (1.0899523, -1.9008993, -3.4062562), (1.4139919, -1.8495233, -3.3141947), (1.7098484, -1.7892066, -3.206112), (1.9758102, -1.7229269, -3.0873442), (2.212023, -1.6533487, -2.9626658), (2.4199548, -1.5826691, -2.8360138), (2.601878, -1.5125763, -2.7104132), (2.7604504, -1.4442847, -2.58804), (2.8984137, -1.3786073, -2.4703515), (3.0184038, -1.3160397, -2.3582354), (-3.0774565, -1.0734295, -2.4043725), (-2.9608183, -1.1266316, -2.5235398), (-2.82589, -1.1828185, -2.6493926), (-2.6697652, -1.2416335, -2.7811322), (-2.4893425, -1.3024395, -2.9173312), (-2.2815158, -1.3642322, -3.0557408), (-2.0434935, -1.425558, -3.1931043), (-1.7732729, -1.4844598, -3.3250382), (-1.4702553, -1.5384933, -3.4460678), (-1.1359215, -1.5848565, -3.5499167), (-0.77439016, -1.6206629, -3.6301196), (-0.39261478, -1.643348, -3.6809316), (0, -1.651124, -3.698349), (0.39261478, -1.643348, -3.6809316), (0.77439016, -1.6206629, -3.6301196), (1.1359215, -1.5848565, -3.5499167), (1.4702553, -1.5384933, -3.4460678), (1.7732729, -1.4844598, -3.3250382), (2.0434935, -1.425558, -3.1931043), (2.2815158, -1.3642322, -3.0557408), (2.4893425, -1.3024395, -2.9173312), (2.6697652, -1.2416335, -2.7811322), (2.82589, -1.1828185, -2.6493926), (2.9608183, -1.1266316, -2.5235398), (3.0774565, -1.0734295, -2.4043725), (-3.1258614, -0.8177351, -2.4421906), (-3.0122433, -0.85964966, -2.56737), (-2.8801346, -0.90414256, -2.7002494), (-2.7264035, -0.9509808, -2.8401332), (-2.5476398, -0.99970573, -2.9856517), (-2.3403387, -1.049554, -3.134525), (-2.10123, -1.0993766, -3.2833214), (-1.827797, -1.1475778, -3.427276), (-1.5189817, -1.1921109, -3.5602756), (-1.175994, -1.2305747, -3.675149), (-0.8030272, -1.2604464, -3.7643616), (-0.4075667, -1.2794485, -3.821112), (0, -1.2859762, -3.840607), (0.4075667, -1.2794485, -3.821112), (0.8030272, -1.2604464, -3.7643616), (1.175994, -1.2305747, -3.675149), (1.5189817, -1.1921109, -3.5602756), (1.827797, -1.1475778, -3.427276), (2.10123, -1.0993766, -3.2833214), (2.3403387, -1.049554, -3.134525), (2.5476398, -0.99970573, -2.9856517), (2.7264035, -0.9509808, -2.8401332), (2.8801346, -0.90414256, -2.7002494), (3.0122433, -0.85964966, -2.56737), (3.1258614, -0.8177351, -2.4421906), (-3.1618693, -0.55143654, -2.470323), (-3.0506608, -0.58040893, -2.6001136), (-2.920851, -0.61128294, -2.7384226), (-2.76914, -0.643925, -2.8846524), (-2.5918813, -0.6780442, -3.0374994), (-2.3852546, -0.7131314, -3.194683), (-2.1456015, -0.7483946, -3.3526552), (-1.8699738, -0.7827055, -3.5063608), (-1.5569103, -0.8145851, -3.649175), (-1.2073616, -0.84226537, -3.773177), (-0.82554364, -0.8638591, -3.8699124), (-0.41935703, -0.8776408, -3.9316514), (0, -0.88238335, -3.952897), (0.41935703, -0.8776408, -3.9316514), (0.82554364, -0.8638591, -3.8699124), (1.2073616, -0.84226537, -3.773177), (1.5569103, -0.8145851, -3.649175), (1.8699738, -0.7827055, -3.5063608), (2.1456015, -0.7483946, -3.3526552), (2.3852546, -0.7131314, -3.194683), (2.5918813, -0.6780442, -3.0374994), (2.76914, -0.643925, -2.8846524), (2.920851, -0.61128294, -2.7384226), (3.0506608, -0.58040893, -2.6001136), (3.1618693, -0.55143654, -2.470323), (-3.1840806, -0.27765512, -2.4876764), (-3.074429, -0.2924655, -2.6203713), (-2.9461255, -0.30828622, -2.7621186), (-2.7957673, -0.3250584, -2.9123905), (-2.6195588, -0.34264234, -3.0699356), (-2.4134781, -0.36078477, -3.232484), (-2.1736126, -0.37908253, -3.3964248), (-1.8967258, -0.3969515, -3.556523), (-1.5810783, -0.41361496, -3.705821), (-1.2274313, -0.4281331, -3.8358977), (-0.839998, -0.43949217, -3.9376702), (-0.42694208, -0.4467575, -4.0027647), (0, -0.44926053, -4.025191), (0.42694208, -0.4467575, -4.0027647), (0.839998, -0.43949217, -3.9376702), (1.2274313, -0.4281331, -3.8358977), (1.5810783, -0.41361496, -3.705821), (1.8967258, -0.3969515, -3.556523), (2.1736126, -0.37908253, -3.3964248), (2.4134781, -0.36078477, -3.232484), (2.6195588, -0.34264234, -3.0699356), (2.7957673, -0.3250584, -2.9123905), (2.9461255, -0.30828622, -2.7621186), (3.074429, -0.2924655, -2.6203713), (3.1840806, -0.27765512, -2.4876764), (-3.191589, 0, -2.4935427), (-3.082476, 0, -2.62723), (-2.9546974, 0, -2.7701552), (-2.8048153, 0, -2.9218159), (-2.6289835, 0, -3.0809805), (-2.423111, 0, -3.245386), (-2.1831963, 0, -3.4113998), (-1.9059016, 0, -3.5737286), (-1.5893879, 0, -3.7252977), (-1.2343469, 0, -3.85751), (-0.8449875, 0, -3.9610596), (-0.4295634, 0, -4.0273404), (0, 0, -4.0501847), (0.4295634, 0, -4.0273404), (0.8449875, 0, -3.9610596), (1.2343469, 0, -3.85751), (1.5893879, 0, -3.7252977), (1.9059016, 0, -3.5737286), (2.1831963, 0, -3.4113998), (2.423111, 0, -3.245386), (2.6289835, 0, -3.0809805), (2.8048153, 0, -2.9218159), (2.9546974, 0, -2.7701552), (3.082476, 0, -2.62723), (3.191589, 0, -2.4935427), (-3.1840806, 0.27765512, -2.4876764), (-3.074429, 0.2924655, -2.6203713), (-2.9461255, 0.30828622, -2.7621186), (-2.7957673, 0.3250584, -2.9123905), (-2.6195588, 0.34264234, -3.0699356), (-2.4134781, 0.36078477, -3.232484), (-2.1736126, 0.37908253, -3.3964248), (-1.8967258, 0.3969515, -3.556523), (-1.5810783, 0.41361496, -3.705821), (-1.2274313, 0.4281331, -3.8358977), (-0.839998, 0.43949217, -3.9376702), (-0.42694208, 0.4467575, -4.0027647), (0, 0.44926053, -4.025191), (0.42694208, 0.4467575, -4.0027647), (0.839998, 0.43949217, -3.9376702), (1.2274313, 0.4281331, -3.8358977), (1.5810783, 0.41361496, -3.705821), (1.8967258, 0.3969515, -3.556523), (2.1736126, 0.37908253, -3.3964248), (2.4134781, 0.36078477, -3.232484), (2.6195588, 0.34264234, -3.0699356), (2.7957673, 0.3250584, -2.9123905), (2.9461255, 0.30828622, -2.7621186), (3.074429, 0.2924655, -2.6203713), (3.1840806, 0.27765512, -2.4876764), (-3.1618693, 0.55143654, -2.470323), (-3.0506608, 0.58040893, -2.6001136), (-2.920851, 0.61128294, -2.7384226), (-2.76914, 0.643925, -2.8846524), (-2.5918813, 0.6780442, -3.0374994), (-2.3852546, 0.7131314, -3.194683), (-2.1456015, 0.7483946, -3.3526552), (-1.8699738, 0.7827055, -3.5063608), (-1.5569103, 0.8145851, -3.649175), (-1.2073616, 0.84226537, -3.773177), (-0.82554364, 0.8638591, -3.8699124), (-0.41935703, 0.8776408, -3.9316514), (0, 0.88238335, -3.952897), (0.41935703, 0.8776408, -3.9316514), (0.82554364, 0.8638591, -3.8699124), (1.2073616, 0.84226537, -3.773177), (1.5569103, 0.8145851, -3.649175), (1.8699738, 0.7827055, -3.5063608), (2.1456015, 0.7483946, -3.3526552), (2.3852546, 0.7131314, -3.194683), (2.5918813, 0.6780442, -3.0374994), (2.76914, 0.643925, -2.8846524), (2.920851, 0.61128294, -2.7384226), (3.0506608, 0.58040893, -2.6001136), (3.1618693, 0.55143654, -2.470323), (-3.1258614, 0.8177351, -2.4421906), (-3.0122433, 0.85964966, -2.56737), (-2.8801346, 0.90414256, -2.7002494), (-2.7264035, 0.9509808, -2.8401332), (-2.5476398, 0.99970573, -2.9856517), (-2.3403387, 1.049554, -3.134525), (-2.10123, 1.0993766, -3.2833214), (-1.827797, 1.1475778, -3.427276), (-1.5189817, 1.1921109, -3.5602756), (-1.175994, 1.2305747, -3.675149), (-0.8030272, 1.2604464, -3.7643616), (-0.4075667, 1.2794485, -3.821112), (0, 1.2859762, -3.840607), (0.4075667, 1.2794485, -3.821112), (0.8030272, 1.2604464, -3.7643616), (1.175994, 1.2305747, -3.675149), (1.5189817, 1.1921109, -3.5602756), (1.827797, 1.1475778, -3.427276), (2.10123, 1.0993766, -3.2833214), (2.3403387, 1.049554, -3.134525), (2.5476398, 0.99970573, -2.9856517), (2.7264035, 0.9509808, -2.8401332), (2.8801346, 0.90414256, -2.7002494), (3.0122433, 0.85964966, -2.56737), (3.1258614, 0.8177351, -2.4421906), (-3.0774565, 1.0734295, -2.4043725), (-2.9608183, 1.1266316, -2.5235398), (-2.82589, 1.1828185, -2.6493926), (-2.6697652, 1.2416335, -2.7811322), (-2.4893425, 1.3024395, -2.9173312), (-2.2815158, 1.3642322, -3.0557408), (-2.0434935, 1.425558, -3.1931043), (-1.7732729, 1.4844598, -3.3250382), (-1.4702553, 1.5384933, -3.4460678), (-1.1359215, 1.5848565, -3.5499167), (-0.77439016, 1.6206629, -3.6301196), (-0.39261478, 1.643348, -3.6809316), (0, 1.651124, -3.698349), (0.39261478, 1.643348, -3.6809316), (0.77439016, 1.6206629, -3.6301196), (1.1359215, 1.5848565, -3.5499167), (1.4702553, 1.5384933, -3.4460678), (1.7732729, 1.4844598, -3.3250382), (2.0434935, 1.425558, -3.1931043), (2.2815158, 1.3642322, -3.0557408), (2.4893425, 1.3024395, -2.9173312), (2.6697652, 1.2416335, -2.7811322), (2.82589, 1.1828185, -2.6493926), (2.9608183, 1.1266316, -2.5235398), (3.0774565, 1.0734295, -2.4043725), (-3.0184038, 1.3160397, -2.3582354), (-2.8984137, 1.3786073, -2.4703515), (-2.7604504, 1.4442847, -2.58804), (-2.601878, 1.5125763, -2.7104132), (-2.4199548, 1.5826691, -2.8360138), (-2.212023, 1.6533487, -2.9626658), (-1.9758102, 1.7229269, -3.0873442), (-1.7098484, 1.7892066, -3.206112), (-1.4139919, 1.8495233, -3.3141947), (-1.0899523, 1.9008993, -3.4062562), (-0.741709, 1.9403337, -3.4769194), (-0.3756083, 1.9652059, -3.5214884), (0, 1.9737116, -3.5367298), (0.3756083, 1.9652059, -3.5214884), (0.741709, 1.9403337, -3.4769194), (1.0899523, 1.9008993, -3.4062562), (1.4139919, 1.8495233, -3.3141947), (1.7098484, 1.7892066, -3.206112), (1.9758102, 1.7229269, -3.0873442), (2.212023, 1.6533487, -2.9626658), (2.4199548, 1.5826691, -2.8360138), (2.601878, 1.5125763, -2.7104132), (2.7604504, 1.4442847, -2.58804), (2.8984137, 1.3786073, -2.4703515), (3.0184038, 1.3160397, -2.3582354), (-2.9506443, 1.5437953, -2.305296), (-2.8272455, 1.613708, -2.4096942), (-2.6863217, 1.6866002, -2.5185416), (-2.525539, 1.7618368, -2.6308897), (-2.34254, 1.8384472, -2.7452893), (-2.1351318, 1.9150529, -2.8596818), (-1.9015564, 1.9898121, -2.9713173), (-1.6408519, 2.0604093, -3.0767376), (-1.3532705, 2.1241186, -3.1718724), (-1.0406859, 2.1779733, -3.2522917), (-0.70687544, 2.2190497, -3.3136296), (-0.35754544, 2.24484, -3.3521414), (0, 2.2536385, -3.36528), (0.35754544, 2.24484, -3.3521414), (0.70687544, 2.2190497, -3.3136296), (1.0406859, 2.1779733, -3.2522917), (1.3532705, 2.1241186, -3.1718724), (1.6408519, 2.0604093, -3.0767376), (1.9015564, 1.9898121, -2.9713173), (2.1351318, 1.9150529, -2.8596818), (2.34254, 1.8384472, -2.7452893), (2.525539, 1.7618368, -2.6308897), (2.6863217, 1.6866002, -2.5185416), (2.8272455, 1.613708, -2.4096942), (2.9506443, 1.5437953, -2.305296), (-2.8761597, 1.7556287, -2.2471023), (-2.7495356, 1.8309125, -2.343461), (-2.6059673, 1.9088415, -2.4432058), (-2.4434361, 1.9886547, -2.545362), (-2.2599733, 2.069256, -2.6485271), (-2.0538344, 2.1491578, -2.7507966), (-1.8237385, 2.2264462, -2.8497212), (-1.5691668, 2.2987938, -2.942322), (-1.2906902, 2.36354, -3.0251932), (-0.99026614, 2.4178624, -3.094723), (-0.6714209, 2.4590409, -3.1474288), (-0.33922452, 2.4847813, -3.1803749), (0, 2.4935427, -3.191589), (0.33922452, 2.4847813, -3.1803749), (0.6714209, 2.4590409, -3.1474288), (0.99026614, 2.4178624, -3.094723), (1.2906902, 2.36354, -3.0251932), (1.5691668, 2.2987938, -2.942322), (1.8237385, 2.2264462, -2.8497212), (2.0538344, 2.1491578, -2.7507966), (2.2599733, 2.069256, -2.6485271), (2.4434361, 1.9886547, -2.545362), (2.6059673, 1.9088415, -2.4432058), (2.7495356, 1.8309125, -2.343461), (2.8761597, 1.7556287, -2.2471023)]
                                color3f[] primvars:displayColor = [(0, 0.5, 0.45)] (
                                    interpolation = "constant"
                                )
                                float[] primvars:displayOpacity = [0.3] (
                                    interpolation = "constant"
                                )
                                uniform token purpose = "guide"
                                uniform token subdivisionScheme = "none"
                            }

                            def Mesh "Shell_recognise" (
                                prepend apiSchemas = ["AecoDerivedGeometryAPI", "MaterialBindingAPI"]
                            )
                            {
                                uniform token aeco:derived:approx = "tessellated"
                                uniform token aeco:derived:role = "coverage"
                                string aeco:derived:source = "ebb5fb2b-745a-56a9-b089-d5d95c593514"
                                string aeco:derived:stamp = "usdAecoCctv derive 0.5.3"
                                uniform bool doubleSided = 1
                                float3[] extent = [(-6.383178, -4.9870853, -8.100369), (6.383178, 4.9870853, 0)]
                                int[] faceVertexCounts = [4, 4, 4, 4, 4, 4, 4, 4, 4, 4, 4, 4, 4, 4, 4, 4, 4, 4, 4, 4, 4, 4, 4, 4, 4, 4, 4, 4, 4, 4, 4, 4, 4, 4, 4, 4, 4, 4, 4, 4, 4, 4, 4, 4, 4, 4, 4, 4, 4, 4, 4, 4, 4, 4, 4, 4, 4, 4, 4, 4, 4, 4, 4, 4, 4, 4, 4, 4, 4, 4, 4, 4, 4, 4, 4, 4, 4, 4, 4, 4, 4, 4, 4, 4, 4, 4, 4, 4, 4, 4, 4, 4, 4, 4, 4, 4, 4, 4, 4, 4, 4, 4, 4, 4, 4, 4, 4, 4, 4, 4, 4, 4, 4, 4, 4, 4, 4, 4, 4, 4, 4, 4, 4, 4, 4, 4, 4, 4, 4, 4, 4, 4, 4, 4, 4, 4, 4, 4, 4, 4, 4, 4, 4, 4, 4, 4, 4, 4, 4, 4, 4, 4, 4, 4, 4, 4, 4, 4, 4, 4, 4, 4, 4, 4, 4, 4, 4, 4, 4, 4, 4, 4, 4, 4, 4, 4, 4, 4, 4, 4, 4, 4, 4, 4, 4, 4, 4, 4, 4, 4, 4, 4, 4, 4, 4, 4, 4, 4, 4, 4, 4, 4, 4, 4, 4, 4, 4, 4, 4, 4, 4, 4, 4, 4, 4, 4, 4, 4, 4, 4, 4, 4, 4, 4, 4, 4, 4, 4, 4, 4, 4, 4, 4, 4, 4, 4, 4, 4, 4, 4, 4, 4, 4, 4, 4, 4, 4, 4, 4, 4, 4, 4, 4, 4, 4, 4, 4, 4, 4, 4, 4, 4, 4, 4, 4, 4, 4, 4, 4, 4, 4, 4, 4, 4, 4, 4, 4, 4, 4, 4, 4, 4, 4, 4, 4, 4, 4, 4, 4, 4, 4, 4, 4, 4, 4, 4, 4, 4, 4, 4, 4, 4, 4, 4, 4, 4, 4, 4, 4, 4, 4, 4, 4, 4, 4, 4, 4, 4, 4, 4, 4, 4, 4, 4, 4, 4, 4, 4, 4, 4, 4, 4, 4, 4, 4, 4, 3, 3, 3, 3, 3, 3, 3, 3, 3, 3, 3, 3, 3, 3, 3, 3, 3, 3, 3, 3, 3, 3, 3, 3, 3, 3, 3, 3, 3, 3, 3, 3, 3, 3, 3, 3, 3, 3, 3, 3, 3, 3, 3, 3, 3, 3, 3, 3, 3, 3, 3, 3, 3, 3, 3, 3, 3, 3, 3, 3, 3, 3, 3, 3, 3, 3, 3, 3, 3, 3, 3, 3, 3, 3, 3, 3]
                                int[] faceVertexIndices = [1, 26, 27, 2, 2, 27, 28, 3, 3, 28, 29, 4, 4, 29, 30, 5, 5, 30, 31, 6, 6, 31, 32, 7, 7, 32, 33, 8, 8, 33, 34, 9, 9, 34, 35, 10, 10, 35, 36, 11, 11, 36, 37, 12, 12, 37, 38, 13, 13, 38, 39, 14, 14, 39, 40, 15, 15, 40, 41, 16, 16, 41, 42, 17, 17, 42, 43, 18, 18, 43, 44, 19, 19, 44, 45, 20, 20, 45, 46, 21, 21, 46, 47, 22, 22, 47, 48, 23, 23, 48, 49, 24, 24, 49, 50, 25, 26, 51, 52, 27, 27, 52, 53, 28, 28, 53, 54, 29, 29, 54, 55, 30, 30, 55, 56, 31, 31, 56, 57, 32, 32, 57, 58, 33, 33, 58, 59, 34, 34, 59, 60, 35, 35, 60, 61, 36, 36, 61, 62, 37, 37, 62, 63, 38, 38, 63, 64, 39, 39, 64, 65, 40, 40, 65, 66, 41, 41, 66, 67, 42, 42, 67, 68, 43, 43, 68, 69, 44, 44, 69, 70, 45, 45, 70, 71, 46, 46, 71, 72, 47, 47, 72, 73, 48, 48, 73, 74, 49, 49, 74, 75, 50, 51, 76, 77, 52, 52, 77, 78, 53, 53, 78, 79, 54, 54, 79, 80, 55, 55, 80, 81, 56, 56, 81, 82, 57, 57, 82, 83, 58, 58, 83, 84, 59, 59, 84, 85, 60, 60, 85, 86, 61, 61, 86, 87, 62, 62, 87, 88, 63, 63, 88, 89, 64, 64, 89, 90, 65, 65, 90, 91, 66, 66, 91, 92, 67, 67, 92, 93, 68, 68, 93, 94, 69, 69, 94, 95, 70, 70, 95, 96, 71, 71, 96, 97, 72, 72, 97, 98, 73, 73, 98, 99, 74, 74, 99, 100, 75, 76, 101, 102, 77, 77, 102, 103, 78, 78, 103, 104, 79, 79, 104, 105, 80, 80, 105, 106, 81, 81, 106, 107, 82, 82, 107, 108, 83, 83, 108, 109, 84, 84, 109, 110, 85, 85, 110, 111, 86, 86, 111, 112, 87, 87, 112, 113, 88, 88, 113, 114, 89, 89, 114, 115, 90, 90, 115, 116, 91, 91, 116, 117, 92, 92, 117, 118, 93, 93, 118, 119, 94, 94, 119, 120, 95, 95, 120, 121, 96, 96, 121, 122, 97, 97, 122, 123, 98, 98, 123, 124, 99, 99, 124, 125, 100, 101, 126, 127, 102, 102, 127, 128, 103, 103, 128, 129, 104, 104, 129, 130, 105, 105, 130, 131, 106, 106, 131, 132, 107, 107, 132, 133, 108, 108, 133, 134, 109, 109, 134, 135, 110, 110, 135, 136, 111, 111, 136, 137, 112, 112, 137, 138, 113, 113, 138, 139, 114, 114, 139, 140, 115, 115, 140, 141, 116, 116, 141, 142, 117, 117, 142, 143, 118, 118, 143, 144, 119, 119, 144, 145, 120, 120, 145, 146, 121, 121, 146, 147, 122, 122, 147, 148, 123, 123, 148, 149, 124, 124, 149, 150, 125, 126, 151, 152, 127, 127, 152, 153, 128, 128, 153, 154, 129, 129, 154, 155, 130, 130, 155, 156, 131, 131, 156, 157, 132, 132, 157, 158, 133, 133, 158, 159, 134, 134, 159, 160, 135, 135, 160, 161, 136, 136, 161, 162, 137, 137, 162, 163, 138, 138, 163, 164, 139, 139, 164, 165, 140, 140, 165, 166, 141, 141, 166, 167, 142, 142, 167, 168, 143, 143, 168, 169, 144, 144, 169, 170, 145, 145, 170, 171, 146, 146, 171, 172, 147, 147, 172, 173, 148, 148, 173, 174, 149, 149, 174, 175, 150, 151, 176, 177, 152, 152, 177, 178, 153, 153, 178, 179, 154, 154, 179, 180, 155, 155, 180, 181, 156, 156, 181, 182, 157, 157, 182, 183, 158, 158, 183, 184, 159, 159, 184, 185, 160, 160, 185, 186, 161, 161, 186, 187, 162, 162, 187, 188, 163, 163, 188, 189, 164, 164, 189, 190, 165, 165, 190, 191, 166, 166, 191, 192, 167, 167, 192, 193, 168, 168, 193, 194, 169, 169, 194, 195, 170, 170, 195, 196, 171, 171, 196, 197, 172, 172, 197, 198, 173, 173, 198, 199, 174, 174, 199, 200, 175, 176, 201, 202, 177, 177, 202, 203, 178, 178, 203, 204, 179, 179, 204, 205, 180, 180, 205, 206, 181, 181, 206, 207, 182, 182, 207, 208, 183, 183, 208, 209, 184, 184, 209, 210, 185, 185, 210, 211, 186, 186, 211, 212, 187, 187, 212, 213, 188, 188, 213, 214, 189, 189, 214, 215, 190, 190, 215, 216, 191, 191, 216, 217, 192, 192, 217, 218, 193, 193, 218, 219, 194, 194, 219, 220, 195, 195, 220, 221, 196, 196, 221, 222, 197, 197, 222, 223, 198, 198, 223, 224, 199, 199, 224, 225, 200, 201, 226, 227, 202, 202, 227, 228, 203, 203, 228, 229, 204, 204, 229, 230, 205, 205, 230, 231, 206, 206, 231, 232, 207, 207, 232, 233, 208, 208, 233, 234, 209, 209, 234, 235, 210, 210, 235, 236, 211, 211, 236, 237, 212, 212, 237, 238, 213, 213, 238, 239, 214, 214, 239, 240, 215, 215, 240, 241, 216, 216, 241, 242, 217, 217, 242, 243, 218, 218, 243, 244, 219, 219, 244, 245, 220, 220, 245, 246, 221, 221, 246, 247, 222, 222, 247, 248, 223, 223, 248, 249, 224, 224, 249, 250, 225, 226, 251, 252, 227, 227, 252, 253, 228, 228, 253, 254, 229, 229, 254, 255, 230, 230, 255, 256, 231, 231, 256, 257, 232, 232, 257, 258, 233, 233, 258, 259, 234, 234, 259, 260, 235, 235, 260, 261, 236, 236, 261, 262, 237, 237, 262, 263, 238, 238, 263, 264, 239, 239, 264, 265, 240, 240, 265, 266, 241, 241, 266, 267, 242, 242, 267, 268, 243, 243, 268, 269, 244, 244, 269, 270, 245, 245, 270, 271, 246, 246, 271, 272, 247, 247, 272, 273, 248, 248, 273, 274, 249, 249, 274, 275, 250, 251, 276, 277, 252, 252, 277, 278, 253, 253, 278, 279, 254, 254, 279, 280, 255, 255, 280, 281, 256, 256, 281, 282, 257, 257, 282, 283, 258, 258, 283, 284, 259, 259, 284, 285, 260, 260, 285, 286, 261, 261, 286, 287, 262, 262, 287, 288, 263, 263, 288, 289, 264, 264, 289, 290, 265, 265, 290, 291, 266, 266, 291, 292, 267, 267, 292, 293, 268, 268, 293, 294, 269, 269, 294, 295, 270, 270, 295, 296, 271, 271, 296, 297, 272, 272, 297, 298, 273, 273, 298, 299, 274, 274, 299, 300, 275, 276, 301, 302, 277, 277, 302, 303, 278, 278, 303, 304, 279, 279, 304, 305, 280, 280, 305, 306, 281, 281, 306, 307, 282, 282, 307, 308, 283, 283, 308, 309, 284, 284, 309, 310, 285, 285, 310, 311, 286, 286, 311, 312, 287, 287, 312, 313, 288, 288, 313, 314, 289, 289, 314, 315, 290, 290, 315, 316, 291, 291, 316, 317, 292, 292, 317, 318, 293, 293, 318, 319, 294, 294, 319, 320, 295, 295, 320, 321, 296, 296, 321, 322, 297, 297, 322, 323, 298, 298, 323, 324, 299, 299, 324, 325, 300, 301, 326, 327, 302, 302, 327, 328, 303, 303, 328, 329, 304, 304, 329, 330, 305, 305, 330, 331, 306, 306, 331, 332, 307, 307, 332, 333, 308, 308, 333, 334, 309, 309, 334, 335, 310, 310, 335, 336, 311, 311, 336, 337, 312, 312, 337, 338, 313, 313, 338, 339, 314, 314, 339, 340, 315, 315, 340, 341, 316, 316, 341, 342, 317, 317, 342, 343, 318, 318, 343, 344, 319, 319, 344, 345, 320, 320, 345, 346, 321, 321, 346, 347, 322, 322, 347, 348, 323, 323, 348, 349, 324, 324, 349, 350, 325, 326, 351, 352, 327, 327, 352, 353, 328, 328, 353, 354, 329, 329, 354, 355, 330, 330, 355, 356, 331, 331, 356, 357, 332, 332, 357, 358, 333, 333, 358, 359, 334, 334, 359, 360, 335, 335, 360, 361, 336, 336, 361, 362, 337, 337, 362, 363, 338, 338, 363, 364, 339, 339, 364, 365, 340, 340, 365, 366, 341, 341, 366, 367, 342, 342, 367, 368, 343, 343, 368, 369, 344, 344, 369, 370, 345, 345, 370, 371, 346, 346, 371, 372, 347, 347, 372, 373, 348, 348, 373, 374, 349, 349, 374, 375, 350, 0, 1, 2, 0, 2, 3, 0, 3, 4, 0, 4, 5, 0, 5, 6, 0, 6, 7, 0, 7, 8, 0, 8, 9, 0, 9, 10, 0, 10, 11, 0, 11, 12, 0, 12, 13, 0, 13, 14, 0, 14, 15, 0, 15, 16, 0, 16, 17, 0, 17, 18, 0, 18, 19, 0, 19, 20, 0, 20, 21, 0, 21, 22, 0, 22, 23, 0, 23, 24, 0, 24, 25, 0, 352, 351, 0, 353, 352, 0, 354, 353, 0, 355, 354, 0, 356, 355, 0, 357, 356, 0, 358, 357, 0, 359, 358, 0, 360, 359, 0, 361, 360, 0, 362, 361, 0, 363, 362, 0, 364, 363, 0, 365, 364, 0, 366, 365, 0, 367, 366, 0, 368, 367, 0, 369, 368, 0, 370, 369, 0, 371, 370, 0, 372, 371, 0, 373, 372, 0, 374, 373, 0, 375, 374, 0, 26, 1, 0, 51, 26, 0, 76, 51, 0, 101, 76, 0, 126, 101, 0, 151, 126, 0, 176, 151, 0, 201, 176, 0, 226, 201, 0, 251, 226, 0, 276, 251, 0, 301, 276, 0, 326, 301, 0, 351, 326, 0, 25, 50, 0, 50, 75, 0, 75, 100, 0, 100, 125, 0, 125, 150, 0, 150, 175, 0, 175, 200, 0, 200, 225, 0, 225, 250, 0, 250, 275, 0, 275, 300, 0, 300, 325, 0, 325, 350, 0, 350, 375]
                                rel material:binding = </AecoCctvLooks/Shell_recognise>
                                point3f[] points = [(0, 0, 0), (-5.7523193, -3.5112574, -4.4942045), (-5.499071, -3.661825, -4.686922), (-5.2119346, -3.817683, -4.8864117), (-4.8868723, -3.9773095, -5.090724), (-4.5199466, -4.138512, -5.2970543), (-4.107669, -4.2983155, -5.501593), (-3.647477, -4.4528923, -5.6994424), (-3.1383336, -4.5975876, -5.884644), (-2.5813804, -4.72708, -6.0503864), (-1.9805323, -4.835725, -6.189446), (-1.3428417, -4.9180818, -6.2948575), (-0.67844903, -4.9695625, -6.3607497), (0, -4.9870853, -6.383178), (0.67844903, -4.9695625, -6.3607497), (1.3428417, -4.9180818, -6.2948575), (1.9805323, -4.835725, -6.189446), (2.5813804, -4.72708, -6.0503864), (3.1383336, -4.5975876, -5.884644), (3.647477, -4.4528923, -5.6994424), (4.107669, -4.2983155, -5.501593), (4.5199466, -4.138512, -5.2970543), (4.8868723, -3.9773095, -5.090724), (5.2119346, -3.817683, -4.8864117), (5.499071, -3.661825, -4.686922), (5.7523193, -3.5112574, -4.4942045), (-5.9012885, -3.0875907, -4.610592), (-5.654491, -3.227416, -4.8193884), (-5.3726435, -3.3732004, -5.037083), (-5.051078, -3.5236735, -5.2617793), (-4.68508, -3.6768944, -5.4905787), (-4.2702637, -3.8301058, -5.7193637), (-3.8031127, -3.9796243, -5.9426346), (-3.2817037, -4.1208186, -6.1534753), (-2.706541, -4.248237, -6.3437448), (-2.0813718, -4.3559465, -6.5045834), (-1.4137509, -4.4380994, -6.6272593), (-0.7150909, -4.48968, -6.7042828), (0, -4.507277, -6.73056), (0.7150909, -4.48968, -6.7042828), (1.4137509, -4.4380994, -6.6272593), (2.0813718, -4.3559465, -6.5045834), (2.706541, -4.248237, -6.3437448), (3.2817037, -4.1208186, -6.1534753), (3.8031127, -3.9796243, -5.9426346), (4.2702637, -3.8301058, -5.7193637), (4.68508, -3.6768944, -5.4905787), (5.051078, -3.5236735, -5.2617793), (5.3726435, -3.3732004, -5.037083), (5.654491, -3.227416, -4.8193884), (5.9012885, -3.0875907, -4.610592), (-6.0368075, -2.6320794, -4.7164707), (-5.7968273, -2.7572145, -4.940703), (-5.5209007, -2.8885694, -5.17608), (-5.203756, -3.0251527, -5.4208264), (-4.8399096, -3.1653383, -5.6720276), (-4.424046, -3.3066974, -5.9253316), (-3.9516203, -3.4458537, -6.1746883), (-3.4196968, -3.5784132, -6.412224), (-2.8279839, -3.6990466, -6.6283894), (-2.1799047, -3.8017986, -6.8125124), (-1.483418, -3.8806674, -6.953839), (-0.7512166, -3.9304118, -7.042977), (0, -3.9474232, -7.0734596), (0.7512166, -3.9304118, -7.042977), (1.483418, -3.8806674, -6.953839), (2.1799047, -3.8017986, -6.8125124), (2.8279839, -3.6990466, -6.6283894), (3.4196968, -3.5784132, -6.412224), (3.9516203, -3.4458537, -6.1746883), (4.424046, -3.3066974, -5.9253316), (4.8399096, -3.1653383, -5.6720276), (5.203756, -3.0251527, -5.4208264), (5.5209007, -2.8885694, -5.17608), (5.7968273, -2.7572145, -4.940703), (6.0368075, -2.6320794, -4.7164707), (-6.154913, -2.146859, -4.808745), (-5.9216366, -2.2532632, -5.0470796), (-5.65178, -2.365637, -5.298785), (-5.3395305, -2.483267, -5.5622644), (-4.978685, -2.604879, -5.8346624), (-4.5630317, -2.7284644, -6.1114817), (-4.086987, -2.851116, -6.3862085), (-3.5465457, -2.9689195, -6.6500764), (-2.9405105, -3.0769866, -6.8921356), (-2.271843, -3.169713, -7.0998335), (-1.5487803, -3.2413259, -7.260239), (-0.78522956, -3.286696, -7.361863), (0, -3.302248, -7.396698), (0.78522956, -3.286696, -7.361863), (1.5487803, -3.2413259, -7.260239), (2.271843, -3.169713, -7.0998335), (2.9405105, -3.0769866, -6.8921356), (3.5465457, -2.9689195, -6.6500764), (4.086987, -2.851116, -6.3862085), (4.5630317, -2.7284644, -6.1114817), (4.978685, -2.604879, -5.8346624), (5.3395305, -2.483267, -5.5622644), (5.65178, -2.365637, -5.298785), (5.9216366, -2.2532632, -5.0470796), (6.154913, -2.146859, -4.808745), (-6.251723, -1.6354702, -4.8843813), (-6.0244865, -1.7192993, -5.13474), (-5.760269, -1.8082851, -5.400499), (-5.452807, -1.9019616, -5.6802664), (-5.0952797, -1.9994115, -5.9713035), (-4.6806774, -2.099108, -6.26905), (-4.20246, -2.198753, -6.5666428), (-3.655594, -2.2951555, -6.854552), (-3.0379634, -2.3842218, -7.120551), (-2.351988, -2.4611495, -7.350298), (-1.6060544, -2.5208929, -7.5287232), (-0.8151334, -2.558897, -7.642224), (0, -2.5719523, -7.681214), (0.8151334, -2.558897, -7.642224), (1.6060544, -2.5208929, -7.5287232), (2.351988, -2.4611495, -7.350298), (3.0379634, -2.3842218, -7.120551), (3.655594, -2.2951555, -6.854552), (4.20246, -2.198753, -6.5666428), (4.6806774, -2.099108, -6.26905), (5.0952797, -1.9994115, -5.9713035), (5.452807, -1.9019616, -5.6802664), (5.760269, -1.8082851, -5.400499), (6.0244865, -1.7192993, -5.13474), (6.251723, -1.6354702, -4.8843813), (-6.3237386, -1.1028731, -4.940646), (-6.1013217, -1.1608179, -5.2002273), (-5.841702, -1.2225659, -5.4768453), (-5.53828, -1.28785, -5.7693048), (-5.1837626, -1.3560884, -6.074999), (-4.7705092, -1.4262629, -6.389366), (-4.291203, -1.4967892, -6.7053103), (-3.7399476, -1.565411, -7.0127215), (-3.1138206, -1.6291702, -7.29835), (-2.4147232, -1.6845307, -7.546354), (-1.6510873, -1.7277182, -7.739825), (-0.83871406, -1.7552816, -7.8633027), (0, -1.7647667, -7.905794), (0.83871406, -1.7552816, -7.8633027), (1.6510873, -1.7277182, -7.739825), (2.4147232, -1.6845307, -7.546354), (3.1138206, -1.6291702, -7.29835), (3.7399476, -1.565411, -7.0127215), (4.291203, -1.4967892, -6.7053103), (4.7705092, -1.4262629, -6.389366), (5.1837626, -1.3560884, -6.074999), (5.53828, -1.28785, -5.7693048), (5.841702, -1.2225659, -5.4768453), (6.1013217, -1.1608179, -5.2002273), (6.3237386, -1.1028731, -4.940646), (-6.368161, -0.55531025, -4.975353), (-6.148858, -0.584931, -5.2407427), (-5.892251, -0.61657244, -5.524237), (-5.5915346, -0.6501168, -5.824781), (-5.2391176, -0.6852847, -6.139871), (-4.8269563, -0.72156954, -6.464968), (-4.347225, -0.75816506, -6.7928495), (-3.7934515, -0.793903, -7.113046), (-3.1621566, -0.8272299, -7.411642), (-2.4548626, -0.8562662, -7.6717954), (-1.679996, -0.87898433, -7.8753405), (-0.85388416, -0.893515, -8.005529), (0, -0.89852107, -8.050382), (0.85388416, -0.893515, -8.005529), (1.679996, -0.87898433, -7.8753405), (2.4548626, -0.8562662, -7.6717954), (3.1621566, -0.8272299, -7.411642), (3.7934515, -0.793903, -7.113046), (4.347225, -0.75816506, -6.7928495), (4.8269563, -0.72156954, -6.464968), (5.2391176, -0.6852847, -6.139871), (5.5915346, -0.6501168, -5.824781), (5.892251, -0.61657244, -5.524237), (6.148858, -0.584931, -5.2407427), (6.368161, -0.55531025, -4.975353), (-6.383178, 0, -4.9870853), (-6.164952, 0, -5.25446), (-5.9093947, 0, -5.5403104), (-5.6096306, 0, -5.8436317), (-5.257967, 0, -6.161961), (-4.846222, 0, -6.490772), (-4.3663926, 0, -6.8227997), (-3.811803, 0, -7.147457), (-3.1787758, 0, -7.4505954), (-2.4686937, 0, -7.71502), (-1.689975, 0, -7.922119), (-0.8591268, 0, -8.054681), (0, 0, -8.100369), (0.8591268, 0, -8.054681), (1.689975, 0, -7.922119), (2.4686937, 0, -7.71502), (3.1787758, 0, -7.4505954), (3.811803, 0, -7.147457), (4.3663926, 0, -6.8227997), (4.846222, 0, -6.490772), (5.257967, 0, -6.161961), (5.6096306, 0, -5.8436317), (5.9093947, 0, -5.5403104), (6.164952, 0, -5.25446), (6.383178, 0, -4.9870853), (-6.368161, 0.55531025, -4.975353), (-6.148858, 0.584931, -5.2407427), (-5.892251, 0.61657244, -5.524237), (-5.5915346, 0.6501168, -5.824781), (-5.2391176, 0.6852847, -6.139871), (-4.8269563, 0.72156954, -6.464968), (-4.347225, 0.75816506, -6.7928495), (-3.7934515, 0.793903, -7.113046), (-3.1621566, 0.8272299, -7.411642), (-2.4548626, 0.8562662, -7.6717954), (-1.679996, 0.87898433, -7.8753405), (-0.85388416, 0.893515, -8.005529), (0, 0.89852107, -8.050382), (0.85388416, 0.893515, -8.005529), (1.679996, 0.87898433, -7.8753405), (2.4548626, 0.8562662, -7.6717954), (3.1621566, 0.8272299, -7.411642), (3.7934515, 0.793903, -7.113046), (4.347225, 0.75816506, -6.7928495), (4.8269563, 0.72156954, -6.464968), (5.2391176, 0.6852847, -6.139871), (5.5915346, 0.6501168, -5.824781), (5.892251, 0.61657244, -5.524237), (6.148858, 0.584931, -5.2407427), (6.368161, 0.55531025, -4.975353), (-6.3237386, 1.1028731, -4.940646), (-6.1013217, 1.1608179, -5.2002273), (-5.841702, 1.2225659, -5.4768453), (-5.53828, 1.28785, -5.7693048), (-5.1837626, 1.3560884, -6.074999), (-4.7705092, 1.4262629, -6.389366), (-4.291203, 1.4967892, -6.7053103), (-3.7399476, 1.565411, -7.0127215), (-3.1138206, 1.6291702, -7.29835), (-2.4147232, 1.6845307, -7.546354), (-1.6510873, 1.7277182, -7.739825), (-0.83871406, 1.7552816, -7.8633027), (0, 1.7647667, -7.905794), (0.83871406, 1.7552816, -7.8633027), (1.6510873, 1.7277182, -7.739825), (2.4147232, 1.6845307, -7.546354), (3.1138206, 1.6291702, -7.29835), (3.7399476, 1.565411, -7.0127215), (4.291203, 1.4967892, -6.7053103), (4.7705092, 1.4262629, -6.389366), (5.1837626, 1.3560884, -6.074999), (5.53828, 1.28785, -5.7693048), (5.841702, 1.2225659, -5.4768453), (6.1013217, 1.1608179, -5.2002273), (6.3237386, 1.1028731, -4.940646), (-6.251723, 1.6354702, -4.8843813), (-6.0244865, 1.7192993, -5.13474), (-5.760269, 1.8082851, -5.400499), (-5.452807, 1.9019616, -5.6802664), (-5.0952797, 1.9994115, -5.9713035), (-4.6806774, 2.099108, -6.26905), (-4.20246, 2.198753, -6.5666428), (-3.655594, 2.2951555, -6.854552), (-3.0379634, 2.3842218, -7.120551), (-2.351988, 2.4611495, -7.350298), (-1.6060544, 2.5208929, -7.5287232), (-0.8151334, 2.558897, -7.642224), (0, 2.5719523, -7.681214), (0.8151334, 2.558897, -7.642224), (1.6060544, 2.5208929, -7.5287232), (2.351988, 2.4611495, -7.350298), (3.0379634, 2.3842218, -7.120551), (3.655594, 2.2951555, -6.854552), (4.20246, 2.198753, -6.5666428), (4.6806774, 2.099108, -6.26905), (5.0952797, 1.9994115, -5.9713035), (5.452807, 1.9019616, -5.6802664), (5.760269, 1.8082851, -5.400499), (6.0244865, 1.7192993, -5.13474), (6.251723, 1.6354702, -4.8843813), (-6.154913, 2.146859, -4.808745), (-5.9216366, 2.2532632, -5.0470796), (-5.65178, 2.365637, -5.298785), (-5.3395305, 2.483267, -5.5622644), (-4.978685, 2.604879, -5.8346624), (-4.5630317, 2.7284644, -6.1114817), (-4.086987, 2.851116, -6.3862085), (-3.5465457, 2.9689195, -6.6500764), (-2.9405105, 3.0769866, -6.8921356), (-2.271843, 3.169713, -7.0998335), (-1.5487803, 3.2413259, -7.260239), (-0.78522956, 3.286696, -7.361863), (0, 3.302248, -7.396698), (0.78522956, 3.286696, -7.361863), (1.5487803, 3.2413259, -7.260239), (2.271843, 3.169713, -7.0998335), (2.9405105, 3.0769866, -6.8921356), (3.5465457, 2.9689195, -6.6500764), (4.086987, 2.851116, -6.3862085), (4.5630317, 2.7284644, -6.1114817), (4.978685, 2.604879, -5.8346624), (5.3395305, 2.483267, -5.5622644), (5.65178, 2.365637, -5.298785), (5.9216366, 2.2532632, -5.0470796), (6.154913, 2.146859, -4.808745), (-6.0368075, 2.6320794, -4.7164707), (-5.7968273, 2.7572145, -4.940703), (-5.5209007, 2.8885694, -5.17608), (-5.203756, 3.0251527, -5.4208264), (-4.8399096, 3.1653383, -5.6720276), (-4.424046, 3.3066974, -5.9253316), (-3.9516203, 3.4458537, -6.1746883), (-3.4196968, 3.5784132, -6.412224), (-2.8279839, 3.6990466, -6.6283894), (-2.1799047, 3.8017986, -6.8125124), (-1.483418, 3.8806674, -6.953839), (-0.7512166, 3.9304118, -7.042977), (0, 3.9474232, -7.0734596), (0.7512166, 3.9304118, -7.042977), (1.483418, 3.8806674, -6.953839), (2.1799047, 3.8017986, -6.8125124), (2.8279839, 3.6990466, -6.6283894), (3.4196968, 3.5784132, -6.412224), (3.9516203, 3.4458537, -6.1746883), (4.424046, 3.3066974, -5.9253316), (4.8399096, 3.1653383, -5.6720276), (5.203756, 3.0251527, -5.4208264), (5.5209007, 2.8885694, -5.17608), (5.7968273, 2.7572145, -4.940703), (6.0368075, 2.6320794, -4.7164707), (-5.9012885, 3.0875907, -4.610592), (-5.654491, 3.227416, -4.8193884), (-5.3726435, 3.3732004, -5.037083), (-5.051078, 3.5236735, -5.2617793), (-4.68508, 3.6768944, -5.4905787), (-4.2702637, 3.8301058, -5.7193637), (-3.8031127, 3.9796243, -5.9426346), (-3.2817037, 4.1208186, -6.1534753), (-2.706541, 4.248237, -6.3437448), (-2.0813718, 4.3559465, -6.5045834), (-1.4137509, 4.4380994, -6.6272593), (-0.7150909, 4.48968, -6.7042828), (0, 4.507277, -6.73056), (0.7150909, 4.48968, -6.7042828), (1.4137509, 4.4380994, -6.6272593), (2.0813718, 4.3559465, -6.5045834), (2.706541, 4.248237, -6.3437448), (3.2817037, 4.1208186, -6.1534753), (3.8031127, 3.9796243, -5.9426346), (4.2702637, 3.8301058, -5.7193637), (4.68508, 3.6768944, -5.4905787), (5.051078, 3.5236735, -5.2617793), (5.3726435, 3.3732004, -5.037083), (5.654491, 3.227416, -4.8193884), (5.9012885, 3.0875907, -4.610592), (-5.7523193, 3.5112574, -4.4942045), (-5.499071, 3.661825, -4.686922), (-5.2119346, 3.817683, -4.8864117), (-4.8868723, 3.9773095, -5.090724), (-4.5199466, 4.138512, -5.2970543), (-4.107669, 4.2983155, -5.501593), (-3.647477, 4.4528923, -5.6994424), (-3.1383336, 4.5975876, -5.884644), (-2.5813804, 4.72708, -6.0503864), (-1.9805323, 4.835725, -6.189446), (-1.3428417, 4.9180818, -6.2948575), (-0.67844903, 4.9695625, -6.3607497), (0, 4.9870853, -6.383178), (0.67844903, 4.9695625, -6.3607497), (1.3428417, 4.9180818, -6.2948575), (1.9805323, 4.835725, -6.189446), (2.5813804, 4.72708, -6.0503864), (3.1383336, 4.5975876, -5.884644), (3.647477, 4.4528923, -5.6994424), (4.107669, 4.2983155, -5.501593), (4.5199466, 4.138512, -5.2970543), (4.8868723, 3.9773095, -5.090724), (5.2119346, 3.817683, -4.8864117), (5.499071, 3.661825, -4.686922), (5.7523193, 3.5112574, -4.4942045)]
                                color3f[] primvars:displayColor = [(0.18333334, 0.6166667, 0.56666666)] (
                                    interpolation = "constant"
                                )
                                float[] primvars:displayOpacity = [0.3] (
                                    interpolation = "constant"
                                )
                                uniform token purpose = "guide"
                                uniform token subdivisionScheme = "none"
                            }
                        }
                    }

                    over "sec_cam_door_hall_b_s"
                    {
                        double aeco:cctv:mountHeight = 2.92

                        over "Sensor_0"
                        {
                            double aeco:cctvSensor:effectiveWidth = 7.679649793158473
                            double aeco:cctvSensor:hfov = 104
                            double aeco:cctvSensor:targetRange = 4.050184687810823
                            double aeco:cctvSensor:vfov = 76.00000000000001
                            float2 clippingRange = (0.05, 12)
                            float focalLength = 3
                            float horizontalAperture = 7.67965
                            float verticalAperture = 4.6877136
                            matrix4d xformOp:transform = ( (0.8221921916437762, 0.5692099788303118, 0, 0), (-0.49295030175465254, 0.7120393247567139, 0.49999999999999994, 0), (0.28460498941515583, -0.41109609582188805, 0.8660254037844387, 0), (0, 0, -0.08, 1) )
                            uniform token[] xformOpOrder = ["xformOp:transform"]

                            def Mesh "Sector" (
                                prepend apiSchemas = ["AecoDerivedGeometryAPI", "MaterialBindingAPI"]
                            )
                            {
                                uniform token aeco:derived:approx = "tessellated"
                                uniform token aeco:derived:role = "sector"
                                string aeco:derived:source = "eecb40ab-3b50-5217-8489-8fed04a3483c"
                                string aeco:derived:stamp = "usdAecoCctv derive 0.5.3"
                                uniform bool doubleSided = 1
                                float3[] extent = [(-9.456129, -7.3879375, -12), (9.456129, 7.3879375, 0)]
                                int[] faceVertexCounts = [4, 4, 4, 4, 4, 4, 4, 4, 4, 4, 4, 4, 4, 4, 4, 4, 4, 4, 4, 4, 4, 4, 4, 4, 4, 4, 4, 4, 4, 4, 4, 4, 4, 4, 4, 4, 4, 4, 4, 4, 4, 4, 4, 4, 4, 4, 4, 4, 4, 4, 4, 4, 4, 4, 4, 4, 4, 4, 4, 4, 4, 4, 4, 4, 4, 4, 4, 4, 4, 4, 4, 4, 4, 4, 4, 4, 4, 4, 4, 4, 4, 4, 4, 4, 4, 4, 4, 4, 4, 4, 4, 4, 4, 4, 4, 4, 4, 4, 4, 4, 4, 4, 4, 4, 4, 4, 4, 4, 4, 4, 4, 4, 4, 4, 4, 4, 4, 4, 4, 4, 4, 4, 4, 4, 4, 4, 4, 4, 4, 4, 4, 4, 4, 4, 4, 4, 4, 4, 4, 4, 4, 4, 4, 4, 4, 4, 4, 4, 4, 4, 4, 4, 4, 4, 4, 4, 4, 4, 4, 4, 4, 4, 4, 4, 4, 4, 4, 4, 4, 4, 4, 4, 4, 4, 4, 4, 4, 4, 4, 4, 4, 4, 4, 4, 4, 4, 4, 4, 4, 4, 4, 4, 4, 4, 4, 4, 4, 4, 4, 4, 4, 4, 4, 4, 4, 4, 4, 4, 4, 4, 4, 4, 4, 4, 4, 4, 4, 4, 4, 4, 4, 4, 4, 4, 4, 4, 4, 4, 4, 4, 4, 4, 4, 4, 4, 4, 4, 4, 4, 4, 4, 4, 4, 4, 4, 4, 4, 4, 4, 4, 4, 4, 4, 4, 4, 4, 4, 4, 4, 4, 4, 4, 4, 4, 4, 4, 4, 4, 4, 4, 4, 4, 4, 4, 4, 4, 4, 4, 4, 4, 4, 4, 4, 4, 4, 4, 4, 4, 4, 4, 4, 4, 4, 4, 4, 4, 4, 4, 4, 4, 4, 4, 4, 4, 4, 4, 4, 4, 4, 4, 4, 4, 4, 4, 4, 4, 4, 4, 4, 4, 4, 4, 4, 4, 4, 4, 4, 4, 4, 4, 4, 4, 4, 4, 4, 4, 3, 3, 3, 3, 3, 3, 3, 3, 3, 3, 3, 3, 3, 3, 3, 3, 3, 3, 3, 3, 3, 3, 3, 3, 3, 3, 3, 3, 3, 3, 3, 3, 3, 3, 3, 3, 3, 3, 3, 3, 3, 3, 3, 3, 3, 3, 3, 3, 3, 3, 3, 3, 3, 3, 3, 3, 3, 3, 3, 3, 3, 3, 3, 3, 3, 3, 3, 3, 3, 3, 3, 3, 3, 3, 3, 3]
                                int[] faceVertexIndices = [1, 26, 27, 2, 2, 27, 28, 3, 3, 28, 29, 4, 4, 29, 30, 5, 5, 30, 31, 6, 6, 31, 32, 7, 7, 32, 33, 8, 8, 33, 34, 9, 9, 34, 35, 10, 10, 35, 36, 11, 11, 36, 37, 12, 12, 37, 38, 13, 13, 38, 39, 14, 14, 39, 40, 15, 15, 40, 41, 16, 16, 41, 42, 17, 17, 42, 43, 18, 18, 43, 44, 19, 19, 44, 45, 20, 20, 45, 46, 21, 21, 46, 47, 22, 22, 47, 48, 23, 23, 48, 49, 24, 24, 49, 50, 25, 26, 51, 52, 27, 27, 52, 53, 28, 28, 53, 54, 29, 29, 54, 55, 30, 30, 55, 56, 31, 31, 56, 57, 32, 32, 57, 58, 33, 33, 58, 59, 34, 34, 59, 60, 35, 35, 60, 61, 36, 36, 61, 62, 37, 37, 62, 63, 38, 38, 63, 64, 39, 39, 64, 65, 40, 40, 65, 66, 41, 41, 66, 67, 42, 42, 67, 68, 43, 43, 68, 69, 44, 44, 69, 70, 45, 45, 70, 71, 46, 46, 71, 72, 47, 47, 72, 73, 48, 48, 73, 74, 49, 49, 74, 75, 50, 51, 76, 77, 52, 52, 77, 78, 53, 53, 78, 79, 54, 54, 79, 80, 55, 55, 80, 81, 56, 56, 81, 82, 57, 57, 82, 83, 58, 58, 83, 84, 59, 59, 84, 85, 60, 60, 85, 86, 61, 61, 86, 87, 62, 62, 87, 88, 63, 63, 88, 89, 64, 64, 89, 90, 65, 65, 90, 91, 66, 66, 91, 92, 67, 67, 92, 93, 68, 68, 93, 94, 69, 69, 94, 95, 70, 70, 95, 96, 71, 71, 96, 97, 72, 72, 97, 98, 73, 73, 98, 99, 74, 74, 99, 100, 75, 76, 101, 102, 77, 77, 102, 103, 78, 78, 103, 104, 79, 79, 104, 105, 80, 80, 105, 106, 81, 81, 106, 107, 82, 82, 107, 108, 83, 83, 108, 109, 84, 84, 109, 110, 85, 85, 110, 111, 86, 86, 111, 112, 87, 87, 112, 113, 88, 88, 113, 114, 89, 89, 114, 115, 90, 90, 115, 116, 91, 91, 116, 117, 92, 92, 117, 118, 93, 93, 118, 119, 94, 94, 119, 120, 95, 95, 120, 121, 96, 96, 121, 122, 97, 97, 122, 123, 98, 98, 123, 124, 99, 99, 124, 125, 100, 101, 126, 127, 102, 102, 127, 128, 103, 103, 128, 129, 104, 104, 129, 130, 105, 105, 130, 131, 106, 106, 131, 132, 107, 107, 132, 133, 108, 108, 133, 134, 109, 109, 134, 135, 110, 110, 135, 136, 111, 111, 136, 137, 112, 112, 137, 138, 113, 113, 138, 139, 114, 114, 139, 140, 115, 115, 140, 141, 116, 116, 141, 142, 117, 117, 142, 143, 118, 118, 143, 144, 119, 119, 144, 145, 120, 120, 145, 146, 121, 121, 146, 147, 122, 122, 147, 148, 123, 123, 148, 149, 124, 124, 149, 150, 125, 126, 151, 152, 127, 127, 152, 153, 128, 128, 153, 154, 129, 129, 154, 155, 130, 130, 155, 156, 131, 131, 156, 157, 132, 132, 157, 158, 133, 133, 158, 159, 134, 134, 159, 160, 135, 135, 160, 161, 136, 136, 161, 162, 137, 137, 162, 163, 138, 138, 163, 164, 139, 139, 164, 165, 140, 140, 165, 166, 141, 141, 166, 167, 142, 142, 167, 168, 143, 143, 168, 169, 144, 144, 169, 170, 145, 145, 170, 171, 146, 146, 171, 172, 147, 147, 172, 173, 148, 148, 173, 174, 149, 149, 174, 175, 150, 151, 176, 177, 152, 152, 177, 178, 153, 153, 178, 179, 154, 154, 179, 180, 155, 155, 180, 181, 156, 156, 181, 182, 157, 157, 182, 183, 158, 158, 183, 184, 159, 159, 184, 185, 160, 160, 185, 186, 161, 161, 186, 187, 162, 162, 187, 188, 163, 163, 188, 189, 164, 164, 189, 190, 165, 165, 190, 191, 166, 166, 191, 192, 167, 167, 192, 193, 168, 168, 193, 194, 169, 169, 194, 195, 170, 170, 195, 196, 171, 171, 196, 197, 172, 172, 197, 198, 173, 173, 198, 199, 174, 174, 199, 200, 175, 176, 201, 202, 177, 177, 202, 203, 178, 178, 203, 204, 179, 179, 204, 205, 180, 180, 205, 206, 181, 181, 206, 207, 182, 182, 207, 208, 183, 183, 208, 209, 184, 184, 209, 210, 185, 185, 210, 211, 186, 186, 211, 212, 187, 187, 212, 213, 188, 188, 213, 214, 189, 189, 214, 215, 190, 190, 215, 216, 191, 191, 216, 217, 192, 192, 217, 218, 193, 193, 218, 219, 194, 194, 219, 220, 195, 195, 220, 221, 196, 196, 221, 222, 197, 197, 222, 223, 198, 198, 223, 224, 199, 199, 224, 225, 200, 201, 226, 227, 202, 202, 227, 228, 203, 203, 228, 229, 204, 204, 229, 230, 205, 205, 230, 231, 206, 206, 231, 232, 207, 207, 232, 233, 208, 208, 233, 234, 209, 209, 234, 235, 210, 210, 235, 236, 211, 211, 236, 237, 212, 212, 237, 238, 213, 213, 238, 239, 214, 214, 239, 240, 215, 215, 240, 241, 216, 216, 241, 242, 217, 217, 242, 243, 218, 218, 243, 244, 219, 219, 244, 245, 220, 220, 245, 246, 221, 221, 246, 247, 222, 222, 247, 248, 223, 223, 248, 249, 224, 224, 249, 250, 225, 226, 251, 252, 227, 227, 252, 253, 228, 228, 253, 254, 229, 229, 254, 255, 230, 230, 255, 256, 231, 231, 256, 257, 232, 232, 257, 258, 233, 233, 258, 259, 234, 234, 259, 260, 235, 235, 260, 261, 236, 236, 261, 262, 237, 237, 262, 263, 238, 238, 263, 264, 239, 239, 264, 265, 240, 240, 265, 266, 241, 241, 266, 267, 242, 242, 267, 268, 243, 243, 268, 269, 244, 244, 269, 270, 245, 245, 270, 271, 246, 246, 271, 272, 247, 247, 272, 273, 248, 248, 273, 274, 249, 249, 274, 275, 250, 251, 276, 277, 252, 252, 277, 278, 253, 253, 278, 279, 254, 254, 279, 280, 255, 255, 280, 281, 256, 256, 281, 282, 257, 257, 282, 283, 258, 258, 283, 284, 259, 259, 284, 285, 260, 260, 285, 286, 261, 261, 286, 287, 262, 262, 287, 288, 263, 263, 288, 289, 264, 264, 289, 290, 265, 265, 290, 291, 266, 266, 291, 292, 267, 267, 292, 293, 268, 268, 293, 294, 269, 269, 294, 295, 270, 270, 295, 296, 271, 271, 296, 297, 272, 272, 297, 298, 273, 273, 298, 299, 274, 274, 299, 300, 275, 276, 301, 302, 277, 277, 302, 303, 278, 278, 303, 304, 279, 279, 304, 305, 280, 280, 305, 306, 281, 281, 306, 307, 282, 282, 307, 308, 283, 283, 308, 309, 284, 284, 309, 310, 285, 285, 310, 311, 286, 286, 311, 312, 287, 287, 312, 313, 288, 288, 313, 314, 289, 289, 314, 315, 290, 290, 315, 316, 291, 291, 316, 317, 292, 292, 317, 318, 293, 293, 318, 319, 294, 294, 319, 320, 295, 295, 320, 321, 296, 296, 321, 322, 297, 297, 322, 323, 298, 298, 323, 324, 299, 299, 324, 325, 300, 301, 326, 327, 302, 302, 327, 328, 303, 303, 328, 329, 304, 304, 329, 330, 305, 305, 330, 331, 306, 306, 331, 332, 307, 307, 332, 333, 308, 308, 333, 334, 309, 309, 334, 335, 310, 310, 335, 336, 311, 311, 336, 337, 312, 312, 337, 338, 313, 313, 338, 339, 314, 314, 339, 340, 315, 315, 340, 341, 316, 316, 341, 342, 317, 317, 342, 343, 318, 318, 343, 344, 319, 319, 344, 345, 320, 320, 345, 346, 321, 321, 346, 347, 322, 322, 347, 348, 323, 323, 348, 349, 324, 324, 349, 350, 325, 326, 351, 352, 327, 327, 352, 353, 328, 328, 353, 354, 329, 329, 354, 355, 330, 330, 355, 356, 331, 331, 356, 357, 332, 332, 357, 358, 333, 333, 358, 359, 334, 334, 359, 360, 335, 335, 360, 361, 336, 336, 361, 362, 337, 337, 362, 363, 338, 338, 363, 364, 339, 339, 364, 365, 340, 340, 365, 366, 341, 341, 366, 367, 342, 342, 367, 368, 343, 343, 368, 369, 344, 344, 369, 370, 345, 345, 370, 371, 346, 346, 371, 372, 347, 347, 372, 373, 348, 348, 373, 374, 349, 349, 374, 375, 350, 0, 1, 2, 0, 2, 3, 0, 3, 4, 0, 4, 5, 0, 5, 6, 0, 6, 7, 0, 7, 8, 0, 8, 9, 0, 9, 10, 0, 10, 11, 0, 11, 12, 0, 12, 13, 0, 13, 14, 0, 14, 15, 0, 15, 16, 0, 16, 17, 0, 17, 18, 0, 18, 19, 0, 19, 20, 0, 20, 21, 0, 21, 22, 0, 22, 23, 0, 23, 24, 0, 24, 25, 0, 352, 351, 0, 353, 352, 0, 354, 353, 0, 355, 354, 0, 356, 355, 0, 357, 356, 0, 358, 357, 0, 359, 358, 0, 360, 359, 0, 361, 360, 0, 362, 361, 0, 363, 362, 0, 364, 363, 0, 365, 364, 0, 366, 365, 0, 367, 366, 0, 368, 367, 0, 369, 368, 0, 370, 369, 0, 371, 370, 0, 372, 371, 0, 373, 372, 0, 374, 373, 0, 375, 374, 0, 26, 1, 0, 51, 26, 0, 76, 51, 0, 101, 76, 0, 126, 101, 0, 151, 126, 0, 176, 151, 0, 201, 176, 0, 226, 201, 0, 251, 226, 0, 276, 251, 0, 301, 276, 0, 326, 301, 0, 351, 326, 0, 25, 50, 0, 50, 75, 0, 75, 100, 0, 100, 125, 0, 125, 150, 0, 150, 175, 0, 175, 200, 0, 200, 225, 0, 225, 250, 0, 250, 275, 0, 275, 300, 0, 300, 325, 0, 325, 350, 0, 350, 375]
                                rel material:binding = </AecoCctvLooks/Sector>
                                point3f[] points = [(0, 0, 0), (-8.521566, -5.201626, -6.6577773), (-8.1464, -5.4246783, -6.9432716), (-7.7210326, -5.655569, -7.238798), (-7.2394805, -5.8920417, -7.5414696), (-6.695912, -6.13085, -7.84713), (-6.085158, -6.367584, -8.150136), (-5.403423, -6.596577, -8.4432335), (-4.6491714, -6.8109303, -8.717593), (-3.8240929, -7.002762, -8.963126), (-2.933988, -7.1637106, -9.169131), (-1.9893044, -7.2857146, -9.32529), (-1.0050639, -7.361979, -9.422903), (0, -7.3879375, -9.456129), (1.0050639, -7.361979, -9.422903), (1.9893044, -7.2857146, -9.32529), (2.933988, -7.1637106, -9.169131), (3.8240929, -7.002762, -8.963126), (4.6491714, -6.8109303, -8.717593), (5.403423, -6.596577, -8.4432335), (6.085158, -6.367584, -8.150136), (6.695912, -6.13085, -7.84713), (7.2394805, -5.8920417, -7.5414696), (7.7210326, -5.655569, -7.238798), (8.1464, -5.4246783, -6.9432716), (8.521566, -5.201626, -6.6577773), (-8.742251, -4.574, -6.8301954), (-8.376641, -4.781139, -7.1395087), (-7.959109, -4.997106, -7.4620047), (-7.482737, -5.2200193, -7.794873), (-6.940543, -5.447003, -8.13382), (-6.326028, -5.673972, -8.472745), (-5.633984, -5.895471, -8.803502), (-4.861562, -6.104638, -9.115844), (-4.0095077, -6.293398, -9.397712), (-3.083373, -6.4529595, -9.635981), (-2.0943503, -6.574662, -9.817715), (-1.0593456, -6.651074, -9.931818), (0, -6.677143, -9.970745), (1.0593456, -6.651074, -9.931818), (2.0943503, -6.574662, -9.817715), (3.083373, -6.4529595, -9.635981), (4.0095077, -6.293398, -9.397712), (4.861562, -6.104638, -9.115844), (5.633984, -5.895471, -8.803502), (6.326028, -5.673972, -8.472745), (6.940543, -5.447003, -8.13382), (7.482737, -5.2200193, -7.794873), (7.959109, -4.997106, -7.4620047), (8.376641, -4.781139, -7.1395087), (8.742251, -4.574, -6.8301954), (-8.94301, -3.8991988, -6.987046), (-8.587501, -4.084576, -7.3192263), (-8.178739, -4.279167, -7.6679173), (-7.7089167, -4.4815035, -8.030488), (-7.169909, -4.689176, -8.40262), (-6.553843, -4.8985877, -8.777868), (-5.8539853, -5.1047354, -9.147269), (-5.0659866, -5.301111, -9.499158), (-4.1894145, -5.4798193, -9.819388), (-3.229341, -5.6320376, -10.092151), (-2.197556, -5.7488747, -10.301514), (-1.1128627, -5.8225665, -10.433564), (0, -5.847768, -10.478722), (1.1128627, -5.8225665, -10.433564), (2.197556, -5.7488747, -10.301514), (3.229341, -5.6320376, -10.092151), (4.1894145, -5.4798193, -9.819388), (5.0659866, -5.301111, -9.499158), (5.8539853, -5.1047354, -9.147269), (6.553843, -4.8985877, -8.777868), (7.169909, -4.689176, -8.40262), (7.7089167, -4.4815035, -8.030488), (8.178739, -4.279167, -7.6679173), (8.587501, -4.084576, -7.3192263), (8.94301, -3.8991988, -6.987046), (-9.117973, -3.1803868, -7.1237416), (-8.772395, -3.3380156, -7.476814), (-8.372625, -3.5044878, -7.8496947), (-7.9100547, -3.6787462, -8.240016), (-7.375493, -3.858904, -8.64355), (-6.7597384, -4.041985, -9.053634), (-6.0545197, -4.223683, -9.460618), (-5.253902, -4.3981986, -9.851516), (-4.3561134, -4.558291, -10.210106), (-3.36554, -4.695657, -10.517792), (-2.2943847, -4.8017454, -10.755419), (-1.1632501, -4.868957, -10.905967), (0, -4.891996, -10.957572), (1.1632501, -4.868957, -10.905967), (2.2943847, -4.8017454, -10.755419), (3.36554, -4.695657, -10.517792), (4.3561134, -4.558291, -10.210106), (5.253902, -4.3981986, -9.851516), (6.0545197, -4.223683, -9.460618), (6.7597384, -4.041985, -9.053634), (7.375493, -3.858904, -8.64355), (7.9100547, -3.6787462, -8.240016), (8.372625, -3.5044878, -7.8496947), (8.772395, -3.3380156, -7.476814), (9.117973, -3.1803868, -7.1237416), (-9.26139, -2.4228082, -7.2357907), (-8.924759, -2.546994, -7.606675), (-8.533343, -2.6788187, -8.000374), (-8.077864, -2.8175924, -8.414825), (-7.5482183, -2.961956, -8.845972), (-6.9340205, -3.109648, -9.287058), (-6.2255826, -3.2572634, -9.727917), (-5.415448, -3.4000752, -10.1544285), (-4.500481, -3.5320194, -10.548484), (-3.484268, -3.645981, -10.888834), (-2.3792312, -3.7344856, -11.153155), (-1.2075499, -3.7907858, -11.321297), (0, -3.8101258, -11.379057), (1.2075499, -3.7907858, -11.321297), (2.3792312, -3.7344856, -11.153155), (3.484268, -3.645981, -10.888834), (4.500481, -3.5320194, -10.548484), (5.415448, -3.4000752, -10.1544285), (6.2255826, -3.2572634, -9.727917), (6.9340205, -3.109648, -9.287058), (7.5482183, -2.961956, -8.845972), (8.077864, -2.8175924, -8.414825), (8.533343, -2.6788187, -8.000374), (8.924759, -2.546994, -7.606675), (9.26139, -2.4228082, -7.2357907), (-9.368074, -1.6338116, -7.319142), (-9.038583, -1.7196518, -7.7036886), (-8.653978, -1.8111261, -8.113475), (-8.204485, -1.907839, -8.546729), (-7.6792984, -2.0089283, -8.999588), (-7.0670986, -2.1128857, -9.465296), (-6.3570476, -2.2173645, -9.93334), (-5.5404105, -2.3190217, -10.388743), (-4.6128573, -2.4134755, -10.811877), (-3.5772042, -2.4954872, -11.179274), (-2.4459436, -2.559466, -11.465884), (-1.2424827, -2.6002984, -11.648807), (0, -2.6143498, -11.711754), (1.2424827, -2.6002984, -11.648807), (2.4459436, -2.559466, -11.465884), (3.5772042, -2.4954872, -11.179274), (4.6128573, -2.4134755, -10.811877), (5.5404105, -2.3190217, -10.388743), (6.3570476, -2.2173645, -9.93334), (7.0670986, -2.1128857, -9.465296), (7.6792984, -2.0089283, -8.999588), (8.204485, -1.907839, -8.546729), (8.653978, -1.8111261, -8.113475), (9.038583, -1.7196518, -7.7036886), (9.368074, -1.6338116, -7.319142), (-9.433883, -0.82264435, -7.370557), (-9.109004, -0.86652493, -7.7637095), (-8.728863, -0.91339904, -8.183682), (-8.283378, -0.9630921, -8.628912), (-7.761302, -1.0151902, -9.095691), (-7.15072, -1.0689431, -9.577294), (-6.44004, -1.1231563, -10.063022), (-5.6196723, -1.176099, -10.537366), (-4.6844625, -1.22547, -10.97971), (-3.6366675, -1.2684847, -11.365105), (-2.4887695, -1.3021396, -11.666638), (-1.2649559, -1.3236655, -11.859503), (0, -1.3310816, -11.925947), (1.2649559, -1.3236655, -11.859503), (2.4887695, -1.3021396, -11.666638), (3.6366675, -1.2684847, -11.365105), (4.6844625, -1.22547, -10.97971), (5.6196723, -1.176099, -10.537366), (6.44004, -1.1231563, -10.063022), (7.15072, -1.0689431, -9.577294), (7.761302, -1.0151902, -9.095691), (8.283378, -0.9630921, -8.628912), (8.728863, -0.91339904, -8.183682), (9.109004, -0.86652493, -7.7637095), (9.433883, -0.82264435, -7.370557), (-9.456129, 0, -7.3879375), (-9.132846, 0, -7.7840304), (-8.75426, 0, -8.207493), (-8.3101845, 0, -8.656837), (-7.7892256, 0, -9.128415), (-7.1792607, 0, -9.61552), (-6.4684353, 0, -10.10739), (-5.646858, 0, -10.588343), (-4.7090826, 0, -11.0374155), (-3.6571574, 0, -11.429138), (-2.5035524, 0, -11.735937), (-1.2727224, 0, -11.932317), (0, 0, -12), (1.2727224, 0, -11.932317), (2.5035524, 0, -11.735937), (3.6571574, 0, -11.429138), (4.7090826, 0, -11.0374155), (5.646858, 0, -10.588343), (6.4684353, 0, -10.10739), (7.1792607, 0, -9.61552), (7.7892256, 0, -9.128415), (8.3101845, 0, -8.656837), (8.75426, 0, -8.207493), (9.132846, 0, -7.7840304), (9.456129, 0, -7.3879375), (-9.433883, 0.82264435, -7.370557), (-9.109004, 0.86652493, -7.7637095), (-8.728863, 0.91339904, -8.183682), (-8.283378, 0.9630921, -8.628912), (-7.761302, 1.0151902, -9.095691), (-7.15072, 1.0689431, -9.577294), (-6.44004, 1.1231563, -10.063022), (-5.6196723, 1.176099, -10.537366), (-4.6844625, 1.22547, -10.97971), (-3.6366675, 1.2684847, -11.365105), (-2.4887695, 1.3021396, -11.666638), (-1.2649559, 1.3236655, -11.859503), (0, 1.3310816, -11.925947), (1.2649559, 1.3236655, -11.859503), (2.4887695, 1.3021396, -11.666638), (3.6366675, 1.2684847, -11.365105), (4.6844625, 1.22547, -10.97971), (5.6196723, 1.176099, -10.537366), (6.44004, 1.1231563, -10.063022), (7.15072, 1.0689431, -9.577294), (7.761302, 1.0151902, -9.095691), (8.283378, 0.9630921, -8.628912), (8.728863, 0.91339904, -8.183682), (9.109004, 0.86652493, -7.7637095), (9.433883, 0.82264435, -7.370557), (-9.368074, 1.6338116, -7.319142), (-9.038583, 1.7196518, -7.7036886), (-8.653978, 1.8111261, -8.113475), (-8.204485, 1.907839, -8.546729), (-7.6792984, 2.0089283, -8.999588), (-7.0670986, 2.1128857, -9.465296), (-6.3570476, 2.2173645, -9.93334), (-5.5404105, 2.3190217, -10.388743), (-4.6128573, 2.4134755, -10.811877), (-3.5772042, 2.4954872, -11.179274), (-2.4459436, 2.559466, -11.465884), (-1.2424827, 2.6002984, -11.648807), (0, 2.6143498, -11.711754), (1.2424827, 2.6002984, -11.648807), (2.4459436, 2.559466, -11.465884), (3.5772042, 2.4954872, -11.179274), (4.6128573, 2.4134755, -10.811877), (5.5404105, 2.3190217, -10.388743), (6.3570476, 2.2173645, -9.93334), (7.0670986, 2.1128857, -9.465296), (7.6792984, 2.0089283, -8.999588), (8.204485, 1.907839, -8.546729), (8.653978, 1.8111261, -8.113475), (9.038583, 1.7196518, -7.7036886), (9.368074, 1.6338116, -7.319142), (-9.26139, 2.4228082, -7.2357907), (-8.924759, 2.546994, -7.606675), (-8.533343, 2.6788187, -8.000374), (-8.077864, 2.8175924, -8.414825), (-7.5482183, 2.961956, -8.845972), (-6.9340205, 3.109648, -9.287058), (-6.2255826, 3.2572634, -9.727917), (-5.415448, 3.4000752, -10.1544285), (-4.500481, 3.5320194, -10.548484), (-3.484268, 3.645981, -10.888834), (-2.3792312, 3.7344856, -11.153155), (-1.2075499, 3.7907858, -11.321297), (0, 3.8101258, -11.379057), (1.2075499, 3.7907858, -11.321297), (2.3792312, 3.7344856, -11.153155), (3.484268, 3.645981, -10.888834), (4.500481, 3.5320194, -10.548484), (5.415448, 3.4000752, -10.1544285), (6.2255826, 3.2572634, -9.727917), (6.9340205, 3.109648, -9.287058), (7.5482183, 2.961956, -8.845972), (8.077864, 2.8175924, -8.414825), (8.533343, 2.6788187, -8.000374), (8.924759, 2.546994, -7.606675), (9.26139, 2.4228082, -7.2357907), (-9.117973, 3.1803868, -7.1237416), (-8.772395, 3.3380156, -7.476814), (-8.372625, 3.5044878, -7.8496947), (-7.9100547, 3.6787462, -8.240016), (-7.375493, 3.858904, -8.64355), (-6.7597384, 4.041985, -9.053634), (-6.0545197, 4.223683, -9.460618), (-5.253902, 4.3981986, -9.851516), (-4.3561134, 4.558291, -10.210106), (-3.36554, 4.695657, -10.517792), (-2.2943847, 4.8017454, -10.755419), (-1.1632501, 4.868957, -10.905967), (0, 4.891996, -10.957572), (1.1632501, 4.868957, -10.905967), (2.2943847, 4.8017454, -10.755419), (3.36554, 4.695657, -10.517792), (4.3561134, 4.558291, -10.210106), (5.253902, 4.3981986, -9.851516), (6.0545197, 4.223683, -9.460618), (6.7597384, 4.041985, -9.053634), (7.375493, 3.858904, -8.64355), (7.9100547, 3.6787462, -8.240016), (8.372625, 3.5044878, -7.8496947), (8.772395, 3.3380156, -7.476814), (9.117973, 3.1803868, -7.1237416), (-8.94301, 3.8991988, -6.987046), (-8.587501, 4.084576, -7.3192263), (-8.178739, 4.279167, -7.6679173), (-7.7089167, 4.4815035, -8.030488), (-7.169909, 4.689176, -8.40262), (-6.553843, 4.8985877, -8.777868), (-5.8539853, 5.1047354, -9.147269), (-5.0659866, 5.301111, -9.499158), (-4.1894145, 5.4798193, -9.819388), (-3.229341, 5.6320376, -10.092151), (-2.197556, 5.7488747, -10.301514), (-1.1128627, 5.8225665, -10.433564), (0, 5.847768, -10.478722), (1.1128627, 5.8225665, -10.433564), (2.197556, 5.7488747, -10.301514), (3.229341, 5.6320376, -10.092151), (4.1894145, 5.4798193, -9.819388), (5.0659866, 5.301111, -9.499158), (5.8539853, 5.1047354, -9.147269), (6.553843, 4.8985877, -8.777868), (7.169909, 4.689176, -8.40262), (7.7089167, 4.4815035, -8.030488), (8.178739, 4.279167, -7.6679173), (8.587501, 4.084576, -7.3192263), (8.94301, 3.8991988, -6.987046), (-8.742251, 4.574, -6.8301954), (-8.376641, 4.781139, -7.1395087), (-7.959109, 4.997106, -7.4620047), (-7.482737, 5.2200193, -7.794873), (-6.940543, 5.447003, -8.13382), (-6.326028, 5.673972, -8.472745), (-5.633984, 5.895471, -8.803502), (-4.861562, 6.104638, -9.115844), (-4.0095077, 6.293398, -9.397712), (-3.083373, 6.4529595, -9.635981), (-2.0943503, 6.574662, -9.817715), (-1.0593456, 6.651074, -9.931818), (0, 6.677143, -9.970745), (1.0593456, 6.651074, -9.931818), (2.0943503, 6.574662, -9.817715), (3.083373, 6.4529595, -9.635981), (4.0095077, 6.293398, -9.397712), (4.861562, 6.104638, -9.115844), (5.633984, 5.895471, -8.803502), (6.326028, 5.673972, -8.472745), (6.940543, 5.447003, -8.13382), (7.482737, 5.2200193, -7.794873), (7.959109, 4.997106, -7.4620047), (8.376641, 4.781139, -7.1395087), (8.742251, 4.574, -6.8301954), (-8.521566, 5.201626, -6.6577773), (-8.1464, 5.4246783, -6.9432716), (-7.7210326, 5.655569, -7.238798), (-7.2394805, 5.8920417, -7.5414696), (-6.695912, 6.13085, -7.84713), (-6.085158, 6.367584, -8.150136), (-5.403423, 6.596577, -8.4432335), (-4.6491714, 6.8109303, -8.717593), (-3.8240929, 7.002762, -8.963126), (-2.933988, 7.1637106, -9.169131), (-1.9893044, 7.2857146, -9.32529), (-1.0050639, 7.361979, -9.422903), (0, 7.3879375, -9.456129), (1.0050639, 7.361979, -9.422903), (1.9893044, 7.2857146, -9.32529), (2.933988, 7.1637106, -9.169131), (3.8240929, 7.002762, -8.963126), (4.6491714, 6.8109303, -8.717593), (5.403423, 6.596577, -8.4432335), (6.085158, 6.367584, -8.150136), (6.695912, 6.13085, -7.84713), (7.2394805, 5.8920417, -7.5414696), (7.7210326, 5.655569, -7.238798), (8.1464, 5.4246783, -6.9432716), (8.521566, 5.201626, -6.6577773)]
                                color3f[] primvars:displayColor = [(0, 0.85, 0.95)] (
                                    interpolation = "constant"
                                )
                                float[] primvars:displayOpacity = [0.3] (
                                    interpolation = "constant"
                                )
                                uniform token purpose = "guide"
                                uniform token subdivisionScheme = "none"
                            }

                            def Mesh "Shell_identify" (
                                prepend apiSchemas = ["AecoDerivedGeometryAPI", "MaterialBindingAPI"]
                            )
                            {
                                uniform token aeco:derived:approx = "tessellated"
                                uniform token aeco:derived:role = "coverage"
                                string aeco:derived:source = "eecb40ab-3b50-5217-8489-8fed04a3483c"
                                string aeco:derived:stamp = "usdAecoCctv derive 0.5.3"
                                uniform bool doubleSided = 1
                                float3[] extent = [(-3.191589, -2.4935427, -4.0501847), (3.191589, 2.4935427, 0)]
                                int[] faceVertexCounts = [4, 4, 4, 4, 4, 4, 4, 4, 4, 4, 4, 4, 4, 4, 4, 4, 4, 4, 4, 4, 4, 4, 4, 4, 4, 4, 4, 4, 4, 4, 4, 4, 4, 4, 4, 4, 4, 4, 4, 4, 4, 4, 4, 4, 4, 4, 4, 4, 4, 4, 4, 4, 4, 4, 4, 4, 4, 4, 4, 4, 4, 4, 4, 4, 4, 4, 4, 4, 4, 4, 4, 4, 4, 4, 4, 4, 4, 4, 4, 4, 4, 4, 4, 4, 4, 4, 4, 4, 4, 4, 4, 4, 4, 4, 4, 4, 4, 4, 4, 4, 4, 4, 4, 4, 4, 4, 4, 4, 4, 4, 4, 4, 4, 4, 4, 4, 4, 4, 4, 4, 4, 4, 4, 4, 4, 4, 4, 4, 4, 4, 4, 4, 4, 4, 4, 4, 4, 4, 4, 4, 4, 4, 4, 4, 4, 4, 4, 4, 4, 4, 4, 4, 4, 4, 4, 4, 4, 4, 4, 4, 4, 4, 4, 4, 4, 4, 4, 4, 4, 4, 4, 4, 4, 4, 4, 4, 4, 4, 4, 4, 4, 4, 4, 4, 4, 4, 4, 4, 4, 4, 4, 4, 4, 4, 4, 4, 4, 4, 4, 4, 4, 4, 4, 4, 4, 4, 4, 4, 4, 4, 4, 4, 4, 4, 4, 4, 4, 4, 4, 4, 4, 4, 4, 4, 4, 4, 4, 4, 4, 4, 4, 4, 4, 4, 4, 4, 4, 4, 4, 4, 4, 4, 4, 4, 4, 4, 4, 4, 4, 4, 4, 4, 4, 4, 4, 4, 4, 4, 4, 4, 4, 4, 4, 4, 4, 4, 4, 4, 4, 4, 4, 4, 4, 4, 4, 4, 4, 4, 4, 4, 4, 4, 4, 4, 4, 4, 4, 4, 4, 4, 4, 4, 4, 4, 4, 4, 4, 4, 4, 4, 4, 4, 4, 4, 4, 4, 4, 4, 4, 4, 4, 4, 4, 4, 4, 4, 4, 4, 4, 4, 4, 4, 4, 4, 4, 4, 4, 4, 4, 4, 4, 4, 4, 4, 4, 4, 3, 3, 3, 3, 3, 3, 3, 3, 3, 3, 3, 3, 3, 3, 3, 3, 3, 3, 3, 3, 3, 3, 3, 3, 3, 3, 3, 3, 3, 3, 3, 3, 3, 3, 3, 3, 3, 3, 3, 3, 3, 3, 3, 3, 3, 3, 3, 3, 3, 3, 3, 3, 3, 3, 3, 3, 3, 3, 3, 3, 3, 3, 3, 3, 3, 3, 3, 3, 3, 3, 3, 3, 3, 3, 3, 3]
                                int[] faceVertexIndices = [1, 26, 27, 2, 2, 27, 28, 3, 3, 28, 29, 4, 4, 29, 30, 5, 5, 30, 31, 6, 6, 31, 32, 7, 7, 32, 33, 8, 8, 33, 34, 9, 9, 34, 35, 10, 10, 35, 36, 11, 11, 36, 37, 12, 12, 37, 38, 13, 13, 38, 39, 14, 14, 39, 40, 15, 15, 40, 41, 16, 16, 41, 42, 17, 17, 42, 43, 18, 18, 43, 44, 19, 19, 44, 45, 20, 20, 45, 46, 21, 21, 46, 47, 22, 22, 47, 48, 23, 23, 48, 49, 24, 24, 49, 50, 25, 26, 51, 52, 27, 27, 52, 53, 28, 28, 53, 54, 29, 29, 54, 55, 30, 30, 55, 56, 31, 31, 56, 57, 32, 32, 57, 58, 33, 33, 58, 59, 34, 34, 59, 60, 35, 35, 60, 61, 36, 36, 61, 62, 37, 37, 62, 63, 38, 38, 63, 64, 39, 39, 64, 65, 40, 40, 65, 66, 41, 41, 66, 67, 42, 42, 67, 68, 43, 43, 68, 69, 44, 44, 69, 70, 45, 45, 70, 71, 46, 46, 71, 72, 47, 47, 72, 73, 48, 48, 73, 74, 49, 49, 74, 75, 50, 51, 76, 77, 52, 52, 77, 78, 53, 53, 78, 79, 54, 54, 79, 80, 55, 55, 80, 81, 56, 56, 81, 82, 57, 57, 82, 83, 58, 58, 83, 84, 59, 59, 84, 85, 60, 60, 85, 86, 61, 61, 86, 87, 62, 62, 87, 88, 63, 63, 88, 89, 64, 64, 89, 90, 65, 65, 90, 91, 66, 66, 91, 92, 67, 67, 92, 93, 68, 68, 93, 94, 69, 69, 94, 95, 70, 70, 95, 96, 71, 71, 96, 97, 72, 72, 97, 98, 73, 73, 98, 99, 74, 74, 99, 100, 75, 76, 101, 102, 77, 77, 102, 103, 78, 78, 103, 104, 79, 79, 104, 105, 80, 80, 105, 106, 81, 81, 106, 107, 82, 82, 107, 108, 83, 83, 108, 109, 84, 84, 109, 110, 85, 85, 110, 111, 86, 86, 111, 112, 87, 87, 112, 113, 88, 88, 113, 114, 89, 89, 114, 115, 90, 90, 115, 116, 91, 91, 116, 117, 92, 92, 117, 118, 93, 93, 118, 119, 94, 94, 119, 120, 95, 95, 120, 121, 96, 96, 121, 122, 97, 97, 122, 123, 98, 98, 123, 124, 99, 99, 124, 125, 100, 101, 126, 127, 102, 102, 127, 128, 103, 103, 128, 129, 104, 104, 129, 130, 105, 105, 130, 131, 106, 106, 131, 132, 107, 107, 132, 133, 108, 108, 133, 134, 109, 109, 134, 135, 110, 110, 135, 136, 111, 111, 136, 137, 112, 112, 137, 138, 113, 113, 138, 139, 114, 114, 139, 140, 115, 115, 140, 141, 116, 116, 141, 142, 117, 117, 142, 143, 118, 118, 143, 144, 119, 119, 144, 145, 120, 120, 145, 146, 121, 121, 146, 147, 122, 122, 147, 148, 123, 123, 148, 149, 124, 124, 149, 150, 125, 126, 151, 152, 127, 127, 152, 153, 128, 128, 153, 154, 129, 129, 154, 155, 130, 130, 155, 156, 131, 131, 156, 157, 132, 132, 157, 158, 133, 133, 158, 159, 134, 134, 159, 160, 135, 135, 160, 161, 136, 136, 161, 162, 137, 137, 162, 163, 138, 138, 163, 164, 139, 139, 164, 165, 140, 140, 165, 166, 141, 141, 166, 167, 142, 142, 167, 168, 143, 143, 168, 169, 144, 144, 169, 170, 145, 145, 170, 171, 146, 146, 171, 172, 147, 147, 172, 173, 148, 148, 173, 174, 149, 149, 174, 175, 150, 151, 176, 177, 152, 152, 177, 178, 153, 153, 178, 179, 154, 154, 179, 180, 155, 155, 180, 181, 156, 156, 181, 182, 157, 157, 182, 183, 158, 158, 183, 184, 159, 159, 184, 185, 160, 160, 185, 186, 161, 161, 186, 187, 162, 162, 187, 188, 163, 163, 188, 189, 164, 164, 189, 190, 165, 165, 190, 191, 166, 166, 191, 192, 167, 167, 192, 193, 168, 168, 193, 194, 169, 169, 194, 195, 170, 170, 195, 196, 171, 171, 196, 197, 172, 172, 197, 198, 173, 173, 198, 199, 174, 174, 199, 200, 175, 176, 201, 202, 177, 177, 202, 203, 178, 178, 203, 204, 179, 179, 204, 205, 180, 180, 205, 206, 181, 181, 206, 207, 182, 182, 207, 208, 183, 183, 208, 209, 184, 184, 209, 210, 185, 185, 210, 211, 186, 186, 211, 212, 187, 187, 212, 213, 188, 188, 213, 214, 189, 189, 214, 215, 190, 190, 215, 216, 191, 191, 216, 217, 192, 192, 217, 218, 193, 193, 218, 219, 194, 194, 219, 220, 195, 195, 220, 221, 196, 196, 221, 222, 197, 197, 222, 223, 198, 198, 223, 224, 199, 199, 224, 225, 200, 201, 226, 227, 202, 202, 227, 228, 203, 203, 228, 229, 204, 204, 229, 230, 205, 205, 230, 231, 206, 206, 231, 232, 207, 207, 232, 233, 208, 208, 233, 234, 209, 209, 234, 235, 210, 210, 235, 236, 211, 211, 236, 237, 212, 212, 237, 238, 213, 213, 238, 239, 214, 214, 239, 240, 215, 215, 240, 241, 216, 216, 241, 242, 217, 217, 242, 243, 218, 218, 243, 244, 219, 219, 244, 245, 220, 220, 245, 246, 221, 221, 246, 247, 222, 222, 247, 248, 223, 223, 248, 249, 224, 224, 249, 250, 225, 226, 251, 252, 227, 227, 252, 253, 228, 228, 253, 254, 229, 229, 254, 255, 230, 230, 255, 256, 231, 231, 256, 257, 232, 232, 257, 258, 233, 233, 258, 259, 234, 234, 259, 260, 235, 235, 260, 261, 236, 236, 261, 262, 237, 237, 262, 263, 238, 238, 263, 264, 239, 239, 264, 265, 240, 240, 265, 266, 241, 241, 266, 267, 242, 242, 267, 268, 243, 243, 268, 269, 244, 244, 269, 270, 245, 245, 270, 271, 246, 246, 271, 272, 247, 247, 272, 273, 248, 248, 273, 274, 249, 249, 274, 275, 250, 251, 276, 277, 252, 252, 277, 278, 253, 253, 278, 279, 254, 254, 279, 280, 255, 255, 280, 281, 256, 256, 281, 282, 257, 257, 282, 283, 258, 258, 283, 284, 259, 259, 284, 285, 260, 260, 285, 286, 261, 261, 286, 287, 262, 262, 287, 288, 263, 263, 288, 289, 264, 264, 289, 290, 265, 265, 290, 291, 266, 266, 291, 292, 267, 267, 292, 293, 268, 268, 293, 294, 269, 269, 294, 295, 270, 270, 295, 296, 271, 271, 296, 297, 272, 272, 297, 298, 273, 273, 298, 299, 274, 274, 299, 300, 275, 276, 301, 302, 277, 277, 302, 303, 278, 278, 303, 304, 279, 279, 304, 305, 280, 280, 305, 306, 281, 281, 306, 307, 282, 282, 307, 308, 283, 283, 308, 309, 284, 284, 309, 310, 285, 285, 310, 311, 286, 286, 311, 312, 287, 287, 312, 313, 288, 288, 313, 314, 289, 289, 314, 315, 290, 290, 315, 316, 291, 291, 316, 317, 292, 292, 317, 318, 293, 293, 318, 319, 294, 294, 319, 320, 295, 295, 320, 321, 296, 296, 321, 322, 297, 297, 322, 323, 298, 298, 323, 324, 299, 299, 324, 325, 300, 301, 326, 327, 302, 302, 327, 328, 303, 303, 328, 329, 304, 304, 329, 330, 305, 305, 330, 331, 306, 306, 331, 332, 307, 307, 332, 333, 308, 308, 333, 334, 309, 309, 334, 335, 310, 310, 335, 336, 311, 311, 336, 337, 312, 312, 337, 338, 313, 313, 338, 339, 314, 314, 339, 340, 315, 315, 340, 341, 316, 316, 341, 342, 317, 317, 342, 343, 318, 318, 343, 344, 319, 319, 344, 345, 320, 320, 345, 346, 321, 321, 346, 347, 322, 322, 347, 348, 323, 323, 348, 349, 324, 324, 349, 350, 325, 326, 351, 352, 327, 327, 352, 353, 328, 328, 353, 354, 329, 329, 354, 355, 330, 330, 355, 356, 331, 331, 356, 357, 332, 332, 357, 358, 333, 333, 358, 359, 334, 334, 359, 360, 335, 335, 360, 361, 336, 336, 361, 362, 337, 337, 362, 363, 338, 338, 363, 364, 339, 339, 364, 365, 340, 340, 365, 366, 341, 341, 366, 367, 342, 342, 367, 368, 343, 343, 368, 369, 344, 344, 369, 370, 345, 345, 370, 371, 346, 346, 371, 372, 347, 347, 372, 373, 348, 348, 373, 374, 349, 349, 374, 375, 350, 0, 1, 2, 0, 2, 3, 0, 3, 4, 0, 4, 5, 0, 5, 6, 0, 6, 7, 0, 7, 8, 0, 8, 9, 0, 9, 10, 0, 10, 11, 0, 11, 12, 0, 12, 13, 0, 13, 14, 0, 14, 15, 0, 15, 16, 0, 16, 17, 0, 17, 18, 0, 18, 19, 0, 19, 20, 0, 20, 21, 0, 21, 22, 0, 22, 23, 0, 23, 24, 0, 24, 25, 0, 352, 351, 0, 353, 352, 0, 354, 353, 0, 355, 354, 0, 356, 355, 0, 357, 356, 0, 358, 357, 0, 359, 358, 0, 360, 359, 0, 361, 360, 0, 362, 361, 0, 363, 362, 0, 364, 363, 0, 365, 364, 0, 366, 365, 0, 367, 366, 0, 368, 367, 0, 369, 368, 0, 370, 369, 0, 371, 370, 0, 372, 371, 0, 373, 372, 0, 374, 373, 0, 375, 374, 0, 26, 1, 0, 51, 26, 0, 76, 51, 0, 101, 76, 0, 126, 101, 0, 151, 126, 0, 176, 151, 0, 201, 176, 0, 226, 201, 0, 251, 226, 0, 276, 251, 0, 301, 276, 0, 326, 301, 0, 351, 326, 0, 25, 50, 0, 50, 75, 0, 75, 100, 0, 100, 125, 0, 125, 150, 0, 150, 175, 0, 175, 200, 0, 200, 225, 0, 225, 250, 0, 250, 275, 0, 275, 300, 0, 300, 325, 0, 325, 350, 0, 350, 375]
                                rel material:binding = </AecoCctvLooks/Shell_identify>
                                point3f[] points = [(0, 0, 0), (-2.8761597, -1.7556287, -2.2471023), (-2.7495356, -1.8309125, -2.343461), (-2.6059673, -1.9088415, -2.4432058), (-2.4434361, -1.9886547, -2.545362), (-2.2599733, -2.069256, -2.6485271), (-2.0538344, -2.1491578, -2.7507966), (-1.8237385, -2.2264462, -2.8497212), (-1.5691668, -2.2987938, -2.942322), (-1.2906902, -2.36354, -3.0251932), (-0.99026614, -2.4178624, -3.094723), (-0.6714209, -2.4590409, -3.1474288), (-0.33922452, -2.4847813, -3.1803749), (0, -2.4935427, -3.191589), (0.33922452, -2.4847813, -3.1803749), (0.6714209, -2.4590409, -3.1474288), (0.99026614, -2.4178624, -3.094723), (1.2906902, -2.36354, -3.0251932), (1.5691668, -2.2987938, -2.942322), (1.8237385, -2.2264462, -2.8497212), (2.0538344, -2.1491578, -2.7507966), (2.2599733, -2.069256, -2.6485271), (2.4434361, -1.9886547, -2.545362), (2.6059673, -1.9088415, -2.4432058), (2.7495356, -1.8309125, -2.343461), (2.8761597, -1.7556287, -2.2471023), (-2.9506443, -1.5437953, -2.305296), (-2.8272455, -1.613708, -2.4096942), (-2.6863217, -1.6866002, -2.5185416), (-2.525539, -1.7618368, -2.6308897), (-2.34254, -1.8384472, -2.7452893), (-2.1351318, -1.9150529, -2.8596818), (-1.9015564, -1.9898121, -2.9713173), (-1.6408519, -2.0604093, -3.0767376), (-1.3532705, -2.1241186, -3.1718724), (-1.0406859, -2.1779733, -3.2522917), (-0.70687544, -2.2190497, -3.3136296), (-0.35754544, -2.24484, -3.3521414), (0, -2.2536385, -3.36528), (0.35754544, -2.24484, -3.3521414), (0.70687544, -2.2190497, -3.3136296), (1.0406859, -2.1779733, -3.2522917), (1.3532705, -2.1241186, -3.1718724), (1.6408519, -2.0604093, -3.0767376), (1.9015564, -1.9898121, -2.9713173), (2.1351318, -1.9150529, -2.8596818), (2.34254, -1.8384472, -2.7452893), (2.525539, -1.7618368, -2.6308897), (2.6863217, -1.6866002, -2.5185416), (2.8272455, -1.613708, -2.4096942), (2.9506443, -1.5437953, -2.305296), (-3.0184038, -1.3160397, -2.3582354), (-2.8984137, -1.3786073, -2.4703515), (-2.7604504, -1.4442847, -2.58804), (-2.601878, -1.5125763, -2.7104132), (-2.4199548, -1.5826691, -2.8360138), (-2.212023, -1.6533487, -2.9626658), (-1.9758102, -1.7229269, -3.0873442), (-1.7098484, -1.7892066, -3.206112), (-1.4139919, -1.8495233, -3.3141947), (-1.0899523, -1.9008993, -3.4062562), (-0.741709, -1.9403337, -3.4769194), (-0.3756083, -1.9652059, -3.5214884), (0, -1.9737116, -3.5367298), (0.3756083, -1.9652059, -3.5214884), (0.741709, -1.9403337, -3.4769194), (1.0899523, -1.9008993, -3.4062562), (1.4139919, -1.8495233, -3.3141947), (1.7098484, -1.7892066, -3.206112), (1.9758102, -1.7229269, -3.0873442), (2.212023, -1.6533487, -2.9626658), (2.4199548, -1.5826691, -2.8360138), (2.601878, -1.5125763, -2.7104132), (2.7604504, -1.4442847, -2.58804), (2.8984137, -1.3786073, -2.4703515), (3.0184038, -1.3160397, -2.3582354), (-3.0774565, -1.0734295, -2.4043725), (-2.9608183, -1.1266316, -2.5235398), (-2.82589, -1.1828185, -2.6493926), (-2.6697652, -1.2416335, -2.7811322), (-2.4893425, -1.3024395, -2.9173312), (-2.2815158, -1.3642322, -3.0557408), (-2.0434935, -1.425558, -3.1931043), (-1.7732729, -1.4844598, -3.3250382), (-1.4702553, -1.5384933, -3.4460678), (-1.1359215, -1.5848565, -3.5499167), (-0.77439016, -1.6206629, -3.6301196), (-0.39261478, -1.643348, -3.6809316), (0, -1.651124, -3.698349), (0.39261478, -1.643348, -3.6809316), (0.77439016, -1.6206629, -3.6301196), (1.1359215, -1.5848565, -3.5499167), (1.4702553, -1.5384933, -3.4460678), (1.7732729, -1.4844598, -3.3250382), (2.0434935, -1.425558, -3.1931043), (2.2815158, -1.3642322, -3.0557408), (2.4893425, -1.3024395, -2.9173312), (2.6697652, -1.2416335, -2.7811322), (2.82589, -1.1828185, -2.6493926), (2.9608183, -1.1266316, -2.5235398), (3.0774565, -1.0734295, -2.4043725), (-3.1258614, -0.8177351, -2.4421906), (-3.0122433, -0.85964966, -2.56737), (-2.8801346, -0.90414256, -2.7002494), (-2.7264035, -0.9509808, -2.8401332), (-2.5476398, -0.99970573, -2.9856517), (-2.3403387, -1.049554, -3.134525), (-2.10123, -1.0993766, -3.2833214), (-1.827797, -1.1475778, -3.427276), (-1.5189817, -1.1921109, -3.5602756), (-1.175994, -1.2305747, -3.675149), (-0.8030272, -1.2604464, -3.7643616), (-0.4075667, -1.2794485, -3.821112), (0, -1.2859762, -3.840607), (0.4075667, -1.2794485, -3.821112), (0.8030272, -1.2604464, -3.7643616), (1.175994, -1.2305747, -3.675149), (1.5189817, -1.1921109, -3.5602756), (1.827797, -1.1475778, -3.427276), (2.10123, -1.0993766, -3.2833214), (2.3403387, -1.049554, -3.134525), (2.5476398, -0.99970573, -2.9856517), (2.7264035, -0.9509808, -2.8401332), (2.8801346, -0.90414256, -2.7002494), (3.0122433, -0.85964966, -2.56737), (3.1258614, -0.8177351, -2.4421906), (-3.1618693, -0.55143654, -2.470323), (-3.0506608, -0.58040893, -2.6001136), (-2.920851, -0.61128294, -2.7384226), (-2.76914, -0.643925, -2.8846524), (-2.5918813, -0.6780442, -3.0374994), (-2.3852546, -0.7131314, -3.194683), (-2.1456015, -0.7483946, -3.3526552), (-1.8699738, -0.7827055, -3.5063608), (-1.5569103, -0.8145851, -3.649175), (-1.2073616, -0.84226537, -3.773177), (-0.82554364, -0.8638591, -3.8699124), (-0.41935703, -0.8776408, -3.9316514), (0, -0.88238335, -3.952897), (0.41935703, -0.8776408, -3.9316514), (0.82554364, -0.8638591, -3.8699124), (1.2073616, -0.84226537, -3.773177), (1.5569103, -0.8145851, -3.649175), (1.8699738, -0.7827055, -3.5063608), (2.1456015, -0.7483946, -3.3526552), (2.3852546, -0.7131314, -3.194683), (2.5918813, -0.6780442, -3.0374994), (2.76914, -0.643925, -2.8846524), (2.920851, -0.61128294, -2.7384226), (3.0506608, -0.58040893, -2.6001136), (3.1618693, -0.55143654, -2.470323), (-3.1840806, -0.27765512, -2.4876764), (-3.074429, -0.2924655, -2.6203713), (-2.9461255, -0.30828622, -2.7621186), (-2.7957673, -0.3250584, -2.9123905), (-2.6195588, -0.34264234, -3.0699356), (-2.4134781, -0.36078477, -3.232484), (-2.1736126, -0.37908253, -3.3964248), (-1.8967258, -0.3969515, -3.556523), (-1.5810783, -0.41361496, -3.705821), (-1.2274313, -0.4281331, -3.8358977), (-0.839998, -0.43949217, -3.9376702), (-0.42694208, -0.4467575, -4.0027647), (0, -0.44926053, -4.025191), (0.42694208, -0.4467575, -4.0027647), (0.839998, -0.43949217, -3.9376702), (1.2274313, -0.4281331, -3.8358977), (1.5810783, -0.41361496, -3.705821), (1.8967258, -0.3969515, -3.556523), (2.1736126, -0.37908253, -3.3964248), (2.4134781, -0.36078477, -3.232484), (2.6195588, -0.34264234, -3.0699356), (2.7957673, -0.3250584, -2.9123905), (2.9461255, -0.30828622, -2.7621186), (3.074429, -0.2924655, -2.6203713), (3.1840806, -0.27765512, -2.4876764), (-3.191589, 0, -2.4935427), (-3.082476, 0, -2.62723), (-2.9546974, 0, -2.7701552), (-2.8048153, 0, -2.9218159), (-2.6289835, 0, -3.0809805), (-2.423111, 0, -3.245386), (-2.1831963, 0, -3.4113998), (-1.9059016, 0, -3.5737286), (-1.5893879, 0, -3.7252977), (-1.2343469, 0, -3.85751), (-0.8449875, 0, -3.9610596), (-0.4295634, 0, -4.0273404), (0, 0, -4.0501847), (0.4295634, 0, -4.0273404), (0.8449875, 0, -3.9610596), (1.2343469, 0, -3.85751), (1.5893879, 0, -3.7252977), (1.9059016, 0, -3.5737286), (2.1831963, 0, -3.4113998), (2.423111, 0, -3.245386), (2.6289835, 0, -3.0809805), (2.8048153, 0, -2.9218159), (2.9546974, 0, -2.7701552), (3.082476, 0, -2.62723), (3.191589, 0, -2.4935427), (-3.1840806, 0.27765512, -2.4876764), (-3.074429, 0.2924655, -2.6203713), (-2.9461255, 0.30828622, -2.7621186), (-2.7957673, 0.3250584, -2.9123905), (-2.6195588, 0.34264234, -3.0699356), (-2.4134781, 0.36078477, -3.232484), (-2.1736126, 0.37908253, -3.3964248), (-1.8967258, 0.3969515, -3.556523), (-1.5810783, 0.41361496, -3.705821), (-1.2274313, 0.4281331, -3.8358977), (-0.839998, 0.43949217, -3.9376702), (-0.42694208, 0.4467575, -4.0027647), (0, 0.44926053, -4.025191), (0.42694208, 0.4467575, -4.0027647), (0.839998, 0.43949217, -3.9376702), (1.2274313, 0.4281331, -3.8358977), (1.5810783, 0.41361496, -3.705821), (1.8967258, 0.3969515, -3.556523), (2.1736126, 0.37908253, -3.3964248), (2.4134781, 0.36078477, -3.232484), (2.6195588, 0.34264234, -3.0699356), (2.7957673, 0.3250584, -2.9123905), (2.9461255, 0.30828622, -2.7621186), (3.074429, 0.2924655, -2.6203713), (3.1840806, 0.27765512, -2.4876764), (-3.1618693, 0.55143654, -2.470323), (-3.0506608, 0.58040893, -2.6001136), (-2.920851, 0.61128294, -2.7384226), (-2.76914, 0.643925, -2.8846524), (-2.5918813, 0.6780442, -3.0374994), (-2.3852546, 0.7131314, -3.194683), (-2.1456015, 0.7483946, -3.3526552), (-1.8699738, 0.7827055, -3.5063608), (-1.5569103, 0.8145851, -3.649175), (-1.2073616, 0.84226537, -3.773177), (-0.82554364, 0.8638591, -3.8699124), (-0.41935703, 0.8776408, -3.9316514), (0, 0.88238335, -3.952897), (0.41935703, 0.8776408, -3.9316514), (0.82554364, 0.8638591, -3.8699124), (1.2073616, 0.84226537, -3.773177), (1.5569103, 0.8145851, -3.649175), (1.8699738, 0.7827055, -3.5063608), (2.1456015, 0.7483946, -3.3526552), (2.3852546, 0.7131314, -3.194683), (2.5918813, 0.6780442, -3.0374994), (2.76914, 0.643925, -2.8846524), (2.920851, 0.61128294, -2.7384226), (3.0506608, 0.58040893, -2.6001136), (3.1618693, 0.55143654, -2.470323), (-3.1258614, 0.8177351, -2.4421906), (-3.0122433, 0.85964966, -2.56737), (-2.8801346, 0.90414256, -2.7002494), (-2.7264035, 0.9509808, -2.8401332), (-2.5476398, 0.99970573, -2.9856517), (-2.3403387, 1.049554, -3.134525), (-2.10123, 1.0993766, -3.2833214), (-1.827797, 1.1475778, -3.427276), (-1.5189817, 1.1921109, -3.5602756), (-1.175994, 1.2305747, -3.675149), (-0.8030272, 1.2604464, -3.7643616), (-0.4075667, 1.2794485, -3.821112), (0, 1.2859762, -3.840607), (0.4075667, 1.2794485, -3.821112), (0.8030272, 1.2604464, -3.7643616), (1.175994, 1.2305747, -3.675149), (1.5189817, 1.1921109, -3.5602756), (1.827797, 1.1475778, -3.427276), (2.10123, 1.0993766, -3.2833214), (2.3403387, 1.049554, -3.134525), (2.5476398, 0.99970573, -2.9856517), (2.7264035, 0.9509808, -2.8401332), (2.8801346, 0.90414256, -2.7002494), (3.0122433, 0.85964966, -2.56737), (3.1258614, 0.8177351, -2.4421906), (-3.0774565, 1.0734295, -2.4043725), (-2.9608183, 1.1266316, -2.5235398), (-2.82589, 1.1828185, -2.6493926), (-2.6697652, 1.2416335, -2.7811322), (-2.4893425, 1.3024395, -2.9173312), (-2.2815158, 1.3642322, -3.0557408), (-2.0434935, 1.425558, -3.1931043), (-1.7732729, 1.4844598, -3.3250382), (-1.4702553, 1.5384933, -3.4460678), (-1.1359215, 1.5848565, -3.5499167), (-0.77439016, 1.6206629, -3.6301196), (-0.39261478, 1.643348, -3.6809316), (0, 1.651124, -3.698349), (0.39261478, 1.643348, -3.6809316), (0.77439016, 1.6206629, -3.6301196), (1.1359215, 1.5848565, -3.5499167), (1.4702553, 1.5384933, -3.4460678), (1.7732729, 1.4844598, -3.3250382), (2.0434935, 1.425558, -3.1931043), (2.2815158, 1.3642322, -3.0557408), (2.4893425, 1.3024395, -2.9173312), (2.6697652, 1.2416335, -2.7811322), (2.82589, 1.1828185, -2.6493926), (2.9608183, 1.1266316, -2.5235398), (3.0774565, 1.0734295, -2.4043725), (-3.0184038, 1.3160397, -2.3582354), (-2.8984137, 1.3786073, -2.4703515), (-2.7604504, 1.4442847, -2.58804), (-2.601878, 1.5125763, -2.7104132), (-2.4199548, 1.5826691, -2.8360138), (-2.212023, 1.6533487, -2.9626658), (-1.9758102, 1.7229269, -3.0873442), (-1.7098484, 1.7892066, -3.206112), (-1.4139919, 1.8495233, -3.3141947), (-1.0899523, 1.9008993, -3.4062562), (-0.741709, 1.9403337, -3.4769194), (-0.3756083, 1.9652059, -3.5214884), (0, 1.9737116, -3.5367298), (0.3756083, 1.9652059, -3.5214884), (0.741709, 1.9403337, -3.4769194), (1.0899523, 1.9008993, -3.4062562), (1.4139919, 1.8495233, -3.3141947), (1.7098484, 1.7892066, -3.206112), (1.9758102, 1.7229269, -3.0873442), (2.212023, 1.6533487, -2.9626658), (2.4199548, 1.5826691, -2.8360138), (2.601878, 1.5125763, -2.7104132), (2.7604504, 1.4442847, -2.58804), (2.8984137, 1.3786073, -2.4703515), (3.0184038, 1.3160397, -2.3582354), (-2.9506443, 1.5437953, -2.305296), (-2.8272455, 1.613708, -2.4096942), (-2.6863217, 1.6866002, -2.5185416), (-2.525539, 1.7618368, -2.6308897), (-2.34254, 1.8384472, -2.7452893), (-2.1351318, 1.9150529, -2.8596818), (-1.9015564, 1.9898121, -2.9713173), (-1.6408519, 2.0604093, -3.0767376), (-1.3532705, 2.1241186, -3.1718724), (-1.0406859, 2.1779733, -3.2522917), (-0.70687544, 2.2190497, -3.3136296), (-0.35754544, 2.24484, -3.3521414), (0, 2.2536385, -3.36528), (0.35754544, 2.24484, -3.3521414), (0.70687544, 2.2190497, -3.3136296), (1.0406859, 2.1779733, -3.2522917), (1.3532705, 2.1241186, -3.1718724), (1.6408519, 2.0604093, -3.0767376), (1.9015564, 1.9898121, -2.9713173), (2.1351318, 1.9150529, -2.8596818), (2.34254, 1.8384472, -2.7452893), (2.525539, 1.7618368, -2.6308897), (2.6863217, 1.6866002, -2.5185416), (2.8272455, 1.613708, -2.4096942), (2.9506443, 1.5437953, -2.305296), (-2.8761597, 1.7556287, -2.2471023), (-2.7495356, 1.8309125, -2.343461), (-2.6059673, 1.9088415, -2.4432058), (-2.4434361, 1.9886547, -2.545362), (-2.2599733, 2.069256, -2.6485271), (-2.0538344, 2.1491578, -2.7507966), (-1.8237385, 2.2264462, -2.8497212), (-1.5691668, 2.2987938, -2.942322), (-1.2906902, 2.36354, -3.0251932), (-0.99026614, 2.4178624, -3.094723), (-0.6714209, 2.4590409, -3.1474288), (-0.33922452, 2.4847813, -3.1803749), (0, 2.4935427, -3.191589), (0.33922452, 2.4847813, -3.1803749), (0.6714209, 2.4590409, -3.1474288), (0.99026614, 2.4178624, -3.094723), (1.2906902, 2.36354, -3.0251932), (1.5691668, 2.2987938, -2.942322), (1.8237385, 2.2264462, -2.8497212), (2.0538344, 2.1491578, -2.7507966), (2.2599733, 2.069256, -2.6485271), (2.4434361, 1.9886547, -2.545362), (2.6059673, 1.9088415, -2.4432058), (2.7495356, 1.8309125, -2.343461), (2.8761597, 1.7556287, -2.2471023)]
                                color3f[] primvars:displayColor = [(0, 0.5, 0.45)] (
                                    interpolation = "constant"
                                )
                                float[] primvars:displayOpacity = [0.3] (
                                    interpolation = "constant"
                                )
                                uniform token purpose = "guide"
                                uniform token subdivisionScheme = "none"
                            }

                            def Mesh "Shell_recognise" (
                                prepend apiSchemas = ["AecoDerivedGeometryAPI", "MaterialBindingAPI"]
                            )
                            {
                                uniform token aeco:derived:approx = "tessellated"
                                uniform token aeco:derived:role = "coverage"
                                string aeco:derived:source = "eecb40ab-3b50-5217-8489-8fed04a3483c"
                                string aeco:derived:stamp = "usdAecoCctv derive 0.5.3"
                                uniform bool doubleSided = 1
                                float3[] extent = [(-6.383178, -4.9870853, -8.100369), (6.383178, 4.9870853, 0)]
                                int[] faceVertexCounts = [4, 4, 4, 4, 4, 4, 4, 4, 4, 4, 4, 4, 4, 4, 4, 4, 4, 4, 4, 4, 4, 4, 4, 4, 4, 4, 4, 4, 4, 4, 4, 4, 4, 4, 4, 4, 4, 4, 4, 4, 4, 4, 4, 4, 4, 4, 4, 4, 4, 4, 4, 4, 4, 4, 4, 4, 4, 4, 4, 4, 4, 4, 4, 4, 4, 4, 4, 4, 4, 4, 4, 4, 4, 4, 4, 4, 4, 4, 4, 4, 4, 4, 4, 4, 4, 4, 4, 4, 4, 4, 4, 4, 4, 4, 4, 4, 4, 4, 4, 4, 4, 4, 4, 4, 4, 4, 4, 4, 4, 4, 4, 4, 4, 4, 4, 4, 4, 4, 4, 4, 4, 4, 4, 4, 4, 4, 4, 4, 4, 4, 4, 4, 4, 4, 4, 4, 4, 4, 4, 4, 4, 4, 4, 4, 4, 4, 4, 4, 4, 4, 4, 4, 4, 4, 4, 4, 4, 4, 4, 4, 4, 4, 4, 4, 4, 4, 4, 4, 4, 4, 4, 4, 4, 4, 4, 4, 4, 4, 4, 4, 4, 4, 4, 4, 4, 4, 4, 4, 4, 4, 4, 4, 4, 4, 4, 4, 4, 4, 4, 4, 4, 4, 4, 4, 4, 4, 4, 4, 4, 4, 4, 4, 4, 4, 4, 4, 4, 4, 4, 4, 4, 4, 4, 4, 4, 4, 4, 4, 4, 4, 4, 4, 4, 4, 4, 4, 4, 4, 4, 4, 4, 4, 4, 4, 4, 4, 4, 4, 4, 4, 4, 4, 4, 4, 4, 4, 4, 4, 4, 4, 4, 4, 4, 4, 4, 4, 4, 4, 4, 4, 4, 4, 4, 4, 4, 4, 4, 4, 4, 4, 4, 4, 4, 4, 4, 4, 4, 4, 4, 4, 4, 4, 4, 4, 4, 4, 4, 4, 4, 4, 4, 4, 4, 4, 4, 4, 4, 4, 4, 4, 4, 4, 4, 4, 4, 4, 4, 4, 4, 4, 4, 4, 4, 4, 4, 4, 4, 4, 4, 4, 4, 4, 4, 4, 4, 4, 3, 3, 3, 3, 3, 3, 3, 3, 3, 3, 3, 3, 3, 3, 3, 3, 3, 3, 3, 3, 3, 3, 3, 3, 3, 3, 3, 3, 3, 3, 3, 3, 3, 3, 3, 3, 3, 3, 3, 3, 3, 3, 3, 3, 3, 3, 3, 3, 3, 3, 3, 3, 3, 3, 3, 3, 3, 3, 3, 3, 3, 3, 3, 3, 3, 3, 3, 3, 3, 3, 3, 3, 3, 3, 3, 3]
                                int[] faceVertexIndices = [1, 26, 27, 2, 2, 27, 28, 3, 3, 28, 29, 4, 4, 29, 30, 5, 5, 30, 31, 6, 6, 31, 32, 7, 7, 32, 33, 8, 8, 33, 34, 9, 9, 34, 35, 10, 10, 35, 36, 11, 11, 36, 37, 12, 12, 37, 38, 13, 13, 38, 39, 14, 14, 39, 40, 15, 15, 40, 41, 16, 16, 41, 42, 17, 17, 42, 43, 18, 18, 43, 44, 19, 19, 44, 45, 20, 20, 45, 46, 21, 21, 46, 47, 22, 22, 47, 48, 23, 23, 48, 49, 24, 24, 49, 50, 25, 26, 51, 52, 27, 27, 52, 53, 28, 28, 53, 54, 29, 29, 54, 55, 30, 30, 55, 56, 31, 31, 56, 57, 32, 32, 57, 58, 33, 33, 58, 59, 34, 34, 59, 60, 35, 35, 60, 61, 36, 36, 61, 62, 37, 37, 62, 63, 38, 38, 63, 64, 39, 39, 64, 65, 40, 40, 65, 66, 41, 41, 66, 67, 42, 42, 67, 68, 43, 43, 68, 69, 44, 44, 69, 70, 45, 45, 70, 71, 46, 46, 71, 72, 47, 47, 72, 73, 48, 48, 73, 74, 49, 49, 74, 75, 50, 51, 76, 77, 52, 52, 77, 78, 53, 53, 78, 79, 54, 54, 79, 80, 55, 55, 80, 81, 56, 56, 81, 82, 57, 57, 82, 83, 58, 58, 83, 84, 59, 59, 84, 85, 60, 60, 85, 86, 61, 61, 86, 87, 62, 62, 87, 88, 63, 63, 88, 89, 64, 64, 89, 90, 65, 65, 90, 91, 66, 66, 91, 92, 67, 67, 92, 93, 68, 68, 93, 94, 69, 69, 94, 95, 70, 70, 95, 96, 71, 71, 96, 97, 72, 72, 97, 98, 73, 73, 98, 99, 74, 74, 99, 100, 75, 76, 101, 102, 77, 77, 102, 103, 78, 78, 103, 104, 79, 79, 104, 105, 80, 80, 105, 106, 81, 81, 106, 107, 82, 82, 107, 108, 83, 83, 108, 109, 84, 84, 109, 110, 85, 85, 110, 111, 86, 86, 111, 112, 87, 87, 112, 113, 88, 88, 113, 114, 89, 89, 114, 115, 90, 90, 115, 116, 91, 91, 116, 117, 92, 92, 117, 118, 93, 93, 118, 119, 94, 94, 119, 120, 95, 95, 120, 121, 96, 96, 121, 122, 97, 97, 122, 123, 98, 98, 123, 124, 99, 99, 124, 125, 100, 101, 126, 127, 102, 102, 127, 128, 103, 103, 128, 129, 104, 104, 129, 130, 105, 105, 130, 131, 106, 106, 131, 132, 107, 107, 132, 133, 108, 108, 133, 134, 109, 109, 134, 135, 110, 110, 135, 136, 111, 111, 136, 137, 112, 112, 137, 138, 113, 113, 138, 139, 114, 114, 139, 140, 115, 115, 140, 141, 116, 116, 141, 142, 117, 117, 142, 143, 118, 118, 143, 144, 119, 119, 144, 145, 120, 120, 145, 146, 121, 121, 146, 147, 122, 122, 147, 148, 123, 123, 148, 149, 124, 124, 149, 150, 125, 126, 151, 152, 127, 127, 152, 153, 128, 128, 153, 154, 129, 129, 154, 155, 130, 130, 155, 156, 131, 131, 156, 157, 132, 132, 157, 158, 133, 133, 158, 159, 134, 134, 159, 160, 135, 135, 160, 161, 136, 136, 161, 162, 137, 137, 162, 163, 138, 138, 163, 164, 139, 139, 164, 165, 140, 140, 165, 166, 141, 141, 166, 167, 142, 142, 167, 168, 143, 143, 168, 169, 144, 144, 169, 170, 145, 145, 170, 171, 146, 146, 171, 172, 147, 147, 172, 173, 148, 148, 173, 174, 149, 149, 174, 175, 150, 151, 176, 177, 152, 152, 177, 178, 153, 153, 178, 179, 154, 154, 179, 180, 155, 155, 180, 181, 156, 156, 181, 182, 157, 157, 182, 183, 158, 158, 183, 184, 159, 159, 184, 185, 160, 160, 185, 186, 161, 161, 186, 187, 162, 162, 187, 188, 163, 163, 188, 189, 164, 164, 189, 190, 165, 165, 190, 191, 166, 166, 191, 192, 167, 167, 192, 193, 168, 168, 193, 194, 169, 169, 194, 195, 170, 170, 195, 196, 171, 171, 196, 197, 172, 172, 197, 198, 173, 173, 198, 199, 174, 174, 199, 200, 175, 176, 201, 202, 177, 177, 202, 203, 178, 178, 203, 204, 179, 179, 204, 205, 180, 180, 205, 206, 181, 181, 206, 207, 182, 182, 207, 208, 183, 183, 208, 209, 184, 184, 209, 210, 185, 185, 210, 211, 186, 186, 211, 212, 187, 187, 212, 213, 188, 188, 213, 214, 189, 189, 214, 215, 190, 190, 215, 216, 191, 191, 216, 217, 192, 192, 217, 218, 193, 193, 218, 219, 194, 194, 219, 220, 195, 195, 220, 221, 196, 196, 221, 222, 197, 197, 222, 223, 198, 198, 223, 224, 199, 199, 224, 225, 200, 201, 226, 227, 202, 202, 227, 228, 203, 203, 228, 229, 204, 204, 229, 230, 205, 205, 230, 231, 206, 206, 231, 232, 207, 207, 232, 233, 208, 208, 233, 234, 209, 209, 234, 235, 210, 210, 235, 236, 211, 211, 236, 237, 212, 212, 237, 238, 213, 213, 238, 239, 214, 214, 239, 240, 215, 215, 240, 241, 216, 216, 241, 242, 217, 217, 242, 243, 218, 218, 243, 244, 219, 219, 244, 245, 220, 220, 245, 246, 221, 221, 246, 247, 222, 222, 247, 248, 223, 223, 248, 249, 224, 224, 249, 250, 225, 226, 251, 252, 227, 227, 252, 253, 228, 228, 253, 254, 229, 229, 254, 255, 230, 230, 255, 256, 231, 231, 256, 257, 232, 232, 257, 258, 233, 233, 258, 259, 234, 234, 259, 260, 235, 235, 260, 261, 236, 236, 261, 262, 237, 237, 262, 263, 238, 238, 263, 264, 239, 239, 264, 265, 240, 240, 265, 266, 241, 241, 266, 267, 242, 242, 267, 268, 243, 243, 268, 269, 244, 244, 269, 270, 245, 245, 270, 271, 246, 246, 271, 272, 247, 247, 272, 273, 248, 248, 273, 274, 249, 249, 274, 275, 250, 251, 276, 277, 252, 252, 277, 278, 253, 253, 278, 279, 254, 254, 279, 280, 255, 255, 280, 281, 256, 256, 281, 282, 257, 257, 282, 283, 258, 258, 283, 284, 259, 259, 284, 285, 260, 260, 285, 286, 261, 261, 286, 287, 262, 262, 287, 288, 263, 263, 288, 289, 264, 264, 289, 290, 265, 265, 290, 291, 266, 266, 291, 292, 267, 267, 292, 293, 268, 268, 293, 294, 269, 269, 294, 295, 270, 270, 295, 296, 271, 271, 296, 297, 272, 272, 297, 298, 273, 273, 298, 299, 274, 274, 299, 300, 275, 276, 301, 302, 277, 277, 302, 303, 278, 278, 303, 304, 279, 279, 304, 305, 280, 280, 305, 306, 281, 281, 306, 307, 282, 282, 307, 308, 283, 283, 308, 309, 284, 284, 309, 310, 285, 285, 310, 311, 286, 286, 311, 312, 287, 287, 312, 313, 288, 288, 313, 314, 289, 289, 314, 315, 290, 290, 315, 316, 291, 291, 316, 317, 292, 292, 317, 318, 293, 293, 318, 319, 294, 294, 319, 320, 295, 295, 320, 321, 296, 296, 321, 322, 297, 297, 322, 323, 298, 298, 323, 324, 299, 299, 324, 325, 300, 301, 326, 327, 302, 302, 327, 328, 303, 303, 328, 329, 304, 304, 329, 330, 305, 305, 330, 331, 306, 306, 331, 332, 307, 307, 332, 333, 308, 308, 333, 334, 309, 309, 334, 335, 310, 310, 335, 336, 311, 311, 336, 337, 312, 312, 337, 338, 313, 313, 338, 339, 314, 314, 339, 340, 315, 315, 340, 341, 316, 316, 341, 342, 317, 317, 342, 343, 318, 318, 343, 344, 319, 319, 344, 345, 320, 320, 345, 346, 321, 321, 346, 347, 322, 322, 347, 348, 323, 323, 348, 349, 324, 324, 349, 350, 325, 326, 351, 352, 327, 327, 352, 353, 328, 328, 353, 354, 329, 329, 354, 355, 330, 330, 355, 356, 331, 331, 356, 357, 332, 332, 357, 358, 333, 333, 358, 359, 334, 334, 359, 360, 335, 335, 360, 361, 336, 336, 361, 362, 337, 337, 362, 363, 338, 338, 363, 364, 339, 339, 364, 365, 340, 340, 365, 366, 341, 341, 366, 367, 342, 342, 367, 368, 343, 343, 368, 369, 344, 344, 369, 370, 345, 345, 370, 371, 346, 346, 371, 372, 347, 347, 372, 373, 348, 348, 373, 374, 349, 349, 374, 375, 350, 0, 1, 2, 0, 2, 3, 0, 3, 4, 0, 4, 5, 0, 5, 6, 0, 6, 7, 0, 7, 8, 0, 8, 9, 0, 9, 10, 0, 10, 11, 0, 11, 12, 0, 12, 13, 0, 13, 14, 0, 14, 15, 0, 15, 16, 0, 16, 17, 0, 17, 18, 0, 18, 19, 0, 19, 20, 0, 20, 21, 0, 21, 22, 0, 22, 23, 0, 23, 24, 0, 24, 25, 0, 352, 351, 0, 353, 352, 0, 354, 353, 0, 355, 354, 0, 356, 355, 0, 357, 356, 0, 358, 357, 0, 359, 358, 0, 360, 359, 0, 361, 360, 0, 362, 361, 0, 363, 362, 0, 364, 363, 0, 365, 364, 0, 366, 365, 0, 367, 366, 0, 368, 367, 0, 369, 368, 0, 370, 369, 0, 371, 370, 0, 372, 371, 0, 373, 372, 0, 374, 373, 0, 375, 374, 0, 26, 1, 0, 51, 26, 0, 76, 51, 0, 101, 76, 0, 126, 101, 0, 151, 126, 0, 176, 151, 0, 201, 176, 0, 226, 201, 0, 251, 226, 0, 276, 251, 0, 301, 276, 0, 326, 301, 0, 351, 326, 0, 25, 50, 0, 50, 75, 0, 75, 100, 0, 100, 125, 0, 125, 150, 0, 150, 175, 0, 175, 200, 0, 200, 225, 0, 225, 250, 0, 250, 275, 0, 275, 300, 0, 300, 325, 0, 325, 350, 0, 350, 375]
                                rel material:binding = </AecoCctvLooks/Shell_recognise>
                                point3f[] points = [(0, 0, 0), (-5.7523193, -3.5112574, -4.4942045), (-5.499071, -3.661825, -4.686922), (-5.2119346, -3.817683, -4.8864117), (-4.8868723, -3.9773095, -5.090724), (-4.5199466, -4.138512, -5.2970543), (-4.107669, -4.2983155, -5.501593), (-3.647477, -4.4528923, -5.6994424), (-3.1383336, -4.5975876, -5.884644), (-2.5813804, -4.72708, -6.0503864), (-1.9805323, -4.835725, -6.189446), (-1.3428417, -4.9180818, -6.2948575), (-0.67844903, -4.9695625, -6.3607497), (0, -4.9870853, -6.383178), (0.67844903, -4.9695625, -6.3607497), (1.3428417, -4.9180818, -6.2948575), (1.9805323, -4.835725, -6.189446), (2.5813804, -4.72708, -6.0503864), (3.1383336, -4.5975876, -5.884644), (3.647477, -4.4528923, -5.6994424), (4.107669, -4.2983155, -5.501593), (4.5199466, -4.138512, -5.2970543), (4.8868723, -3.9773095, -5.090724), (5.2119346, -3.817683, -4.8864117), (5.499071, -3.661825, -4.686922), (5.7523193, -3.5112574, -4.4942045), (-5.9012885, -3.0875907, -4.610592), (-5.654491, -3.227416, -4.8193884), (-5.3726435, -3.3732004, -5.037083), (-5.051078, -3.5236735, -5.2617793), (-4.68508, -3.6768944, -5.4905787), (-4.2702637, -3.8301058, -5.7193637), (-3.8031127, -3.9796243, -5.9426346), (-3.2817037, -4.1208186, -6.1534753), (-2.706541, -4.248237, -6.3437448), (-2.0813718, -4.3559465, -6.5045834), (-1.4137509, -4.4380994, -6.6272593), (-0.7150909, -4.48968, -6.7042828), (0, -4.507277, -6.73056), (0.7150909, -4.48968, -6.7042828), (1.4137509, -4.4380994, -6.6272593), (2.0813718, -4.3559465, -6.5045834), (2.706541, -4.248237, -6.3437448), (3.2817037, -4.1208186, -6.1534753), (3.8031127, -3.9796243, -5.9426346), (4.2702637, -3.8301058, -5.7193637), (4.68508, -3.6768944, -5.4905787), (5.051078, -3.5236735, -5.2617793), (5.3726435, -3.3732004, -5.037083), (5.654491, -3.227416, -4.8193884), (5.9012885, -3.0875907, -4.610592), (-6.0368075, -2.6320794, -4.7164707), (-5.7968273, -2.7572145, -4.940703), (-5.5209007, -2.8885694, -5.17608), (-5.203756, -3.0251527, -5.4208264), (-4.8399096, -3.1653383, -5.6720276), (-4.424046, -3.3066974, -5.9253316), (-3.9516203, -3.4458537, -6.1746883), (-3.4196968, -3.5784132, -6.412224), (-2.8279839, -3.6990466, -6.6283894), (-2.1799047, -3.8017986, -6.8125124), (-1.483418, -3.8806674, -6.953839), (-0.7512166, -3.9304118, -7.042977), (0, -3.9474232, -7.0734596), (0.7512166, -3.9304118, -7.042977), (1.483418, -3.8806674, -6.953839), (2.1799047, -3.8017986, -6.8125124), (2.8279839, -3.6990466, -6.6283894), (3.4196968, -3.5784132, -6.412224), (3.9516203, -3.4458537, -6.1746883), (4.424046, -3.3066974, -5.9253316), (4.8399096, -3.1653383, -5.6720276), (5.203756, -3.0251527, -5.4208264), (5.5209007, -2.8885694, -5.17608), (5.7968273, -2.7572145, -4.940703), (6.0368075, -2.6320794, -4.7164707), (-6.154913, -2.146859, -4.808745), (-5.9216366, -2.2532632, -5.0470796), (-5.65178, -2.365637, -5.298785), (-5.3395305, -2.483267, -5.5622644), (-4.978685, -2.604879, -5.8346624), (-4.5630317, -2.7284644, -6.1114817), (-4.086987, -2.851116, -6.3862085), (-3.5465457, -2.9689195, -6.6500764), (-2.9405105, -3.0769866, -6.8921356), (-2.271843, -3.169713, -7.0998335), (-1.5487803, -3.2413259, -7.260239), (-0.78522956, -3.286696, -7.361863), (0, -3.302248, -7.396698), (0.78522956, -3.286696, -7.361863), (1.5487803, -3.2413259, -7.260239), (2.271843, -3.169713, -7.0998335), (2.9405105, -3.0769866, -6.8921356), (3.5465457, -2.9689195, -6.6500764), (4.086987, -2.851116, -6.3862085), (4.5630317, -2.7284644, -6.1114817), (4.978685, -2.604879, -5.8346624), (5.3395305, -2.483267, -5.5622644), (5.65178, -2.365637, -5.298785), (5.9216366, -2.2532632, -5.0470796), (6.154913, -2.146859, -4.808745), (-6.251723, -1.6354702, -4.8843813), (-6.0244865, -1.7192993, -5.13474), (-5.760269, -1.8082851, -5.400499), (-5.452807, -1.9019616, -5.6802664), (-5.0952797, -1.9994115, -5.9713035), (-4.6806774, -2.099108, -6.26905), (-4.20246, -2.198753, -6.5666428), (-3.655594, -2.2951555, -6.854552), (-3.0379634, -2.3842218, -7.120551), (-2.351988, -2.4611495, -7.350298), (-1.6060544, -2.5208929, -7.5287232), (-0.8151334, -2.558897, -7.642224), (0, -2.5719523, -7.681214), (0.8151334, -2.558897, -7.642224), (1.6060544, -2.5208929, -7.5287232), (2.351988, -2.4611495, -7.350298), (3.0379634, -2.3842218, -7.120551), (3.655594, -2.2951555, -6.854552), (4.20246, -2.198753, -6.5666428), (4.6806774, -2.099108, -6.26905), (5.0952797, -1.9994115, -5.9713035), (5.452807, -1.9019616, -5.6802664), (5.760269, -1.8082851, -5.400499), (6.0244865, -1.7192993, -5.13474), (6.251723, -1.6354702, -4.8843813), (-6.3237386, -1.1028731, -4.940646), (-6.1013217, -1.1608179, -5.2002273), (-5.841702, -1.2225659, -5.4768453), (-5.53828, -1.28785, -5.7693048), (-5.1837626, -1.3560884, -6.074999), (-4.7705092, -1.4262629, -6.389366), (-4.291203, -1.4967892, -6.7053103), (-3.7399476, -1.565411, -7.0127215), (-3.1138206, -1.6291702, -7.29835), (-2.4147232, -1.6845307, -7.546354), (-1.6510873, -1.7277182, -7.739825), (-0.83871406, -1.7552816, -7.8633027), (0, -1.7647667, -7.905794), (0.83871406, -1.7552816, -7.8633027), (1.6510873, -1.7277182, -7.739825), (2.4147232, -1.6845307, -7.546354), (3.1138206, -1.6291702, -7.29835), (3.7399476, -1.565411, -7.0127215), (4.291203, -1.4967892, -6.7053103), (4.7705092, -1.4262629, -6.389366), (5.1837626, -1.3560884, -6.074999), (5.53828, -1.28785, -5.7693048), (5.841702, -1.2225659, -5.4768453), (6.1013217, -1.1608179, -5.2002273), (6.3237386, -1.1028731, -4.940646), (-6.368161, -0.55531025, -4.975353), (-6.148858, -0.584931, -5.2407427), (-5.892251, -0.61657244, -5.524237), (-5.5915346, -0.6501168, -5.824781), (-5.2391176, -0.6852847, -6.139871), (-4.8269563, -0.72156954, -6.464968), (-4.347225, -0.75816506, -6.7928495), (-3.7934515, -0.793903, -7.113046), (-3.1621566, -0.8272299, -7.411642), (-2.4548626, -0.8562662, -7.6717954), (-1.679996, -0.87898433, -7.8753405), (-0.85388416, -0.893515, -8.005529), (0, -0.89852107, -8.050382), (0.85388416, -0.893515, -8.005529), (1.679996, -0.87898433, -7.8753405), (2.4548626, -0.8562662, -7.6717954), (3.1621566, -0.8272299, -7.411642), (3.7934515, -0.793903, -7.113046), (4.347225, -0.75816506, -6.7928495), (4.8269563, -0.72156954, -6.464968), (5.2391176, -0.6852847, -6.139871), (5.5915346, -0.6501168, -5.824781), (5.892251, -0.61657244, -5.524237), (6.148858, -0.584931, -5.2407427), (6.368161, -0.55531025, -4.975353), (-6.383178, 0, -4.9870853), (-6.164952, 0, -5.25446), (-5.9093947, 0, -5.5403104), (-5.6096306, 0, -5.8436317), (-5.257967, 0, -6.161961), (-4.846222, 0, -6.490772), (-4.3663926, 0, -6.8227997), (-3.811803, 0, -7.147457), (-3.1787758, 0, -7.4505954), (-2.4686937, 0, -7.71502), (-1.689975, 0, -7.922119), (-0.8591268, 0, -8.054681), (0, 0, -8.100369), (0.8591268, 0, -8.054681), (1.689975, 0, -7.922119), (2.4686937, 0, -7.71502), (3.1787758, 0, -7.4505954), (3.811803, 0, -7.147457), (4.3663926, 0, -6.8227997), (4.846222, 0, -6.490772), (5.257967, 0, -6.161961), (5.6096306, 0, -5.8436317), (5.9093947, 0, -5.5403104), (6.164952, 0, -5.25446), (6.383178, 0, -4.9870853), (-6.368161, 0.55531025, -4.975353), (-6.148858, 0.584931, -5.2407427), (-5.892251, 0.61657244, -5.524237), (-5.5915346, 0.6501168, -5.824781), (-5.2391176, 0.6852847, -6.139871), (-4.8269563, 0.72156954, -6.464968), (-4.347225, 0.75816506, -6.7928495), (-3.7934515, 0.793903, -7.113046), (-3.1621566, 0.8272299, -7.411642), (-2.4548626, 0.8562662, -7.6717954), (-1.679996, 0.87898433, -7.8753405), (-0.85388416, 0.893515, -8.005529), (0, 0.89852107, -8.050382), (0.85388416, 0.893515, -8.005529), (1.679996, 0.87898433, -7.8753405), (2.4548626, 0.8562662, -7.6717954), (3.1621566, 0.8272299, -7.411642), (3.7934515, 0.793903, -7.113046), (4.347225, 0.75816506, -6.7928495), (4.8269563, 0.72156954, -6.464968), (5.2391176, 0.6852847, -6.139871), (5.5915346, 0.6501168, -5.824781), (5.892251, 0.61657244, -5.524237), (6.148858, 0.584931, -5.2407427), (6.368161, 0.55531025, -4.975353), (-6.3237386, 1.1028731, -4.940646), (-6.1013217, 1.1608179, -5.2002273), (-5.841702, 1.2225659, -5.4768453), (-5.53828, 1.28785, -5.7693048), (-5.1837626, 1.3560884, -6.074999), (-4.7705092, 1.4262629, -6.389366), (-4.291203, 1.4967892, -6.7053103), (-3.7399476, 1.565411, -7.0127215), (-3.1138206, 1.6291702, -7.29835), (-2.4147232, 1.6845307, -7.546354), (-1.6510873, 1.7277182, -7.739825), (-0.83871406, 1.7552816, -7.8633027), (0, 1.7647667, -7.905794), (0.83871406, 1.7552816, -7.8633027), (1.6510873, 1.7277182, -7.739825), (2.4147232, 1.6845307, -7.546354), (3.1138206, 1.6291702, -7.29835), (3.7399476, 1.565411, -7.0127215), (4.291203, 1.4967892, -6.7053103), (4.7705092, 1.4262629, -6.389366), (5.1837626, 1.3560884, -6.074999), (5.53828, 1.28785, -5.7693048), (5.841702, 1.2225659, -5.4768453), (6.1013217, 1.1608179, -5.2002273), (6.3237386, 1.1028731, -4.940646), (-6.251723, 1.6354702, -4.8843813), (-6.0244865, 1.7192993, -5.13474), (-5.760269, 1.8082851, -5.400499), (-5.452807, 1.9019616, -5.6802664), (-5.0952797, 1.9994115, -5.9713035), (-4.6806774, 2.099108, -6.26905), (-4.20246, 2.198753, -6.5666428), (-3.655594, 2.2951555, -6.854552), (-3.0379634, 2.3842218, -7.120551), (-2.351988, 2.4611495, -7.350298), (-1.6060544, 2.5208929, -7.5287232), (-0.8151334, 2.558897, -7.642224), (0, 2.5719523, -7.681214), (0.8151334, 2.558897, -7.642224), (1.6060544, 2.5208929, -7.5287232), (2.351988, 2.4611495, -7.350298), (3.0379634, 2.3842218, -7.120551), (3.655594, 2.2951555, -6.854552), (4.20246, 2.198753, -6.5666428), (4.6806774, 2.099108, -6.26905), (5.0952797, 1.9994115, -5.9713035), (5.452807, 1.9019616, -5.6802664), (5.760269, 1.8082851, -5.400499), (6.0244865, 1.7192993, -5.13474), (6.251723, 1.6354702, -4.8843813), (-6.154913, 2.146859, -4.808745), (-5.9216366, 2.2532632, -5.0470796), (-5.65178, 2.365637, -5.298785), (-5.3395305, 2.483267, -5.5622644), (-4.978685, 2.604879, -5.8346624), (-4.5630317, 2.7284644, -6.1114817), (-4.086987, 2.851116, -6.3862085), (-3.5465457, 2.9689195, -6.6500764), (-2.9405105, 3.0769866, -6.8921356), (-2.271843, 3.169713, -7.0998335), (-1.5487803, 3.2413259, -7.260239), (-0.78522956, 3.286696, -7.361863), (0, 3.302248, -7.396698), (0.78522956, 3.286696, -7.361863), (1.5487803, 3.2413259, -7.260239), (2.271843, 3.169713, -7.0998335), (2.9405105, 3.0769866, -6.8921356), (3.5465457, 2.9689195, -6.6500764), (4.086987, 2.851116, -6.3862085), (4.5630317, 2.7284644, -6.1114817), (4.978685, 2.604879, -5.8346624), (5.3395305, 2.483267, -5.5622644), (5.65178, 2.365637, -5.298785), (5.9216366, 2.2532632, -5.0470796), (6.154913, 2.146859, -4.808745), (-6.0368075, 2.6320794, -4.7164707), (-5.7968273, 2.7572145, -4.940703), (-5.5209007, 2.8885694, -5.17608), (-5.203756, 3.0251527, -5.4208264), (-4.8399096, 3.1653383, -5.6720276), (-4.424046, 3.3066974, -5.9253316), (-3.9516203, 3.4458537, -6.1746883), (-3.4196968, 3.5784132, -6.412224), (-2.8279839, 3.6990466, -6.6283894), (-2.1799047, 3.8017986, -6.8125124), (-1.483418, 3.8806674, -6.953839), (-0.7512166, 3.9304118, -7.042977), (0, 3.9474232, -7.0734596), (0.7512166, 3.9304118, -7.042977), (1.483418, 3.8806674, -6.953839), (2.1799047, 3.8017986, -6.8125124), (2.8279839, 3.6990466, -6.6283894), (3.4196968, 3.5784132, -6.412224), (3.9516203, 3.4458537, -6.1746883), (4.424046, 3.3066974, -5.9253316), (4.8399096, 3.1653383, -5.6720276), (5.203756, 3.0251527, -5.4208264), (5.5209007, 2.8885694, -5.17608), (5.7968273, 2.7572145, -4.940703), (6.0368075, 2.6320794, -4.7164707), (-5.9012885, 3.0875907, -4.610592), (-5.654491, 3.227416, -4.8193884), (-5.3726435, 3.3732004, -5.037083), (-5.051078, 3.5236735, -5.2617793), (-4.68508, 3.6768944, -5.4905787), (-4.2702637, 3.8301058, -5.7193637), (-3.8031127, 3.9796243, -5.9426346), (-3.2817037, 4.1208186, -6.1534753), (-2.706541, 4.248237, -6.3437448), (-2.0813718, 4.3559465, -6.5045834), (-1.4137509, 4.4380994, -6.6272593), (-0.7150909, 4.48968, -6.7042828), (0, 4.507277, -6.73056), (0.7150909, 4.48968, -6.7042828), (1.4137509, 4.4380994, -6.6272593), (2.0813718, 4.3559465, -6.5045834), (2.706541, 4.248237, -6.3437448), (3.2817037, 4.1208186, -6.1534753), (3.8031127, 3.9796243, -5.9426346), (4.2702637, 3.8301058, -5.7193637), (4.68508, 3.6768944, -5.4905787), (5.051078, 3.5236735, -5.2617793), (5.3726435, 3.3732004, -5.037083), (5.654491, 3.227416, -4.8193884), (5.9012885, 3.0875907, -4.610592), (-5.7523193, 3.5112574, -4.4942045), (-5.499071, 3.661825, -4.686922), (-5.2119346, 3.817683, -4.8864117), (-4.8868723, 3.9773095, -5.090724), (-4.5199466, 4.138512, -5.2970543), (-4.107669, 4.2983155, -5.501593), (-3.647477, 4.4528923, -5.6994424), (-3.1383336, 4.5975876, -5.884644), (-2.5813804, 4.72708, -6.0503864), (-1.9805323, 4.835725, -6.189446), (-1.3428417, 4.9180818, -6.2948575), (-0.67844903, 4.9695625, -6.3607497), (0, 4.9870853, -6.383178), (0.67844903, 4.9695625, -6.3607497), (1.3428417, 4.9180818, -6.2948575), (1.9805323, 4.835725, -6.189446), (2.5813804, 4.72708, -6.0503864), (3.1383336, 4.5975876, -5.884644), (3.647477, 4.4528923, -5.6994424), (4.107669, 4.2983155, -5.501593), (4.5199466, 4.138512, -5.2970543), (4.8868723, 3.9773095, -5.090724), (5.2119346, 3.817683, -4.8864117), (5.499071, 3.661825, -4.686922), (5.7523193, 3.5112574, -4.4942045)]
                                color3f[] primvars:displayColor = [(0.18333334, 0.6166667, 0.56666666)] (
                                    interpolation = "constant"
                                )
                                float[] primvars:displayOpacity = [0.3] (
                                    interpolation = "constant"
                                )
                                uniform token purpose = "guide"
                                uniform token subdivisionScheme = "none"
                            }
                        }
                    }

                    over "sec_cam_door_mmr_2"
                    {
                        double aeco:cctv:mountHeight = 2.92

                        over "Sensor_0"
                        {
                            double aeco:cctvSensor:effectiveWidth = 7.679649793158473
                            double aeco:cctvSensor:hfov = 104
                            double aeco:cctvSensor:targetRange = 4.050184687810823
                            double aeco:cctvSensor:vfov = 76.00000000000001
                            float2 clippingRange = (0.05, 12)
                            float focalLength = 3
                            float horizontalAperture = 7.67965
                            float verticalAperture = 4.6877136
                            matrix4d xformOp:transform = ( (-0.8221921916437771, -0.5692099788303108, 0, 0), (0.4929503017546517, -0.7120393247567147, 0.49999999999999994, 0), (-0.28460498941515533, 0.4110960958218885, 0.8660254037844387, 0), (0, 0, -0.08, 1) )
                            uniform token[] xformOpOrder = ["xformOp:transform"]

                            def Mesh "Sector" (
                                prepend apiSchemas = ["AecoDerivedGeometryAPI", "MaterialBindingAPI"]
                            )
                            {
                                uniform token aeco:derived:approx = "tessellated"
                                uniform token aeco:derived:role = "sector"
                                string aeco:derived:source = "1c297e59-d234-5b8e-a6a3-609f5585cf74"
                                string aeco:derived:stamp = "usdAecoCctv derive 0.5.3"
                                uniform bool doubleSided = 1
                                float3[] extent = [(-9.456129, -7.3879375, -12), (9.456129, 7.3879375, 0)]
                                int[] faceVertexCounts = [4, 4, 4, 4, 4, 4, 4, 4, 4, 4, 4, 4, 4, 4, 4, 4, 4, 4, 4, 4, 4, 4, 4, 4, 4, 4, 4, 4, 4, 4, 4, 4, 4, 4, 4, 4, 4, 4, 4, 4, 4, 4, 4, 4, 4, 4, 4, 4, 4, 4, 4, 4, 4, 4, 4, 4, 4, 4, 4, 4, 4, 4, 4, 4, 4, 4, 4, 4, 4, 4, 4, 4, 4, 4, 4, 4, 4, 4, 4, 4, 4, 4, 4, 4, 4, 4, 4, 4, 4, 4, 4, 4, 4, 4, 4, 4, 4, 4, 4, 4, 4, 4, 4, 4, 4, 4, 4, 4, 4, 4, 4, 4, 4, 4, 4, 4, 4, 4, 4, 4, 4, 4, 4, 4, 4, 4, 4, 4, 4, 4, 4, 4, 4, 4, 4, 4, 4, 4, 4, 4, 4, 4, 4, 4, 4, 4, 4, 4, 4, 4, 4, 4, 4, 4, 4, 4, 4, 4, 4, 4, 4, 4, 4, 4, 4, 4, 4, 4, 4, 4, 4, 4, 4, 4, 4, 4, 4, 4, 4, 4, 4, 4, 4, 4, 4, 4, 4, 4, 4, 4, 4, 4, 4, 4, 4, 4, 4, 4, 4, 4, 4, 4, 4, 4, 4, 4, 4, 4, 4, 4, 4, 4, 4, 4, 4, 4, 4, 4, 4, 4, 4, 4, 4, 4, 4, 4, 4, 4, 4, 4, 4, 4, 4, 4, 4, 4, 4, 4, 4, 4, 4, 4, 4, 4, 4, 4, 4, 4, 4, 4, 4, 4, 4, 4, 4, 4, 4, 4, 4, 4, 4, 4, 4, 4, 4, 4, 4, 4, 4, 4, 4, 4, 4, 4, 4, 4, 4, 4, 4, 4, 4, 4, 4, 4, 4, 4, 4, 4, 4, 4, 4, 4, 4, 4, 4, 4, 4, 4, 4, 4, 4, 4, 4, 4, 4, 4, 4, 4, 4, 4, 4, 4, 4, 4, 4, 4, 4, 4, 4, 4, 4, 4, 4, 4, 4, 4, 4, 4, 4, 4, 4, 4, 4, 4, 4, 4, 3, 3, 3, 3, 3, 3, 3, 3, 3, 3, 3, 3, 3, 3, 3, 3, 3, 3, 3, 3, 3, 3, 3, 3, 3, 3, 3, 3, 3, 3, 3, 3, 3, 3, 3, 3, 3, 3, 3, 3, 3, 3, 3, 3, 3, 3, 3, 3, 3, 3, 3, 3, 3, 3, 3, 3, 3, 3, 3, 3, 3, 3, 3, 3, 3, 3, 3, 3, 3, 3, 3, 3, 3, 3, 3, 3]
                                int[] faceVertexIndices = [1, 26, 27, 2, 2, 27, 28, 3, 3, 28, 29, 4, 4, 29, 30, 5, 5, 30, 31, 6, 6, 31, 32, 7, 7, 32, 33, 8, 8, 33, 34, 9, 9, 34, 35, 10, 10, 35, 36, 11, 11, 36, 37, 12, 12, 37, 38, 13, 13, 38, 39, 14, 14, 39, 40, 15, 15, 40, 41, 16, 16, 41, 42, 17, 17, 42, 43, 18, 18, 43, 44, 19, 19, 44, 45, 20, 20, 45, 46, 21, 21, 46, 47, 22, 22, 47, 48, 23, 23, 48, 49, 24, 24, 49, 50, 25, 26, 51, 52, 27, 27, 52, 53, 28, 28, 53, 54, 29, 29, 54, 55, 30, 30, 55, 56, 31, 31, 56, 57, 32, 32, 57, 58, 33, 33, 58, 59, 34, 34, 59, 60, 35, 35, 60, 61, 36, 36, 61, 62, 37, 37, 62, 63, 38, 38, 63, 64, 39, 39, 64, 65, 40, 40, 65, 66, 41, 41, 66, 67, 42, 42, 67, 68, 43, 43, 68, 69, 44, 44, 69, 70, 45, 45, 70, 71, 46, 46, 71, 72, 47, 47, 72, 73, 48, 48, 73, 74, 49, 49, 74, 75, 50, 51, 76, 77, 52, 52, 77, 78, 53, 53, 78, 79, 54, 54, 79, 80, 55, 55, 80, 81, 56, 56, 81, 82, 57, 57, 82, 83, 58, 58, 83, 84, 59, 59, 84, 85, 60, 60, 85, 86, 61, 61, 86, 87, 62, 62, 87, 88, 63, 63, 88, 89, 64, 64, 89, 90, 65, 65, 90, 91, 66, 66, 91, 92, 67, 67, 92, 93, 68, 68, 93, 94, 69, 69, 94, 95, 70, 70, 95, 96, 71, 71, 96, 97, 72, 72, 97, 98, 73, 73, 98, 99, 74, 74, 99, 100, 75, 76, 101, 102, 77, 77, 102, 103, 78, 78, 103, 104, 79, 79, 104, 105, 80, 80, 105, 106, 81, 81, 106, 107, 82, 82, 107, 108, 83, 83, 108, 109, 84, 84, 109, 110, 85, 85, 110, 111, 86, 86, 111, 112, 87, 87, 112, 113, 88, 88, 113, 114, 89, 89, 114, 115, 90, 90, 115, 116, 91, 91, 116, 117, 92, 92, 117, 118, 93, 93, 118, 119, 94, 94, 119, 120, 95, 95, 120, 121, 96, 96, 121, 122, 97, 97, 122, 123, 98, 98, 123, 124, 99, 99, 124, 125, 100, 101, 126, 127, 102, 102, 127, 128, 103, 103, 128, 129, 104, 104, 129, 130, 105, 105, 130, 131, 106, 106, 131, 132, 107, 107, 132, 133, 108, 108, 133, 134, 109, 109, 134, 135, 110, 110, 135, 136, 111, 111, 136, 137, 112, 112, 137, 138, 113, 113, 138, 139, 114, 114, 139, 140, 115, 115, 140, 141, 116, 116, 141, 142, 117, 117, 142, 143, 118, 118, 143, 144, 119, 119, 144, 145, 120, 120, 145, 146, 121, 121, 146, 147, 122, 122, 147, 148, 123, 123, 148, 149, 124, 124, 149, 150, 125, 126, 151, 152, 127, 127, 152, 153, 128, 128, 153, 154, 129, 129, 154, 155, 130, 130, 155, 156, 131, 131, 156, 157, 132, 132, 157, 158, 133, 133, 158, 159, 134, 134, 159, 160, 135, 135, 160, 161, 136, 136, 161, 162, 137, 137, 162, 163, 138, 138, 163, 164, 139, 139, 164, 165, 140, 140, 165, 166, 141, 141, 166, 167, 142, 142, 167, 168, 143, 143, 168, 169, 144, 144, 169, 170, 145, 145, 170, 171, 146, 146, 171, 172, 147, 147, 172, 173, 148, 148, 173, 174, 149, 149, 174, 175, 150, 151, 176, 177, 152, 152, 177, 178, 153, 153, 178, 179, 154, 154, 179, 180, 155, 155, 180, 181, 156, 156, 181, 182, 157, 157, 182, 183, 158, 158, 183, 184, 159, 159, 184, 185, 160, 160, 185, 186, 161, 161, 186, 187, 162, 162, 187, 188, 163, 163, 188, 189, 164, 164, 189, 190, 165, 165, 190, 191, 166, 166, 191, 192, 167, 167, 192, 193, 168, 168, 193, 194, 169, 169, 194, 195, 170, 170, 195, 196, 171, 171, 196, 197, 172, 172, 197, 198, 173, 173, 198, 199, 174, 174, 199, 200, 175, 176, 201, 202, 177, 177, 202, 203, 178, 178, 203, 204, 179, 179, 204, 205, 180, 180, 205, 206, 181, 181, 206, 207, 182, 182, 207, 208, 183, 183, 208, 209, 184, 184, 209, 210, 185, 185, 210, 211, 186, 186, 211, 212, 187, 187, 212, 213, 188, 188, 213, 214, 189, 189, 214, 215, 190, 190, 215, 216, 191, 191, 216, 217, 192, 192, 217, 218, 193, 193, 218, 219, 194, 194, 219, 220, 195, 195, 220, 221, 196, 196, 221, 222, 197, 197, 222, 223, 198, 198, 223, 224, 199, 199, 224, 225, 200, 201, 226, 227, 202, 202, 227, 228, 203, 203, 228, 229, 204, 204, 229, 230, 205, 205, 230, 231, 206, 206, 231, 232, 207, 207, 232, 233, 208, 208, 233, 234, 209, 209, 234, 235, 210, 210, 235, 236, 211, 211, 236, 237, 212, 212, 237, 238, 213, 213, 238, 239, 214, 214, 239, 240, 215, 215, 240, 241, 216, 216, 241, 242, 217, 217, 242, 243, 218, 218, 243, 244, 219, 219, 244, 245, 220, 220, 245, 246, 221, 221, 246, 247, 222, 222, 247, 248, 223, 223, 248, 249, 224, 224, 249, 250, 225, 226, 251, 252, 227, 227, 252, 253, 228, 228, 253, 254, 229, 229, 254, 255, 230, 230, 255, 256, 231, 231, 256, 257, 232, 232, 257, 258, 233, 233, 258, 259, 234, 234, 259, 260, 235, 235, 260, 261, 236, 236, 261, 262, 237, 237, 262, 263, 238, 238, 263, 264, 239, 239, 264, 265, 240, 240, 265, 266, 241, 241, 266, 267, 242, 242, 267, 268, 243, 243, 268, 269, 244, 244, 269, 270, 245, 245, 270, 271, 246, 246, 271, 272, 247, 247, 272, 273, 248, 248, 273, 274, 249, 249, 274, 275, 250, 251, 276, 277, 252, 252, 277, 278, 253, 253, 278, 279, 254, 254, 279, 280, 255, 255, 280, 281, 256, 256, 281, 282, 257, 257, 282, 283, 258, 258, 283, 284, 259, 259, 284, 285, 260, 260, 285, 286, 261, 261, 286, 287, 262, 262, 287, 288, 263, 263, 288, 289, 264, 264, 289, 290, 265, 265, 290, 291, 266, 266, 291, 292, 267, 267, 292, 293, 268, 268, 293, 294, 269, 269, 294, 295, 270, 270, 295, 296, 271, 271, 296, 297, 272, 272, 297, 298, 273, 273, 298, 299, 274, 274, 299, 300, 275, 276, 301, 302, 277, 277, 302, 303, 278, 278, 303, 304, 279, 279, 304, 305, 280, 280, 305, 306, 281, 281, 306, 307, 282, 282, 307, 308, 283, 283, 308, 309, 284, 284, 309, 310, 285, 285, 310, 311, 286, 286, 311, 312, 287, 287, 312, 313, 288, 288, 313, 314, 289, 289, 314, 315, 290, 290, 315, 316, 291, 291, 316, 317, 292, 292, 317, 318, 293, 293, 318, 319, 294, 294, 319, 320, 295, 295, 320, 321, 296, 296, 321, 322, 297, 297, 322, 323, 298, 298, 323, 324, 299, 299, 324, 325, 300, 301, 326, 327, 302, 302, 327, 328, 303, 303, 328, 329, 304, 304, 329, 330, 305, 305, 330, 331, 306, 306, 331, 332, 307, 307, 332, 333, 308, 308, 333, 334, 309, 309, 334, 335, 310, 310, 335, 336, 311, 311, 336, 337, 312, 312, 337, 338, 313, 313, 338, 339, 314, 314, 339, 340, 315, 315, 340, 341, 316, 316, 341, 342, 317, 317, 342, 343, 318, 318, 343, 344, 319, 319, 344, 345, 320, 320, 345, 346, 321, 321, 346, 347, 322, 322, 347, 348, 323, 323, 348, 349, 324, 324, 349, 350, 325, 326, 351, 352, 327, 327, 352, 353, 328, 328, 353, 354, 329, 329, 354, 355, 330, 330, 355, 356, 331, 331, 356, 357, 332, 332, 357, 358, 333, 333, 358, 359, 334, 334, 359, 360, 335, 335, 360, 361, 336, 336, 361, 362, 337, 337, 362, 363, 338, 338, 363, 364, 339, 339, 364, 365, 340, 340, 365, 366, 341, 341, 366, 367, 342, 342, 367, 368, 343, 343, 368, 369, 344, 344, 369, 370, 345, 345, 370, 371, 346, 346, 371, 372, 347, 347, 372, 373, 348, 348, 373, 374, 349, 349, 374, 375, 350, 0, 1, 2, 0, 2, 3, 0, 3, 4, 0, 4, 5, 0, 5, 6, 0, 6, 7, 0, 7, 8, 0, 8, 9, 0, 9, 10, 0, 10, 11, 0, 11, 12, 0, 12, 13, 0, 13, 14, 0, 14, 15, 0, 15, 16, 0, 16, 17, 0, 17, 18, 0, 18, 19, 0, 19, 20, 0, 20, 21, 0, 21, 22, 0, 22, 23, 0, 23, 24, 0, 24, 25, 0, 352, 351, 0, 353, 352, 0, 354, 353, 0, 355, 354, 0, 356, 355, 0, 357, 356, 0, 358, 357, 0, 359, 358, 0, 360, 359, 0, 361, 360, 0, 362, 361, 0, 363, 362, 0, 364, 363, 0, 365, 364, 0, 366, 365, 0, 367, 366, 0, 368, 367, 0, 369, 368, 0, 370, 369, 0, 371, 370, 0, 372, 371, 0, 373, 372, 0, 374, 373, 0, 375, 374, 0, 26, 1, 0, 51, 26, 0, 76, 51, 0, 101, 76, 0, 126, 101, 0, 151, 126, 0, 176, 151, 0, 201, 176, 0, 226, 201, 0, 251, 226, 0, 276, 251, 0, 301, 276, 0, 326, 301, 0, 351, 326, 0, 25, 50, 0, 50, 75, 0, 75, 100, 0, 100, 125, 0, 125, 150, 0, 150, 175, 0, 175, 200, 0, 200, 225, 0, 225, 250, 0, 250, 275, 0, 275, 300, 0, 300, 325, 0, 325, 350, 0, 350, 375]
                                rel material:binding = </AecoCctvLooks/Sector>
                                point3f[] points = [(0, 0, 0), (-8.521566, -5.201626, -6.6577773), (-8.1464, -5.4246783, -6.9432716), (-7.7210326, -5.655569, -7.238798), (-7.2394805, -5.8920417, -7.5414696), (-6.695912, -6.13085, -7.84713), (-6.085158, -6.367584, -8.150136), (-5.403423, -6.596577, -8.4432335), (-4.6491714, -6.8109303, -8.717593), (-3.8240929, -7.002762, -8.963126), (-2.933988, -7.1637106, -9.169131), (-1.9893044, -7.2857146, -9.32529), (-1.0050639, -7.361979, -9.422903), (0, -7.3879375, -9.456129), (1.0050639, -7.361979, -9.422903), (1.9893044, -7.2857146, -9.32529), (2.933988, -7.1637106, -9.169131), (3.8240929, -7.002762, -8.963126), (4.6491714, -6.8109303, -8.717593), (5.403423, -6.596577, -8.4432335), (6.085158, -6.367584, -8.150136), (6.695912, -6.13085, -7.84713), (7.2394805, -5.8920417, -7.5414696), (7.7210326, -5.655569, -7.238798), (8.1464, -5.4246783, -6.9432716), (8.521566, -5.201626, -6.6577773), (-8.742251, -4.574, -6.8301954), (-8.376641, -4.781139, -7.1395087), (-7.959109, -4.997106, -7.4620047), (-7.482737, -5.2200193, -7.794873), (-6.940543, -5.447003, -8.13382), (-6.326028, -5.673972, -8.472745), (-5.633984, -5.895471, -8.803502), (-4.861562, -6.104638, -9.115844), (-4.0095077, -6.293398, -9.397712), (-3.083373, -6.4529595, -9.635981), (-2.0943503, -6.574662, -9.817715), (-1.0593456, -6.651074, -9.931818), (0, -6.677143, -9.970745), (1.0593456, -6.651074, -9.931818), (2.0943503, -6.574662, -9.817715), (3.083373, -6.4529595, -9.635981), (4.0095077, -6.293398, -9.397712), (4.861562, -6.104638, -9.115844), (5.633984, -5.895471, -8.803502), (6.326028, -5.673972, -8.472745), (6.940543, -5.447003, -8.13382), (7.482737, -5.2200193, -7.794873), (7.959109, -4.997106, -7.4620047), (8.376641, -4.781139, -7.1395087), (8.742251, -4.574, -6.8301954), (-8.94301, -3.8991988, -6.987046), (-8.587501, -4.084576, -7.3192263), (-8.178739, -4.279167, -7.6679173), (-7.7089167, -4.4815035, -8.030488), (-7.169909, -4.689176, -8.40262), (-6.553843, -4.8985877, -8.777868), (-5.8539853, -5.1047354, -9.147269), (-5.0659866, -5.301111, -9.499158), (-4.1894145, -5.4798193, -9.819388), (-3.229341, -5.6320376, -10.092151), (-2.197556, -5.7488747, -10.301514), (-1.1128627, -5.8225665, -10.433564), (0, -5.847768, -10.478722), (1.1128627, -5.8225665, -10.433564), (2.197556, -5.7488747, -10.301514), (3.229341, -5.6320376, -10.092151), (4.1894145, -5.4798193, -9.819388), (5.0659866, -5.301111, -9.499158), (5.8539853, -5.1047354, -9.147269), (6.553843, -4.8985877, -8.777868), (7.169909, -4.689176, -8.40262), (7.7089167, -4.4815035, -8.030488), (8.178739, -4.279167, -7.6679173), (8.587501, -4.084576, -7.3192263), (8.94301, -3.8991988, -6.987046), (-9.117973, -3.1803868, -7.1237416), (-8.772395, -3.3380156, -7.476814), (-8.372625, -3.5044878, -7.8496947), (-7.9100547, -3.6787462, -8.240016), (-7.375493, -3.858904, -8.64355), (-6.7597384, -4.041985, -9.053634), (-6.0545197, -4.223683, -9.460618), (-5.253902, -4.3981986, -9.851516), (-4.3561134, -4.558291, -10.210106), (-3.36554, -4.695657, -10.517792), (-2.2943847, -4.8017454, -10.755419), (-1.1632501, -4.868957, -10.905967), (0, -4.891996, -10.957572), (1.1632501, -4.868957, -10.905967), (2.2943847, -4.8017454, -10.755419), (3.36554, -4.695657, -10.517792), (4.3561134, -4.558291, -10.210106), (5.253902, -4.3981986, -9.851516), (6.0545197, -4.223683, -9.460618), (6.7597384, -4.041985, -9.053634), (7.375493, -3.858904, -8.64355), (7.9100547, -3.6787462, -8.240016), (8.372625, -3.5044878, -7.8496947), (8.772395, -3.3380156, -7.476814), (9.117973, -3.1803868, -7.1237416), (-9.26139, -2.4228082, -7.2357907), (-8.924759, -2.546994, -7.606675), (-8.533343, -2.6788187, -8.000374), (-8.077864, -2.8175924, -8.414825), (-7.5482183, -2.961956, -8.845972), (-6.9340205, -3.109648, -9.287058), (-6.2255826, -3.2572634, -9.727917), (-5.415448, -3.4000752, -10.1544285), (-4.500481, -3.5320194, -10.548484), (-3.484268, -3.645981, -10.888834), (-2.3792312, -3.7344856, -11.153155), (-1.2075499, -3.7907858, -11.321297), (0, -3.8101258, -11.379057), (1.2075499, -3.7907858, -11.321297), (2.3792312, -3.7344856, -11.153155), (3.484268, -3.645981, -10.888834), (4.500481, -3.5320194, -10.548484), (5.415448, -3.4000752, -10.1544285), (6.2255826, -3.2572634, -9.727917), (6.9340205, -3.109648, -9.287058), (7.5482183, -2.961956, -8.845972), (8.077864, -2.8175924, -8.414825), (8.533343, -2.6788187, -8.000374), (8.924759, -2.546994, -7.606675), (9.26139, -2.4228082, -7.2357907), (-9.368074, -1.6338116, -7.319142), (-9.038583, -1.7196518, -7.7036886), (-8.653978, -1.8111261, -8.113475), (-8.204485, -1.907839, -8.546729), (-7.6792984, -2.0089283, -8.999588), (-7.0670986, -2.1128857, -9.465296), (-6.3570476, -2.2173645, -9.93334), (-5.5404105, -2.3190217, -10.388743), (-4.6128573, -2.4134755, -10.811877), (-3.5772042, -2.4954872, -11.179274), (-2.4459436, -2.559466, -11.465884), (-1.2424827, -2.6002984, -11.648807), (0, -2.6143498, -11.711754), (1.2424827, -2.6002984, -11.648807), (2.4459436, -2.559466, -11.465884), (3.5772042, -2.4954872, -11.179274), (4.6128573, -2.4134755, -10.811877), (5.5404105, -2.3190217, -10.388743), (6.3570476, -2.2173645, -9.93334), (7.0670986, -2.1128857, -9.465296), (7.6792984, -2.0089283, -8.999588), (8.204485, -1.907839, -8.546729), (8.653978, -1.8111261, -8.113475), (9.038583, -1.7196518, -7.7036886), (9.368074, -1.6338116, -7.319142), (-9.433883, -0.82264435, -7.370557), (-9.109004, -0.86652493, -7.7637095), (-8.728863, -0.91339904, -8.183682), (-8.283378, -0.9630921, -8.628912), (-7.761302, -1.0151902, -9.095691), (-7.15072, -1.0689431, -9.577294), (-6.44004, -1.1231563, -10.063022), (-5.6196723, -1.176099, -10.537366), (-4.6844625, -1.22547, -10.97971), (-3.6366675, -1.2684847, -11.365105), (-2.4887695, -1.3021396, -11.666638), (-1.2649559, -1.3236655, -11.859503), (0, -1.3310816, -11.925947), (1.2649559, -1.3236655, -11.859503), (2.4887695, -1.3021396, -11.666638), (3.6366675, -1.2684847, -11.365105), (4.6844625, -1.22547, -10.97971), (5.6196723, -1.176099, -10.537366), (6.44004, -1.1231563, -10.063022), (7.15072, -1.0689431, -9.577294), (7.761302, -1.0151902, -9.095691), (8.283378, -0.9630921, -8.628912), (8.728863, -0.91339904, -8.183682), (9.109004, -0.86652493, -7.7637095), (9.433883, -0.82264435, -7.370557), (-9.456129, 0, -7.3879375), (-9.132846, 0, -7.7840304), (-8.75426, 0, -8.207493), (-8.3101845, 0, -8.656837), (-7.7892256, 0, -9.128415), (-7.1792607, 0, -9.61552), (-6.4684353, 0, -10.10739), (-5.646858, 0, -10.588343), (-4.7090826, 0, -11.0374155), (-3.6571574, 0, -11.429138), (-2.5035524, 0, -11.735937), (-1.2727224, 0, -11.932317), (0, 0, -12), (1.2727224, 0, -11.932317), (2.5035524, 0, -11.735937), (3.6571574, 0, -11.429138), (4.7090826, 0, -11.0374155), (5.646858, 0, -10.588343), (6.4684353, 0, -10.10739), (7.1792607, 0, -9.61552), (7.7892256, 0, -9.128415), (8.3101845, 0, -8.656837), (8.75426, 0, -8.207493), (9.132846, 0, -7.7840304), (9.456129, 0, -7.3879375), (-9.433883, 0.82264435, -7.370557), (-9.109004, 0.86652493, -7.7637095), (-8.728863, 0.91339904, -8.183682), (-8.283378, 0.9630921, -8.628912), (-7.761302, 1.0151902, -9.095691), (-7.15072, 1.0689431, -9.577294), (-6.44004, 1.1231563, -10.063022), (-5.6196723, 1.176099, -10.537366), (-4.6844625, 1.22547, -10.97971), (-3.6366675, 1.2684847, -11.365105), (-2.4887695, 1.3021396, -11.666638), (-1.2649559, 1.3236655, -11.859503), (0, 1.3310816, -11.925947), (1.2649559, 1.3236655, -11.859503), (2.4887695, 1.3021396, -11.666638), (3.6366675, 1.2684847, -11.365105), (4.6844625, 1.22547, -10.97971), (5.6196723, 1.176099, -10.537366), (6.44004, 1.1231563, -10.063022), (7.15072, 1.0689431, -9.577294), (7.761302, 1.0151902, -9.095691), (8.283378, 0.9630921, -8.628912), (8.728863, 0.91339904, -8.183682), (9.109004, 0.86652493, -7.7637095), (9.433883, 0.82264435, -7.370557), (-9.368074, 1.6338116, -7.319142), (-9.038583, 1.7196518, -7.7036886), (-8.653978, 1.8111261, -8.113475), (-8.204485, 1.907839, -8.546729), (-7.6792984, 2.0089283, -8.999588), (-7.0670986, 2.1128857, -9.465296), (-6.3570476, 2.2173645, -9.93334), (-5.5404105, 2.3190217, -10.388743), (-4.6128573, 2.4134755, -10.811877), (-3.5772042, 2.4954872, -11.179274), (-2.4459436, 2.559466, -11.465884), (-1.2424827, 2.6002984, -11.648807), (0, 2.6143498, -11.711754), (1.2424827, 2.6002984, -11.648807), (2.4459436, 2.559466, -11.465884), (3.5772042, 2.4954872, -11.179274), (4.6128573, 2.4134755, -10.811877), (5.5404105, 2.3190217, -10.388743), (6.3570476, 2.2173645, -9.93334), (7.0670986, 2.1128857, -9.465296), (7.6792984, 2.0089283, -8.999588), (8.204485, 1.907839, -8.546729), (8.653978, 1.8111261, -8.113475), (9.038583, 1.7196518, -7.7036886), (9.368074, 1.6338116, -7.319142), (-9.26139, 2.4228082, -7.2357907), (-8.924759, 2.546994, -7.606675), (-8.533343, 2.6788187, -8.000374), (-8.077864, 2.8175924, -8.414825), (-7.5482183, 2.961956, -8.845972), (-6.9340205, 3.109648, -9.287058), (-6.2255826, 3.2572634, -9.727917), (-5.415448, 3.4000752, -10.1544285), (-4.500481, 3.5320194, -10.548484), (-3.484268, 3.645981, -10.888834), (-2.3792312, 3.7344856, -11.153155), (-1.2075499, 3.7907858, -11.321297), (0, 3.8101258, -11.379057), (1.2075499, 3.7907858, -11.321297), (2.3792312, 3.7344856, -11.153155), (3.484268, 3.645981, -10.888834), (4.500481, 3.5320194, -10.548484), (5.415448, 3.4000752, -10.1544285), (6.2255826, 3.2572634, -9.727917), (6.9340205, 3.109648, -9.287058), (7.5482183, 2.961956, -8.845972), (8.077864, 2.8175924, -8.414825), (8.533343, 2.6788187, -8.000374), (8.924759, 2.546994, -7.606675), (9.26139, 2.4228082, -7.2357907), (-9.117973, 3.1803868, -7.1237416), (-8.772395, 3.3380156, -7.476814), (-8.372625, 3.5044878, -7.8496947), (-7.9100547, 3.6787462, -8.240016), (-7.375493, 3.858904, -8.64355), (-6.7597384, 4.041985, -9.053634), (-6.0545197, 4.223683, -9.460618), (-5.253902, 4.3981986, -9.851516), (-4.3561134, 4.558291, -10.210106), (-3.36554, 4.695657, -10.517792), (-2.2943847, 4.8017454, -10.755419), (-1.1632501, 4.868957, -10.905967), (0, 4.891996, -10.957572), (1.1632501, 4.868957, -10.905967), (2.2943847, 4.8017454, -10.755419), (3.36554, 4.695657, -10.517792), (4.3561134, 4.558291, -10.210106), (5.253902, 4.3981986, -9.851516), (6.0545197, 4.223683, -9.460618), (6.7597384, 4.041985, -9.053634), (7.375493, 3.858904, -8.64355), (7.9100547, 3.6787462, -8.240016), (8.372625, 3.5044878, -7.8496947), (8.772395, 3.3380156, -7.476814), (9.117973, 3.1803868, -7.1237416), (-8.94301, 3.8991988, -6.987046), (-8.587501, 4.084576, -7.3192263), (-8.178739, 4.279167, -7.6679173), (-7.7089167, 4.4815035, -8.030488), (-7.169909, 4.689176, -8.40262), (-6.553843, 4.8985877, -8.777868), (-5.8539853, 5.1047354, -9.147269), (-5.0659866, 5.301111, -9.499158), (-4.1894145, 5.4798193, -9.819388), (-3.229341, 5.6320376, -10.092151), (-2.197556, 5.7488747, -10.301514), (-1.1128627, 5.8225665, -10.433564), (0, 5.847768, -10.478722), (1.1128627, 5.8225665, -10.433564), (2.197556, 5.7488747, -10.301514), (3.229341, 5.6320376, -10.092151), (4.1894145, 5.4798193, -9.819388), (5.0659866, 5.301111, -9.499158), (5.8539853, 5.1047354, -9.147269), (6.553843, 4.8985877, -8.777868), (7.169909, 4.689176, -8.40262), (7.7089167, 4.4815035, -8.030488), (8.178739, 4.279167, -7.6679173), (8.587501, 4.084576, -7.3192263), (8.94301, 3.8991988, -6.987046), (-8.742251, 4.574, -6.8301954), (-8.376641, 4.781139, -7.1395087), (-7.959109, 4.997106, -7.4620047), (-7.482737, 5.2200193, -7.794873), (-6.940543, 5.447003, -8.13382), (-6.326028, 5.673972, -8.472745), (-5.633984, 5.895471, -8.803502), (-4.861562, 6.104638, -9.115844), (-4.0095077, 6.293398, -9.397712), (-3.083373, 6.4529595, -9.635981), (-2.0943503, 6.574662, -9.817715), (-1.0593456, 6.651074, -9.931818), (0, 6.677143, -9.970745), (1.0593456, 6.651074, -9.931818), (2.0943503, 6.574662, -9.817715), (3.083373, 6.4529595, -9.635981), (4.0095077, 6.293398, -9.397712), (4.861562, 6.104638, -9.115844), (5.633984, 5.895471, -8.803502), (6.326028, 5.673972, -8.472745), (6.940543, 5.447003, -8.13382), (7.482737, 5.2200193, -7.794873), (7.959109, 4.997106, -7.4620047), (8.376641, 4.781139, -7.1395087), (8.742251, 4.574, -6.8301954), (-8.521566, 5.201626, -6.6577773), (-8.1464, 5.4246783, -6.9432716), (-7.7210326, 5.655569, -7.238798), (-7.2394805, 5.8920417, -7.5414696), (-6.695912, 6.13085, -7.84713), (-6.085158, 6.367584, -8.150136), (-5.403423, 6.596577, -8.4432335), (-4.6491714, 6.8109303, -8.717593), (-3.8240929, 7.002762, -8.963126), (-2.933988, 7.1637106, -9.169131), (-1.9893044, 7.2857146, -9.32529), (-1.0050639, 7.361979, -9.422903), (0, 7.3879375, -9.456129), (1.0050639, 7.361979, -9.422903), (1.9893044, 7.2857146, -9.32529), (2.933988, 7.1637106, -9.169131), (3.8240929, 7.002762, -8.963126), (4.6491714, 6.8109303, -8.717593), (5.403423, 6.596577, -8.4432335), (6.085158, 6.367584, -8.150136), (6.695912, 6.13085, -7.84713), (7.2394805, 5.8920417, -7.5414696), (7.7210326, 5.655569, -7.238798), (8.1464, 5.4246783, -6.9432716), (8.521566, 5.201626, -6.6577773)]
                                color3f[] primvars:displayColor = [(0, 0.85, 0.95)] (
                                    interpolation = "constant"
                                )
                                float[] primvars:displayOpacity = [0.3] (
                                    interpolation = "constant"
                                )
                                uniform token purpose = "guide"
                                uniform token subdivisionScheme = "none"
                            }

                            def Mesh "Shell_identify" (
                                prepend apiSchemas = ["AecoDerivedGeometryAPI", "MaterialBindingAPI"]
                            )
                            {
                                uniform token aeco:derived:approx = "tessellated"
                                uniform token aeco:derived:role = "coverage"
                                string aeco:derived:source = "1c297e59-d234-5b8e-a6a3-609f5585cf74"
                                string aeco:derived:stamp = "usdAecoCctv derive 0.5.3"
                                uniform bool doubleSided = 1
                                float3[] extent = [(-3.191589, -2.4935427, -4.0501847), (3.191589, 2.4935427, 0)]
                                int[] faceVertexCounts = [4, 4, 4, 4, 4, 4, 4, 4, 4, 4, 4, 4, 4, 4, 4, 4, 4, 4, 4, 4, 4, 4, 4, 4, 4, 4, 4, 4, 4, 4, 4, 4, 4, 4, 4, 4, 4, 4, 4, 4, 4, 4, 4, 4, 4, 4, 4, 4, 4, 4, 4, 4, 4, 4, 4, 4, 4, 4, 4, 4, 4, 4, 4, 4, 4, 4, 4, 4, 4, 4, 4, 4, 4, 4, 4, 4, 4, 4, 4, 4, 4, 4, 4, 4, 4, 4, 4, 4, 4, 4, 4, 4, 4, 4, 4, 4, 4, 4, 4, 4, 4, 4, 4, 4, 4, 4, 4, 4, 4, 4, 4, 4, 4, 4, 4, 4, 4, 4, 4, 4, 4, 4, 4, 4, 4, 4, 4, 4, 4, 4, 4, 4, 4, 4, 4, 4, 4, 4, 4, 4, 4, 4, 4, 4, 4, 4, 4, 4, 4, 4, 4, 4, 4, 4, 4, 4, 4, 4, 4, 4, 4, 4, 4, 4, 4, 4, 4, 4, 4, 4, 4, 4, 4, 4, 4, 4, 4, 4, 4, 4, 4, 4, 4, 4, 4, 4, 4, 4, 4, 4, 4, 4, 4, 4, 4, 4, 4, 4, 4, 4, 4, 4, 4, 4, 4, 4, 4, 4, 4, 4, 4, 4, 4, 4, 4, 4, 4, 4, 4, 4, 4, 4, 4, 4, 4, 4, 4, 4, 4, 4, 4, 4, 4, 4, 4, 4, 4, 4, 4, 4, 4, 4, 4, 4, 4, 4, 4, 4, 4, 4, 4, 4, 4, 4, 4, 4, 4, 4, 4, 4, 4, 4, 4, 4, 4, 4, 4, 4, 4, 4, 4, 4, 4, 4, 4, 4, 4, 4, 4, 4, 4, 4, 4, 4, 4, 4, 4, 4, 4, 4, 4, 4, 4, 4, 4, 4, 4, 4, 4, 4, 4, 4, 4, 4, 4, 4, 4, 4, 4, 4, 4, 4, 4, 4, 4, 4, 4, 4, 4, 4, 4, 4, 4, 4, 4, 4, 4, 4, 4, 4, 4, 4, 4, 4, 4, 4, 3, 3, 3, 3, 3, 3, 3, 3, 3, 3, 3, 3, 3, 3, 3, 3, 3, 3, 3, 3, 3, 3, 3, 3, 3, 3, 3, 3, 3, 3, 3, 3, 3, 3, 3, 3, 3, 3, 3, 3, 3, 3, 3, 3, 3, 3, 3, 3, 3, 3, 3, 3, 3, 3, 3, 3, 3, 3, 3, 3, 3, 3, 3, 3, 3, 3, 3, 3, 3, 3, 3, 3, 3, 3, 3, 3]
                                int[] faceVertexIndices = [1, 26, 27, 2, 2, 27, 28, 3, 3, 28, 29, 4, 4, 29, 30, 5, 5, 30, 31, 6, 6, 31, 32, 7, 7, 32, 33, 8, 8, 33, 34, 9, 9, 34, 35, 10, 10, 35, 36, 11, 11, 36, 37, 12, 12, 37, 38, 13, 13, 38, 39, 14, 14, 39, 40, 15, 15, 40, 41, 16, 16, 41, 42, 17, 17, 42, 43, 18, 18, 43, 44, 19, 19, 44, 45, 20, 20, 45, 46, 21, 21, 46, 47, 22, 22, 47, 48, 23, 23, 48, 49, 24, 24, 49, 50, 25, 26, 51, 52, 27, 27, 52, 53, 28, 28, 53, 54, 29, 29, 54, 55, 30, 30, 55, 56, 31, 31, 56, 57, 32, 32, 57, 58, 33, 33, 58, 59, 34, 34, 59, 60, 35, 35, 60, 61, 36, 36, 61, 62, 37, 37, 62, 63, 38, 38, 63, 64, 39, 39, 64, 65, 40, 40, 65, 66, 41, 41, 66, 67, 42, 42, 67, 68, 43, 43, 68, 69, 44, 44, 69, 70, 45, 45, 70, 71, 46, 46, 71, 72, 47, 47, 72, 73, 48, 48, 73, 74, 49, 49, 74, 75, 50, 51, 76, 77, 52, 52, 77, 78, 53, 53, 78, 79, 54, 54, 79, 80, 55, 55, 80, 81, 56, 56, 81, 82, 57, 57, 82, 83, 58, 58, 83, 84, 59, 59, 84, 85, 60, 60, 85, 86, 61, 61, 86, 87, 62, 62, 87, 88, 63, 63, 88, 89, 64, 64, 89, 90, 65, 65, 90, 91, 66, 66, 91, 92, 67, 67, 92, 93, 68, 68, 93, 94, 69, 69, 94, 95, 70, 70, 95, 96, 71, 71, 96, 97, 72, 72, 97, 98, 73, 73, 98, 99, 74, 74, 99, 100, 75, 76, 101, 102, 77, 77, 102, 103, 78, 78, 103, 104, 79, 79, 104, 105, 80, 80, 105, 106, 81, 81, 106, 107, 82, 82, 107, 108, 83, 83, 108, 109, 84, 84, 109, 110, 85, 85, 110, 111, 86, 86, 111, 112, 87, 87, 112, 113, 88, 88, 113, 114, 89, 89, 114, 115, 90, 90, 115, 116, 91, 91, 116, 117, 92, 92, 117, 118, 93, 93, 118, 119, 94, 94, 119, 120, 95, 95, 120, 121, 96, 96, 121, 122, 97, 97, 122, 123, 98, 98, 123, 124, 99, 99, 124, 125, 100, 101, 126, 127, 102, 102, 127, 128, 103, 103, 128, 129, 104, 104, 129, 130, 105, 105, 130, 131, 106, 106, 131, 132, 107, 107, 132, 133, 108, 108, 133, 134, 109, 109, 134, 135, 110, 110, 135, 136, 111, 111, 136, 137, 112, 112, 137, 138, 113, 113, 138, 139, 114, 114, 139, 140, 115, 115, 140, 141, 116, 116, 141, 142, 117, 117, 142, 143, 118, 118, 143, 144, 119, 119, 144, 145, 120, 120, 145, 146, 121, 121, 146, 147, 122, 122, 147, 148, 123, 123, 148, 149, 124, 124, 149, 150, 125, 126, 151, 152, 127, 127, 152, 153, 128, 128, 153, 154, 129, 129, 154, 155, 130, 130, 155, 156, 131, 131, 156, 157, 132, 132, 157, 158, 133, 133, 158, 159, 134, 134, 159, 160, 135, 135, 160, 161, 136, 136, 161, 162, 137, 137, 162, 163, 138, 138, 163, 164, 139, 139, 164, 165, 140, 140, 165, 166, 141, 141, 166, 167, 142, 142, 167, 168, 143, 143, 168, 169, 144, 144, 169, 170, 145, 145, 170, 171, 146, 146, 171, 172, 147, 147, 172, 173, 148, 148, 173, 174, 149, 149, 174, 175, 150, 151, 176, 177, 152, 152, 177, 178, 153, 153, 178, 179, 154, 154, 179, 180, 155, 155, 180, 181, 156, 156, 181, 182, 157, 157, 182, 183, 158, 158, 183, 184, 159, 159, 184, 185, 160, 160, 185, 186, 161, 161, 186, 187, 162, 162, 187, 188, 163, 163, 188, 189, 164, 164, 189, 190, 165, 165, 190, 191, 166, 166, 191, 192, 167, 167, 192, 193, 168, 168, 193, 194, 169, 169, 194, 195, 170, 170, 195, 196, 171, 171, 196, 197, 172, 172, 197, 198, 173, 173, 198, 199, 174, 174, 199, 200, 175, 176, 201, 202, 177, 177, 202, 203, 178, 178, 203, 204, 179, 179, 204, 205, 180, 180, 205, 206, 181, 181, 206, 207, 182, 182, 207, 208, 183, 183, 208, 209, 184, 184, 209, 210, 185, 185, 210, 211, 186, 186, 211, 212, 187, 187, 212, 213, 188, 188, 213, 214, 189, 189, 214, 215, 190, 190, 215, 216, 191, 191, 216, 217, 192, 192, 217, 218, 193, 193, 218, 219, 194, 194, 219, 220, 195, 195, 220, 221, 196, 196, 221, 222, 197, 197, 222, 223, 198, 198, 223, 224, 199, 199, 224, 225, 200, 201, 226, 227, 202, 202, 227, 228, 203, 203, 228, 229, 204, 204, 229, 230, 205, 205, 230, 231, 206, 206, 231, 232, 207, 207, 232, 233, 208, 208, 233, 234, 209, 209, 234, 235, 210, 210, 235, 236, 211, 211, 236, 237, 212, 212, 237, 238, 213, 213, 238, 239, 214, 214, 239, 240, 215, 215, 240, 241, 216, 216, 241, 242, 217, 217, 242, 243, 218, 218, 243, 244, 219, 219, 244, 245, 220, 220, 245, 246, 221, 221, 246, 247, 222, 222, 247, 248, 223, 223, 248, 249, 224, 224, 249, 250, 225, 226, 251, 252, 227, 227, 252, 253, 228, 228, 253, 254, 229, 229, 254, 255, 230, 230, 255, 256, 231, 231, 256, 257, 232, 232, 257, 258, 233, 233, 258, 259, 234, 234, 259, 260, 235, 235, 260, 261, 236, 236, 261, 262, 237, 237, 262, 263, 238, 238, 263, 264, 239, 239, 264, 265, 240, 240, 265, 266, 241, 241, 266, 267, 242, 242, 267, 268, 243, 243, 268, 269, 244, 244, 269, 270, 245, 245, 270, 271, 246, 246, 271, 272, 247, 247, 272, 273, 248, 248, 273, 274, 249, 249, 274, 275, 250, 251, 276, 277, 252, 252, 277, 278, 253, 253, 278, 279, 254, 254, 279, 280, 255, 255, 280, 281, 256, 256, 281, 282, 257, 257, 282, 283, 258, 258, 283, 284, 259, 259, 284, 285, 260, 260, 285, 286, 261, 261, 286, 287, 262, 262, 287, 288, 263, 263, 288, 289, 264, 264, 289, 290, 265, 265, 290, 291, 266, 266, 291, 292, 267, 267, 292, 293, 268, 268, 293, 294, 269, 269, 294, 295, 270, 270, 295, 296, 271, 271, 296, 297, 272, 272, 297, 298, 273, 273, 298, 299, 274, 274, 299, 300, 275, 276, 301, 302, 277, 277, 302, 303, 278, 278, 303, 304, 279, 279, 304, 305, 280, 280, 305, 306, 281, 281, 306, 307, 282, 282, 307, 308, 283, 283, 308, 309, 284, 284, 309, 310, 285, 285, 310, 311, 286, 286, 311, 312, 287, 287, 312, 313, 288, 288, 313, 314, 289, 289, 314, 315, 290, 290, 315, 316, 291, 291, 316, 317, 292, 292, 317, 318, 293, 293, 318, 319, 294, 294, 319, 320, 295, 295, 320, 321, 296, 296, 321, 322, 297, 297, 322, 323, 298, 298, 323, 324, 299, 299, 324, 325, 300, 301, 326, 327, 302, 302, 327, 328, 303, 303, 328, 329, 304, 304, 329, 330, 305, 305, 330, 331, 306, 306, 331, 332, 307, 307, 332, 333, 308, 308, 333, 334, 309, 309, 334, 335, 310, 310, 335, 336, 311, 311, 336, 337, 312, 312, 337, 338, 313, 313, 338, 339, 314, 314, 339, 340, 315, 315, 340, 341, 316, 316, 341, 342, 317, 317, 342, 343, 318, 318, 343, 344, 319, 319, 344, 345, 320, 320, 345, 346, 321, 321, 346, 347, 322, 322, 347, 348, 323, 323, 348, 349, 324, 324, 349, 350, 325, 326, 351, 352, 327, 327, 352, 353, 328, 328, 353, 354, 329, 329, 354, 355, 330, 330, 355, 356, 331, 331, 356, 357, 332, 332, 357, 358, 333, 333, 358, 359, 334, 334, 359, 360, 335, 335, 360, 361, 336, 336, 361, 362, 337, 337, 362, 363, 338, 338, 363, 364, 339, 339, 364, 365, 340, 340, 365, 366, 341, 341, 366, 367, 342, 342, 367, 368, 343, 343, 368, 369, 344, 344, 369, 370, 345, 345, 370, 371, 346, 346, 371, 372, 347, 347, 372, 373, 348, 348, 373, 374, 349, 349, 374, 375, 350, 0, 1, 2, 0, 2, 3, 0, 3, 4, 0, 4, 5, 0, 5, 6, 0, 6, 7, 0, 7, 8, 0, 8, 9, 0, 9, 10, 0, 10, 11, 0, 11, 12, 0, 12, 13, 0, 13, 14, 0, 14, 15, 0, 15, 16, 0, 16, 17, 0, 17, 18, 0, 18, 19, 0, 19, 20, 0, 20, 21, 0, 21, 22, 0, 22, 23, 0, 23, 24, 0, 24, 25, 0, 352, 351, 0, 353, 352, 0, 354, 353, 0, 355, 354, 0, 356, 355, 0, 357, 356, 0, 358, 357, 0, 359, 358, 0, 360, 359, 0, 361, 360, 0, 362, 361, 0, 363, 362, 0, 364, 363, 0, 365, 364, 0, 366, 365, 0, 367, 366, 0, 368, 367, 0, 369, 368, 0, 370, 369, 0, 371, 370, 0, 372, 371, 0, 373, 372, 0, 374, 373, 0, 375, 374, 0, 26, 1, 0, 51, 26, 0, 76, 51, 0, 101, 76, 0, 126, 101, 0, 151, 126, 0, 176, 151, 0, 201, 176, 0, 226, 201, 0, 251, 226, 0, 276, 251, 0, 301, 276, 0, 326, 301, 0, 351, 326, 0, 25, 50, 0, 50, 75, 0, 75, 100, 0, 100, 125, 0, 125, 150, 0, 150, 175, 0, 175, 200, 0, 200, 225, 0, 225, 250, 0, 250, 275, 0, 275, 300, 0, 300, 325, 0, 325, 350, 0, 350, 375]
                                rel material:binding = </AecoCctvLooks/Shell_identify>
                                point3f[] points = [(0, 0, 0), (-2.8761597, -1.7556287, -2.2471023), (-2.7495356, -1.8309125, -2.343461), (-2.6059673, -1.9088415, -2.4432058), (-2.4434361, -1.9886547, -2.545362), (-2.2599733, -2.069256, -2.6485271), (-2.0538344, -2.1491578, -2.7507966), (-1.8237385, -2.2264462, -2.8497212), (-1.5691668, -2.2987938, -2.942322), (-1.2906902, -2.36354, -3.0251932), (-0.99026614, -2.4178624, -3.094723), (-0.6714209, -2.4590409, -3.1474288), (-0.33922452, -2.4847813, -3.1803749), (0, -2.4935427, -3.191589), (0.33922452, -2.4847813, -3.1803749), (0.6714209, -2.4590409, -3.1474288), (0.99026614, -2.4178624, -3.094723), (1.2906902, -2.36354, -3.0251932), (1.5691668, -2.2987938, -2.942322), (1.8237385, -2.2264462, -2.8497212), (2.0538344, -2.1491578, -2.7507966), (2.2599733, -2.069256, -2.6485271), (2.4434361, -1.9886547, -2.545362), (2.6059673, -1.9088415, -2.4432058), (2.7495356, -1.8309125, -2.343461), (2.8761597, -1.7556287, -2.2471023), (-2.9506443, -1.5437953, -2.305296), (-2.8272455, -1.613708, -2.4096942), (-2.6863217, -1.6866002, -2.5185416), (-2.525539, -1.7618368, -2.6308897), (-2.34254, -1.8384472, -2.7452893), (-2.1351318, -1.9150529, -2.8596818), (-1.9015564, -1.9898121, -2.9713173), (-1.6408519, -2.0604093, -3.0767376), (-1.3532705, -2.1241186, -3.1718724), (-1.0406859, -2.1779733, -3.2522917), (-0.70687544, -2.2190497, -3.3136296), (-0.35754544, -2.24484, -3.3521414), (0, -2.2536385, -3.36528), (0.35754544, -2.24484, -3.3521414), (0.70687544, -2.2190497, -3.3136296), (1.0406859, -2.1779733, -3.2522917), (1.3532705, -2.1241186, -3.1718724), (1.6408519, -2.0604093, -3.0767376), (1.9015564, -1.9898121, -2.9713173), (2.1351318, -1.9150529, -2.8596818), (2.34254, -1.8384472, -2.7452893), (2.525539, -1.7618368, -2.6308897), (2.6863217, -1.6866002, -2.5185416), (2.8272455, -1.613708, -2.4096942), (2.9506443, -1.5437953, -2.305296), (-3.0184038, -1.3160397, -2.3582354), (-2.8984137, -1.3786073, -2.4703515), (-2.7604504, -1.4442847, -2.58804), (-2.601878, -1.5125763, -2.7104132), (-2.4199548, -1.5826691, -2.8360138), (-2.212023, -1.6533487, -2.9626658), (-1.9758102, -1.7229269, -3.0873442), (-1.7098484, -1.7892066, -3.206112), (-1.4139919, -1.8495233, -3.3141947), (-1.0899523, -1.9008993, -3.4062562), (-0.741709, -1.9403337, -3.4769194), (-0.3756083, -1.9652059, -3.5214884), (0, -1.9737116, -3.5367298), (0.3756083, -1.9652059, -3.5214884), (0.741709, -1.9403337, -3.4769194), (1.0899523, -1.9008993, -3.4062562), (1.4139919, -1.8495233, -3.3141947), (1.7098484, -1.7892066, -3.206112), (1.9758102, -1.7229269, -3.0873442), (2.212023, -1.6533487, -2.9626658), (2.4199548, -1.5826691, -2.8360138), (2.601878, -1.5125763, -2.7104132), (2.7604504, -1.4442847, -2.58804), (2.8984137, -1.3786073, -2.4703515), (3.0184038, -1.3160397, -2.3582354), (-3.0774565, -1.0734295, -2.4043725), (-2.9608183, -1.1266316, -2.5235398), (-2.82589, -1.1828185, -2.6493926), (-2.6697652, -1.2416335, -2.7811322), (-2.4893425, -1.3024395, -2.9173312), (-2.2815158, -1.3642322, -3.0557408), (-2.0434935, -1.425558, -3.1931043), (-1.7732729, -1.4844598, -3.3250382), (-1.4702553, -1.5384933, -3.4460678), (-1.1359215, -1.5848565, -3.5499167), (-0.77439016, -1.6206629, -3.6301196), (-0.39261478, -1.643348, -3.6809316), (0, -1.651124, -3.698349), (0.39261478, -1.643348, -3.6809316), (0.77439016, -1.6206629, -3.6301196), (1.1359215, -1.5848565, -3.5499167), (1.4702553, -1.5384933, -3.4460678), (1.7732729, -1.4844598, -3.3250382), (2.0434935, -1.425558, -3.1931043), (2.2815158, -1.3642322, -3.0557408), (2.4893425, -1.3024395, -2.9173312), (2.6697652, -1.2416335, -2.7811322), (2.82589, -1.1828185, -2.6493926), (2.9608183, -1.1266316, -2.5235398), (3.0774565, -1.0734295, -2.4043725), (-3.1258614, -0.8177351, -2.4421906), (-3.0122433, -0.85964966, -2.56737), (-2.8801346, -0.90414256, -2.7002494), (-2.7264035, -0.9509808, -2.8401332), (-2.5476398, -0.99970573, -2.9856517), (-2.3403387, -1.049554, -3.134525), (-2.10123, -1.0993766, -3.2833214), (-1.827797, -1.1475778, -3.427276), (-1.5189817, -1.1921109, -3.5602756), (-1.175994, -1.2305747, -3.675149), (-0.8030272, -1.2604464, -3.7643616), (-0.4075667, -1.2794485, -3.821112), (0, -1.2859762, -3.840607), (0.4075667, -1.2794485, -3.821112), (0.8030272, -1.2604464, -3.7643616), (1.175994, -1.2305747, -3.675149), (1.5189817, -1.1921109, -3.5602756), (1.827797, -1.1475778, -3.427276), (2.10123, -1.0993766, -3.2833214), (2.3403387, -1.049554, -3.134525), (2.5476398, -0.99970573, -2.9856517), (2.7264035, -0.9509808, -2.8401332), (2.8801346, -0.90414256, -2.7002494), (3.0122433, -0.85964966, -2.56737), (3.1258614, -0.8177351, -2.4421906), (-3.1618693, -0.55143654, -2.470323), (-3.0506608, -0.58040893, -2.6001136), (-2.920851, -0.61128294, -2.7384226), (-2.76914, -0.643925, -2.8846524), (-2.5918813, -0.6780442, -3.0374994), (-2.3852546, -0.7131314, -3.194683), (-2.1456015, -0.7483946, -3.3526552), (-1.8699738, -0.7827055, -3.5063608), (-1.5569103, -0.8145851, -3.649175), (-1.2073616, -0.84226537, -3.773177), (-0.82554364, -0.8638591, -3.8699124), (-0.41935703, -0.8776408, -3.9316514), (0, -0.88238335, -3.952897), (0.41935703, -0.8776408, -3.9316514), (0.82554364, -0.8638591, -3.8699124), (1.2073616, -0.84226537, -3.773177), (1.5569103, -0.8145851, -3.649175), (1.8699738, -0.7827055, -3.5063608), (2.1456015, -0.7483946, -3.3526552), (2.3852546, -0.7131314, -3.194683), (2.5918813, -0.6780442, -3.0374994), (2.76914, -0.643925, -2.8846524), (2.920851, -0.61128294, -2.7384226), (3.0506608, -0.58040893, -2.6001136), (3.1618693, -0.55143654, -2.470323), (-3.1840806, -0.27765512, -2.4876764), (-3.074429, -0.2924655, -2.6203713), (-2.9461255, -0.30828622, -2.7621186), (-2.7957673, -0.3250584, -2.9123905), (-2.6195588, -0.34264234, -3.0699356), (-2.4134781, -0.36078477, -3.232484), (-2.1736126, -0.37908253, -3.3964248), (-1.8967258, -0.3969515, -3.556523), (-1.5810783, -0.41361496, -3.705821), (-1.2274313, -0.4281331, -3.8358977), (-0.839998, -0.43949217, -3.9376702), (-0.42694208, -0.4467575, -4.0027647), (0, -0.44926053, -4.025191), (0.42694208, -0.4467575, -4.0027647), (0.839998, -0.43949217, -3.9376702), (1.2274313, -0.4281331, -3.8358977), (1.5810783, -0.41361496, -3.705821), (1.8967258, -0.3969515, -3.556523), (2.1736126, -0.37908253, -3.3964248), (2.4134781, -0.36078477, -3.232484), (2.6195588, -0.34264234, -3.0699356), (2.7957673, -0.3250584, -2.9123905), (2.9461255, -0.30828622, -2.7621186), (3.074429, -0.2924655, -2.6203713), (3.1840806, -0.27765512, -2.4876764), (-3.191589, 0, -2.4935427), (-3.082476, 0, -2.62723), (-2.9546974, 0, -2.7701552), (-2.8048153, 0, -2.9218159), (-2.6289835, 0, -3.0809805), (-2.423111, 0, -3.245386), (-2.1831963, 0, -3.4113998), (-1.9059016, 0, -3.5737286), (-1.5893879, 0, -3.7252977), (-1.2343469, 0, -3.85751), (-0.8449875, 0, -3.9610596), (-0.4295634, 0, -4.0273404), (0, 0, -4.0501847), (0.4295634, 0, -4.0273404), (0.8449875, 0, -3.9610596), (1.2343469, 0, -3.85751), (1.5893879, 0, -3.7252977), (1.9059016, 0, -3.5737286), (2.1831963, 0, -3.4113998), (2.423111, 0, -3.245386), (2.6289835, 0, -3.0809805), (2.8048153, 0, -2.9218159), (2.9546974, 0, -2.7701552), (3.082476, 0, -2.62723), (3.191589, 0, -2.4935427), (-3.1840806, 0.27765512, -2.4876764), (-3.074429, 0.2924655, -2.6203713), (-2.9461255, 0.30828622, -2.7621186), (-2.7957673, 0.3250584, -2.9123905), (-2.6195588, 0.34264234, -3.0699356), (-2.4134781, 0.36078477, -3.232484), (-2.1736126, 0.37908253, -3.3964248), (-1.8967258, 0.3969515, -3.556523), (-1.5810783, 0.41361496, -3.705821), (-1.2274313, 0.4281331, -3.8358977), (-0.839998, 0.43949217, -3.9376702), (-0.42694208, 0.4467575, -4.0027647), (0, 0.44926053, -4.025191), (0.42694208, 0.4467575, -4.0027647), (0.839998, 0.43949217, -3.9376702), (1.2274313, 0.4281331, -3.8358977), (1.5810783, 0.41361496, -3.705821), (1.8967258, 0.3969515, -3.556523), (2.1736126, 0.37908253, -3.3964248), (2.4134781, 0.36078477, -3.232484), (2.6195588, 0.34264234, -3.0699356), (2.7957673, 0.3250584, -2.9123905), (2.9461255, 0.30828622, -2.7621186), (3.074429, 0.2924655, -2.6203713), (3.1840806, 0.27765512, -2.4876764), (-3.1618693, 0.55143654, -2.470323), (-3.0506608, 0.58040893, -2.6001136), (-2.920851, 0.61128294, -2.7384226), (-2.76914, 0.643925, -2.8846524), (-2.5918813, 0.6780442, -3.0374994), (-2.3852546, 0.7131314, -3.194683), (-2.1456015, 0.7483946, -3.3526552), (-1.8699738, 0.7827055, -3.5063608), (-1.5569103, 0.8145851, -3.649175), (-1.2073616, 0.84226537, -3.773177), (-0.82554364, 0.8638591, -3.8699124), (-0.41935703, 0.8776408, -3.9316514), (0, 0.88238335, -3.952897), (0.41935703, 0.8776408, -3.9316514), (0.82554364, 0.8638591, -3.8699124), (1.2073616, 0.84226537, -3.773177), (1.5569103, 0.8145851, -3.649175), (1.8699738, 0.7827055, -3.5063608), (2.1456015, 0.7483946, -3.3526552), (2.3852546, 0.7131314, -3.194683), (2.5918813, 0.6780442, -3.0374994), (2.76914, 0.643925, -2.8846524), (2.920851, 0.61128294, -2.7384226), (3.0506608, 0.58040893, -2.6001136), (3.1618693, 0.55143654, -2.470323), (-3.1258614, 0.8177351, -2.4421906), (-3.0122433, 0.85964966, -2.56737), (-2.8801346, 0.90414256, -2.7002494), (-2.7264035, 0.9509808, -2.8401332), (-2.5476398, 0.99970573, -2.9856517), (-2.3403387, 1.049554, -3.134525), (-2.10123, 1.0993766, -3.2833214), (-1.827797, 1.1475778, -3.427276), (-1.5189817, 1.1921109, -3.5602756), (-1.175994, 1.2305747, -3.675149), (-0.8030272, 1.2604464, -3.7643616), (-0.4075667, 1.2794485, -3.821112), (0, 1.2859762, -3.840607), (0.4075667, 1.2794485, -3.821112), (0.8030272, 1.2604464, -3.7643616), (1.175994, 1.2305747, -3.675149), (1.5189817, 1.1921109, -3.5602756), (1.827797, 1.1475778, -3.427276), (2.10123, 1.0993766, -3.2833214), (2.3403387, 1.049554, -3.134525), (2.5476398, 0.99970573, -2.9856517), (2.7264035, 0.9509808, -2.8401332), (2.8801346, 0.90414256, -2.7002494), (3.0122433, 0.85964966, -2.56737), (3.1258614, 0.8177351, -2.4421906), (-3.0774565, 1.0734295, -2.4043725), (-2.9608183, 1.1266316, -2.5235398), (-2.82589, 1.1828185, -2.6493926), (-2.6697652, 1.2416335, -2.7811322), (-2.4893425, 1.3024395, -2.9173312), (-2.2815158, 1.3642322, -3.0557408), (-2.0434935, 1.425558, -3.1931043), (-1.7732729, 1.4844598, -3.3250382), (-1.4702553, 1.5384933, -3.4460678), (-1.1359215, 1.5848565, -3.5499167), (-0.77439016, 1.6206629, -3.6301196), (-0.39261478, 1.643348, -3.6809316), (0, 1.651124, -3.698349), (0.39261478, 1.643348, -3.6809316), (0.77439016, 1.6206629, -3.6301196), (1.1359215, 1.5848565, -3.5499167), (1.4702553, 1.5384933, -3.4460678), (1.7732729, 1.4844598, -3.3250382), (2.0434935, 1.425558, -3.1931043), (2.2815158, 1.3642322, -3.0557408), (2.4893425, 1.3024395, -2.9173312), (2.6697652, 1.2416335, -2.7811322), (2.82589, 1.1828185, -2.6493926), (2.9608183, 1.1266316, -2.5235398), (3.0774565, 1.0734295, -2.4043725), (-3.0184038, 1.3160397, -2.3582354), (-2.8984137, 1.3786073, -2.4703515), (-2.7604504, 1.4442847, -2.58804), (-2.601878, 1.5125763, -2.7104132), (-2.4199548, 1.5826691, -2.8360138), (-2.212023, 1.6533487, -2.9626658), (-1.9758102, 1.7229269, -3.0873442), (-1.7098484, 1.7892066, -3.206112), (-1.4139919, 1.8495233, -3.3141947), (-1.0899523, 1.9008993, -3.4062562), (-0.741709, 1.9403337, -3.4769194), (-0.3756083, 1.9652059, -3.5214884), (0, 1.9737116, -3.5367298), (0.3756083, 1.9652059, -3.5214884), (0.741709, 1.9403337, -3.4769194), (1.0899523, 1.9008993, -3.4062562), (1.4139919, 1.8495233, -3.3141947), (1.7098484, 1.7892066, -3.206112), (1.9758102, 1.7229269, -3.0873442), (2.212023, 1.6533487, -2.9626658), (2.4199548, 1.5826691, -2.8360138), (2.601878, 1.5125763, -2.7104132), (2.7604504, 1.4442847, -2.58804), (2.8984137, 1.3786073, -2.4703515), (3.0184038, 1.3160397, -2.3582354), (-2.9506443, 1.5437953, -2.305296), (-2.8272455, 1.613708, -2.4096942), (-2.6863217, 1.6866002, -2.5185416), (-2.525539, 1.7618368, -2.6308897), (-2.34254, 1.8384472, -2.7452893), (-2.1351318, 1.9150529, -2.8596818), (-1.9015564, 1.9898121, -2.9713173), (-1.6408519, 2.0604093, -3.0767376), (-1.3532705, 2.1241186, -3.1718724), (-1.0406859, 2.1779733, -3.2522917), (-0.70687544, 2.2190497, -3.3136296), (-0.35754544, 2.24484, -3.3521414), (0, 2.2536385, -3.36528), (0.35754544, 2.24484, -3.3521414), (0.70687544, 2.2190497, -3.3136296), (1.0406859, 2.1779733, -3.2522917), (1.3532705, 2.1241186, -3.1718724), (1.6408519, 2.0604093, -3.0767376), (1.9015564, 1.9898121, -2.9713173), (2.1351318, 1.9150529, -2.8596818), (2.34254, 1.8384472, -2.7452893), (2.525539, 1.7618368, -2.6308897), (2.6863217, 1.6866002, -2.5185416), (2.8272455, 1.613708, -2.4096942), (2.9506443, 1.5437953, -2.305296), (-2.8761597, 1.7556287, -2.2471023), (-2.7495356, 1.8309125, -2.343461), (-2.6059673, 1.9088415, -2.4432058), (-2.4434361, 1.9886547, -2.545362), (-2.2599733, 2.069256, -2.6485271), (-2.0538344, 2.1491578, -2.7507966), (-1.8237385, 2.2264462, -2.8497212), (-1.5691668, 2.2987938, -2.942322), (-1.2906902, 2.36354, -3.0251932), (-0.99026614, 2.4178624, -3.094723), (-0.6714209, 2.4590409, -3.1474288), (-0.33922452, 2.4847813, -3.1803749), (0, 2.4935427, -3.191589), (0.33922452, 2.4847813, -3.1803749), (0.6714209, 2.4590409, -3.1474288), (0.99026614, 2.4178624, -3.094723), (1.2906902, 2.36354, -3.0251932), (1.5691668, 2.2987938, -2.942322), (1.8237385, 2.2264462, -2.8497212), (2.0538344, 2.1491578, -2.7507966), (2.2599733, 2.069256, -2.6485271), (2.4434361, 1.9886547, -2.545362), (2.6059673, 1.9088415, -2.4432058), (2.7495356, 1.8309125, -2.343461), (2.8761597, 1.7556287, -2.2471023)]
                                color3f[] primvars:displayColor = [(0, 0.5, 0.45)] (
                                    interpolation = "constant"
                                )
                                float[] primvars:displayOpacity = [0.3] (
                                    interpolation = "constant"
                                )
                                uniform token purpose = "guide"
                                uniform token subdivisionScheme = "none"
                            }

                            def Mesh "Shell_recognise" (
                                prepend apiSchemas = ["AecoDerivedGeometryAPI", "MaterialBindingAPI"]
                            )
                            {
                                uniform token aeco:derived:approx = "tessellated"
                                uniform token aeco:derived:role = "coverage"
                                string aeco:derived:source = "1c297e59-d234-5b8e-a6a3-609f5585cf74"
                                string aeco:derived:stamp = "usdAecoCctv derive 0.5.3"
                                uniform bool doubleSided = 1
                                float3[] extent = [(-6.383178, -4.9870853, -8.100369), (6.383178, 4.9870853, 0)]
                                int[] faceVertexCounts = [4, 4, 4, 4, 4, 4, 4, 4, 4, 4, 4, 4, 4, 4, 4, 4, 4, 4, 4, 4, 4, 4, 4, 4, 4, 4, 4, 4, 4, 4, 4, 4, 4, 4, 4, 4, 4, 4, 4, 4, 4, 4, 4, 4, 4, 4, 4, 4, 4, 4, 4, 4, 4, 4, 4, 4, 4, 4, 4, 4, 4, 4, 4, 4, 4, 4, 4, 4, 4, 4, 4, 4, 4, 4, 4, 4, 4, 4, 4, 4, 4, 4, 4, 4, 4, 4, 4, 4, 4, 4, 4, 4, 4, 4, 4, 4, 4, 4, 4, 4, 4, 4, 4, 4, 4, 4, 4, 4, 4, 4, 4, 4, 4, 4, 4, 4, 4, 4, 4, 4, 4, 4, 4, 4, 4, 4, 4, 4, 4, 4, 4, 4, 4, 4, 4, 4, 4, 4, 4, 4, 4, 4, 4, 4, 4, 4, 4, 4, 4, 4, 4, 4, 4, 4, 4, 4, 4, 4, 4, 4, 4, 4, 4, 4, 4, 4, 4, 4, 4, 4, 4, 4, 4, 4, 4, 4, 4, 4, 4, 4, 4, 4, 4, 4, 4, 4, 4, 4, 4, 4, 4, 4, 4, 4, 4, 4, 4, 4, 4, 4, 4, 4, 4, 4, 4, 4, 4, 4, 4, 4, 4, 4, 4, 4, 4, 4, 4, 4, 4, 4, 4, 4, 4, 4, 4, 4, 4, 4, 4, 4, 4, 4, 4, 4, 4, 4, 4, 4, 4, 4, 4, 4, 4, 4, 4, 4, 4, 4, 4, 4, 4, 4, 4, 4, 4, 4, 4, 4, 4, 4, 4, 4, 4, 4, 4, 4, 4, 4, 4, 4, 4, 4, 4, 4, 4, 4, 4, 4, 4, 4, 4, 4, 4, 4, 4, 4, 4, 4, 4, 4, 4, 4, 4, 4, 4, 4, 4, 4, 4, 4, 4, 4, 4, 4, 4, 4, 4, 4, 4, 4, 4, 4, 4, 4, 4, 4, 4, 4, 4, 4, 4, 4, 4, 4, 4, 4, 4, 4, 4, 4, 4, 4, 4, 4, 4, 4, 3, 3, 3, 3, 3, 3, 3, 3, 3, 3, 3, 3, 3, 3, 3, 3, 3, 3, 3, 3, 3, 3, 3, 3, 3, 3, 3, 3, 3, 3, 3, 3, 3, 3, 3, 3, 3, 3, 3, 3, 3, 3, 3, 3, 3, 3, 3, 3, 3, 3, 3, 3, 3, 3, 3, 3, 3, 3, 3, 3, 3, 3, 3, 3, 3, 3, 3, 3, 3, 3, 3, 3, 3, 3, 3, 3]
                                int[] faceVertexIndices = [1, 26, 27, 2, 2, 27, 28, 3, 3, 28, 29, 4, 4, 29, 30, 5, 5, 30, 31, 6, 6, 31, 32, 7, 7, 32, 33, 8, 8, 33, 34, 9, 9, 34, 35, 10, 10, 35, 36, 11, 11, 36, 37, 12, 12, 37, 38, 13, 13, 38, 39, 14, 14, 39, 40, 15, 15, 40, 41, 16, 16, 41, 42, 17, 17, 42, 43, 18, 18, 43, 44, 19, 19, 44, 45, 20, 20, 45, 46, 21, 21, 46, 47, 22, 22, 47, 48, 23, 23, 48, 49, 24, 24, 49, 50, 25, 26, 51, 52, 27, 27, 52, 53, 28, 28, 53, 54, 29, 29, 54, 55, 30, 30, 55, 56, 31, 31, 56, 57, 32, 32, 57, 58, 33, 33, 58, 59, 34, 34, 59, 60, 35, 35, 60, 61, 36, 36, 61, 62, 37, 37, 62, 63, 38, 38, 63, 64, 39, 39, 64, 65, 40, 40, 65, 66, 41, 41, 66, 67, 42, 42, 67, 68, 43, 43, 68, 69, 44, 44, 69, 70, 45, 45, 70, 71, 46, 46, 71, 72, 47, 47, 72, 73, 48, 48, 73, 74, 49, 49, 74, 75, 50, 51, 76, 77, 52, 52, 77, 78, 53, 53, 78, 79, 54, 54, 79, 80, 55, 55, 80, 81, 56, 56, 81, 82, 57, 57, 82, 83, 58, 58, 83, 84, 59, 59, 84, 85, 60, 60, 85, 86, 61, 61, 86, 87, 62, 62, 87, 88, 63, 63, 88, 89, 64, 64, 89, 90, 65, 65, 90, 91, 66, 66, 91, 92, 67, 67, 92, 93, 68, 68, 93, 94, 69, 69, 94, 95, 70, 70, 95, 96, 71, 71, 96, 97, 72, 72, 97, 98, 73, 73, 98, 99, 74, 74, 99, 100, 75, 76, 101, 102, 77, 77, 102, 103, 78, 78, 103, 104, 79, 79, 104, 105, 80, 80, 105, 106, 81, 81, 106, 107, 82, 82, 107, 108, 83, 83, 108, 109, 84, 84, 109, 110, 85, 85, 110, 111, 86, 86, 111, 112, 87, 87, 112, 113, 88, 88, 113, 114, 89, 89, 114, 115, 90, 90, 115, 116, 91, 91, 116, 117, 92, 92, 117, 118, 93, 93, 118, 119, 94, 94, 119, 120, 95, 95, 120, 121, 96, 96, 121, 122, 97, 97, 122, 123, 98, 98, 123, 124, 99, 99, 124, 125, 100, 101, 126, 127, 102, 102, 127, 128, 103, 103, 128, 129, 104, 104, 129, 130, 105, 105, 130, 131, 106, 106, 131, 132, 107, 107, 132, 133, 108, 108, 133, 134, 109, 109, 134, 135, 110, 110, 135, 136, 111, 111, 136, 137, 112, 112, 137, 138, 113, 113, 138, 139, 114, 114, 139, 140, 115, 115, 140, 141, 116, 116, 141, 142, 117, 117, 142, 143, 118, 118, 143, 144, 119, 119, 144, 145, 120, 120, 145, 146, 121, 121, 146, 147, 122, 122, 147, 148, 123, 123, 148, 149, 124, 124, 149, 150, 125, 126, 151, 152, 127, 127, 152, 153, 128, 128, 153, 154, 129, 129, 154, 155, 130, 130, 155, 156, 131, 131, 156, 157, 132, 132, 157, 158, 133, 133, 158, 159, 134, 134, 159, 160, 135, 135, 160, 161, 136, 136, 161, 162, 137, 137, 162, 163, 138, 138, 163, 164, 139, 139, 164, 165, 140, 140, 165, 166, 141, 141, 166, 167, 142, 142, 167, 168, 143, 143, 168, 169, 144, 144, 169, 170, 145, 145, 170, 171, 146, 146, 171, 172, 147, 147, 172, 173, 148, 148, 173, 174, 149, 149, 174, 175, 150, 151, 176, 177, 152, 152, 177, 178, 153, 153, 178, 179, 154, 154, 179, 180, 155, 155, 180, 181, 156, 156, 181, 182, 157, 157, 182, 183, 158, 158, 183, 184, 159, 159, 184, 185, 160, 160, 185, 186, 161, 161, 186, 187, 162, 162, 187, 188, 163, 163, 188, 189, 164, 164, 189, 190, 165, 165, 190, 191, 166, 166, 191, 192, 167, 167, 192, 193, 168, 168, 193, 194, 169, 169, 194, 195, 170, 170, 195, 196, 171, 171, 196, 197, 172, 172, 197, 198, 173, 173, 198, 199, 174, 174, 199, 200, 175, 176, 201, 202, 177, 177, 202, 203, 178, 178, 203, 204, 179, 179, 204, 205, 180, 180, 205, 206, 181, 181, 206, 207, 182, 182, 207, 208, 183, 183, 208, 209, 184, 184, 209, 210, 185, 185, 210, 211, 186, 186, 211, 212, 187, 187, 212, 213, 188, 188, 213, 214, 189, 189, 214, 215, 190, 190, 215, 216, 191, 191, 216, 217, 192, 192, 217, 218, 193, 193, 218, 219, 194, 194, 219, 220, 195, 195, 220, 221, 196, 196, 221, 222, 197, 197, 222, 223, 198, 198, 223, 224, 199, 199, 224, 225, 200, 201, 226, 227, 202, 202, 227, 228, 203, 203, 228, 229, 204, 204, 229, 230, 205, 205, 230, 231, 206, 206, 231, 232, 207, 207, 232, 233, 208, 208, 233, 234, 209, 209, 234, 235, 210, 210, 235, 236, 211, 211, 236, 237, 212, 212, 237, 238, 213, 213, 238, 239, 214, 214, 239, 240, 215, 215, 240, 241, 216, 216, 241, 242, 217, 217, 242, 243, 218, 218, 243, 244, 219, 219, 244, 245, 220, 220, 245, 246, 221, 221, 246, 247, 222, 222, 247, 248, 223, 223, 248, 249, 224, 224, 249, 250, 225, 226, 251, 252, 227, 227, 252, 253, 228, 228, 253, 254, 229, 229, 254, 255, 230, 230, 255, 256, 231, 231, 256, 257, 232, 232, 257, 258, 233, 233, 258, 259, 234, 234, 259, 260, 235, 235, 260, 261, 236, 236, 261, 262, 237, 237, 262, 263, 238, 238, 263, 264, 239, 239, 264, 265, 240, 240, 265, 266, 241, 241, 266, 267, 242, 242, 267, 268, 243, 243, 268, 269, 244, 244, 269, 270, 245, 245, 270, 271, 246, 246, 271, 272, 247, 247, 272, 273, 248, 248, 273, 274, 249, 249, 274, 275, 250, 251, 276, 277, 252, 252, 277, 278, 253, 253, 278, 279, 254, 254, 279, 280, 255, 255, 280, 281, 256, 256, 281, 282, 257, 257, 282, 283, 258, 258, 283, 284, 259, 259, 284, 285, 260, 260, 285, 286, 261, 261, 286, 287, 262, 262, 287, 288, 263, 263, 288, 289, 264, 264, 289, 290, 265, 265, 290, 291, 266, 266, 291, 292, 267, 267, 292, 293, 268, 268, 293, 294, 269, 269, 294, 295, 270, 270, 295, 296, 271, 271, 296, 297, 272, 272, 297, 298, 273, 273, 298, 299, 274, 274, 299, 300, 275, 276, 301, 302, 277, 277, 302, 303, 278, 278, 303, 304, 279, 279, 304, 305, 280, 280, 305, 306, 281, 281, 306, 307, 282, 282, 307, 308, 283, 283, 308, 309, 284, 284, 309, 310, 285, 285, 310, 311, 286, 286, 311, 312, 287, 287, 312, 313, 288, 288, 313, 314, 289, 289, 314, 315, 290, 290, 315, 316, 291, 291, 316, 317, 292, 292, 317, 318, 293, 293, 318, 319, 294, 294, 319, 320, 295, 295, 320, 321, 296, 296, 321, 322, 297, 297, 322, 323, 298, 298, 323, 324, 299, 299, 324, 325, 300, 301, 326, 327, 302, 302, 327, 328, 303, 303, 328, 329, 304, 304, 329, 330, 305, 305, 330, 331, 306, 306, 331, 332, 307, 307, 332, 333, 308, 308, 333, 334, 309, 309, 334, 335, 310, 310, 335, 336, 311, 311, 336, 337, 312, 312, 337, 338, 313, 313, 338, 339, 314, 314, 339, 340, 315, 315, 340, 341, 316, 316, 341, 342, 317, 317, 342, 343, 318, 318, 343, 344, 319, 319, 344, 345, 320, 320, 345, 346, 321, 321, 346, 347, 322, 322, 347, 348, 323, 323, 348, 349, 324, 324, 349, 350, 325, 326, 351, 352, 327, 327, 352, 353, 328, 328, 353, 354, 329, 329, 354, 355, 330, 330, 355, 356, 331, 331, 356, 357, 332, 332, 357, 358, 333, 333, 358, 359, 334, 334, 359, 360, 335, 335, 360, 361, 336, 336, 361, 362, 337, 337, 362, 363, 338, 338, 363, 364, 339, 339, 364, 365, 340, 340, 365, 366, 341, 341, 366, 367, 342, 342, 367, 368, 343, 343, 368, 369, 344, 344, 369, 370, 345, 345, 370, 371, 346, 346, 371, 372, 347, 347, 372, 373, 348, 348, 373, 374, 349, 349, 374, 375, 350, 0, 1, 2, 0, 2, 3, 0, 3, 4, 0, 4, 5, 0, 5, 6, 0, 6, 7, 0, 7, 8, 0, 8, 9, 0, 9, 10, 0, 10, 11, 0, 11, 12, 0, 12, 13, 0, 13, 14, 0, 14, 15, 0, 15, 16, 0, 16, 17, 0, 17, 18, 0, 18, 19, 0, 19, 20, 0, 20, 21, 0, 21, 22, 0, 22, 23, 0, 23, 24, 0, 24, 25, 0, 352, 351, 0, 353, 352, 0, 354, 353, 0, 355, 354, 0, 356, 355, 0, 357, 356, 0, 358, 357, 0, 359, 358, 0, 360, 359, 0, 361, 360, 0, 362, 361, 0, 363, 362, 0, 364, 363, 0, 365, 364, 0, 366, 365, 0, 367, 366, 0, 368, 367, 0, 369, 368, 0, 370, 369, 0, 371, 370, 0, 372, 371, 0, 373, 372, 0, 374, 373, 0, 375, 374, 0, 26, 1, 0, 51, 26, 0, 76, 51, 0, 101, 76, 0, 126, 101, 0, 151, 126, 0, 176, 151, 0, 201, 176, 0, 226, 201, 0, 251, 226, 0, 276, 251, 0, 301, 276, 0, 326, 301, 0, 351, 326, 0, 25, 50, 0, 50, 75, 0, 75, 100, 0, 100, 125, 0, 125, 150, 0, 150, 175, 0, 175, 200, 0, 200, 225, 0, 225, 250, 0, 250, 275, 0, 275, 300, 0, 300, 325, 0, 325, 350, 0, 350, 375]
                                rel material:binding = </AecoCctvLooks/Shell_recognise>
                                point3f[] points = [(0, 0, 0), (-5.7523193, -3.5112574, -4.4942045), (-5.499071, -3.661825, -4.686922), (-5.2119346, -3.817683, -4.8864117), (-4.8868723, -3.9773095, -5.090724), (-4.5199466, -4.138512, -5.2970543), (-4.107669, -4.2983155, -5.501593), (-3.647477, -4.4528923, -5.6994424), (-3.1383336, -4.5975876, -5.884644), (-2.5813804, -4.72708, -6.0503864), (-1.9805323, -4.835725, -6.189446), (-1.3428417, -4.9180818, -6.2948575), (-0.67844903, -4.9695625, -6.3607497), (0, -4.9870853, -6.383178), (0.67844903, -4.9695625, -6.3607497), (1.3428417, -4.9180818, -6.2948575), (1.9805323, -4.835725, -6.189446), (2.5813804, -4.72708, -6.0503864), (3.1383336, -4.5975876, -5.884644), (3.647477, -4.4528923, -5.6994424), (4.107669, -4.2983155, -5.501593), (4.5199466, -4.138512, -5.2970543), (4.8868723, -3.9773095, -5.090724), (5.2119346, -3.817683, -4.8864117), (5.499071, -3.661825, -4.686922), (5.7523193, -3.5112574, -4.4942045), (-5.9012885, -3.0875907, -4.610592), (-5.654491, -3.227416, -4.8193884), (-5.3726435, -3.3732004, -5.037083), (-5.051078, -3.5236735, -5.2617793), (-4.68508, -3.6768944, -5.4905787), (-4.2702637, -3.8301058, -5.7193637), (-3.8031127, -3.9796243, -5.9426346), (-3.2817037, -4.1208186, -6.1534753), (-2.706541, -4.248237, -6.3437448), (-2.0813718, -4.3559465, -6.5045834), (-1.4137509, -4.4380994, -6.6272593), (-0.7150909, -4.48968, -6.7042828), (0, -4.507277, -6.73056), (0.7150909, -4.48968, -6.7042828), (1.4137509, -4.4380994, -6.6272593), (2.0813718, -4.3559465, -6.5045834), (2.706541, -4.248237, -6.3437448), (3.2817037, -4.1208186, -6.1534753), (3.8031127, -3.9796243, -5.9426346), (4.2702637, -3.8301058, -5.7193637), (4.68508, -3.6768944, -5.4905787), (5.051078, -3.5236735, -5.2617793), (5.3726435, -3.3732004, -5.037083), (5.654491, -3.227416, -4.8193884), (5.9012885, -3.0875907, -4.610592), (-6.0368075, -2.6320794, -4.7164707), (-5.7968273, -2.7572145, -4.940703), (-5.5209007, -2.8885694, -5.17608), (-5.203756, -3.0251527, -5.4208264), (-4.8399096, -3.1653383, -5.6720276), (-4.424046, -3.3066974, -5.9253316), (-3.9516203, -3.4458537, -6.1746883), (-3.4196968, -3.5784132, -6.412224), (-2.8279839, -3.6990466, -6.6283894), (-2.1799047, -3.8017986, -6.8125124), (-1.483418, -3.8806674, -6.953839), (-0.7512166, -3.9304118, -7.042977), (0, -3.9474232, -7.0734596), (0.7512166, -3.9304118, -7.042977), (1.483418, -3.8806674, -6.953839), (2.1799047, -3.8017986, -6.8125124), (2.8279839, -3.6990466, -6.6283894), (3.4196968, -3.5784132, -6.412224), (3.9516203, -3.4458537, -6.1746883), (4.424046, -3.3066974, -5.9253316), (4.8399096, -3.1653383, -5.6720276), (5.203756, -3.0251527, -5.4208264), (5.5209007, -2.8885694, -5.17608), (5.7968273, -2.7572145, -4.940703), (6.0368075, -2.6320794, -4.7164707), (-6.154913, -2.146859, -4.808745), (-5.9216366, -2.2532632, -5.0470796), (-5.65178, -2.365637, -5.298785), (-5.3395305, -2.483267, -5.5622644), (-4.978685, -2.604879, -5.8346624), (-4.5630317, -2.7284644, -6.1114817), (-4.086987, -2.851116, -6.3862085), (-3.5465457, -2.9689195, -6.6500764), (-2.9405105, -3.0769866, -6.8921356), (-2.271843, -3.169713, -7.0998335), (-1.5487803, -3.2413259, -7.260239), (-0.78522956, -3.286696, -7.361863), (0, -3.302248, -7.396698), (0.78522956, -3.286696, -7.361863), (1.5487803, -3.2413259, -7.260239), (2.271843, -3.169713, -7.0998335), (2.9405105, -3.0769866, -6.8921356), (3.5465457, -2.9689195, -6.6500764), (4.086987, -2.851116, -6.3862085), (4.5630317, -2.7284644, -6.1114817), (4.978685, -2.604879, -5.8346624), (5.3395305, -2.483267, -5.5622644), (5.65178, -2.365637, -5.298785), (5.9216366, -2.2532632, -5.0470796), (6.154913, -2.146859, -4.808745), (-6.251723, -1.6354702, -4.8843813), (-6.0244865, -1.7192993, -5.13474), (-5.760269, -1.8082851, -5.400499), (-5.452807, -1.9019616, -5.6802664), (-5.0952797, -1.9994115, -5.9713035), (-4.6806774, -2.099108, -6.26905), (-4.20246, -2.198753, -6.5666428), (-3.655594, -2.2951555, -6.854552), (-3.0379634, -2.3842218, -7.120551), (-2.351988, -2.4611495, -7.350298), (-1.6060544, -2.5208929, -7.5287232), (-0.8151334, -2.558897, -7.642224), (0, -2.5719523, -7.681214), (0.8151334, -2.558897, -7.642224), (1.6060544, -2.5208929, -7.5287232), (2.351988, -2.4611495, -7.350298), (3.0379634, -2.3842218, -7.120551), (3.655594, -2.2951555, -6.854552), (4.20246, -2.198753, -6.5666428), (4.6806774, -2.099108, -6.26905), (5.0952797, -1.9994115, -5.9713035), (5.452807, -1.9019616, -5.6802664), (5.760269, -1.8082851, -5.400499), (6.0244865, -1.7192993, -5.13474), (6.251723, -1.6354702, -4.8843813), (-6.3237386, -1.1028731, -4.940646), (-6.1013217, -1.1608179, -5.2002273), (-5.841702, -1.2225659, -5.4768453), (-5.53828, -1.28785, -5.7693048), (-5.1837626, -1.3560884, -6.074999), (-4.7705092, -1.4262629, -6.389366), (-4.291203, -1.4967892, -6.7053103), (-3.7399476, -1.565411, -7.0127215), (-3.1138206, -1.6291702, -7.29835), (-2.4147232, -1.6845307, -7.546354), (-1.6510873, -1.7277182, -7.739825), (-0.83871406, -1.7552816, -7.8633027), (0, -1.7647667, -7.905794), (0.83871406, -1.7552816, -7.8633027), (1.6510873, -1.7277182, -7.739825), (2.4147232, -1.6845307, -7.546354), (3.1138206, -1.6291702, -7.29835), (3.7399476, -1.565411, -7.0127215), (4.291203, -1.4967892, -6.7053103), (4.7705092, -1.4262629, -6.389366), (5.1837626, -1.3560884, -6.074999), (5.53828, -1.28785, -5.7693048), (5.841702, -1.2225659, -5.4768453), (6.1013217, -1.1608179, -5.2002273), (6.3237386, -1.1028731, -4.940646), (-6.368161, -0.55531025, -4.975353), (-6.148858, -0.584931, -5.2407427), (-5.892251, -0.61657244, -5.524237), (-5.5915346, -0.6501168, -5.824781), (-5.2391176, -0.6852847, -6.139871), (-4.8269563, -0.72156954, -6.464968), (-4.347225, -0.75816506, -6.7928495), (-3.7934515, -0.793903, -7.113046), (-3.1621566, -0.8272299, -7.411642), (-2.4548626, -0.8562662, -7.6717954), (-1.679996, -0.87898433, -7.8753405), (-0.85388416, -0.893515, -8.005529), (0, -0.89852107, -8.050382), (0.85388416, -0.893515, -8.005529), (1.679996, -0.87898433, -7.8753405), (2.4548626, -0.8562662, -7.6717954), (3.1621566, -0.8272299, -7.411642), (3.7934515, -0.793903, -7.113046), (4.347225, -0.75816506, -6.7928495), (4.8269563, -0.72156954, -6.464968), (5.2391176, -0.6852847, -6.139871), (5.5915346, -0.6501168, -5.824781), (5.892251, -0.61657244, -5.524237), (6.148858, -0.584931, -5.2407427), (6.368161, -0.55531025, -4.975353), (-6.383178, 0, -4.9870853), (-6.164952, 0, -5.25446), (-5.9093947, 0, -5.5403104), (-5.6096306, 0, -5.8436317), (-5.257967, 0, -6.161961), (-4.846222, 0, -6.490772), (-4.3663926, 0, -6.8227997), (-3.811803, 0, -7.147457), (-3.1787758, 0, -7.4505954), (-2.4686937, 0, -7.71502), (-1.689975, 0, -7.922119), (-0.8591268, 0, -8.054681), (0, 0, -8.100369), (0.8591268, 0, -8.054681), (1.689975, 0, -7.922119), (2.4686937, 0, -7.71502), (3.1787758, 0, -7.4505954), (3.811803, 0, -7.147457), (4.3663926, 0, -6.8227997), (4.846222, 0, -6.490772), (5.257967, 0, -6.161961), (5.6096306, 0, -5.8436317), (5.9093947, 0, -5.5403104), (6.164952, 0, -5.25446), (6.383178, 0, -4.9870853), (-6.368161, 0.55531025, -4.975353), (-6.148858, 0.584931, -5.2407427), (-5.892251, 0.61657244, -5.524237), (-5.5915346, 0.6501168, -5.824781), (-5.2391176, 0.6852847, -6.139871), (-4.8269563, 0.72156954, -6.464968), (-4.347225, 0.75816506, -6.7928495), (-3.7934515, 0.793903, -7.113046), (-3.1621566, 0.8272299, -7.411642), (-2.4548626, 0.8562662, -7.6717954), (-1.679996, 0.87898433, -7.8753405), (-0.85388416, 0.893515, -8.005529), (0, 0.89852107, -8.050382), (0.85388416, 0.893515, -8.005529), (1.679996, 0.87898433, -7.8753405), (2.4548626, 0.8562662, -7.6717954), (3.1621566, 0.8272299, -7.411642), (3.7934515, 0.793903, -7.113046), (4.347225, 0.75816506, -6.7928495), (4.8269563, 0.72156954, -6.464968), (5.2391176, 0.6852847, -6.139871), (5.5915346, 0.6501168, -5.824781), (5.892251, 0.61657244, -5.524237), (6.148858, 0.584931, -5.2407427), (6.368161, 0.55531025, -4.975353), (-6.3237386, 1.1028731, -4.940646), (-6.1013217, 1.1608179, -5.2002273), (-5.841702, 1.2225659, -5.4768453), (-5.53828, 1.28785, -5.7693048), (-5.1837626, 1.3560884, -6.074999), (-4.7705092, 1.4262629, -6.389366), (-4.291203, 1.4967892, -6.7053103), (-3.7399476, 1.565411, -7.0127215), (-3.1138206, 1.6291702, -7.29835), (-2.4147232, 1.6845307, -7.546354), (-1.6510873, 1.7277182, -7.739825), (-0.83871406, 1.7552816, -7.8633027), (0, 1.7647667, -7.905794), (0.83871406, 1.7552816, -7.8633027), (1.6510873, 1.7277182, -7.739825), (2.4147232, 1.6845307, -7.546354), (3.1138206, 1.6291702, -7.29835), (3.7399476, 1.565411, -7.0127215), (4.291203, 1.4967892, -6.7053103), (4.7705092, 1.4262629, -6.389366), (5.1837626, 1.3560884, -6.074999), (5.53828, 1.28785, -5.7693048), (5.841702, 1.2225659, -5.4768453), (6.1013217, 1.1608179, -5.2002273), (6.3237386, 1.1028731, -4.940646), (-6.251723, 1.6354702, -4.8843813), (-6.0244865, 1.7192993, -5.13474), (-5.760269, 1.8082851, -5.400499), (-5.452807, 1.9019616, -5.6802664), (-5.0952797, 1.9994115, -5.9713035), (-4.6806774, 2.099108, -6.26905), (-4.20246, 2.198753, -6.5666428), (-3.655594, 2.2951555, -6.854552), (-3.0379634, 2.3842218, -7.120551), (-2.351988, 2.4611495, -7.350298), (-1.6060544, 2.5208929, -7.5287232), (-0.8151334, 2.558897, -7.642224), (0, 2.5719523, -7.681214), (0.8151334, 2.558897, -7.642224), (1.6060544, 2.5208929, -7.5287232), (2.351988, 2.4611495, -7.350298), (3.0379634, 2.3842218, -7.120551), (3.655594, 2.2951555, -6.854552), (4.20246, 2.198753, -6.5666428), (4.6806774, 2.099108, -6.26905), (5.0952797, 1.9994115, -5.9713035), (5.452807, 1.9019616, -5.6802664), (5.760269, 1.8082851, -5.400499), (6.0244865, 1.7192993, -5.13474), (6.251723, 1.6354702, -4.8843813), (-6.154913, 2.146859, -4.808745), (-5.9216366, 2.2532632, -5.0470796), (-5.65178, 2.365637, -5.298785), (-5.3395305, 2.483267, -5.5622644), (-4.978685, 2.604879, -5.8346624), (-4.5630317, 2.7284644, -6.1114817), (-4.086987, 2.851116, -6.3862085), (-3.5465457, 2.9689195, -6.6500764), (-2.9405105, 3.0769866, -6.8921356), (-2.271843, 3.169713, -7.0998335), (-1.5487803, 3.2413259, -7.260239), (-0.78522956, 3.286696, -7.361863), (0, 3.302248, -7.396698), (0.78522956, 3.286696, -7.361863), (1.5487803, 3.2413259, -7.260239), (2.271843, 3.169713, -7.0998335), (2.9405105, 3.0769866, -6.8921356), (3.5465457, 2.9689195, -6.6500764), (4.086987, 2.851116, -6.3862085), (4.5630317, 2.7284644, -6.1114817), (4.978685, 2.604879, -5.8346624), (5.3395305, 2.483267, -5.5622644), (5.65178, 2.365637, -5.298785), (5.9216366, 2.2532632, -5.0470796), (6.154913, 2.146859, -4.808745), (-6.0368075, 2.6320794, -4.7164707), (-5.7968273, 2.7572145, -4.940703), (-5.5209007, 2.8885694, -5.17608), (-5.203756, 3.0251527, -5.4208264), (-4.8399096, 3.1653383, -5.6720276), (-4.424046, 3.3066974, -5.9253316), (-3.9516203, 3.4458537, -6.1746883), (-3.4196968, 3.5784132, -6.412224), (-2.8279839, 3.6990466, -6.6283894), (-2.1799047, 3.8017986, -6.8125124), (-1.483418, 3.8806674, -6.953839), (-0.7512166, 3.9304118, -7.042977), (0, 3.9474232, -7.0734596), (0.7512166, 3.9304118, -7.042977), (1.483418, 3.8806674, -6.953839), (2.1799047, 3.8017986, -6.8125124), (2.8279839, 3.6990466, -6.6283894), (3.4196968, 3.5784132, -6.412224), (3.9516203, 3.4458537, -6.1746883), (4.424046, 3.3066974, -5.9253316), (4.8399096, 3.1653383, -5.6720276), (5.203756, 3.0251527, -5.4208264), (5.5209007, 2.8885694, -5.17608), (5.7968273, 2.7572145, -4.940703), (6.0368075, 2.6320794, -4.7164707), (-5.9012885, 3.0875907, -4.610592), (-5.654491, 3.227416, -4.8193884), (-5.3726435, 3.3732004, -5.037083), (-5.051078, 3.5236735, -5.2617793), (-4.68508, 3.6768944, -5.4905787), (-4.2702637, 3.8301058, -5.7193637), (-3.8031127, 3.9796243, -5.9426346), (-3.2817037, 4.1208186, -6.1534753), (-2.706541, 4.248237, -6.3437448), (-2.0813718, 4.3559465, -6.5045834), (-1.4137509, 4.4380994, -6.6272593), (-0.7150909, 4.48968, -6.7042828), (0, 4.507277, -6.73056), (0.7150909, 4.48968, -6.7042828), (1.4137509, 4.4380994, -6.6272593), (2.0813718, 4.3559465, -6.5045834), (2.706541, 4.248237, -6.3437448), (3.2817037, 4.1208186, -6.1534753), (3.8031127, 3.9796243, -5.9426346), (4.2702637, 3.8301058, -5.7193637), (4.68508, 3.6768944, -5.4905787), (5.051078, 3.5236735, -5.2617793), (5.3726435, 3.3732004, -5.037083), (5.654491, 3.227416, -4.8193884), (5.9012885, 3.0875907, -4.610592), (-5.7523193, 3.5112574, -4.4942045), (-5.499071, 3.661825, -4.686922), (-5.2119346, 3.817683, -4.8864117), (-4.8868723, 3.9773095, -5.090724), (-4.5199466, 4.138512, -5.2970543), (-4.107669, 4.2983155, -5.501593), (-3.647477, 4.4528923, -5.6994424), (-3.1383336, 4.5975876, -5.884644), (-2.5813804, 4.72708, -6.0503864), (-1.9805323, 4.835725, -6.189446), (-1.3428417, 4.9180818, -6.2948575), (-0.67844903, 4.9695625, -6.3607497), (0, 4.9870853, -6.383178), (0.67844903, 4.9695625, -6.3607497), (1.3428417, 4.9180818, -6.2948575), (1.9805323, 4.835725, -6.189446), (2.5813804, 4.72708, -6.0503864), (3.1383336, 4.5975876, -5.884644), (3.647477, 4.4528923, -5.6994424), (4.107669, 4.2983155, -5.501593), (4.5199466, 4.138512, -5.2970543), (4.8868723, 3.9773095, -5.090724), (5.2119346, 3.817683, -4.8864117), (5.499071, 3.661825, -4.686922), (5.7523193, 3.5112574, -4.4942045)]
                                color3f[] primvars:displayColor = [(0.18333334, 0.6166667, 0.56666666)] (
                                    interpolation = "constant"
                                )
                                float[] primvars:displayOpacity = [0.3] (
                                    interpolation = "constant"
                                )
                                uniform token purpose = "guide"
                                uniform token subdivisionScheme = "none"
                            }
                        }
                    }
                }

                over "Corridor_West"
                {
                    over "sec_cam_corr_corr_w_1"
                    {
                        double aeco:cctv:mountHeight = 3.42

                        over "Sensor_0"
                        {
                            double aeco:cctvSensor:effectiveWidth = 7.228335573456428
                            double aeco:cctvSensor:hfov = 84.19827201220271
                            double aeco:cctvSensor:targetRange = 5.7374204031549985
                            double aeco:cctvSensor:vfov = 59.24722851636196
                            float2 clippingRange = (0.05, 24)
                            float focalLength = 4
                            float horizontalAperture = 7.2283354
                            float verticalAperture = 4.5489945
                            matrix4d xformOp:transform = ( (1, 0, 0, 0), (0, 0.25881904510252096, 0.9659258262890682, 0), (0, -0.9659258262890682, 0.25881904510252096, 0), (0, 0, -0.08, 1) )
                            uniform token[] xformOpOrder = ["xformOp:transform"]

                            def Mesh "Sector" (
                                prepend apiSchemas = ["AecoDerivedGeometryAPI", "MaterialBindingAPI"]
                            )
                            {
                                uniform token aeco:derived:approx = "tessellated"
                                uniform token aeco:derived:role = "sector"
                                string aeco:derived:source = "bccc0760-fb91-586b-868b-fa614e1f1598"
                                string aeco:derived:stamp = "usdAecoCctv derive 0.5.3"
                                uniform bool doubleSided = 1
                                float3[] extent = [(-16.08997, -11.863204, -24), (16.08997, 11.863204, 0)]
                                int[] faceVertexCounts = [4, 4, 4, 4, 4, 4, 4, 4, 4, 4, 4, 4, 4, 4, 4, 4, 4, 4, 4, 4, 4, 4, 4, 4, 4, 4, 4, 4, 4, 4, 4, 4, 4, 4, 4, 4, 4, 4, 4, 4, 4, 4, 4, 4, 4, 4, 4, 4, 4, 4, 4, 4, 4, 4, 4, 4, 4, 4, 4, 4, 4, 4, 4, 4, 4, 4, 4, 4, 4, 4, 4, 4, 4, 4, 4, 4, 4, 4, 4, 4, 4, 4, 4, 4, 4, 4, 4, 4, 4, 4, 4, 4, 4, 4, 4, 4, 4, 4, 4, 4, 4, 4, 4, 4, 4, 4, 4, 4, 4, 4, 4, 4, 4, 4, 4, 4, 4, 4, 4, 4, 4, 4, 4, 4, 4, 4, 4, 4, 4, 4, 4, 4, 4, 4, 4, 4, 4, 4, 4, 4, 4, 4, 4, 4, 4, 4, 4, 4, 4, 4, 4, 4, 4, 4, 4, 4, 4, 4, 4, 4, 4, 4, 4, 4, 4, 4, 4, 4, 4, 4, 4, 4, 4, 4, 4, 4, 4, 4, 4, 4, 4, 4, 4, 4, 4, 4, 4, 4, 4, 4, 4, 4, 4, 4, 4, 4, 4, 4, 4, 4, 4, 4, 4, 4, 4, 4, 4, 4, 4, 4, 4, 4, 4, 4, 4, 4, 4, 4, 4, 4, 4, 4, 4, 4, 4, 4, 4, 4, 4, 4, 4, 4, 4, 4, 4, 4, 4, 4, 4, 4, 4, 4, 4, 4, 4, 4, 4, 4, 4, 4, 4, 4, 4, 4, 4, 4, 4, 4, 4, 4, 4, 4, 4, 4, 4, 4, 4, 4, 4, 4, 4, 4, 4, 4, 4, 4, 4, 4, 4, 4, 4, 4, 4, 4, 4, 4, 4, 4, 4, 4, 4, 4, 4, 4, 4, 4, 4, 4, 4, 4, 4, 4, 4, 4, 4, 4, 4, 4, 4, 4, 4, 4, 4, 4, 4, 4, 4, 4, 4, 4, 4, 4, 4, 4, 4, 4, 4, 4, 4, 4, 4, 4, 4, 4, 4, 4, 3, 3, 3, 3, 3, 3, 3, 3, 3, 3, 3, 3, 3, 3, 3, 3, 3, 3, 3, 3, 3, 3, 3, 3, 3, 3, 3, 3, 3, 3, 3, 3, 3, 3, 3, 3, 3, 3, 3, 3, 3, 3, 3, 3, 3, 3, 3, 3, 3, 3, 3, 3, 3, 3, 3, 3, 3, 3, 3, 3, 3, 3, 3, 3, 3, 3, 3, 3, 3, 3, 3, 3, 3, 3, 3, 3]
                                int[] faceVertexIndices = [1, 26, 27, 2, 2, 27, 28, 3, 3, 28, 29, 4, 4, 29, 30, 5, 5, 30, 31, 6, 6, 31, 32, 7, 7, 32, 33, 8, 8, 33, 34, 9, 9, 34, 35, 10, 10, 35, 36, 11, 11, 36, 37, 12, 12, 37, 38, 13, 13, 38, 39, 14, 14, 39, 40, 15, 15, 40, 41, 16, 16, 41, 42, 17, 17, 42, 43, 18, 18, 43, 44, 19, 19, 44, 45, 20, 20, 45, 46, 21, 21, 46, 47, 22, 22, 47, 48, 23, 23, 48, 49, 24, 24, 49, 50, 25, 26, 51, 52, 27, 27, 52, 53, 28, 28, 53, 54, 29, 29, 54, 55, 30, 30, 55, 56, 31, 31, 56, 57, 32, 32, 57, 58, 33, 33, 58, 59, 34, 34, 59, 60, 35, 35, 60, 61, 36, 36, 61, 62, 37, 37, 62, 63, 38, 38, 63, 64, 39, 39, 64, 65, 40, 40, 65, 66, 41, 41, 66, 67, 42, 42, 67, 68, 43, 43, 68, 69, 44, 44, 69, 70, 45, 45, 70, 71, 46, 46, 71, 72, 47, 47, 72, 73, 48, 48, 73, 74, 49, 49, 74, 75, 50, 51, 76, 77, 52, 52, 77, 78, 53, 53, 78, 79, 54, 54, 79, 80, 55, 55, 80, 81, 56, 56, 81, 82, 57, 57, 82, 83, 58, 58, 83, 84, 59, 59, 84, 85, 60, 60, 85, 86, 61, 61, 86, 87, 62, 62, 87, 88, 63, 63, 88, 89, 64, 64, 89, 90, 65, 65, 90, 91, 66, 66, 91, 92, 67, 67, 92, 93, 68, 68, 93, 94, 69, 69, 94, 95, 70, 70, 95, 96, 71, 71, 96, 97, 72, 72, 97, 98, 73, 73, 98, 99, 74, 74, 99, 100, 75, 76, 101, 102, 77, 77, 102, 103, 78, 78, 103, 104, 79, 79, 104, 105, 80, 80, 105, 106, 81, 81, 106, 107, 82, 82, 107, 108, 83, 83, 108, 109, 84, 84, 109, 110, 85, 85, 110, 111, 86, 86, 111, 112, 87, 87, 112, 113, 88, 88, 113, 114, 89, 89, 114, 115, 90, 90, 115, 116, 91, 91, 116, 117, 92, 92, 117, 118, 93, 93, 118, 119, 94, 94, 119, 120, 95, 95, 120, 121, 96, 96, 121, 122, 97, 97, 122, 123, 98, 98, 123, 124, 99, 99, 124, 125, 100, 101, 126, 127, 102, 102, 127, 128, 103, 103, 128, 129, 104, 104, 129, 130, 105, 105, 130, 131, 106, 106, 131, 132, 107, 107, 132, 133, 108, 108, 133, 134, 109, 109, 134, 135, 110, 110, 135, 136, 111, 111, 136, 137, 112, 112, 137, 138, 113, 113, 138, 139, 114, 114, 139, 140, 115, 115, 140, 141, 116, 116, 141, 142, 117, 117, 142, 143, 118, 118, 143, 144, 119, 119, 144, 145, 120, 120, 145, 146, 121, 121, 146, 147, 122, 122, 147, 148, 123, 123, 148, 149, 124, 124, 149, 150, 125, 126, 151, 152, 127, 127, 152, 153, 128, 128, 153, 154, 129, 129, 154, 155, 130, 130, 155, 156, 131, 131, 156, 157, 132, 132, 157, 158, 133, 133, 158, 159, 134, 134, 159, 160, 135, 135, 160, 161, 136, 136, 161, 162, 137, 137, 162, 163, 138, 138, 163, 164, 139, 139, 164, 165, 140, 140, 165, 166, 141, 141, 166, 167, 142, 142, 167, 168, 143, 143, 168, 169, 144, 144, 169, 170, 145, 145, 170, 171, 146, 146, 171, 172, 147, 147, 172, 173, 148, 148, 173, 174, 149, 149, 174, 175, 150, 151, 176, 177, 152, 152, 177, 178, 153, 153, 178, 179, 154, 154, 179, 180, 155, 155, 180, 181, 156, 156, 181, 182, 157, 157, 182, 183, 158, 158, 183, 184, 159, 159, 184, 185, 160, 160, 185, 186, 161, 161, 186, 187, 162, 162, 187, 188, 163, 163, 188, 189, 164, 164, 189, 190, 165, 165, 190, 191, 166, 166, 191, 192, 167, 167, 192, 193, 168, 168, 193, 194, 169, 169, 194, 195, 170, 170, 195, 196, 171, 171, 196, 197, 172, 172, 197, 198, 173, 173, 198, 199, 174, 174, 199, 200, 175, 176, 201, 202, 177, 177, 202, 203, 178, 178, 203, 204, 179, 179, 204, 205, 180, 180, 205, 206, 181, 181, 206, 207, 182, 182, 207, 208, 183, 183, 208, 209, 184, 184, 209, 210, 185, 185, 210, 211, 186, 186, 211, 212, 187, 187, 212, 213, 188, 188, 213, 214, 189, 189, 214, 215, 190, 190, 215, 216, 191, 191, 216, 217, 192, 192, 217, 218, 193, 193, 218, 219, 194, 194, 219, 220, 195, 195, 220, 221, 196, 196, 221, 222, 197, 197, 222, 223, 198, 198, 223, 224, 199, 199, 224, 225, 200, 201, 226, 227, 202, 202, 227, 228, 203, 203, 228, 229, 204, 204, 229, 230, 205, 205, 230, 231, 206, 206, 231, 232, 207, 207, 232, 233, 208, 208, 233, 234, 209, 209, 234, 235, 210, 210, 235, 236, 211, 211, 236, 237, 212, 212, 237, 238, 213, 213, 238, 239, 214, 214, 239, 240, 215, 215, 240, 241, 216, 216, 241, 242, 217, 217, 242, 243, 218, 218, 243, 244, 219, 219, 244, 245, 220, 220, 245, 246, 221, 221, 246, 247, 222, 222, 247, 248, 223, 223, 248, 249, 224, 224, 249, 250, 225, 226, 251, 252, 227, 227, 252, 253, 228, 228, 253, 254, 229, 229, 254, 255, 230, 230, 255, 256, 231, 231, 256, 257, 232, 232, 257, 258, 233, 233, 258, 259, 234, 234, 259, 260, 235, 235, 260, 261, 236, 236, 261, 262, 237, 237, 262, 263, 238, 238, 263, 264, 239, 239, 264, 265, 240, 240, 265, 266, 241, 241, 266, 267, 242, 242, 267, 268, 243, 243, 268, 269, 244, 244, 269, 270, 245, 245, 270, 271, 246, 246, 271, 272, 247, 247, 272, 273, 248, 248, 273, 274, 249, 249, 274, 275, 250, 251, 276, 277, 252, 252, 277, 278, 253, 253, 278, 279, 254, 254, 279, 280, 255, 255, 280, 281, 256, 256, 281, 282, 257, 257, 282, 283, 258, 258, 283, 284, 259, 259, 284, 285, 260, 260, 285, 286, 261, 261, 286, 287, 262, 262, 287, 288, 263, 263, 288, 289, 264, 264, 289, 290, 265, 265, 290, 291, 266, 266, 291, 292, 267, 267, 292, 293, 268, 268, 293, 294, 269, 269, 294, 295, 270, 270, 295, 296, 271, 271, 296, 297, 272, 272, 297, 298, 273, 273, 298, 299, 274, 274, 299, 300, 275, 276, 301, 302, 277, 277, 302, 303, 278, 278, 303, 304, 279, 279, 304, 305, 280, 280, 305, 306, 281, 281, 306, 307, 282, 282, 307, 308, 283, 283, 308, 309, 284, 284, 309, 310, 285, 285, 310, 311, 286, 286, 311, 312, 287, 287, 312, 313, 288, 288, 313, 314, 289, 289, 314, 315, 290, 290, 315, 316, 291, 291, 316, 317, 292, 292, 317, 318, 293, 293, 318, 319, 294, 294, 319, 320, 295, 295, 320, 321, 296, 296, 321, 322, 297, 297, 322, 323, 298, 298, 323, 324, 299, 299, 324, 325, 300, 301, 326, 327, 302, 302, 327, 328, 303, 303, 328, 329, 304, 304, 329, 330, 305, 305, 330, 331, 306, 306, 331, 332, 307, 307, 332, 333, 308, 308, 333, 334, 309, 309, 334, 335, 310, 310, 335, 336, 311, 311, 336, 337, 312, 312, 337, 338, 313, 313, 338, 339, 314, 314, 339, 340, 315, 315, 340, 341, 316, 316, 341, 342, 317, 317, 342, 343, 318, 318, 343, 344, 319, 319, 344, 345, 320, 320, 345, 346, 321, 321, 346, 347, 322, 322, 347, 348, 323, 323, 348, 349, 324, 324, 349, 350, 325, 326, 351, 352, 327, 327, 352, 353, 328, 328, 353, 354, 329, 329, 354, 355, 330, 330, 355, 356, 331, 331, 356, 357, 332, 332, 357, 358, 333, 333, 358, 359, 334, 334, 359, 360, 335, 335, 360, 361, 336, 336, 361, 362, 337, 337, 362, 363, 338, 338, 363, 364, 339, 339, 364, 365, 340, 340, 365, 366, 341, 341, 366, 367, 342, 342, 367, 368, 343, 343, 368, 369, 344, 344, 369, 370, 345, 345, 370, 371, 346, 346, 371, 372, 347, 347, 372, 373, 348, 348, 373, 374, 349, 349, 374, 375, 350, 0, 1, 2, 0, 2, 3, 0, 3, 4, 0, 4, 5, 0, 5, 6, 0, 6, 7, 0, 7, 8, 0, 8, 9, 0, 9, 10, 0, 10, 11, 0, 11, 12, 0, 12, 13, 0, 13, 14, 0, 14, 15, 0, 15, 16, 0, 16, 17, 0, 17, 18, 0, 18, 19, 0, 19, 20, 0, 20, 21, 0, 21, 22, 0, 22, 23, 0, 23, 24, 0, 24, 25, 0, 352, 351, 0, 353, 352, 0, 354, 353, 0, 355, 354, 0, 356, 355, 0, 357, 356, 0, 358, 357, 0, 359, 358, 0, 360, 359, 0, 361, 360, 0, 362, 361, 0, 363, 362, 0, 364, 363, 0, 365, 364, 0, 366, 365, 0, 367, 366, 0, 368, 367, 0, 369, 368, 0, 370, 369, 0, 371, 370, 0, 372, 371, 0, 373, 372, 0, 374, 373, 0, 375, 374, 0, 26, 1, 0, 51, 26, 0, 76, 51, 0, 101, 76, 0, 126, 101, 0, 151, 126, 0, 176, 151, 0, 201, 176, 0, 226, 201, 0, 251, 226, 0, 276, 251, 0, 301, 276, 0, 326, 301, 0, 351, 326, 0, 25, 50, 0, 50, 75, 0, 75, 100, 0, 100, 125, 0, 125, 150, 0, 150, 175, 0, 175, 200, 0, 200, 225, 0, 225, 250, 0, 250, 275, 0, 275, 300, 0, 300, 325, 0, 325, 350, 0, 350, 375]
                                rel material:binding = </AecoCctvLooks/Sector>
                                point3f[] points = [(0, 0, 0), (-14.82453, -9.3294935, -16.40713), (-14.023156, -9.627454, -16.931131), (-13.143663, -9.926012, -17.456186), (-12.181471, -10.221522, -17.97588), (-11.13313, -10.509587, -18.48248), (-9.99684, -10.785072, -18.966955), (-8.773014, -11.042209, -19.419163), (-7.4648223, -11.274774, -19.82816), (-6.078647, -11.476391, -20.182728), (-4.6243386, -11.640905, -20.47205), (-3.115186, -11.762845, -20.686495), (-1.5675281, -11.837873, -20.818443), (0, -11.863204, -20.862991), (1.5675281, -11.837873, -20.818443), (3.115186, -11.762845, -20.686495), (4.6243386, -11.640905, -20.47205), (6.078647, -11.476391, -20.182728), (7.4648223, -11.274774, -19.82816), (8.773014, -11.042209, -19.419163), (9.99684, -10.785072, -18.966955), (11.13313, -10.509587, -18.48248), (12.181471, -10.221522, -17.97588), (13.143663, -9.926012, -17.456186), (14.023156, -9.627454, -16.931131), (14.82453, -9.3294935, -16.40713), (-15.130935, -8.161991, -16.746244), (-14.332434, -8.434102, -17.304544), (-13.45245, -8.7078905, -17.866287), (-12.4855995, -8.980044, -18.424675), (-11.4276085, -9.2464905, -18.971352), (-10.2759, -9.502402, -19.496416), (-9.030252, -9.742271, -19.988564), (-7.6934524, -9.96008, -20.43545), (-6.2718635, -10.149583, -20.824257), (-4.7757835, -10.30469, -21.142498), (-3.2194643, -10.41994, -21.37896), (-1.620706, -10.490973, -21.524702), (0, -10.5149765, -21.57395), (1.620706, -10.490973, -21.524702), (3.2194643, -10.41994, -21.37896), (4.7757835, -10.30469, -21.142498), (6.2718635, -10.149583, -20.824257), (7.6934524, -9.96008, -20.43545), (9.030252, -9.742271, -19.988564), (10.2759, -9.502402, -19.496416), (11.4276085, -9.2464905, -18.971352), (12.4855995, -8.980044, -18.424675), (13.45245, -8.7078905, -17.866287), (14.332434, -8.434102, -17.304544), (15.130935, -8.161991, -16.746244), (-15.405596, -6.9251246, -17.050228), (-14.610753, -7.164902, -17.64058), (-13.731457, -7.4070787, -18.23684), (-12.761542, -7.6487594, -18.831875), (-11.695917, -7.886325, -19.41678), (-10.531218, -8.1154175, -19.980827), (-9.266544, -8.330996, -20.511599), (-7.904244, -8.527479, -20.995358), (-6.450591, -8.699011, -21.41768), (-4.916256, -8.839824, -21.764374), (-3.3163874, -8.944696, -22.02258), (-1.670196, -9.00944, -22.181984), (0, -9.031336, -22.235893), (1.670196, -9.00944, -22.181984), (3.3163874, -8.944696, -22.02258), (4.916256, -8.839824, -21.764374), (6.450591, -8.699011, -21.41768), (7.904244, -8.527479, -20.995358), (9.266544, -8.330996, -20.511599), (10.531218, -8.1154175, -19.980827), (11.695917, -7.886325, -19.41678), (12.761542, -7.6487594, -18.831875), (13.731457, -7.4070787, -18.23684), (14.610753, -7.164902, -17.64058), (15.405596, -6.9251246, -17.050228), (-15.641798, -5.625042, -17.311646), (-14.850942, -5.8261495, -17.930574), (-13.97312, -6.0299497, -18.557793), (-13.001452, -6.2340417, -19.185905), (-11.930085, -6.435375, -19.80553), (-10.754892, -6.6302266, -20.405205), (-9.474313, -6.8142304, -20.971497), (-8.090227, -6.9825015, -21.489367), (-6.6087666, -7.1298556, -21.942865), (-5.040893, -7.2511444, -22.316145), (-3.40255, -7.34167, -22.594746), (-1.714245, -7.39764, -22.767), (0, -7.4165835, -22.8253), (1.714245, -7.39764, -22.767), (3.40255, -7.34167, -22.594746), (5.040893, -7.2511444, -22.316145), (6.6087666, -7.1298556, -21.942865), (8.090227, -6.9825015, -21.489367), (9.474313, -6.8142304, -20.971497), (10.754892, -6.6302266, -20.405205), (11.930085, -6.435375, -19.80553), (13.001452, -6.2340417, -19.185905), (13.97312, -6.0299497, -18.557793), (14.850942, -5.8261495, -17.930574), (15.641798, -5.625042, -17.311646), (-15.833215, -4.2704086, -17.523497), (-15.046169, -4.4270544, -18.166286), (-14.170161, -4.5862355, -18.819485), (-13.1977005, -4.7461047, -19.475502), (-12.122267, -4.904282, -20.124578), (-10.939069, -5.0578265, -20.754642), (-9.64594, -5.2032523, -21.351393), (-8.244319, -5.3366213, -21.898668), (-6.740172, -5.4537163, -22.379166), (-5.1446695, -5.5503173, -22.775564), (-3.474414, -5.622548, -23.07196), (-1.751023, -5.667264, -23.255451), (0, -5.682408, -23.317595), (1.751023, -5.667264, -23.255451), (3.474414, -5.622548, -23.07196), (5.1446695, -5.5503173, -22.775564), (6.740172, -5.4537163, -22.379166), (8.244319, -5.3366213, -21.898668), (9.64594, -5.2032523, -21.351393), (10.939069, -5.0578265, -20.754642), (12.122267, -4.904282, -20.124578), (13.1977005, -4.7461047, -19.475502), (14.170161, -4.5862355, -18.819485), (15.046169, -4.4270544, -18.166286), (15.833215, -4.2704086, -17.523497), (-15.974324, -2.8723118, -17.679672), (-15.190428, -2.9796665, -18.34046), (-14.316121, -3.0889843, -19.013334), (-13.343446, -3.1990116, -19.690577), (-12.265369, -3.3081179, -20.362148), (-11.076572, -3.4142685, -21.015526), (-9.774403, -3.5150323, -21.635748), (-8.359937, -3.607641, -22.205774), (-6.8389816, -3.6891115, -22.707241), (-5.222847, -3.7564392, -23.121656), (-3.5286262, -3.806852, -23.43196), (-1.7787913, -3.8380916, -23.624245), (0, -3.8486772, -23.6894), (1.7787913, -3.8380916, -23.624245), (3.5286262, -3.806852, -23.43196), (5.222847, -3.7564392, -23.121656), (6.8389816, -3.6891115, -22.707241), (8.359937, -3.607641, -22.205774), (9.774403, -3.5150323, -21.635748), (11.076572, -3.4142685, -21.015526), (12.265369, -3.3081179, -20.362148), (13.343446, -3.1990116, -19.690577), (14.316121, -3.0889843, -19.013334), (15.190428, -2.9796665, -18.34046), (15.974324, -2.8723118, -17.679672), (-16.060823, -1.4439325, -17.775404), (-15.279, -1.4985201, -18.447401), (-14.405891, -1.554177, -19.132559), (-13.433246, -1.6102703, -19.823092), (-12.353703, -1.6659713, -20.508793), (-11.161605, -1.7202396, -21.176859), (-9.853989, -1.7718264, -21.811913), (-8.431686, -1.819302, -22.396357), (-6.900395, -1.8611196, -22.91115), (-5.271499, -1.8957158, -23.337042), (-3.5623975, -1.921643, -23.656218), (-1.7961001, -1.9377195, -23.854124), (0, -1.9431686, -23.921206), (1.7961001, -1.9377195, -23.854124), (3.5623975, -1.921643, -23.656218), (5.271499, -1.8957158, -23.337042), (6.900395, -1.8611196, -22.91115), (8.431686, -1.819302, -22.396357), (9.853989, -1.7718264, -21.811913), (11.161605, -1.7202396, -21.176859), (12.353703, -1.6659713, -20.508793), (13.433246, -1.6102703, -19.823092), (14.405891, -1.554177, -19.132559), (15.279, -1.4985201, -18.447401), (16.060823, -1.4439325, -17.775404), (-16.08997, 0, -17.807663), (-15.30887, 0, -18.483465), (-14.4361925, 0, -19.172802), (-13.463584, 0, -19.86786), (-12.3835745, 0, -20.558382), (-11.190388, 0, -21.231468), (-9.880953, 0, -21.871597), (-8.456017, 0, -22.460983), (-6.9212365, 0, -22.98035), (-5.2880216, 0, -23.410187), (-3.5738719, 0, -23.732412), (-1.8019831, 0, -23.932255), (0, 0, -24), (1.8019831, 0, -23.932255), (3.5738719, 0, -23.732412), (5.2880216, 0, -23.410187), (6.9212365, 0, -22.98035), (8.456017, 0, -22.460983), (9.880953, 0, -21.871597), (11.190388, 0, -21.231468), (12.3835745, 0, -20.558382), (13.463584, 0, -19.86786), (14.4361925, 0, -19.172802), (15.30887, 0, -18.483465), (16.08997, 0, -17.807663), (-16.060823, 1.4439325, -17.775404), (-15.279, 1.4985201, -18.447401), (-14.405891, 1.554177, -19.132559), (-13.433246, 1.6102703, -19.823092), (-12.353703, 1.6659713, -20.508793), (-11.161605, 1.7202396, -21.176859), (-9.853989, 1.7718264, -21.811913), (-8.431686, 1.819302, -22.396357), (-6.900395, 1.8611196, -22.91115), (-5.271499, 1.8957158, -23.337042), (-3.5623975, 1.921643, -23.656218), (-1.7961001, 1.9377195, -23.854124), (0, 1.9431686, -23.921206), (1.7961001, 1.9377195, -23.854124), (3.5623975, 1.921643, -23.656218), (5.271499, 1.8957158, -23.337042), (6.900395, 1.8611196, -22.91115), (8.431686, 1.819302, -22.396357), (9.853989, 1.7718264, -21.811913), (11.161605, 1.7202396, -21.176859), (12.353703, 1.6659713, -20.508793), (13.433246, 1.6102703, -19.823092), (14.405891, 1.554177, -19.132559), (15.279, 1.4985201, -18.447401), (16.060823, 1.4439325, -17.775404), (-15.974324, 2.8723118, -17.679672), (-15.190428, 2.9796665, -18.34046), (-14.316121, 3.0889843, -19.013334), (-13.343446, 3.1990116, -19.690577), (-12.265369, 3.3081179, -20.362148), (-11.076572, 3.4142685, -21.015526), (-9.774403, 3.5150323, -21.635748), (-8.359937, 3.607641, -22.205774), (-6.8389816, 3.6891115, -22.707241), (-5.222847, 3.7564392, -23.121656), (-3.5286262, 3.806852, -23.43196), (-1.7787913, 3.8380916, -23.624245), (0, 3.8486772, -23.6894), (1.7787913, 3.8380916, -23.624245), (3.5286262, 3.806852, -23.43196), (5.222847, 3.7564392, -23.121656), (6.8389816, 3.6891115, -22.707241), (8.359937, 3.607641, -22.205774), (9.774403, 3.5150323, -21.635748), (11.076572, 3.4142685, -21.015526), (12.265369, 3.3081179, -20.362148), (13.343446, 3.1990116, -19.690577), (14.316121, 3.0889843, -19.013334), (15.190428, 2.9796665, -18.34046), (15.974324, 2.8723118, -17.679672), (-15.833215, 4.2704086, -17.523497), (-15.046169, 4.4270544, -18.166286), (-14.170161, 4.5862355, -18.819485), (-13.1977005, 4.7461047, -19.475502), (-12.122267, 4.904282, -20.124578), (-10.939069, 5.0578265, -20.754642), (-9.64594, 5.2032523, -21.351393), (-8.244319, 5.3366213, -21.898668), (-6.740172, 5.4537163, -22.379166), (-5.1446695, 5.5503173, -22.775564), (-3.474414, 5.622548, -23.07196), (-1.751023, 5.667264, -23.255451), (0, 5.682408, -23.317595), (1.751023, 5.667264, -23.255451), (3.474414, 5.622548, -23.07196), (5.1446695, 5.5503173, -22.775564), (6.740172, 5.4537163, -22.379166), (8.244319, 5.3366213, -21.898668), (9.64594, 5.2032523, -21.351393), (10.939069, 5.0578265, -20.754642), (12.122267, 4.904282, -20.124578), (13.1977005, 4.7461047, -19.475502), (14.170161, 4.5862355, -18.819485), (15.046169, 4.4270544, -18.166286), (15.833215, 4.2704086, -17.523497), (-15.641798, 5.625042, -17.311646), (-14.850942, 5.8261495, -17.930574), (-13.97312, 6.0299497, -18.557793), (-13.001452, 6.2340417, -19.185905), (-11.930085, 6.435375, -19.80553), (-10.754892, 6.6302266, -20.405205), (-9.474313, 6.8142304, -20.971497), (-8.090227, 6.9825015, -21.489367), (-6.6087666, 7.1298556, -21.942865), (-5.040893, 7.2511444, -22.316145), (-3.40255, 7.34167, -22.594746), (-1.714245, 7.39764, -22.767), (0, 7.4165835, -22.8253), (1.714245, 7.39764, -22.767), (3.40255, 7.34167, -22.594746), (5.040893, 7.2511444, -22.316145), (6.6087666, 7.1298556, -21.942865), (8.090227, 6.9825015, -21.489367), (9.474313, 6.8142304, -20.971497), (10.754892, 6.6302266, -20.405205), (11.930085, 6.435375, -19.80553), (13.001452, 6.2340417, -19.185905), (13.97312, 6.0299497, -18.557793), (14.850942, 5.8261495, -17.930574), (15.641798, 5.625042, -17.311646), (-15.405596, 6.9251246, -17.050228), (-14.610753, 7.164902, -17.64058), (-13.731457, 7.4070787, -18.23684), (-12.761542, 7.6487594, -18.831875), (-11.695917, 7.886325, -19.41678), (-10.531218, 8.1154175, -19.980827), (-9.266544, 8.330996, -20.511599), (-7.904244, 8.527479, -20.995358), (-6.450591, 8.699011, -21.41768), (-4.916256, 8.839824, -21.764374), (-3.3163874, 8.944696, -22.02258), (-1.670196, 9.00944, -22.181984), (0, 9.031336, -22.235893), (1.670196, 9.00944, -22.181984), (3.3163874, 8.944696, -22.02258), (4.916256, 8.839824, -21.764374), (6.450591, 8.699011, -21.41768), (7.904244, 8.527479, -20.995358), (9.266544, 8.330996, -20.511599), (10.531218, 8.1154175, -19.980827), (11.695917, 7.886325, -19.41678), (12.761542, 7.6487594, -18.831875), (13.731457, 7.4070787, -18.23684), (14.610753, 7.164902, -17.64058), (15.405596, 6.9251246, -17.050228), (-15.130935, 8.161991, -16.746244), (-14.332434, 8.434102, -17.304544), (-13.45245, 8.7078905, -17.866287), (-12.4855995, 8.980044, -18.424675), (-11.4276085, 9.2464905, -18.971352), (-10.2759, 9.502402, -19.496416), (-9.030252, 9.742271, -19.988564), (-7.6934524, 9.96008, -20.43545), (-6.2718635, 10.149583, -20.824257), (-4.7757835, 10.30469, -21.142498), (-3.2194643, 10.41994, -21.37896), (-1.620706, 10.490973, -21.524702), (0, 10.5149765, -21.57395), (1.620706, 10.490973, -21.524702), (3.2194643, 10.41994, -21.37896), (4.7757835, 10.30469, -21.142498), (6.2718635, 10.149583, -20.824257), (7.6934524, 9.96008, -20.43545), (9.030252, 9.742271, -19.988564), (10.2759, 9.502402, -19.496416), (11.4276085, 9.2464905, -18.971352), (12.4855995, 8.980044, -18.424675), (13.45245, 8.7078905, -17.866287), (14.332434, 8.434102, -17.304544), (15.130935, 8.161991, -16.746244), (-14.82453, 9.3294935, -16.40713), (-14.023156, 9.627454, -16.931131), (-13.143663, 9.926012, -17.456186), (-12.181471, 10.221522, -17.97588), (-11.13313, 10.509587, -18.48248), (-9.99684, 10.785072, -18.966955), (-8.773014, 11.042209, -19.419163), (-7.4648223, 11.274774, -19.82816), (-6.078647, 11.476391, -20.182728), (-4.6243386, 11.640905, -20.47205), (-3.115186, 11.762845, -20.686495), (-1.5675281, 11.837873, -20.818443), (0, 11.863204, -20.862991), (1.5675281, 11.837873, -20.818443), (3.115186, 11.762845, -20.686495), (4.6243386, 11.640905, -20.47205), (6.078647, 11.476391, -20.182728), (7.4648223, 11.274774, -19.82816), (8.773014, 11.042209, -19.419163), (9.99684, 10.785072, -18.966955), (11.13313, 10.509587, -18.48248), (12.181471, 10.221522, -17.97588), (13.143663, 9.926012, -17.456186), (14.023156, 9.627454, -16.931131), (14.82453, 9.3294935, -16.40713)]
                                color3f[] primvars:displayColor = [(0, 0.85, 0.95)] (
                                    interpolation = "constant"
                                )
                                float[] primvars:displayOpacity = [0.3] (
                                    interpolation = "constant"
                                )
                                uniform token purpose = "guide"
                                uniform token subdivisionScheme = "none"
                            }

                            def Mesh "Shell_identify" (
                                prepend apiSchemas = ["AecoDerivedGeometryAPI", "MaterialBindingAPI"]
                            )
                            {
                                uniform token aeco:derived:approx = "tessellated"
                                uniform token aeco:derived:role = "coverage"
                                string aeco:derived:source = "bccc0760-fb91-586b-868b-fa614e1f1598"
                                string aeco:derived:stamp = "usdAecoCctv derive 0.5.3"
                                uniform bool doubleSided = 1
                                float3[] extent = [(-3.846455, -2.836008, -5.7374206), (3.846455, 2.836008, 0)]
                                int[] faceVertexCounts = [4, 4, 4, 4, 4, 4, 4, 4, 4, 4, 4, 4, 4, 4, 4, 4, 4, 4, 4, 4, 4, 4, 4, 4, 4, 4, 4, 4, 4, 4, 4, 4, 4, 4, 4, 4, 4, 4, 4, 4, 4, 4, 4, 4, 4, 4, 4, 4, 4, 4, 4, 4, 4, 4, 4, 4, 4, 4, 4, 4, 4, 4, 4, 4, 4, 4, 4, 4, 4, 4, 4, 4, 4, 4, 4, 4, 4, 4, 4, 4, 4, 4, 4, 4, 4, 4, 4, 4, 4, 4, 4, 4, 4, 4, 4, 4, 4, 4, 4, 4, 4, 4, 4, 4, 4, 4, 4, 4, 4, 4, 4, 4, 4, 4, 4, 4, 4, 4, 4, 4, 4, 4, 4, 4, 4, 4, 4, 4, 4, 4, 4, 4, 4, 4, 4, 4, 4, 4, 4, 4, 4, 4, 4, 4, 4, 4, 4, 4, 4, 4, 4, 4, 4, 4, 4, 4, 4, 4, 4, 4, 4, 4, 4, 4, 4, 4, 4, 4, 4, 4, 4, 4, 4, 4, 4, 4, 4, 4, 4, 4, 4, 4, 4, 4, 4, 4, 4, 4, 4, 4, 4, 4, 4, 4, 4, 4, 4, 4, 4, 4, 4, 4, 4, 4, 4, 4, 4, 4, 4, 4, 4, 4, 4, 4, 4, 4, 4, 4, 4, 4, 4, 4, 4, 4, 4, 4, 4, 4, 4, 4, 4, 4, 4, 4, 4, 4, 4, 4, 4, 4, 4, 4, 4, 4, 4, 4, 4, 4, 4, 4, 4, 4, 4, 4, 4, 4, 4, 4, 4, 4, 4, 4, 4, 4, 4, 4, 4, 4, 4, 4, 4, 4, 4, 4, 4, 4, 4, 4, 4, 4, 4, 4, 4, 4, 4, 4, 4, 4, 4, 4, 4, 4, 4, 4, 4, 4, 4, 4, 4, 4, 4, 4, 4, 4, 4, 4, 4, 4, 4, 4, 4, 4, 4, 4, 4, 4, 4, 4, 4, 4, 4, 4, 4, 4, 4, 4, 4, 4, 4, 4, 4, 4, 4, 4, 4, 4, 3, 3, 3, 3, 3, 3, 3, 3, 3, 3, 3, 3, 3, 3, 3, 3, 3, 3, 3, 3, 3, 3, 3, 3, 3, 3, 3, 3, 3, 3, 3, 3, 3, 3, 3, 3, 3, 3, 3, 3, 3, 3, 3, 3, 3, 3, 3, 3, 3, 3, 3, 3, 3, 3, 3, 3, 3, 3, 3, 3, 3, 3, 3, 3, 3, 3, 3, 3, 3, 3, 3, 3, 3, 3, 3, 3]
                                int[] faceVertexIndices = [1, 26, 27, 2, 2, 27, 28, 3, 3, 28, 29, 4, 4, 29, 30, 5, 5, 30, 31, 6, 6, 31, 32, 7, 7, 32, 33, 8, 8, 33, 34, 9, 9, 34, 35, 10, 10, 35, 36, 11, 11, 36, 37, 12, 12, 37, 38, 13, 13, 38, 39, 14, 14, 39, 40, 15, 15, 40, 41, 16, 16, 41, 42, 17, 17, 42, 43, 18, 18, 43, 44, 19, 19, 44, 45, 20, 20, 45, 46, 21, 21, 46, 47, 22, 22, 47, 48, 23, 23, 48, 49, 24, 24, 49, 50, 25, 26, 51, 52, 27, 27, 52, 53, 28, 28, 53, 54, 29, 29, 54, 55, 30, 30, 55, 56, 31, 31, 56, 57, 32, 32, 57, 58, 33, 33, 58, 59, 34, 34, 59, 60, 35, 35, 60, 61, 36, 36, 61, 62, 37, 37, 62, 63, 38, 38, 63, 64, 39, 39, 64, 65, 40, 40, 65, 66, 41, 41, 66, 67, 42, 42, 67, 68, 43, 43, 68, 69, 44, 44, 69, 70, 45, 45, 70, 71, 46, 46, 71, 72, 47, 47, 72, 73, 48, 48, 73, 74, 49, 49, 74, 75, 50, 51, 76, 77, 52, 52, 77, 78, 53, 53, 78, 79, 54, 54, 79, 80, 55, 55, 80, 81, 56, 56, 81, 82, 57, 57, 82, 83, 58, 58, 83, 84, 59, 59, 84, 85, 60, 60, 85, 86, 61, 61, 86, 87, 62, 62, 87, 88, 63, 63, 88, 89, 64, 64, 89, 90, 65, 65, 90, 91, 66, 66, 91, 92, 67, 67, 92, 93, 68, 68, 93, 94, 69, 69, 94, 95, 70, 70, 95, 96, 71, 71, 96, 97, 72, 72, 97, 98, 73, 73, 98, 99, 74, 74, 99, 100, 75, 76, 101, 102, 77, 77, 102, 103, 78, 78, 103, 104, 79, 79, 104, 105, 80, 80, 105, 106, 81, 81, 106, 107, 82, 82, 107, 108, 83, 83, 108, 109, 84, 84, 109, 110, 85, 85, 110, 111, 86, 86, 111, 112, 87, 87, 112, 113, 88, 88, 113, 114, 89, 89, 114, 115, 90, 90, 115, 116, 91, 91, 116, 117, 92, 92, 117, 118, 93, 93, 118, 119, 94, 94, 119, 120, 95, 95, 120, 121, 96, 96, 121, 122, 97, 97, 122, 123, 98, 98, 123, 124, 99, 99, 124, 125, 100, 101, 126, 127, 102, 102, 127, 128, 103, 103, 128, 129, 104, 104, 129, 130, 105, 105, 130, 131, 106, 106, 131, 132, 107, 107, 132, 133, 108, 108, 133, 134, 109, 109, 134, 135, 110, 110, 135, 136, 111, 111, 136, 137, 112, 112, 137, 138, 113, 113, 138, 139, 114, 114, 139, 140, 115, 115, 140, 141, 116, 116, 141, 142, 117, 117, 142, 143, 118, 118, 143, 144, 119, 119, 144, 145, 120, 120, 145, 146, 121, 121, 146, 147, 122, 122, 147, 148, 123, 123, 148, 149, 124, 124, 149, 150, 125, 126, 151, 152, 127, 127, 152, 153, 128, 128, 153, 154, 129, 129, 154, 155, 130, 130, 155, 156, 131, 131, 156, 157, 132, 132, 157, 158, 133, 133, 158, 159, 134, 134, 159, 160, 135, 135, 160, 161, 136, 136, 161, 162, 137, 137, 162, 163, 138, 138, 163, 164, 139, 139, 164, 165, 140, 140, 165, 166, 141, 141, 166, 167, 142, 142, 167, 168, 143, 143, 168, 169, 144, 144, 169, 170, 145, 145, 170, 171, 146, 146, 171, 172, 147, 147, 172, 173, 148, 148, 173, 174, 149, 149, 174, 175, 150, 151, 176, 177, 152, 152, 177, 178, 153, 153, 178, 179, 154, 154, 179, 180, 155, 155, 180, 181, 156, 156, 181, 182, 157, 157, 182, 183, 158, 158, 183, 184, 159, 159, 184, 185, 160, 160, 185, 186, 161, 161, 186, 187, 162, 162, 187, 188, 163, 163, 188, 189, 164, 164, 189, 190, 165, 165, 190, 191, 166, 166, 191, 192, 167, 167, 192, 193, 168, 168, 193, 194, 169, 169, 194, 195, 170, 170, 195, 196, 171, 171, 196, 197, 172, 172, 197, 198, 173, 173, 198, 199, 174, 174, 199, 200, 175, 176, 201, 202, 177, 177, 202, 203, 178, 178, 203, 204, 179, 179, 204, 205, 180, 180, 205, 206, 181, 181, 206, 207, 182, 182, 207, 208, 183, 183, 208, 209, 184, 184, 209, 210, 185, 185, 210, 211, 186, 186, 211, 212, 187, 187, 212, 213, 188, 188, 213, 214, 189, 189, 214, 215, 190, 190, 215, 216, 191, 191, 216, 217, 192, 192, 217, 218, 193, 193, 218, 219, 194, 194, 219, 220, 195, 195, 220, 221, 196, 196, 221, 222, 197, 197, 222, 223, 198, 198, 223, 224, 199, 199, 224, 225, 200, 201, 226, 227, 202, 202, 227, 228, 203, 203, 228, 229, 204, 204, 229, 230, 205, 205, 230, 231, 206, 206, 231, 232, 207, 207, 232, 233, 208, 208, 233, 234, 209, 209, 234, 235, 210, 210, 235, 236, 211, 211, 236, 237, 212, 212, 237, 238, 213, 213, 238, 239, 214, 214, 239, 240, 215, 215, 240, 241, 216, 216, 241, 242, 217, 217, 242, 243, 218, 218, 243, 244, 219, 219, 244, 245, 220, 220, 245, 246, 221, 221, 246, 247, 222, 222, 247, 248, 223, 223, 248, 249, 224, 224, 249, 250, 225, 226, 251, 252, 227, 227, 252, 253, 228, 228, 253, 254, 229, 229, 254, 255, 230, 230, 255, 256, 231, 231, 256, 257, 232, 232, 257, 258, 233, 233, 258, 259, 234, 234, 259, 260, 235, 235, 260, 261, 236, 236, 261, 262, 237, 237, 262, 263, 238, 238, 263, 264, 239, 239, 264, 265, 240, 240, 265, 266, 241, 241, 266, 267, 242, 242, 267, 268, 243, 243, 268, 269, 244, 244, 269, 270, 245, 245, 270, 271, 246, 246, 271, 272, 247, 247, 272, 273, 248, 248, 273, 274, 249, 249, 274, 275, 250, 251, 276, 277, 252, 252, 277, 278, 253, 253, 278, 279, 254, 254, 279, 280, 255, 255, 280, 281, 256, 256, 281, 282, 257, 257, 282, 283, 258, 258, 283, 284, 259, 259, 284, 285, 260, 260, 285, 286, 261, 261, 286, 287, 262, 262, 287, 288, 263, 263, 288, 289, 264, 264, 289, 290, 265, 265, 290, 291, 266, 266, 291, 292, 267, 267, 292, 293, 268, 268, 293, 294, 269, 269, 294, 295, 270, 270, 295, 296, 271, 271, 296, 297, 272, 272, 297, 298, 273, 273, 298, 299, 274, 274, 299, 300, 275, 276, 301, 302, 277, 277, 302, 303, 278, 278, 303, 304, 279, 279, 304, 305, 280, 280, 305, 306, 281, 281, 306, 307, 282, 282, 307, 308, 283, 283, 308, 309, 284, 284, 309, 310, 285, 285, 310, 311, 286, 286, 311, 312, 287, 287, 312, 313, 288, 288, 313, 314, 289, 289, 314, 315, 290, 290, 315, 316, 291, 291, 316, 317, 292, 292, 317, 318, 293, 293, 318, 319, 294, 294, 319, 320, 295, 295, 320, 321, 296, 296, 321, 322, 297, 297, 322, 323, 298, 298, 323, 324, 299, 299, 324, 325, 300, 301, 326, 327, 302, 302, 327, 328, 303, 303, 328, 329, 304, 304, 329, 330, 305, 305, 330, 331, 306, 306, 331, 332, 307, 307, 332, 333, 308, 308, 333, 334, 309, 309, 334, 335, 310, 310, 335, 336, 311, 311, 336, 337, 312, 312, 337, 338, 313, 313, 338, 339, 314, 314, 339, 340, 315, 315, 340, 341, 316, 316, 341, 342, 317, 317, 342, 343, 318, 318, 343, 344, 319, 319, 344, 345, 320, 320, 345, 346, 321, 321, 346, 347, 322, 322, 347, 348, 323, 323, 348, 349, 324, 324, 349, 350, 325, 326, 351, 352, 327, 327, 352, 353, 328, 328, 353, 354, 329, 329, 354, 355, 330, 330, 355, 356, 331, 331, 356, 357, 332, 332, 357, 358, 333, 333, 358, 359, 334, 334, 359, 360, 335, 335, 360, 361, 336, 336, 361, 362, 337, 337, 362, 363, 338, 338, 363, 364, 339, 339, 364, 365, 340, 340, 365, 366, 341, 341, 366, 367, 342, 342, 367, 368, 343, 343, 368, 369, 344, 344, 369, 370, 345, 345, 370, 371, 346, 346, 371, 372, 347, 347, 372, 373, 348, 348, 373, 374, 349, 349, 374, 375, 350, 0, 1, 2, 0, 2, 3, 0, 3, 4, 0, 4, 5, 0, 5, 6, 0, 6, 7, 0, 7, 8, 0, 8, 9, 0, 9, 10, 0, 10, 11, 0, 11, 12, 0, 12, 13, 0, 13, 14, 0, 14, 15, 0, 15, 16, 0, 16, 17, 0, 17, 18, 0, 18, 19, 0, 19, 20, 0, 20, 21, 0, 21, 22, 0, 22, 23, 0, 23, 24, 0, 24, 25, 0, 352, 351, 0, 353, 352, 0, 354, 353, 0, 355, 354, 0, 356, 355, 0, 357, 356, 0, 358, 357, 0, 359, 358, 0, 360, 359, 0, 361, 360, 0, 362, 361, 0, 363, 362, 0, 364, 363, 0, 365, 364, 0, 366, 365, 0, 367, 366, 0, 368, 367, 0, 369, 368, 0, 370, 369, 0, 371, 370, 0, 372, 371, 0, 373, 372, 0, 374, 373, 0, 375, 374, 0, 26, 1, 0, 51, 26, 0, 76, 51, 0, 101, 76, 0, 126, 101, 0, 151, 126, 0, 176, 151, 0, 201, 176, 0, 226, 201, 0, 251, 226, 0, 276, 251, 0, 301, 276, 0, 326, 301, 0, 351, 326, 0, 25, 50, 0, 50, 75, 0, 75, 100, 0, 100, 125, 0, 125, 150, 0, 150, 175, 0, 175, 200, 0, 200, 225, 0, 225, 250, 0, 250, 275, 0, 275, 300, 0, 300, 325, 0, 325, 350, 0, 350, 375]
                                rel material:binding = </AecoCctvLooks/Shell_identify>
                                point3f[] points = [(0, 0, 0), (-3.5439398, -2.230301, -3.9222748), (-3.352364, -2.3015313, -4.0475426), (-3.1421134, -2.3729043, -4.1730614), (-2.9120924, -2.443549, -4.297299), (-2.6614769, -2.5124133, -4.418406), (-2.3898363, -2.5782707, -4.534225), (-2.0972695, -2.6397414, -4.642329), (-1.7845343, -2.6953382, -4.7401037), (-1.4531565, -2.7435365, -4.8248663), (-1.1054907, -2.7828653, -4.8940315), (-0.74471384, -2.812016, -4.945297), (-0.374732, -2.8299525, -4.97684), (0, -2.836008, -4.9874897), (0.374732, -2.8299525, -4.97684), (0.74471384, -2.812016, -4.945297), (1.1054907, -2.7828653, -4.8940315), (1.4531565, -2.7435365, -4.8248663), (1.7845343, -2.6953382, -4.7401037), (2.0972695, -2.6397414, -4.642329), (2.3898363, -2.5782707, -4.534225), (2.6614769, -2.5124133, -4.418406), (2.9120924, -2.443549, -4.297299), (3.1421134, -2.3729043, -4.1730614), (3.352364, -2.3015313, -4.0475426), (3.5439398, -2.230301, -3.9222748), (-3.617189, -1.9511988, -4.0033436), (-3.4262998, -2.0162494, -4.1368103), (-3.2159317, -2.0817013, -4.2711), (-2.9847972, -2.1467621, -4.4045877), (-2.7318747, -2.2104585, -4.535276), (-2.4565485, -2.2716367, -4.660797), (-2.1587648, -2.3289795, -4.7784495), (-1.8391905, -2.3810487, -4.885282), (-1.4993465, -2.4263508, -4.97823), (-1.1416949, -2.463431, -5.0543084), (-0.76964253, -2.4909823, -5.1108365), (-0.38744462, -2.5079637, -5.1456776), (0, -2.5137017, -5.1574507), (0.38744462, -2.5079637, -5.1456776), (0.76964253, -2.4909823, -5.1108365), (1.1416949, -2.463431, -5.0543084), (1.4993465, -2.4263508, -4.97823), (1.8391905, -2.3810487, -4.885282), (2.1587648, -2.3289795, -4.7784495), (2.4565485, -2.2716367, -4.660797), (2.7318747, -2.2104585, -4.535276), (2.9847972, -2.1467621, -4.4045877), (3.2159317, -2.0817013, -4.2711), (3.4262998, -2.0162494, -4.1368103), (3.617189, -1.9511988, -4.0033436), (-3.6828492, -1.6555146, -4.0760136), (-3.4928348, -1.7128357, -4.2171426), (-3.282631, -1.7707303, -4.3596835), (-3.0507638, -1.8285061, -4.5019326), (-2.7960165, -1.8852984, -4.64176), (-2.5175843, -1.9400651, -4.7766004), (-2.2152526, -1.991601, -4.903486), (-1.8895822, -2.0385723, -5.019133), (-1.5420731, -2.0795784, -5.1200933), (-1.1752762, -2.113241, -5.2029734), (-0.7928128, -2.1383119, -5.2647), (-0.39927572, -2.1537895, -5.302807), (0, -2.1590238, -5.315695), (0.39927572, -2.1537895, -5.302807), (0.7928128, -2.1383119, -5.2647), (1.1752762, -2.113241, -5.2029734), (1.5420731, -2.0795784, -5.1200933), (1.8895822, -2.0385723, -5.019133), (2.2152526, -1.991601, -4.903486), (2.5175843, -1.9400651, -4.7766004), (2.7960165, -1.8852984, -4.64176), (3.0507638, -1.8285061, -4.5019326), (3.282631, -1.7707303, -4.3596835), (3.4928348, -1.7128357, -4.2171426), (3.6828492, -1.6555146, -4.0760136), (-3.7393155, -1.3447179, -4.138508), (-3.5502539, -1.3927945, -4.2864685), (-3.3404026, -1.4415148, -4.4364104), (-3.1081166, -1.490305, -4.586567), (-2.8519964, -1.5384356, -4.734694), (-2.571056, -1.5850165, -4.8780518), (-2.2649217, -1.6290044, -5.0134287), (-1.934043, -1.669231, -5.1372304), (-1.5798863, -1.7044575, -5.2456436), (-1.2050718, -1.7334527, -5.3348794), (-0.8134108, -1.7550936, -5.4014816), (-0.40980598, -1.7684739, -5.4426603), (0, -1.7730024, -5.4565973), (0.40980598, -1.7684739, -5.4426603), (0.8134108, -1.7550936, -5.4014816), (1.2050718, -1.7334527, -5.3348794), (1.5798863, -1.7044575, -5.2456436), (1.934043, -1.669231, -5.1372304), (2.2649217, -1.6290044, -5.0134287), (2.571056, -1.5850165, -4.8780518), (2.8519964, -1.5384356, -4.734694), (3.1081166, -1.490305, -4.586567), (3.3404026, -1.4415148, -4.4364104), (3.5502539, -1.3927945, -4.2864685), (3.7393155, -1.3447179, -4.138508), (-3.7850752, -1.0208803, -4.1891527), (-3.5969248, -1.0583279, -4.342818), (-3.3875072, -1.0963818, -4.4989705), (-3.1550314, -1.1345999, -4.655798), (-2.8979392, -1.1724137, -4.810965), (-2.615085, -1.2091198, -4.961588), (-2.3059504, -1.2438853, -5.1042466), (-1.9708802, -1.2757683, -5.235078), (-1.6113, -1.303761, -5.349945), (-1.2298805, -1.3268543, -5.444708), (-0.8305906, -1.3441218, -5.5155644), (-0.41859815, -1.3548115, -5.559429), (0, -1.3584318, -5.574285), (0.41859815, -1.3548115, -5.559429), (0.8305906, -1.3441218, -5.5155644), (1.2298805, -1.3268543, -5.444708), (1.6113, -1.303761, -5.349945), (1.9708802, -1.2757683, -5.235078), (2.3059504, -1.2438853, -5.1042466), (2.615085, -1.2091198, -4.961588), (2.8979392, -1.1724137, -4.810965), (3.1550314, -1.1345999, -4.655798), (3.3875072, -1.0963818, -4.4989705), (3.5969248, -1.0583279, -4.342818), (3.7850752, -1.0208803, -4.1891527), (-3.818809, -0.68665254, -4.2264876), (-3.6314113, -0.71231663, -4.3844557), (-3.4224, -0.73845005, -4.545312), (-3.1898732, -0.7647531, -4.707213), (-2.9321492, -0.790836, -4.8677583), (-2.6479561, -0.81621224, -5.0239544), (-2.3366609, -0.84030074, -5.172224), (-1.9985197, -0.8624397, -5.308494), (-1.6349213, -0.881916, -5.4283743), (-1.2485695, -0.89801127, -5.5274444), (-0.8435505, -0.9100629, -5.601625), (-0.4252364, -0.9175311, -5.6475925), (0, -0.9200616, -5.663169), (0.4252364, -0.9175311, -5.6475925), (0.8435505, -0.9100629, -5.601625), (1.2485695, -0.89801127, -5.5274444), (1.6349213, -0.881916, -5.4283743), (1.9985197, -0.8624397, -5.308494), (2.3366609, -0.84030074, -5.172224), (2.6479561, -0.81621224, -5.0239544), (2.9321492, -0.790836, -4.8677583), (3.1898732, -0.7647531, -4.707213), (3.4224, -0.73845005, -4.545312), (3.6314113, -0.71231663, -4.3844557), (3.818809, -0.68665254, -4.2264876), (-3.8394873, -0.34518534, -4.249374), (-3.6525853, -0.358235, -4.4100204), (-3.4438608, -0.37154028, -4.573814), (-3.2113407, -0.3849499, -4.738892), (-2.9532661, -0.39826572, -4.9028153), (-2.6682842, -0.4112391, -5.0625224), (-2.3556867, -0.42357135, -5.214338), (-2.0156722, -0.43492085, -5.354055), (-1.6496028, -0.44491774, -5.477121), (-1.2602003, -0.45318827, -5.578934), (-0.85162383, -0.4593864, -5.655236), (-0.42937425, -0.46322963, -5.7025476), (0, -0.4645323, -5.718584), (0.42937425, -0.46322963, -5.7025476), (0.85162383, -0.4593864, -5.655236), (1.2602003, -0.45318827, -5.578934), (1.6496028, -0.44491774, -5.477121), (2.0156722, -0.43492085, -5.354055), (2.3556867, -0.42357135, -5.214338), (2.6682842, -0.4112391, -5.0625224), (2.9532661, -0.39826572, -4.9028153), (3.2113407, -0.3849499, -4.738892), (3.4438608, -0.37154028, -4.573814), (3.6525853, -0.358235, -4.4100204), (3.8394873, -0.34518534, -4.249374), (-3.846455, 0, -4.2570853), (-3.6597261, 0, -4.418642), (-3.4511044, 0, -4.5834346), (-3.2185934, 0, -4.7495947), (-2.960407, 0, -4.91467), (-2.675165, 0, -5.0755773), (-2.3621325, 0, -5.228606), (-2.0214884, 0, -5.3695045), (-1.6545852, 0, -5.493664), (-1.26415, 0, -5.5964203), (-0.8543669, 0, -5.6734514), (-0.4307806, 0, -5.7212253), (0, 0, -5.7374206), (0.4307806, 0, -5.7212253), (0.8543669, 0, -5.6734514), (1.26415, 0, -5.5964203), (1.6545852, 0, -5.493664), (2.0214884, 0, -5.3695045), (2.3621325, 0, -5.228606), (2.675165, 0, -5.0755773), (2.960407, 0, -4.91467), (3.2185934, 0, -4.7495947), (3.4511044, 0, -4.5834346), (3.6597261, 0, -4.418642), (3.846455, 0, -4.2570853), (-3.8394873, 0.34518534, -4.249374), (-3.6525853, 0.358235, -4.4100204), (-3.4438608, 0.37154028, -4.573814), (-3.2113407, 0.3849499, -4.738892), (-2.9532661, 0.39826572, -4.9028153), (-2.6682842, 0.4112391, -5.0625224), (-2.3556867, 0.42357135, -5.214338), (-2.0156722, 0.43492085, -5.354055), (-1.6496028, 0.44491774, -5.477121), (-1.2602003, 0.45318827, -5.578934), (-0.85162383, 0.4593864, -5.655236), (-0.42937425, 0.46322963, -5.7025476), (0, 0.4645323, -5.718584), (0.42937425, 0.46322963, -5.7025476), (0.85162383, 0.4593864, -5.655236), (1.2602003, 0.45318827, -5.578934), (1.6496028, 0.44491774, -5.477121), (2.0156722, 0.43492085, -5.354055), (2.3556867, 0.42357135, -5.214338), (2.6682842, 0.4112391, -5.0625224), (2.9532661, 0.39826572, -4.9028153), (3.2113407, 0.3849499, -4.738892), (3.4438608, 0.37154028, -4.573814), (3.6525853, 0.358235, -4.4100204), (3.8394873, 0.34518534, -4.249374), (-3.818809, 0.68665254, -4.2264876), (-3.6314113, 0.71231663, -4.3844557), (-3.4224, 0.73845005, -4.545312), (-3.1898732, 0.7647531, -4.707213), (-2.9321492, 0.790836, -4.8677583), (-2.6479561, 0.81621224, -5.0239544), (-2.3366609, 0.84030074, -5.172224), (-1.9985197, 0.8624397, -5.308494), (-1.6349213, 0.881916, -5.4283743), (-1.2485695, 0.89801127, -5.5274444), (-0.8435505, 0.9100629, -5.601625), (-0.4252364, 0.9175311, -5.6475925), (0, 0.9200616, -5.663169), (0.4252364, 0.9175311, -5.6475925), (0.8435505, 0.9100629, -5.601625), (1.2485695, 0.89801127, -5.5274444), (1.6349213, 0.881916, -5.4283743), (1.9985197, 0.8624397, -5.308494), (2.3366609, 0.84030074, -5.172224), (2.6479561, 0.81621224, -5.0239544), (2.9321492, 0.790836, -4.8677583), (3.1898732, 0.7647531, -4.707213), (3.4224, 0.73845005, -4.545312), (3.6314113, 0.71231663, -4.3844557), (3.818809, 0.68665254, -4.2264876), (-3.7850752, 1.0208803, -4.1891527), (-3.5969248, 1.0583279, -4.342818), (-3.3875072, 1.0963818, -4.4989705), (-3.1550314, 1.1345999, -4.655798), (-2.8979392, 1.1724137, -4.810965), (-2.615085, 1.2091198, -4.961588), (-2.3059504, 1.2438853, -5.1042466), (-1.9708802, 1.2757683, -5.235078), (-1.6113, 1.303761, -5.349945), (-1.2298805, 1.3268543, -5.444708), (-0.8305906, 1.3441218, -5.5155644), (-0.41859815, 1.3548115, -5.559429), (0, 1.3584318, -5.574285), (0.41859815, 1.3548115, -5.559429), (0.8305906, 1.3441218, -5.5155644), (1.2298805, 1.3268543, -5.444708), (1.6113, 1.303761, -5.349945), (1.9708802, 1.2757683, -5.235078), (2.3059504, 1.2438853, -5.1042466), (2.615085, 1.2091198, -4.961588), (2.8979392, 1.1724137, -4.810965), (3.1550314, 1.1345999, -4.655798), (3.3875072, 1.0963818, -4.4989705), (3.5969248, 1.0583279, -4.342818), (3.7850752, 1.0208803, -4.1891527), (-3.7393155, 1.3447179, -4.138508), (-3.5502539, 1.3927945, -4.2864685), (-3.3404026, 1.4415148, -4.4364104), (-3.1081166, 1.490305, -4.586567), (-2.8519964, 1.5384356, -4.734694), (-2.571056, 1.5850165, -4.8780518), (-2.2649217, 1.6290044, -5.0134287), (-1.934043, 1.669231, -5.1372304), (-1.5798863, 1.7044575, -5.2456436), (-1.2050718, 1.7334527, -5.3348794), (-0.8134108, 1.7550936, -5.4014816), (-0.40980598, 1.7684739, -5.4426603), (0, 1.7730024, -5.4565973), (0.40980598, 1.7684739, -5.4426603), (0.8134108, 1.7550936, -5.4014816), (1.2050718, 1.7334527, -5.3348794), (1.5798863, 1.7044575, -5.2456436), (1.934043, 1.669231, -5.1372304), (2.2649217, 1.6290044, -5.0134287), (2.571056, 1.5850165, -4.8780518), (2.8519964, 1.5384356, -4.734694), (3.1081166, 1.490305, -4.586567), (3.3404026, 1.4415148, -4.4364104), (3.5502539, 1.3927945, -4.2864685), (3.7393155, 1.3447179, -4.138508), (-3.6828492, 1.6555146, -4.0760136), (-3.4928348, 1.7128357, -4.2171426), (-3.282631, 1.7707303, -4.3596835), (-3.0507638, 1.8285061, -4.5019326), (-2.7960165, 1.8852984, -4.64176), (-2.5175843, 1.9400651, -4.7766004), (-2.2152526, 1.991601, -4.903486), (-1.8895822, 2.0385723, -5.019133), (-1.5420731, 2.0795784, -5.1200933), (-1.1752762, 2.113241, -5.2029734), (-0.7928128, 2.1383119, -5.2647), (-0.39927572, 2.1537895, -5.302807), (0, 2.1590238, -5.315695), (0.39927572, 2.1537895, -5.302807), (0.7928128, 2.1383119, -5.2647), (1.1752762, 2.113241, -5.2029734), (1.5420731, 2.0795784, -5.1200933), (1.8895822, 2.0385723, -5.019133), (2.2152526, 1.991601, -4.903486), (2.5175843, 1.9400651, -4.7766004), (2.7960165, 1.8852984, -4.64176), (3.0507638, 1.8285061, -4.5019326), (3.282631, 1.7707303, -4.3596835), (3.4928348, 1.7128357, -4.2171426), (3.6828492, 1.6555146, -4.0760136), (-3.617189, 1.9511988, -4.0033436), (-3.4262998, 2.0162494, -4.1368103), (-3.2159317, 2.0817013, -4.2711), (-2.9847972, 2.1467621, -4.4045877), (-2.7318747, 2.2104585, -4.535276), (-2.4565485, 2.2716367, -4.660797), (-2.1587648, 2.3289795, -4.7784495), (-1.8391905, 2.3810487, -4.885282), (-1.4993465, 2.4263508, -4.97823), (-1.1416949, 2.463431, -5.0543084), (-0.76964253, 2.4909823, -5.1108365), (-0.38744462, 2.5079637, -5.1456776), (0, 2.5137017, -5.1574507), (0.38744462, 2.5079637, -5.1456776), (0.76964253, 2.4909823, -5.1108365), (1.1416949, 2.463431, -5.0543084), (1.4993465, 2.4263508, -4.97823), (1.8391905, 2.3810487, -4.885282), (2.1587648, 2.3289795, -4.7784495), (2.4565485, 2.2716367, -4.660797), (2.7318747, 2.2104585, -4.535276), (2.9847972, 2.1467621, -4.4045877), (3.2159317, 2.0817013, -4.2711), (3.4262998, 2.0162494, -4.1368103), (3.617189, 1.9511988, -4.0033436), (-3.5439398, 2.230301, -3.9222748), (-3.352364, 2.3015313, -4.0475426), (-3.1421134, 2.3729043, -4.1730614), (-2.9120924, 2.443549, -4.297299), (-2.6614769, 2.5124133, -4.418406), (-2.3898363, 2.5782707, -4.534225), (-2.0972695, 2.6397414, -4.642329), (-1.7845343, 2.6953382, -4.7401037), (-1.4531565, 2.7435365, -4.8248663), (-1.1054907, 2.7828653, -4.8940315), (-0.74471384, 2.812016, -4.945297), (-0.374732, 2.8299525, -4.97684), (0, 2.836008, -4.9874897), (0.374732, 2.8299525, -4.97684), (0.74471384, 2.812016, -4.945297), (1.1054907, 2.7828653, -4.8940315), (1.4531565, 2.7435365, -4.8248663), (1.7845343, 2.6953382, -4.7401037), (2.0972695, 2.6397414, -4.642329), (2.3898363, 2.5782707, -4.534225), (2.6614769, 2.5124133, -4.418406), (2.9120924, 2.443549, -4.297299), (3.1421134, 2.3729043, -4.1730614), (3.352364, 2.3015313, -4.0475426), (3.5439398, 2.230301, -3.9222748)]
                                color3f[] primvars:displayColor = [(0, 0.5, 0.45)] (
                                    interpolation = "constant"
                                )
                                float[] primvars:displayOpacity = [0.3] (
                                    interpolation = "constant"
                                )
                                uniform token purpose = "guide"
                                uniform token subdivisionScheme = "none"
                            }

                            def Mesh "Shell_recognise" (
                                prepend apiSchemas = ["AecoDerivedGeometryAPI", "MaterialBindingAPI"]
                            )
                            {
                                uniform token aeco:derived:approx = "tessellated"
                                uniform token aeco:derived:role = "coverage"
                                string aeco:derived:source = "bccc0760-fb91-586b-868b-fa614e1f1598"
                                string aeco:derived:stamp = "usdAecoCctv derive 0.5.3"
                                uniform bool doubleSided = 1
                                float3[] extent = [(-7.69291, -5.672016, -11.474841), (7.69291, 5.672016, 0)]
                                int[] faceVertexCounts = [4, 4, 4, 4, 4, 4, 4, 4, 4, 4, 4, 4, 4, 4, 4, 4, 4, 4, 4, 4, 4, 4, 4, 4, 4, 4, 4, 4, 4, 4, 4, 4, 4, 4, 4, 4, 4, 4, 4, 4, 4, 4, 4, 4, 4, 4, 4, 4, 4, 4, 4, 4, 4, 4, 4, 4, 4, 4, 4, 4, 4, 4, 4, 4, 4, 4, 4, 4, 4, 4, 4, 4, 4, 4, 4, 4, 4, 4, 4, 4, 4, 4, 4, 4, 4, 4, 4, 4, 4, 4, 4, 4, 4, 4, 4, 4, 4, 4, 4, 4, 4, 4, 4, 4, 4, 4, 4, 4, 4, 4, 4, 4, 4, 4, 4, 4, 4, 4, 4, 4, 4, 4, 4, 4, 4, 4, 4, 4, 4, 4, 4, 4, 4, 4, 4, 4, 4, 4, 4, 4, 4, 4, 4, 4, 4, 4, 4, 4, 4, 4, 4, 4, 4, 4, 4, 4, 4, 4, 4, 4, 4, 4, 4, 4, 4, 4, 4, 4, 4, 4, 4, 4, 4, 4, 4, 4, 4, 4, 4, 4, 4, 4, 4, 4, 4, 4, 4, 4, 4, 4, 4, 4, 4, 4, 4, 4, 4, 4, 4, 4, 4, 4, 4, 4, 4, 4, 4, 4, 4, 4, 4, 4, 4, 4, 4, 4, 4, 4, 4, 4, 4, 4, 4, 4, 4, 4, 4, 4, 4, 4, 4, 4, 4, 4, 4, 4, 4, 4, 4, 4, 4, 4, 4, 4, 4, 4, 4, 4, 4, 4, 4, 4, 4, 4, 4, 4, 4, 4, 4, 4, 4, 4, 4, 4, 4, 4, 4, 4, 4, 4, 4, 4, 4, 4, 4, 4, 4, 4, 4, 4, 4, 4, 4, 4, 4, 4, 4, 4, 4, 4, 4, 4, 4, 4, 4, 4, 4, 4, 4, 4, 4, 4, 4, 4, 4, 4, 4, 4, 4, 4, 4, 4, 4, 4, 4, 4, 4, 4, 4, 4, 4, 4, 4, 4, 4, 4, 4, 4, 4, 4, 4, 4, 4, 4, 4, 4, 3, 3, 3, 3, 3, 3, 3, 3, 3, 3, 3, 3, 3, 3, 3, 3, 3, 3, 3, 3, 3, 3, 3, 3, 3, 3, 3, 3, 3, 3, 3, 3, 3, 3, 3, 3, 3, 3, 3, 3, 3, 3, 3, 3, 3, 3, 3, 3, 3, 3, 3, 3, 3, 3, 3, 3, 3, 3, 3, 3, 3, 3, 3, 3, 3, 3, 3, 3, 3, 3, 3, 3, 3, 3, 3, 3]
                                int[] faceVertexIndices = [1, 26, 27, 2, 2, 27, 28, 3, 3, 28, 29, 4, 4, 29, 30, 5, 5, 30, 31, 6, 6, 31, 32, 7, 7, 32, 33, 8, 8, 33, 34, 9, 9, 34, 35, 10, 10, 35, 36, 11, 11, 36, 37, 12, 12, 37, 38, 13, 13, 38, 39, 14, 14, 39, 40, 15, 15, 40, 41, 16, 16, 41, 42, 17, 17, 42, 43, 18, 18, 43, 44, 19, 19, 44, 45, 20, 20, 45, 46, 21, 21, 46, 47, 22, 22, 47, 48, 23, 23, 48, 49, 24, 24, 49, 50, 25, 26, 51, 52, 27, 27, 52, 53, 28, 28, 53, 54, 29, 29, 54, 55, 30, 30, 55, 56, 31, 31, 56, 57, 32, 32, 57, 58, 33, 33, 58, 59, 34, 34, 59, 60, 35, 35, 60, 61, 36, 36, 61, 62, 37, 37, 62, 63, 38, 38, 63, 64, 39, 39, 64, 65, 40, 40, 65, 66, 41, 41, 66, 67, 42, 42, 67, 68, 43, 43, 68, 69, 44, 44, 69, 70, 45, 45, 70, 71, 46, 46, 71, 72, 47, 47, 72, 73, 48, 48, 73, 74, 49, 49, 74, 75, 50, 51, 76, 77, 52, 52, 77, 78, 53, 53, 78, 79, 54, 54, 79, 80, 55, 55, 80, 81, 56, 56, 81, 82, 57, 57, 82, 83, 58, 58, 83, 84, 59, 59, 84, 85, 60, 60, 85, 86, 61, 61, 86, 87, 62, 62, 87, 88, 63, 63, 88, 89, 64, 64, 89, 90, 65, 65, 90, 91, 66, 66, 91, 92, 67, 67, 92, 93, 68, 68, 93, 94, 69, 69, 94, 95, 70, 70, 95, 96, 71, 71, 96, 97, 72, 72, 97, 98, 73, 73, 98, 99, 74, 74, 99, 100, 75, 76, 101, 102, 77, 77, 102, 103, 78, 78, 103, 104, 79, 79, 104, 105, 80, 80, 105, 106, 81, 81, 106, 107, 82, 82, 107, 108, 83, 83, 108, 109, 84, 84, 109, 110, 85, 85, 110, 111, 86, 86, 111, 112, 87, 87, 112, 113, 88, 88, 113, 114, 89, 89, 114, 115, 90, 90, 115, 116, 91, 91, 116, 117, 92, 92, 117, 118, 93, 93, 118, 119, 94, 94, 119, 120, 95, 95, 120, 121, 96, 96, 121, 122, 97, 97, 122, 123, 98, 98, 123, 124, 99, 99, 124, 125, 100, 101, 126, 127, 102, 102, 127, 128, 103, 103, 128, 129, 104, 104, 129, 130, 105, 105, 130, 131, 106, 106, 131, 132, 107, 107, 132, 133, 108, 108, 133, 134, 109, 109, 134, 135, 110, 110, 135, 136, 111, 111, 136, 137, 112, 112, 137, 138, 113, 113, 138, 139, 114, 114, 139, 140, 115, 115, 140, 141, 116, 116, 141, 142, 117, 117, 142, 143, 118, 118, 143, 144, 119, 119, 144, 145, 120, 120, 145, 146, 121, 121, 146, 147, 122, 122, 147, 148, 123, 123, 148, 149, 124, 124, 149, 150, 125, 126, 151, 152, 127, 127, 152, 153, 128, 128, 153, 154, 129, 129, 154, 155, 130, 130, 155, 156, 131, 131, 156, 157, 132, 132, 157, 158, 133, 133, 158, 159, 134, 134, 159, 160, 135, 135, 160, 161, 136, 136, 161, 162, 137, 137, 162, 163, 138, 138, 163, 164, 139, 139, 164, 165, 140, 140, 165, 166, 141, 141, 166, 167, 142, 142, 167, 168, 143, 143, 168, 169, 144, 144, 169, 170, 145, 145, 170, 171, 146, 146, 171, 172, 147, 147, 172, 173, 148, 148, 173, 174, 149, 149, 174, 175, 150, 151, 176, 177, 152, 152, 177, 178, 153, 153, 178, 179, 154, 154, 179, 180, 155, 155, 180, 181, 156, 156, 181, 182, 157, 157, 182, 183, 158, 158, 183, 184, 159, 159, 184, 185, 160, 160, 185, 186, 161, 161, 186, 187, 162, 162, 187, 188, 163, 163, 188, 189, 164, 164, 189, 190, 165, 165, 190, 191, 166, 166, 191, 192, 167, 167, 192, 193, 168, 168, 193, 194, 169, 169, 194, 195, 170, 170, 195, 196, 171, 171, 196, 197, 172, 172, 197, 198, 173, 173, 198, 199, 174, 174, 199, 200, 175, 176, 201, 202, 177, 177, 202, 203, 178, 178, 203, 204, 179, 179, 204, 205, 180, 180, 205, 206, 181, 181, 206, 207, 182, 182, 207, 208, 183, 183, 208, 209, 184, 184, 209, 210, 185, 185, 210, 211, 186, 186, 211, 212, 187, 187, 212, 213, 188, 188, 213, 214, 189, 189, 214, 215, 190, 190, 215, 216, 191, 191, 216, 217, 192, 192, 217, 218, 193, 193, 218, 219, 194, 194, 219, 220, 195, 195, 220, 221, 196, 196, 221, 222, 197, 197, 222, 223, 198, 198, 223, 224, 199, 199, 224, 225, 200, 201, 226, 227, 202, 202, 227, 228, 203, 203, 228, 229, 204, 204, 229, 230, 205, 205, 230, 231, 206, 206, 231, 232, 207, 207, 232, 233, 208, 208, 233, 234, 209, 209, 234, 235, 210, 210, 235, 236, 211, 211, 236, 237, 212, 212, 237, 238, 213, 213, 238, 239, 214, 214, 239, 240, 215, 215, 240, 241, 216, 216, 241, 242, 217, 217, 242, 243, 218, 218, 243, 244, 219, 219, 244, 245, 220, 220, 245, 246, 221, 221, 246, 247, 222, 222, 247, 248, 223, 223, 248, 249, 224, 224, 249, 250, 225, 226, 251, 252, 227, 227, 252, 253, 228, 228, 253, 254, 229, 229, 254, 255, 230, 230, 255, 256, 231, 231, 256, 257, 232, 232, 257, 258, 233, 233, 258, 259, 234, 234, 259, 260, 235, 235, 260, 261, 236, 236, 261, 262, 237, 237, 262, 263, 238, 238, 263, 264, 239, 239, 264, 265, 240, 240, 265, 266, 241, 241, 266, 267, 242, 242, 267, 268, 243, 243, 268, 269, 244, 244, 269, 270, 245, 245, 270, 271, 246, 246, 271, 272, 247, 247, 272, 273, 248, 248, 273, 274, 249, 249, 274, 275, 250, 251, 276, 277, 252, 252, 277, 278, 253, 253, 278, 279, 254, 254, 279, 280, 255, 255, 280, 281, 256, 256, 281, 282, 257, 257, 282, 283, 258, 258, 283, 284, 259, 259, 284, 285, 260, 260, 285, 286, 261, 261, 286, 287, 262, 262, 287, 288, 263, 263, 288, 289, 264, 264, 289, 290, 265, 265, 290, 291, 266, 266, 291, 292, 267, 267, 292, 293, 268, 268, 293, 294, 269, 269, 294, 295, 270, 270, 295, 296, 271, 271, 296, 297, 272, 272, 297, 298, 273, 273, 298, 299, 274, 274, 299, 300, 275, 276, 301, 302, 277, 277, 302, 303, 278, 278, 303, 304, 279, 279, 304, 305, 280, 280, 305, 306, 281, 281, 306, 307, 282, 282, 307, 308, 283, 283, 308, 309, 284, 284, 309, 310, 285, 285, 310, 311, 286, 286, 311, 312, 287, 287, 312, 313, 288, 288, 313, 314, 289, 289, 314, 315, 290, 290, 315, 316, 291, 291, 316, 317, 292, 292, 317, 318, 293, 293, 318, 319, 294, 294, 319, 320, 295, 295, 320, 321, 296, 296, 321, 322, 297, 297, 322, 323, 298, 298, 323, 324, 299, 299, 324, 325, 300, 301, 326, 327, 302, 302, 327, 328, 303, 303, 328, 329, 304, 304, 329, 330, 305, 305, 330, 331, 306, 306, 331, 332, 307, 307, 332, 333, 308, 308, 333, 334, 309, 309, 334, 335, 310, 310, 335, 336, 311, 311, 336, 337, 312, 312, 337, 338, 313, 313, 338, 339, 314, 314, 339, 340, 315, 315, 340, 341, 316, 316, 341, 342, 317, 317, 342, 343, 318, 318, 343, 344, 319, 319, 344, 345, 320, 320, 345, 346, 321, 321, 346, 347, 322, 322, 347, 348, 323, 323, 348, 349, 324, 324, 349, 350, 325, 326, 351, 352, 327, 327, 352, 353, 328, 328, 353, 354, 329, 329, 354, 355, 330, 330, 355, 356, 331, 331, 356, 357, 332, 332, 357, 358, 333, 333, 358, 359, 334, 334, 359, 360, 335, 335, 360, 361, 336, 336, 361, 362, 337, 337, 362, 363, 338, 338, 363, 364, 339, 339, 364, 365, 340, 340, 365, 366, 341, 341, 366, 367, 342, 342, 367, 368, 343, 343, 368, 369, 344, 344, 369, 370, 345, 345, 370, 371, 346, 346, 371, 372, 347, 347, 372, 373, 348, 348, 373, 374, 349, 349, 374, 375, 350, 0, 1, 2, 0, 2, 3, 0, 3, 4, 0, 4, 5, 0, 5, 6, 0, 6, 7, 0, 7, 8, 0, 8, 9, 0, 9, 10, 0, 10, 11, 0, 11, 12, 0, 12, 13, 0, 13, 14, 0, 14, 15, 0, 15, 16, 0, 16, 17, 0, 17, 18, 0, 18, 19, 0, 19, 20, 0, 20, 21, 0, 21, 22, 0, 22, 23, 0, 23, 24, 0, 24, 25, 0, 352, 351, 0, 353, 352, 0, 354, 353, 0, 355, 354, 0, 356, 355, 0, 357, 356, 0, 358, 357, 0, 359, 358, 0, 360, 359, 0, 361, 360, 0, 362, 361, 0, 363, 362, 0, 364, 363, 0, 365, 364, 0, 366, 365, 0, 367, 366, 0, 368, 367, 0, 369, 368, 0, 370, 369, 0, 371, 370, 0, 372, 371, 0, 373, 372, 0, 374, 373, 0, 375, 374, 0, 26, 1, 0, 51, 26, 0, 76, 51, 0, 101, 76, 0, 126, 101, 0, 151, 126, 0, 176, 151, 0, 201, 176, 0, 226, 201, 0, 251, 226, 0, 276, 251, 0, 301, 276, 0, 326, 301, 0, 351, 326, 0, 25, 50, 0, 50, 75, 0, 75, 100, 0, 100, 125, 0, 125, 150, 0, 150, 175, 0, 175, 200, 0, 200, 225, 0, 225, 250, 0, 250, 275, 0, 275, 300, 0, 300, 325, 0, 325, 350, 0, 350, 375]
                                rel material:binding = </AecoCctvLooks/Shell_recognise>
                                point3f[] points = [(0, 0, 0), (-7.0878797, -4.460602, -7.8445497), (-6.704728, -4.6030626, -8.095085), (-6.284227, -4.7458086, -8.346123), (-5.824185, -4.887098, -8.594598), (-5.3229537, -5.0248265, -8.836812), (-4.7796726, -5.1565413, -9.06845), (-4.194539, -5.279483, -9.284658), (-3.5690687, -5.3906765, -9.480207), (-2.906313, -5.487073, -9.649733), (-2.2109814, -5.5657306, -9.788063), (-1.4894277, -5.624032, -9.890594), (-0.749464, -5.659905, -9.95368), (0, -5.672016, -9.974979), (0.749464, -5.659905, -9.95368), (1.4894277, -5.624032, -9.890594), (2.2109814, -5.5657306, -9.788063), (2.906313, -5.487073, -9.649733), (3.5690687, -5.3906765, -9.480207), (4.194539, -5.279483, -9.284658), (4.7796726, -5.1565413, -9.06845), (5.3229537, -5.0248265, -8.836812), (5.824185, -4.887098, -8.594598), (6.284227, -4.7458086, -8.346123), (6.704728, -4.6030626, -8.095085), (7.0878797, -4.460602, -7.8445497), (-7.234378, -3.9023976, -8.006687), (-6.8525996, -4.032499, -8.273621), (-6.4318633, -4.1634026, -8.5422), (-5.9695945, -4.2935243, -8.8091755), (-5.4637494, -4.420917, -9.070552), (-4.913097, -4.5432734, -9.321594), (-4.3175297, -4.657959, -9.556899), (-3.678381, -4.7620974, -9.770564), (-2.998693, -4.8527017, -9.95646), (-2.2833898, -4.926862, -10.108617), (-1.5392851, -4.9819646, -10.221673), (-0.77488923, -5.0159273, -10.291355), (0, -5.0274034, -10.314901), (0.77488923, -5.0159273, -10.291355), (1.5392851, -4.9819646, -10.221673), (2.2833898, -4.926862, -10.108617), (2.998693, -4.8527017, -9.95646), (3.678381, -4.7620974, -9.770564), (4.3175297, -4.657959, -9.556899), (4.913097, -4.5432734, -9.321594), (5.4637494, -4.420917, -9.070552), (5.9695945, -4.2935243, -8.8091755), (6.4318633, -4.1634026, -8.5422), (6.8525996, -4.032499, -8.273621), (7.234378, -3.9023976, -8.006687), (-7.3656983, -3.3110292, -8.152027), (-6.9856696, -3.4256713, -8.434285), (-6.565262, -3.5414605, -8.719367), (-6.1015277, -3.6570122, -9.003865), (-5.592033, -3.7705967, -9.28352), (-5.0351686, -3.8801303, -9.553201), (-4.4305053, -3.983202, -9.806972), (-3.7791643, -4.0771446, -10.038266), (-3.0841463, -4.159157, -10.240187), (-2.3505523, -4.226482, -10.405947), (-1.5856256, -4.2766237, -10.5294), (-0.79855144, -4.307579, -10.605614), (0, -4.3180475, -10.63139), (0.79855144, -4.307579, -10.605614), (1.5856256, -4.2766237, -10.5294), (2.3505523, -4.226482, -10.405947), (3.0841463, -4.159157, -10.240187), (3.7791643, -4.0771446, -10.038266), (4.4305053, -3.983202, -9.806972), (5.0351686, -3.8801303, -9.553201), (5.592033, -3.7705967, -9.28352), (6.1015277, -3.6570122, -9.003865), (6.565262, -3.5414605, -8.719367), (6.9856696, -3.4256713, -8.434285), (7.3656983, -3.3110292, -8.152027), (-7.478631, -2.6894357, -8.277016), (-7.1005077, -2.785589, -8.572937), (-6.680805, -2.8830297, -8.872821), (-6.2162333, -2.98061, -9.173134), (-5.703993, -3.0768712, -9.469388), (-5.142112, -3.170033, -9.7561035), (-4.5298433, -3.2580087, -10.026857), (-3.868086, -3.338462, -10.274461), (-3.1597726, -3.408915, -10.491287), (-2.4101436, -3.4669054, -10.669759), (-1.6268216, -3.5101871, -10.802963), (-0.81961197, -3.5369477, -10.885321), (0, -3.5460048, -10.913195), (0.81961197, -3.5369477, -10.885321), (1.6268216, -3.5101871, -10.802963), (2.4101436, -3.4669054, -10.669759), (3.1597726, -3.408915, -10.491287), (3.868086, -3.338462, -10.274461), (4.5298433, -3.2580087, -10.026857), (5.142112, -3.170033, -9.7561035), (5.703993, -3.0768712, -9.469388), (6.2162333, -2.98061, -9.173134), (6.680805, -2.8830297, -8.872821), (7.1005077, -2.785589, -8.572937), (7.478631, -2.6894357, -8.277016), (-7.5701504, -2.0417607, -8.378305), (-7.1938496, -2.1166558, -8.685636), (-6.7750144, -2.1927636, -8.997941), (-6.310063, -2.2691998, -9.311596), (-5.7958784, -2.3448274, -9.62193), (-5.23017, -2.4182396, -9.923176), (-4.611901, -2.4877706, -10.208493), (-3.9417603, -2.5515366, -10.470156), (-3.2226, -2.607522, -10.69989), (-2.459761, -2.6537087, -10.889416), (-1.6611812, -2.6882436, -11.031129), (-0.8371963, -2.709623, -11.118858), (0, -2.7168636, -11.14857), (0.8371963, -2.709623, -11.118858), (1.6611812, -2.6882436, -11.031129), (2.459761, -2.6537087, -10.889416), (3.2226, -2.607522, -10.69989), (3.9417603, -2.5515366, -10.470156), (4.611901, -2.4877706, -10.208493), (5.23017, -2.4182396, -9.923176), (5.7958784, -2.3448274, -9.62193), (6.310063, -2.2691998, -9.311596), (6.7750144, -2.1927636, -8.997941), (7.1938496, -2.1166558, -8.685636), (7.5701504, -2.0417607, -8.378305), (-7.637618, -1.3733051, -8.452975), (-7.2628226, -1.4246333, -8.768911), (-6.8448, -1.4769001, -9.090624), (-6.3797464, -1.5295062, -9.414426), (-5.8642983, -1.581672, -9.735517), (-5.2959123, -1.6324245, -10.047909), (-4.6733217, -1.6806015, -10.344448), (-3.9970393, -1.7248794, -10.616988), (-3.2698426, -1.763832, -10.856749), (-2.497139, -1.7960225, -11.054889), (-1.687101, -1.8201258, -11.20325), (-0.8504728, -1.8350621, -11.295185), (0, -1.8401232, -11.326338), (0.8504728, -1.8350621, -11.295185), (1.687101, -1.8201258, -11.20325), (2.497139, -1.7960225, -11.054889), (3.2698426, -1.763832, -10.856749), (3.9970393, -1.7248794, -10.616988), (4.6733217, -1.6806015, -10.344448), (5.2959123, -1.6324245, -10.047909), (5.8642983, -1.581672, -9.735517), (6.3797464, -1.5295062, -9.414426), (6.8448, -1.4769001, -9.090624), (7.2628226, -1.4246333, -8.768911), (7.637618, -1.3733051, -8.452975), (-7.6789746, -0.6903707, -8.498748), (-7.3051705, -0.71647, -8.820041), (-6.8877215, -0.74308056, -9.147628), (-6.4226813, -0.7698998, -9.477784), (-5.9065323, -0.79653144, -9.805631), (-5.3365684, -0.8224782, -10.125045), (-4.7113733, -0.8471427, -10.428676), (-4.0313444, -0.8698417, -10.70811), (-3.2992055, -0.8898355, -10.954242), (-2.5204005, -0.90637654, -11.157868), (-1.7032477, -0.9187728, -11.310472), (-0.8587485, -0.92645925, -11.405095), (0, -0.9290646, -11.437168), (0.8587485, -0.92645925, -11.405095), (1.7032477, -0.9187728, -11.310472), (2.5204005, -0.90637654, -11.157868), (3.2992055, -0.8898355, -10.954242), (4.0313444, -0.8698417, -10.70811), (4.7113733, -0.8471427, -10.428676), (5.3365684, -0.8224782, -10.125045), (5.9065323, -0.79653144, -9.805631), (6.4226813, -0.7698998, -9.477784), (6.8877215, -0.74308056, -9.147628), (7.3051705, -0.71647, -8.820041), (7.6789746, -0.6903707, -8.498748), (-7.69291, 0, -8.514171), (-7.3194523, 0, -8.837284), (-6.902209, 0, -9.166869), (-6.4371867, 0, -9.499189), (-5.920814, 0, -9.82934), (-5.35033, 0, -10.1511545), (-4.724265, 0, -10.457212), (-4.042977, 0, -10.739009), (-3.3091705, 0, -10.987328), (-2.5283, 0, -11.192841), (-1.7087338, 0, -11.346903), (-0.8615612, 0, -11.442451), (0, 0, -11.474841), (0.8615612, 0, -11.442451), (1.7087338, 0, -11.346903), (2.5283, 0, -11.192841), (3.3091705, 0, -10.987328), (4.042977, 0, -10.739009), (4.724265, 0, -10.457212), (5.35033, 0, -10.1511545), (5.920814, 0, -9.82934), (6.4371867, 0, -9.499189), (6.902209, 0, -9.166869), (7.3194523, 0, -8.837284), (7.69291, 0, -8.514171), (-7.6789746, 0.6903707, -8.498748), (-7.3051705, 0.71647, -8.820041), (-6.8877215, 0.74308056, -9.147628), (-6.4226813, 0.7698998, -9.477784), (-5.9065323, 0.79653144, -9.805631), (-5.3365684, 0.8224782, -10.125045), (-4.7113733, 0.8471427, -10.428676), (-4.0313444, 0.8698417, -10.70811), (-3.2992055, 0.8898355, -10.954242), (-2.5204005, 0.90637654, -11.157868), (-1.7032477, 0.9187728, -11.310472), (-0.8587485, 0.92645925, -11.405095), (0, 0.9290646, -11.437168), (0.8587485, 0.92645925, -11.405095), (1.7032477, 0.9187728, -11.310472), (2.5204005, 0.90637654, -11.157868), (3.2992055, 0.8898355, -10.954242), (4.0313444, 0.8698417, -10.70811), (4.7113733, 0.8471427, -10.428676), (5.3365684, 0.8224782, -10.125045), (5.9065323, 0.79653144, -9.805631), (6.4226813, 0.7698998, -9.477784), (6.8877215, 0.74308056, -9.147628), (7.3051705, 0.71647, -8.820041), (7.6789746, 0.6903707, -8.498748), (-7.637618, 1.3733051, -8.452975), (-7.2628226, 1.4246333, -8.768911), (-6.8448, 1.4769001, -9.090624), (-6.3797464, 1.5295062, -9.414426), (-5.8642983, 1.581672, -9.735517), (-5.2959123, 1.6324245, -10.047909), (-4.6733217, 1.6806015, -10.344448), (-3.9970393, 1.7248794, -10.616988), (-3.2698426, 1.763832, -10.856749), (-2.497139, 1.7960225, -11.054889), (-1.687101, 1.8201258, -11.20325), (-0.8504728, 1.8350621, -11.295185), (0, 1.8401232, -11.326338), (0.8504728, 1.8350621, -11.295185), (1.687101, 1.8201258, -11.20325), (2.497139, 1.7960225, -11.054889), (3.2698426, 1.763832, -10.856749), (3.9970393, 1.7248794, -10.616988), (4.6733217, 1.6806015, -10.344448), (5.2959123, 1.6324245, -10.047909), (5.8642983, 1.581672, -9.735517), (6.3797464, 1.5295062, -9.414426), (6.8448, 1.4769001, -9.090624), (7.2628226, 1.4246333, -8.768911), (7.637618, 1.3733051, -8.452975), (-7.5701504, 2.0417607, -8.378305), (-7.1938496, 2.1166558, -8.685636), (-6.7750144, 2.1927636, -8.997941), (-6.310063, 2.2691998, -9.311596), (-5.7958784, 2.3448274, -9.62193), (-5.23017, 2.4182396, -9.923176), (-4.611901, 2.4877706, -10.208493), (-3.9417603, 2.5515366, -10.470156), (-3.2226, 2.607522, -10.69989), (-2.459761, 2.6537087, -10.889416), (-1.6611812, 2.6882436, -11.031129), (-0.8371963, 2.709623, -11.118858), (0, 2.7168636, -11.14857), (0.8371963, 2.709623, -11.118858), (1.6611812, 2.6882436, -11.031129), (2.459761, 2.6537087, -10.889416), (3.2226, 2.607522, -10.69989), (3.9417603, 2.5515366, -10.470156), (4.611901, 2.4877706, -10.208493), (5.23017, 2.4182396, -9.923176), (5.7958784, 2.3448274, -9.62193), (6.310063, 2.2691998, -9.311596), (6.7750144, 2.1927636, -8.997941), (7.1938496, 2.1166558, -8.685636), (7.5701504, 2.0417607, -8.378305), (-7.478631, 2.6894357, -8.277016), (-7.1005077, 2.785589, -8.572937), (-6.680805, 2.8830297, -8.872821), (-6.2162333, 2.98061, -9.173134), (-5.703993, 3.0768712, -9.469388), (-5.142112, 3.170033, -9.7561035), (-4.5298433, 3.2580087, -10.026857), (-3.868086, 3.338462, -10.274461), (-3.1597726, 3.408915, -10.491287), (-2.4101436, 3.4669054, -10.669759), (-1.6268216, 3.5101871, -10.802963), (-0.81961197, 3.5369477, -10.885321), (0, 3.5460048, -10.913195), (0.81961197, 3.5369477, -10.885321), (1.6268216, 3.5101871, -10.802963), (2.4101436, 3.4669054, -10.669759), (3.1597726, 3.408915, -10.491287), (3.868086, 3.338462, -10.274461), (4.5298433, 3.2580087, -10.026857), (5.142112, 3.170033, -9.7561035), (5.703993, 3.0768712, -9.469388), (6.2162333, 2.98061, -9.173134), (6.680805, 2.8830297, -8.872821), (7.1005077, 2.785589, -8.572937), (7.478631, 2.6894357, -8.277016), (-7.3656983, 3.3110292, -8.152027), (-6.9856696, 3.4256713, -8.434285), (-6.565262, 3.5414605, -8.719367), (-6.1015277, 3.6570122, -9.003865), (-5.592033, 3.7705967, -9.28352), (-5.0351686, 3.8801303, -9.553201), (-4.4305053, 3.983202, -9.806972), (-3.7791643, 4.0771446, -10.038266), (-3.0841463, 4.159157, -10.240187), (-2.3505523, 4.226482, -10.405947), (-1.5856256, 4.2766237, -10.5294), (-0.79855144, 4.307579, -10.605614), (0, 4.3180475, -10.63139), (0.79855144, 4.307579, -10.605614), (1.5856256, 4.2766237, -10.5294), (2.3505523, 4.226482, -10.405947), (3.0841463, 4.159157, -10.240187), (3.7791643, 4.0771446, -10.038266), (4.4305053, 3.983202, -9.806972), (5.0351686, 3.8801303, -9.553201), (5.592033, 3.7705967, -9.28352), (6.1015277, 3.6570122, -9.003865), (6.565262, 3.5414605, -8.719367), (6.9856696, 3.4256713, -8.434285), (7.3656983, 3.3110292, -8.152027), (-7.234378, 3.9023976, -8.006687), (-6.8525996, 4.032499, -8.273621), (-6.4318633, 4.1634026, -8.5422), (-5.9695945, 4.2935243, -8.8091755), (-5.4637494, 4.420917, -9.070552), (-4.913097, 4.5432734, -9.321594), (-4.3175297, 4.657959, -9.556899), (-3.678381, 4.7620974, -9.770564), (-2.998693, 4.8527017, -9.95646), (-2.2833898, 4.926862, -10.108617), (-1.5392851, 4.9819646, -10.221673), (-0.77488923, 5.0159273, -10.291355), (0, 5.0274034, -10.314901), (0.77488923, 5.0159273, -10.291355), (1.5392851, 4.9819646, -10.221673), (2.2833898, 4.926862, -10.108617), (2.998693, 4.8527017, -9.95646), (3.678381, 4.7620974, -9.770564), (4.3175297, 4.657959, -9.556899), (4.913097, 4.5432734, -9.321594), (5.4637494, 4.420917, -9.070552), (5.9695945, 4.2935243, -8.8091755), (6.4318633, 4.1634026, -8.5422), (6.8525996, 4.032499, -8.273621), (7.234378, 3.9023976, -8.006687), (-7.0878797, 4.460602, -7.8445497), (-6.704728, 4.6030626, -8.095085), (-6.284227, 4.7458086, -8.346123), (-5.824185, 4.887098, -8.594598), (-5.3229537, 5.0248265, -8.836812), (-4.7796726, 5.1565413, -9.06845), (-4.194539, 5.279483, -9.284658), (-3.5690687, 5.3906765, -9.480207), (-2.906313, 5.487073, -9.649733), (-2.2109814, 5.5657306, -9.788063), (-1.4894277, 5.624032, -9.890594), (-0.749464, 5.659905, -9.95368), (0, 5.672016, -9.974979), (0.749464, 5.659905, -9.95368), (1.4894277, 5.624032, -9.890594), (2.2109814, 5.5657306, -9.788063), (2.906313, 5.487073, -9.649733), (3.5690687, 5.3906765, -9.480207), (4.194539, 5.279483, -9.284658), (4.7796726, 5.1565413, -9.06845), (5.3229537, 5.0248265, -8.836812), (5.824185, 4.887098, -8.594598), (6.284227, 4.7458086, -8.346123), (6.704728, 4.6030626, -8.095085), (7.0878797, 4.460602, -7.8445497)]
                                color3f[] primvars:displayColor = [(0.18333334, 0.6166667, 0.56666666)] (
                                    interpolation = "constant"
                                )
                                float[] primvars:displayOpacity = [0.3] (
                                    interpolation = "constant"
                                )
                                uniform token purpose = "guide"
                                uniform token subdivisionScheme = "none"
                            }

                            def Mesh "Shell_observe" (
                                prepend apiSchemas = ["AecoDerivedGeometryAPI", "MaterialBindingAPI"]
                            )
                            {
                                uniform token aeco:derived:approx = "tessellated"
                                uniform token aeco:derived:role = "coverage"
                                string aeco:derived:source = "bccc0760-fb91-586b-868b-fa614e1f1598"
                                string aeco:derived:stamp = "usdAecoCctv derive 0.5.3"
                                uniform bool doubleSided = 1
                                float3[] extent = [(-15.38582, -11.344032, -22.949682), (15.38582, 11.344032, 0)]
                                int[] faceVertexCounts = [4, 4, 4, 4, 4, 4, 4, 4, 4, 4, 4, 4, 4, 4, 4, 4, 4, 4, 4, 4, 4, 4, 4, 4, 4, 4, 4, 4, 4, 4, 4, 4, 4, 4, 4, 4, 4, 4, 4, 4, 4, 4, 4, 4, 4, 4, 4, 4, 4, 4, 4, 4, 4, 4, 4, 4, 4, 4, 4, 4, 4, 4, 4, 4, 4, 4, 4, 4, 4, 4, 4, 4, 4, 4, 4, 4, 4, 4, 4, 4, 4, 4, 4, 4, 4, 4, 4, 4, 4, 4, 4, 4, 4, 4, 4, 4, 4, 4, 4, 4, 4, 4, 4, 4, 4, 4, 4, 4, 4, 4, 4, 4, 4, 4, 4, 4, 4, 4, 4, 4, 4, 4, 4, 4, 4, 4, 4, 4, 4, 4, 4, 4, 4, 4, 4, 4, 4, 4, 4, 4, 4, 4, 4, 4, 4, 4, 4, 4, 4, 4, 4, 4, 4, 4, 4, 4, 4, 4, 4, 4, 4, 4, 4, 4, 4, 4, 4, 4, 4, 4, 4, 4, 4, 4, 4, 4, 4, 4, 4, 4, 4, 4, 4, 4, 4, 4, 4, 4, 4, 4, 4, 4, 4, 4, 4, 4, 4, 4, 4, 4, 4, 4, 4, 4, 4, 4, 4, 4, 4, 4, 4, 4, 4, 4, 4, 4, 4, 4, 4, 4, 4, 4, 4, 4, 4, 4, 4, 4, 4, 4, 4, 4, 4, 4, 4, 4, 4, 4, 4, 4, 4, 4, 4, 4, 4, 4, 4, 4, 4, 4, 4, 4, 4, 4, 4, 4, 4, 4, 4, 4, 4, 4, 4, 4, 4, 4, 4, 4, 4, 4, 4, 4, 4, 4, 4, 4, 4, 4, 4, 4, 4, 4, 4, 4, 4, 4, 4, 4, 4, 4, 4, 4, 4, 4, 4, 4, 4, 4, 4, 4, 4, 4, 4, 4, 4, 4, 4, 4, 4, 4, 4, 4, 4, 4, 4, 4, 4, 4, 4, 4, 4, 4, 4, 4, 4, 4, 4, 4, 4, 4, 4, 4, 4, 4, 4, 4, 3, 3, 3, 3, 3, 3, 3, 3, 3, 3, 3, 3, 3, 3, 3, 3, 3, 3, 3, 3, 3, 3, 3, 3, 3, 3, 3, 3, 3, 3, 3, 3, 3, 3, 3, 3, 3, 3, 3, 3, 3, 3, 3, 3, 3, 3, 3, 3, 3, 3, 3, 3, 3, 3, 3, 3, 3, 3, 3, 3, 3, 3, 3, 3, 3, 3, 3, 3, 3, 3, 3, 3, 3, 3, 3, 3]
                                int[] faceVertexIndices = [1, 26, 27, 2, 2, 27, 28, 3, 3, 28, 29, 4, 4, 29, 30, 5, 5, 30, 31, 6, 6, 31, 32, 7, 7, 32, 33, 8, 8, 33, 34, 9, 9, 34, 35, 10, 10, 35, 36, 11, 11, 36, 37, 12, 12, 37, 38, 13, 13, 38, 39, 14, 14, 39, 40, 15, 15, 40, 41, 16, 16, 41, 42, 17, 17, 42, 43, 18, 18, 43, 44, 19, 19, 44, 45, 20, 20, 45, 46, 21, 21, 46, 47, 22, 22, 47, 48, 23, 23, 48, 49, 24, 24, 49, 50, 25, 26, 51, 52, 27, 27, 52, 53, 28, 28, 53, 54, 29, 29, 54, 55, 30, 30, 55, 56, 31, 31, 56, 57, 32, 32, 57, 58, 33, 33, 58, 59, 34, 34, 59, 60, 35, 35, 60, 61, 36, 36, 61, 62, 37, 37, 62, 63, 38, 38, 63, 64, 39, 39, 64, 65, 40, 40, 65, 66, 41, 41, 66, 67, 42, 42, 67, 68, 43, 43, 68, 69, 44, 44, 69, 70, 45, 45, 70, 71, 46, 46, 71, 72, 47, 47, 72, 73, 48, 48, 73, 74, 49, 49, 74, 75, 50, 51, 76, 77, 52, 52, 77, 78, 53, 53, 78, 79, 54, 54, 79, 80, 55, 55, 80, 81, 56, 56, 81, 82, 57, 57, 82, 83, 58, 58, 83, 84, 59, 59, 84, 85, 60, 60, 85, 86, 61, 61, 86, 87, 62, 62, 87, 88, 63, 63, 88, 89, 64, 64, 89, 90, 65, 65, 90, 91, 66, 66, 91, 92, 67, 67, 92, 93, 68, 68, 93, 94, 69, 69, 94, 95, 70, 70, 95, 96, 71, 71, 96, 97, 72, 72, 97, 98, 73, 73, 98, 99, 74, 74, 99, 100, 75, 76, 101, 102, 77, 77, 102, 103, 78, 78, 103, 104, 79, 79, 104, 105, 80, 80, 105, 106, 81, 81, 106, 107, 82, 82, 107, 108, 83, 83, 108, 109, 84, 84, 109, 110, 85, 85, 110, 111, 86, 86, 111, 112, 87, 87, 112, 113, 88, 88, 113, 114, 89, 89, 114, 115, 90, 90, 115, 116, 91, 91, 116, 117, 92, 92, 117, 118, 93, 93, 118, 119, 94, 94, 119, 120, 95, 95, 120, 121, 96, 96, 121, 122, 97, 97, 122, 123, 98, 98, 123, 124, 99, 99, 124, 125, 100, 101, 126, 127, 102, 102, 127, 128, 103, 103, 128, 129, 104, 104, 129, 130, 105, 105, 130, 131, 106, 106, 131, 132, 107, 107, 132, 133, 108, 108, 133, 134, 109, 109, 134, 135, 110, 110, 135, 136, 111, 111, 136, 137, 112, 112, 137, 138, 113, 113, 138, 139, 114, 114, 139, 140, 115, 115, 140, 141, 116, 116, 141, 142, 117, 117, 142, 143, 118, 118, 143, 144, 119, 119, 144, 145, 120, 120, 145, 146, 121, 121, 146, 147, 122, 122, 147, 148, 123, 123, 148, 149, 124, 124, 149, 150, 125, 126, 151, 152, 127, 127, 152, 153, 128, 128, 153, 154, 129, 129, 154, 155, 130, 130, 155, 156, 131, 131, 156, 157, 132, 132, 157, 158, 133, 133, 158, 159, 134, 134, 159, 160, 135, 135, 160, 161, 136, 136, 161, 162, 137, 137, 162, 163, 138, 138, 163, 164, 139, 139, 164, 165, 140, 140, 165, 166, 141, 141, 166, 167, 142, 142, 167, 168, 143, 143, 168, 169, 144, 144, 169, 170, 145, 145, 170, 171, 146, 146, 171, 172, 147, 147, 172, 173, 148, 148, 173, 174, 149, 149, 174, 175, 150, 151, 176, 177, 152, 152, 177, 178, 153, 153, 178, 179, 154, 154, 179, 180, 155, 155, 180, 181, 156, 156, 181, 182, 157, 157, 182, 183, 158, 158, 183, 184, 159, 159, 184, 185, 160, 160, 185, 186, 161, 161, 186, 187, 162, 162, 187, 188, 163, 163, 188, 189, 164, 164, 189, 190, 165, 165, 190, 191, 166, 166, 191, 192, 167, 167, 192, 193, 168, 168, 193, 194, 169, 169, 194, 195, 170, 170, 195, 196, 171, 171, 196, 197, 172, 172, 197, 198, 173, 173, 198, 199, 174, 174, 199, 200, 175, 176, 201, 202, 177, 177, 202, 203, 178, 178, 203, 204, 179, 179, 204, 205, 180, 180, 205, 206, 181, 181, 206, 207, 182, 182, 207, 208, 183, 183, 208, 209, 184, 184, 209, 210, 185, 185, 210, 211, 186, 186, 211, 212, 187, 187, 212, 213, 188, 188, 213, 214, 189, 189, 214, 215, 190, 190, 215, 216, 191, 191, 216, 217, 192, 192, 217, 218, 193, 193, 218, 219, 194, 194, 219, 220, 195, 195, 220, 221, 196, 196, 221, 222, 197, 197, 222, 223, 198, 198, 223, 224, 199, 199, 224, 225, 200, 201, 226, 227, 202, 202, 227, 228, 203, 203, 228, 229, 204, 204, 229, 230, 205, 205, 230, 231, 206, 206, 231, 232, 207, 207, 232, 233, 208, 208, 233, 234, 209, 209, 234, 235, 210, 210, 235, 236, 211, 211, 236, 237, 212, 212, 237, 238, 213, 213, 238, 239, 214, 214, 239, 240, 215, 215, 240, 241, 216, 216, 241, 242, 217, 217, 242, 243, 218, 218, 243, 244, 219, 219, 244, 245, 220, 220, 245, 246, 221, 221, 246, 247, 222, 222, 247, 248, 223, 223, 248, 249, 224, 224, 249, 250, 225, 226, 251, 252, 227, 227, 252, 253, 228, 228, 253, 254, 229, 229, 254, 255, 230, 230, 255, 256, 231, 231, 256, 257, 232, 232, 257, 258, 233, 233, 258, 259, 234, 234, 259, 260, 235, 235, 260, 261, 236, 236, 261, 262, 237, 237, 262, 263, 238, 238, 263, 264, 239, 239, 264, 265, 240, 240, 265, 266, 241, 241, 266, 267, 242, 242, 267, 268, 243, 243, 268, 269, 244, 244, 269, 270, 245, 245, 270, 271, 246, 246, 271, 272, 247, 247, 272, 273, 248, 248, 273, 274, 249, 249, 274, 275, 250, 251, 276, 277, 252, 252, 277, 278, 253, 253, 278, 279, 254, 254, 279, 280, 255, 255, 280, 281, 256, 256, 281, 282, 257, 257, 282, 283, 258, 258, 283, 284, 259, 259, 284, 285, 260, 260, 285, 286, 261, 261, 286, 287, 262, 262, 287, 288, 263, 263, 288, 289, 264, 264, 289, 290, 265, 265, 290, 291, 266, 266, 291, 292, 267, 267, 292, 293, 268, 268, 293, 294, 269, 269, 294, 295, 270, 270, 295, 296, 271, 271, 296, 297, 272, 272, 297, 298, 273, 273, 298, 299, 274, 274, 299, 300, 275, 276, 301, 302, 277, 277, 302, 303, 278, 278, 303, 304, 279, 279, 304, 305, 280, 280, 305, 306, 281, 281, 306, 307, 282, 282, 307, 308, 283, 283, 308, 309, 284, 284, 309, 310, 285, 285, 310, 311, 286, 286, 311, 312, 287, 287, 312, 313, 288, 288, 313, 314, 289, 289, 314, 315, 290, 290, 315, 316, 291, 291, 316, 317, 292, 292, 317, 318, 293, 293, 318, 319, 294, 294, 319, 320, 295, 295, 320, 321, 296, 296, 321, 322, 297, 297, 322, 323, 298, 298, 323, 324, 299, 299, 324, 325, 300, 301, 326, 327, 302, 302, 327, 328, 303, 303, 328, 329, 304, 304, 329, 330, 305, 305, 330, 331, 306, 306, 331, 332, 307, 307, 332, 333, 308, 308, 333, 334, 309, 309, 334, 335, 310, 310, 335, 336, 311, 311, 336, 337, 312, 312, 337, 338, 313, 313, 338, 339, 314, 314, 339, 340, 315, 315, 340, 341, 316, 316, 341, 342, 317, 317, 342, 343, 318, 318, 343, 344, 319, 319, 344, 345, 320, 320, 345, 346, 321, 321, 346, 347, 322, 322, 347, 348, 323, 323, 348, 349, 324, 324, 349, 350, 325, 326, 351, 352, 327, 327, 352, 353, 328, 328, 353, 354, 329, 329, 354, 355, 330, 330, 355, 356, 331, 331, 356, 357, 332, 332, 357, 358, 333, 333, 358, 359, 334, 334, 359, 360, 335, 335, 360, 361, 336, 336, 361, 362, 337, 337, 362, 363, 338, 338, 363, 364, 339, 339, 364, 365, 340, 340, 365, 366, 341, 341, 366, 367, 342, 342, 367, 368, 343, 343, 368, 369, 344, 344, 369, 370, 345, 345, 370, 371, 346, 346, 371, 372, 347, 347, 372, 373, 348, 348, 373, 374, 349, 349, 374, 375, 350, 0, 1, 2, 0, 2, 3, 0, 3, 4, 0, 4, 5, 0, 5, 6, 0, 6, 7, 0, 7, 8, 0, 8, 9, 0, 9, 10, 0, 10, 11, 0, 11, 12, 0, 12, 13, 0, 13, 14, 0, 14, 15, 0, 15, 16, 0, 16, 17, 0, 17, 18, 0, 18, 19, 0, 19, 20, 0, 20, 21, 0, 21, 22, 0, 22, 23, 0, 23, 24, 0, 24, 25, 0, 352, 351, 0, 353, 352, 0, 354, 353, 0, 355, 354, 0, 356, 355, 0, 357, 356, 0, 358, 357, 0, 359, 358, 0, 360, 359, 0, 361, 360, 0, 362, 361, 0, 363, 362, 0, 364, 363, 0, 365, 364, 0, 366, 365, 0, 367, 366, 0, 368, 367, 0, 369, 368, 0, 370, 369, 0, 371, 370, 0, 372, 371, 0, 373, 372, 0, 374, 373, 0, 375, 374, 0, 26, 1, 0, 51, 26, 0, 76, 51, 0, 101, 76, 0, 126, 101, 0, 151, 126, 0, 176, 151, 0, 201, 176, 0, 226, 201, 0, 251, 226, 0, 276, 251, 0, 301, 276, 0, 326, 301, 0, 351, 326, 0, 25, 50, 0, 50, 75, 0, 75, 100, 0, 100, 125, 0, 125, 150, 0, 150, 175, 0, 175, 200, 0, 200, 225, 0, 225, 250, 0, 250, 275, 0, 275, 300, 0, 300, 325, 0, 325, 350, 0, 350, 375]
                                rel material:binding = </AecoCctvLooks/Shell_observe>
                                point3f[] points = [(0, 0, 0), (-14.175759, -8.921204, -15.689099), (-13.409456, -9.206125, -16.19017), (-12.568454, -9.491617, -16.692245), (-11.64837, -9.774196, -17.189196), (-10.645907, -10.049653, -17.673624), (-9.559345, -10.313083, -18.1369), (-8.389078, -10.558966, -18.569317), (-7.1381373, -10.781353, -18.960415), (-5.812626, -10.974146, -19.299465), (-4.4219627, -11.131461, -19.576126), (-2.9788554, -11.248064, -19.781187), (-1.498928, -11.31981, -19.90736), (0, -11.344032, -19.949959), (1.498928, -11.31981, -19.90736), (2.9788554, -11.248064, -19.781187), (4.4219627, -11.131461, -19.576126), (5.812626, -10.974146, -19.299465), (7.1381373, -10.781353, -18.960415), (8.389078, -10.558966, -18.569317), (9.559345, -10.313083, -18.1369), (10.645907, -10.049653, -17.673624), (11.64837, -9.774196, -17.189196), (12.568454, -9.491617, -16.692245), (13.409456, -9.206125, -16.19017), (14.175759, -8.921204, -15.689099), (-14.468756, -7.8047953, -16.013374), (-13.705199, -8.064998, -16.547241), (-12.863727, -8.326805, -17.0844), (-11.939189, -8.587049, -17.618351), (-10.927499, -8.841834, -18.141104), (-9.826194, -9.086547, -18.643188), (-8.635059, -9.315918, -19.113798), (-7.356762, -9.524195, -19.541128), (-5.997386, -9.705403, -19.91292), (-4.5667796, -9.853724, -20.217234), (-3.0785701, -9.963929, -20.443346), (-1.5497785, -10.031855, -20.58271), (0, -10.054807, -20.629803), (1.5497785, -10.031855, -20.58271), (3.0785701, -9.963929, -20.443346), (4.5667796, -9.853724, -20.217234), (5.997386, -9.705403, -19.91292), (7.356762, -9.524195, -19.541128), (8.635059, -9.315918, -19.113798), (9.826194, -9.086547, -18.643188), (10.927499, -8.841834, -18.141104), (11.939189, -8.587049, -17.618351), (12.863727, -8.326805, -17.0844), (13.705199, -8.064998, -16.547241), (14.468756, -7.8047953, -16.013374), (-14.731397, -6.6220584, -16.304054), (-13.971339, -6.8513427, -16.86857), (-13.130524, -7.082921, -17.438734), (-12.203055, -7.3140244, -18.00773), (-11.184066, -7.5411935, -18.56704), (-10.070337, -7.7602606, -19.106401), (-8.861011, -7.966404, -19.613943), (-7.5583286, -8.154289, -20.076532), (-6.1682925, -8.318314, -20.480373), (-4.7011046, -8.452964, -20.811893), (-3.1712513, -8.553247, -21.0588), (-1.5971029, -8.615158, -21.211227), (0, -8.636095, -21.26278), (1.5971029, -8.615158, -21.211227), (3.1712513, -8.553247, -21.0588), (4.7011046, -8.452964, -20.811893), (6.1682925, -8.318314, -20.480373), (7.5583286, -8.154289, -20.076532), (8.861011, -7.966404, -19.613943), (10.070337, -7.7602606, -19.106401), (11.184066, -7.5411935, -18.56704), (12.203055, -7.3140244, -18.00773), (13.130524, -7.082921, -17.438734), (13.971339, -6.8513427, -16.86857), (14.731397, -6.6220584, -16.304054), (-14.957262, -5.3788714, -16.554031), (-14.201015, -5.571178, -17.145874), (-13.36161, -5.7660594, -17.745642), (-12.4324665, -5.96122, -18.346268), (-11.407986, -6.1537423, -18.938776), (-10.284224, -6.340066, -19.512207), (-9.059687, -6.5160174, -20.053715), (-7.736172, -6.676924, -20.548922), (-6.3195453, -6.81783, -20.982574), (-4.820287, -6.9338107, -21.339518), (-3.2536433, -7.0203743, -21.605927), (-1.6392239, -7.0738955, -21.770641), (0, -7.0920095, -21.82639), (1.6392239, -7.0738955, -21.770641), (3.2536433, -7.0203743, -21.605927), (4.820287, -6.9338107, -21.339518), (6.3195453, -6.81783, -20.982574), (7.736172, -6.676924, -20.548922), (9.059687, -6.5160174, -20.053715), (10.284224, -6.340066, -19.512207), (11.407986, -6.1537423, -18.938776), (12.4324665, -5.96122, -18.346268), (13.36161, -5.7660594, -17.745642), (14.201015, -5.571178, -17.145874), (14.957262, -5.3788714, -16.554031), (-15.140301, -4.0835214, -16.75661), (-14.387699, -4.2333117, -17.371271), (-13.550029, -4.385527, -17.995882), (-12.620126, -4.5383997, -18.623192), (-11.591757, -4.689655, -19.24386), (-10.46034, -4.836479, -19.846352), (-9.223802, -4.975541, -20.416986), (-7.8835206, -5.103073, -20.940311), (-6.4452, -5.215044, -21.39978), (-4.919522, -5.3074174, -21.778831), (-3.3223624, -5.3764873, -22.062258), (-1.6743926, -5.419246, -22.237717), (0, -5.4337273, -22.29714), (1.6743926, -5.419246, -22.237717), (3.3223624, -5.3764873, -22.062258), (4.919522, -5.3074174, -21.778831), (6.4452, -5.215044, -21.39978), (7.8835206, -5.103073, -20.940311), (9.223802, -4.975541, -20.416986), (10.46034, -4.836479, -19.846352), (11.591757, -4.689655, -19.24386), (12.620126, -4.5383997, -18.623192), (13.550029, -4.385527, -17.995882), (14.387699, -4.2333117, -17.371271), (15.140301, -4.0835214, -16.75661), (-15.275236, -2.7466102, -16.90595), (-14.525645, -2.8492665, -17.537823), (-13.6896, -2.9538002, -18.181248), (-12.759493, -3.0590124, -18.828852), (-11.728597, -3.163344, -19.471033), (-10.591825, -3.264849, -20.095818), (-9.346643, -3.361203, -20.688896), (-7.9940786, -3.4497588, -21.233976), (-6.5396852, -3.527664, -21.713497), (-4.994278, -3.592045, -22.109777), (-3.374202, -3.6402516, -22.4065), (-1.7009456, -3.6701243, -22.59037), (0, -3.6802464, -22.652676), (1.7009456, -3.6701243, -22.59037), (3.374202, -3.6402516, -22.4065), (4.994278, -3.592045, -22.109777), (6.5396852, -3.527664, -21.713497), (7.9940786, -3.4497588, -21.233976), (9.346643, -3.361203, -20.688896), (10.591825, -3.264849, -20.095818), (11.728597, -3.163344, -19.471033), (12.759493, -3.0590124, -18.828852), (13.6896, -2.9538002, -18.181248), (14.525645, -2.8492665, -17.537823), (15.275236, -2.7466102, -16.90595), (-15.357949, -1.3807414, -16.997496), (-14.610341, -1.43294, -17.640081), (-13.775443, -1.4861611, -18.295256), (-12.845363, -1.5397996, -18.955568), (-11.813065, -1.5930629, -19.611261), (-10.673137, -1.6449564, -20.25009), (-9.422747, -1.6942854, -20.857351), (-8.062689, -1.7396834, -21.41622), (-6.598411, -1.779671, -21.908484), (-5.040801, -1.8127531, -22.315737), (-3.4064953, -1.8375456, -22.620943), (-1.717497, -1.8529185, -22.81019), (0, -1.8581291, -22.874336), (1.717497, -1.8529185, -22.81019), (3.4064953, -1.8375456, -22.620943), (5.040801, -1.8127531, -22.315737), (6.598411, -1.779671, -21.908484), (8.062689, -1.7396834, -21.41622), (9.422747, -1.6942854, -20.857351), (10.673137, -1.6449564, -20.25009), (11.813065, -1.5930629, -19.611261), (12.845363, -1.5397996, -18.955568), (13.775443, -1.4861611, -18.295256), (14.610341, -1.43294, -17.640081), (15.357949, -1.3807414, -16.997496), (-15.38582, 0, -17.028341), (-14.638905, 0, -17.674568), (-13.804418, 0, -18.333738), (-12.874373, 0, -18.998379), (-11.841628, 0, -19.65868), (-10.70066, 0, -20.302309), (-9.44853, 0, -20.914425), (-8.085954, 0, -21.478018), (-6.618341, 0, -21.974655), (-5.0566, 0, -22.385681), (-3.4174676, 0, -22.693806), (-1.7231224, 0, -22.884901), (0, 0, -22.949682), (1.7231224, 0, -22.884901), (3.4174676, 0, -22.693806), (5.0566, 0, -22.385681), (6.618341, 0, -21.974655), (8.085954, 0, -21.478018), (9.44853, 0, -20.914425), (10.70066, 0, -20.302309), (11.841628, 0, -19.65868), (12.874373, 0, -18.998379), (13.804418, 0, -18.333738), (14.638905, 0, -17.674568), (15.38582, 0, -17.028341), (-15.357949, 1.3807414, -16.997496), (-14.610341, 1.43294, -17.640081), (-13.775443, 1.4861611, -18.295256), (-12.845363, 1.5397996, -18.955568), (-11.813065, 1.5930629, -19.611261), (-10.673137, 1.6449564, -20.25009), (-9.422747, 1.6942854, -20.857351), (-8.062689, 1.7396834, -21.41622), (-6.598411, 1.779671, -21.908484), (-5.040801, 1.8127531, -22.315737), (-3.4064953, 1.8375456, -22.620943), (-1.717497, 1.8529185, -22.81019), (0, 1.8581291, -22.874336), (1.717497, 1.8529185, -22.81019), (3.4064953, 1.8375456, -22.620943), (5.040801, 1.8127531, -22.315737), (6.598411, 1.779671, -21.908484), (8.062689, 1.7396834, -21.41622), (9.422747, 1.6942854, -20.857351), (10.673137, 1.6449564, -20.25009), (11.813065, 1.5930629, -19.611261), (12.845363, 1.5397996, -18.955568), (13.775443, 1.4861611, -18.295256), (14.610341, 1.43294, -17.640081), (15.357949, 1.3807414, -16.997496), (-15.275236, 2.7466102, -16.90595), (-14.525645, 2.8492665, -17.537823), (-13.6896, 2.9538002, -18.181248), (-12.759493, 3.0590124, -18.828852), (-11.728597, 3.163344, -19.471033), (-10.591825, 3.264849, -20.095818), (-9.346643, 3.361203, -20.688896), (-7.9940786, 3.4497588, -21.233976), (-6.5396852, 3.527664, -21.713497), (-4.994278, 3.592045, -22.109777), (-3.374202, 3.6402516, -22.4065), (-1.7009456, 3.6701243, -22.59037), (0, 3.6802464, -22.652676), (1.7009456, 3.6701243, -22.59037), (3.374202, 3.6402516, -22.4065), (4.994278, 3.592045, -22.109777), (6.5396852, 3.527664, -21.713497), (7.9940786, 3.4497588, -21.233976), (9.346643, 3.361203, -20.688896), (10.591825, 3.264849, -20.095818), (11.728597, 3.163344, -19.471033), (12.759493, 3.0590124, -18.828852), (13.6896, 2.9538002, -18.181248), (14.525645, 2.8492665, -17.537823), (15.275236, 2.7466102, -16.90595), (-15.140301, 4.0835214, -16.75661), (-14.387699, 4.2333117, -17.371271), (-13.550029, 4.385527, -17.995882), (-12.620126, 4.5383997, -18.623192), (-11.591757, 4.689655, -19.24386), (-10.46034, 4.836479, -19.846352), (-9.223802, 4.975541, -20.416986), (-7.8835206, 5.103073, -20.940311), (-6.4452, 5.215044, -21.39978), (-4.919522, 5.3074174, -21.778831), (-3.3223624, 5.3764873, -22.062258), (-1.6743926, 5.419246, -22.237717), (0, 5.4337273, -22.29714), (1.6743926, 5.419246, -22.237717), (3.3223624, 5.3764873, -22.062258), (4.919522, 5.3074174, -21.778831), (6.4452, 5.215044, -21.39978), (7.8835206, 5.103073, -20.940311), (9.223802, 4.975541, -20.416986), (10.46034, 4.836479, -19.846352), (11.591757, 4.689655, -19.24386), (12.620126, 4.5383997, -18.623192), (13.550029, 4.385527, -17.995882), (14.387699, 4.2333117, -17.371271), (15.140301, 4.0835214, -16.75661), (-14.957262, 5.3788714, -16.554031), (-14.201015, 5.571178, -17.145874), (-13.36161, 5.7660594, -17.745642), (-12.4324665, 5.96122, -18.346268), (-11.407986, 6.1537423, -18.938776), (-10.284224, 6.340066, -19.512207), (-9.059687, 6.5160174, -20.053715), (-7.736172, 6.676924, -20.548922), (-6.3195453, 6.81783, -20.982574), (-4.820287, 6.9338107, -21.339518), (-3.2536433, 7.0203743, -21.605927), (-1.6392239, 7.0738955, -21.770641), (0, 7.0920095, -21.82639), (1.6392239, 7.0738955, -21.770641), (3.2536433, 7.0203743, -21.605927), (4.820287, 6.9338107, -21.339518), (6.3195453, 6.81783, -20.982574), (7.736172, 6.676924, -20.548922), (9.059687, 6.5160174, -20.053715), (10.284224, 6.340066, -19.512207), (11.407986, 6.1537423, -18.938776), (12.4324665, 5.96122, -18.346268), (13.36161, 5.7660594, -17.745642), (14.201015, 5.571178, -17.145874), (14.957262, 5.3788714, -16.554031), (-14.731397, 6.6220584, -16.304054), (-13.971339, 6.8513427, -16.86857), (-13.130524, 7.082921, -17.438734), (-12.203055, 7.3140244, -18.00773), (-11.184066, 7.5411935, -18.56704), (-10.070337, 7.7602606, -19.106401), (-8.861011, 7.966404, -19.613943), (-7.5583286, 8.154289, -20.076532), (-6.1682925, 8.318314, -20.480373), (-4.7011046, 8.452964, -20.811893), (-3.1712513, 8.553247, -21.0588), (-1.5971029, 8.615158, -21.211227), (0, 8.636095, -21.26278), (1.5971029, 8.615158, -21.211227), (3.1712513, 8.553247, -21.0588), (4.7011046, 8.452964, -20.811893), (6.1682925, 8.318314, -20.480373), (7.5583286, 8.154289, -20.076532), (8.861011, 7.966404, -19.613943), (10.070337, 7.7602606, -19.106401), (11.184066, 7.5411935, -18.56704), (12.203055, 7.3140244, -18.00773), (13.130524, 7.082921, -17.438734), (13.971339, 6.8513427, -16.86857), (14.731397, 6.6220584, -16.304054), (-14.468756, 7.8047953, -16.013374), (-13.705199, 8.064998, -16.547241), (-12.863727, 8.326805, -17.0844), (-11.939189, 8.587049, -17.618351), (-10.927499, 8.841834, -18.141104), (-9.826194, 9.086547, -18.643188), (-8.635059, 9.315918, -19.113798), (-7.356762, 9.524195, -19.541128), (-5.997386, 9.705403, -19.91292), (-4.5667796, 9.853724, -20.217234), (-3.0785701, 9.963929, -20.443346), (-1.5497785, 10.031855, -20.58271), (0, 10.054807, -20.629803), (1.5497785, 10.031855, -20.58271), (3.0785701, 9.963929, -20.443346), (4.5667796, 9.853724, -20.217234), (5.997386, 9.705403, -19.91292), (7.356762, 9.524195, -19.541128), (8.635059, 9.315918, -19.113798), (9.826194, 9.086547, -18.643188), (10.927499, 8.841834, -18.141104), (11.939189, 8.587049, -17.618351), (12.863727, 8.326805, -17.0844), (13.705199, 8.064998, -16.547241), (14.468756, 7.8047953, -16.013374), (-14.175759, 8.921204, -15.689099), (-13.409456, 9.206125, -16.19017), (-12.568454, 9.491617, -16.692245), (-11.64837, 9.774196, -17.189196), (-10.645907, 10.049653, -17.673624), (-9.559345, 10.313083, -18.1369), (-8.389078, 10.558966, -18.569317), (-7.1381373, 10.781353, -18.960415), (-5.812626, 10.974146, -19.299465), (-4.4219627, 11.131461, -19.576126), (-2.9788554, 11.248064, -19.781187), (-1.498928, 11.31981, -19.90736), (0, 11.344032, -19.949959), (1.498928, 11.31981, -19.90736), (2.9788554, 11.248064, -19.781187), (4.4219627, 11.131461, -19.576126), (5.812626, 10.974146, -19.299465), (7.1381373, 10.781353, -18.960415), (8.389078, 10.558966, -18.569317), (9.559345, 10.313083, -18.1369), (10.645907, 10.049653, -17.673624), (11.64837, 9.774196, -17.189196), (12.568454, 9.491617, -16.692245), (13.409456, 9.206125, -16.19017), (14.175759, 8.921204, -15.689099)]
                                color3f[] primvars:displayColor = [(0.36666667, 0.73333335, 0.68333334)] (
                                    interpolation = "constant"
                                )
                                float[] primvars:displayOpacity = [0.3] (
                                    interpolation = "constant"
                                )
                                uniform token purpose = "guide"
                                uniform token subdivisionScheme = "none"
                            }
                        }
                    }

                    over "sec_cam_corr_corr_w_2"
                    {
                        double aeco:cctv:mountHeight = 3.42

                        over "Sensor_0"
                        {
                            double aeco:cctvSensor:effectiveWidth = 7.228335573456428
                            double aeco:cctvSensor:hfov = 84.19827201220271
                            double aeco:cctvSensor:targetRange = 5.7374204031549985
                            double aeco:cctvSensor:vfov = 59.24722851636196
                            float2 clippingRange = (0.05, 24)
                            float focalLength = 4
                            float horizontalAperture = 7.2283354
                            float verticalAperture = 4.5489945
                            matrix4d xformOp:transform = ( (-1, 1.2246467991473532e-16, 0, 0), (-3.1696191514317674e-17, -0.25881904510252096, 0.9659258262890682, 0), (1.1829179713786696e-16, 0.9659258262890682, 0.25881904510252096, 0), (0, 0, -0.08, 1) )
                            uniform token[] xformOpOrder = ["xformOp:transform"]

                            def Mesh "Sector" (
                                prepend apiSchemas = ["AecoDerivedGeometryAPI", "MaterialBindingAPI"]
                            )
                            {
                                uniform token aeco:derived:approx = "tessellated"
                                uniform token aeco:derived:role = "sector"
                                string aeco:derived:source = "c7644a8f-7903-56f3-9251-401b0e9231d8"
                                string aeco:derived:stamp = "usdAecoCctv derive 0.5.3"
                                uniform bool doubleSided = 1
                                float3[] extent = [(-16.08997, -11.863204, -24), (16.08997, 11.863204, 0)]
                                int[] faceVertexCounts = [4, 4, 4, 4, 4, 4, 4, 4, 4, 4, 4, 4, 4, 4, 4, 4, 4, 4, 4, 4, 4, 4, 4, 4, 4, 4, 4, 4, 4, 4, 4, 4, 4, 4, 4, 4, 4, 4, 4, 4, 4, 4, 4, 4, 4, 4, 4, 4, 4, 4, 4, 4, 4, 4, 4, 4, 4, 4, 4, 4, 4, 4, 4, 4, 4, 4, 4, 4, 4, 4, 4, 4, 4, 4, 4, 4, 4, 4, 4, 4, 4, 4, 4, 4, 4, 4, 4, 4, 4, 4, 4, 4, 4, 4, 4, 4, 4, 4, 4, 4, 4, 4, 4, 4, 4, 4, 4, 4, 4, 4, 4, 4, 4, 4, 4, 4, 4, 4, 4, 4, 4, 4, 4, 4, 4, 4, 4, 4, 4, 4, 4, 4, 4, 4, 4, 4, 4, 4, 4, 4, 4, 4, 4, 4, 4, 4, 4, 4, 4, 4, 4, 4, 4, 4, 4, 4, 4, 4, 4, 4, 4, 4, 4, 4, 4, 4, 4, 4, 4, 4, 4, 4, 4, 4, 4, 4, 4, 4, 4, 4, 4, 4, 4, 4, 4, 4, 4, 4, 4, 4, 4, 4, 4, 4, 4, 4, 4, 4, 4, 4, 4, 4, 4, 4, 4, 4, 4, 4, 4, 4, 4, 4, 4, 4, 4, 4, 4, 4, 4, 4, 4, 4, 4, 4, 4, 4, 4, 4, 4, 4, 4, 4, 4, 4, 4, 4, 4, 4, 4, 4, 4, 4, 4, 4, 4, 4, 4, 4, 4, 4, 4, 4, 4, 4, 4, 4, 4, 4, 4, 4, 4, 4, 4, 4, 4, 4, 4, 4, 4, 4, 4, 4, 4, 4, 4, 4, 4, 4, 4, 4, 4, 4, 4, 4, 4, 4, 4, 4, 4, 4, 4, 4, 4, 4, 4, 4, 4, 4, 4, 4, 4, 4, 4, 4, 4, 4, 4, 4, 4, 4, 4, 4, 4, 4, 4, 4, 4, 4, 4, 4, 4, 4, 4, 4, 4, 4, 4, 4, 4, 4, 4, 4, 4, 4, 4, 4, 3, 3, 3, 3, 3, 3, 3, 3, 3, 3, 3, 3, 3, 3, 3, 3, 3, 3, 3, 3, 3, 3, 3, 3, 3, 3, 3, 3, 3, 3, 3, 3, 3, 3, 3, 3, 3, 3, 3, 3, 3, 3, 3, 3, 3, 3, 3, 3, 3, 3, 3, 3, 3, 3, 3, 3, 3, 3, 3, 3, 3, 3, 3, 3, 3, 3, 3, 3, 3, 3, 3, 3, 3, 3, 3, 3]
                                int[] faceVertexIndices = [1, 26, 27, 2, 2, 27, 28, 3, 3, 28, 29, 4, 4, 29, 30, 5, 5, 30, 31, 6, 6, 31, 32, 7, 7, 32, 33, 8, 8, 33, 34, 9, 9, 34, 35, 10, 10, 35, 36, 11, 11, 36, 37, 12, 12, 37, 38, 13, 13, 38, 39, 14, 14, 39, 40, 15, 15, 40, 41, 16, 16, 41, 42, 17, 17, 42, 43, 18, 18, 43, 44, 19, 19, 44, 45, 20, 20, 45, 46, 21, 21, 46, 47, 22, 22, 47, 48, 23, 23, 48, 49, 24, 24, 49, 50, 25, 26, 51, 52, 27, 27, 52, 53, 28, 28, 53, 54, 29, 29, 54, 55, 30, 30, 55, 56, 31, 31, 56, 57, 32, 32, 57, 58, 33, 33, 58, 59, 34, 34, 59, 60, 35, 35, 60, 61, 36, 36, 61, 62, 37, 37, 62, 63, 38, 38, 63, 64, 39, 39, 64, 65, 40, 40, 65, 66, 41, 41, 66, 67, 42, 42, 67, 68, 43, 43, 68, 69, 44, 44, 69, 70, 45, 45, 70, 71, 46, 46, 71, 72, 47, 47, 72, 73, 48, 48, 73, 74, 49, 49, 74, 75, 50, 51, 76, 77, 52, 52, 77, 78, 53, 53, 78, 79, 54, 54, 79, 80, 55, 55, 80, 81, 56, 56, 81, 82, 57, 57, 82, 83, 58, 58, 83, 84, 59, 59, 84, 85, 60, 60, 85, 86, 61, 61, 86, 87, 62, 62, 87, 88, 63, 63, 88, 89, 64, 64, 89, 90, 65, 65, 90, 91, 66, 66, 91, 92, 67, 67, 92, 93, 68, 68, 93, 94, 69, 69, 94, 95, 70, 70, 95, 96, 71, 71, 96, 97, 72, 72, 97, 98, 73, 73, 98, 99, 74, 74, 99, 100, 75, 76, 101, 102, 77, 77, 102, 103, 78, 78, 103, 104, 79, 79, 104, 105, 80, 80, 105, 106, 81, 81, 106, 107, 82, 82, 107, 108, 83, 83, 108, 109, 84, 84, 109, 110, 85, 85, 110, 111, 86, 86, 111, 112, 87, 87, 112, 113, 88, 88, 113, 114, 89, 89, 114, 115, 90, 90, 115, 116, 91, 91, 116, 117, 92, 92, 117, 118, 93, 93, 118, 119, 94, 94, 119, 120, 95, 95, 120, 121, 96, 96, 121, 122, 97, 97, 122, 123, 98, 98, 123, 124, 99, 99, 124, 125, 100, 101, 126, 127, 102, 102, 127, 128, 103, 103, 128, 129, 104, 104, 129, 130, 105, 105, 130, 131, 106, 106, 131, 132, 107, 107, 132, 133, 108, 108, 133, 134, 109, 109, 134, 135, 110, 110, 135, 136, 111, 111, 136, 137, 112, 112, 137, 138, 113, 113, 138, 139, 114, 114, 139, 140, 115, 115, 140, 141, 116, 116, 141, 142, 117, 117, 142, 143, 118, 118, 143, 144, 119, 119, 144, 145, 120, 120, 145, 146, 121, 121, 146, 147, 122, 122, 147, 148, 123, 123, 148, 149, 124, 124, 149, 150, 125, 126, 151, 152, 127, 127, 152, 153, 128, 128, 153, 154, 129, 129, 154, 155, 130, 130, 155, 156, 131, 131, 156, 157, 132, 132, 157, 158, 133, 133, 158, 159, 134, 134, 159, 160, 135, 135, 160, 161, 136, 136, 161, 162, 137, 137, 162, 163, 138, 138, 163, 164, 139, 139, 164, 165, 140, 140, 165, 166, 141, 141, 166, 167, 142, 142, 167, 168, 143, 143, 168, 169, 144, 144, 169, 170, 145, 145, 170, 171, 146, 146, 171, 172, 147, 147, 172, 173, 148, 148, 173, 174, 149, 149, 174, 175, 150, 151, 176, 177, 152, 152, 177, 178, 153, 153, 178, 179, 154, 154, 179, 180, 155, 155, 180, 181, 156, 156, 181, 182, 157, 157, 182, 183, 158, 158, 183, 184, 159, 159, 184, 185, 160, 160, 185, 186, 161, 161, 186, 187, 162, 162, 187, 188, 163, 163, 188, 189, 164, 164, 189, 190, 165, 165, 190, 191, 166, 166, 191, 192, 167, 167, 192, 193, 168, 168, 193, 194, 169, 169, 194, 195, 170, 170, 195, 196, 171, 171, 196, 197, 172, 172, 197, 198, 173, 173, 198, 199, 174, 174, 199, 200, 175, 176, 201, 202, 177, 177, 202, 203, 178, 178, 203, 204, 179, 179, 204, 205, 180, 180, 205, 206, 181, 181, 206, 207, 182, 182, 207, 208, 183, 183, 208, 209, 184, 184, 209, 210, 185, 185, 210, 211, 186, 186, 211, 212, 187, 187, 212, 213, 188, 188, 213, 214, 189, 189, 214, 215, 190, 190, 215, 216, 191, 191, 216, 217, 192, 192, 217, 218, 193, 193, 218, 219, 194, 194, 219, 220, 195, 195, 220, 221, 196, 196, 221, 222, 197, 197, 222, 223, 198, 198, 223, 224, 199, 199, 224, 225, 200, 201, 226, 227, 202, 202, 227, 228, 203, 203, 228, 229, 204, 204, 229, 230, 205, 205, 230, 231, 206, 206, 231, 232, 207, 207, 232, 233, 208, 208, 233, 234, 209, 209, 234, 235, 210, 210, 235, 236, 211, 211, 236, 237, 212, 212, 237, 238, 213, 213, 238, 239, 214, 214, 239, 240, 215, 215, 240, 241, 216, 216, 241, 242, 217, 217, 242, 243, 218, 218, 243, 244, 219, 219, 244, 245, 220, 220, 245, 246, 221, 221, 246, 247, 222, 222, 247, 248, 223, 223, 248, 249, 224, 224, 249, 250, 225, 226, 251, 252, 227, 227, 252, 253, 228, 228, 253, 254, 229, 229, 254, 255, 230, 230, 255, 256, 231, 231, 256, 257, 232, 232, 257, 258, 233, 233, 258, 259, 234, 234, 259, 260, 235, 235, 260, 261, 236, 236, 261, 262, 237, 237, 262, 263, 238, 238, 263, 264, 239, 239, 264, 265, 240, 240, 265, 266, 241, 241, 266, 267, 242, 242, 267, 268, 243, 243, 268, 269, 244, 244, 269, 270, 245, 245, 270, 271, 246, 246, 271, 272, 247, 247, 272, 273, 248, 248, 273, 274, 249, 249, 274, 275, 250, 251, 276, 277, 252, 252, 277, 278, 253, 253, 278, 279, 254, 254, 279, 280, 255, 255, 280, 281, 256, 256, 281, 282, 257, 257, 282, 283, 258, 258, 283, 284, 259, 259, 284, 285, 260, 260, 285, 286, 261, 261, 286, 287, 262, 262, 287, 288, 263, 263, 288, 289, 264, 264, 289, 290, 265, 265, 290, 291, 266, 266, 291, 292, 267, 267, 292, 293, 268, 268, 293, 294, 269, 269, 294, 295, 270, 270, 295, 296, 271, 271, 296, 297, 272, 272, 297, 298, 273, 273, 298, 299, 274, 274, 299, 300, 275, 276, 301, 302, 277, 277, 302, 303, 278, 278, 303, 304, 279, 279, 304, 305, 280, 280, 305, 306, 281, 281, 306, 307, 282, 282, 307, 308, 283, 283, 308, 309, 284, 284, 309, 310, 285, 285, 310, 311, 286, 286, 311, 312, 287, 287, 312, 313, 288, 288, 313, 314, 289, 289, 314, 315, 290, 290, 315, 316, 291, 291, 316, 317, 292, 292, 317, 318, 293, 293, 318, 319, 294, 294, 319, 320, 295, 295, 320, 321, 296, 296, 321, 322, 297, 297, 322, 323, 298, 298, 323, 324, 299, 299, 324, 325, 300, 301, 326, 327, 302, 302, 327, 328, 303, 303, 328, 329, 304, 304, 329, 330, 305, 305, 330, 331, 306, 306, 331, 332, 307, 307, 332, 333, 308, 308, 333, 334, 309, 309, 334, 335, 310, 310, 335, 336, 311, 311, 336, 337, 312, 312, 337, 338, 313, 313, 338, 339, 314, 314, 339, 340, 315, 315, 340, 341, 316, 316, 341, 342, 317, 317, 342, 343, 318, 318, 343, 344, 319, 319, 344, 345, 320, 320, 345, 346, 321, 321, 346, 347, 322, 322, 347, 348, 323, 323, 348, 349, 324, 324, 349, 350, 325, 326, 351, 352, 327, 327, 352, 353, 328, 328, 353, 354, 329, 329, 354, 355, 330, 330, 355, 356, 331, 331, 356, 357, 332, 332, 357, 358, 333, 333, 358, 359, 334, 334, 359, 360, 335, 335, 360, 361, 336, 336, 361, 362, 337, 337, 362, 363, 338, 338, 363, 364, 339, 339, 364, 365, 340, 340, 365, 366, 341, 341, 366, 367, 342, 342, 367, 368, 343, 343, 368, 369, 344, 344, 369, 370, 345, 345, 370, 371, 346, 346, 371, 372, 347, 347, 372, 373, 348, 348, 373, 374, 349, 349, 374, 375, 350, 0, 1, 2, 0, 2, 3, 0, 3, 4, 0, 4, 5, 0, 5, 6, 0, 6, 7, 0, 7, 8, 0, 8, 9, 0, 9, 10, 0, 10, 11, 0, 11, 12, 0, 12, 13, 0, 13, 14, 0, 14, 15, 0, 15, 16, 0, 16, 17, 0, 17, 18, 0, 18, 19, 0, 19, 20, 0, 20, 21, 0, 21, 22, 0, 22, 23, 0, 23, 24, 0, 24, 25, 0, 352, 351, 0, 353, 352, 0, 354, 353, 0, 355, 354, 0, 356, 355, 0, 357, 356, 0, 358, 357, 0, 359, 358, 0, 360, 359, 0, 361, 360, 0, 362, 361, 0, 363, 362, 0, 364, 363, 0, 365, 364, 0, 366, 365, 0, 367, 366, 0, 368, 367, 0, 369, 368, 0, 370, 369, 0, 371, 370, 0, 372, 371, 0, 373, 372, 0, 374, 373, 0, 375, 374, 0, 26, 1, 0, 51, 26, 0, 76, 51, 0, 101, 76, 0, 126, 101, 0, 151, 126, 0, 176, 151, 0, 201, 176, 0, 226, 201, 0, 251, 226, 0, 276, 251, 0, 301, 276, 0, 326, 301, 0, 351, 326, 0, 25, 50, 0, 50, 75, 0, 75, 100, 0, 100, 125, 0, 125, 150, 0, 150, 175, 0, 175, 200, 0, 200, 225, 0, 225, 250, 0, 250, 275, 0, 275, 300, 0, 300, 325, 0, 325, 350, 0, 350, 375]
                                rel material:binding = </AecoCctvLooks/Sector>
                                point3f[] points = [(0, 0, 0), (-14.82453, -9.3294935, -16.40713), (-14.023156, -9.627454, -16.931131), (-13.143663, -9.926012, -17.456186), (-12.181471, -10.221522, -17.97588), (-11.13313, -10.509587, -18.48248), (-9.99684, -10.785072, -18.966955), (-8.773014, -11.042209, -19.419163), (-7.4648223, -11.274774, -19.82816), (-6.078647, -11.476391, -20.182728), (-4.6243386, -11.640905, -20.47205), (-3.115186, -11.762845, -20.686495), (-1.5675281, -11.837873, -20.818443), (0, -11.863204, -20.862991), (1.5675281, -11.837873, -20.818443), (3.115186, -11.762845, -20.686495), (4.6243386, -11.640905, -20.47205), (6.078647, -11.476391, -20.182728), (7.4648223, -11.274774, -19.82816), (8.773014, -11.042209, -19.419163), (9.99684, -10.785072, -18.966955), (11.13313, -10.509587, -18.48248), (12.181471, -10.221522, -17.97588), (13.143663, -9.926012, -17.456186), (14.023156, -9.627454, -16.931131), (14.82453, -9.3294935, -16.40713), (-15.130935, -8.161991, -16.746244), (-14.332434, -8.434102, -17.304544), (-13.45245, -8.7078905, -17.866287), (-12.4855995, -8.980044, -18.424675), (-11.4276085, -9.2464905, -18.971352), (-10.2759, -9.502402, -19.496416), (-9.030252, -9.742271, -19.988564), (-7.6934524, -9.96008, -20.43545), (-6.2718635, -10.149583, -20.824257), (-4.7757835, -10.30469, -21.142498), (-3.2194643, -10.41994, -21.37896), (-1.620706, -10.490973, -21.524702), (0, -10.5149765, -21.57395), (1.620706, -10.490973, -21.524702), (3.2194643, -10.41994, -21.37896), (4.7757835, -10.30469, -21.142498), (6.2718635, -10.149583, -20.824257), (7.6934524, -9.96008, -20.43545), (9.030252, -9.742271, -19.988564), (10.2759, -9.502402, -19.496416), (11.4276085, -9.2464905, -18.971352), (12.4855995, -8.980044, -18.424675), (13.45245, -8.7078905, -17.866287), (14.332434, -8.434102, -17.304544), (15.130935, -8.161991, -16.746244), (-15.405596, -6.9251246, -17.050228), (-14.610753, -7.164902, -17.64058), (-13.731457, -7.4070787, -18.23684), (-12.761542, -7.6487594, -18.831875), (-11.695917, -7.886325, -19.41678), (-10.531218, -8.1154175, -19.980827), (-9.266544, -8.330996, -20.511599), (-7.904244, -8.527479, -20.995358), (-6.450591, -8.699011, -21.41768), (-4.916256, -8.839824, -21.764374), (-3.3163874, -8.944696, -22.02258), (-1.670196, -9.00944, -22.181984), (0, -9.031336, -22.235893), (1.670196, -9.00944, -22.181984), (3.3163874, -8.944696, -22.02258), (4.916256, -8.839824, -21.764374), (6.450591, -8.699011, -21.41768), (7.904244, -8.527479, -20.995358), (9.266544, -8.330996, -20.511599), (10.531218, -8.1154175, -19.980827), (11.695917, -7.886325, -19.41678), (12.761542, -7.6487594, -18.831875), (13.731457, -7.4070787, -18.23684), (14.610753, -7.164902, -17.64058), (15.405596, -6.9251246, -17.050228), (-15.641798, -5.625042, -17.311646), (-14.850942, -5.8261495, -17.930574), (-13.97312, -6.0299497, -18.557793), (-13.001452, -6.2340417, -19.185905), (-11.930085, -6.435375, -19.80553), (-10.754892, -6.6302266, -20.405205), (-9.474313, -6.8142304, -20.971497), (-8.090227, -6.9825015, -21.489367), (-6.6087666, -7.1298556, -21.942865), (-5.040893, -7.2511444, -22.316145), (-3.40255, -7.34167, -22.594746), (-1.714245, -7.39764, -22.767), (0, -7.4165835, -22.8253), (1.714245, -7.39764, -22.767), (3.40255, -7.34167, -22.594746), (5.040893, -7.2511444, -22.316145), (6.6087666, -7.1298556, -21.942865), (8.090227, -6.9825015, -21.489367), (9.474313, -6.8142304, -20.971497), (10.754892, -6.6302266, -20.405205), (11.930085, -6.435375, -19.80553), (13.001452, -6.2340417, -19.185905), (13.97312, -6.0299497, -18.557793), (14.850942, -5.8261495, -17.930574), (15.641798, -5.625042, -17.311646), (-15.833215, -4.2704086, -17.523497), (-15.046169, -4.4270544, -18.166286), (-14.170161, -4.5862355, -18.819485), (-13.1977005, -4.7461047, -19.475502), (-12.122267, -4.904282, -20.124578), (-10.939069, -5.0578265, -20.754642), (-9.64594, -5.2032523, -21.351393), (-8.244319, -5.3366213, -21.898668), (-6.740172, -5.4537163, -22.379166), (-5.1446695, -5.5503173, -22.775564), (-3.474414, -5.622548, -23.07196), (-1.751023, -5.667264, -23.255451), (0, -5.682408, -23.317595), (1.751023, -5.667264, -23.255451), (3.474414, -5.622548, -23.07196), (5.1446695, -5.5503173, -22.775564), (6.740172, -5.4537163, -22.379166), (8.244319, -5.3366213, -21.898668), (9.64594, -5.2032523, -21.351393), (10.939069, -5.0578265, -20.754642), (12.122267, -4.904282, -20.124578), (13.1977005, -4.7461047, -19.475502), (14.170161, -4.5862355, -18.819485), (15.046169, -4.4270544, -18.166286), (15.833215, -4.2704086, -17.523497), (-15.974324, -2.8723118, -17.679672), (-15.190428, -2.9796665, -18.34046), (-14.316121, -3.0889843, -19.013334), (-13.343446, -3.1990116, -19.690577), (-12.265369, -3.3081179, -20.362148), (-11.076572, -3.4142685, -21.015526), (-9.774403, -3.5150323, -21.635748), (-8.359937, -3.607641, -22.205774), (-6.8389816, -3.6891115, -22.707241), (-5.222847, -3.7564392, -23.121656), (-3.5286262, -3.806852, -23.43196), (-1.7787913, -3.8380916, -23.624245), (0, -3.8486772, -23.6894), (1.7787913, -3.8380916, -23.624245), (3.5286262, -3.806852, -23.43196), (5.222847, -3.7564392, -23.121656), (6.8389816, -3.6891115, -22.707241), (8.359937, -3.607641, -22.205774), (9.774403, -3.5150323, -21.635748), (11.076572, -3.4142685, -21.015526), (12.265369, -3.3081179, -20.362148), (13.343446, -3.1990116, -19.690577), (14.316121, -3.0889843, -19.013334), (15.190428, -2.9796665, -18.34046), (15.974324, -2.8723118, -17.679672), (-16.060823, -1.4439325, -17.775404), (-15.279, -1.4985201, -18.447401), (-14.405891, -1.554177, -19.132559), (-13.433246, -1.6102703, -19.823092), (-12.353703, -1.6659713, -20.508793), (-11.161605, -1.7202396, -21.176859), (-9.853989, -1.7718264, -21.811913), (-8.431686, -1.819302, -22.396357), (-6.900395, -1.8611196, -22.91115), (-5.271499, -1.8957158, -23.337042), (-3.5623975, -1.921643, -23.656218), (-1.7961001, -1.9377195, -23.854124), (0, -1.9431686, -23.921206), (1.7961001, -1.9377195, -23.854124), (3.5623975, -1.921643, -23.656218), (5.271499, -1.8957158, -23.337042), (6.900395, -1.8611196, -22.91115), (8.431686, -1.819302, -22.396357), (9.853989, -1.7718264, -21.811913), (11.161605, -1.7202396, -21.176859), (12.353703, -1.6659713, -20.508793), (13.433246, -1.6102703, -19.823092), (14.405891, -1.554177, -19.132559), (15.279, -1.4985201, -18.447401), (16.060823, -1.4439325, -17.775404), (-16.08997, 0, -17.807663), (-15.30887, 0, -18.483465), (-14.4361925, 0, -19.172802), (-13.463584, 0, -19.86786), (-12.3835745, 0, -20.558382), (-11.190388, 0, -21.231468), (-9.880953, 0, -21.871597), (-8.456017, 0, -22.460983), (-6.9212365, 0, -22.98035), (-5.2880216, 0, -23.410187), (-3.5738719, 0, -23.732412), (-1.8019831, 0, -23.932255), (0, 0, -24), (1.8019831, 0, -23.932255), (3.5738719, 0, -23.732412), (5.2880216, 0, -23.410187), (6.9212365, 0, -22.98035), (8.456017, 0, -22.460983), (9.880953, 0, -21.871597), (11.190388, 0, -21.231468), (12.3835745, 0, -20.558382), (13.463584, 0, -19.86786), (14.4361925, 0, -19.172802), (15.30887, 0, -18.483465), (16.08997, 0, -17.807663), (-16.060823, 1.4439325, -17.775404), (-15.279, 1.4985201, -18.447401), (-14.405891, 1.554177, -19.132559), (-13.433246, 1.6102703, -19.823092), (-12.353703, 1.6659713, -20.508793), (-11.161605, 1.7202396, -21.176859), (-9.853989, 1.7718264, -21.811913), (-8.431686, 1.819302, -22.396357), (-6.900395, 1.8611196, -22.91115), (-5.271499, 1.8957158, -23.337042), (-3.5623975, 1.921643, -23.656218), (-1.7961001, 1.9377195, -23.854124), (0, 1.9431686, -23.921206), (1.7961001, 1.9377195, -23.854124), (3.5623975, 1.921643, -23.656218), (5.271499, 1.8957158, -23.337042), (6.900395, 1.8611196, -22.91115), (8.431686, 1.819302, -22.396357), (9.853989, 1.7718264, -21.811913), (11.161605, 1.7202396, -21.176859), (12.353703, 1.6659713, -20.508793), (13.433246, 1.6102703, -19.823092), (14.405891, 1.554177, -19.132559), (15.279, 1.4985201, -18.447401), (16.060823, 1.4439325, -17.775404), (-15.974324, 2.8723118, -17.679672), (-15.190428, 2.9796665, -18.34046), (-14.316121, 3.0889843, -19.013334), (-13.343446, 3.1990116, -19.690577), (-12.265369, 3.3081179, -20.362148), (-11.076572, 3.4142685, -21.015526), (-9.774403, 3.5150323, -21.635748), (-8.359937, 3.607641, -22.205774), (-6.8389816, 3.6891115, -22.707241), (-5.222847, 3.7564392, -23.121656), (-3.5286262, 3.806852, -23.43196), (-1.7787913, 3.8380916, -23.624245), (0, 3.8486772, -23.6894), (1.7787913, 3.8380916, -23.624245), (3.5286262, 3.806852, -23.43196), (5.222847, 3.7564392, -23.121656), (6.8389816, 3.6891115, -22.707241), (8.359937, 3.607641, -22.205774), (9.774403, 3.5150323, -21.635748), (11.076572, 3.4142685, -21.015526), (12.265369, 3.3081179, -20.362148), (13.343446, 3.1990116, -19.690577), (14.316121, 3.0889843, -19.013334), (15.190428, 2.9796665, -18.34046), (15.974324, 2.8723118, -17.679672), (-15.833215, 4.2704086, -17.523497), (-15.046169, 4.4270544, -18.166286), (-14.170161, 4.5862355, -18.819485), (-13.1977005, 4.7461047, -19.475502), (-12.122267, 4.904282, -20.124578), (-10.939069, 5.0578265, -20.754642), (-9.64594, 5.2032523, -21.351393), (-8.244319, 5.3366213, -21.898668), (-6.740172, 5.4537163, -22.379166), (-5.1446695, 5.5503173, -22.775564), (-3.474414, 5.622548, -23.07196), (-1.751023, 5.667264, -23.255451), (0, 5.682408, -23.317595), (1.751023, 5.667264, -23.255451), (3.474414, 5.622548, -23.07196), (5.1446695, 5.5503173, -22.775564), (6.740172, 5.4537163, -22.379166), (8.244319, 5.3366213, -21.898668), (9.64594, 5.2032523, -21.351393), (10.939069, 5.0578265, -20.754642), (12.122267, 4.904282, -20.124578), (13.1977005, 4.7461047, -19.475502), (14.170161, 4.5862355, -18.819485), (15.046169, 4.4270544, -18.166286), (15.833215, 4.2704086, -17.523497), (-15.641798, 5.625042, -17.311646), (-14.850942, 5.8261495, -17.930574), (-13.97312, 6.0299497, -18.557793), (-13.001452, 6.2340417, -19.185905), (-11.930085, 6.435375, -19.80553), (-10.754892, 6.6302266, -20.405205), (-9.474313, 6.8142304, -20.971497), (-8.090227, 6.9825015, -21.489367), (-6.6087666, 7.1298556, -21.942865), (-5.040893, 7.2511444, -22.316145), (-3.40255, 7.34167, -22.594746), (-1.714245, 7.39764, -22.767), (0, 7.4165835, -22.8253), (1.714245, 7.39764, -22.767), (3.40255, 7.34167, -22.594746), (5.040893, 7.2511444, -22.316145), (6.6087666, 7.1298556, -21.942865), (8.090227, 6.9825015, -21.489367), (9.474313, 6.8142304, -20.971497), (10.754892, 6.6302266, -20.405205), (11.930085, 6.435375, -19.80553), (13.001452, 6.2340417, -19.185905), (13.97312, 6.0299497, -18.557793), (14.850942, 5.8261495, -17.930574), (15.641798, 5.625042, -17.311646), (-15.405596, 6.9251246, -17.050228), (-14.610753, 7.164902, -17.64058), (-13.731457, 7.4070787, -18.23684), (-12.761542, 7.6487594, -18.831875), (-11.695917, 7.886325, -19.41678), (-10.531218, 8.1154175, -19.980827), (-9.266544, 8.330996, -20.511599), (-7.904244, 8.527479, -20.995358), (-6.450591, 8.699011, -21.41768), (-4.916256, 8.839824, -21.764374), (-3.3163874, 8.944696, -22.02258), (-1.670196, 9.00944, -22.181984), (0, 9.031336, -22.235893), (1.670196, 9.00944, -22.181984), (3.3163874, 8.944696, -22.02258), (4.916256, 8.839824, -21.764374), (6.450591, 8.699011, -21.41768), (7.904244, 8.527479, -20.995358), (9.266544, 8.330996, -20.511599), (10.531218, 8.1154175, -19.980827), (11.695917, 7.886325, -19.41678), (12.761542, 7.6487594, -18.831875), (13.731457, 7.4070787, -18.23684), (14.610753, 7.164902, -17.64058), (15.405596, 6.9251246, -17.050228), (-15.130935, 8.161991, -16.746244), (-14.332434, 8.434102, -17.304544), (-13.45245, 8.7078905, -17.866287), (-12.4855995, 8.980044, -18.424675), (-11.4276085, 9.2464905, -18.971352), (-10.2759, 9.502402, -19.496416), (-9.030252, 9.742271, -19.988564), (-7.6934524, 9.96008, -20.43545), (-6.2718635, 10.149583, -20.824257), (-4.7757835, 10.30469, -21.142498), (-3.2194643, 10.41994, -21.37896), (-1.620706, 10.490973, -21.524702), (0, 10.5149765, -21.57395), (1.620706, 10.490973, -21.524702), (3.2194643, 10.41994, -21.37896), (4.7757835, 10.30469, -21.142498), (6.2718635, 10.149583, -20.824257), (7.6934524, 9.96008, -20.43545), (9.030252, 9.742271, -19.988564), (10.2759, 9.502402, -19.496416), (11.4276085, 9.2464905, -18.971352), (12.4855995, 8.980044, -18.424675), (13.45245, 8.7078905, -17.866287), (14.332434, 8.434102, -17.304544), (15.130935, 8.161991, -16.746244), (-14.82453, 9.3294935, -16.40713), (-14.023156, 9.627454, -16.931131), (-13.143663, 9.926012, -17.456186), (-12.181471, 10.221522, -17.97588), (-11.13313, 10.509587, -18.48248), (-9.99684, 10.785072, -18.966955), (-8.773014, 11.042209, -19.419163), (-7.4648223, 11.274774, -19.82816), (-6.078647, 11.476391, -20.182728), (-4.6243386, 11.640905, -20.47205), (-3.115186, 11.762845, -20.686495), (-1.5675281, 11.837873, -20.818443), (0, 11.863204, -20.862991), (1.5675281, 11.837873, -20.818443), (3.115186, 11.762845, -20.686495), (4.6243386, 11.640905, -20.47205), (6.078647, 11.476391, -20.182728), (7.4648223, 11.274774, -19.82816), (8.773014, 11.042209, -19.419163), (9.99684, 10.785072, -18.966955), (11.13313, 10.509587, -18.48248), (12.181471, 10.221522, -17.97588), (13.143663, 9.926012, -17.456186), (14.023156, 9.627454, -16.931131), (14.82453, 9.3294935, -16.40713)]
                                color3f[] primvars:displayColor = [(0, 0.85, 0.95)] (
                                    interpolation = "constant"
                                )
                                float[] primvars:displayOpacity = [0.3] (
                                    interpolation = "constant"
                                )
                                uniform token purpose = "guide"
                                uniform token subdivisionScheme = "none"
                            }

                            def Mesh "Shell_identify" (
                                prepend apiSchemas = ["AecoDerivedGeometryAPI", "MaterialBindingAPI"]
                            )
                            {
                                uniform token aeco:derived:approx = "tessellated"
                                uniform token aeco:derived:role = "coverage"
                                string aeco:derived:source = "c7644a8f-7903-56f3-9251-401b0e9231d8"
                                string aeco:derived:stamp = "usdAecoCctv derive 0.5.3"
                                uniform bool doubleSided = 1
                                float3[] extent = [(-3.846455, -2.836008, -5.7374206), (3.846455, 2.836008, 0)]
                                int[] faceVertexCounts = [4, 4, 4, 4, 4, 4, 4, 4, 4, 4, 4, 4, 4, 4, 4, 4, 4, 4, 4, 4, 4, 4, 4, 4, 4, 4, 4, 4, 4, 4, 4, 4, 4, 4, 4, 4, 4, 4, 4, 4, 4, 4, 4, 4, 4, 4, 4, 4, 4, 4, 4, 4, 4, 4, 4, 4, 4, 4, 4, 4, 4, 4, 4, 4, 4, 4, 4, 4, 4, 4, 4, 4, 4, 4, 4, 4, 4, 4, 4, 4, 4, 4, 4, 4, 4, 4, 4, 4, 4, 4, 4, 4, 4, 4, 4, 4, 4, 4, 4, 4, 4, 4, 4, 4, 4, 4, 4, 4, 4, 4, 4, 4, 4, 4, 4, 4, 4, 4, 4, 4, 4, 4, 4, 4, 4, 4, 4, 4, 4, 4, 4, 4, 4, 4, 4, 4, 4, 4, 4, 4, 4, 4, 4, 4, 4, 4, 4, 4, 4, 4, 4, 4, 4, 4, 4, 4, 4, 4, 4, 4, 4, 4, 4, 4, 4, 4, 4, 4, 4, 4, 4, 4, 4, 4, 4, 4, 4, 4, 4, 4, 4, 4, 4, 4, 4, 4, 4, 4, 4, 4, 4, 4, 4, 4, 4, 4, 4, 4, 4, 4, 4, 4, 4, 4, 4, 4, 4, 4, 4, 4, 4, 4, 4, 4, 4, 4, 4, 4, 4, 4, 4, 4, 4, 4, 4, 4, 4, 4, 4, 4, 4, 4, 4, 4, 4, 4, 4, 4, 4, 4, 4, 4, 4, 4, 4, 4, 4, 4, 4, 4, 4, 4, 4, 4, 4, 4, 4, 4, 4, 4, 4, 4, 4, 4, 4, 4, 4, 4, 4, 4, 4, 4, 4, 4, 4, 4, 4, 4, 4, 4, 4, 4, 4, 4, 4, 4, 4, 4, 4, 4, 4, 4, 4, 4, 4, 4, 4, 4, 4, 4, 4, 4, 4, 4, 4, 4, 4, 4, 4, 4, 4, 4, 4, 4, 4, 4, 4, 4, 4, 4, 4, 4, 4, 4, 4, 4, 4, 4, 4, 4, 4, 4, 4, 4, 4, 4, 3, 3, 3, 3, 3, 3, 3, 3, 3, 3, 3, 3, 3, 3, 3, 3, 3, 3, 3, 3, 3, 3, 3, 3, 3, 3, 3, 3, 3, 3, 3, 3, 3, 3, 3, 3, 3, 3, 3, 3, 3, 3, 3, 3, 3, 3, 3, 3, 3, 3, 3, 3, 3, 3, 3, 3, 3, 3, 3, 3, 3, 3, 3, 3, 3, 3, 3, 3, 3, 3, 3, 3, 3, 3, 3, 3]
                                int[] faceVertexIndices = [1, 26, 27, 2, 2, 27, 28, 3, 3, 28, 29, 4, 4, 29, 30, 5, 5, 30, 31, 6, 6, 31, 32, 7, 7, 32, 33, 8, 8, 33, 34, 9, 9, 34, 35, 10, 10, 35, 36, 11, 11, 36, 37, 12, 12, 37, 38, 13, 13, 38, 39, 14, 14, 39, 40, 15, 15, 40, 41, 16, 16, 41, 42, 17, 17, 42, 43, 18, 18, 43, 44, 19, 19, 44, 45, 20, 20, 45, 46, 21, 21, 46, 47, 22, 22, 47, 48, 23, 23, 48, 49, 24, 24, 49, 50, 25, 26, 51, 52, 27, 27, 52, 53, 28, 28, 53, 54, 29, 29, 54, 55, 30, 30, 55, 56, 31, 31, 56, 57, 32, 32, 57, 58, 33, 33, 58, 59, 34, 34, 59, 60, 35, 35, 60, 61, 36, 36, 61, 62, 37, 37, 62, 63, 38, 38, 63, 64, 39, 39, 64, 65, 40, 40, 65, 66, 41, 41, 66, 67, 42, 42, 67, 68, 43, 43, 68, 69, 44, 44, 69, 70, 45, 45, 70, 71, 46, 46, 71, 72, 47, 47, 72, 73, 48, 48, 73, 74, 49, 49, 74, 75, 50, 51, 76, 77, 52, 52, 77, 78, 53, 53, 78, 79, 54, 54, 79, 80, 55, 55, 80, 81, 56, 56, 81, 82, 57, 57, 82, 83, 58, 58, 83, 84, 59, 59, 84, 85, 60, 60, 85, 86, 61, 61, 86, 87, 62, 62, 87, 88, 63, 63, 88, 89, 64, 64, 89, 90, 65, 65, 90, 91, 66, 66, 91, 92, 67, 67, 92, 93, 68, 68, 93, 94, 69, 69, 94, 95, 70, 70, 95, 96, 71, 71, 96, 97, 72, 72, 97, 98, 73, 73, 98, 99, 74, 74, 99, 100, 75, 76, 101, 102, 77, 77, 102, 103, 78, 78, 103, 104, 79, 79, 104, 105, 80, 80, 105, 106, 81, 81, 106, 107, 82, 82, 107, 108, 83, 83, 108, 109, 84, 84, 109, 110, 85, 85, 110, 111, 86, 86, 111, 112, 87, 87, 112, 113, 88, 88, 113, 114, 89, 89, 114, 115, 90, 90, 115, 116, 91, 91, 116, 117, 92, 92, 117, 118, 93, 93, 118, 119, 94, 94, 119, 120, 95, 95, 120, 121, 96, 96, 121, 122, 97, 97, 122, 123, 98, 98, 123, 124, 99, 99, 124, 125, 100, 101, 126, 127, 102, 102, 127, 128, 103, 103, 128, 129, 104, 104, 129, 130, 105, 105, 130, 131, 106, 106, 131, 132, 107, 107, 132, 133, 108, 108, 133, 134, 109, 109, 134, 135, 110, 110, 135, 136, 111, 111, 136, 137, 112, 112, 137, 138, 113, 113, 138, 139, 114, 114, 139, 140, 115, 115, 140, 141, 116, 116, 141, 142, 117, 117, 142, 143, 118, 118, 143, 144, 119, 119, 144, 145, 120, 120, 145, 146, 121, 121, 146, 147, 122, 122, 147, 148, 123, 123, 148, 149, 124, 124, 149, 150, 125, 126, 151, 152, 127, 127, 152, 153, 128, 128, 153, 154, 129, 129, 154, 155, 130, 130, 155, 156, 131, 131, 156, 157, 132, 132, 157, 158, 133, 133, 158, 159, 134, 134, 159, 160, 135, 135, 160, 161, 136, 136, 161, 162, 137, 137, 162, 163, 138, 138, 163, 164, 139, 139, 164, 165, 140, 140, 165, 166, 141, 141, 166, 167, 142, 142, 167, 168, 143, 143, 168, 169, 144, 144, 169, 170, 145, 145, 170, 171, 146, 146, 171, 172, 147, 147, 172, 173, 148, 148, 173, 174, 149, 149, 174, 175, 150, 151, 176, 177, 152, 152, 177, 178, 153, 153, 178, 179, 154, 154, 179, 180, 155, 155, 180, 181, 156, 156, 181, 182, 157, 157, 182, 183, 158, 158, 183, 184, 159, 159, 184, 185, 160, 160, 185, 186, 161, 161, 186, 187, 162, 162, 187, 188, 163, 163, 188, 189, 164, 164, 189, 190, 165, 165, 190, 191, 166, 166, 191, 192, 167, 167, 192, 193, 168, 168, 193, 194, 169, 169, 194, 195, 170, 170, 195, 196, 171, 171, 196, 197, 172, 172, 197, 198, 173, 173, 198, 199, 174, 174, 199, 200, 175, 176, 201, 202, 177, 177, 202, 203, 178, 178, 203, 204, 179, 179, 204, 205, 180, 180, 205, 206, 181, 181, 206, 207, 182, 182, 207, 208, 183, 183, 208, 209, 184, 184, 209, 210, 185, 185, 210, 211, 186, 186, 211, 212, 187, 187, 212, 213, 188, 188, 213, 214, 189, 189, 214, 215, 190, 190, 215, 216, 191, 191, 216, 217, 192, 192, 217, 218, 193, 193, 218, 219, 194, 194, 219, 220, 195, 195, 220, 221, 196, 196, 221, 222, 197, 197, 222, 223, 198, 198, 223, 224, 199, 199, 224, 225, 200, 201, 226, 227, 202, 202, 227, 228, 203, 203, 228, 229, 204, 204, 229, 230, 205, 205, 230, 231, 206, 206, 231, 232, 207, 207, 232, 233, 208, 208, 233, 234, 209, 209, 234, 235, 210, 210, 235, 236, 211, 211, 236, 237, 212, 212, 237, 238, 213, 213, 238, 239, 214, 214, 239, 240, 215, 215, 240, 241, 216, 216, 241, 242, 217, 217, 242, 243, 218, 218, 243, 244, 219, 219, 244, 245, 220, 220, 245, 246, 221, 221, 246, 247, 222, 222, 247, 248, 223, 223, 248, 249, 224, 224, 249, 250, 225, 226, 251, 252, 227, 227, 252, 253, 228, 228, 253, 254, 229, 229, 254, 255, 230, 230, 255, 256, 231, 231, 256, 257, 232, 232, 257, 258, 233, 233, 258, 259, 234, 234, 259, 260, 235, 235, 260, 261, 236, 236, 261, 262, 237, 237, 262, 263, 238, 238, 263, 264, 239, 239, 264, 265, 240, 240, 265, 266, 241, 241, 266, 267, 242, 242, 267, 268, 243, 243, 268, 269, 244, 244, 269, 270, 245, 245, 270, 271, 246, 246, 271, 272, 247, 247, 272, 273, 248, 248, 273, 274, 249, 249, 274, 275, 250, 251, 276, 277, 252, 252, 277, 278, 253, 253, 278, 279, 254, 254, 279, 280, 255, 255, 280, 281, 256, 256, 281, 282, 257, 257, 282, 283, 258, 258, 283, 284, 259, 259, 284, 285, 260, 260, 285, 286, 261, 261, 286, 287, 262, 262, 287, 288, 263, 263, 288, 289, 264, 264, 289, 290, 265, 265, 290, 291, 266, 266, 291, 292, 267, 267, 292, 293, 268, 268, 293, 294, 269, 269, 294, 295, 270, 270, 295, 296, 271, 271, 296, 297, 272, 272, 297, 298, 273, 273, 298, 299, 274, 274, 299, 300, 275, 276, 301, 302, 277, 277, 302, 303, 278, 278, 303, 304, 279, 279, 304, 305, 280, 280, 305, 306, 281, 281, 306, 307, 282, 282, 307, 308, 283, 283, 308, 309, 284, 284, 309, 310, 285, 285, 310, 311, 286, 286, 311, 312, 287, 287, 312, 313, 288, 288, 313, 314, 289, 289, 314, 315, 290, 290, 315, 316, 291, 291, 316, 317, 292, 292, 317, 318, 293, 293, 318, 319, 294, 294, 319, 320, 295, 295, 320, 321, 296, 296, 321, 322, 297, 297, 322, 323, 298, 298, 323, 324, 299, 299, 324, 325, 300, 301, 326, 327, 302, 302, 327, 328, 303, 303, 328, 329, 304, 304, 329, 330, 305, 305, 330, 331, 306, 306, 331, 332, 307, 307, 332, 333, 308, 308, 333, 334, 309, 309, 334, 335, 310, 310, 335, 336, 311, 311, 336, 337, 312, 312, 337, 338, 313, 313, 338, 339, 314, 314, 339, 340, 315, 315, 340, 341, 316, 316, 341, 342, 317, 317, 342, 343, 318, 318, 343, 344, 319, 319, 344, 345, 320, 320, 345, 346, 321, 321, 346, 347, 322, 322, 347, 348, 323, 323, 348, 349, 324, 324, 349, 350, 325, 326, 351, 352, 327, 327, 352, 353, 328, 328, 353, 354, 329, 329, 354, 355, 330, 330, 355, 356, 331, 331, 356, 357, 332, 332, 357, 358, 333, 333, 358, 359, 334, 334, 359, 360, 335, 335, 360, 361, 336, 336, 361, 362, 337, 337, 362, 363, 338, 338, 363, 364, 339, 339, 364, 365, 340, 340, 365, 366, 341, 341, 366, 367, 342, 342, 367, 368, 343, 343, 368, 369, 344, 344, 369, 370, 345, 345, 370, 371, 346, 346, 371, 372, 347, 347, 372, 373, 348, 348, 373, 374, 349, 349, 374, 375, 350, 0, 1, 2, 0, 2, 3, 0, 3, 4, 0, 4, 5, 0, 5, 6, 0, 6, 7, 0, 7, 8, 0, 8, 9, 0, 9, 10, 0, 10, 11, 0, 11, 12, 0, 12, 13, 0, 13, 14, 0, 14, 15, 0, 15, 16, 0, 16, 17, 0, 17, 18, 0, 18, 19, 0, 19, 20, 0, 20, 21, 0, 21, 22, 0, 22, 23, 0, 23, 24, 0, 24, 25, 0, 352, 351, 0, 353, 352, 0, 354, 353, 0, 355, 354, 0, 356, 355, 0, 357, 356, 0, 358, 357, 0, 359, 358, 0, 360, 359, 0, 361, 360, 0, 362, 361, 0, 363, 362, 0, 364, 363, 0, 365, 364, 0, 366, 365, 0, 367, 366, 0, 368, 367, 0, 369, 368, 0, 370, 369, 0, 371, 370, 0, 372, 371, 0, 373, 372, 0, 374, 373, 0, 375, 374, 0, 26, 1, 0, 51, 26, 0, 76, 51, 0, 101, 76, 0, 126, 101, 0, 151, 126, 0, 176, 151, 0, 201, 176, 0, 226, 201, 0, 251, 226, 0, 276, 251, 0, 301, 276, 0, 326, 301, 0, 351, 326, 0, 25, 50, 0, 50, 75, 0, 75, 100, 0, 100, 125, 0, 125, 150, 0, 150, 175, 0, 175, 200, 0, 200, 225, 0, 225, 250, 0, 250, 275, 0, 275, 300, 0, 300, 325, 0, 325, 350, 0, 350, 375]
                                rel material:binding = </AecoCctvLooks/Shell_identify>
                                point3f[] points = [(0, 0, 0), (-3.5439398, -2.230301, -3.9222748), (-3.352364, -2.3015313, -4.0475426), (-3.1421134, -2.3729043, -4.1730614), (-2.9120924, -2.443549, -4.297299), (-2.6614769, -2.5124133, -4.418406), (-2.3898363, -2.5782707, -4.534225), (-2.0972695, -2.6397414, -4.642329), (-1.7845343, -2.6953382, -4.7401037), (-1.4531565, -2.7435365, -4.8248663), (-1.1054907, -2.7828653, -4.8940315), (-0.74471384, -2.812016, -4.945297), (-0.374732, -2.8299525, -4.97684), (0, -2.836008, -4.9874897), (0.374732, -2.8299525, -4.97684), (0.74471384, -2.812016, -4.945297), (1.1054907, -2.7828653, -4.8940315), (1.4531565, -2.7435365, -4.8248663), (1.7845343, -2.6953382, -4.7401037), (2.0972695, -2.6397414, -4.642329), (2.3898363, -2.5782707, -4.534225), (2.6614769, -2.5124133, -4.418406), (2.9120924, -2.443549, -4.297299), (3.1421134, -2.3729043, -4.1730614), (3.352364, -2.3015313, -4.0475426), (3.5439398, -2.230301, -3.9222748), (-3.617189, -1.9511988, -4.0033436), (-3.4262998, -2.0162494, -4.1368103), (-3.2159317, -2.0817013, -4.2711), (-2.9847972, -2.1467621, -4.4045877), (-2.7318747, -2.2104585, -4.535276), (-2.4565485, -2.2716367, -4.660797), (-2.1587648, -2.3289795, -4.7784495), (-1.8391905, -2.3810487, -4.885282), (-1.4993465, -2.4263508, -4.97823), (-1.1416949, -2.463431, -5.0543084), (-0.76964253, -2.4909823, -5.1108365), (-0.38744462, -2.5079637, -5.1456776), (0, -2.5137017, -5.1574507), (0.38744462, -2.5079637, -5.1456776), (0.76964253, -2.4909823, -5.1108365), (1.1416949, -2.463431, -5.0543084), (1.4993465, -2.4263508, -4.97823), (1.8391905, -2.3810487, -4.885282), (2.1587648, -2.3289795, -4.7784495), (2.4565485, -2.2716367, -4.660797), (2.7318747, -2.2104585, -4.535276), (2.9847972, -2.1467621, -4.4045877), (3.2159317, -2.0817013, -4.2711), (3.4262998, -2.0162494, -4.1368103), (3.617189, -1.9511988, -4.0033436), (-3.6828492, -1.6555146, -4.0760136), (-3.4928348, -1.7128357, -4.2171426), (-3.282631, -1.7707303, -4.3596835), (-3.0507638, -1.8285061, -4.5019326), (-2.7960165, -1.8852984, -4.64176), (-2.5175843, -1.9400651, -4.7766004), (-2.2152526, -1.991601, -4.903486), (-1.8895822, -2.0385723, -5.019133), (-1.5420731, -2.0795784, -5.1200933), (-1.1752762, -2.113241, -5.2029734), (-0.7928128, -2.1383119, -5.2647), (-0.39927572, -2.1537895, -5.302807), (0, -2.1590238, -5.315695), (0.39927572, -2.1537895, -5.302807), (0.7928128, -2.1383119, -5.2647), (1.1752762, -2.113241, -5.2029734), (1.5420731, -2.0795784, -5.1200933), (1.8895822, -2.0385723, -5.019133), (2.2152526, -1.991601, -4.903486), (2.5175843, -1.9400651, -4.7766004), (2.7960165, -1.8852984, -4.64176), (3.0507638, -1.8285061, -4.5019326), (3.282631, -1.7707303, -4.3596835), (3.4928348, -1.7128357, -4.2171426), (3.6828492, -1.6555146, -4.0760136), (-3.7393155, -1.3447179, -4.138508), (-3.5502539, -1.3927945, -4.2864685), (-3.3404026, -1.4415148, -4.4364104), (-3.1081166, -1.490305, -4.586567), (-2.8519964, -1.5384356, -4.734694), (-2.571056, -1.5850165, -4.8780518), (-2.2649217, -1.6290044, -5.0134287), (-1.934043, -1.669231, -5.1372304), (-1.5798863, -1.7044575, -5.2456436), (-1.2050718, -1.7334527, -5.3348794), (-0.8134108, -1.7550936, -5.4014816), (-0.40980598, -1.7684739, -5.4426603), (0, -1.7730024, -5.4565973), (0.40980598, -1.7684739, -5.4426603), (0.8134108, -1.7550936, -5.4014816), (1.2050718, -1.7334527, -5.3348794), (1.5798863, -1.7044575, -5.2456436), (1.934043, -1.669231, -5.1372304), (2.2649217, -1.6290044, -5.0134287), (2.571056, -1.5850165, -4.8780518), (2.8519964, -1.5384356, -4.734694), (3.1081166, -1.490305, -4.586567), (3.3404026, -1.4415148, -4.4364104), (3.5502539, -1.3927945, -4.2864685), (3.7393155, -1.3447179, -4.138508), (-3.7850752, -1.0208803, -4.1891527), (-3.5969248, -1.0583279, -4.342818), (-3.3875072, -1.0963818, -4.4989705), (-3.1550314, -1.1345999, -4.655798), (-2.8979392, -1.1724137, -4.810965), (-2.615085, -1.2091198, -4.961588), (-2.3059504, -1.2438853, -5.1042466), (-1.9708802, -1.2757683, -5.235078), (-1.6113, -1.303761, -5.349945), (-1.2298805, -1.3268543, -5.444708), (-0.8305906, -1.3441218, -5.5155644), (-0.41859815, -1.3548115, -5.559429), (0, -1.3584318, -5.574285), (0.41859815, -1.3548115, -5.559429), (0.8305906, -1.3441218, -5.5155644), (1.2298805, -1.3268543, -5.444708), (1.6113, -1.303761, -5.349945), (1.9708802, -1.2757683, -5.235078), (2.3059504, -1.2438853, -5.1042466), (2.615085, -1.2091198, -4.961588), (2.8979392, -1.1724137, -4.810965), (3.1550314, -1.1345999, -4.655798), (3.3875072, -1.0963818, -4.4989705), (3.5969248, -1.0583279, -4.342818), (3.7850752, -1.0208803, -4.1891527), (-3.818809, -0.68665254, -4.2264876), (-3.6314113, -0.71231663, -4.3844557), (-3.4224, -0.73845005, -4.545312), (-3.1898732, -0.7647531, -4.707213), (-2.9321492, -0.790836, -4.8677583), (-2.6479561, -0.81621224, -5.0239544), (-2.3366609, -0.84030074, -5.172224), (-1.9985197, -0.8624397, -5.308494), (-1.6349213, -0.881916, -5.4283743), (-1.2485695, -0.89801127, -5.5274444), (-0.8435505, -0.9100629, -5.601625), (-0.4252364, -0.9175311, -5.6475925), (0, -0.9200616, -5.663169), (0.4252364, -0.9175311, -5.6475925), (0.8435505, -0.9100629, -5.601625), (1.2485695, -0.89801127, -5.5274444), (1.6349213, -0.881916, -5.4283743), (1.9985197, -0.8624397, -5.308494), (2.3366609, -0.84030074, -5.172224), (2.6479561, -0.81621224, -5.0239544), (2.9321492, -0.790836, -4.8677583), (3.1898732, -0.7647531, -4.707213), (3.4224, -0.73845005, -4.545312), (3.6314113, -0.71231663, -4.3844557), (3.818809, -0.68665254, -4.2264876), (-3.8394873, -0.34518534, -4.249374), (-3.6525853, -0.358235, -4.4100204), (-3.4438608, -0.37154028, -4.573814), (-3.2113407, -0.3849499, -4.738892), (-2.9532661, -0.39826572, -4.9028153), (-2.6682842, -0.4112391, -5.0625224), (-2.3556867, -0.42357135, -5.214338), (-2.0156722, -0.43492085, -5.354055), (-1.6496028, -0.44491774, -5.477121), (-1.2602003, -0.45318827, -5.578934), (-0.85162383, -0.4593864, -5.655236), (-0.42937425, -0.46322963, -5.7025476), (0, -0.4645323, -5.718584), (0.42937425, -0.46322963, -5.7025476), (0.85162383, -0.4593864, -5.655236), (1.2602003, -0.45318827, -5.578934), (1.6496028, -0.44491774, -5.477121), (2.0156722, -0.43492085, -5.354055), (2.3556867, -0.42357135, -5.214338), (2.6682842, -0.4112391, -5.0625224), (2.9532661, -0.39826572, -4.9028153), (3.2113407, -0.3849499, -4.738892), (3.4438608, -0.37154028, -4.573814), (3.6525853, -0.358235, -4.4100204), (3.8394873, -0.34518534, -4.249374), (-3.846455, 0, -4.2570853), (-3.6597261, 0, -4.418642), (-3.4511044, 0, -4.5834346), (-3.2185934, 0, -4.7495947), (-2.960407, 0, -4.91467), (-2.675165, 0, -5.0755773), (-2.3621325, 0, -5.228606), (-2.0214884, 0, -5.3695045), (-1.6545852, 0, -5.493664), (-1.26415, 0, -5.5964203), (-0.8543669, 0, -5.6734514), (-0.4307806, 0, -5.7212253), (0, 0, -5.7374206), (0.4307806, 0, -5.7212253), (0.8543669, 0, -5.6734514), (1.26415, 0, -5.5964203), (1.6545852, 0, -5.493664), (2.0214884, 0, -5.3695045), (2.3621325, 0, -5.228606), (2.675165, 0, -5.0755773), (2.960407, 0, -4.91467), (3.2185934, 0, -4.7495947), (3.4511044, 0, -4.5834346), (3.6597261, 0, -4.418642), (3.846455, 0, -4.2570853), (-3.8394873, 0.34518534, -4.249374), (-3.6525853, 0.358235, -4.4100204), (-3.4438608, 0.37154028, -4.573814), (-3.2113407, 0.3849499, -4.738892), (-2.9532661, 0.39826572, -4.9028153), (-2.6682842, 0.4112391, -5.0625224), (-2.3556867, 0.42357135, -5.214338), (-2.0156722, 0.43492085, -5.354055), (-1.6496028, 0.44491774, -5.477121), (-1.2602003, 0.45318827, -5.578934), (-0.85162383, 0.4593864, -5.655236), (-0.42937425, 0.46322963, -5.7025476), (0, 0.4645323, -5.718584), (0.42937425, 0.46322963, -5.7025476), (0.85162383, 0.4593864, -5.655236), (1.2602003, 0.45318827, -5.578934), (1.6496028, 0.44491774, -5.477121), (2.0156722, 0.43492085, -5.354055), (2.3556867, 0.42357135, -5.214338), (2.6682842, 0.4112391, -5.0625224), (2.9532661, 0.39826572, -4.9028153), (3.2113407, 0.3849499, -4.738892), (3.4438608, 0.37154028, -4.573814), (3.6525853, 0.358235, -4.4100204), (3.8394873, 0.34518534, -4.249374), (-3.818809, 0.68665254, -4.2264876), (-3.6314113, 0.71231663, -4.3844557), (-3.4224, 0.73845005, -4.545312), (-3.1898732, 0.7647531, -4.707213), (-2.9321492, 0.790836, -4.8677583), (-2.6479561, 0.81621224, -5.0239544), (-2.3366609, 0.84030074, -5.172224), (-1.9985197, 0.8624397, -5.308494), (-1.6349213, 0.881916, -5.4283743), (-1.2485695, 0.89801127, -5.5274444), (-0.8435505, 0.9100629, -5.601625), (-0.4252364, 0.9175311, -5.6475925), (0, 0.9200616, -5.663169), (0.4252364, 0.9175311, -5.6475925), (0.8435505, 0.9100629, -5.601625), (1.2485695, 0.89801127, -5.5274444), (1.6349213, 0.881916, -5.4283743), (1.9985197, 0.8624397, -5.308494), (2.3366609, 0.84030074, -5.172224), (2.6479561, 0.81621224, -5.0239544), (2.9321492, 0.790836, -4.8677583), (3.1898732, 0.7647531, -4.707213), (3.4224, 0.73845005, -4.545312), (3.6314113, 0.71231663, -4.3844557), (3.818809, 0.68665254, -4.2264876), (-3.7850752, 1.0208803, -4.1891527), (-3.5969248, 1.0583279, -4.342818), (-3.3875072, 1.0963818, -4.4989705), (-3.1550314, 1.1345999, -4.655798), (-2.8979392, 1.1724137, -4.810965), (-2.615085, 1.2091198, -4.961588), (-2.3059504, 1.2438853, -5.1042466), (-1.9708802, 1.2757683, -5.235078), (-1.6113, 1.303761, -5.349945), (-1.2298805, 1.3268543, -5.444708), (-0.8305906, 1.3441218, -5.5155644), (-0.41859815, 1.3548115, -5.559429), (0, 1.3584318, -5.574285), (0.41859815, 1.3548115, -5.559429), (0.8305906, 1.3441218, -5.5155644), (1.2298805, 1.3268543, -5.444708), (1.6113, 1.303761, -5.349945), (1.9708802, 1.2757683, -5.235078), (2.3059504, 1.2438853, -5.1042466), (2.615085, 1.2091198, -4.961588), (2.8979392, 1.1724137, -4.810965), (3.1550314, 1.1345999, -4.655798), (3.3875072, 1.0963818, -4.4989705), (3.5969248, 1.0583279, -4.342818), (3.7850752, 1.0208803, -4.1891527), (-3.7393155, 1.3447179, -4.138508), (-3.5502539, 1.3927945, -4.2864685), (-3.3404026, 1.4415148, -4.4364104), (-3.1081166, 1.490305, -4.586567), (-2.8519964, 1.5384356, -4.734694), (-2.571056, 1.5850165, -4.8780518), (-2.2649217, 1.6290044, -5.0134287), (-1.934043, 1.669231, -5.1372304), (-1.5798863, 1.7044575, -5.2456436), (-1.2050718, 1.7334527, -5.3348794), (-0.8134108, 1.7550936, -5.4014816), (-0.40980598, 1.7684739, -5.4426603), (0, 1.7730024, -5.4565973), (0.40980598, 1.7684739, -5.4426603), (0.8134108, 1.7550936, -5.4014816), (1.2050718, 1.7334527, -5.3348794), (1.5798863, 1.7044575, -5.2456436), (1.934043, 1.669231, -5.1372304), (2.2649217, 1.6290044, -5.0134287), (2.571056, 1.5850165, -4.8780518), (2.8519964, 1.5384356, -4.734694), (3.1081166, 1.490305, -4.586567), (3.3404026, 1.4415148, -4.4364104), (3.5502539, 1.3927945, -4.2864685), (3.7393155, 1.3447179, -4.138508), (-3.6828492, 1.6555146, -4.0760136), (-3.4928348, 1.7128357, -4.2171426), (-3.282631, 1.7707303, -4.3596835), (-3.0507638, 1.8285061, -4.5019326), (-2.7960165, 1.8852984, -4.64176), (-2.5175843, 1.9400651, -4.7766004), (-2.2152526, 1.991601, -4.903486), (-1.8895822, 2.0385723, -5.019133), (-1.5420731, 2.0795784, -5.1200933), (-1.1752762, 2.113241, -5.2029734), (-0.7928128, 2.1383119, -5.2647), (-0.39927572, 2.1537895, -5.302807), (0, 2.1590238, -5.315695), (0.39927572, 2.1537895, -5.302807), (0.7928128, 2.1383119, -5.2647), (1.1752762, 2.113241, -5.2029734), (1.5420731, 2.0795784, -5.1200933), (1.8895822, 2.0385723, -5.019133), (2.2152526, 1.991601, -4.903486), (2.5175843, 1.9400651, -4.7766004), (2.7960165, 1.8852984, -4.64176), (3.0507638, 1.8285061, -4.5019326), (3.282631, 1.7707303, -4.3596835), (3.4928348, 1.7128357, -4.2171426), (3.6828492, 1.6555146, -4.0760136), (-3.617189, 1.9511988, -4.0033436), (-3.4262998, 2.0162494, -4.1368103), (-3.2159317, 2.0817013, -4.2711), (-2.9847972, 2.1467621, -4.4045877), (-2.7318747, 2.2104585, -4.535276), (-2.4565485, 2.2716367, -4.660797), (-2.1587648, 2.3289795, -4.7784495), (-1.8391905, 2.3810487, -4.885282), (-1.4993465, 2.4263508, -4.97823), (-1.1416949, 2.463431, -5.0543084), (-0.76964253, 2.4909823, -5.1108365), (-0.38744462, 2.5079637, -5.1456776), (0, 2.5137017, -5.1574507), (0.38744462, 2.5079637, -5.1456776), (0.76964253, 2.4909823, -5.1108365), (1.1416949, 2.463431, -5.0543084), (1.4993465, 2.4263508, -4.97823), (1.8391905, 2.3810487, -4.885282), (2.1587648, 2.3289795, -4.7784495), (2.4565485, 2.2716367, -4.660797), (2.7318747, 2.2104585, -4.535276), (2.9847972, 2.1467621, -4.4045877), (3.2159317, 2.0817013, -4.2711), (3.4262998, 2.0162494, -4.1368103), (3.617189, 1.9511988, -4.0033436), (-3.5439398, 2.230301, -3.9222748), (-3.352364, 2.3015313, -4.0475426), (-3.1421134, 2.3729043, -4.1730614), (-2.9120924, 2.443549, -4.297299), (-2.6614769, 2.5124133, -4.418406), (-2.3898363, 2.5782707, -4.534225), (-2.0972695, 2.6397414, -4.642329), (-1.7845343, 2.6953382, -4.7401037), (-1.4531565, 2.7435365, -4.8248663), (-1.1054907, 2.7828653, -4.8940315), (-0.74471384, 2.812016, -4.945297), (-0.374732, 2.8299525, -4.97684), (0, 2.836008, -4.9874897), (0.374732, 2.8299525, -4.97684), (0.74471384, 2.812016, -4.945297), (1.1054907, 2.7828653, -4.8940315), (1.4531565, 2.7435365, -4.8248663), (1.7845343, 2.6953382, -4.7401037), (2.0972695, 2.6397414, -4.642329), (2.3898363, 2.5782707, -4.534225), (2.6614769, 2.5124133, -4.418406), (2.9120924, 2.443549, -4.297299), (3.1421134, 2.3729043, -4.1730614), (3.352364, 2.3015313, -4.0475426), (3.5439398, 2.230301, -3.9222748)]
                                color3f[] primvars:displayColor = [(0, 0.5, 0.45)] (
                                    interpolation = "constant"
                                )
                                float[] primvars:displayOpacity = [0.3] (
                                    interpolation = "constant"
                                )
                                uniform token purpose = "guide"
                                uniform token subdivisionScheme = "none"
                            }

                            def Mesh "Shell_recognise" (
                                prepend apiSchemas = ["AecoDerivedGeometryAPI", "MaterialBindingAPI"]
                            )
                            {
                                uniform token aeco:derived:approx = "tessellated"
                                uniform token aeco:derived:role = "coverage"
                                string aeco:derived:source = "c7644a8f-7903-56f3-9251-401b0e9231d8"
                                string aeco:derived:stamp = "usdAecoCctv derive 0.5.3"
                                uniform bool doubleSided = 1
                                float3[] extent = [(-7.69291, -5.672016, -11.474841), (7.69291, 5.672016, 0)]
                                int[] faceVertexCounts = [4, 4, 4, 4, 4, 4, 4, 4, 4, 4, 4, 4, 4, 4, 4, 4, 4, 4, 4, 4, 4, 4, 4, 4, 4, 4, 4, 4, 4, 4, 4, 4, 4, 4, 4, 4, 4, 4, 4, 4, 4, 4, 4, 4, 4, 4, 4, 4, 4, 4, 4, 4, 4, 4, 4, 4, 4, 4, 4, 4, 4, 4, 4, 4, 4, 4, 4, 4, 4, 4, 4, 4, 4, 4, 4, 4, 4, 4, 4, 4, 4, 4, 4, 4, 4, 4, 4, 4, 4, 4, 4, 4, 4, 4, 4, 4, 4, 4, 4, 4, 4, 4, 4, 4, 4, 4, 4, 4, 4, 4, 4, 4, 4, 4, 4, 4, 4, 4, 4, 4, 4, 4, 4, 4, 4, 4, 4, 4, 4, 4, 4, 4, 4, 4, 4, 4, 4, 4, 4, 4, 4, 4, 4, 4, 4, 4, 4, 4, 4, 4, 4, 4, 4, 4, 4, 4, 4, 4, 4, 4, 4, 4, 4, 4, 4, 4, 4, 4, 4, 4, 4, 4, 4, 4, 4, 4, 4, 4, 4, 4, 4, 4, 4, 4, 4, 4, 4, 4, 4, 4, 4, 4, 4, 4, 4, 4, 4, 4, 4, 4, 4, 4, 4, 4, 4, 4, 4, 4, 4, 4, 4, 4, 4, 4, 4, 4, 4, 4, 4, 4, 4, 4, 4, 4, 4, 4, 4, 4, 4, 4, 4, 4, 4, 4, 4, 4, 4, 4, 4, 4, 4, 4, 4, 4, 4, 4, 4, 4, 4, 4, 4, 4, 4, 4, 4, 4, 4, 4, 4, 4, 4, 4, 4, 4, 4, 4, 4, 4, 4, 4, 4, 4, 4, 4, 4, 4, 4, 4, 4, 4, 4, 4, 4, 4, 4, 4, 4, 4, 4, 4, 4, 4, 4, 4, 4, 4, 4, 4, 4, 4, 4, 4, 4, 4, 4, 4, 4, 4, 4, 4, 4, 4, 4, 4, 4, 4, 4, 4, 4, 4, 4, 4, 4, 4, 4, 4, 4, 4, 4, 4, 4, 4, 4, 4, 4, 4, 3, 3, 3, 3, 3, 3, 3, 3, 3, 3, 3, 3, 3, 3, 3, 3, 3, 3, 3, 3, 3, 3, 3, 3, 3, 3, 3, 3, 3, 3, 3, 3, 3, 3, 3, 3, 3, 3, 3, 3, 3, 3, 3, 3, 3, 3, 3, 3, 3, 3, 3, 3, 3, 3, 3, 3, 3, 3, 3, 3, 3, 3, 3, 3, 3, 3, 3, 3, 3, 3, 3, 3, 3, 3, 3, 3]
                                int[] faceVertexIndices = [1, 26, 27, 2, 2, 27, 28, 3, 3, 28, 29, 4, 4, 29, 30, 5, 5, 30, 31, 6, 6, 31, 32, 7, 7, 32, 33, 8, 8, 33, 34, 9, 9, 34, 35, 10, 10, 35, 36, 11, 11, 36, 37, 12, 12, 37, 38, 13, 13, 38, 39, 14, 14, 39, 40, 15, 15, 40, 41, 16, 16, 41, 42, 17, 17, 42, 43, 18, 18, 43, 44, 19, 19, 44, 45, 20, 20, 45, 46, 21, 21, 46, 47, 22, 22, 47, 48, 23, 23, 48, 49, 24, 24, 49, 50, 25, 26, 51, 52, 27, 27, 52, 53, 28, 28, 53, 54, 29, 29, 54, 55, 30, 30, 55, 56, 31, 31, 56, 57, 32, 32, 57, 58, 33, 33, 58, 59, 34, 34, 59, 60, 35, 35, 60, 61, 36, 36, 61, 62, 37, 37, 62, 63, 38, 38, 63, 64, 39, 39, 64, 65, 40, 40, 65, 66, 41, 41, 66, 67, 42, 42, 67, 68, 43, 43, 68, 69, 44, 44, 69, 70, 45, 45, 70, 71, 46, 46, 71, 72, 47, 47, 72, 73, 48, 48, 73, 74, 49, 49, 74, 75, 50, 51, 76, 77, 52, 52, 77, 78, 53, 53, 78, 79, 54, 54, 79, 80, 55, 55, 80, 81, 56, 56, 81, 82, 57, 57, 82, 83, 58, 58, 83, 84, 59, 59, 84, 85, 60, 60, 85, 86, 61, 61, 86, 87, 62, 62, 87, 88, 63, 63, 88, 89, 64, 64, 89, 90, 65, 65, 90, 91, 66, 66, 91, 92, 67, 67, 92, 93, 68, 68, 93, 94, 69, 69, 94, 95, 70, 70, 95, 96, 71, 71, 96, 97, 72, 72, 97, 98, 73, 73, 98, 99, 74, 74, 99, 100, 75, 76, 101, 102, 77, 77, 102, 103, 78, 78, 103, 104, 79, 79, 104, 105, 80, 80, 105, 106, 81, 81, 106, 107, 82, 82, 107, 108, 83, 83, 108, 109, 84, 84, 109, 110, 85, 85, 110, 111, 86, 86, 111, 112, 87, 87, 112, 113, 88, 88, 113, 114, 89, 89, 114, 115, 90, 90, 115, 116, 91, 91, 116, 117, 92, 92, 117, 118, 93, 93, 118, 119, 94, 94, 119, 120, 95, 95, 120, 121, 96, 96, 121, 122, 97, 97, 122, 123, 98, 98, 123, 124, 99, 99, 124, 125, 100, 101, 126, 127, 102, 102, 127, 128, 103, 103, 128, 129, 104, 104, 129, 130, 105, 105, 130, 131, 106, 106, 131, 132, 107, 107, 132, 133, 108, 108, 133, 134, 109, 109, 134, 135, 110, 110, 135, 136, 111, 111, 136, 137, 112, 112, 137, 138, 113, 113, 138, 139, 114, 114, 139, 140, 115, 115, 140, 141, 116, 116, 141, 142, 117, 117, 142, 143, 118, 118, 143, 144, 119, 119, 144, 145, 120, 120, 145, 146, 121, 121, 146, 147, 122, 122, 147, 148, 123, 123, 148, 149, 124, 124, 149, 150, 125, 126, 151, 152, 127, 127, 152, 153, 128, 128, 153, 154, 129, 129, 154, 155, 130, 130, 155, 156, 131, 131, 156, 157, 132, 132, 157, 158, 133, 133, 158, 159, 134, 134, 159, 160, 135, 135, 160, 161, 136, 136, 161, 162, 137, 137, 162, 163, 138, 138, 163, 164, 139, 139, 164, 165, 140, 140, 165, 166, 141, 141, 166, 167, 142, 142, 167, 168, 143, 143, 168, 169, 144, 144, 169, 170, 145, 145, 170, 171, 146, 146, 171, 172, 147, 147, 172, 173, 148, 148, 173, 174, 149, 149, 174, 175, 150, 151, 176, 177, 152, 152, 177, 178, 153, 153, 178, 179, 154, 154, 179, 180, 155, 155, 180, 181, 156, 156, 181, 182, 157, 157, 182, 183, 158, 158, 183, 184, 159, 159, 184, 185, 160, 160, 185, 186, 161, 161, 186, 187, 162, 162, 187, 188, 163, 163, 188, 189, 164, 164, 189, 190, 165, 165, 190, 191, 166, 166, 191, 192, 167, 167, 192, 193, 168, 168, 193, 194, 169, 169, 194, 195, 170, 170, 195, 196, 171, 171, 196, 197, 172, 172, 197, 198, 173, 173, 198, 199, 174, 174, 199, 200, 175, 176, 201, 202, 177, 177, 202, 203, 178, 178, 203, 204, 179, 179, 204, 205, 180, 180, 205, 206, 181, 181, 206, 207, 182, 182, 207, 208, 183, 183, 208, 209, 184, 184, 209, 210, 185, 185, 210, 211, 186, 186, 211, 212, 187, 187, 212, 213, 188, 188, 213, 214, 189, 189, 214, 215, 190, 190, 215, 216, 191, 191, 216, 217, 192, 192, 217, 218, 193, 193, 218, 219, 194, 194, 219, 220, 195, 195, 220, 221, 196, 196, 221, 222, 197, 197, 222, 223, 198, 198, 223, 224, 199, 199, 224, 225, 200, 201, 226, 227, 202, 202, 227, 228, 203, 203, 228, 229, 204, 204, 229, 230, 205, 205, 230, 231, 206, 206, 231, 232, 207, 207, 232, 233, 208, 208, 233, 234, 209, 209, 234, 235, 210, 210, 235, 236, 211, 211, 236, 237, 212, 212, 237, 238, 213, 213, 238, 239, 214, 214, 239, 240, 215, 215, 240, 241, 216, 216, 241, 242, 217, 217, 242, 243, 218, 218, 243, 244, 219, 219, 244, 245, 220, 220, 245, 246, 221, 221, 246, 247, 222, 222, 247, 248, 223, 223, 248, 249, 224, 224, 249, 250, 225, 226, 251, 252, 227, 227, 252, 253, 228, 228, 253, 254, 229, 229, 254, 255, 230, 230, 255, 256, 231, 231, 256, 257, 232, 232, 257, 258, 233, 233, 258, 259, 234, 234, 259, 260, 235, 235, 260, 261, 236, 236, 261, 262, 237, 237, 262, 263, 238, 238, 263, 264, 239, 239, 264, 265, 240, 240, 265, 266, 241, 241, 266, 267, 242, 242, 267, 268, 243, 243, 268, 269, 244, 244, 269, 270, 245, 245, 270, 271, 246, 246, 271, 272, 247, 247, 272, 273, 248, 248, 273, 274, 249, 249, 274, 275, 250, 251, 276, 277, 252, 252, 277, 278, 253, 253, 278, 279, 254, 254, 279, 280, 255, 255, 280, 281, 256, 256, 281, 282, 257, 257, 282, 283, 258, 258, 283, 284, 259, 259, 284, 285, 260, 260, 285, 286, 261, 261, 286, 287, 262, 262, 287, 288, 263, 263, 288, 289, 264, 264, 289, 290, 265, 265, 290, 291, 266, 266, 291, 292, 267, 267, 292, 293, 268, 268, 293, 294, 269, 269, 294, 295, 270, 270, 295, 296, 271, 271, 296, 297, 272, 272, 297, 298, 273, 273, 298, 299, 274, 274, 299, 300, 275, 276, 301, 302, 277, 277, 302, 303, 278, 278, 303, 304, 279, 279, 304, 305, 280, 280, 305, 306, 281, 281, 306, 307, 282, 282, 307, 308, 283, 283, 308, 309, 284, 284, 309, 310, 285, 285, 310, 311, 286, 286, 311, 312, 287, 287, 312, 313, 288, 288, 313, 314, 289, 289, 314, 315, 290, 290, 315, 316, 291, 291, 316, 317, 292, 292, 317, 318, 293, 293, 318, 319, 294, 294, 319, 320, 295, 295, 320, 321, 296, 296, 321, 322, 297, 297, 322, 323, 298, 298, 323, 324, 299, 299, 324, 325, 300, 301, 326, 327, 302, 302, 327, 328, 303, 303, 328, 329, 304, 304, 329, 330, 305, 305, 330, 331, 306, 306, 331, 332, 307, 307, 332, 333, 308, 308, 333, 334, 309, 309, 334, 335, 310, 310, 335, 336, 311, 311, 336, 337, 312, 312, 337, 338, 313, 313, 338, 339, 314, 314, 339, 340, 315, 315, 340, 341, 316, 316, 341, 342, 317, 317, 342, 343, 318, 318, 343, 344, 319, 319, 344, 345, 320, 320, 345, 346, 321, 321, 346, 347, 322, 322, 347, 348, 323, 323, 348, 349, 324, 324, 349, 350, 325, 326, 351, 352, 327, 327, 352, 353, 328, 328, 353, 354, 329, 329, 354, 355, 330, 330, 355, 356, 331, 331, 356, 357, 332, 332, 357, 358, 333, 333, 358, 359, 334, 334, 359, 360, 335, 335, 360, 361, 336, 336, 361, 362, 337, 337, 362, 363, 338, 338, 363, 364, 339, 339, 364, 365, 340, 340, 365, 366, 341, 341, 366, 367, 342, 342, 367, 368, 343, 343, 368, 369, 344, 344, 369, 370, 345, 345, 370, 371, 346, 346, 371, 372, 347, 347, 372, 373, 348, 348, 373, 374, 349, 349, 374, 375, 350, 0, 1, 2, 0, 2, 3, 0, 3, 4, 0, 4, 5, 0, 5, 6, 0, 6, 7, 0, 7, 8, 0, 8, 9, 0, 9, 10, 0, 10, 11, 0, 11, 12, 0, 12, 13, 0, 13, 14, 0, 14, 15, 0, 15, 16, 0, 16, 17, 0, 17, 18, 0, 18, 19, 0, 19, 20, 0, 20, 21, 0, 21, 22, 0, 22, 23, 0, 23, 24, 0, 24, 25, 0, 352, 351, 0, 353, 352, 0, 354, 353, 0, 355, 354, 0, 356, 355, 0, 357, 356, 0, 358, 357, 0, 359, 358, 0, 360, 359, 0, 361, 360, 0, 362, 361, 0, 363, 362, 0, 364, 363, 0, 365, 364, 0, 366, 365, 0, 367, 366, 0, 368, 367, 0, 369, 368, 0, 370, 369, 0, 371, 370, 0, 372, 371, 0, 373, 372, 0, 374, 373, 0, 375, 374, 0, 26, 1, 0, 51, 26, 0, 76, 51, 0, 101, 76, 0, 126, 101, 0, 151, 126, 0, 176, 151, 0, 201, 176, 0, 226, 201, 0, 251, 226, 0, 276, 251, 0, 301, 276, 0, 326, 301, 0, 351, 326, 0, 25, 50, 0, 50, 75, 0, 75, 100, 0, 100, 125, 0, 125, 150, 0, 150, 175, 0, 175, 200, 0, 200, 225, 0, 225, 250, 0, 250, 275, 0, 275, 300, 0, 300, 325, 0, 325, 350, 0, 350, 375]
                                rel material:binding = </AecoCctvLooks/Shell_recognise>
                                point3f[] points = [(0, 0, 0), (-7.0878797, -4.460602, -7.8445497), (-6.704728, -4.6030626, -8.095085), (-6.284227, -4.7458086, -8.346123), (-5.824185, -4.887098, -8.594598), (-5.3229537, -5.0248265, -8.836812), (-4.7796726, -5.1565413, -9.06845), (-4.194539, -5.279483, -9.284658), (-3.5690687, -5.3906765, -9.480207), (-2.906313, -5.487073, -9.649733), (-2.2109814, -5.5657306, -9.788063), (-1.4894277, -5.624032, -9.890594), (-0.749464, -5.659905, -9.95368), (0, -5.672016, -9.974979), (0.749464, -5.659905, -9.95368), (1.4894277, -5.624032, -9.890594), (2.2109814, -5.5657306, -9.788063), (2.906313, -5.487073, -9.649733), (3.5690687, -5.3906765, -9.480207), (4.194539, -5.279483, -9.284658), (4.7796726, -5.1565413, -9.06845), (5.3229537, -5.0248265, -8.836812), (5.824185, -4.887098, -8.594598), (6.284227, -4.7458086, -8.346123), (6.704728, -4.6030626, -8.095085), (7.0878797, -4.460602, -7.8445497), (-7.234378, -3.9023976, -8.006687), (-6.8525996, -4.032499, -8.273621), (-6.4318633, -4.1634026, -8.5422), (-5.9695945, -4.2935243, -8.8091755), (-5.4637494, -4.420917, -9.070552), (-4.913097, -4.5432734, -9.321594), (-4.3175297, -4.657959, -9.556899), (-3.678381, -4.7620974, -9.770564), (-2.998693, -4.8527017, -9.95646), (-2.2833898, -4.926862, -10.108617), (-1.5392851, -4.9819646, -10.221673), (-0.77488923, -5.0159273, -10.291355), (0, -5.0274034, -10.314901), (0.77488923, -5.0159273, -10.291355), (1.5392851, -4.9819646, -10.221673), (2.2833898, -4.926862, -10.108617), (2.998693, -4.8527017, -9.95646), (3.678381, -4.7620974, -9.770564), (4.3175297, -4.657959, -9.556899), (4.913097, -4.5432734, -9.321594), (5.4637494, -4.420917, -9.070552), (5.9695945, -4.2935243, -8.8091755), (6.4318633, -4.1634026, -8.5422), (6.8525996, -4.032499, -8.273621), (7.234378, -3.9023976, -8.006687), (-7.3656983, -3.3110292, -8.152027), (-6.9856696, -3.4256713, -8.434285), (-6.565262, -3.5414605, -8.719367), (-6.1015277, -3.6570122, -9.003865), (-5.592033, -3.7705967, -9.28352), (-5.0351686, -3.8801303, -9.553201), (-4.4305053, -3.983202, -9.806972), (-3.7791643, -4.0771446, -10.038266), (-3.0841463, -4.159157, -10.240187), (-2.3505523, -4.226482, -10.405947), (-1.5856256, -4.2766237, -10.5294), (-0.79855144, -4.307579, -10.605614), (0, -4.3180475, -10.63139), (0.79855144, -4.307579, -10.605614), (1.5856256, -4.2766237, -10.5294), (2.3505523, -4.226482, -10.405947), (3.0841463, -4.159157, -10.240187), (3.7791643, -4.0771446, -10.038266), (4.4305053, -3.983202, -9.806972), (5.0351686, -3.8801303, -9.553201), (5.592033, -3.7705967, -9.28352), (6.1015277, -3.6570122, -9.003865), (6.565262, -3.5414605, -8.719367), (6.9856696, -3.4256713, -8.434285), (7.3656983, -3.3110292, -8.152027), (-7.478631, -2.6894357, -8.277016), (-7.1005077, -2.785589, -8.572937), (-6.680805, -2.8830297, -8.872821), (-6.2162333, -2.98061, -9.173134), (-5.703993, -3.0768712, -9.469388), (-5.142112, -3.170033, -9.7561035), (-4.5298433, -3.2580087, -10.026857), (-3.868086, -3.338462, -10.274461), (-3.1597726, -3.408915, -10.491287), (-2.4101436, -3.4669054, -10.669759), (-1.6268216, -3.5101871, -10.802963), (-0.81961197, -3.5369477, -10.885321), (0, -3.5460048, -10.913195), (0.81961197, -3.5369477, -10.885321), (1.6268216, -3.5101871, -10.802963), (2.4101436, -3.4669054, -10.669759), (3.1597726, -3.408915, -10.491287), (3.868086, -3.338462, -10.274461), (4.5298433, -3.2580087, -10.026857), (5.142112, -3.170033, -9.7561035), (5.703993, -3.0768712, -9.469388), (6.2162333, -2.98061, -9.173134), (6.680805, -2.8830297, -8.872821), (7.1005077, -2.785589, -8.572937), (7.478631, -2.6894357, -8.277016), (-7.5701504, -2.0417607, -8.378305), (-7.1938496, -2.1166558, -8.685636), (-6.7750144, -2.1927636, -8.997941), (-6.310063, -2.2691998, -9.311596), (-5.7958784, -2.3448274, -9.62193), (-5.23017, -2.4182396, -9.923176), (-4.611901, -2.4877706, -10.208493), (-3.9417603, -2.5515366, -10.470156), (-3.2226, -2.607522, -10.69989), (-2.459761, -2.6537087, -10.889416), (-1.6611812, -2.6882436, -11.031129), (-0.8371963, -2.709623, -11.118858), (0, -2.7168636, -11.14857), (0.8371963, -2.709623, -11.118858), (1.6611812, -2.6882436, -11.031129), (2.459761, -2.6537087, -10.889416), (3.2226, -2.607522, -10.69989), (3.9417603, -2.5515366, -10.470156), (4.611901, -2.4877706, -10.208493), (5.23017, -2.4182396, -9.923176), (5.7958784, -2.3448274, -9.62193), (6.310063, -2.2691998, -9.311596), (6.7750144, -2.1927636, -8.997941), (7.1938496, -2.1166558, -8.685636), (7.5701504, -2.0417607, -8.378305), (-7.637618, -1.3733051, -8.452975), (-7.2628226, -1.4246333, -8.768911), (-6.8448, -1.4769001, -9.090624), (-6.3797464, -1.5295062, -9.414426), (-5.8642983, -1.581672, -9.735517), (-5.2959123, -1.6324245, -10.047909), (-4.6733217, -1.6806015, -10.344448), (-3.9970393, -1.7248794, -10.616988), (-3.2698426, -1.763832, -10.856749), (-2.497139, -1.7960225, -11.054889), (-1.687101, -1.8201258, -11.20325), (-0.8504728, -1.8350621, -11.295185), (0, -1.8401232, -11.326338), (0.8504728, -1.8350621, -11.295185), (1.687101, -1.8201258, -11.20325), (2.497139, -1.7960225, -11.054889), (3.2698426, -1.763832, -10.856749), (3.9970393, -1.7248794, -10.616988), (4.6733217, -1.6806015, -10.344448), (5.2959123, -1.6324245, -10.047909), (5.8642983, -1.581672, -9.735517), (6.3797464, -1.5295062, -9.414426), (6.8448, -1.4769001, -9.090624), (7.2628226, -1.4246333, -8.768911), (7.637618, -1.3733051, -8.452975), (-7.6789746, -0.6903707, -8.498748), (-7.3051705, -0.71647, -8.820041), (-6.8877215, -0.74308056, -9.147628), (-6.4226813, -0.7698998, -9.477784), (-5.9065323, -0.79653144, -9.805631), (-5.3365684, -0.8224782, -10.125045), (-4.7113733, -0.8471427, -10.428676), (-4.0313444, -0.8698417, -10.70811), (-3.2992055, -0.8898355, -10.954242), (-2.5204005, -0.90637654, -11.157868), (-1.7032477, -0.9187728, -11.310472), (-0.8587485, -0.92645925, -11.405095), (0, -0.9290646, -11.437168), (0.8587485, -0.92645925, -11.405095), (1.7032477, -0.9187728, -11.310472), (2.5204005, -0.90637654, -11.157868), (3.2992055, -0.8898355, -10.954242), (4.0313444, -0.8698417, -10.70811), (4.7113733, -0.8471427, -10.428676), (5.3365684, -0.8224782, -10.125045), (5.9065323, -0.79653144, -9.805631), (6.4226813, -0.7698998, -9.477784), (6.8877215, -0.74308056, -9.147628), (7.3051705, -0.71647, -8.820041), (7.6789746, -0.6903707, -8.498748), (-7.69291, 0, -8.514171), (-7.3194523, 0, -8.837284), (-6.902209, 0, -9.166869), (-6.4371867, 0, -9.499189), (-5.920814, 0, -9.82934), (-5.35033, 0, -10.1511545), (-4.724265, 0, -10.457212), (-4.042977, 0, -10.739009), (-3.3091705, 0, -10.987328), (-2.5283, 0, -11.192841), (-1.7087338, 0, -11.346903), (-0.8615612, 0, -11.442451), (0, 0, -11.474841), (0.8615612, 0, -11.442451), (1.7087338, 0, -11.346903), (2.5283, 0, -11.192841), (3.3091705, 0, -10.987328), (4.042977, 0, -10.739009), (4.724265, 0, -10.457212), (5.35033, 0, -10.1511545), (5.920814, 0, -9.82934), (6.4371867, 0, -9.499189), (6.902209, 0, -9.166869), (7.3194523, 0, -8.837284), (7.69291, 0, -8.514171), (-7.6789746, 0.6903707, -8.498748), (-7.3051705, 0.71647, -8.820041), (-6.8877215, 0.74308056, -9.147628), (-6.4226813, 0.7698998, -9.477784), (-5.9065323, 0.79653144, -9.805631), (-5.3365684, 0.8224782, -10.125045), (-4.7113733, 0.8471427, -10.428676), (-4.0313444, 0.8698417, -10.70811), (-3.2992055, 0.8898355, -10.954242), (-2.5204005, 0.90637654, -11.157868), (-1.7032477, 0.9187728, -11.310472), (-0.8587485, 0.92645925, -11.405095), (0, 0.9290646, -11.437168), (0.8587485, 0.92645925, -11.405095), (1.7032477, 0.9187728, -11.310472), (2.5204005, 0.90637654, -11.157868), (3.2992055, 0.8898355, -10.954242), (4.0313444, 0.8698417, -10.70811), (4.7113733, 0.8471427, -10.428676), (5.3365684, 0.8224782, -10.125045), (5.9065323, 0.79653144, -9.805631), (6.4226813, 0.7698998, -9.477784), (6.8877215, 0.74308056, -9.147628), (7.3051705, 0.71647, -8.820041), (7.6789746, 0.6903707, -8.498748), (-7.637618, 1.3733051, -8.452975), (-7.2628226, 1.4246333, -8.768911), (-6.8448, 1.4769001, -9.090624), (-6.3797464, 1.5295062, -9.414426), (-5.8642983, 1.581672, -9.735517), (-5.2959123, 1.6324245, -10.047909), (-4.6733217, 1.6806015, -10.344448), (-3.9970393, 1.7248794, -10.616988), (-3.2698426, 1.763832, -10.856749), (-2.497139, 1.7960225, -11.054889), (-1.687101, 1.8201258, -11.20325), (-0.8504728, 1.8350621, -11.295185), (0, 1.8401232, -11.326338), (0.8504728, 1.8350621, -11.295185), (1.687101, 1.8201258, -11.20325), (2.497139, 1.7960225, -11.054889), (3.2698426, 1.763832, -10.856749), (3.9970393, 1.7248794, -10.616988), (4.6733217, 1.6806015, -10.344448), (5.2959123, 1.6324245, -10.047909), (5.8642983, 1.581672, -9.735517), (6.3797464, 1.5295062, -9.414426), (6.8448, 1.4769001, -9.090624), (7.2628226, 1.4246333, -8.768911), (7.637618, 1.3733051, -8.452975), (-7.5701504, 2.0417607, -8.378305), (-7.1938496, 2.1166558, -8.685636), (-6.7750144, 2.1927636, -8.997941), (-6.310063, 2.2691998, -9.311596), (-5.7958784, 2.3448274, -9.62193), (-5.23017, 2.4182396, -9.923176), (-4.611901, 2.4877706, -10.208493), (-3.9417603, 2.5515366, -10.470156), (-3.2226, 2.607522, -10.69989), (-2.459761, 2.6537087, -10.889416), (-1.6611812, 2.6882436, -11.031129), (-0.8371963, 2.709623, -11.118858), (0, 2.7168636, -11.14857), (0.8371963, 2.709623, -11.118858), (1.6611812, 2.6882436, -11.031129), (2.459761, 2.6537087, -10.889416), (3.2226, 2.607522, -10.69989), (3.9417603, 2.5515366, -10.470156), (4.611901, 2.4877706, -10.208493), (5.23017, 2.4182396, -9.923176), (5.7958784, 2.3448274, -9.62193), (6.310063, 2.2691998, -9.311596), (6.7750144, 2.1927636, -8.997941), (7.1938496, 2.1166558, -8.685636), (7.5701504, 2.0417607, -8.378305), (-7.478631, 2.6894357, -8.277016), (-7.1005077, 2.785589, -8.572937), (-6.680805, 2.8830297, -8.872821), (-6.2162333, 2.98061, -9.173134), (-5.703993, 3.0768712, -9.469388), (-5.142112, 3.170033, -9.7561035), (-4.5298433, 3.2580087, -10.026857), (-3.868086, 3.338462, -10.274461), (-3.1597726, 3.408915, -10.491287), (-2.4101436, 3.4669054, -10.669759), (-1.6268216, 3.5101871, -10.802963), (-0.81961197, 3.5369477, -10.885321), (0, 3.5460048, -10.913195), (0.81961197, 3.5369477, -10.885321), (1.6268216, 3.5101871, -10.802963), (2.4101436, 3.4669054, -10.669759), (3.1597726, 3.408915, -10.491287), (3.868086, 3.338462, -10.274461), (4.5298433, 3.2580087, -10.026857), (5.142112, 3.170033, -9.7561035), (5.703993, 3.0768712, -9.469388), (6.2162333, 2.98061, -9.173134), (6.680805, 2.8830297, -8.872821), (7.1005077, 2.785589, -8.572937), (7.478631, 2.6894357, -8.277016), (-7.3656983, 3.3110292, -8.152027), (-6.9856696, 3.4256713, -8.434285), (-6.565262, 3.5414605, -8.719367), (-6.1015277, 3.6570122, -9.003865), (-5.592033, 3.7705967, -9.28352), (-5.0351686, 3.8801303, -9.553201), (-4.4305053, 3.983202, -9.806972), (-3.7791643, 4.0771446, -10.038266), (-3.0841463, 4.159157, -10.240187), (-2.3505523, 4.226482, -10.405947), (-1.5856256, 4.2766237, -10.5294), (-0.79855144, 4.307579, -10.605614), (0, 4.3180475, -10.63139), (0.79855144, 4.307579, -10.605614), (1.5856256, 4.2766237, -10.5294), (2.3505523, 4.226482, -10.405947), (3.0841463, 4.159157, -10.240187), (3.7791643, 4.0771446, -10.038266), (4.4305053, 3.983202, -9.806972), (5.0351686, 3.8801303, -9.553201), (5.592033, 3.7705967, -9.28352), (6.1015277, 3.6570122, -9.003865), (6.565262, 3.5414605, -8.719367), (6.9856696, 3.4256713, -8.434285), (7.3656983, 3.3110292, -8.152027), (-7.234378, 3.9023976, -8.006687), (-6.8525996, 4.032499, -8.273621), (-6.4318633, 4.1634026, -8.5422), (-5.9695945, 4.2935243, -8.8091755), (-5.4637494, 4.420917, -9.070552), (-4.913097, 4.5432734, -9.321594), (-4.3175297, 4.657959, -9.556899), (-3.678381, 4.7620974, -9.770564), (-2.998693, 4.8527017, -9.95646), (-2.2833898, 4.926862, -10.108617), (-1.5392851, 4.9819646, -10.221673), (-0.77488923, 5.0159273, -10.291355), (0, 5.0274034, -10.314901), (0.77488923, 5.0159273, -10.291355), (1.5392851, 4.9819646, -10.221673), (2.2833898, 4.926862, -10.108617), (2.998693, 4.8527017, -9.95646), (3.678381, 4.7620974, -9.770564), (4.3175297, 4.657959, -9.556899), (4.913097, 4.5432734, -9.321594), (5.4637494, 4.420917, -9.070552), (5.9695945, 4.2935243, -8.8091755), (6.4318633, 4.1634026, -8.5422), (6.8525996, 4.032499, -8.273621), (7.234378, 3.9023976, -8.006687), (-7.0878797, 4.460602, -7.8445497), (-6.704728, 4.6030626, -8.095085), (-6.284227, 4.7458086, -8.346123), (-5.824185, 4.887098, -8.594598), (-5.3229537, 5.0248265, -8.836812), (-4.7796726, 5.1565413, -9.06845), (-4.194539, 5.279483, -9.284658), (-3.5690687, 5.3906765, -9.480207), (-2.906313, 5.487073, -9.649733), (-2.2109814, 5.5657306, -9.788063), (-1.4894277, 5.624032, -9.890594), (-0.749464, 5.659905, -9.95368), (0, 5.672016, -9.974979), (0.749464, 5.659905, -9.95368), (1.4894277, 5.624032, -9.890594), (2.2109814, 5.5657306, -9.788063), (2.906313, 5.487073, -9.649733), (3.5690687, 5.3906765, -9.480207), (4.194539, 5.279483, -9.284658), (4.7796726, 5.1565413, -9.06845), (5.3229537, 5.0248265, -8.836812), (5.824185, 4.887098, -8.594598), (6.284227, 4.7458086, -8.346123), (6.704728, 4.6030626, -8.095085), (7.0878797, 4.460602, -7.8445497)]
                                color3f[] primvars:displayColor = [(0.18333334, 0.6166667, 0.56666666)] (
                                    interpolation = "constant"
                                )
                                float[] primvars:displayOpacity = [0.3] (
                                    interpolation = "constant"
                                )
                                uniform token purpose = "guide"
                                uniform token subdivisionScheme = "none"
                            }

                            def Mesh "Shell_observe" (
                                prepend apiSchemas = ["AecoDerivedGeometryAPI", "MaterialBindingAPI"]
                            )
                            {
                                uniform token aeco:derived:approx = "tessellated"
                                uniform token aeco:derived:role = "coverage"
                                string aeco:derived:source = "c7644a8f-7903-56f3-9251-401b0e9231d8"
                                string aeco:derived:stamp = "usdAecoCctv derive 0.5.3"
                                uniform bool doubleSided = 1
                                float3[] extent = [(-15.38582, -11.344032, -22.949682), (15.38582, 11.344032, 0)]
                                int[] faceVertexCounts = [4, 4, 4, 4, 4, 4, 4, 4, 4, 4, 4, 4, 4, 4, 4, 4, 4, 4, 4, 4, 4, 4, 4, 4, 4, 4, 4, 4, 4, 4, 4, 4, 4, 4, 4, 4, 4, 4, 4, 4, 4, 4, 4, 4, 4, 4, 4, 4, 4, 4, 4, 4, 4, 4, 4, 4, 4, 4, 4, 4, 4, 4, 4, 4, 4, 4, 4, 4, 4, 4, 4, 4, 4, 4, 4, 4, 4, 4, 4, 4, 4, 4, 4, 4, 4, 4, 4, 4, 4, 4, 4, 4, 4, 4, 4, 4, 4, 4, 4, 4, 4, 4, 4, 4, 4, 4, 4, 4, 4, 4, 4, 4, 4, 4, 4, 4, 4, 4, 4, 4, 4, 4, 4, 4, 4, 4, 4, 4, 4, 4, 4, 4, 4, 4, 4, 4, 4, 4, 4, 4, 4, 4, 4, 4, 4, 4, 4, 4, 4, 4, 4, 4, 4, 4, 4, 4, 4, 4, 4, 4, 4, 4, 4, 4, 4, 4, 4, 4, 4, 4, 4, 4, 4, 4, 4, 4, 4, 4, 4, 4, 4, 4, 4, 4, 4, 4, 4, 4, 4, 4, 4, 4, 4, 4, 4, 4, 4, 4, 4, 4, 4, 4, 4, 4, 4, 4, 4, 4, 4, 4, 4, 4, 4, 4, 4, 4, 4, 4, 4, 4, 4, 4, 4, 4, 4, 4, 4, 4, 4, 4, 4, 4, 4, 4, 4, 4, 4, 4, 4, 4, 4, 4, 4, 4, 4, 4, 4, 4, 4, 4, 4, 4, 4, 4, 4, 4, 4, 4, 4, 4, 4, 4, 4, 4, 4, 4, 4, 4, 4, 4, 4, 4, 4, 4, 4, 4, 4, 4, 4, 4, 4, 4, 4, 4, 4, 4, 4, 4, 4, 4, 4, 4, 4, 4, 4, 4, 4, 4, 4, 4, 4, 4, 4, 4, 4, 4, 4, 4, 4, 4, 4, 4, 4, 4, 4, 4, 4, 4, 4, 4, 4, 4, 4, 4, 4, 4, 4, 4, 4, 4, 4, 4, 4, 4, 4, 4, 3, 3, 3, 3, 3, 3, 3, 3, 3, 3, 3, 3, 3, 3, 3, 3, 3, 3, 3, 3, 3, 3, 3, 3, 3, 3, 3, 3, 3, 3, 3, 3, 3, 3, 3, 3, 3, 3, 3, 3, 3, 3, 3, 3, 3, 3, 3, 3, 3, 3, 3, 3, 3, 3, 3, 3, 3, 3, 3, 3, 3, 3, 3, 3, 3, 3, 3, 3, 3, 3, 3, 3, 3, 3, 3, 3]
                                int[] faceVertexIndices = [1, 26, 27, 2, 2, 27, 28, 3, 3, 28, 29, 4, 4, 29, 30, 5, 5, 30, 31, 6, 6, 31, 32, 7, 7, 32, 33, 8, 8, 33, 34, 9, 9, 34, 35, 10, 10, 35, 36, 11, 11, 36, 37, 12, 12, 37, 38, 13, 13, 38, 39, 14, 14, 39, 40, 15, 15, 40, 41, 16, 16, 41, 42, 17, 17, 42, 43, 18, 18, 43, 44, 19, 19, 44, 45, 20, 20, 45, 46, 21, 21, 46, 47, 22, 22, 47, 48, 23, 23, 48, 49, 24, 24, 49, 50, 25, 26, 51, 52, 27, 27, 52, 53, 28, 28, 53, 54, 29, 29, 54, 55, 30, 30, 55, 56, 31, 31, 56, 57, 32, 32, 57, 58, 33, 33, 58, 59, 34, 34, 59, 60, 35, 35, 60, 61, 36, 36, 61, 62, 37, 37, 62, 63, 38, 38, 63, 64, 39, 39, 64, 65, 40, 40, 65, 66, 41, 41, 66, 67, 42, 42, 67, 68, 43, 43, 68, 69, 44, 44, 69, 70, 45, 45, 70, 71, 46, 46, 71, 72, 47, 47, 72, 73, 48, 48, 73, 74, 49, 49, 74, 75, 50, 51, 76, 77, 52, 52, 77, 78, 53, 53, 78, 79, 54, 54, 79, 80, 55, 55, 80, 81, 56, 56, 81, 82, 57, 57, 82, 83, 58, 58, 83, 84, 59, 59, 84, 85, 60, 60, 85, 86, 61, 61, 86, 87, 62, 62, 87, 88, 63, 63, 88, 89, 64, 64, 89, 90, 65, 65, 90, 91, 66, 66, 91, 92, 67, 67, 92, 93, 68, 68, 93, 94, 69, 69, 94, 95, 70, 70, 95, 96, 71, 71, 96, 97, 72, 72, 97, 98, 73, 73, 98, 99, 74, 74, 99, 100, 75, 76, 101, 102, 77, 77, 102, 103, 78, 78, 103, 104, 79, 79, 104, 105, 80, 80, 105, 106, 81, 81, 106, 107, 82, 82, 107, 108, 83, 83, 108, 109, 84, 84, 109, 110, 85, 85, 110, 111, 86, 86, 111, 112, 87, 87, 112, 113, 88, 88, 113, 114, 89, 89, 114, 115, 90, 90, 115, 116, 91, 91, 116, 117, 92, 92, 117, 118, 93, 93, 118, 119, 94, 94, 119, 120, 95, 95, 120, 121, 96, 96, 121, 122, 97, 97, 122, 123, 98, 98, 123, 124, 99, 99, 124, 125, 100, 101, 126, 127, 102, 102, 127, 128, 103, 103, 128, 129, 104, 104, 129, 130, 105, 105, 130, 131, 106, 106, 131, 132, 107, 107, 132, 133, 108, 108, 133, 134, 109, 109, 134, 135, 110, 110, 135, 136, 111, 111, 136, 137, 112, 112, 137, 138, 113, 113, 138, 139, 114, 114, 139, 140, 115, 115, 140, 141, 116, 116, 141, 142, 117, 117, 142, 143, 118, 118, 143, 144, 119, 119, 144, 145, 120, 120, 145, 146, 121, 121, 146, 147, 122, 122, 147, 148, 123, 123, 148, 149, 124, 124, 149, 150, 125, 126, 151, 152, 127, 127, 152, 153, 128, 128, 153, 154, 129, 129, 154, 155, 130, 130, 155, 156, 131, 131, 156, 157, 132, 132, 157, 158, 133, 133, 158, 159, 134, 134, 159, 160, 135, 135, 160, 161, 136, 136, 161, 162, 137, 137, 162, 163, 138, 138, 163, 164, 139, 139, 164, 165, 140, 140, 165, 166, 141, 141, 166, 167, 142, 142, 167, 168, 143, 143, 168, 169, 144, 144, 169, 170, 145, 145, 170, 171, 146, 146, 171, 172, 147, 147, 172, 173, 148, 148, 173, 174, 149, 149, 174, 175, 150, 151, 176, 177, 152, 152, 177, 178, 153, 153, 178, 179, 154, 154, 179, 180, 155, 155, 180, 181, 156, 156, 181, 182, 157, 157, 182, 183, 158, 158, 183, 184, 159, 159, 184, 185, 160, 160, 185, 186, 161, 161, 186, 187, 162, 162, 187, 188, 163, 163, 188, 189, 164, 164, 189, 190, 165, 165, 190, 191, 166, 166, 191, 192, 167, 167, 192, 193, 168, 168, 193, 194, 169, 169, 194, 195, 170, 170, 195, 196, 171, 171, 196, 197, 172, 172, 197, 198, 173, 173, 198, 199, 174, 174, 199, 200, 175, 176, 201, 202, 177, 177, 202, 203, 178, 178, 203, 204, 179, 179, 204, 205, 180, 180, 205, 206, 181, 181, 206, 207, 182, 182, 207, 208, 183, 183, 208, 209, 184, 184, 209, 210, 185, 185, 210, 211, 186, 186, 211, 212, 187, 187, 212, 213, 188, 188, 213, 214, 189, 189, 214, 215, 190, 190, 215, 216, 191, 191, 216, 217, 192, 192, 217, 218, 193, 193, 218, 219, 194, 194, 219, 220, 195, 195, 220, 221, 196, 196, 221, 222, 197, 197, 222, 223, 198, 198, 223, 224, 199, 199, 224, 225, 200, 201, 226, 227, 202, 202, 227, 228, 203, 203, 228, 229, 204, 204, 229, 230, 205, 205, 230, 231, 206, 206, 231, 232, 207, 207, 232, 233, 208, 208, 233, 234, 209, 209, 234, 235, 210, 210, 235, 236, 211, 211, 236, 237, 212, 212, 237, 238, 213, 213, 238, 239, 214, 214, 239, 240, 215, 215, 240, 241, 216, 216, 241, 242, 217, 217, 242, 243, 218, 218, 243, 244, 219, 219, 244, 245, 220, 220, 245, 246, 221, 221, 246, 247, 222, 222, 247, 248, 223, 223, 248, 249, 224, 224, 249, 250, 225, 226, 251, 252, 227, 227, 252, 253, 228, 228, 253, 254, 229, 229, 254, 255, 230, 230, 255, 256, 231, 231, 256, 257, 232, 232, 257, 258, 233, 233, 258, 259, 234, 234, 259, 260, 235, 235, 260, 261, 236, 236, 261, 262, 237, 237, 262, 263, 238, 238, 263, 264, 239, 239, 264, 265, 240, 240, 265, 266, 241, 241, 266, 267, 242, 242, 267, 268, 243, 243, 268, 269, 244, 244, 269, 270, 245, 245, 270, 271, 246, 246, 271, 272, 247, 247, 272, 273, 248, 248, 273, 274, 249, 249, 274, 275, 250, 251, 276, 277, 252, 252, 277, 278, 253, 253, 278, 279, 254, 254, 279, 280, 255, 255, 280, 281, 256, 256, 281, 282, 257, 257, 282, 283, 258, 258, 283, 284, 259, 259, 284, 285, 260, 260, 285, 286, 261, 261, 286, 287, 262, 262, 287, 288, 263, 263, 288, 289, 264, 264, 289, 290, 265, 265, 290, 291, 266, 266, 291, 292, 267, 267, 292, 293, 268, 268, 293, 294, 269, 269, 294, 295, 270, 270, 295, 296, 271, 271, 296, 297, 272, 272, 297, 298, 273, 273, 298, 299, 274, 274, 299, 300, 275, 276, 301, 302, 277, 277, 302, 303, 278, 278, 303, 304, 279, 279, 304, 305, 280, 280, 305, 306, 281, 281, 306, 307, 282, 282, 307, 308, 283, 283, 308, 309, 284, 284, 309, 310, 285, 285, 310, 311, 286, 286, 311, 312, 287, 287, 312, 313, 288, 288, 313, 314, 289, 289, 314, 315, 290, 290, 315, 316, 291, 291, 316, 317, 292, 292, 317, 318, 293, 293, 318, 319, 294, 294, 319, 320, 295, 295, 320, 321, 296, 296, 321, 322, 297, 297, 322, 323, 298, 298, 323, 324, 299, 299, 324, 325, 300, 301, 326, 327, 302, 302, 327, 328, 303, 303, 328, 329, 304, 304, 329, 330, 305, 305, 330, 331, 306, 306, 331, 332, 307, 307, 332, 333, 308, 308, 333, 334, 309, 309, 334, 335, 310, 310, 335, 336, 311, 311, 336, 337, 312, 312, 337, 338, 313, 313, 338, 339, 314, 314, 339, 340, 315, 315, 340, 341, 316, 316, 341, 342, 317, 317, 342, 343, 318, 318, 343, 344, 319, 319, 344, 345, 320, 320, 345, 346, 321, 321, 346, 347, 322, 322, 347, 348, 323, 323, 348, 349, 324, 324, 349, 350, 325, 326, 351, 352, 327, 327, 352, 353, 328, 328, 353, 354, 329, 329, 354, 355, 330, 330, 355, 356, 331, 331, 356, 357, 332, 332, 357, 358, 333, 333, 358, 359, 334, 334, 359, 360, 335, 335, 360, 361, 336, 336, 361, 362, 337, 337, 362, 363, 338, 338, 363, 364, 339, 339, 364, 365, 340, 340, 365, 366, 341, 341, 366, 367, 342, 342, 367, 368, 343, 343, 368, 369, 344, 344, 369, 370, 345, 345, 370, 371, 346, 346, 371, 372, 347, 347, 372, 373, 348, 348, 373, 374, 349, 349, 374, 375, 350, 0, 1, 2, 0, 2, 3, 0, 3, 4, 0, 4, 5, 0, 5, 6, 0, 6, 7, 0, 7, 8, 0, 8, 9, 0, 9, 10, 0, 10, 11, 0, 11, 12, 0, 12, 13, 0, 13, 14, 0, 14, 15, 0, 15, 16, 0, 16, 17, 0, 17, 18, 0, 18, 19, 0, 19, 20, 0, 20, 21, 0, 21, 22, 0, 22, 23, 0, 23, 24, 0, 24, 25, 0, 352, 351, 0, 353, 352, 0, 354, 353, 0, 355, 354, 0, 356, 355, 0, 357, 356, 0, 358, 357, 0, 359, 358, 0, 360, 359, 0, 361, 360, 0, 362, 361, 0, 363, 362, 0, 364, 363, 0, 365, 364, 0, 366, 365, 0, 367, 366, 0, 368, 367, 0, 369, 368, 0, 370, 369, 0, 371, 370, 0, 372, 371, 0, 373, 372, 0, 374, 373, 0, 375, 374, 0, 26, 1, 0, 51, 26, 0, 76, 51, 0, 101, 76, 0, 126, 101, 0, 151, 126, 0, 176, 151, 0, 201, 176, 0, 226, 201, 0, 251, 226, 0, 276, 251, 0, 301, 276, 0, 326, 301, 0, 351, 326, 0, 25, 50, 0, 50, 75, 0, 75, 100, 0, 100, 125, 0, 125, 150, 0, 150, 175, 0, 175, 200, 0, 200, 225, 0, 225, 250, 0, 250, 275, 0, 275, 300, 0, 300, 325, 0, 325, 350, 0, 350, 375]
                                rel material:binding = </AecoCctvLooks/Shell_observe>
                                point3f[] points = [(0, 0, 0), (-14.175759, -8.921204, -15.689099), (-13.409456, -9.206125, -16.19017), (-12.568454, -9.491617, -16.692245), (-11.64837, -9.774196, -17.189196), (-10.645907, -10.049653, -17.673624), (-9.559345, -10.313083, -18.1369), (-8.389078, -10.558966, -18.569317), (-7.1381373, -10.781353, -18.960415), (-5.812626, -10.974146, -19.299465), (-4.4219627, -11.131461, -19.576126), (-2.9788554, -11.248064, -19.781187), (-1.498928, -11.31981, -19.90736), (0, -11.344032, -19.949959), (1.498928, -11.31981, -19.90736), (2.9788554, -11.248064, -19.781187), (4.4219627, -11.131461, -19.576126), (5.812626, -10.974146, -19.299465), (7.1381373, -10.781353, -18.960415), (8.389078, -10.558966, -18.569317), (9.559345, -10.313083, -18.1369), (10.645907, -10.049653, -17.673624), (11.64837, -9.774196, -17.189196), (12.568454, -9.491617, -16.692245), (13.409456, -9.206125, -16.19017), (14.175759, -8.921204, -15.689099), (-14.468756, -7.8047953, -16.013374), (-13.705199, -8.064998, -16.547241), (-12.863727, -8.326805, -17.0844), (-11.939189, -8.587049, -17.618351), (-10.927499, -8.841834, -18.141104), (-9.826194, -9.086547, -18.643188), (-8.635059, -9.315918, -19.113798), (-7.356762, -9.524195, -19.541128), (-5.997386, -9.705403, -19.91292), (-4.5667796, -9.853724, -20.217234), (-3.0785701, -9.963929, -20.443346), (-1.5497785, -10.031855, -20.58271), (0, -10.054807, -20.629803), (1.5497785, -10.031855, -20.58271), (3.0785701, -9.963929, -20.443346), (4.5667796, -9.853724, -20.217234), (5.997386, -9.705403, -19.91292), (7.356762, -9.524195, -19.541128), (8.635059, -9.315918, -19.113798), (9.826194, -9.086547, -18.643188), (10.927499, -8.841834, -18.141104), (11.939189, -8.587049, -17.618351), (12.863727, -8.326805, -17.0844), (13.705199, -8.064998, -16.547241), (14.468756, -7.8047953, -16.013374), (-14.731397, -6.6220584, -16.304054), (-13.971339, -6.8513427, -16.86857), (-13.130524, -7.082921, -17.438734), (-12.203055, -7.3140244, -18.00773), (-11.184066, -7.5411935, -18.56704), (-10.070337, -7.7602606, -19.106401), (-8.861011, -7.966404, -19.613943), (-7.5583286, -8.154289, -20.076532), (-6.1682925, -8.318314, -20.480373), (-4.7011046, -8.452964, -20.811893), (-3.1712513, -8.553247, -21.0588), (-1.5971029, -8.615158, -21.211227), (0, -8.636095, -21.26278), (1.5971029, -8.615158, -21.211227), (3.1712513, -8.553247, -21.0588), (4.7011046, -8.452964, -20.811893), (6.1682925, -8.318314, -20.480373), (7.5583286, -8.154289, -20.076532), (8.861011, -7.966404, -19.613943), (10.070337, -7.7602606, -19.106401), (11.184066, -7.5411935, -18.56704), (12.203055, -7.3140244, -18.00773), (13.130524, -7.082921, -17.438734), (13.971339, -6.8513427, -16.86857), (14.731397, -6.6220584, -16.304054), (-14.957262, -5.3788714, -16.554031), (-14.201015, -5.571178, -17.145874), (-13.36161, -5.7660594, -17.745642), (-12.4324665, -5.96122, -18.346268), (-11.407986, -6.1537423, -18.938776), (-10.284224, -6.340066, -19.512207), (-9.059687, -6.5160174, -20.053715), (-7.736172, -6.676924, -20.548922), (-6.3195453, -6.81783, -20.982574), (-4.820287, -6.9338107, -21.339518), (-3.2536433, -7.0203743, -21.605927), (-1.6392239, -7.0738955, -21.770641), (0, -7.0920095, -21.82639), (1.6392239, -7.0738955, -21.770641), (3.2536433, -7.0203743, -21.605927), (4.820287, -6.9338107, -21.339518), (6.3195453, -6.81783, -20.982574), (7.736172, -6.676924, -20.548922), (9.059687, -6.5160174, -20.053715), (10.284224, -6.340066, -19.512207), (11.407986, -6.1537423, -18.938776), (12.4324665, -5.96122, -18.346268), (13.36161, -5.7660594, -17.745642), (14.201015, -5.571178, -17.145874), (14.957262, -5.3788714, -16.554031), (-15.140301, -4.0835214, -16.75661), (-14.387699, -4.2333117, -17.371271), (-13.550029, -4.385527, -17.995882), (-12.620126, -4.5383997, -18.623192), (-11.591757, -4.689655, -19.24386), (-10.46034, -4.836479, -19.846352), (-9.223802, -4.975541, -20.416986), (-7.8835206, -5.103073, -20.940311), (-6.4452, -5.215044, -21.39978), (-4.919522, -5.3074174, -21.778831), (-3.3223624, -5.3764873, -22.062258), (-1.6743926, -5.419246, -22.237717), (0, -5.4337273, -22.29714), (1.6743926, -5.419246, -22.237717), (3.3223624, -5.3764873, -22.062258), (4.919522, -5.3074174, -21.778831), (6.4452, -5.215044, -21.39978), (7.8835206, -5.103073, -20.940311), (9.223802, -4.975541, -20.416986), (10.46034, -4.836479, -19.846352), (11.591757, -4.689655, -19.24386), (12.620126, -4.5383997, -18.623192), (13.550029, -4.385527, -17.995882), (14.387699, -4.2333117, -17.371271), (15.140301, -4.0835214, -16.75661), (-15.275236, -2.7466102, -16.90595), (-14.525645, -2.8492665, -17.537823), (-13.6896, -2.9538002, -18.181248), (-12.759493, -3.0590124, -18.828852), (-11.728597, -3.163344, -19.471033), (-10.591825, -3.264849, -20.095818), (-9.346643, -3.361203, -20.688896), (-7.9940786, -3.4497588, -21.233976), (-6.5396852, -3.527664, -21.713497), (-4.994278, -3.592045, -22.109777), (-3.374202, -3.6402516, -22.4065), (-1.7009456, -3.6701243, -22.59037), (0, -3.6802464, -22.652676), (1.7009456, -3.6701243, -22.59037), (3.374202, -3.6402516, -22.4065), (4.994278, -3.592045, -22.109777), (6.5396852, -3.527664, -21.713497), (7.9940786, -3.4497588, -21.233976), (9.346643, -3.361203, -20.688896), (10.591825, -3.264849, -20.095818), (11.728597, -3.163344, -19.471033), (12.759493, -3.0590124, -18.828852), (13.6896, -2.9538002, -18.181248), (14.525645, -2.8492665, -17.537823), (15.275236, -2.7466102, -16.90595), (-15.357949, -1.3807414, -16.997496), (-14.610341, -1.43294, -17.640081), (-13.775443, -1.4861611, -18.295256), (-12.845363, -1.5397996, -18.955568), (-11.813065, -1.5930629, -19.611261), (-10.673137, -1.6449564, -20.25009), (-9.422747, -1.6942854, -20.857351), (-8.062689, -1.7396834, -21.41622), (-6.598411, -1.779671, -21.908484), (-5.040801, -1.8127531, -22.315737), (-3.4064953, -1.8375456, -22.620943), (-1.717497, -1.8529185, -22.81019), (0, -1.8581291, -22.874336), (1.717497, -1.8529185, -22.81019), (3.4064953, -1.8375456, -22.620943), (5.040801, -1.8127531, -22.315737), (6.598411, -1.779671, -21.908484), (8.062689, -1.7396834, -21.41622), (9.422747, -1.6942854, -20.857351), (10.673137, -1.6449564, -20.25009), (11.813065, -1.5930629, -19.611261), (12.845363, -1.5397996, -18.955568), (13.775443, -1.4861611, -18.295256), (14.610341, -1.43294, -17.640081), (15.357949, -1.3807414, -16.997496), (-15.38582, 0, -17.028341), (-14.638905, 0, -17.674568), (-13.804418, 0, -18.333738), (-12.874373, 0, -18.998379), (-11.841628, 0, -19.65868), (-10.70066, 0, -20.302309), (-9.44853, 0, -20.914425), (-8.085954, 0, -21.478018), (-6.618341, 0, -21.974655), (-5.0566, 0, -22.385681), (-3.4174676, 0, -22.693806), (-1.7231224, 0, -22.884901), (0, 0, -22.949682), (1.7231224, 0, -22.884901), (3.4174676, 0, -22.693806), (5.0566, 0, -22.385681), (6.618341, 0, -21.974655), (8.085954, 0, -21.478018), (9.44853, 0, -20.914425), (10.70066, 0, -20.302309), (11.841628, 0, -19.65868), (12.874373, 0, -18.998379), (13.804418, 0, -18.333738), (14.638905, 0, -17.674568), (15.38582, 0, -17.028341), (-15.357949, 1.3807414, -16.997496), (-14.610341, 1.43294, -17.640081), (-13.775443, 1.4861611, -18.295256), (-12.845363, 1.5397996, -18.955568), (-11.813065, 1.5930629, -19.611261), (-10.673137, 1.6449564, -20.25009), (-9.422747, 1.6942854, -20.857351), (-8.062689, 1.7396834, -21.41622), (-6.598411, 1.779671, -21.908484), (-5.040801, 1.8127531, -22.315737), (-3.4064953, 1.8375456, -22.620943), (-1.717497, 1.8529185, -22.81019), (0, 1.8581291, -22.874336), (1.717497, 1.8529185, -22.81019), (3.4064953, 1.8375456, -22.620943), (5.040801, 1.8127531, -22.315737), (6.598411, 1.779671, -21.908484), (8.062689, 1.7396834, -21.41622), (9.422747, 1.6942854, -20.857351), (10.673137, 1.6449564, -20.25009), (11.813065, 1.5930629, -19.611261), (12.845363, 1.5397996, -18.955568), (13.775443, 1.4861611, -18.295256), (14.610341, 1.43294, -17.640081), (15.357949, 1.3807414, -16.997496), (-15.275236, 2.7466102, -16.90595), (-14.525645, 2.8492665, -17.537823), (-13.6896, 2.9538002, -18.181248), (-12.759493, 3.0590124, -18.828852), (-11.728597, 3.163344, -19.471033), (-10.591825, 3.264849, -20.095818), (-9.346643, 3.361203, -20.688896), (-7.9940786, 3.4497588, -21.233976), (-6.5396852, 3.527664, -21.713497), (-4.994278, 3.592045, -22.109777), (-3.374202, 3.6402516, -22.4065), (-1.7009456, 3.6701243, -22.59037), (0, 3.6802464, -22.652676), (1.7009456, 3.6701243, -22.59037), (3.374202, 3.6402516, -22.4065), (4.994278, 3.592045, -22.109777), (6.5396852, 3.527664, -21.713497), (7.9940786, 3.4497588, -21.233976), (9.346643, 3.361203, -20.688896), (10.591825, 3.264849, -20.095818), (11.728597, 3.163344, -19.471033), (12.759493, 3.0590124, -18.828852), (13.6896, 2.9538002, -18.181248), (14.525645, 2.8492665, -17.537823), (15.275236, 2.7466102, -16.90595), (-15.140301, 4.0835214, -16.75661), (-14.387699, 4.2333117, -17.371271), (-13.550029, 4.385527, -17.995882), (-12.620126, 4.5383997, -18.623192), (-11.591757, 4.689655, -19.24386), (-10.46034, 4.836479, -19.846352), (-9.223802, 4.975541, -20.416986), (-7.8835206, 5.103073, -20.940311), (-6.4452, 5.215044, -21.39978), (-4.919522, 5.3074174, -21.778831), (-3.3223624, 5.3764873, -22.062258), (-1.6743926, 5.419246, -22.237717), (0, 5.4337273, -22.29714), (1.6743926, 5.419246, -22.237717), (3.3223624, 5.3764873, -22.062258), (4.919522, 5.3074174, -21.778831), (6.4452, 5.215044, -21.39978), (7.8835206, 5.103073, -20.940311), (9.223802, 4.975541, -20.416986), (10.46034, 4.836479, -19.846352), (11.591757, 4.689655, -19.24386), (12.620126, 4.5383997, -18.623192), (13.550029, 4.385527, -17.995882), (14.387699, 4.2333117, -17.371271), (15.140301, 4.0835214, -16.75661), (-14.957262, 5.3788714, -16.554031), (-14.201015, 5.571178, -17.145874), (-13.36161, 5.7660594, -17.745642), (-12.4324665, 5.96122, -18.346268), (-11.407986, 6.1537423, -18.938776), (-10.284224, 6.340066, -19.512207), (-9.059687, 6.5160174, -20.053715), (-7.736172, 6.676924, -20.548922), (-6.3195453, 6.81783, -20.982574), (-4.820287, 6.9338107, -21.339518), (-3.2536433, 7.0203743, -21.605927), (-1.6392239, 7.0738955, -21.770641), (0, 7.0920095, -21.82639), (1.6392239, 7.0738955, -21.770641), (3.2536433, 7.0203743, -21.605927), (4.820287, 6.9338107, -21.339518), (6.3195453, 6.81783, -20.982574), (7.736172, 6.676924, -20.548922), (9.059687, 6.5160174, -20.053715), (10.284224, 6.340066, -19.512207), (11.407986, 6.1537423, -18.938776), (12.4324665, 5.96122, -18.346268), (13.36161, 5.7660594, -17.745642), (14.201015, 5.571178, -17.145874), (14.957262, 5.3788714, -16.554031), (-14.731397, 6.6220584, -16.304054), (-13.971339, 6.8513427, -16.86857), (-13.130524, 7.082921, -17.438734), (-12.203055, 7.3140244, -18.00773), (-11.184066, 7.5411935, -18.56704), (-10.070337, 7.7602606, -19.106401), (-8.861011, 7.966404, -19.613943), (-7.5583286, 8.154289, -20.076532), (-6.1682925, 8.318314, -20.480373), (-4.7011046, 8.452964, -20.811893), (-3.1712513, 8.553247, -21.0588), (-1.5971029, 8.615158, -21.211227), (0, 8.636095, -21.26278), (1.5971029, 8.615158, -21.211227), (3.1712513, 8.553247, -21.0588), (4.7011046, 8.452964, -20.811893), (6.1682925, 8.318314, -20.480373), (7.5583286, 8.154289, -20.076532), (8.861011, 7.966404, -19.613943), (10.070337, 7.7602606, -19.106401), (11.184066, 7.5411935, -18.56704), (12.203055, 7.3140244, -18.00773), (13.130524, 7.082921, -17.438734), (13.971339, 6.8513427, -16.86857), (14.731397, 6.6220584, -16.304054), (-14.468756, 7.8047953, -16.013374), (-13.705199, 8.064998, -16.547241), (-12.863727, 8.326805, -17.0844), (-11.939189, 8.587049, -17.618351), (-10.927499, 8.841834, -18.141104), (-9.826194, 9.086547, -18.643188), (-8.635059, 9.315918, -19.113798), (-7.356762, 9.524195, -19.541128), (-5.997386, 9.705403, -19.91292), (-4.5667796, 9.853724, -20.217234), (-3.0785701, 9.963929, -20.443346), (-1.5497785, 10.031855, -20.58271), (0, 10.054807, -20.629803), (1.5497785, 10.031855, -20.58271), (3.0785701, 9.963929, -20.443346), (4.5667796, 9.853724, -20.217234), (5.997386, 9.705403, -19.91292), (7.356762, 9.524195, -19.541128), (8.635059, 9.315918, -19.113798), (9.826194, 9.086547, -18.643188), (10.927499, 8.841834, -18.141104), (11.939189, 8.587049, -17.618351), (12.863727, 8.326805, -17.0844), (13.705199, 8.064998, -16.547241), (14.468756, 7.8047953, -16.013374), (-14.175759, 8.921204, -15.689099), (-13.409456, 9.206125, -16.19017), (-12.568454, 9.491617, -16.692245), (-11.64837, 9.774196, -17.189196), (-10.645907, 10.049653, -17.673624), (-9.559345, 10.313083, -18.1369), (-8.389078, 10.558966, -18.569317), (-7.1381373, 10.781353, -18.960415), (-5.812626, 10.974146, -19.299465), (-4.4219627, 11.131461, -19.576126), (-2.9788554, 11.248064, -19.781187), (-1.498928, 11.31981, -19.90736), (0, 11.344032, -19.949959), (1.498928, 11.31981, -19.90736), (2.9788554, 11.248064, -19.781187), (4.4219627, 11.131461, -19.576126), (5.812626, 10.974146, -19.299465), (7.1381373, 10.781353, -18.960415), (8.389078, 10.558966, -18.569317), (9.559345, 10.313083, -18.1369), (10.645907, 10.049653, -17.673624), (11.64837, 9.774196, -17.189196), (12.568454, 9.491617, -16.692245), (13.409456, 9.206125, -16.19017), (14.175759, 8.921204, -15.689099)]
                                color3f[] primvars:displayColor = [(0.36666667, 0.73333335, 0.68333334)] (
                                    interpolation = "constant"
                                )
                                float[] primvars:displayOpacity = [0.3] (
                                    interpolation = "constant"
                                )
                                uniform token purpose = "guide"
                                uniform token subdivisionScheme = "none"
                            }
                        }
                    }

                    over "sec_cam_door_hall_a_w"
                    {
                        double aeco:cctv:mountHeight = 2.92

                        over "Sensor_0"
                        {
                            double aeco:cctvSensor:effectiveWidth = 7.679649793158473
                            double aeco:cctvSensor:hfov = 104
                            double aeco:cctvSensor:targetRange = 4.050184687810823
                            double aeco:cctvSensor:vfov = 76.00000000000001
                            float2 clippingRange = (0.05, 12)
                            float focalLength = 3
                            float horizontalAperture = 7.67965
                            float verticalAperture = 4.6877136
                            matrix4d xformOp:transform = ( (0.5692099788303078, -0.822192191643779, 0, 0), (0.7120393247567163, 0.4929503017546491, 0.49999999999999994, 0), (-0.41109609582188944, -0.28460498941515383, 0.8660254037844387, 0), (0, 0, -0.08, 1) )
                            uniform token[] xformOpOrder = ["xformOp:transform"]

                            def Mesh "Sector" (
                                prepend apiSchemas = ["AecoDerivedGeometryAPI", "MaterialBindingAPI"]
                            )
                            {
                                uniform token aeco:derived:approx = "tessellated"
                                uniform token aeco:derived:role = "sector"
                                string aeco:derived:source = "34321c5e-dd53-5220-a18c-e0a186cbc38a"
                                string aeco:derived:stamp = "usdAecoCctv derive 0.5.3"
                                uniform bool doubleSided = 1
                                float3[] extent = [(-9.456129, -7.3879375, -12), (9.456129, 7.3879375, 0)]
                                int[] faceVertexCounts = [4, 4, 4, 4, 4, 4, 4, 4, 4, 4, 4, 4, 4, 4, 4, 4, 4, 4, 4, 4, 4, 4, 4, 4, 4, 4, 4, 4, 4, 4, 4, 4, 4, 4, 4, 4, 4, 4, 4, 4, 4, 4, 4, 4, 4, 4, 4, 4, 4, 4, 4, 4, 4, 4, 4, 4, 4, 4, 4, 4, 4, 4, 4, 4, 4, 4, 4, 4, 4, 4, 4, 4, 4, 4, 4, 4, 4, 4, 4, 4, 4, 4, 4, 4, 4, 4, 4, 4, 4, 4, 4, 4, 4, 4, 4, 4, 4, 4, 4, 4, 4, 4, 4, 4, 4, 4, 4, 4, 4, 4, 4, 4, 4, 4, 4, 4, 4, 4, 4, 4, 4, 4, 4, 4, 4, 4, 4, 4, 4, 4, 4, 4, 4, 4, 4, 4, 4, 4, 4, 4, 4, 4, 4, 4, 4, 4, 4, 4, 4, 4, 4, 4, 4, 4, 4, 4, 4, 4, 4, 4, 4, 4, 4, 4, 4, 4, 4, 4, 4, 4, 4, 4, 4, 4, 4, 4, 4, 4, 4, 4, 4, 4, 4, 4, 4, 4, 4, 4, 4, 4, 4, 4, 4, 4, 4, 4, 4, 4, 4, 4, 4, 4, 4, 4, 4, 4, 4, 4, 4, 4, 4, 4, 4, 4, 4, 4, 4, 4, 4, 4, 4, 4, 4, 4, 4, 4, 4, 4, 4, 4, 4, 4, 4, 4, 4, 4, 4, 4, 4, 4, 4, 4, 4, 4, 4, 4, 4, 4, 4, 4, 4, 4, 4, 4, 4, 4, 4, 4, 4, 4, 4, 4, 4, 4, 4, 4, 4, 4, 4, 4, 4, 4, 4, 4, 4, 4, 4, 4, 4, 4, 4, 4, 4, 4, 4, 4, 4, 4, 4, 4, 4, 4, 4, 4, 4, 4, 4, 4, 4, 4, 4, 4, 4, 4, 4, 4, 4, 4, 4, 4, 4, 4, 4, 4, 4, 4, 4, 4, 4, 4, 4, 4, 4, 4, 4, 4, 4, 4, 4, 4, 4, 4, 4, 4, 4, 4, 3, 3, 3, 3, 3, 3, 3, 3, 3, 3, 3, 3, 3, 3, 3, 3, 3, 3, 3, 3, 3, 3, 3, 3, 3, 3, 3, 3, 3, 3, 3, 3, 3, 3, 3, 3, 3, 3, 3, 3, 3, 3, 3, 3, 3, 3, 3, 3, 3, 3, 3, 3, 3, 3, 3, 3, 3, 3, 3, 3, 3, 3, 3, 3, 3, 3, 3, 3, 3, 3, 3, 3, 3, 3, 3, 3]
                                int[] faceVertexIndices = [1, 26, 27, 2, 2, 27, 28, 3, 3, 28, 29, 4, 4, 29, 30, 5, 5, 30, 31, 6, 6, 31, 32, 7, 7, 32, 33, 8, 8, 33, 34, 9, 9, 34, 35, 10, 10, 35, 36, 11, 11, 36, 37, 12, 12, 37, 38, 13, 13, 38, 39, 14, 14, 39, 40, 15, 15, 40, 41, 16, 16, 41, 42, 17, 17, 42, 43, 18, 18, 43, 44, 19, 19, 44, 45, 20, 20, 45, 46, 21, 21, 46, 47, 22, 22, 47, 48, 23, 23, 48, 49, 24, 24, 49, 50, 25, 26, 51, 52, 27, 27, 52, 53, 28, 28, 53, 54, 29, 29, 54, 55, 30, 30, 55, 56, 31, 31, 56, 57, 32, 32, 57, 58, 33, 33, 58, 59, 34, 34, 59, 60, 35, 35, 60, 61, 36, 36, 61, 62, 37, 37, 62, 63, 38, 38, 63, 64, 39, 39, 64, 65, 40, 40, 65, 66, 41, 41, 66, 67, 42, 42, 67, 68, 43, 43, 68, 69, 44, 44, 69, 70, 45, 45, 70, 71, 46, 46, 71, 72, 47, 47, 72, 73, 48, 48, 73, 74, 49, 49, 74, 75, 50, 51, 76, 77, 52, 52, 77, 78, 53, 53, 78, 79, 54, 54, 79, 80, 55, 55, 80, 81, 56, 56, 81, 82, 57, 57, 82, 83, 58, 58, 83, 84, 59, 59, 84, 85, 60, 60, 85, 86, 61, 61, 86, 87, 62, 62, 87, 88, 63, 63, 88, 89, 64, 64, 89, 90, 65, 65, 90, 91, 66, 66, 91, 92, 67, 67, 92, 93, 68, 68, 93, 94, 69, 69, 94, 95, 70, 70, 95, 96, 71, 71, 96, 97, 72, 72, 97, 98, 73, 73, 98, 99, 74, 74, 99, 100, 75, 76, 101, 102, 77, 77, 102, 103, 78, 78, 103, 104, 79, 79, 104, 105, 80, 80, 105, 106, 81, 81, 106, 107, 82, 82, 107, 108, 83, 83, 108, 109, 84, 84, 109, 110, 85, 85, 110, 111, 86, 86, 111, 112, 87, 87, 112, 113, 88, 88, 113, 114, 89, 89, 114, 115, 90, 90, 115, 116, 91, 91, 116, 117, 92, 92, 117, 118, 93, 93, 118, 119, 94, 94, 119, 120, 95, 95, 120, 121, 96, 96, 121, 122, 97, 97, 122, 123, 98, 98, 123, 124, 99, 99, 124, 125, 100, 101, 126, 127, 102, 102, 127, 128, 103, 103, 128, 129, 104, 104, 129, 130, 105, 105, 130, 131, 106, 106, 131, 132, 107, 107, 132, 133, 108, 108, 133, 134, 109, 109, 134, 135, 110, 110, 135, 136, 111, 111, 136, 137, 112, 112, 137, 138, 113, 113, 138, 139, 114, 114, 139, 140, 115, 115, 140, 141, 116, 116, 141, 142, 117, 117, 142, 143, 118, 118, 143, 144, 119, 119, 144, 145, 120, 120, 145, 146, 121, 121, 146, 147, 122, 122, 147, 148, 123, 123, 148, 149, 124, 124, 149, 150, 125, 126, 151, 152, 127, 127, 152, 153, 128, 128, 153, 154, 129, 129, 154, 155, 130, 130, 155, 156, 131, 131, 156, 157, 132, 132, 157, 158, 133, 133, 158, 159, 134, 134, 159, 160, 135, 135, 160, 161, 136, 136, 161, 162, 137, 137, 162, 163, 138, 138, 163, 164, 139, 139, 164, 165, 140, 140, 165, 166, 141, 141, 166, 167, 142, 142, 167, 168, 143, 143, 168, 169, 144, 144, 169, 170, 145, 145, 170, 171, 146, 146, 171, 172, 147, 147, 172, 173, 148, 148, 173, 174, 149, 149, 174, 175, 150, 151, 176, 177, 152, 152, 177, 178, 153, 153, 178, 179, 154, 154, 179, 180, 155, 155, 180, 181, 156, 156, 181, 182, 157, 157, 182, 183, 158, 158, 183, 184, 159, 159, 184, 185, 160, 160, 185, 186, 161, 161, 186, 187, 162, 162, 187, 188, 163, 163, 188, 189, 164, 164, 189, 190, 165, 165, 190, 191, 166, 166, 191, 192, 167, 167, 192, 193, 168, 168, 193, 194, 169, 169, 194, 195, 170, 170, 195, 196, 171, 171, 196, 197, 172, 172, 197, 198, 173, 173, 198, 199, 174, 174, 199, 200, 175, 176, 201, 202, 177, 177, 202, 203, 178, 178, 203, 204, 179, 179, 204, 205, 180, 180, 205, 206, 181, 181, 206, 207, 182, 182, 207, 208, 183, 183, 208, 209, 184, 184, 209, 210, 185, 185, 210, 211, 186, 186, 211, 212, 187, 187, 212, 213, 188, 188, 213, 214, 189, 189, 214, 215, 190, 190, 215, 216, 191, 191, 216, 217, 192, 192, 217, 218, 193, 193, 218, 219, 194, 194, 219, 220, 195, 195, 220, 221, 196, 196, 221, 222, 197, 197, 222, 223, 198, 198, 223, 224, 199, 199, 224, 225, 200, 201, 226, 227, 202, 202, 227, 228, 203, 203, 228, 229, 204, 204, 229, 230, 205, 205, 230, 231, 206, 206, 231, 232, 207, 207, 232, 233, 208, 208, 233, 234, 209, 209, 234, 235, 210, 210, 235, 236, 211, 211, 236, 237, 212, 212, 237, 238, 213, 213, 238, 239, 214, 214, 239, 240, 215, 215, 240, 241, 216, 216, 241, 242, 217, 217, 242, 243, 218, 218, 243, 244, 219, 219, 244, 245, 220, 220, 245, 246, 221, 221, 246, 247, 222, 222, 247, 248, 223, 223, 248, 249, 224, 224, 249, 250, 225, 226, 251, 252, 227, 227, 252, 253, 228, 228, 253, 254, 229, 229, 254, 255, 230, 230, 255, 256, 231, 231, 256, 257, 232, 232, 257, 258, 233, 233, 258, 259, 234, 234, 259, 260, 235, 235, 260, 261, 236, 236, 261, 262, 237, 237, 262, 263, 238, 238, 263, 264, 239, 239, 264, 265, 240, 240, 265, 266, 241, 241, 266, 267, 242, 242, 267, 268, 243, 243, 268, 269, 244, 244, 269, 270, 245, 245, 270, 271, 246, 246, 271, 272, 247, 247, 272, 273, 248, 248, 273, 274, 249, 249, 274, 275, 250, 251, 276, 277, 252, 252, 277, 278, 253, 253, 278, 279, 254, 254, 279, 280, 255, 255, 280, 281, 256, 256, 281, 282, 257, 257, 282, 283, 258, 258, 283, 284, 259, 259, 284, 285, 260, 260, 285, 286, 261, 261, 286, 287, 262, 262, 287, 288, 263, 263, 288, 289, 264, 264, 289, 290, 265, 265, 290, 291, 266, 266, 291, 292, 267, 267, 292, 293, 268, 268, 293, 294, 269, 269, 294, 295, 270, 270, 295, 296, 271, 271, 296, 297, 272, 272, 297, 298, 273, 273, 298, 299, 274, 274, 299, 300, 275, 276, 301, 302, 277, 277, 302, 303, 278, 278, 303, 304, 279, 279, 304, 305, 280, 280, 305, 306, 281, 281, 306, 307, 282, 282, 307, 308, 283, 283, 308, 309, 284, 284, 309, 310, 285, 285, 310, 311, 286, 286, 311, 312, 287, 287, 312, 313, 288, 288, 313, 314, 289, 289, 314, 315, 290, 290, 315, 316, 291, 291, 316, 317, 292, 292, 317, 318, 293, 293, 318, 319, 294, 294, 319, 320, 295, 295, 320, 321, 296, 296, 321, 322, 297, 297, 322, 323, 298, 298, 323, 324, 299, 299, 324, 325, 300, 301, 326, 327, 302, 302, 327, 328, 303, 303, 328, 329, 304, 304, 329, 330, 305, 305, 330, 331, 306, 306, 331, 332, 307, 307, 332, 333, 308, 308, 333, 334, 309, 309, 334, 335, 310, 310, 335, 336, 311, 311, 336, 337, 312, 312, 337, 338, 313, 313, 338, 339, 314, 314, 339, 340, 315, 315, 340, 341, 316, 316, 341, 342, 317, 317, 342, 343, 318, 318, 343, 344, 319, 319, 344, 345, 320, 320, 345, 346, 321, 321, 346, 347, 322, 322, 347, 348, 323, 323, 348, 349, 324, 324, 349, 350, 325, 326, 351, 352, 327, 327, 352, 353, 328, 328, 353, 354, 329, 329, 354, 355, 330, 330, 355, 356, 331, 331, 356, 357, 332, 332, 357, 358, 333, 333, 358, 359, 334, 334, 359, 360, 335, 335, 360, 361, 336, 336, 361, 362, 337, 337, 362, 363, 338, 338, 363, 364, 339, 339, 364, 365, 340, 340, 365, 366, 341, 341, 366, 367, 342, 342, 367, 368, 343, 343, 368, 369, 344, 344, 369, 370, 345, 345, 370, 371, 346, 346, 371, 372, 347, 347, 372, 373, 348, 348, 373, 374, 349, 349, 374, 375, 350, 0, 1, 2, 0, 2, 3, 0, 3, 4, 0, 4, 5, 0, 5, 6, 0, 6, 7, 0, 7, 8, 0, 8, 9, 0, 9, 10, 0, 10, 11, 0, 11, 12, 0, 12, 13, 0, 13, 14, 0, 14, 15, 0, 15, 16, 0, 16, 17, 0, 17, 18, 0, 18, 19, 0, 19, 20, 0, 20, 21, 0, 21, 22, 0, 22, 23, 0, 23, 24, 0, 24, 25, 0, 352, 351, 0, 353, 352, 0, 354, 353, 0, 355, 354, 0, 356, 355, 0, 357, 356, 0, 358, 357, 0, 359, 358, 0, 360, 359, 0, 361, 360, 0, 362, 361, 0, 363, 362, 0, 364, 363, 0, 365, 364, 0, 366, 365, 0, 367, 366, 0, 368, 367, 0, 369, 368, 0, 370, 369, 0, 371, 370, 0, 372, 371, 0, 373, 372, 0, 374, 373, 0, 375, 374, 0, 26, 1, 0, 51, 26, 0, 76, 51, 0, 101, 76, 0, 126, 101, 0, 151, 126, 0, 176, 151, 0, 201, 176, 0, 226, 201, 0, 251, 226, 0, 276, 251, 0, 301, 276, 0, 326, 301, 0, 351, 326, 0, 25, 50, 0, 50, 75, 0, 75, 100, 0, 100, 125, 0, 125, 150, 0, 150, 175, 0, 175, 200, 0, 200, 225, 0, 225, 250, 0, 250, 275, 0, 275, 300, 0, 300, 325, 0, 325, 350, 0, 350, 375]
                                rel material:binding = </AecoCctvLooks/Sector>
                                point3f[] points = [(0, 0, 0), (-8.521566, -5.201626, -6.6577773), (-8.1464, -5.4246783, -6.9432716), (-7.7210326, -5.655569, -7.238798), (-7.2394805, -5.8920417, -7.5414696), (-6.695912, -6.13085, -7.84713), (-6.085158, -6.367584, -8.150136), (-5.403423, -6.596577, -8.4432335), (-4.6491714, -6.8109303, -8.717593), (-3.8240929, -7.002762, -8.963126), (-2.933988, -7.1637106, -9.169131), (-1.9893044, -7.2857146, -9.32529), (-1.0050639, -7.361979, -9.422903), (0, -7.3879375, -9.456129), (1.0050639, -7.361979, -9.422903), (1.9893044, -7.2857146, -9.32529), (2.933988, -7.1637106, -9.169131), (3.8240929, -7.002762, -8.963126), (4.6491714, -6.8109303, -8.717593), (5.403423, -6.596577, -8.4432335), (6.085158, -6.367584, -8.150136), (6.695912, -6.13085, -7.84713), (7.2394805, -5.8920417, -7.5414696), (7.7210326, -5.655569, -7.238798), (8.1464, -5.4246783, -6.9432716), (8.521566, -5.201626, -6.6577773), (-8.742251, -4.574, -6.8301954), (-8.376641, -4.781139, -7.1395087), (-7.959109, -4.997106, -7.4620047), (-7.482737, -5.2200193, -7.794873), (-6.940543, -5.447003, -8.13382), (-6.326028, -5.673972, -8.472745), (-5.633984, -5.895471, -8.803502), (-4.861562, -6.104638, -9.115844), (-4.0095077, -6.293398, -9.397712), (-3.083373, -6.4529595, -9.635981), (-2.0943503, -6.574662, -9.817715), (-1.0593456, -6.651074, -9.931818), (0, -6.677143, -9.970745), (1.0593456, -6.651074, -9.931818), (2.0943503, -6.574662, -9.817715), (3.083373, -6.4529595, -9.635981), (4.0095077, -6.293398, -9.397712), (4.861562, -6.104638, -9.115844), (5.633984, -5.895471, -8.803502), (6.326028, -5.673972, -8.472745), (6.940543, -5.447003, -8.13382), (7.482737, -5.2200193, -7.794873), (7.959109, -4.997106, -7.4620047), (8.376641, -4.781139, -7.1395087), (8.742251, -4.574, -6.8301954), (-8.94301, -3.8991988, -6.987046), (-8.587501, -4.084576, -7.3192263), (-8.178739, -4.279167, -7.6679173), (-7.7089167, -4.4815035, -8.030488), (-7.169909, -4.689176, -8.40262), (-6.553843, -4.8985877, -8.777868), (-5.8539853, -5.1047354, -9.147269), (-5.0659866, -5.301111, -9.499158), (-4.1894145, -5.4798193, -9.819388), (-3.229341, -5.6320376, -10.092151), (-2.197556, -5.7488747, -10.301514), (-1.1128627, -5.8225665, -10.433564), (0, -5.847768, -10.478722), (1.1128627, -5.8225665, -10.433564), (2.197556, -5.7488747, -10.301514), (3.229341, -5.6320376, -10.092151), (4.1894145, -5.4798193, -9.819388), (5.0659866, -5.301111, -9.499158), (5.8539853, -5.1047354, -9.147269), (6.553843, -4.8985877, -8.777868), (7.169909, -4.689176, -8.40262), (7.7089167, -4.4815035, -8.030488), (8.178739, -4.279167, -7.6679173), (8.587501, -4.084576, -7.3192263), (8.94301, -3.8991988, -6.987046), (-9.117973, -3.1803868, -7.1237416), (-8.772395, -3.3380156, -7.476814), (-8.372625, -3.5044878, -7.8496947), (-7.9100547, -3.6787462, -8.240016), (-7.375493, -3.858904, -8.64355), (-6.7597384, -4.041985, -9.053634), (-6.0545197, -4.223683, -9.460618), (-5.253902, -4.3981986, -9.851516), (-4.3561134, -4.558291, -10.210106), (-3.36554, -4.695657, -10.517792), (-2.2943847, -4.8017454, -10.755419), (-1.1632501, -4.868957, -10.905967), (0, -4.891996, -10.957572), (1.1632501, -4.868957, -10.905967), (2.2943847, -4.8017454, -10.755419), (3.36554, -4.695657, -10.517792), (4.3561134, -4.558291, -10.210106), (5.253902, -4.3981986, -9.851516), (6.0545197, -4.223683, -9.460618), (6.7597384, -4.041985, -9.053634), (7.375493, -3.858904, -8.64355), (7.9100547, -3.6787462, -8.240016), (8.372625, -3.5044878, -7.8496947), (8.772395, -3.3380156, -7.476814), (9.117973, -3.1803868, -7.1237416), (-9.26139, -2.4228082, -7.2357907), (-8.924759, -2.546994, -7.606675), (-8.533343, -2.6788187, -8.000374), (-8.077864, -2.8175924, -8.414825), (-7.5482183, -2.961956, -8.845972), (-6.9340205, -3.109648, -9.287058), (-6.2255826, -3.2572634, -9.727917), (-5.415448, -3.4000752, -10.1544285), (-4.500481, -3.5320194, -10.548484), (-3.484268, -3.645981, -10.888834), (-2.3792312, -3.7344856, -11.153155), (-1.2075499, -3.7907858, -11.321297), (0, -3.8101258, -11.379057), (1.2075499, -3.7907858, -11.321297), (2.3792312, -3.7344856, -11.153155), (3.484268, -3.645981, -10.888834), (4.500481, -3.5320194, -10.548484), (5.415448, -3.4000752, -10.1544285), (6.2255826, -3.2572634, -9.727917), (6.9340205, -3.109648, -9.287058), (7.5482183, -2.961956, -8.845972), (8.077864, -2.8175924, -8.414825), (8.533343, -2.6788187, -8.000374), (8.924759, -2.546994, -7.606675), (9.26139, -2.4228082, -7.2357907), (-9.368074, -1.6338116, -7.319142), (-9.038583, -1.7196518, -7.7036886), (-8.653978, -1.8111261, -8.113475), (-8.204485, -1.907839, -8.546729), (-7.6792984, -2.0089283, -8.999588), (-7.0670986, -2.1128857, -9.465296), (-6.3570476, -2.2173645, -9.93334), (-5.5404105, -2.3190217, -10.388743), (-4.6128573, -2.4134755, -10.811877), (-3.5772042, -2.4954872, -11.179274), (-2.4459436, -2.559466, -11.465884), (-1.2424827, -2.6002984, -11.648807), (0, -2.6143498, -11.711754), (1.2424827, -2.6002984, -11.648807), (2.4459436, -2.559466, -11.465884), (3.5772042, -2.4954872, -11.179274), (4.6128573, -2.4134755, -10.811877), (5.5404105, -2.3190217, -10.388743), (6.3570476, -2.2173645, -9.93334), (7.0670986, -2.1128857, -9.465296), (7.6792984, -2.0089283, -8.999588), (8.204485, -1.907839, -8.546729), (8.653978, -1.8111261, -8.113475), (9.038583, -1.7196518, -7.7036886), (9.368074, -1.6338116, -7.319142), (-9.433883, -0.82264435, -7.370557), (-9.109004, -0.86652493, -7.7637095), (-8.728863, -0.91339904, -8.183682), (-8.283378, -0.9630921, -8.628912), (-7.761302, -1.0151902, -9.095691), (-7.15072, -1.0689431, -9.577294), (-6.44004, -1.1231563, -10.063022), (-5.6196723, -1.176099, -10.537366), (-4.6844625, -1.22547, -10.97971), (-3.6366675, -1.2684847, -11.365105), (-2.4887695, -1.3021396, -11.666638), (-1.2649559, -1.3236655, -11.859503), (0, -1.3310816, -11.925947), (1.2649559, -1.3236655, -11.859503), (2.4887695, -1.3021396, -11.666638), (3.6366675, -1.2684847, -11.365105), (4.6844625, -1.22547, -10.97971), (5.6196723, -1.176099, -10.537366), (6.44004, -1.1231563, -10.063022), (7.15072, -1.0689431, -9.577294), (7.761302, -1.0151902, -9.095691), (8.283378, -0.9630921, -8.628912), (8.728863, -0.91339904, -8.183682), (9.109004, -0.86652493, -7.7637095), (9.433883, -0.82264435, -7.370557), (-9.456129, 0, -7.3879375), (-9.132846, 0, -7.7840304), (-8.75426, 0, -8.207493), (-8.3101845, 0, -8.656837), (-7.7892256, 0, -9.128415), (-7.1792607, 0, -9.61552), (-6.4684353, 0, -10.10739), (-5.646858, 0, -10.588343), (-4.7090826, 0, -11.0374155), (-3.6571574, 0, -11.429138), (-2.5035524, 0, -11.735937), (-1.2727224, 0, -11.932317), (0, 0, -12), (1.2727224, 0, -11.932317), (2.5035524, 0, -11.735937), (3.6571574, 0, -11.429138), (4.7090826, 0, -11.0374155), (5.646858, 0, -10.588343), (6.4684353, 0, -10.10739), (7.1792607, 0, -9.61552), (7.7892256, 0, -9.128415), (8.3101845, 0, -8.656837), (8.75426, 0, -8.207493), (9.132846, 0, -7.7840304), (9.456129, 0, -7.3879375), (-9.433883, 0.82264435, -7.370557), (-9.109004, 0.86652493, -7.7637095), (-8.728863, 0.91339904, -8.183682), (-8.283378, 0.9630921, -8.628912), (-7.761302, 1.0151902, -9.095691), (-7.15072, 1.0689431, -9.577294), (-6.44004, 1.1231563, -10.063022), (-5.6196723, 1.176099, -10.537366), (-4.6844625, 1.22547, -10.97971), (-3.6366675, 1.2684847, -11.365105), (-2.4887695, 1.3021396, -11.666638), (-1.2649559, 1.3236655, -11.859503), (0, 1.3310816, -11.925947), (1.2649559, 1.3236655, -11.859503), (2.4887695, 1.3021396, -11.666638), (3.6366675, 1.2684847, -11.365105), (4.6844625, 1.22547, -10.97971), (5.6196723, 1.176099, -10.537366), (6.44004, 1.1231563, -10.063022), (7.15072, 1.0689431, -9.577294), (7.761302, 1.0151902, -9.095691), (8.283378, 0.9630921, -8.628912), (8.728863, 0.91339904, -8.183682), (9.109004, 0.86652493, -7.7637095), (9.433883, 0.82264435, -7.370557), (-9.368074, 1.6338116, -7.319142), (-9.038583, 1.7196518, -7.7036886), (-8.653978, 1.8111261, -8.113475), (-8.204485, 1.907839, -8.546729), (-7.6792984, 2.0089283, -8.999588), (-7.0670986, 2.1128857, -9.465296), (-6.3570476, 2.2173645, -9.93334), (-5.5404105, 2.3190217, -10.388743), (-4.6128573, 2.4134755, -10.811877), (-3.5772042, 2.4954872, -11.179274), (-2.4459436, 2.559466, -11.465884), (-1.2424827, 2.6002984, -11.648807), (0, 2.6143498, -11.711754), (1.2424827, 2.6002984, -11.648807), (2.4459436, 2.559466, -11.465884), (3.5772042, 2.4954872, -11.179274), (4.6128573, 2.4134755, -10.811877), (5.5404105, 2.3190217, -10.388743), (6.3570476, 2.2173645, -9.93334), (7.0670986, 2.1128857, -9.465296), (7.6792984, 2.0089283, -8.999588), (8.204485, 1.907839, -8.546729), (8.653978, 1.8111261, -8.113475), (9.038583, 1.7196518, -7.7036886), (9.368074, 1.6338116, -7.319142), (-9.26139, 2.4228082, -7.2357907), (-8.924759, 2.546994, -7.606675), (-8.533343, 2.6788187, -8.000374), (-8.077864, 2.8175924, -8.414825), (-7.5482183, 2.961956, -8.845972), (-6.9340205, 3.109648, -9.287058), (-6.2255826, 3.2572634, -9.727917), (-5.415448, 3.4000752, -10.1544285), (-4.500481, 3.5320194, -10.548484), (-3.484268, 3.645981, -10.888834), (-2.3792312, 3.7344856, -11.153155), (-1.2075499, 3.7907858, -11.321297), (0, 3.8101258, -11.379057), (1.2075499, 3.7907858, -11.321297), (2.3792312, 3.7344856, -11.153155), (3.484268, 3.645981, -10.888834), (4.500481, 3.5320194, -10.548484), (5.415448, 3.4000752, -10.1544285), (6.2255826, 3.2572634, -9.727917), (6.9340205, 3.109648, -9.287058), (7.5482183, 2.961956, -8.845972), (8.077864, 2.8175924, -8.414825), (8.533343, 2.6788187, -8.000374), (8.924759, 2.546994, -7.606675), (9.26139, 2.4228082, -7.2357907), (-9.117973, 3.1803868, -7.1237416), (-8.772395, 3.3380156, -7.476814), (-8.372625, 3.5044878, -7.8496947), (-7.9100547, 3.6787462, -8.240016), (-7.375493, 3.858904, -8.64355), (-6.7597384, 4.041985, -9.053634), (-6.0545197, 4.223683, -9.460618), (-5.253902, 4.3981986, -9.851516), (-4.3561134, 4.558291, -10.210106), (-3.36554, 4.695657, -10.517792), (-2.2943847, 4.8017454, -10.755419), (-1.1632501, 4.868957, -10.905967), (0, 4.891996, -10.957572), (1.1632501, 4.868957, -10.905967), (2.2943847, 4.8017454, -10.755419), (3.36554, 4.695657, -10.517792), (4.3561134, 4.558291, -10.210106), (5.253902, 4.3981986, -9.851516), (6.0545197, 4.223683, -9.460618), (6.7597384, 4.041985, -9.053634), (7.375493, 3.858904, -8.64355), (7.9100547, 3.6787462, -8.240016), (8.372625, 3.5044878, -7.8496947), (8.772395, 3.3380156, -7.476814), (9.117973, 3.1803868, -7.1237416), (-8.94301, 3.8991988, -6.987046), (-8.587501, 4.084576, -7.3192263), (-8.178739, 4.279167, -7.6679173), (-7.7089167, 4.4815035, -8.030488), (-7.169909, 4.689176, -8.40262), (-6.553843, 4.8985877, -8.777868), (-5.8539853, 5.1047354, -9.147269), (-5.0659866, 5.301111, -9.499158), (-4.1894145, 5.4798193, -9.819388), (-3.229341, 5.6320376, -10.092151), (-2.197556, 5.7488747, -10.301514), (-1.1128627, 5.8225665, -10.433564), (0, 5.847768, -10.478722), (1.1128627, 5.8225665, -10.433564), (2.197556, 5.7488747, -10.301514), (3.229341, 5.6320376, -10.092151), (4.1894145, 5.4798193, -9.819388), (5.0659866, 5.301111, -9.499158), (5.8539853, 5.1047354, -9.147269), (6.553843, 4.8985877, -8.777868), (7.169909, 4.689176, -8.40262), (7.7089167, 4.4815035, -8.030488), (8.178739, 4.279167, -7.6679173), (8.587501, 4.084576, -7.3192263), (8.94301, 3.8991988, -6.987046), (-8.742251, 4.574, -6.8301954), (-8.376641, 4.781139, -7.1395087), (-7.959109, 4.997106, -7.4620047), (-7.482737, 5.2200193, -7.794873), (-6.940543, 5.447003, -8.13382), (-6.326028, 5.673972, -8.472745), (-5.633984, 5.895471, -8.803502), (-4.861562, 6.104638, -9.115844), (-4.0095077, 6.293398, -9.397712), (-3.083373, 6.4529595, -9.635981), (-2.0943503, 6.574662, -9.817715), (-1.0593456, 6.651074, -9.931818), (0, 6.677143, -9.970745), (1.0593456, 6.651074, -9.931818), (2.0943503, 6.574662, -9.817715), (3.083373, 6.4529595, -9.635981), (4.0095077, 6.293398, -9.397712), (4.861562, 6.104638, -9.115844), (5.633984, 5.895471, -8.803502), (6.326028, 5.673972, -8.472745), (6.940543, 5.447003, -8.13382), (7.482737, 5.2200193, -7.794873), (7.959109, 4.997106, -7.4620047), (8.376641, 4.781139, -7.1395087), (8.742251, 4.574, -6.8301954), (-8.521566, 5.201626, -6.6577773), (-8.1464, 5.4246783, -6.9432716), (-7.7210326, 5.655569, -7.238798), (-7.2394805, 5.8920417, -7.5414696), (-6.695912, 6.13085, -7.84713), (-6.085158, 6.367584, -8.150136), (-5.403423, 6.596577, -8.4432335), (-4.6491714, 6.8109303, -8.717593), (-3.8240929, 7.002762, -8.963126), (-2.933988, 7.1637106, -9.169131), (-1.9893044, 7.2857146, -9.32529), (-1.0050639, 7.361979, -9.422903), (0, 7.3879375, -9.456129), (1.0050639, 7.361979, -9.422903), (1.9893044, 7.2857146, -9.32529), (2.933988, 7.1637106, -9.169131), (3.8240929, 7.002762, -8.963126), (4.6491714, 6.8109303, -8.717593), (5.403423, 6.596577, -8.4432335), (6.085158, 6.367584, -8.150136), (6.695912, 6.13085, -7.84713), (7.2394805, 5.8920417, -7.5414696), (7.7210326, 5.655569, -7.238798), (8.1464, 5.4246783, -6.9432716), (8.521566, 5.201626, -6.6577773)]
                                color3f[] primvars:displayColor = [(0, 0.85, 0.95)] (
                                    interpolation = "constant"
                                )
                                float[] primvars:displayOpacity = [0.3] (
                                    interpolation = "constant"
                                )
                                uniform token purpose = "guide"
                                uniform token subdivisionScheme = "none"
                            }

                            def Mesh "Shell_identify" (
                                prepend apiSchemas = ["AecoDerivedGeometryAPI", "MaterialBindingAPI"]
                            )
                            {
                                uniform token aeco:derived:approx = "tessellated"
                                uniform token aeco:derived:role = "coverage"
                                string aeco:derived:source = "34321c5e-dd53-5220-a18c-e0a186cbc38a"
                                string aeco:derived:stamp = "usdAecoCctv derive 0.5.3"
                                uniform bool doubleSided = 1
                                float3[] extent = [(-3.191589, -2.4935427, -4.0501847), (3.191589, 2.4935427, 0)]
                                int[] faceVertexCounts = [4, 4, 4, 4, 4, 4, 4, 4, 4, 4, 4, 4, 4, 4, 4, 4, 4, 4, 4, 4, 4, 4, 4, 4, 4, 4, 4, 4, 4, 4, 4, 4, 4, 4, 4, 4, 4, 4, 4, 4, 4, 4, 4, 4, 4, 4, 4, 4, 4, 4, 4, 4, 4, 4, 4, 4, 4, 4, 4, 4, 4, 4, 4, 4, 4, 4, 4, 4, 4, 4, 4, 4, 4, 4, 4, 4, 4, 4, 4, 4, 4, 4, 4, 4, 4, 4, 4, 4, 4, 4, 4, 4, 4, 4, 4, 4, 4, 4, 4, 4, 4, 4, 4, 4, 4, 4, 4, 4, 4, 4, 4, 4, 4, 4, 4, 4, 4, 4, 4, 4, 4, 4, 4, 4, 4, 4, 4, 4, 4, 4, 4, 4, 4, 4, 4, 4, 4, 4, 4, 4, 4, 4, 4, 4, 4, 4, 4, 4, 4, 4, 4, 4, 4, 4, 4, 4, 4, 4, 4, 4, 4, 4, 4, 4, 4, 4, 4, 4, 4, 4, 4, 4, 4, 4, 4, 4, 4, 4, 4, 4, 4, 4, 4, 4, 4, 4, 4, 4, 4, 4, 4, 4, 4, 4, 4, 4, 4, 4, 4, 4, 4, 4, 4, 4, 4, 4, 4, 4, 4, 4, 4, 4, 4, 4, 4, 4, 4, 4, 4, 4, 4, 4, 4, 4, 4, 4, 4, 4, 4, 4, 4, 4, 4, 4, 4, 4, 4, 4, 4, 4, 4, 4, 4, 4, 4, 4, 4, 4, 4, 4, 4, 4, 4, 4, 4, 4, 4, 4, 4, 4, 4, 4, 4, 4, 4, 4, 4, 4, 4, 4, 4, 4, 4, 4, 4, 4, 4, 4, 4, 4, 4, 4, 4, 4, 4, 4, 4, 4, 4, 4, 4, 4, 4, 4, 4, 4, 4, 4, 4, 4, 4, 4, 4, 4, 4, 4, 4, 4, 4, 4, 4, 4, 4, 4, 4, 4, 4, 4, 4, 4, 4, 4, 4, 4, 4, 4, 4, 4, 4, 4, 4, 4, 4, 4, 4, 4, 3, 3, 3, 3, 3, 3, 3, 3, 3, 3, 3, 3, 3, 3, 3, 3, 3, 3, 3, 3, 3, 3, 3, 3, 3, 3, 3, 3, 3, 3, 3, 3, 3, 3, 3, 3, 3, 3, 3, 3, 3, 3, 3, 3, 3, 3, 3, 3, 3, 3, 3, 3, 3, 3, 3, 3, 3, 3, 3, 3, 3, 3, 3, 3, 3, 3, 3, 3, 3, 3, 3, 3, 3, 3, 3, 3]
                                int[] faceVertexIndices = [1, 26, 27, 2, 2, 27, 28, 3, 3, 28, 29, 4, 4, 29, 30, 5, 5, 30, 31, 6, 6, 31, 32, 7, 7, 32, 33, 8, 8, 33, 34, 9, 9, 34, 35, 10, 10, 35, 36, 11, 11, 36, 37, 12, 12, 37, 38, 13, 13, 38, 39, 14, 14, 39, 40, 15, 15, 40, 41, 16, 16, 41, 42, 17, 17, 42, 43, 18, 18, 43, 44, 19, 19, 44, 45, 20, 20, 45, 46, 21, 21, 46, 47, 22, 22, 47, 48, 23, 23, 48, 49, 24, 24, 49, 50, 25, 26, 51, 52, 27, 27, 52, 53, 28, 28, 53, 54, 29, 29, 54, 55, 30, 30, 55, 56, 31, 31, 56, 57, 32, 32, 57, 58, 33, 33, 58, 59, 34, 34, 59, 60, 35, 35, 60, 61, 36, 36, 61, 62, 37, 37, 62, 63, 38, 38, 63, 64, 39, 39, 64, 65, 40, 40, 65, 66, 41, 41, 66, 67, 42, 42, 67, 68, 43, 43, 68, 69, 44, 44, 69, 70, 45, 45, 70, 71, 46, 46, 71, 72, 47, 47, 72, 73, 48, 48, 73, 74, 49, 49, 74, 75, 50, 51, 76, 77, 52, 52, 77, 78, 53, 53, 78, 79, 54, 54, 79, 80, 55, 55, 80, 81, 56, 56, 81, 82, 57, 57, 82, 83, 58, 58, 83, 84, 59, 59, 84, 85, 60, 60, 85, 86, 61, 61, 86, 87, 62, 62, 87, 88, 63, 63, 88, 89, 64, 64, 89, 90, 65, 65, 90, 91, 66, 66, 91, 92, 67, 67, 92, 93, 68, 68, 93, 94, 69, 69, 94, 95, 70, 70, 95, 96, 71, 71, 96, 97, 72, 72, 97, 98, 73, 73, 98, 99, 74, 74, 99, 100, 75, 76, 101, 102, 77, 77, 102, 103, 78, 78, 103, 104, 79, 79, 104, 105, 80, 80, 105, 106, 81, 81, 106, 107, 82, 82, 107, 108, 83, 83, 108, 109, 84, 84, 109, 110, 85, 85, 110, 111, 86, 86, 111, 112, 87, 87, 112, 113, 88, 88, 113, 114, 89, 89, 114, 115, 90, 90, 115, 116, 91, 91, 116, 117, 92, 92, 117, 118, 93, 93, 118, 119, 94, 94, 119, 120, 95, 95, 120, 121, 96, 96, 121, 122, 97, 97, 122, 123, 98, 98, 123, 124, 99, 99, 124, 125, 100, 101, 126, 127, 102, 102, 127, 128, 103, 103, 128, 129, 104, 104, 129, 130, 105, 105, 130, 131, 106, 106, 131, 132, 107, 107, 132, 133, 108, 108, 133, 134, 109, 109, 134, 135, 110, 110, 135, 136, 111, 111, 136, 137, 112, 112, 137, 138, 113, 113, 138, 139, 114, 114, 139, 140, 115, 115, 140, 141, 116, 116, 141, 142, 117, 117, 142, 143, 118, 118, 143, 144, 119, 119, 144, 145, 120, 120, 145, 146, 121, 121, 146, 147, 122, 122, 147, 148, 123, 123, 148, 149, 124, 124, 149, 150, 125, 126, 151, 152, 127, 127, 152, 153, 128, 128, 153, 154, 129, 129, 154, 155, 130, 130, 155, 156, 131, 131, 156, 157, 132, 132, 157, 158, 133, 133, 158, 159, 134, 134, 159, 160, 135, 135, 160, 161, 136, 136, 161, 162, 137, 137, 162, 163, 138, 138, 163, 164, 139, 139, 164, 165, 140, 140, 165, 166, 141, 141, 166, 167, 142, 142, 167, 168, 143, 143, 168, 169, 144, 144, 169, 170, 145, 145, 170, 171, 146, 146, 171, 172, 147, 147, 172, 173, 148, 148, 173, 174, 149, 149, 174, 175, 150, 151, 176, 177, 152, 152, 177, 178, 153, 153, 178, 179, 154, 154, 179, 180, 155, 155, 180, 181, 156, 156, 181, 182, 157, 157, 182, 183, 158, 158, 183, 184, 159, 159, 184, 185, 160, 160, 185, 186, 161, 161, 186, 187, 162, 162, 187, 188, 163, 163, 188, 189, 164, 164, 189, 190, 165, 165, 190, 191, 166, 166, 191, 192, 167, 167, 192, 193, 168, 168, 193, 194, 169, 169, 194, 195, 170, 170, 195, 196, 171, 171, 196, 197, 172, 172, 197, 198, 173, 173, 198, 199, 174, 174, 199, 200, 175, 176, 201, 202, 177, 177, 202, 203, 178, 178, 203, 204, 179, 179, 204, 205, 180, 180, 205, 206, 181, 181, 206, 207, 182, 182, 207, 208, 183, 183, 208, 209, 184, 184, 209, 210, 185, 185, 210, 211, 186, 186, 211, 212, 187, 187, 212, 213, 188, 188, 213, 214, 189, 189, 214, 215, 190, 190, 215, 216, 191, 191, 216, 217, 192, 192, 217, 218, 193, 193, 218, 219, 194, 194, 219, 220, 195, 195, 220, 221, 196, 196, 221, 222, 197, 197, 222, 223, 198, 198, 223, 224, 199, 199, 224, 225, 200, 201, 226, 227, 202, 202, 227, 228, 203, 203, 228, 229, 204, 204, 229, 230, 205, 205, 230, 231, 206, 206, 231, 232, 207, 207, 232, 233, 208, 208, 233, 234, 209, 209, 234, 235, 210, 210, 235, 236, 211, 211, 236, 237, 212, 212, 237, 238, 213, 213, 238, 239, 214, 214, 239, 240, 215, 215, 240, 241, 216, 216, 241, 242, 217, 217, 242, 243, 218, 218, 243, 244, 219, 219, 244, 245, 220, 220, 245, 246, 221, 221, 246, 247, 222, 222, 247, 248, 223, 223, 248, 249, 224, 224, 249, 250, 225, 226, 251, 252, 227, 227, 252, 253, 228, 228, 253, 254, 229, 229, 254, 255, 230, 230, 255, 256, 231, 231, 256, 257, 232, 232, 257, 258, 233, 233, 258, 259, 234, 234, 259, 260, 235, 235, 260, 261, 236, 236, 261, 262, 237, 237, 262, 263, 238, 238, 263, 264, 239, 239, 264, 265, 240, 240, 265, 266, 241, 241, 266, 267, 242, 242, 267, 268, 243, 243, 268, 269, 244, 244, 269, 270, 245, 245, 270, 271, 246, 246, 271, 272, 247, 247, 272, 273, 248, 248, 273, 274, 249, 249, 274, 275, 250, 251, 276, 277, 252, 252, 277, 278, 253, 253, 278, 279, 254, 254, 279, 280, 255, 255, 280, 281, 256, 256, 281, 282, 257, 257, 282, 283, 258, 258, 283, 284, 259, 259, 284, 285, 260, 260, 285, 286, 261, 261, 286, 287, 262, 262, 287, 288, 263, 263, 288, 289, 264, 264, 289, 290, 265, 265, 290, 291, 266, 266, 291, 292, 267, 267, 292, 293, 268, 268, 293, 294, 269, 269, 294, 295, 270, 270, 295, 296, 271, 271, 296, 297, 272, 272, 297, 298, 273, 273, 298, 299, 274, 274, 299, 300, 275, 276, 301, 302, 277, 277, 302, 303, 278, 278, 303, 304, 279, 279, 304, 305, 280, 280, 305, 306, 281, 281, 306, 307, 282, 282, 307, 308, 283, 283, 308, 309, 284, 284, 309, 310, 285, 285, 310, 311, 286, 286, 311, 312, 287, 287, 312, 313, 288, 288, 313, 314, 289, 289, 314, 315, 290, 290, 315, 316, 291, 291, 316, 317, 292, 292, 317, 318, 293, 293, 318, 319, 294, 294, 319, 320, 295, 295, 320, 321, 296, 296, 321, 322, 297, 297, 322, 323, 298, 298, 323, 324, 299, 299, 324, 325, 300, 301, 326, 327, 302, 302, 327, 328, 303, 303, 328, 329, 304, 304, 329, 330, 305, 305, 330, 331, 306, 306, 331, 332, 307, 307, 332, 333, 308, 308, 333, 334, 309, 309, 334, 335, 310, 310, 335, 336, 311, 311, 336, 337, 312, 312, 337, 338, 313, 313, 338, 339, 314, 314, 339, 340, 315, 315, 340, 341, 316, 316, 341, 342, 317, 317, 342, 343, 318, 318, 343, 344, 319, 319, 344, 345, 320, 320, 345, 346, 321, 321, 346, 347, 322, 322, 347, 348, 323, 323, 348, 349, 324, 324, 349, 350, 325, 326, 351, 352, 327, 327, 352, 353, 328, 328, 353, 354, 329, 329, 354, 355, 330, 330, 355, 356, 331, 331, 356, 357, 332, 332, 357, 358, 333, 333, 358, 359, 334, 334, 359, 360, 335, 335, 360, 361, 336, 336, 361, 362, 337, 337, 362, 363, 338, 338, 363, 364, 339, 339, 364, 365, 340, 340, 365, 366, 341, 341, 366, 367, 342, 342, 367, 368, 343, 343, 368, 369, 344, 344, 369, 370, 345, 345, 370, 371, 346, 346, 371, 372, 347, 347, 372, 373, 348, 348, 373, 374, 349, 349, 374, 375, 350, 0, 1, 2, 0, 2, 3, 0, 3, 4, 0, 4, 5, 0, 5, 6, 0, 6, 7, 0, 7, 8, 0, 8, 9, 0, 9, 10, 0, 10, 11, 0, 11, 12, 0, 12, 13, 0, 13, 14, 0, 14, 15, 0, 15, 16, 0, 16, 17, 0, 17, 18, 0, 18, 19, 0, 19, 20, 0, 20, 21, 0, 21, 22, 0, 22, 23, 0, 23, 24, 0, 24, 25, 0, 352, 351, 0, 353, 352, 0, 354, 353, 0, 355, 354, 0, 356, 355, 0, 357, 356, 0, 358, 357, 0, 359, 358, 0, 360, 359, 0, 361, 360, 0, 362, 361, 0, 363, 362, 0, 364, 363, 0, 365, 364, 0, 366, 365, 0, 367, 366, 0, 368, 367, 0, 369, 368, 0, 370, 369, 0, 371, 370, 0, 372, 371, 0, 373, 372, 0, 374, 373, 0, 375, 374, 0, 26, 1, 0, 51, 26, 0, 76, 51, 0, 101, 76, 0, 126, 101, 0, 151, 126, 0, 176, 151, 0, 201, 176, 0, 226, 201, 0, 251, 226, 0, 276, 251, 0, 301, 276, 0, 326, 301, 0, 351, 326, 0, 25, 50, 0, 50, 75, 0, 75, 100, 0, 100, 125, 0, 125, 150, 0, 150, 175, 0, 175, 200, 0, 200, 225, 0, 225, 250, 0, 250, 275, 0, 275, 300, 0, 300, 325, 0, 325, 350, 0, 350, 375]
                                rel material:binding = </AecoCctvLooks/Shell_identify>
                                point3f[] points = [(0, 0, 0), (-2.8761597, -1.7556287, -2.2471023), (-2.7495356, -1.8309125, -2.343461), (-2.6059673, -1.9088415, -2.4432058), (-2.4434361, -1.9886547, -2.545362), (-2.2599733, -2.069256, -2.6485271), (-2.0538344, -2.1491578, -2.7507966), (-1.8237385, -2.2264462, -2.8497212), (-1.5691668, -2.2987938, -2.942322), (-1.2906902, -2.36354, -3.0251932), (-0.99026614, -2.4178624, -3.094723), (-0.6714209, -2.4590409, -3.1474288), (-0.33922452, -2.4847813, -3.1803749), (0, -2.4935427, -3.191589), (0.33922452, -2.4847813, -3.1803749), (0.6714209, -2.4590409, -3.1474288), (0.99026614, -2.4178624, -3.094723), (1.2906902, -2.36354, -3.0251932), (1.5691668, -2.2987938, -2.942322), (1.8237385, -2.2264462, -2.8497212), (2.0538344, -2.1491578, -2.7507966), (2.2599733, -2.069256, -2.6485271), (2.4434361, -1.9886547, -2.545362), (2.6059673, -1.9088415, -2.4432058), (2.7495356, -1.8309125, -2.343461), (2.8761597, -1.7556287, -2.2471023), (-2.9506443, -1.5437953, -2.305296), (-2.8272455, -1.613708, -2.4096942), (-2.6863217, -1.6866002, -2.5185416), (-2.525539, -1.7618368, -2.6308897), (-2.34254, -1.8384472, -2.7452893), (-2.1351318, -1.9150529, -2.8596818), (-1.9015564, -1.9898121, -2.9713173), (-1.6408519, -2.0604093, -3.0767376), (-1.3532705, -2.1241186, -3.1718724), (-1.0406859, -2.1779733, -3.2522917), (-0.70687544, -2.2190497, -3.3136296), (-0.35754544, -2.24484, -3.3521414), (0, -2.2536385, -3.36528), (0.35754544, -2.24484, -3.3521414), (0.70687544, -2.2190497, -3.3136296), (1.0406859, -2.1779733, -3.2522917), (1.3532705, -2.1241186, -3.1718724), (1.6408519, -2.0604093, -3.0767376), (1.9015564, -1.9898121, -2.9713173), (2.1351318, -1.9150529, -2.8596818), (2.34254, -1.8384472, -2.7452893), (2.525539, -1.7618368, -2.6308897), (2.6863217, -1.6866002, -2.5185416), (2.8272455, -1.613708, -2.4096942), (2.9506443, -1.5437953, -2.305296), (-3.0184038, -1.3160397, -2.3582354), (-2.8984137, -1.3786073, -2.4703515), (-2.7604504, -1.4442847, -2.58804), (-2.601878, -1.5125763, -2.7104132), (-2.4199548, -1.5826691, -2.8360138), (-2.212023, -1.6533487, -2.9626658), (-1.9758102, -1.7229269, -3.0873442), (-1.7098484, -1.7892066, -3.206112), (-1.4139919, -1.8495233, -3.3141947), (-1.0899523, -1.9008993, -3.4062562), (-0.741709, -1.9403337, -3.4769194), (-0.3756083, -1.9652059, -3.5214884), (0, -1.9737116, -3.5367298), (0.3756083, -1.9652059, -3.5214884), (0.741709, -1.9403337, -3.4769194), (1.0899523, -1.9008993, -3.4062562), (1.4139919, -1.8495233, -3.3141947), (1.7098484, -1.7892066, -3.206112), (1.9758102, -1.7229269, -3.0873442), (2.212023, -1.6533487, -2.9626658), (2.4199548, -1.5826691, -2.8360138), (2.601878, -1.5125763, -2.7104132), (2.7604504, -1.4442847, -2.58804), (2.8984137, -1.3786073, -2.4703515), (3.0184038, -1.3160397, -2.3582354), (-3.0774565, -1.0734295, -2.4043725), (-2.9608183, -1.1266316, -2.5235398), (-2.82589, -1.1828185, -2.6493926), (-2.6697652, -1.2416335, -2.7811322), (-2.4893425, -1.3024395, -2.9173312), (-2.2815158, -1.3642322, -3.0557408), (-2.0434935, -1.425558, -3.1931043), (-1.7732729, -1.4844598, -3.3250382), (-1.4702553, -1.5384933, -3.4460678), (-1.1359215, -1.5848565, -3.5499167), (-0.77439016, -1.6206629, -3.6301196), (-0.39261478, -1.643348, -3.6809316), (0, -1.651124, -3.698349), (0.39261478, -1.643348, -3.6809316), (0.77439016, -1.6206629, -3.6301196), (1.1359215, -1.5848565, -3.5499167), (1.4702553, -1.5384933, -3.4460678), (1.7732729, -1.4844598, -3.3250382), (2.0434935, -1.425558, -3.1931043), (2.2815158, -1.3642322, -3.0557408), (2.4893425, -1.3024395, -2.9173312), (2.6697652, -1.2416335, -2.7811322), (2.82589, -1.1828185, -2.6493926), (2.9608183, -1.1266316, -2.5235398), (3.0774565, -1.0734295, -2.4043725), (-3.1258614, -0.8177351, -2.4421906), (-3.0122433, -0.85964966, -2.56737), (-2.8801346, -0.90414256, -2.7002494), (-2.7264035, -0.9509808, -2.8401332), (-2.5476398, -0.99970573, -2.9856517), (-2.3403387, -1.049554, -3.134525), (-2.10123, -1.0993766, -3.2833214), (-1.827797, -1.1475778, -3.427276), (-1.5189817, -1.1921109, -3.5602756), (-1.175994, -1.2305747, -3.675149), (-0.8030272, -1.2604464, -3.7643616), (-0.4075667, -1.2794485, -3.821112), (0, -1.2859762, -3.840607), (0.4075667, -1.2794485, -3.821112), (0.8030272, -1.2604464, -3.7643616), (1.175994, -1.2305747, -3.675149), (1.5189817, -1.1921109, -3.5602756), (1.827797, -1.1475778, -3.427276), (2.10123, -1.0993766, -3.2833214), (2.3403387, -1.049554, -3.134525), (2.5476398, -0.99970573, -2.9856517), (2.7264035, -0.9509808, -2.8401332), (2.8801346, -0.90414256, -2.7002494), (3.0122433, -0.85964966, -2.56737), (3.1258614, -0.8177351, -2.4421906), (-3.1618693, -0.55143654, -2.470323), (-3.0506608, -0.58040893, -2.6001136), (-2.920851, -0.61128294, -2.7384226), (-2.76914, -0.643925, -2.8846524), (-2.5918813, -0.6780442, -3.0374994), (-2.3852546, -0.7131314, -3.194683), (-2.1456015, -0.7483946, -3.3526552), (-1.8699738, -0.7827055, -3.5063608), (-1.5569103, -0.8145851, -3.649175), (-1.2073616, -0.84226537, -3.773177), (-0.82554364, -0.8638591, -3.8699124), (-0.41935703, -0.8776408, -3.9316514), (0, -0.88238335, -3.952897), (0.41935703, -0.8776408, -3.9316514), (0.82554364, -0.8638591, -3.8699124), (1.2073616, -0.84226537, -3.773177), (1.5569103, -0.8145851, -3.649175), (1.8699738, -0.7827055, -3.5063608), (2.1456015, -0.7483946, -3.3526552), (2.3852546, -0.7131314, -3.194683), (2.5918813, -0.6780442, -3.0374994), (2.76914, -0.643925, -2.8846524), (2.920851, -0.61128294, -2.7384226), (3.0506608, -0.58040893, -2.6001136), (3.1618693, -0.55143654, -2.470323), (-3.1840806, -0.27765512, -2.4876764), (-3.074429, -0.2924655, -2.6203713), (-2.9461255, -0.30828622, -2.7621186), (-2.7957673, -0.3250584, -2.9123905), (-2.6195588, -0.34264234, -3.0699356), (-2.4134781, -0.36078477, -3.232484), (-2.1736126, -0.37908253, -3.3964248), (-1.8967258, -0.3969515, -3.556523), (-1.5810783, -0.41361496, -3.705821), (-1.2274313, -0.4281331, -3.8358977), (-0.839998, -0.43949217, -3.9376702), (-0.42694208, -0.4467575, -4.0027647), (0, -0.44926053, -4.025191), (0.42694208, -0.4467575, -4.0027647), (0.839998, -0.43949217, -3.9376702), (1.2274313, -0.4281331, -3.8358977), (1.5810783, -0.41361496, -3.705821), (1.8967258, -0.3969515, -3.556523), (2.1736126, -0.37908253, -3.3964248), (2.4134781, -0.36078477, -3.232484), (2.6195588, -0.34264234, -3.0699356), (2.7957673, -0.3250584, -2.9123905), (2.9461255, -0.30828622, -2.7621186), (3.074429, -0.2924655, -2.6203713), (3.1840806, -0.27765512, -2.4876764), (-3.191589, 0, -2.4935427), (-3.082476, 0, -2.62723), (-2.9546974, 0, -2.7701552), (-2.8048153, 0, -2.9218159), (-2.6289835, 0, -3.0809805), (-2.423111, 0, -3.245386), (-2.1831963, 0, -3.4113998), (-1.9059016, 0, -3.5737286), (-1.5893879, 0, -3.7252977), (-1.2343469, 0, -3.85751), (-0.8449875, 0, -3.9610596), (-0.4295634, 0, -4.0273404), (0, 0, -4.0501847), (0.4295634, 0, -4.0273404), (0.8449875, 0, -3.9610596), (1.2343469, 0, -3.85751), (1.5893879, 0, -3.7252977), (1.9059016, 0, -3.5737286), (2.1831963, 0, -3.4113998), (2.423111, 0, -3.245386), (2.6289835, 0, -3.0809805), (2.8048153, 0, -2.9218159), (2.9546974, 0, -2.7701552), (3.082476, 0, -2.62723), (3.191589, 0, -2.4935427), (-3.1840806, 0.27765512, -2.4876764), (-3.074429, 0.2924655, -2.6203713), (-2.9461255, 0.30828622, -2.7621186), (-2.7957673, 0.3250584, -2.9123905), (-2.6195588, 0.34264234, -3.0699356), (-2.4134781, 0.36078477, -3.232484), (-2.1736126, 0.37908253, -3.3964248), (-1.8967258, 0.3969515, -3.556523), (-1.5810783, 0.41361496, -3.705821), (-1.2274313, 0.4281331, -3.8358977), (-0.839998, 0.43949217, -3.9376702), (-0.42694208, 0.4467575, -4.0027647), (0, 0.44926053, -4.025191), (0.42694208, 0.4467575, -4.0027647), (0.839998, 0.43949217, -3.9376702), (1.2274313, 0.4281331, -3.8358977), (1.5810783, 0.41361496, -3.705821), (1.8967258, 0.3969515, -3.556523), (2.1736126, 0.37908253, -3.3964248), (2.4134781, 0.36078477, -3.232484), (2.6195588, 0.34264234, -3.0699356), (2.7957673, 0.3250584, -2.9123905), (2.9461255, 0.30828622, -2.7621186), (3.074429, 0.2924655, -2.6203713), (3.1840806, 0.27765512, -2.4876764), (-3.1618693, 0.55143654, -2.470323), (-3.0506608, 0.58040893, -2.6001136), (-2.920851, 0.61128294, -2.7384226), (-2.76914, 0.643925, -2.8846524), (-2.5918813, 0.6780442, -3.0374994), (-2.3852546, 0.7131314, -3.194683), (-2.1456015, 0.7483946, -3.3526552), (-1.8699738, 0.7827055, -3.5063608), (-1.5569103, 0.8145851, -3.649175), (-1.2073616, 0.84226537, -3.773177), (-0.82554364, 0.8638591, -3.8699124), (-0.41935703, 0.8776408, -3.9316514), (0, 0.88238335, -3.952897), (0.41935703, 0.8776408, -3.9316514), (0.82554364, 0.8638591, -3.8699124), (1.2073616, 0.84226537, -3.773177), (1.5569103, 0.8145851, -3.649175), (1.8699738, 0.7827055, -3.5063608), (2.1456015, 0.7483946, -3.3526552), (2.3852546, 0.7131314, -3.194683), (2.5918813, 0.6780442, -3.0374994), (2.76914, 0.643925, -2.8846524), (2.920851, 0.61128294, -2.7384226), (3.0506608, 0.58040893, -2.6001136), (3.1618693, 0.55143654, -2.470323), (-3.1258614, 0.8177351, -2.4421906), (-3.0122433, 0.85964966, -2.56737), (-2.8801346, 0.90414256, -2.7002494), (-2.7264035, 0.9509808, -2.8401332), (-2.5476398, 0.99970573, -2.9856517), (-2.3403387, 1.049554, -3.134525), (-2.10123, 1.0993766, -3.2833214), (-1.827797, 1.1475778, -3.427276), (-1.5189817, 1.1921109, -3.5602756), (-1.175994, 1.2305747, -3.675149), (-0.8030272, 1.2604464, -3.7643616), (-0.4075667, 1.2794485, -3.821112), (0, 1.2859762, -3.840607), (0.4075667, 1.2794485, -3.821112), (0.8030272, 1.2604464, -3.7643616), (1.175994, 1.2305747, -3.675149), (1.5189817, 1.1921109, -3.5602756), (1.827797, 1.1475778, -3.427276), (2.10123, 1.0993766, -3.2833214), (2.3403387, 1.049554, -3.134525), (2.5476398, 0.99970573, -2.9856517), (2.7264035, 0.9509808, -2.8401332), (2.8801346, 0.90414256, -2.7002494), (3.0122433, 0.85964966, -2.56737), (3.1258614, 0.8177351, -2.4421906), (-3.0774565, 1.0734295, -2.4043725), (-2.9608183, 1.1266316, -2.5235398), (-2.82589, 1.1828185, -2.6493926), (-2.6697652, 1.2416335, -2.7811322), (-2.4893425, 1.3024395, -2.9173312), (-2.2815158, 1.3642322, -3.0557408), (-2.0434935, 1.425558, -3.1931043), (-1.7732729, 1.4844598, -3.3250382), (-1.4702553, 1.5384933, -3.4460678), (-1.1359215, 1.5848565, -3.5499167), (-0.77439016, 1.6206629, -3.6301196), (-0.39261478, 1.643348, -3.6809316), (0, 1.651124, -3.698349), (0.39261478, 1.643348, -3.6809316), (0.77439016, 1.6206629, -3.6301196), (1.1359215, 1.5848565, -3.5499167), (1.4702553, 1.5384933, -3.4460678), (1.7732729, 1.4844598, -3.3250382), (2.0434935, 1.425558, -3.1931043), (2.2815158, 1.3642322, -3.0557408), (2.4893425, 1.3024395, -2.9173312), (2.6697652, 1.2416335, -2.7811322), (2.82589, 1.1828185, -2.6493926), (2.9608183, 1.1266316, -2.5235398), (3.0774565, 1.0734295, -2.4043725), (-3.0184038, 1.3160397, -2.3582354), (-2.8984137, 1.3786073, -2.4703515), (-2.7604504, 1.4442847, -2.58804), (-2.601878, 1.5125763, -2.7104132), (-2.4199548, 1.5826691, -2.8360138), (-2.212023, 1.6533487, -2.9626658), (-1.9758102, 1.7229269, -3.0873442), (-1.7098484, 1.7892066, -3.206112), (-1.4139919, 1.8495233, -3.3141947), (-1.0899523, 1.9008993, -3.4062562), (-0.741709, 1.9403337, -3.4769194), (-0.3756083, 1.9652059, -3.5214884), (0, 1.9737116, -3.5367298), (0.3756083, 1.9652059, -3.5214884), (0.741709, 1.9403337, -3.4769194), (1.0899523, 1.9008993, -3.4062562), (1.4139919, 1.8495233, -3.3141947), (1.7098484, 1.7892066, -3.206112), (1.9758102, 1.7229269, -3.0873442), (2.212023, 1.6533487, -2.9626658), (2.4199548, 1.5826691, -2.8360138), (2.601878, 1.5125763, -2.7104132), (2.7604504, 1.4442847, -2.58804), (2.8984137, 1.3786073, -2.4703515), (3.0184038, 1.3160397, -2.3582354), (-2.9506443, 1.5437953, -2.305296), (-2.8272455, 1.613708, -2.4096942), (-2.6863217, 1.6866002, -2.5185416), (-2.525539, 1.7618368, -2.6308897), (-2.34254, 1.8384472, -2.7452893), (-2.1351318, 1.9150529, -2.8596818), (-1.9015564, 1.9898121, -2.9713173), (-1.6408519, 2.0604093, -3.0767376), (-1.3532705, 2.1241186, -3.1718724), (-1.0406859, 2.1779733, -3.2522917), (-0.70687544, 2.2190497, -3.3136296), (-0.35754544, 2.24484, -3.3521414), (0, 2.2536385, -3.36528), (0.35754544, 2.24484, -3.3521414), (0.70687544, 2.2190497, -3.3136296), (1.0406859, 2.1779733, -3.2522917), (1.3532705, 2.1241186, -3.1718724), (1.6408519, 2.0604093, -3.0767376), (1.9015564, 1.9898121, -2.9713173), (2.1351318, 1.9150529, -2.8596818), (2.34254, 1.8384472, -2.7452893), (2.525539, 1.7618368, -2.6308897), (2.6863217, 1.6866002, -2.5185416), (2.8272455, 1.613708, -2.4096942), (2.9506443, 1.5437953, -2.305296), (-2.8761597, 1.7556287, -2.2471023), (-2.7495356, 1.8309125, -2.343461), (-2.6059673, 1.9088415, -2.4432058), (-2.4434361, 1.9886547, -2.545362), (-2.2599733, 2.069256, -2.6485271), (-2.0538344, 2.1491578, -2.7507966), (-1.8237385, 2.2264462, -2.8497212), (-1.5691668, 2.2987938, -2.942322), (-1.2906902, 2.36354, -3.0251932), (-0.99026614, 2.4178624, -3.094723), (-0.6714209, 2.4590409, -3.1474288), (-0.33922452, 2.4847813, -3.1803749), (0, 2.4935427, -3.191589), (0.33922452, 2.4847813, -3.1803749), (0.6714209, 2.4590409, -3.1474288), (0.99026614, 2.4178624, -3.094723), (1.2906902, 2.36354, -3.0251932), (1.5691668, 2.2987938, -2.942322), (1.8237385, 2.2264462, -2.8497212), (2.0538344, 2.1491578, -2.7507966), (2.2599733, 2.069256, -2.6485271), (2.4434361, 1.9886547, -2.545362), (2.6059673, 1.9088415, -2.4432058), (2.7495356, 1.8309125, -2.343461), (2.8761597, 1.7556287, -2.2471023)]
                                color3f[] primvars:displayColor = [(0, 0.5, 0.45)] (
                                    interpolation = "constant"
                                )
                                float[] primvars:displayOpacity = [0.3] (
                                    interpolation = "constant"
                                )
                                uniform token purpose = "guide"
                                uniform token subdivisionScheme = "none"
                            }

                            def Mesh "Shell_recognise" (
                                prepend apiSchemas = ["AecoDerivedGeometryAPI", "MaterialBindingAPI"]
                            )
                            {
                                uniform token aeco:derived:approx = "tessellated"
                                uniform token aeco:derived:role = "coverage"
                                string aeco:derived:source = "34321c5e-dd53-5220-a18c-e0a186cbc38a"
                                string aeco:derived:stamp = "usdAecoCctv derive 0.5.3"
                                uniform bool doubleSided = 1
                                float3[] extent = [(-6.383178, -4.9870853, -8.100369), (6.383178, 4.9870853, 0)]
                                int[] faceVertexCounts = [4, 4, 4, 4, 4, 4, 4, 4, 4, 4, 4, 4, 4, 4, 4, 4, 4, 4, 4, 4, 4, 4, 4, 4, 4, 4, 4, 4, 4, 4, 4, 4, 4, 4, 4, 4, 4, 4, 4, 4, 4, 4, 4, 4, 4, 4, 4, 4, 4, 4, 4, 4, 4, 4, 4, 4, 4, 4, 4, 4, 4, 4, 4, 4, 4, 4, 4, 4, 4, 4, 4, 4, 4, 4, 4, 4, 4, 4, 4, 4, 4, 4, 4, 4, 4, 4, 4, 4, 4, 4, 4, 4, 4, 4, 4, 4, 4, 4, 4, 4, 4, 4, 4, 4, 4, 4, 4, 4, 4, 4, 4, 4, 4, 4, 4, 4, 4, 4, 4, 4, 4, 4, 4, 4, 4, 4, 4, 4, 4, 4, 4, 4, 4, 4, 4, 4, 4, 4, 4, 4, 4, 4, 4, 4, 4, 4, 4, 4, 4, 4, 4, 4, 4, 4, 4, 4, 4, 4, 4, 4, 4, 4, 4, 4, 4, 4, 4, 4, 4, 4, 4, 4, 4, 4, 4, 4, 4, 4, 4, 4, 4, 4, 4, 4, 4, 4, 4, 4, 4, 4, 4, 4, 4, 4, 4, 4, 4, 4, 4, 4, 4, 4, 4, 4, 4, 4, 4, 4, 4, 4, 4, 4, 4, 4, 4, 4, 4, 4, 4, 4, 4, 4, 4, 4, 4, 4, 4, 4, 4, 4, 4, 4, 4, 4, 4, 4, 4, 4, 4, 4, 4, 4, 4, 4, 4, 4, 4, 4, 4, 4, 4, 4, 4, 4, 4, 4, 4, 4, 4, 4, 4, 4, 4, 4, 4, 4, 4, 4, 4, 4, 4, 4, 4, 4, 4, 4, 4, 4, 4, 4, 4, 4, 4, 4, 4, 4, 4, 4, 4, 4, 4, 4, 4, 4, 4, 4, 4, 4, 4, 4, 4, 4, 4, 4, 4, 4, 4, 4, 4, 4, 4, 4, 4, 4, 4, 4, 4, 4, 4, 4, 4, 4, 4, 4, 4, 4, 4, 4, 4, 4, 4, 4, 4, 4, 4, 4, 3, 3, 3, 3, 3, 3, 3, 3, 3, 3, 3, 3, 3, 3, 3, 3, 3, 3, 3, 3, 3, 3, 3, 3, 3, 3, 3, 3, 3, 3, 3, 3, 3, 3, 3, 3, 3, 3, 3, 3, 3, 3, 3, 3, 3, 3, 3, 3, 3, 3, 3, 3, 3, 3, 3, 3, 3, 3, 3, 3, 3, 3, 3, 3, 3, 3, 3, 3, 3, 3, 3, 3, 3, 3, 3, 3]
                                int[] faceVertexIndices = [1, 26, 27, 2, 2, 27, 28, 3, 3, 28, 29, 4, 4, 29, 30, 5, 5, 30, 31, 6, 6, 31, 32, 7, 7, 32, 33, 8, 8, 33, 34, 9, 9, 34, 35, 10, 10, 35, 36, 11, 11, 36, 37, 12, 12, 37, 38, 13, 13, 38, 39, 14, 14, 39, 40, 15, 15, 40, 41, 16, 16, 41, 42, 17, 17, 42, 43, 18, 18, 43, 44, 19, 19, 44, 45, 20, 20, 45, 46, 21, 21, 46, 47, 22, 22, 47, 48, 23, 23, 48, 49, 24, 24, 49, 50, 25, 26, 51, 52, 27, 27, 52, 53, 28, 28, 53, 54, 29, 29, 54, 55, 30, 30, 55, 56, 31, 31, 56, 57, 32, 32, 57, 58, 33, 33, 58, 59, 34, 34, 59, 60, 35, 35, 60, 61, 36, 36, 61, 62, 37, 37, 62, 63, 38, 38, 63, 64, 39, 39, 64, 65, 40, 40, 65, 66, 41, 41, 66, 67, 42, 42, 67, 68, 43, 43, 68, 69, 44, 44, 69, 70, 45, 45, 70, 71, 46, 46, 71, 72, 47, 47, 72, 73, 48, 48, 73, 74, 49, 49, 74, 75, 50, 51, 76, 77, 52, 52, 77, 78, 53, 53, 78, 79, 54, 54, 79, 80, 55, 55, 80, 81, 56, 56, 81, 82, 57, 57, 82, 83, 58, 58, 83, 84, 59, 59, 84, 85, 60, 60, 85, 86, 61, 61, 86, 87, 62, 62, 87, 88, 63, 63, 88, 89, 64, 64, 89, 90, 65, 65, 90, 91, 66, 66, 91, 92, 67, 67, 92, 93, 68, 68, 93, 94, 69, 69, 94, 95, 70, 70, 95, 96, 71, 71, 96, 97, 72, 72, 97, 98, 73, 73, 98, 99, 74, 74, 99, 100, 75, 76, 101, 102, 77, 77, 102, 103, 78, 78, 103, 104, 79, 79, 104, 105, 80, 80, 105, 106, 81, 81, 106, 107, 82, 82, 107, 108, 83, 83, 108, 109, 84, 84, 109, 110, 85, 85, 110, 111, 86, 86, 111, 112, 87, 87, 112, 113, 88, 88, 113, 114, 89, 89, 114, 115, 90, 90, 115, 116, 91, 91, 116, 117, 92, 92, 117, 118, 93, 93, 118, 119, 94, 94, 119, 120, 95, 95, 120, 121, 96, 96, 121, 122, 97, 97, 122, 123, 98, 98, 123, 124, 99, 99, 124, 125, 100, 101, 126, 127, 102, 102, 127, 128, 103, 103, 128, 129, 104, 104, 129, 130, 105, 105, 130, 131, 106, 106, 131, 132, 107, 107, 132, 133, 108, 108, 133, 134, 109, 109, 134, 135, 110, 110, 135, 136, 111, 111, 136, 137, 112, 112, 137, 138, 113, 113, 138, 139, 114, 114, 139, 140, 115, 115, 140, 141, 116, 116, 141, 142, 117, 117, 142, 143, 118, 118, 143, 144, 119, 119, 144, 145, 120, 120, 145, 146, 121, 121, 146, 147, 122, 122, 147, 148, 123, 123, 148, 149, 124, 124, 149, 150, 125, 126, 151, 152, 127, 127, 152, 153, 128, 128, 153, 154, 129, 129, 154, 155, 130, 130, 155, 156, 131, 131, 156, 157, 132, 132, 157, 158, 133, 133, 158, 159, 134, 134, 159, 160, 135, 135, 160, 161, 136, 136, 161, 162, 137, 137, 162, 163, 138, 138, 163, 164, 139, 139, 164, 165, 140, 140, 165, 166, 141, 141, 166, 167, 142, 142, 167, 168, 143, 143, 168, 169, 144, 144, 169, 170, 145, 145, 170, 171, 146, 146, 171, 172, 147, 147, 172, 173, 148, 148, 173, 174, 149, 149, 174, 175, 150, 151, 176, 177, 152, 152, 177, 178, 153, 153, 178, 179, 154, 154, 179, 180, 155, 155, 180, 181, 156, 156, 181, 182, 157, 157, 182, 183, 158, 158, 183, 184, 159, 159, 184, 185, 160, 160, 185, 186, 161, 161, 186, 187, 162, 162, 187, 188, 163, 163, 188, 189, 164, 164, 189, 190, 165, 165, 190, 191, 166, 166, 191, 192, 167, 167, 192, 193, 168, 168, 193, 194, 169, 169, 194, 195, 170, 170, 195, 196, 171, 171, 196, 197, 172, 172, 197, 198, 173, 173, 198, 199, 174, 174, 199, 200, 175, 176, 201, 202, 177, 177, 202, 203, 178, 178, 203, 204, 179, 179, 204, 205, 180, 180, 205, 206, 181, 181, 206, 207, 182, 182, 207, 208, 183, 183, 208, 209, 184, 184, 209, 210, 185, 185, 210, 211, 186, 186, 211, 212, 187, 187, 212, 213, 188, 188, 213, 214, 189, 189, 214, 215, 190, 190, 215, 216, 191, 191, 216, 217, 192, 192, 217, 218, 193, 193, 218, 219, 194, 194, 219, 220, 195, 195, 220, 221, 196, 196, 221, 222, 197, 197, 222, 223, 198, 198, 223, 224, 199, 199, 224, 225, 200, 201, 226, 227, 202, 202, 227, 228, 203, 203, 228, 229, 204, 204, 229, 230, 205, 205, 230, 231, 206, 206, 231, 232, 207, 207, 232, 233, 208, 208, 233, 234, 209, 209, 234, 235, 210, 210, 235, 236, 211, 211, 236, 237, 212, 212, 237, 238, 213, 213, 238, 239, 214, 214, 239, 240, 215, 215, 240, 241, 216, 216, 241, 242, 217, 217, 242, 243, 218, 218, 243, 244, 219, 219, 244, 245, 220, 220, 245, 246, 221, 221, 246, 247, 222, 222, 247, 248, 223, 223, 248, 249, 224, 224, 249, 250, 225, 226, 251, 252, 227, 227, 252, 253, 228, 228, 253, 254, 229, 229, 254, 255, 230, 230, 255, 256, 231, 231, 256, 257, 232, 232, 257, 258, 233, 233, 258, 259, 234, 234, 259, 260, 235, 235, 260, 261, 236, 236, 261, 262, 237, 237, 262, 263, 238, 238, 263, 264, 239, 239, 264, 265, 240, 240, 265, 266, 241, 241, 266, 267, 242, 242, 267, 268, 243, 243, 268, 269, 244, 244, 269, 270, 245, 245, 270, 271, 246, 246, 271, 272, 247, 247, 272, 273, 248, 248, 273, 274, 249, 249, 274, 275, 250, 251, 276, 277, 252, 252, 277, 278, 253, 253, 278, 279, 254, 254, 279, 280, 255, 255, 280, 281, 256, 256, 281, 282, 257, 257, 282, 283, 258, 258, 283, 284, 259, 259, 284, 285, 260, 260, 285, 286, 261, 261, 286, 287, 262, 262, 287, 288, 263, 263, 288, 289, 264, 264, 289, 290, 265, 265, 290, 291, 266, 266, 291, 292, 267, 267, 292, 293, 268, 268, 293, 294, 269, 269, 294, 295, 270, 270, 295, 296, 271, 271, 296, 297, 272, 272, 297, 298, 273, 273, 298, 299, 274, 274, 299, 300, 275, 276, 301, 302, 277, 277, 302, 303, 278, 278, 303, 304, 279, 279, 304, 305, 280, 280, 305, 306, 281, 281, 306, 307, 282, 282, 307, 308, 283, 283, 308, 309, 284, 284, 309, 310, 285, 285, 310, 311, 286, 286, 311, 312, 287, 287, 312, 313, 288, 288, 313, 314, 289, 289, 314, 315, 290, 290, 315, 316, 291, 291, 316, 317, 292, 292, 317, 318, 293, 293, 318, 319, 294, 294, 319, 320, 295, 295, 320, 321, 296, 296, 321, 322, 297, 297, 322, 323, 298, 298, 323, 324, 299, 299, 324, 325, 300, 301, 326, 327, 302, 302, 327, 328, 303, 303, 328, 329, 304, 304, 329, 330, 305, 305, 330, 331, 306, 306, 331, 332, 307, 307, 332, 333, 308, 308, 333, 334, 309, 309, 334, 335, 310, 310, 335, 336, 311, 311, 336, 337, 312, 312, 337, 338, 313, 313, 338, 339, 314, 314, 339, 340, 315, 315, 340, 341, 316, 316, 341, 342, 317, 317, 342, 343, 318, 318, 343, 344, 319, 319, 344, 345, 320, 320, 345, 346, 321, 321, 346, 347, 322, 322, 347, 348, 323, 323, 348, 349, 324, 324, 349, 350, 325, 326, 351, 352, 327, 327, 352, 353, 328, 328, 353, 354, 329, 329, 354, 355, 330, 330, 355, 356, 331, 331, 356, 357, 332, 332, 357, 358, 333, 333, 358, 359, 334, 334, 359, 360, 335, 335, 360, 361, 336, 336, 361, 362, 337, 337, 362, 363, 338, 338, 363, 364, 339, 339, 364, 365, 340, 340, 365, 366, 341, 341, 366, 367, 342, 342, 367, 368, 343, 343, 368, 369, 344, 344, 369, 370, 345, 345, 370, 371, 346, 346, 371, 372, 347, 347, 372, 373, 348, 348, 373, 374, 349, 349, 374, 375, 350, 0, 1, 2, 0, 2, 3, 0, 3, 4, 0, 4, 5, 0, 5, 6, 0, 6, 7, 0, 7, 8, 0, 8, 9, 0, 9, 10, 0, 10, 11, 0, 11, 12, 0, 12, 13, 0, 13, 14, 0, 14, 15, 0, 15, 16, 0, 16, 17, 0, 17, 18, 0, 18, 19, 0, 19, 20, 0, 20, 21, 0, 21, 22, 0, 22, 23, 0, 23, 24, 0, 24, 25, 0, 352, 351, 0, 353, 352, 0, 354, 353, 0, 355, 354, 0, 356, 355, 0, 357, 356, 0, 358, 357, 0, 359, 358, 0, 360, 359, 0, 361, 360, 0, 362, 361, 0, 363, 362, 0, 364, 363, 0, 365, 364, 0, 366, 365, 0, 367, 366, 0, 368, 367, 0, 369, 368, 0, 370, 369, 0, 371, 370, 0, 372, 371, 0, 373, 372, 0, 374, 373, 0, 375, 374, 0, 26, 1, 0, 51, 26, 0, 76, 51, 0, 101, 76, 0, 126, 101, 0, 151, 126, 0, 176, 151, 0, 201, 176, 0, 226, 201, 0, 251, 226, 0, 276, 251, 0, 301, 276, 0, 326, 301, 0, 351, 326, 0, 25, 50, 0, 50, 75, 0, 75, 100, 0, 100, 125, 0, 125, 150, 0, 150, 175, 0, 175, 200, 0, 200, 225, 0, 225, 250, 0, 250, 275, 0, 275, 300, 0, 300, 325, 0, 325, 350, 0, 350, 375]
                                rel material:binding = </AecoCctvLooks/Shell_recognise>
                                point3f[] points = [(0, 0, 0), (-5.7523193, -3.5112574, -4.4942045), (-5.499071, -3.661825, -4.686922), (-5.2119346, -3.817683, -4.8864117), (-4.8868723, -3.9773095, -5.090724), (-4.5199466, -4.138512, -5.2970543), (-4.107669, -4.2983155, -5.501593), (-3.647477, -4.4528923, -5.6994424), (-3.1383336, -4.5975876, -5.884644), (-2.5813804, -4.72708, -6.0503864), (-1.9805323, -4.835725, -6.189446), (-1.3428417, -4.9180818, -6.2948575), (-0.67844903, -4.9695625, -6.3607497), (0, -4.9870853, -6.383178), (0.67844903, -4.9695625, -6.3607497), (1.3428417, -4.9180818, -6.2948575), (1.9805323, -4.835725, -6.189446), (2.5813804, -4.72708, -6.0503864), (3.1383336, -4.5975876, -5.884644), (3.647477, -4.4528923, -5.6994424), (4.107669, -4.2983155, -5.501593), (4.5199466, -4.138512, -5.2970543), (4.8868723, -3.9773095, -5.090724), (5.2119346, -3.817683, -4.8864117), (5.499071, -3.661825, -4.686922), (5.7523193, -3.5112574, -4.4942045), (-5.9012885, -3.0875907, -4.610592), (-5.654491, -3.227416, -4.8193884), (-5.3726435, -3.3732004, -5.037083), (-5.051078, -3.5236735, -5.2617793), (-4.68508, -3.6768944, -5.4905787), (-4.2702637, -3.8301058, -5.7193637), (-3.8031127, -3.9796243, -5.9426346), (-3.2817037, -4.1208186, -6.1534753), (-2.706541, -4.248237, -6.3437448), (-2.0813718, -4.3559465, -6.5045834), (-1.4137509, -4.4380994, -6.6272593), (-0.7150909, -4.48968, -6.7042828), (0, -4.507277, -6.73056), (0.7150909, -4.48968, -6.7042828), (1.4137509, -4.4380994, -6.6272593), (2.0813718, -4.3559465, -6.5045834), (2.706541, -4.248237, -6.3437448), (3.2817037, -4.1208186, -6.1534753), (3.8031127, -3.9796243, -5.9426346), (4.2702637, -3.8301058, -5.7193637), (4.68508, -3.6768944, -5.4905787), (5.051078, -3.5236735, -5.2617793), (5.3726435, -3.3732004, -5.037083), (5.654491, -3.227416, -4.8193884), (5.9012885, -3.0875907, -4.610592), (-6.0368075, -2.6320794, -4.7164707), (-5.7968273, -2.7572145, -4.940703), (-5.5209007, -2.8885694, -5.17608), (-5.203756, -3.0251527, -5.4208264), (-4.8399096, -3.1653383, -5.6720276), (-4.424046, -3.3066974, -5.9253316), (-3.9516203, -3.4458537, -6.1746883), (-3.4196968, -3.5784132, -6.412224), (-2.8279839, -3.6990466, -6.6283894), (-2.1799047, -3.8017986, -6.8125124), (-1.483418, -3.8806674, -6.953839), (-0.7512166, -3.9304118, -7.042977), (0, -3.9474232, -7.0734596), (0.7512166, -3.9304118, -7.042977), (1.483418, -3.8806674, -6.953839), (2.1799047, -3.8017986, -6.8125124), (2.8279839, -3.6990466, -6.6283894), (3.4196968, -3.5784132, -6.412224), (3.9516203, -3.4458537, -6.1746883), (4.424046, -3.3066974, -5.9253316), (4.8399096, -3.1653383, -5.6720276), (5.203756, -3.0251527, -5.4208264), (5.5209007, -2.8885694, -5.17608), (5.7968273, -2.7572145, -4.940703), (6.0368075, -2.6320794, -4.7164707), (-6.154913, -2.146859, -4.808745), (-5.9216366, -2.2532632, -5.0470796), (-5.65178, -2.365637, -5.298785), (-5.3395305, -2.483267, -5.5622644), (-4.978685, -2.604879, -5.8346624), (-4.5630317, -2.7284644, -6.1114817), (-4.086987, -2.851116, -6.3862085), (-3.5465457, -2.9689195, -6.6500764), (-2.9405105, -3.0769866, -6.8921356), (-2.271843, -3.169713, -7.0998335), (-1.5487803, -3.2413259, -7.260239), (-0.78522956, -3.286696, -7.361863), (0, -3.302248, -7.396698), (0.78522956, -3.286696, -7.361863), (1.5487803, -3.2413259, -7.260239), (2.271843, -3.169713, -7.0998335), (2.9405105, -3.0769866, -6.8921356), (3.5465457, -2.9689195, -6.6500764), (4.086987, -2.851116, -6.3862085), (4.5630317, -2.7284644, -6.1114817), (4.978685, -2.604879, -5.8346624), (5.3395305, -2.483267, -5.5622644), (5.65178, -2.365637, -5.298785), (5.9216366, -2.2532632, -5.0470796), (6.154913, -2.146859, -4.808745), (-6.251723, -1.6354702, -4.8843813), (-6.0244865, -1.7192993, -5.13474), (-5.760269, -1.8082851, -5.400499), (-5.452807, -1.9019616, -5.6802664), (-5.0952797, -1.9994115, -5.9713035), (-4.6806774, -2.099108, -6.26905), (-4.20246, -2.198753, -6.5666428), (-3.655594, -2.2951555, -6.854552), (-3.0379634, -2.3842218, -7.120551), (-2.351988, -2.4611495, -7.350298), (-1.6060544, -2.5208929, -7.5287232), (-0.8151334, -2.558897, -7.642224), (0, -2.5719523, -7.681214), (0.8151334, -2.558897, -7.642224), (1.6060544, -2.5208929, -7.5287232), (2.351988, -2.4611495, -7.350298), (3.0379634, -2.3842218, -7.120551), (3.655594, -2.2951555, -6.854552), (4.20246, -2.198753, -6.5666428), (4.6806774, -2.099108, -6.26905), (5.0952797, -1.9994115, -5.9713035), (5.452807, -1.9019616, -5.6802664), (5.760269, -1.8082851, -5.400499), (6.0244865, -1.7192993, -5.13474), (6.251723, -1.6354702, -4.8843813), (-6.3237386, -1.1028731, -4.940646), (-6.1013217, -1.1608179, -5.2002273), (-5.841702, -1.2225659, -5.4768453), (-5.53828, -1.28785, -5.7693048), (-5.1837626, -1.3560884, -6.074999), (-4.7705092, -1.4262629, -6.389366), (-4.291203, -1.4967892, -6.7053103), (-3.7399476, -1.565411, -7.0127215), (-3.1138206, -1.6291702, -7.29835), (-2.4147232, -1.6845307, -7.546354), (-1.6510873, -1.7277182, -7.739825), (-0.83871406, -1.7552816, -7.8633027), (0, -1.7647667, -7.905794), (0.83871406, -1.7552816, -7.8633027), (1.6510873, -1.7277182, -7.739825), (2.4147232, -1.6845307, -7.546354), (3.1138206, -1.6291702, -7.29835), (3.7399476, -1.565411, -7.0127215), (4.291203, -1.4967892, -6.7053103), (4.7705092, -1.4262629, -6.389366), (5.1837626, -1.3560884, -6.074999), (5.53828, -1.28785, -5.7693048), (5.841702, -1.2225659, -5.4768453), (6.1013217, -1.1608179, -5.2002273), (6.3237386, -1.1028731, -4.940646), (-6.368161, -0.55531025, -4.975353), (-6.148858, -0.584931, -5.2407427), (-5.892251, -0.61657244, -5.524237), (-5.5915346, -0.6501168, -5.824781), (-5.2391176, -0.6852847, -6.139871), (-4.8269563, -0.72156954, -6.464968), (-4.347225, -0.75816506, -6.7928495), (-3.7934515, -0.793903, -7.113046), (-3.1621566, -0.8272299, -7.411642), (-2.4548626, -0.8562662, -7.6717954), (-1.679996, -0.87898433, -7.8753405), (-0.85388416, -0.893515, -8.005529), (0, -0.89852107, -8.050382), (0.85388416, -0.893515, -8.005529), (1.679996, -0.87898433, -7.8753405), (2.4548626, -0.8562662, -7.6717954), (3.1621566, -0.8272299, -7.411642), (3.7934515, -0.793903, -7.113046), (4.347225, -0.75816506, -6.7928495), (4.8269563, -0.72156954, -6.464968), (5.2391176, -0.6852847, -6.139871), (5.5915346, -0.6501168, -5.824781), (5.892251, -0.61657244, -5.524237), (6.148858, -0.584931, -5.2407427), (6.368161, -0.55531025, -4.975353), (-6.383178, 0, -4.9870853), (-6.164952, 0, -5.25446), (-5.9093947, 0, -5.5403104), (-5.6096306, 0, -5.8436317), (-5.257967, 0, -6.161961), (-4.846222, 0, -6.490772), (-4.3663926, 0, -6.8227997), (-3.811803, 0, -7.147457), (-3.1787758, 0, -7.4505954), (-2.4686937, 0, -7.71502), (-1.689975, 0, -7.922119), (-0.8591268, 0, -8.054681), (0, 0, -8.100369), (0.8591268, 0, -8.054681), (1.689975, 0, -7.922119), (2.4686937, 0, -7.71502), (3.1787758, 0, -7.4505954), (3.811803, 0, -7.147457), (4.3663926, 0, -6.8227997), (4.846222, 0, -6.490772), (5.257967, 0, -6.161961), (5.6096306, 0, -5.8436317), (5.9093947, 0, -5.5403104), (6.164952, 0, -5.25446), (6.383178, 0, -4.9870853), (-6.368161, 0.55531025, -4.975353), (-6.148858, 0.584931, -5.2407427), (-5.892251, 0.61657244, -5.524237), (-5.5915346, 0.6501168, -5.824781), (-5.2391176, 0.6852847, -6.139871), (-4.8269563, 0.72156954, -6.464968), (-4.347225, 0.75816506, -6.7928495), (-3.7934515, 0.793903, -7.113046), (-3.1621566, 0.8272299, -7.411642), (-2.4548626, 0.8562662, -7.6717954), (-1.679996, 0.87898433, -7.8753405), (-0.85388416, 0.893515, -8.005529), (0, 0.89852107, -8.050382), (0.85388416, 0.893515, -8.005529), (1.679996, 0.87898433, -7.8753405), (2.4548626, 0.8562662, -7.6717954), (3.1621566, 0.8272299, -7.411642), (3.7934515, 0.793903, -7.113046), (4.347225, 0.75816506, -6.7928495), (4.8269563, 0.72156954, -6.464968), (5.2391176, 0.6852847, -6.139871), (5.5915346, 0.6501168, -5.824781), (5.892251, 0.61657244, -5.524237), (6.148858, 0.584931, -5.2407427), (6.368161, 0.55531025, -4.975353), (-6.3237386, 1.1028731, -4.940646), (-6.1013217, 1.1608179, -5.2002273), (-5.841702, 1.2225659, -5.4768453), (-5.53828, 1.28785, -5.7693048), (-5.1837626, 1.3560884, -6.074999), (-4.7705092, 1.4262629, -6.389366), (-4.291203, 1.4967892, -6.7053103), (-3.7399476, 1.565411, -7.0127215), (-3.1138206, 1.6291702, -7.29835), (-2.4147232, 1.6845307, -7.546354), (-1.6510873, 1.7277182, -7.739825), (-0.83871406, 1.7552816, -7.8633027), (0, 1.7647667, -7.905794), (0.83871406, 1.7552816, -7.8633027), (1.6510873, 1.7277182, -7.739825), (2.4147232, 1.6845307, -7.546354), (3.1138206, 1.6291702, -7.29835), (3.7399476, 1.565411, -7.0127215), (4.291203, 1.4967892, -6.7053103), (4.7705092, 1.4262629, -6.389366), (5.1837626, 1.3560884, -6.074999), (5.53828, 1.28785, -5.7693048), (5.841702, 1.2225659, -5.4768453), (6.1013217, 1.1608179, -5.2002273), (6.3237386, 1.1028731, -4.940646), (-6.251723, 1.6354702, -4.8843813), (-6.0244865, 1.7192993, -5.13474), (-5.760269, 1.8082851, -5.400499), (-5.452807, 1.9019616, -5.6802664), (-5.0952797, 1.9994115, -5.9713035), (-4.6806774, 2.099108, -6.26905), (-4.20246, 2.198753, -6.5666428), (-3.655594, 2.2951555, -6.854552), (-3.0379634, 2.3842218, -7.120551), (-2.351988, 2.4611495, -7.350298), (-1.6060544, 2.5208929, -7.5287232), (-0.8151334, 2.558897, -7.642224), (0, 2.5719523, -7.681214), (0.8151334, 2.558897, -7.642224), (1.6060544, 2.5208929, -7.5287232), (2.351988, 2.4611495, -7.350298), (3.0379634, 2.3842218, -7.120551), (3.655594, 2.2951555, -6.854552), (4.20246, 2.198753, -6.5666428), (4.6806774, 2.099108, -6.26905), (5.0952797, 1.9994115, -5.9713035), (5.452807, 1.9019616, -5.6802664), (5.760269, 1.8082851, -5.400499), (6.0244865, 1.7192993, -5.13474), (6.251723, 1.6354702, -4.8843813), (-6.154913, 2.146859, -4.808745), (-5.9216366, 2.2532632, -5.0470796), (-5.65178, 2.365637, -5.298785), (-5.3395305, 2.483267, -5.5622644), (-4.978685, 2.604879, -5.8346624), (-4.5630317, 2.7284644, -6.1114817), (-4.086987, 2.851116, -6.3862085), (-3.5465457, 2.9689195, -6.6500764), (-2.9405105, 3.0769866, -6.8921356), (-2.271843, 3.169713, -7.0998335), (-1.5487803, 3.2413259, -7.260239), (-0.78522956, 3.286696, -7.361863), (0, 3.302248, -7.396698), (0.78522956, 3.286696, -7.361863), (1.5487803, 3.2413259, -7.260239), (2.271843, 3.169713, -7.0998335), (2.9405105, 3.0769866, -6.8921356), (3.5465457, 2.9689195, -6.6500764), (4.086987, 2.851116, -6.3862085), (4.5630317, 2.7284644, -6.1114817), (4.978685, 2.604879, -5.8346624), (5.3395305, 2.483267, -5.5622644), (5.65178, 2.365637, -5.298785), (5.9216366, 2.2532632, -5.0470796), (6.154913, 2.146859, -4.808745), (-6.0368075, 2.6320794, -4.7164707), (-5.7968273, 2.7572145, -4.940703), (-5.5209007, 2.8885694, -5.17608), (-5.203756, 3.0251527, -5.4208264), (-4.8399096, 3.1653383, -5.6720276), (-4.424046, 3.3066974, -5.9253316), (-3.9516203, 3.4458537, -6.1746883), (-3.4196968, 3.5784132, -6.412224), (-2.8279839, 3.6990466, -6.6283894), (-2.1799047, 3.8017986, -6.8125124), (-1.483418, 3.8806674, -6.953839), (-0.7512166, 3.9304118, -7.042977), (0, 3.9474232, -7.0734596), (0.7512166, 3.9304118, -7.042977), (1.483418, 3.8806674, -6.953839), (2.1799047, 3.8017986, -6.8125124), (2.8279839, 3.6990466, -6.6283894), (3.4196968, 3.5784132, -6.412224), (3.9516203, 3.4458537, -6.1746883), (4.424046, 3.3066974, -5.9253316), (4.8399096, 3.1653383, -5.6720276), (5.203756, 3.0251527, -5.4208264), (5.5209007, 2.8885694, -5.17608), (5.7968273, 2.7572145, -4.940703), (6.0368075, 2.6320794, -4.7164707), (-5.9012885, 3.0875907, -4.610592), (-5.654491, 3.227416, -4.8193884), (-5.3726435, 3.3732004, -5.037083), (-5.051078, 3.5236735, -5.2617793), (-4.68508, 3.6768944, -5.4905787), (-4.2702637, 3.8301058, -5.7193637), (-3.8031127, 3.9796243, -5.9426346), (-3.2817037, 4.1208186, -6.1534753), (-2.706541, 4.248237, -6.3437448), (-2.0813718, 4.3559465, -6.5045834), (-1.4137509, 4.4380994, -6.6272593), (-0.7150909, 4.48968, -6.7042828), (0, 4.507277, -6.73056), (0.7150909, 4.48968, -6.7042828), (1.4137509, 4.4380994, -6.6272593), (2.0813718, 4.3559465, -6.5045834), (2.706541, 4.248237, -6.3437448), (3.2817037, 4.1208186, -6.1534753), (3.8031127, 3.9796243, -5.9426346), (4.2702637, 3.8301058, -5.7193637), (4.68508, 3.6768944, -5.4905787), (5.051078, 3.5236735, -5.2617793), (5.3726435, 3.3732004, -5.037083), (5.654491, 3.227416, -4.8193884), (5.9012885, 3.0875907, -4.610592), (-5.7523193, 3.5112574, -4.4942045), (-5.499071, 3.661825, -4.686922), (-5.2119346, 3.817683, -4.8864117), (-4.8868723, 3.9773095, -5.090724), (-4.5199466, 4.138512, -5.2970543), (-4.107669, 4.2983155, -5.501593), (-3.647477, 4.4528923, -5.6994424), (-3.1383336, 4.5975876, -5.884644), (-2.5813804, 4.72708, -6.0503864), (-1.9805323, 4.835725, -6.189446), (-1.3428417, 4.9180818, -6.2948575), (-0.67844903, 4.9695625, -6.3607497), (0, 4.9870853, -6.383178), (0.67844903, 4.9695625, -6.3607497), (1.3428417, 4.9180818, -6.2948575), (1.9805323, 4.835725, -6.189446), (2.5813804, 4.72708, -6.0503864), (3.1383336, 4.5975876, -5.884644), (3.647477, 4.4528923, -5.6994424), (4.107669, 4.2983155, -5.501593), (4.5199466, 4.138512, -5.2970543), (4.8868723, 3.9773095, -5.090724), (5.2119346, 3.817683, -4.8864117), (5.499071, 3.661825, -4.686922), (5.7523193, 3.5112574, -4.4942045)]
                                color3f[] primvars:displayColor = [(0.18333334, 0.6166667, 0.56666666)] (
                                    interpolation = "constant"
                                )
                                float[] primvars:displayOpacity = [0.3] (
                                    interpolation = "constant"
                                )
                                uniform token purpose = "guide"
                                uniform token subdivisionScheme = "none"
                            }
                        }
                    }
                }

                over "Entrance_Lobby"
                {
                    over "sec_cam_lobby"
                    {
                        double aeco:cctv:mountHeight = 3.3

                        over "Sensor_0"
                        {
                            double aeco:cctvSensor:effectiveWidth = 7.791329723163196
                            double aeco:cctvSensor:hfov = 60.8
                            double aeco:cctvSensor:targetRange = 13.090243080945235
                            double aeco:cctvSensor:vfov = 36.5
                            float2 clippingRange = (0.05, 20)
                            float focalLength = 6.64
                            float horizontalAperture = 7.79133
                            float verticalAperture = 4.3790874
                            matrix4d xformOp:transform = ( (-0.8479983040050878, -0.5299989400031805, 0, 0), (0.1796971899168188, -0.2875155038669097, 0.9407676413292263, 0), (-0.4986058526937822, 0.7977693643100506, 0.3390519798317718, 0), (0, 0, 0, 1) )
                            matrix4d xformOp:transform.timeSamples = {
                                0: ( (-0.8479983040050878, -0.5299989400031805, 0, 0), (0.1796971899168188, -0.2875155038669097, 0.9407676413292263, 0), (-0.4986058526937822, 0.7977693643100506, 0.3390519798317718, 0), (0, 0, 0, 1) ),
                                84: ( (-0.8479983040050878, -0.5299989400031805, 0, 0), (0.1796971899168188, -0.2875155038669097, 0.9407676413292263, 0), (-0.4986058526937822, 0.7977693643100506, 0.3390519798317718, 0), (0, 0, 0, 1) ),
                                96: ( (-0.9593655015712705, -0.2821663239915504, 0, 0), (0.05317023471089933, -0.18077879801705757, 0.9820855117189622, 0), (-0.27711145868710024, 0.9421789595361401, 0.18843579190722823, 0), (0, 0, 0, 1) ),
                                180: ( (-0.9593655015712705, -0.2821663239915504, 0, 0), (0.05317023471089933, -0.18077879801705757, 0.9820855117189622, 0), (-0.27711145868710024, 0.9421789595361401, 0.18843579190722823, 0), (0, 0, 0, 1) ),
                                192: ( (0.124034734589208, -0.992277876713668, 0, 0), (0.38557712728261573, 0.04819714091032677, 0.9214159291680146, 0), (-0.914300641764989, -0.11428758022062317, 0.38857777275012045, 0), (0, 0, 0, 1) ),
                                276: ( (0.124034734589208, -0.992277876713668, 0, 0), (0.38557712728261573, 0.04819714091032677, 0.9214159291680146, 0), (-0.914300641764989, -0.11428758022062317, 0.38857777275012045, 0), (0, 0, 0, 1) ),
                                288: ( (-0.8479983040050878, -0.5299989400031805, 0, 0), (0.1796971899168188, -0.2875155038669097, 0.9407676413292263, 0), (-0.4986058526937822, 0.7977693643100506, 0.3390519798317718, 0), (0, 0, 0, 1) ),
                            }
                            uniform token[] xformOpOrder = ["xformOp:transform"]

                            def Mesh "Sector" (
                                prepend apiSchemas = ["AecoDerivedGeometryAPI", "MaterialBindingAPI"]
                            )
                            {
                                uniform token aeco:derived:approx = "tessellated"
                                uniform token aeco:derived:role = "sector"
                                string aeco:derived:source = "00a0fb25-9034-5fef-8654-da86aa317856"
                                string aeco:derived:stamp = "usdAecoCctv derive 0.5.3"
                                uniform bool doubleSided = 1
                                float3[] extent = [(-10.120675, -6.263276, -20), (10.120675, 6.263276, 0)]
                                int[] faceVertexCounts = [4, 4, 4, 4, 4, 4, 4, 4, 4, 4, 4, 4, 4, 4, 4, 4, 4, 4, 4, 4, 4, 4, 4, 4, 4, 4, 4, 4, 4, 4, 4, 4, 4, 4, 4, 4, 4, 4, 4, 4, 4, 4, 4, 4, 4, 4, 4, 4, 4, 4, 4, 4, 4, 4, 4, 4, 4, 4, 4, 4, 4, 4, 4, 4, 4, 4, 4, 4, 4, 4, 4, 4, 4, 4, 4, 4, 4, 4, 4, 4, 4, 4, 4, 4, 4, 4, 4, 4, 4, 4, 4, 4, 4, 4, 4, 4, 4, 4, 4, 4, 4, 4, 4, 4, 4, 4, 4, 4, 4, 4, 4, 4, 4, 4, 4, 4, 4, 4, 4, 4, 4, 4, 4, 4, 4, 4, 4, 4, 4, 4, 4, 4, 4, 4, 4, 4, 4, 4, 4, 4, 4, 4, 4, 4, 4, 4, 4, 4, 4, 4, 4, 4, 4, 4, 4, 4, 4, 4, 4, 4, 4, 4, 4, 4, 4, 4, 4, 4, 4, 4, 4, 4, 4, 4, 4, 4, 4, 4, 4, 4, 4, 4, 4, 4, 4, 4, 4, 4, 4, 4, 4, 4, 4, 4, 4, 4, 4, 4, 4, 4, 4, 4, 4, 4, 4, 4, 4, 4, 4, 4, 4, 4, 4, 4, 4, 4, 4, 4, 4, 4, 4, 4, 4, 4, 4, 4, 4, 4, 4, 4, 4, 4, 4, 4, 4, 4, 4, 4, 4, 4, 4, 4, 4, 4, 4, 4, 4, 4, 4, 4, 4, 4, 4, 4, 4, 4, 4, 4, 4, 4, 4, 4, 4, 4, 4, 4, 4, 4, 4, 4, 4, 4, 4, 4, 4, 4, 4, 4, 4, 4, 4, 4, 4, 4, 4, 4, 4, 4, 4, 4, 4, 4, 4, 4, 4, 4, 4, 4, 4, 4, 4, 4, 4, 4, 4, 4, 4, 4, 4, 4, 4, 4, 4, 4, 4, 4, 4, 4, 4, 4, 4, 4, 4, 4, 4, 4, 4, 4, 4, 4, 4, 4, 4, 4, 4, 4, 3, 3, 3, 3, 3, 3, 3, 3, 3, 3, 3, 3, 3, 3, 3, 3, 3, 3, 3, 3, 3, 3, 3, 3, 3, 3, 3, 3, 3, 3, 3, 3, 3, 3, 3, 3, 3, 3, 3, 3, 3, 3, 3, 3, 3, 3, 3, 3, 3, 3, 3, 3, 3, 3, 3, 3, 3, 3, 3, 3, 3, 3, 3, 3, 3, 3, 3, 3, 3, 3, 3, 3, 3, 3, 3, 3]
                                int[] faceVertexIndices = [1, 26, 27, 2, 2, 27, 28, 3, 3, 28, 29, 4, 4, 29, 30, 5, 5, 30, 31, 6, 6, 31, 32, 7, 7, 32, 33, 8, 8, 33, 34, 9, 9, 34, 35, 10, 10, 35, 36, 11, 11, 36, 37, 12, 12, 37, 38, 13, 13, 38, 39, 14, 14, 39, 40, 15, 15, 40, 41, 16, 16, 41, 42, 17, 17, 42, 43, 18, 18, 43, 44, 19, 19, 44, 45, 20, 20, 45, 46, 21, 21, 46, 47, 22, 22, 47, 48, 23, 23, 48, 49, 24, 24, 49, 50, 25, 26, 51, 52, 27, 27, 52, 53, 28, 28, 53, 54, 29, 29, 54, 55, 30, 30, 55, 56, 31, 31, 56, 57, 32, 32, 57, 58, 33, 33, 58, 59, 34, 34, 59, 60, 35, 35, 60, 61, 36, 36, 61, 62, 37, 37, 62, 63, 38, 38, 63, 64, 39, 39, 64, 65, 40, 40, 65, 66, 41, 41, 66, 67, 42, 42, 67, 68, 43, 43, 68, 69, 44, 44, 69, 70, 45, 45, 70, 71, 46, 46, 71, 72, 47, 47, 72, 73, 48, 48, 73, 74, 49, 49, 74, 75, 50, 51, 76, 77, 52, 52, 77, 78, 53, 53, 78, 79, 54, 54, 79, 80, 55, 55, 80, 81, 56, 56, 81, 82, 57, 57, 82, 83, 58, 58, 83, 84, 59, 59, 84, 85, 60, 60, 85, 86, 61, 61, 86, 87, 62, 62, 87, 88, 63, 63, 88, 89, 64, 64, 89, 90, 65, 65, 90, 91, 66, 66, 91, 92, 67, 67, 92, 93, 68, 68, 93, 94, 69, 69, 94, 95, 70, 70, 95, 96, 71, 71, 96, 97, 72, 72, 97, 98, 73, 73, 98, 99, 74, 74, 99, 100, 75, 76, 101, 102, 77, 77, 102, 103, 78, 78, 103, 104, 79, 79, 104, 105, 80, 80, 105, 106, 81, 81, 106, 107, 82, 82, 107, 108, 83, 83, 108, 109, 84, 84, 109, 110, 85, 85, 110, 111, 86, 86, 111, 112, 87, 87, 112, 113, 88, 88, 113, 114, 89, 89, 114, 115, 90, 90, 115, 116, 91, 91, 116, 117, 92, 92, 117, 118, 93, 93, 118, 119, 94, 94, 119, 120, 95, 95, 120, 121, 96, 96, 121, 122, 97, 97, 122, 123, 98, 98, 123, 124, 99, 99, 124, 125, 100, 101, 126, 127, 102, 102, 127, 128, 103, 103, 128, 129, 104, 104, 129, 130, 105, 105, 130, 131, 106, 106, 131, 132, 107, 107, 132, 133, 108, 108, 133, 134, 109, 109, 134, 135, 110, 110, 135, 136, 111, 111, 136, 137, 112, 112, 137, 138, 113, 113, 138, 139, 114, 114, 139, 140, 115, 115, 140, 141, 116, 116, 141, 142, 117, 117, 142, 143, 118, 118, 143, 144, 119, 119, 144, 145, 120, 120, 145, 146, 121, 121, 146, 147, 122, 122, 147, 148, 123, 123, 148, 149, 124, 124, 149, 150, 125, 126, 151, 152, 127, 127, 152, 153, 128, 128, 153, 154, 129, 129, 154, 155, 130, 130, 155, 156, 131, 131, 156, 157, 132, 132, 157, 158, 133, 133, 158, 159, 134, 134, 159, 160, 135, 135, 160, 161, 136, 136, 161, 162, 137, 137, 162, 163, 138, 138, 163, 164, 139, 139, 164, 165, 140, 140, 165, 166, 141, 141, 166, 167, 142, 142, 167, 168, 143, 143, 168, 169, 144, 144, 169, 170, 145, 145, 170, 171, 146, 146, 171, 172, 147, 147, 172, 173, 148, 148, 173, 174, 149, 149, 174, 175, 150, 151, 176, 177, 152, 152, 177, 178, 153, 153, 178, 179, 154, 154, 179, 180, 155, 155, 180, 181, 156, 156, 181, 182, 157, 157, 182, 183, 158, 158, 183, 184, 159, 159, 184, 185, 160, 160, 185, 186, 161, 161, 186, 187, 162, 162, 187, 188, 163, 163, 188, 189, 164, 164, 189, 190, 165, 165, 190, 191, 166, 166, 191, 192, 167, 167, 192, 193, 168, 168, 193, 194, 169, 169, 194, 195, 170, 170, 195, 196, 171, 171, 196, 197, 172, 172, 197, 198, 173, 173, 198, 199, 174, 174, 199, 200, 175, 176, 201, 202, 177, 177, 202, 203, 178, 178, 203, 204, 179, 179, 204, 205, 180, 180, 205, 206, 181, 181, 206, 207, 182, 182, 207, 208, 183, 183, 208, 209, 184, 184, 209, 210, 185, 185, 210, 211, 186, 186, 211, 212, 187, 187, 212, 213, 188, 188, 213, 214, 189, 189, 214, 215, 190, 190, 215, 216, 191, 191, 216, 217, 192, 192, 217, 218, 193, 193, 218, 219, 194, 194, 219, 220, 195, 195, 220, 221, 196, 196, 221, 222, 197, 197, 222, 223, 198, 198, 223, 224, 199, 199, 224, 225, 200, 201, 226, 227, 202, 202, 227, 228, 203, 203, 228, 229, 204, 204, 229, 230, 205, 205, 230, 231, 206, 206, 231, 232, 207, 207, 232, 233, 208, 208, 233, 234, 209, 209, 234, 235, 210, 210, 235, 236, 211, 211, 236, 237, 212, 212, 237, 238, 213, 213, 238, 239, 214, 214, 239, 240, 215, 215, 240, 241, 216, 216, 241, 242, 217, 217, 242, 243, 218, 218, 243, 244, 219, 219, 244, 245, 220, 220, 245, 246, 221, 221, 246, 247, 222, 222, 247, 248, 223, 223, 248, 249, 224, 224, 249, 250, 225, 226, 251, 252, 227, 227, 252, 253, 228, 228, 253, 254, 229, 229, 254, 255, 230, 230, 255, 256, 231, 231, 256, 257, 232, 232, 257, 258, 233, 233, 258, 259, 234, 234, 259, 260, 235, 235, 260, 261, 236, 236, 261, 262, 237, 237, 262, 263, 238, 238, 263, 264, 239, 239, 264, 265, 240, 240, 265, 266, 241, 241, 266, 267, 242, 242, 267, 268, 243, 243, 268, 269, 244, 244, 269, 270, 245, 245, 270, 271, 246, 246, 271, 272, 247, 247, 272, 273, 248, 248, 273, 274, 249, 249, 274, 275, 250, 251, 276, 277, 252, 252, 277, 278, 253, 253, 278, 279, 254, 254, 279, 280, 255, 255, 280, 281, 256, 256, 281, 282, 257, 257, 282, 283, 258, 258, 283, 284, 259, 259, 284, 285, 260, 260, 285, 286, 261, 261, 286, 287, 262, 262, 287, 288, 263, 263, 288, 289, 264, 264, 289, 290, 265, 265, 290, 291, 266, 266, 291, 292, 267, 267, 292, 293, 268, 268, 293, 294, 269, 269, 294, 295, 270, 270, 295, 296, 271, 271, 296, 297, 272, 272, 297, 298, 273, 273, 298, 299, 274, 274, 299, 300, 275, 276, 301, 302, 277, 277, 302, 303, 278, 278, 303, 304, 279, 279, 304, 305, 280, 280, 305, 306, 281, 281, 306, 307, 282, 282, 307, 308, 283, 283, 308, 309, 284, 284, 309, 310, 285, 285, 310, 311, 286, 286, 311, 312, 287, 287, 312, 313, 288, 288, 313, 314, 289, 289, 314, 315, 290, 290, 315, 316, 291, 291, 316, 317, 292, 292, 317, 318, 293, 293, 318, 319, 294, 294, 319, 320, 295, 295, 320, 321, 296, 296, 321, 322, 297, 297, 322, 323, 298, 298, 323, 324, 299, 299, 324, 325, 300, 301, 326, 327, 302, 302, 327, 328, 303, 303, 328, 329, 304, 304, 329, 330, 305, 305, 330, 331, 306, 306, 331, 332, 307, 307, 332, 333, 308, 308, 333, 334, 309, 309, 334, 335, 310, 310, 335, 336, 311, 311, 336, 337, 312, 312, 337, 338, 313, 313, 338, 339, 314, 314, 339, 340, 315, 315, 340, 341, 316, 316, 341, 342, 317, 317, 342, 343, 318, 318, 343, 344, 319, 319, 344, 345, 320, 320, 345, 346, 321, 321, 346, 347, 322, 322, 347, 348, 323, 323, 348, 349, 324, 324, 349, 350, 325, 326, 351, 352, 327, 327, 352, 353, 328, 328, 353, 354, 329, 329, 354, 355, 330, 330, 355, 356, 331, 331, 356, 357, 332, 332, 357, 358, 333, 333, 358, 359, 334, 334, 359, 360, 335, 335, 360, 361, 336, 336, 361, 362, 337, 337, 362, 363, 338, 338, 363, 364, 339, 339, 364, 365, 340, 340, 365, 366, 341, 341, 366, 367, 342, 342, 367, 368, 343, 343, 368, 369, 344, 344, 369, 370, 345, 345, 370, 371, 346, 346, 371, 372, 347, 347, 372, 373, 348, 348, 373, 374, 349, 349, 374, 375, 350, 0, 1, 2, 0, 2, 3, 0, 3, 4, 0, 4, 5, 0, 5, 6, 0, 6, 7, 0, 7, 8, 0, 8, 9, 0, 9, 10, 0, 10, 11, 0, 11, 12, 0, 12, 13, 0, 13, 14, 0, 14, 15, 0, 15, 16, 0, 16, 17, 0, 17, 18, 0, 18, 19, 0, 19, 20, 0, 20, 21, 0, 21, 22, 0, 22, 23, 0, 23, 24, 0, 24, 25, 0, 352, 351, 0, 353, 352, 0, 354, 353, 0, 355, 354, 0, 356, 355, 0, 357, 356, 0, 358, 357, 0, 359, 358, 0, 360, 359, 0, 361, 360, 0, 362, 361, 0, 363, 362, 0, 364, 363, 0, 365, 364, 0, 366, 365, 0, 367, 366, 0, 368, 367, 0, 369, 368, 0, 370, 369, 0, 371, 370, 0, 372, 371, 0, 373, 372, 0, 374, 373, 0, 375, 374, 0, 26, 1, 0, 51, 26, 0, 76, 51, 0, 101, 76, 0, 126, 101, 0, 151, 126, 0, 176, 151, 0, 201, 176, 0, 226, 201, 0, 251, 226, 0, 276, 251, 0, 301, 276, 0, 326, 301, 0, 351, 326, 0, 25, 50, 0, 50, 75, 0, 75, 100, 0, 100, 125, 0, 125, 150, 0, 150, 175, 0, 175, 200, 0, 200, 225, 0, 225, 250, 0, 250, 275, 0, 275, 300, 0, 300, 325, 0, 325, 350, 0, 350, 375]
                                rel material:binding = </AecoCctvLooks/Sector>
                                point3f[] points = [(0, 0, 0), (-9.734608, -5.471299, -16.592236), (-9.097164, -5.5778475, -16.915354), (-8.422752, -5.680771, -17.22748), (-7.711521, -5.778975, -17.525293), (-6.9641953, -5.8712993, -17.805275), (-6.182146, -5.956546, -18.063793), (-5.3674498, -6.0335093, -18.297192), (-4.52292, -6.101016, -18.501913), (-3.652112, -6.157967, -18.674622), (-2.7592847, -6.2033815, -18.812347), (-1.849327, -6.236443, -18.91261), (-0.9276425, -6.2565355, -18.973541), (0, -6.263276, -18.993982), (0.9276425, -6.2565355, -18.973541), (1.849327, -6.236443, -18.91261), (2.7592847, -6.2033815, -18.812347), (3.652112, -6.157967, -18.674622), (4.52292, -6.101016, -18.501913), (5.3674498, -6.0335093, -18.297192), (6.182146, -5.956546, -18.063793), (6.9641953, -5.8712993, -17.805275), (7.711521, -5.778975, -17.525293), (8.422752, -5.680771, -17.22748), (9.097164, -5.5778475, -16.915354), (9.734608, -5.471299, -16.592236), (-9.83271, -4.7369466, -16.759449), (-9.192506, -4.8311186, -17.092634), (-8.514367, -4.9221954, -17.414865), (-7.7983747, -5.0091968, -17.722677), (-7.0452023, -5.0910807, -18.012384), (-6.2561975, -5.166767, -18.280167), (-5.4334455, -5.235167, -18.522167), (-4.5798073, -5.2952156, -18.734621), (-3.6989248, -5.345914, -18.913994), (-2.795187, -5.3863688, -19.057123), (-1.8736517, -5.415834, -19.161371), (-0.9399244, -5.433747, -19.224749), (0, -5.4397573, -19.246014), (0.9399244, -5.433747, -19.224749), (1.8736517, -5.415834, -19.161371), (2.795187, -5.3863688, -19.057123), (3.6989248, -5.345914, -18.913994), (4.5798073, -5.2952156, -18.734621), (5.4334455, -5.235167, -18.522167), (6.2561975, -5.166767, -18.280167), (7.0452023, -5.0910807, -18.012384), (7.7983747, -5.0091968, -17.722677), (8.514367, -4.9221954, -17.414865), (9.192506, -4.8311186, -17.092634), (9.83271, -4.7369466, -16.759449), (-9.918079, -3.9817276, -16.904957), (-9.275565, -4.0623083, -17.247074), (-8.594268, -4.140322, -17.57829), (-7.8742046, -4.2149205, -17.895008), (-7.1160007, -4.285201, -18.193394), (-6.3209796, -4.3502235, -18.469456), (-5.4912314, -4.409037, -18.719154), (-4.629657, -4.46071, -18.938541), (-3.7399738, -4.5043674, -19.123892), (-2.826686, -4.539223, -19.27188), (-1.8950015, -4.5646214, -19.379711), (-0.9507068, -4.5800667, -19.445286), (0, -4.5852504, -19.467293), (0.9507068, -4.5800667, -19.445286), (1.8950015, -4.5646214, -19.379711), (2.826686, -4.539223, -19.27188), (3.7399738, -4.5043674, -19.123892), (4.629657, -4.46071, -18.938541), (5.4912314, -4.409037, -18.719154), (6.3209796, -4.3502235, -18.469456), (7.1160007, -4.285201, -18.193394), (7.8742046, -4.2149205, -17.895008), (8.594268, -4.140322, -17.57829), (9.275565, -4.0623083, -17.247074), (9.918079, -3.9817276, -16.904957), (-9.989605, -3.208354, -17.026869), (-9.345222, -3.2742527, -17.376596), (-8.661342, -3.338108, -17.715479), (-7.93792, -3.3992212, -18.03981), (-7.1755414, -3.456845, -18.345621), (-6.3755064, -3.5102, -18.628778), (-5.5399075, -3.558496, -18.885088), (-4.671676, -3.6009572, -19.11043), (-3.7745953, -3.636852, -19.300926), (-2.8532653, -3.6655245, -19.453093), (-1.9130231, -3.6864252, -19.564013), (-0.95981026, -3.6991384, -19.631483), (0, -3.7034056, -19.654129), (0.95981026, -3.6991384, -19.631483), (1.9130231, -3.6864252, -19.564013), (2.8532653, -3.6655245, -19.453093), (3.7745953, -3.636852, -19.300926), (4.671676, -3.6009572, -19.11043), (5.5399075, -3.558496, -18.885088), (6.3755064, -3.5102, -18.628778), (7.1755414, -3.456845, -18.345621), (7.93792, -3.3992212, -18.03981), (8.661342, -3.338108, -17.715479), (9.345222, -3.2742527, -17.376596), (9.989605, -3.208354, -17.026869), (-10.046318, -2.4199264, -17.123535), (-9.400499, -2.4702148, -17.479378), (-8.714609, -2.518978, -17.82443), (-7.98856, -2.5656798, -18.154894), (-7.2228985, -2.6097445, -18.4667), (-6.4189057, -2.650571, -18.755589), (-5.578675, -2.6875482, -19.017242), (-4.705161, -2.7200754, -19.247406), (-3.8021982, -2.7475855, -19.44207), (-2.8744648, -2.7695692, -19.597626), (-1.927401, -2.7855985, -19.711052), (-0.96707433, -2.795351, -19.78006), (0, -2.7986245, -19.803225), (0.96707433, -2.795351, -19.78006), (1.927401, -2.7855985, -19.711052), (2.8744648, -2.7695692, -19.597626), (3.8021982, -2.7475855, -19.44207), (4.705161, -2.7200754, -19.247406), (5.578675, -2.6875482, -19.017242), (6.4189057, -2.650571, -18.755589), (7.2228985, -2.6097445, -18.4667), (7.98856, -2.5656798, -18.154894), (8.714609, -2.518978, -17.82443), (9.400499, -2.4702148, -17.479378), (10.046318, -2.4199264, -17.123535), (-10.087424, -1.6198853, -17.1936), (-9.440589, -1.6538328, -17.55392), (-8.753265, -1.6867678, -17.903496), (-8.025331, -1.7183263, -18.23846), (-7.257305, -1.7481174, -18.554665), (-6.4504538, -1.7757322, -18.847769), (-5.606869, -1.800754, -19.113354), (-4.729524, -1.8227733, -19.347069), (-3.8222895, -1.8414028, -19.544804), (-2.8898997, -1.8562939, -19.70286), (-1.9378716, -1.8671544, -19.818132), (-0.9723652, -1.8737628, -19.888275), (0, -1.8759813, -19.911823), (0.9723652, -1.8737628, -19.888275), (1.9378716, -1.8671544, -19.818132), (2.8898997, -1.8562939, -19.70286), (3.8222895, -1.8414028, -19.544804), (4.729524, -1.8227733, -19.347069), (5.606869, -1.800754, -19.113354), (6.4504538, -1.7757322, -18.847769), (7.257305, -1.7481174, -18.554665), (8.025331, -1.7183263, -18.23846), (8.753265, -1.6867678, -17.903496), (9.440589, -1.6538328, -17.55392), (10.087424, -1.6198853, -17.1936), (-10.112331, -0.8119425, -17.236052), (-9.46489, -0.829045, -17.599106), (-8.776708, -0.84564257, -17.951443), (-8.047638, -0.86155134, -18.289156), (-7.2781863, -0.8765736, -18.608053), (-6.4696074, -0.8905024, -18.903734), (-5.6239924, -0.9031267, -19.171726), (-4.744325, -0.91423887, -19.407616), (-3.834498, -0.92364216, -19.607231), (-2.8992808, -0.9311599, -19.766819), (-1.9442365, -0.9366435, -19.883224), (-0.97558165, -0.9399805, -19.954063), (0, -0.9411008, -19.977846), (0.97558165, -0.9399805, -19.954063), (1.9442365, -0.9366435, -19.883224), (2.8992808, -0.9311599, -19.766819), (3.834498, -0.92364216, -19.607231), (4.744325, -0.91423887, -19.407616), (5.6239924, -0.9031267, -19.171726), (6.4696074, -0.8905024, -18.903734), (7.2781863, -0.8765736, -18.608053), (8.047638, -0.86155134, -18.289156), (8.776708, -0.84564257, -17.951443), (9.46489, -0.829045, -17.599106), (10.112331, -0.8119425, -17.236052), (-10.120675, 0, -17.250273), (-9.473032, 0, -17.614246), (-8.784563, 0, -17.96751), (-8.055116, 0, -18.30615), (-7.2851872, 0, -18.625952), (-6.47603, 0, -18.9225), (-5.629735, 0, -19.191301), (-4.74929, 0, -19.427925), (-3.8385937, 0, -19.628174), (-2.9024284, 0, -19.788277), (-1.9463722, 0, -19.905066), (-0.9766609, 0, -19.97614), (0, 0, -20), (0.9766609, 0, -19.97614), (1.9463722, 0, -19.905066), (2.9024284, 0, -19.788277), (3.8385937, 0, -19.628174), (4.74929, 0, -19.427925), (5.629735, 0, -19.191301), (6.47603, 0, -18.9225), (7.2851872, 0, -18.625952), (8.055116, 0, -18.30615), (8.784563, 0, -17.96751), (9.473032, 0, -17.614246), (10.120675, 0, -17.250273), (-10.112331, 0.8119425, -17.236052), (-9.46489, 0.829045, -17.599106), (-8.776708, 0.84564257, -17.951443), (-8.047638, 0.86155134, -18.289156), (-7.2781863, 0.8765736, -18.608053), (-6.4696074, 0.8905024, -18.903734), (-5.6239924, 0.9031267, -19.171726), (-4.744325, 0.91423887, -19.407616), (-3.834498, 0.92364216, -19.607231), (-2.8992808, 0.9311599, -19.766819), (-1.9442365, 0.9366435, -19.883224), (-0.97558165, 0.9399805, -19.954063), (0, 0.9411008, -19.977846), (0.97558165, 0.9399805, -19.954063), (1.9442365, 0.9366435, -19.883224), (2.8992808, 0.9311599, -19.766819), (3.834498, 0.92364216, -19.607231), (4.744325, 0.91423887, -19.407616), (5.6239924, 0.9031267, -19.171726), (6.4696074, 0.8905024, -18.903734), (7.2781863, 0.8765736, -18.608053), (8.047638, 0.86155134, -18.289156), (8.776708, 0.84564257, -17.951443), (9.46489, 0.829045, -17.599106), (10.112331, 0.8119425, -17.236052), (-10.087424, 1.6198853, -17.1936), (-9.440589, 1.6538328, -17.55392), (-8.753265, 1.6867678, -17.903496), (-8.025331, 1.7183263, -18.23846), (-7.257305, 1.7481174, -18.554665), (-6.4504538, 1.7757322, -18.847769), (-5.606869, 1.800754, -19.113354), (-4.729524, 1.8227733, -19.347069), (-3.8222895, 1.8414028, -19.544804), (-2.8898997, 1.8562939, -19.70286), (-1.9378716, 1.8671544, -19.818132), (-0.9723652, 1.8737628, -19.888275), (0, 1.8759813, -19.911823), (0.9723652, 1.8737628, -19.888275), (1.9378716, 1.8671544, -19.818132), (2.8898997, 1.8562939, -19.70286), (3.8222895, 1.8414028, -19.544804), (4.729524, 1.8227733, -19.347069), (5.606869, 1.800754, -19.113354), (6.4504538, 1.7757322, -18.847769), (7.257305, 1.7481174, -18.554665), (8.025331, 1.7183263, -18.23846), (8.753265, 1.6867678, -17.903496), (9.440589, 1.6538328, -17.55392), (10.087424, 1.6198853, -17.1936), (-10.046318, 2.4199264, -17.123535), (-9.400499, 2.4702148, -17.479378), (-8.714609, 2.518978, -17.82443), (-7.98856, 2.5656798, -18.154894), (-7.2228985, 2.6097445, -18.4667), (-6.4189057, 2.650571, -18.755589), (-5.578675, 2.6875482, -19.017242), (-4.705161, 2.7200754, -19.247406), (-3.8021982, 2.7475855, -19.44207), (-2.8744648, 2.7695692, -19.597626), (-1.927401, 2.7855985, -19.711052), (-0.96707433, 2.795351, -19.78006), (0, 2.7986245, -19.803225), (0.96707433, 2.795351, -19.78006), (1.927401, 2.7855985, -19.711052), (2.8744648, 2.7695692, -19.597626), (3.8021982, 2.7475855, -19.44207), (4.705161, 2.7200754, -19.247406), (5.578675, 2.6875482, -19.017242), (6.4189057, 2.650571, -18.755589), (7.2228985, 2.6097445, -18.4667), (7.98856, 2.5656798, -18.154894), (8.714609, 2.518978, -17.82443), (9.400499, 2.4702148, -17.479378), (10.046318, 2.4199264, -17.123535), (-9.989605, 3.208354, -17.026869), (-9.345222, 3.2742527, -17.376596), (-8.661342, 3.338108, -17.715479), (-7.93792, 3.3992212, -18.03981), (-7.1755414, 3.456845, -18.345621), (-6.3755064, 3.5102, -18.628778), (-5.5399075, 3.558496, -18.885088), (-4.671676, 3.6009572, -19.11043), (-3.7745953, 3.636852, -19.300926), (-2.8532653, 3.6655245, -19.453093), (-1.9130231, 3.6864252, -19.564013), (-0.95981026, 3.6991384, -19.631483), (0, 3.7034056, -19.654129), (0.95981026, 3.6991384, -19.631483), (1.9130231, 3.6864252, -19.564013), (2.8532653, 3.6655245, -19.453093), (3.7745953, 3.636852, -19.300926), (4.671676, 3.6009572, -19.11043), (5.5399075, 3.558496, -18.885088), (6.3755064, 3.5102, -18.628778), (7.1755414, 3.456845, -18.345621), (7.93792, 3.3992212, -18.03981), (8.661342, 3.338108, -17.715479), (9.345222, 3.2742527, -17.376596), (9.989605, 3.208354, -17.026869), (-9.918079, 3.9817276, -16.904957), (-9.275565, 4.0623083, -17.247074), (-8.594268, 4.140322, -17.57829), (-7.8742046, 4.2149205, -17.895008), (-7.1160007, 4.285201, -18.193394), (-6.3209796, 4.3502235, -18.469456), (-5.4912314, 4.409037, -18.719154), (-4.629657, 4.46071, -18.938541), (-3.7399738, 4.5043674, -19.123892), (-2.826686, 4.539223, -19.27188), (-1.8950015, 4.5646214, -19.379711), (-0.9507068, 4.5800667, -19.445286), (0, 4.5852504, -19.467293), (0.9507068, 4.5800667, -19.445286), (1.8950015, 4.5646214, -19.379711), (2.826686, 4.539223, -19.27188), (3.7399738, 4.5043674, -19.123892), (4.629657, 4.46071, -18.938541), (5.4912314, 4.409037, -18.719154), (6.3209796, 4.3502235, -18.469456), (7.1160007, 4.285201, -18.193394), (7.8742046, 4.2149205, -17.895008), (8.594268, 4.140322, -17.57829), (9.275565, 4.0623083, -17.247074), (9.918079, 3.9817276, -16.904957), (-9.83271, 4.7369466, -16.759449), (-9.192506, 4.8311186, -17.092634), (-8.514367, 4.9221954, -17.414865), (-7.7983747, 5.0091968, -17.722677), (-7.0452023, 5.0910807, -18.012384), (-6.2561975, 5.166767, -18.280167), (-5.4334455, 5.235167, -18.522167), (-4.5798073, 5.2952156, -18.734621), (-3.6989248, 5.345914, -18.913994), (-2.795187, 5.3863688, -19.057123), (-1.8736517, 5.415834, -19.161371), (-0.9399244, 5.433747, -19.224749), (0, 5.4397573, -19.246014), (0.9399244, 5.433747, -19.224749), (1.8736517, 5.415834, -19.161371), (2.795187, 5.3863688, -19.057123), (3.6989248, 5.345914, -18.913994), (4.5798073, 5.2952156, -18.734621), (5.4334455, 5.235167, -18.522167), (6.2561975, 5.166767, -18.280167), (7.0452023, 5.0910807, -18.012384), (7.7983747, 5.0091968, -17.722677), (8.514367, 4.9221954, -17.414865), (9.192506, 4.8311186, -17.092634), (9.83271, 4.7369466, -16.759449), (-9.734608, 5.471299, -16.592236), (-9.097164, 5.5778475, -16.915354), (-8.422752, 5.680771, -17.22748), (-7.711521, 5.778975, -17.525293), (-6.9641953, 5.8712993, -17.805275), (-6.182146, 5.956546, -18.063793), (-5.3674498, 6.0335093, -18.297192), (-4.52292, 6.101016, -18.501913), (-3.652112, 6.157967, -18.674622), (-2.7592847, 6.2033815, -18.812347), (-1.849327, 6.236443, -18.91261), (-0.9276425, 6.2565355, -18.973541), (0, 6.263276, -18.993982), (0.9276425, 6.2565355, -18.973541), (1.849327, 6.236443, -18.91261), (2.7592847, 6.2033815, -18.812347), (3.652112, 6.157967, -18.674622), (4.52292, 6.101016, -18.501913), (5.3674498, 6.0335093, -18.297192), (6.182146, 5.956546, -18.063793), (6.9641953, 5.8712993, -17.805275), (7.711521, 5.778975, -17.525293), (8.422752, 5.680771, -17.22748), (9.097164, 5.5778475, -16.915354), (9.734608, 5.471299, -16.592236)]
                                color3f[] primvars:displayColor = [(0, 0.85, 0.95)] (
                                    interpolation = "constant"
                                )
                                float[] primvars:displayOpacity = [0.3] (
                                    interpolation = "constant"
                                )
                                uniform token purpose = "guide"
                                uniform token subdivisionScheme = "none"
                            }

                            def Mesh "Shell_identify" (
                                prepend apiSchemas = ["AecoDerivedGeometryAPI", "MaterialBindingAPI"]
                            )
                            {
                                uniform token aeco:derived:approx = "tessellated"
                                uniform token aeco:derived:role = "coverage"
                                string aeco:derived:source = "00a0fb25-9034-5fef-8654-da86aa317856"
                                string aeco:derived:stamp = "usdAecoCctv derive 0.5.3"
                                uniform bool doubleSided = 1
                                float3[] extent = [(-6.624105, -4.0993905, -13.090243), (6.624105, 4.0993905, 0)]
                                int[] faceVertexCounts = [4, 4, 4, 4, 4, 4, 4, 4, 4, 4, 4, 4, 4, 4, 4, 4, 4, 4, 4, 4, 4, 4, 4, 4, 4, 4, 4, 4, 4, 4, 4, 4, 4, 4, 4, 4, 4, 4, 4, 4, 4, 4, 4, 4, 4, 4, 4, 4, 4, 4, 4, 4, 4, 4, 4, 4, 4, 4, 4, 4, 4, 4, 4, 4, 4, 4, 4, 4, 4, 4, 4, 4, 4, 4, 4, 4, 4, 4, 4, 4, 4, 4, 4, 4, 4, 4, 4, 4, 4, 4, 4, 4, 4, 4, 4, 4, 4, 4, 4, 4, 4, 4, 4, 4, 4, 4, 4, 4, 4, 4, 4, 4, 4, 4, 4, 4, 4, 4, 4, 4, 4, 4, 4, 4, 4, 4, 4, 4, 4, 4, 4, 4, 4, 4, 4, 4, 4, 4, 4, 4, 4, 4, 4, 4, 4, 4, 4, 4, 4, 4, 4, 4, 4, 4, 4, 4, 4, 4, 4, 4, 4, 4, 4, 4, 4, 4, 4, 4, 4, 4, 4, 4, 4, 4, 4, 4, 4, 4, 4, 4, 4, 4, 4, 4, 4, 4, 4, 4, 4, 4, 4, 4, 4, 4, 4, 4, 4, 4, 4, 4, 4, 4, 4, 4, 4, 4, 4, 4, 4, 4, 4, 4, 4, 4, 4, 4, 4, 4, 4, 4, 4, 4, 4, 4, 4, 4, 4, 4, 4, 4, 4, 4, 4, 4, 4, 4, 4, 4, 4, 4, 4, 4, 4, 4, 4, 4, 4, 4, 4, 4, 4, 4, 4, 4, 4, 4, 4, 4, 4, 4, 4, 4, 4, 4, 4, 4, 4, 4, 4, 4, 4, 4, 4, 4, 4, 4, 4, 4, 4, 4, 4, 4, 4, 4, 4, 4, 4, 4, 4, 4, 4, 4, 4, 4, 4, 4, 4, 4, 4, 4, 4, 4, 4, 4, 4, 4, 4, 4, 4, 4, 4, 4, 4, 4, 4, 4, 4, 4, 4, 4, 4, 4, 4, 4, 4, 4, 4, 4, 4, 4, 4, 4, 4, 4, 4, 4, 3, 3, 3, 3, 3, 3, 3, 3, 3, 3, 3, 3, 3, 3, 3, 3, 3, 3, 3, 3, 3, 3, 3, 3, 3, 3, 3, 3, 3, 3, 3, 3, 3, 3, 3, 3, 3, 3, 3, 3, 3, 3, 3, 3, 3, 3, 3, 3, 3, 3, 3, 3, 3, 3, 3, 3, 3, 3, 3, 3, 3, 3, 3, 3, 3, 3, 3, 3, 3, 3, 3, 3, 3, 3, 3, 3]
                                int[] faceVertexIndices = [1, 26, 27, 2, 2, 27, 28, 3, 3, 28, 29, 4, 4, 29, 30, 5, 5, 30, 31, 6, 6, 31, 32, 7, 7, 32, 33, 8, 8, 33, 34, 9, 9, 34, 35, 10, 10, 35, 36, 11, 11, 36, 37, 12, 12, 37, 38, 13, 13, 38, 39, 14, 14, 39, 40, 15, 15, 40, 41, 16, 16, 41, 42, 17, 17, 42, 43, 18, 18, 43, 44, 19, 19, 44, 45, 20, 20, 45, 46, 21, 21, 46, 47, 22, 22, 47, 48, 23, 23, 48, 49, 24, 24, 49, 50, 25, 26, 51, 52, 27, 27, 52, 53, 28, 28, 53, 54, 29, 29, 54, 55, 30, 30, 55, 56, 31, 31, 56, 57, 32, 32, 57, 58, 33, 33, 58, 59, 34, 34, 59, 60, 35, 35, 60, 61, 36, 36, 61, 62, 37, 37, 62, 63, 38, 38, 63, 64, 39, 39, 64, 65, 40, 40, 65, 66, 41, 41, 66, 67, 42, 42, 67, 68, 43, 43, 68, 69, 44, 44, 69, 70, 45, 45, 70, 71, 46, 46, 71, 72, 47, 47, 72, 73, 48, 48, 73, 74, 49, 49, 74, 75, 50, 51, 76, 77, 52, 52, 77, 78, 53, 53, 78, 79, 54, 54, 79, 80, 55, 55, 80, 81, 56, 56, 81, 82, 57, 57, 82, 83, 58, 58, 83, 84, 59, 59, 84, 85, 60, 60, 85, 86, 61, 61, 86, 87, 62, 62, 87, 88, 63, 63, 88, 89, 64, 64, 89, 90, 65, 65, 90, 91, 66, 66, 91, 92, 67, 67, 92, 93, 68, 68, 93, 94, 69, 69, 94, 95, 70, 70, 95, 96, 71, 71, 96, 97, 72, 72, 97, 98, 73, 73, 98, 99, 74, 74, 99, 100, 75, 76, 101, 102, 77, 77, 102, 103, 78, 78, 103, 104, 79, 79, 104, 105, 80, 80, 105, 106, 81, 81, 106, 107, 82, 82, 107, 108, 83, 83, 108, 109, 84, 84, 109, 110, 85, 85, 110, 111, 86, 86, 111, 112, 87, 87, 112, 113, 88, 88, 113, 114, 89, 89, 114, 115, 90, 90, 115, 116, 91, 91, 116, 117, 92, 92, 117, 118, 93, 93, 118, 119, 94, 94, 119, 120, 95, 95, 120, 121, 96, 96, 121, 122, 97, 97, 122, 123, 98, 98, 123, 124, 99, 99, 124, 125, 100, 101, 126, 127, 102, 102, 127, 128, 103, 103, 128, 129, 104, 104, 129, 130, 105, 105, 130, 131, 106, 106, 131, 132, 107, 107, 132, 133, 108, 108, 133, 134, 109, 109, 134, 135, 110, 110, 135, 136, 111, 111, 136, 137, 112, 112, 137, 138, 113, 113, 138, 139, 114, 114, 139, 140, 115, 115, 140, 141, 116, 116, 141, 142, 117, 117, 142, 143, 118, 118, 143, 144, 119, 119, 144, 145, 120, 120, 145, 146, 121, 121, 146, 147, 122, 122, 147, 148, 123, 123, 148, 149, 124, 124, 149, 150, 125, 126, 151, 152, 127, 127, 152, 153, 128, 128, 153, 154, 129, 129, 154, 155, 130, 130, 155, 156, 131, 131, 156, 157, 132, 132, 157, 158, 133, 133, 158, 159, 134, 134, 159, 160, 135, 135, 160, 161, 136, 136, 161, 162, 137, 137, 162, 163, 138, 138, 163, 164, 139, 139, 164, 165, 140, 140, 165, 166, 141, 141, 166, 167, 142, 142, 167, 168, 143, 143, 168, 169, 144, 144, 169, 170, 145, 145, 170, 171, 146, 146, 171, 172, 147, 147, 172, 173, 148, 148, 173, 174, 149, 149, 174, 175, 150, 151, 176, 177, 152, 152, 177, 178, 153, 153, 178, 179, 154, 154, 179, 180, 155, 155, 180, 181, 156, 156, 181, 182, 157, 157, 182, 183, 158, 158, 183, 184, 159, 159, 184, 185, 160, 160, 185, 186, 161, 161, 186, 187, 162, 162, 187, 188, 163, 163, 188, 189, 164, 164, 189, 190, 165, 165, 190, 191, 166, 166, 191, 192, 167, 167, 192, 193, 168, 168, 193, 194, 169, 169, 194, 195, 170, 170, 195, 196, 171, 171, 196, 197, 172, 172, 197, 198, 173, 173, 198, 199, 174, 174, 199, 200, 175, 176, 201, 202, 177, 177, 202, 203, 178, 178, 203, 204, 179, 179, 204, 205, 180, 180, 205, 206, 181, 181, 206, 207, 182, 182, 207, 208, 183, 183, 208, 209, 184, 184, 209, 210, 185, 185, 210, 211, 186, 186, 211, 212, 187, 187, 212, 213, 188, 188, 213, 214, 189, 189, 214, 215, 190, 190, 215, 216, 191, 191, 216, 217, 192, 192, 217, 218, 193, 193, 218, 219, 194, 194, 219, 220, 195, 195, 220, 221, 196, 196, 221, 222, 197, 197, 222, 223, 198, 198, 223, 224, 199, 199, 224, 225, 200, 201, 226, 227, 202, 202, 227, 228, 203, 203, 228, 229, 204, 204, 229, 230, 205, 205, 230, 231, 206, 206, 231, 232, 207, 207, 232, 233, 208, 208, 233, 234, 209, 209, 234, 235, 210, 210, 235, 236, 211, 211, 236, 237, 212, 212, 237, 238, 213, 213, 238, 239, 214, 214, 239, 240, 215, 215, 240, 241, 216, 216, 241, 242, 217, 217, 242, 243, 218, 218, 243, 244, 219, 219, 244, 245, 220, 220, 245, 246, 221, 221, 246, 247, 222, 222, 247, 248, 223, 223, 248, 249, 224, 224, 249, 250, 225, 226, 251, 252, 227, 227, 252, 253, 228, 228, 253, 254, 229, 229, 254, 255, 230, 230, 255, 256, 231, 231, 256, 257, 232, 232, 257, 258, 233, 233, 258, 259, 234, 234, 259, 260, 235, 235, 260, 261, 236, 236, 261, 262, 237, 237, 262, 263, 238, 238, 263, 264, 239, 239, 264, 265, 240, 240, 265, 266, 241, 241, 266, 267, 242, 242, 267, 268, 243, 243, 268, 269, 244, 244, 269, 270, 245, 245, 270, 271, 246, 246, 271, 272, 247, 247, 272, 273, 248, 248, 273, 274, 249, 249, 274, 275, 250, 251, 276, 277, 252, 252, 277, 278, 253, 253, 278, 279, 254, 254, 279, 280, 255, 255, 280, 281, 256, 256, 281, 282, 257, 257, 282, 283, 258, 258, 283, 284, 259, 259, 284, 285, 260, 260, 285, 286, 261, 261, 286, 287, 262, 262, 287, 288, 263, 263, 288, 289, 264, 264, 289, 290, 265, 265, 290, 291, 266, 266, 291, 292, 267, 267, 292, 293, 268, 268, 293, 294, 269, 269, 294, 295, 270, 270, 295, 296, 271, 271, 296, 297, 272, 272, 297, 298, 273, 273, 298, 299, 274, 274, 299, 300, 275, 276, 301, 302, 277, 277, 302, 303, 278, 278, 303, 304, 279, 279, 304, 305, 280, 280, 305, 306, 281, 281, 306, 307, 282, 282, 307, 308, 283, 283, 308, 309, 284, 284, 309, 310, 285, 285, 310, 311, 286, 286, 311, 312, 287, 287, 312, 313, 288, 288, 313, 314, 289, 289, 314, 315, 290, 290, 315, 316, 291, 291, 316, 317, 292, 292, 317, 318, 293, 293, 318, 319, 294, 294, 319, 320, 295, 295, 320, 321, 296, 296, 321, 322, 297, 297, 322, 323, 298, 298, 323, 324, 299, 299, 324, 325, 300, 301, 326, 327, 302, 302, 327, 328, 303, 303, 328, 329, 304, 304, 329, 330, 305, 305, 330, 331, 306, 306, 331, 332, 307, 307, 332, 333, 308, 308, 333, 334, 309, 309, 334, 335, 310, 310, 335, 336, 311, 311, 336, 337, 312, 312, 337, 338, 313, 313, 338, 339, 314, 314, 339, 340, 315, 315, 340, 341, 316, 316, 341, 342, 317, 317, 342, 343, 318, 318, 343, 344, 319, 319, 344, 345, 320, 320, 345, 346, 321, 321, 346, 347, 322, 322, 347, 348, 323, 323, 348, 349, 324, 324, 349, 350, 325, 326, 351, 352, 327, 327, 352, 353, 328, 328, 353, 354, 329, 329, 354, 355, 330, 330, 355, 356, 331, 331, 356, 357, 332, 332, 357, 358, 333, 333, 358, 359, 334, 334, 359, 360, 335, 335, 360, 361, 336, 336, 361, 362, 337, 337, 362, 363, 338, 338, 363, 364, 339, 339, 364, 365, 340, 340, 365, 366, 341, 341, 366, 367, 342, 342, 367, 368, 343, 343, 368, 369, 344, 344, 369, 370, 345, 345, 370, 371, 346, 346, 371, 372, 347, 347, 372, 373, 348, 348, 373, 374, 349, 349, 374, 375, 350, 0, 1, 2, 0, 2, 3, 0, 3, 4, 0, 4, 5, 0, 5, 6, 0, 6, 7, 0, 7, 8, 0, 8, 9, 0, 9, 10, 0, 10, 11, 0, 11, 12, 0, 12, 13, 0, 13, 14, 0, 14, 15, 0, 15, 16, 0, 16, 17, 0, 17, 18, 0, 18, 19, 0, 19, 20, 0, 20, 21, 0, 21, 22, 0, 22, 23, 0, 23, 24, 0, 24, 25, 0, 352, 351, 0, 353, 352, 0, 354, 353, 0, 355, 354, 0, 356, 355, 0, 357, 356, 0, 358, 357, 0, 359, 358, 0, 360, 359, 0, 361, 360, 0, 362, 361, 0, 363, 362, 0, 364, 363, 0, 365, 364, 0, 366, 365, 0, 367, 366, 0, 368, 367, 0, 369, 368, 0, 370, 369, 0, 371, 370, 0, 372, 371, 0, 373, 372, 0, 374, 373, 0, 375, 374, 0, 26, 1, 0, 51, 26, 0, 76, 51, 0, 101, 76, 0, 126, 101, 0, 151, 126, 0, 176, 151, 0, 201, 176, 0, 226, 201, 0, 251, 226, 0, 276, 251, 0, 301, 276, 0, 326, 301, 0, 351, 326, 0, 25, 50, 0, 50, 75, 0, 75, 100, 0, 100, 125, 0, 125, 150, 0, 150, 175, 0, 175, 200, 0, 200, 225, 0, 225, 250, 0, 250, 275, 0, 275, 300, 0, 300, 325, 0, 325, 350, 0, 350, 375]
                                rel material:binding = </AecoCctvLooks/Shell_identify>
                                point3f[] points = [(0, 0, 0), (-6.371419, -3.5810318, -10.85982), (-5.9542046, -3.650769, -11.071305), (-5.5127935, -3.7181337, -11.275596), (-5.047284, -3.7824094, -11.470517), (-4.5581503, -3.8428366, -11.6537695), (-4.04629, -3.8986316, -11.822972), (-3.513061, -3.9490051, -11.975735), (-2.9603062, -3.993189, -12.109727), (-2.3903518, -4.030464, -12.222767), (-1.8059853, -4.060189, -12.31291), (-1.2104069, -4.0818276, -12.378532), (-0.6071533, -4.0949783, -12.418413), (0, -4.0993905, -12.431792), (0.6071533, -4.0949783, -12.418413), (1.2104069, -4.0818276, -12.378532), (1.8059853, -4.060189, -12.31291), (2.3903518, -4.030464, -12.222767), (2.9603062, -3.993189, -12.109727), (3.513061, -3.9490051, -11.975735), (4.04629, -3.8986316, -11.822972), (4.5581503, -3.8428366, -11.6537695), (5.047284, -3.7824094, -11.470517), (5.5127935, -3.7181337, -11.275596), (5.9542046, -3.650769, -11.071305), (6.371419, -3.5810318, -10.85982), (-6.4356284, -3.100389, -10.969263), (-6.016607, -3.162026, -11.187336), (-5.572757, -3.2216368, -11.398241), (-5.104131, -3.27858, -11.599708), (-4.611171, -3.332174, -11.789325), (-4.0947576, -3.381712, -11.964592), (-3.5562563, -3.4264805, -12.122984), (-2.9975395, -3.465783, -12.262037), (-2.4209912, -3.4989657, -12.379438), (-1.8294839, -3.5254438, -12.473119), (-1.2263278, -3.544729, -12.54135), (-0.61519194, -3.5564532, -12.582831), (0, -3.5603874, -12.59675), (0.61519194, -3.5564532, -12.582831), (1.2263278, -3.544729, -12.54135), (1.8294839, -3.5254438, -12.473119), (2.4209912, -3.4989657, -12.379438), (2.9975395, -3.465783, -12.262037), (3.5562563, -3.4264805, -12.122984), (4.0947576, -3.381712, -11.964592), (4.611171, -3.332174, -11.789325), (5.104131, -3.27858, -11.599708), (5.572757, -3.2216368, -11.398241), (6.016607, -3.162026, -11.187336), (6.4356284, -3.100389, -10.969263), (-6.4915032, -2.606089, -11.0645), (-6.07097, -2.6588304, -11.28842), (-5.625053, -2.709891, -11.505204), (-5.153763, -2.7587168, -11.712501), (-4.657509, -2.8047163, -11.907798), (-4.137158, -2.847274, -12.088483), (-3.5940778, -2.8857682, -12.251915), (-3.0301666, -2.919589, -12.395505), (-2.4478583, -2.948163, -12.51682), (-1.8501003, -2.9709768, -12.613679), (-1.2403015, -2.9876003, -12.684257), (-0.6222491, -2.9977095, -12.727176), (0, -3.001102, -12.74158), (0.6222491, -2.9977095, -12.727176), (1.2403015, -2.9876003, -12.684257), (1.8501003, -2.9709768, -12.613679), (2.4478583, -2.948163, -12.51682), (3.0301666, -2.919589, -12.395505), (3.5940778, -2.8857682, -12.251915), (4.137158, -2.847274, -12.088483), (4.657509, -2.8047163, -11.907798), (5.153763, -2.7587168, -11.712501), (5.625053, -2.709891, -11.505204), (6.07097, -2.6588304, -11.28842), (6.4915032, -2.606089, -11.0645), (-6.5383177, -2.0999067, -11.144293), (-6.116562, -2.143038, -11.373193), (-5.6689534, -2.1848323, -11.594996), (-5.195465, -2.2248316, -11.807275), (-4.6964793, -2.262547, -12.007432), (-4.1728463, -2.2974687, -12.192762), (-3.6259367, -2.329079, -12.360519), (-3.057669, -2.3568702, -12.508009), (-2.4705186, -2.3803637, -12.63269), (-1.8674968, -2.3991303, -12.7322855), (-1.2520969, -2.41281, -12.804884), (-0.62820745, -2.4211311, -12.849045), (0, -2.423924, -12.863866), (0.62820745, -2.4211311, -12.849045), (1.2520969, -2.41281, -12.804884), (1.8674968, -2.3991303, -12.7322855), (2.4705186, -2.3803637, -12.63269), (3.057669, -2.3568702, -12.508009), (3.6259367, -2.329079, -12.360519), (4.1728463, -2.2974687, -12.192762), (4.6964793, -2.262547, -12.007432), (5.195465, -2.2248316, -11.807275), (5.6689534, -2.1848323, -11.594996), (6.116562, -2.143038, -11.373193), (6.5383177, -2.0999067, -11.144293), (-6.5754375, -1.5838712, -11.2075615), (-6.152741, -1.6167855, -11.440465), (-5.703818, -1.6487018, -11.6663065), (-5.2286096, -1.6792687, -11.882599), (-4.7274747, -1.7081096, -12.0866785), (-4.201252, -1.734831, -12.275761), (-3.6513104, -1.759033, -12.447016), (-3.079585, -1.7803224, -12.597661), (-2.488585, -1.7983282, -12.725071), (-1.8813721, -1.8127166, -12.826884), (-1.2615073, -1.8232082, -12.901123), (-0.6329619, -1.8295912, -12.94629), (0, -1.8317338, -12.961452), (0.6329619, -1.8295912, -12.94629), (1.2615073, -1.8232082, -12.901123), (1.8813721, -1.8127166, -12.826884), (2.488585, -1.7983282, -12.725071), (3.079585, -1.7803224, -12.597661), (3.6513104, -1.759033, -12.447016), (4.201252, -1.734831, -12.275761), (4.7274747, -1.7081096, -12.0866785), (5.2286096, -1.6792687, -11.882599), (5.703818, -1.6487018, -11.6663065), (6.152741, -1.6167855, -11.440465), (6.5754375, -1.5838712, -11.2075615), (-6.602342, -1.0602347, -11.253419), (-6.17898, -1.0824537, -11.489254), (-5.729119, -1.1040101, -11.718056), (-5.2526765, -1.1246655, -11.937294), (-4.7499943, -1.1441641, -12.144254), (-4.2219005, -1.1622382, -12.336094), (-3.669764, -1.1786153, -12.509923), (-3.0955312, -1.1930273, -12.662892), (-2.5017347, -1.2052205, -12.792312), (-1.8914745, -1.2149669, -12.895761), (-1.2683605, -1.2220752, -12.971209), (-0.63642484, -1.2264005, -13.017118), (0, -1.2278526, -13.03253), (0.63642484, -1.2264005, -13.017118), (1.2683605, -1.2220752, -12.971209), (1.8914745, -1.2149669, -12.895761), (2.5017347, -1.2052205, -12.792312), (3.0955312, -1.1930273, -12.662892), (3.669764, -1.1786153, -12.509923), (4.2219005, -1.1622382, -12.336094), (4.7499943, -1.1441641, -12.144254), (5.2526765, -1.1246655, -11.937294), (5.729119, -1.1040101, -11.718056), (6.17898, -1.0824537, -11.489254), (6.602342, -1.0602347, -11.253419), (-6.618644, -0.53142625, -11.281206), (-6.1948853, -0.54262, -11.518829), (-5.7444615, -0.55348337, -11.749437), (-5.2672772, -0.5638958, -11.970475), (-4.7636614, -0.5737281, -12.179196), (-4.2344365, -0.5828447, -12.372725), (-3.6809714, -0.5911074, -12.548127), (-3.1052184, -0.59838045, -12.70252), (-2.5097256, -0.60453504, -12.833171), (-1.8976146, -0.60945547, -12.937623), (-1.2725264, -0.61304456, -13.013812), (-0.6385301, -0.61522865, -13.060178), (0, -0.6159619, -13.075743), (0.6385301, -0.61522865, -13.060178), (1.2725264, -0.61304456, -13.013812), (1.8976146, -0.60945547, -12.937623), (2.5097256, -0.60453504, -12.833171), (3.1052184, -0.59838045, -12.70252), (3.6809714, -0.5911074, -12.548127), (4.2344365, -0.5828447, -12.372725), (4.7636614, -0.5737281, -12.179196), (5.2672772, -0.5638958, -11.970475), (5.7444615, -0.55348337, -11.749437), (6.1948853, -0.54262, -11.518829), (6.618644, -0.53142625, -11.281206), (-6.624105, 0, -11.290514), (-6.2002144, 0, -11.528738), (-5.7496033, 0, -11.759954), (-5.272171, 0, -11.981597), (-4.7682433, 0, -12.190911), (-4.2386403, 0, -12.385007), (-3.68473, 0, -12.560941), (-3.1084678, 0, -12.715813), (-2.512406, 0, -12.846878), (-1.8996747, 0, -12.951668), (-1.2739242, 0, -13.028108), (-0.63923645, 0, -13.074626), (0, 0, -13.090243), (0.63923645, 0, -13.074626), (1.2739242, 0, -13.028108), (1.8996747, 0, -12.951668), (2.512406, 0, -12.846878), (3.1084678, 0, -12.715813), (3.68473, 0, -12.560941), (4.2386403, 0, -12.385007), (4.7682433, 0, -12.190911), (5.272171, 0, -11.981597), (5.7496033, 0, -11.759954), (6.2002144, 0, -11.528738), (6.624105, 0, -11.290514), (-6.618644, 0.53142625, -11.281206), (-6.1948853, 0.54262, -11.518829), (-5.7444615, 0.55348337, -11.749437), (-5.2672772, 0.5638958, -11.970475), (-4.7636614, 0.5737281, -12.179196), (-4.2344365, 0.5828447, -12.372725), (-3.6809714, 0.5911074, -12.548127), (-3.1052184, 0.59838045, -12.70252), (-2.5097256, 0.60453504, -12.833171), (-1.8976146, 0.60945547, -12.937623), (-1.2725264, 0.61304456, -13.013812), (-0.6385301, 0.61522865, -13.060178), (0, 0.6159619, -13.075743), (0.6385301, 0.61522865, -13.060178), (1.2725264, 0.61304456, -13.013812), (1.8976146, 0.60945547, -12.937623), (2.5097256, 0.60453504, -12.833171), (3.1052184, 0.59838045, -12.70252), (3.6809714, 0.5911074, -12.548127), (4.2344365, 0.5828447, -12.372725), (4.7636614, 0.5737281, -12.179196), (5.2672772, 0.5638958, -11.970475), (5.7444615, 0.55348337, -11.749437), (6.1948853, 0.54262, -11.518829), (6.618644, 0.53142625, -11.281206), (-6.602342, 1.0602347, -11.253419), (-6.17898, 1.0824537, -11.489254), (-5.729119, 1.1040101, -11.718056), (-5.2526765, 1.1246655, -11.937294), (-4.7499943, 1.1441641, -12.144254), (-4.2219005, 1.1622382, -12.336094), (-3.669764, 1.1786153, -12.509923), (-3.0955312, 1.1930273, -12.662892), (-2.5017347, 1.2052205, -12.792312), (-1.8914745, 1.2149669, -12.895761), (-1.2683605, 1.2220752, -12.971209), (-0.63642484, 1.2264005, -13.017118), (0, 1.2278526, -13.03253), (0.63642484, 1.2264005, -13.017118), (1.2683605, 1.2220752, -12.971209), (1.8914745, 1.2149669, -12.895761), (2.5017347, 1.2052205, -12.792312), (3.0955312, 1.1930273, -12.662892), (3.669764, 1.1786153, -12.509923), (4.2219005, 1.1622382, -12.336094), (4.7499943, 1.1441641, -12.144254), (5.2526765, 1.1246655, -11.937294), (5.729119, 1.1040101, -11.718056), (6.17898, 1.0824537, -11.489254), (6.602342, 1.0602347, -11.253419), (-6.5754375, 1.5838712, -11.2075615), (-6.152741, 1.6167855, -11.440465), (-5.703818, 1.6487018, -11.6663065), (-5.2286096, 1.6792687, -11.882599), (-4.7274747, 1.7081096, -12.0866785), (-4.201252, 1.734831, -12.275761), (-3.6513104, 1.759033, -12.447016), (-3.079585, 1.7803224, -12.597661), (-2.488585, 1.7983282, -12.725071), (-1.8813721, 1.8127166, -12.826884), (-1.2615073, 1.8232082, -12.901123), (-0.6329619, 1.8295912, -12.94629), (0, 1.8317338, -12.961452), (0.6329619, 1.8295912, -12.94629), (1.2615073, 1.8232082, -12.901123), (1.8813721, 1.8127166, -12.826884), (2.488585, 1.7983282, -12.725071), (3.079585, 1.7803224, -12.597661), (3.6513104, 1.759033, -12.447016), (4.201252, 1.734831, -12.275761), (4.7274747, 1.7081096, -12.0866785), (5.2286096, 1.6792687, -11.882599), (5.703818, 1.6487018, -11.6663065), (6.152741, 1.6167855, -11.440465), (6.5754375, 1.5838712, -11.2075615), (-6.5383177, 2.0999067, -11.144293), (-6.116562, 2.143038, -11.373193), (-5.6689534, 2.1848323, -11.594996), (-5.195465, 2.2248316, -11.807275), (-4.6964793, 2.262547, -12.007432), (-4.1728463, 2.2974687, -12.192762), (-3.6259367, 2.329079, -12.360519), (-3.057669, 2.3568702, -12.508009), (-2.4705186, 2.3803637, -12.63269), (-1.8674968, 2.3991303, -12.7322855), (-1.2520969, 2.41281, -12.804884), (-0.62820745, 2.4211311, -12.849045), (0, 2.423924, -12.863866), (0.62820745, 2.4211311, -12.849045), (1.2520969, 2.41281, -12.804884), (1.8674968, 2.3991303, -12.7322855), (2.4705186, 2.3803637, -12.63269), (3.057669, 2.3568702, -12.508009), (3.6259367, 2.329079, -12.360519), (4.1728463, 2.2974687, -12.192762), (4.6964793, 2.262547, -12.007432), (5.195465, 2.2248316, -11.807275), (5.6689534, 2.1848323, -11.594996), (6.116562, 2.143038, -11.373193), (6.5383177, 2.0999067, -11.144293), (-6.4915032, 2.606089, -11.0645), (-6.07097, 2.6588304, -11.28842), (-5.625053, 2.709891, -11.505204), (-5.153763, 2.7587168, -11.712501), (-4.657509, 2.8047163, -11.907798), (-4.137158, 2.847274, -12.088483), (-3.5940778, 2.8857682, -12.251915), (-3.0301666, 2.919589, -12.395505), (-2.4478583, 2.948163, -12.51682), (-1.8501003, 2.9709768, -12.613679), (-1.2403015, 2.9876003, -12.684257), (-0.6222491, 2.9977095, -12.727176), (0, 3.001102, -12.74158), (0.6222491, 2.9977095, -12.727176), (1.2403015, 2.9876003, -12.684257), (1.8501003, 2.9709768, -12.613679), (2.4478583, 2.948163, -12.51682), (3.0301666, 2.919589, -12.395505), (3.5940778, 2.8857682, -12.251915), (4.137158, 2.847274, -12.088483), (4.657509, 2.8047163, -11.907798), (5.153763, 2.7587168, -11.712501), (5.625053, 2.709891, -11.505204), (6.07097, 2.6588304, -11.28842), (6.4915032, 2.606089, -11.0645), (-6.4356284, 3.100389, -10.969263), (-6.016607, 3.162026, -11.187336), (-5.572757, 3.2216368, -11.398241), (-5.104131, 3.27858, -11.599708), (-4.611171, 3.332174, -11.789325), (-4.0947576, 3.381712, -11.964592), (-3.5562563, 3.4264805, -12.122984), (-2.9975395, 3.465783, -12.262037), (-2.4209912, 3.4989657, -12.379438), (-1.8294839, 3.5254438, -12.473119), (-1.2263278, 3.544729, -12.54135), (-0.61519194, 3.5564532, -12.582831), (0, 3.5603874, -12.59675), (0.61519194, 3.5564532, -12.582831), (1.2263278, 3.544729, -12.54135), (1.8294839, 3.5254438, -12.473119), (2.4209912, 3.4989657, -12.379438), (2.9975395, 3.465783, -12.262037), (3.5562563, 3.4264805, -12.122984), (4.0947576, 3.381712, -11.964592), (4.611171, 3.332174, -11.789325), (5.104131, 3.27858, -11.599708), (5.572757, 3.2216368, -11.398241), (6.016607, 3.162026, -11.187336), (6.4356284, 3.100389, -10.969263), (-6.371419, 3.5810318, -10.85982), (-5.9542046, 3.650769, -11.071305), (-5.5127935, 3.7181337, -11.275596), (-5.047284, 3.7824094, -11.470517), (-4.5581503, 3.8428366, -11.6537695), (-4.04629, 3.8986316, -11.822972), (-3.513061, 3.9490051, -11.975735), (-2.9603062, 3.993189, -12.109727), (-2.3903518, 4.030464, -12.222767), (-1.8059853, 4.060189, -12.31291), (-1.2104069, 4.0818276, -12.378532), (-0.6071533, 4.0949783, -12.418413), (0, 4.0993905, -12.431792), (0.6071533, 4.0949783, -12.418413), (1.2104069, 4.0818276, -12.378532), (1.8059853, 4.060189, -12.31291), (2.3903518, 4.030464, -12.222767), (2.9603062, 3.993189, -12.109727), (3.513061, 3.9490051, -11.975735), (4.04629, 3.8986316, -11.822972), (4.5581503, 3.8428366, -11.6537695), (5.047284, 3.7824094, -11.470517), (5.5127935, 3.7181337, -11.275596), (5.9542046, 3.650769, -11.071305), (6.371419, 3.5810318, -10.85982)]
                                color3f[] primvars:displayColor = [(0, 0.5, 0.45)] (
                                    interpolation = "constant"
                                )
                                float[] primvars:displayOpacity = [0.3] (
                                    interpolation = "constant"
                                )
                                uniform token purpose = "guide"
                                uniform token subdivisionScheme = "none"
                            }

                            def Mesh "Envelope" (
                                prepend apiSchemas = ["AecoDerivedGeometryAPI", "MaterialBindingAPI"]
                            )
                            {
                                uniform token aeco:derived:approx = "tessellated"
                                uniform token aeco:derived:role = "sector"
                                string aeco:derived:source = "00a0fb25-9034-5fef-8654-da86aa317856"
                                string aeco:derived:stamp = "usdAecoCctv derive 0.5.3"
                                uniform bool doubleSided = 1
                                float3[] extent = [(-20, -20, -20), (20, 20, 0)]
                                int[] faceVertexCounts = [4, 4, 4, 4, 4, 4, 4, 4, 4, 4, 4, 4, 4, 4, 4, 4, 4, 4, 4, 4, 4, 4, 4, 4, 4, 4, 4, 4, 4, 4, 4, 4, 4, 4, 4, 4, 4, 4, 4, 4, 4, 4, 4, 4, 4, 4, 4, 4, 4, 4, 4, 4, 4, 4, 4, 4, 4, 4, 4, 4, 4, 4, 4, 4, 4, 4, 4, 4, 4, 4, 4, 4, 4, 4, 4, 4, 4, 4, 4, 4, 4, 4, 4, 4, 4, 4, 4, 4, 4, 4, 4, 4, 4, 4, 4, 4, 4, 4, 4, 4, 4, 4, 4, 4, 4, 4, 4, 4, 4, 4, 4, 4, 4, 4, 4, 4, 4, 4, 4, 4, 4, 4, 4, 4, 4, 4, 4, 4, 4, 4, 4, 4, 4, 4, 4, 4, 4, 4, 4, 4, 4, 4, 4, 4, 4, 4, 4, 4, 4, 4, 4, 4, 4, 4, 4, 4, 4, 4, 4, 4, 4, 4, 4, 4, 4, 4, 4, 4, 4, 4, 4, 4, 4, 4, 4, 4, 4, 4, 4, 4, 4, 4, 4, 4, 4, 4, 4, 4, 4, 4, 4, 4, 4, 4, 4, 4, 4, 4, 4, 4, 4, 4, 4, 4, 4, 4, 4, 4, 4, 4, 4, 4, 4, 4, 4, 4, 4, 4, 4, 4, 4, 4, 4, 4, 4, 4, 4, 4, 4, 4, 4, 4, 4, 4, 4, 4, 4, 4, 4, 4, 4, 4, 4, 4, 4, 4, 4, 4, 4, 4, 4, 4, 4, 4, 4, 4, 4, 4, 4, 4, 4, 4, 4, 4, 4, 4, 4, 4, 4, 4, 4, 4, 4, 4, 4, 4, 4, 4, 4, 4, 4, 4, 4, 4, 4, 4, 4, 4, 4, 4, 4, 4, 4, 4, 4, 4, 4, 4, 4, 4, 4, 4, 4, 4, 4, 4, 4, 4, 4, 4, 4, 4, 4, 4, 4, 4, 4, 4, 4, 4, 4, 4, 4, 4, 4, 4, 4, 4, 4, 4, 4, 4, 4, 4, 4, 4, 4, 4, 4, 4, 4, 4, 4, 4, 4, 4, 4, 4, 4, 4, 4, 4, 4, 4, 4, 4, 4, 4, 4, 4, 4, 4, 4, 4, 4, 4, 4, 4, 4, 4, 4, 4, 4, 4, 4, 4, 4, 4, 4, 4, 4, 4, 4, 4, 4, 4, 4, 4, 4, 4, 4, 4, 4, 4, 4, 4, 4, 4, 4, 4, 4, 4, 4, 4, 4, 4, 4, 4, 4, 4, 4, 4, 4, 4, 4, 4, 4, 4, 4, 4, 4, 4, 4, 4, 4, 4, 4, 4, 4, 4, 4, 4, 4, 4, 4, 4, 4, 4, 4, 4, 4, 4, 4, 4, 4, 4, 4, 4, 4, 4, 4, 4, 4, 4, 4, 4, 4, 4, 4, 4, 4, 4, 4, 4, 4, 4, 4, 4, 4, 4, 4, 4, 4, 4, 4, 4, 4, 4, 4, 4, 4, 4, 4, 4, 4, 4, 4, 4, 4, 4, 4, 4, 4, 4, 4, 4, 4, 4, 4, 4, 4, 4, 4, 4, 4, 4, 4, 4, 4, 4, 4, 4, 4, 4, 4, 4, 4, 4, 4, 4, 4, 4, 4, 4, 4, 4, 4, 4, 4, 4, 4, 4, 4, 4, 4, 4, 4, 4, 4, 4, 4, 4, 4, 4, 4, 4, 4, 4, 4, 4, 4, 4, 4, 4, 4, 4, 4, 4, 4, 4, 4, 4, 4, 4, 4, 4, 4, 4, 4, 4, 4, 4, 4, 4, 4, 4, 4, 4, 4, 4, 4, 4, 4, 4, 4, 4, 4, 4, 4, 4, 4, 4, 4, 4, 4, 4, 4, 4, 4, 4, 4, 4, 4, 4, 4, 4, 4, 4, 4, 4, 4, 4, 4, 4, 4, 4, 4, 4, 4, 4, 4, 4, 4, 4, 4, 4, 4, 4, 4, 4, 4, 4, 4, 4, 4, 4, 4, 4, 4, 4, 4, 4, 4, 4, 4, 4, 4, 4, 4, 4, 4, 4, 4, 4, 4, 4, 4, 4, 4, 4, 4, 4, 4, 4, 4, 4, 4, 4, 4, 4, 4, 4, 4, 4, 4, 4, 4, 4, 4, 4, 4, 4, 4, 4, 4, 4, 4, 4, 4, 4, 4, 4, 4, 4, 4, 4, 4, 4, 4, 4, 4, 4, 4, 4, 4, 4, 4, 4, 4, 4, 4, 4, 4, 4, 4, 4, 4, 4, 4, 4, 4, 4, 4, 4, 4, 4, 4, 4, 4, 4, 4, 4, 4, 4, 4, 4, 4, 4, 4, 4, 4, 4, 4, 4, 4, 4, 4, 4, 4, 4, 4, 4, 4, 4, 4, 4, 4, 4, 4, 4, 4, 4, 4, 4, 4, 4, 4, 4, 4, 4, 4, 4, 4, 4, 4, 4, 4, 4, 4, 4, 4, 4, 4, 4, 4, 4, 4, 4, 4, 4, 4, 4, 4, 4, 4, 4, 4, 4, 4, 4, 4, 4, 4, 4, 4, 4, 4, 4, 4, 4, 4, 4, 4, 4, 4, 4, 4, 4, 4, 4, 4, 4, 4, 4, 4, 4, 4, 4, 4, 4, 4, 4, 4, 4, 4, 4, 4, 4, 4, 4, 4, 4, 4, 4, 4, 4, 4, 4, 4, 4, 4, 4, 4, 4, 4, 4, 4, 4, 4, 4, 4, 4, 4, 4, 3, 3, 3, 3, 3, 3, 3, 3, 3, 3, 3, 3, 3, 3, 3, 3, 3, 3, 3, 3, 3, 3, 3, 3, 3, 3, 3, 3, 3, 3, 3, 3, 3, 3, 3, 3, 3, 3, 3, 3, 3, 3, 3, 3, 3, 3, 3, 3, 3, 3, 3, 3, 3, 3, 3, 3, 3, 3, 3, 3, 3, 3, 3, 3, 3, 3, 3, 3, 3, 3, 3, 3, 3, 3, 3, 3, 3, 3, 3, 3, 3, 3, 3, 3, 3, 3, 3, 3, 3, 3, 3, 3, 3, 3, 3, 3, 3, 3, 3, 3, 3, 3, 3, 3, 3, 3, 3, 3, 3, 3, 3, 3, 3, 3, 3, 3, 3, 3, 3, 3, 3, 3, 3, 3, 3, 3, 3, 3, 3, 3, 3, 3]
                                int[] faceVertexIndices = [1, 50, 51, 2, 2, 51, 52, 3, 3, 52, 53, 4, 4, 53, 54, 5, 5, 54, 55, 6, 6, 55, 56, 7, 7, 56, 57, 8, 8, 57, 58, 9, 9, 58, 59, 10, 10, 59, 60, 11, 11, 60, 61, 12, 12, 61, 62, 13, 13, 62, 63, 14, 14, 63, 64, 15, 15, 64, 65, 16, 16, 65, 66, 17, 17, 66, 67, 18, 18, 67, 68, 19, 19, 68, 69, 20, 20, 69, 70, 21, 21, 70, 71, 22, 22, 71, 72, 23, 23, 72, 73, 24, 24, 73, 74, 25, 25, 74, 75, 26, 26, 75, 76, 27, 27, 76, 77, 28, 28, 77, 78, 29, 29, 78, 79, 30, 30, 79, 80, 31, 31, 80, 81, 32, 32, 81, 82, 33, 33, 82, 83, 34, 34, 83, 84, 35, 35, 84, 85, 36, 36, 85, 86, 37, 37, 86, 87, 38, 38, 87, 88, 39, 39, 88, 89, 40, 40, 89, 90, 41, 41, 90, 91, 42, 42, 91, 92, 43, 43, 92, 93, 44, 44, 93, 94, 45, 45, 94, 95, 46, 46, 95, 96, 47, 47, 96, 97, 48, 48, 97, 98, 49, 50, 99, 100, 51, 51, 100, 101, 52, 52, 101, 102, 53, 53, 102, 103, 54, 54, 103, 104, 55, 55, 104, 105, 56, 56, 105, 106, 57, 57, 106, 107, 58, 58, 107, 108, 59, 59, 108, 109, 60, 60, 109, 110, 61, 61, 110, 111, 62, 62, 111, 112, 63, 63, 112, 113, 64, 64, 113, 114, 65, 65, 114, 115, 66, 66, 115, 116, 67, 67, 116, 117, 68, 68, 117, 118, 69, 69, 118, 119, 70, 70, 119, 120, 71, 71, 120, 121, 72, 72, 121, 122, 73, 73, 122, 123, 74, 74, 123, 124, 75, 75, 124, 125, 76, 76, 125, 126, 77, 77, 126, 127, 78, 78, 127, 128, 79, 79, 128, 129, 80, 80, 129, 130, 81, 81, 130, 131, 82, 82, 131, 132, 83, 83, 132, 133, 84, 84, 133, 134, 85, 85, 134, 135, 86, 86, 135, 136, 87, 87, 136, 137, 88, 88, 137, 138, 89, 89, 138, 139, 90, 90, 139, 140, 91, 91, 140, 141, 92, 92, 141, 142, 93, 93, 142, 143, 94, 94, 143, 144, 95, 95, 144, 145, 96, 96, 145, 146, 97, 97, 146, 147, 98, 99, 148, 149, 100, 100, 149, 150, 101, 101, 150, 151, 102, 102, 151, 152, 103, 103, 152, 153, 104, 104, 153, 154, 105, 105, 154, 155, 106, 106, 155, 156, 107, 107, 156, 157, 108, 108, 157, 158, 109, 109, 158, 159, 110, 110, 159, 160, 111, 111, 160, 161, 112, 112, 161, 162, 113, 113, 162, 163, 114, 114, 163, 164, 115, 115, 164, 165, 116, 116, 165, 166, 117, 117, 166, 167, 118, 118, 167, 168, 119, 119, 168, 169, 120, 120, 169, 170, 121, 121, 170, 171, 122, 122, 171, 172, 123, 123, 172, 173, 124, 124, 173, 174, 125, 125, 174, 175, 126, 126, 175, 176, 127, 127, 176, 177, 128, 128, 177, 178, 129, 129, 178, 179, 130, 130, 179, 180, 131, 131, 180, 181, 132, 132, 181, 182, 133, 133, 182, 183, 134, 134, 183, 184, 135, 135, 184, 185, 136, 136, 185, 186, 137, 137, 186, 187, 138, 138, 187, 188, 139, 139, 188, 189, 140, 140, 189, 190, 141, 141, 190, 191, 142, 142, 191, 192, 143, 143, 192, 193, 144, 144, 193, 194, 145, 145, 194, 195, 146, 146, 195, 196, 147, 148, 197, 198, 149, 149, 198, 199, 150, 150, 199, 200, 151, 151, 200, 201, 152, 152, 201, 202, 153, 153, 202, 203, 154, 154, 203, 204, 155, 155, 204, 205, 156, 156, 205, 206, 157, 157, 206, 207, 158, 158, 207, 208, 159, 159, 208, 209, 160, 160, 209, 210, 161, 161, 210, 211, 162, 162, 211, 212, 163, 163, 212, 213, 164, 164, 213, 214, 165, 165, 214, 215, 166, 166, 215, 216, 167, 167, 216, 217, 168, 168, 217, 218, 169, 169, 218, 219, 170, 170, 219, 220, 171, 171, 220, 221, 172, 172, 221, 222, 173, 173, 222, 223, 174, 174, 223, 224, 175, 175, 224, 225, 176, 176, 225, 226, 177, 177, 226, 227, 178, 178, 227, 228, 179, 179, 228, 229, 180, 180, 229, 230, 181, 181, 230, 231, 182, 182, 231, 232, 183, 183, 232, 233, 184, 184, 233, 234, 185, 185, 234, 235, 186, 186, 235, 236, 187, 187, 236, 237, 188, 188, 237, 238, 189, 189, 238, 239, 190, 190, 239, 240, 191, 191, 240, 241, 192, 192, 241, 242, 193, 193, 242, 243, 194, 194, 243, 244, 195, 195, 244, 245, 196, 197, 246, 247, 198, 198, 247, 248, 199, 199, 248, 249, 200, 200, 249, 250, 201, 201, 250, 251, 202, 202, 251, 252, 203, 203, 252, 253, 204, 204, 253, 254, 205, 205, 254, 255, 206, 206, 255, 256, 207, 207, 256, 257, 208, 208, 257, 258, 209, 209, 258, 259, 210, 210, 259, 260, 211, 211, 260, 261, 212, 212, 261, 262, 213, 213, 262, 263, 214, 214, 263, 264, 215, 215, 264, 265, 216, 216, 265, 266, 217, 217, 266, 267, 218, 218, 267, 268, 219, 219, 268, 269, 220, 220, 269, 270, 221, 221, 270, 271, 222, 222, 271, 272, 223, 223, 272, 273, 224, 224, 273, 274, 225, 225, 274, 275, 226, 226, 275, 276, 227, 227, 276, 277, 228, 228, 277, 278, 229, 229, 278, 279, 230, 230, 279, 280, 231, 231, 280, 281, 232, 232, 281, 282, 233, 233, 282, 283, 234, 234, 283, 284, 235, 235, 284, 285, 236, 236, 285, 286, 237, 237, 286, 287, 238, 238, 287, 288, 239, 239, 288, 289, 240, 240, 289, 290, 241, 241, 290, 291, 242, 242, 291, 292, 243, 243, 292, 293, 244, 244, 293, 294, 245, 246, 295, 296, 247, 247, 296, 297, 248, 248, 297, 298, 249, 249, 298, 299, 250, 250, 299, 300, 251, 251, 300, 301, 252, 252, 301, 302, 253, 253, 302, 303, 254, 254, 303, 304, 255, 255, 304, 305, 256, 256, 305, 306, 257, 257, 306, 307, 258, 258, 307, 308, 259, 259, 308, 309, 260, 260, 309, 310, 261, 261, 310, 311, 262, 262, 311, 312, 263, 263, 312, 313, 264, 264, 313, 314, 265, 265, 314, 315, 266, 266, 315, 316, 267, 267, 316, 317, 268, 268, 317, 318, 269, 269, 318, 319, 270, 270, 319, 320, 271, 271, 320, 321, 272, 272, 321, 322, 273, 273, 322, 323, 274, 274, 323, 324, 275, 275, 324, 325, 276, 276, 325, 326, 277, 277, 326, 327, 278, 278, 327, 328, 279, 279, 328, 329, 280, 280, 329, 330, 281, 281, 330, 331, 282, 282, 331, 332, 283, 283, 332, 333, 284, 284, 333, 334, 285, 285, 334, 335, 286, 286, 335, 336, 287, 287, 336, 337, 288, 288, 337, 338, 289, 289, 338, 339, 290, 290, 339, 340, 291, 291, 340, 341, 292, 292, 341, 342, 293, 293, 342, 343, 294, 295, 344, 345, 296, 296, 345, 346, 297, 297, 346, 347, 298, 298, 347, 348, 299, 299, 348, 349, 300, 300, 349, 350, 301, 301, 350, 351, 302, 302, 351, 352, 303, 303, 352, 353, 304, 304, 353, 354, 305, 305, 354, 355, 306, 306, 355, 356, 307, 307, 356, 357, 308, 308, 357, 358, 309, 309, 358, 359, 310, 310, 359, 360, 311, 311, 360, 361, 312, 312, 361, 362, 313, 313, 362, 363, 314, 314, 363, 364, 315, 315, 364, 365, 316, 316, 365, 366, 317, 317, 366, 367, 318, 318, 367, 368, 319, 319, 368, 369, 320, 320, 369, 370, 321, 321, 370, 371, 322, 322, 371, 372, 323, 323, 372, 373, 324, 324, 373, 374, 325, 325, 374, 375, 326, 326, 375, 376, 327, 327, 376, 377, 328, 328, 377, 378, 329, 329, 378, 379, 330, 330, 379, 380, 331, 331, 380, 381, 332, 332, 381, 382, 333, 333, 382, 383, 334, 334, 383, 384, 335, 335, 384, 385, 336, 336, 385, 386, 337, 337, 386, 387, 338, 338, 387, 388, 339, 339, 388, 389, 340, 340, 389, 390, 341, 341, 390, 391, 342, 342, 391, 392, 343, 344, 393, 394, 345, 345, 394, 395, 346, 346, 395, 396, 347, 347, 396, 397, 348, 348, 397, 398, 349, 349, 398, 399, 350, 350, 399, 400, 351, 351, 400, 401, 352, 352, 401, 402, 353, 353, 402, 403, 354, 354, 403, 404, 355, 355, 404, 405, 356, 356, 405, 406, 357, 357, 406, 407, 358, 358, 407, 408, 359, 359, 408, 409, 360, 360, 409, 410, 361, 361, 410, 411, 362, 362, 411, 412, 363, 363, 412, 413, 364, 364, 413, 414, 365, 365, 414, 415, 366, 366, 415, 416, 367, 367, 416, 417, 368, 368, 417, 418, 369, 369, 418, 419, 370, 370, 419, 420, 371, 371, 420, 421, 372, 372, 421, 422, 373, 373, 422, 423, 374, 374, 423, 424, 375, 375, 424, 425, 376, 376, 425, 426, 377, 377, 426, 427, 378, 378, 427, 428, 379, 379, 428, 429, 380, 380, 429, 430, 381, 381, 430, 431, 382, 382, 431, 432, 383, 383, 432, 433, 384, 384, 433, 434, 385, 385, 434, 435, 386, 386, 435, 436, 387, 387, 436, 437, 388, 388, 437, 438, 389, 389, 438, 439, 390, 390, 439, 440, 391, 391, 440, 441, 392, 393, 442, 443, 394, 394, 443, 444, 395, 395, 444, 445, 396, 396, 445, 446, 397, 397, 446, 447, 398, 398, 447, 448, 399, 399, 448, 449, 400, 400, 449, 450, 401, 401, 450, 451, 402, 402, 451, 452, 403, 403, 452, 453, 404, 404, 453, 454, 405, 405, 454, 455, 406, 406, 455, 456, 407, 407, 456, 457, 408, 408, 457, 458, 409, 409, 458, 459, 410, 410, 459, 460, 411, 411, 460, 461, 412, 412, 461, 462, 413, 413, 462, 463, 414, 414, 463, 464, 415, 415, 464, 465, 416, 416, 465, 466, 417, 417, 466, 467, 418, 418, 467, 468, 419, 419, 468, 469, 420, 420, 469, 470, 421, 421, 470, 471, 422, 422, 471, 472, 423, 423, 472, 473, 424, 424, 473, 474, 425, 425, 474, 475, 426, 426, 475, 476, 427, 427, 476, 477, 428, 428, 477, 478, 429, 429, 478, 479, 430, 430, 479, 480, 431, 431, 480, 481, 432, 432, 481, 482, 433, 433, 482, 483, 434, 434, 483, 484, 435, 435, 484, 485, 436, 436, 485, 486, 437, 437, 486, 487, 438, 438, 487, 488, 439, 439, 488, 489, 440, 440, 489, 490, 441, 442, 491, 492, 443, 443, 492, 493, 444, 444, 493, 494, 445, 445, 494, 495, 446, 446, 495, 496, 447, 447, 496, 497, 448, 448, 497, 498, 449, 449, 498, 499, 450, 450, 499, 500, 451, 451, 500, 501, 452, 452, 501, 502, 453, 453, 502, 503, 454, 454, 503, 504, 455, 455, 504, 505, 456, 456, 505, 506, 457, 457, 506, 507, 458, 458, 507, 508, 459, 459, 508, 509, 460, 460, 509, 510, 461, 461, 510, 511, 462, 462, 511, 512, 463, 463, 512, 513, 464, 464, 513, 514, 465, 465, 514, 515, 466, 466, 515, 516, 467, 467, 516, 517, 468, 468, 517, 518, 469, 469, 518, 519, 470, 470, 519, 520, 471, 471, 520, 521, 472, 472, 521, 522, 473, 473, 522, 523, 474, 474, 523, 524, 475, 475, 524, 525, 476, 476, 525, 526, 477, 477, 526, 527, 478, 478, 527, 528, 479, 479, 528, 529, 480, 480, 529, 530, 481, 481, 530, 531, 482, 482, 531, 532, 483, 483, 532, 533, 484, 484, 533, 534, 485, 485, 534, 535, 486, 486, 535, 536, 487, 487, 536, 537, 488, 488, 537, 538, 489, 489, 538, 539, 490, 491, 540, 541, 492, 492, 541, 542, 493, 493, 542, 543, 494, 494, 543, 544, 495, 495, 544, 545, 496, 496, 545, 546, 497, 497, 546, 547, 498, 498, 547, 548, 499, 499, 548, 549, 500, 500, 549, 550, 501, 501, 550, 551, 502, 502, 551, 552, 503, 503, 552, 553, 504, 504, 553, 554, 505, 505, 554, 555, 506, 506, 555, 556, 507, 507, 556, 557, 508, 508, 557, 558, 509, 509, 558, 559, 510, 510, 559, 560, 511, 511, 560, 561, 512, 512, 561, 562, 513, 513, 562, 563, 514, 514, 563, 564, 515, 515, 564, 565, 516, 516, 565, 566, 517, 517, 566, 567, 518, 518, 567, 568, 519, 519, 568, 569, 520, 520, 569, 570, 521, 521, 570, 571, 522, 522, 571, 572, 523, 523, 572, 573, 524, 524, 573, 574, 525, 525, 574, 575, 526, 526, 575, 576, 527, 527, 576, 577, 528, 528, 577, 578, 529, 529, 578, 579, 530, 530, 579, 580, 531, 531, 580, 581, 532, 532, 581, 582, 533, 533, 582, 583, 534, 534, 583, 584, 535, 535, 584, 585, 536, 536, 585, 586, 537, 537, 586, 587, 538, 538, 587, 588, 539, 540, 589, 590, 541, 541, 590, 591, 542, 542, 591, 592, 543, 543, 592, 593, 544, 544, 593, 594, 545, 545, 594, 595, 546, 546, 595, 596, 547, 547, 596, 597, 548, 548, 597, 598, 549, 549, 598, 599, 550, 550, 599, 600, 551, 551, 600, 601, 552, 552, 601, 602, 553, 553, 602, 603, 554, 554, 603, 604, 555, 555, 604, 605, 556, 556, 605, 606, 557, 557, 606, 607, 558, 558, 607, 608, 559, 559, 608, 609, 560, 560, 609, 610, 561, 561, 610, 611, 562, 562, 611, 612, 563, 563, 612, 613, 564, 564, 613, 614, 565, 565, 614, 615, 566, 566, 615, 616, 567, 567, 616, 617, 568, 568, 617, 618, 569, 569, 618, 619, 570, 570, 619, 620, 571, 571, 620, 621, 572, 572, 621, 622, 573, 573, 622, 623, 574, 574, 623, 624, 575, 575, 624, 625, 576, 576, 625, 626, 577, 577, 626, 627, 578, 578, 627, 628, 579, 579, 628, 629, 580, 580, 629, 630, 581, 581, 630, 631, 582, 582, 631, 632, 583, 583, 632, 633, 584, 584, 633, 634, 585, 585, 634, 635, 586, 586, 635, 636, 587, 587, 636, 637, 588, 589, 638, 639, 590, 590, 639, 640, 591, 591, 640, 641, 592, 592, 641, 642, 593, 593, 642, 643, 594, 594, 643, 644, 595, 595, 644, 645, 596, 596, 645, 646, 597, 597, 646, 647, 598, 598, 647, 648, 599, 599, 648, 649, 600, 600, 649, 650, 601, 601, 650, 651, 602, 602, 651, 652, 603, 603, 652, 653, 604, 604, 653, 654, 605, 605, 654, 655, 606, 606, 655, 656, 607, 607, 656, 657, 608, 608, 657, 658, 609, 609, 658, 659, 610, 610, 659, 660, 611, 611, 660, 661, 612, 612, 661, 662, 613, 613, 662, 663, 614, 614, 663, 664, 615, 615, 664, 665, 616, 616, 665, 666, 617, 617, 666, 667, 618, 618, 667, 668, 619, 619, 668, 669, 620, 620, 669, 670, 621, 621, 670, 671, 622, 622, 671, 672, 623, 623, 672, 673, 624, 624, 673, 674, 625, 625, 674, 675, 626, 626, 675, 676, 627, 627, 676, 677, 628, 628, 677, 678, 629, 629, 678, 679, 630, 630, 679, 680, 631, 631, 680, 681, 632, 632, 681, 682, 633, 633, 682, 683, 634, 634, 683, 684, 635, 635, 684, 685, 636, 636, 685, 686, 637, 638, 687, 688, 639, 639, 688, 689, 640, 640, 689, 690, 641, 641, 690, 691, 642, 642, 691, 692, 643, 643, 692, 693, 644, 644, 693, 694, 645, 645, 694, 695, 646, 646, 695, 696, 647, 647, 696, 697, 648, 648, 697, 698, 649, 649, 698, 699, 650, 650, 699, 700, 651, 651, 700, 701, 652, 652, 701, 702, 653, 653, 702, 703, 654, 654, 703, 704, 655, 655, 704, 705, 656, 656, 705, 706, 657, 657, 706, 707, 658, 658, 707, 708, 659, 659, 708, 709, 660, 660, 709, 710, 661, 661, 710, 711, 662, 662, 711, 712, 663, 663, 712, 713, 664, 664, 713, 714, 665, 665, 714, 715, 666, 666, 715, 716, 667, 667, 716, 717, 668, 668, 717, 718, 669, 669, 718, 719, 670, 670, 719, 720, 671, 671, 720, 721, 672, 672, 721, 722, 673, 673, 722, 723, 674, 674, 723, 724, 675, 675, 724, 725, 676, 676, 725, 726, 677, 677, 726, 727, 678, 678, 727, 728, 679, 679, 728, 729, 680, 680, 729, 730, 681, 681, 730, 731, 682, 682, 731, 732, 683, 683, 732, 733, 684, 684, 733, 734, 685, 685, 734, 735, 686, 687, 736, 737, 688, 688, 737, 738, 689, 689, 738, 739, 690, 690, 739, 740, 691, 691, 740, 741, 692, 692, 741, 742, 693, 693, 742, 743, 694, 694, 743, 744, 695, 695, 744, 745, 696, 696, 745, 746, 697, 697, 746, 747, 698, 698, 747, 748, 699, 699, 748, 749, 700, 700, 749, 750, 701, 701, 750, 751, 702, 702, 751, 752, 703, 703, 752, 753, 704, 704, 753, 754, 705, 705, 754, 755, 706, 706, 755, 756, 707, 707, 756, 757, 708, 708, 757, 758, 709, 709, 758, 759, 710, 710, 759, 760, 711, 711, 760, 761, 712, 712, 761, 762, 713, 713, 762, 763, 714, 714, 763, 764, 715, 715, 764, 765, 716, 716, 765, 766, 717, 717, 766, 767, 718, 718, 767, 768, 719, 719, 768, 769, 720, 720, 769, 770, 721, 721, 770, 771, 722, 722, 771, 772, 723, 723, 772, 773, 724, 724, 773, 774, 725, 725, 774, 775, 726, 726, 775, 776, 727, 727, 776, 777, 728, 728, 777, 778, 729, 729, 778, 779, 730, 730, 779, 780, 731, 731, 780, 781, 732, 732, 781, 782, 733, 733, 782, 783, 734, 734, 783, 784, 735, 736, 785, 786, 737, 737, 786, 787, 738, 738, 787, 788, 739, 739, 788, 789, 740, 740, 789, 790, 741, 741, 790, 791, 742, 742, 791, 792, 743, 743, 792, 793, 744, 744, 793, 794, 745, 745, 794, 795, 746, 746, 795, 796, 747, 747, 796, 797, 748, 748, 797, 798, 749, 749, 798, 799, 750, 750, 799, 800, 751, 751, 800, 801, 752, 752, 801, 802, 753, 753, 802, 803, 754, 754, 803, 804, 755, 755, 804, 805, 756, 756, 805, 806, 757, 757, 806, 807, 758, 758, 807, 808, 759, 759, 808, 809, 760, 760, 809, 810, 761, 761, 810, 811, 762, 762, 811, 812, 763, 763, 812, 813, 764, 764, 813, 814, 765, 765, 814, 815, 766, 766, 815, 816, 767, 767, 816, 817, 768, 768, 817, 818, 769, 769, 818, 819, 770, 770, 819, 820, 771, 771, 820, 821, 772, 772, 821, 822, 773, 773, 822, 823, 774, 774, 823, 824, 775, 775, 824, 825, 776, 776, 825, 826, 777, 777, 826, 827, 778, 778, 827, 828, 779, 779, 828, 829, 780, 780, 829, 830, 781, 781, 830, 831, 782, 782, 831, 832, 783, 783, 832, 833, 784, 785, 834, 835, 786, 786, 835, 836, 787, 787, 836, 837, 788, 788, 837, 838, 789, 789, 838, 839, 790, 790, 839, 840, 791, 791, 840, 841, 792, 792, 841, 842, 793, 793, 842, 843, 794, 794, 843, 844, 795, 795, 844, 845, 796, 796, 845, 846, 797, 797, 846, 847, 798, 798, 847, 848, 799, 799, 848, 849, 800, 800, 849, 850, 801, 801, 850, 851, 802, 802, 851, 852, 803, 803, 852, 853, 804, 804, 853, 854, 805, 805, 854, 855, 806, 806, 855, 856, 807, 807, 856, 857, 808, 808, 857, 858, 809, 809, 858, 859, 810, 810, 859, 860, 811, 811, 860, 861, 812, 812, 861, 862, 813, 813, 862, 863, 814, 814, 863, 864, 815, 815, 864, 865, 816, 816, 865, 866, 817, 817, 866, 867, 818, 818, 867, 868, 819, 819, 868, 869, 820, 820, 869, 870, 821, 821, 870, 871, 822, 822, 871, 872, 823, 823, 872, 873, 824, 824, 873, 874, 825, 825, 874, 875, 826, 826, 875, 876, 827, 827, 876, 877, 828, 828, 877, 878, 829, 829, 878, 879, 830, 830, 879, 880, 831, 831, 880, 881, 832, 832, 881, 882, 833, 834, 883, 884, 835, 835, 884, 885, 836, 836, 885, 886, 837, 837, 886, 887, 838, 838, 887, 888, 839, 839, 888, 889, 840, 840, 889, 890, 841, 841, 890, 891, 842, 842, 891, 892, 843, 843, 892, 893, 844, 844, 893, 894, 845, 845, 894, 895, 846, 846, 895, 896, 847, 847, 896, 897, 848, 848, 897, 898, 849, 849, 898, 899, 850, 850, 899, 900, 851, 851, 900, 901, 852, 852, 901, 902, 853, 853, 902, 903, 854, 854, 903, 904, 855, 855, 904, 905, 856, 856, 905, 906, 857, 857, 906, 907, 858, 858, 907, 908, 859, 859, 908, 909, 860, 860, 909, 910, 861, 861, 910, 911, 862, 862, 911, 912, 863, 863, 912, 913, 864, 864, 913, 914, 865, 865, 914, 915, 866, 866, 915, 916, 867, 867, 916, 917, 868, 868, 917, 918, 869, 869, 918, 919, 870, 870, 919, 920, 871, 871, 920, 921, 872, 872, 921, 922, 873, 873, 922, 923, 874, 874, 923, 924, 875, 875, 924, 925, 876, 876, 925, 926, 877, 877, 926, 927, 878, 878, 927, 928, 879, 879, 928, 929, 880, 880, 929, 930, 881, 881, 930, 931, 882, 0, 1, 2, 0, 2, 3, 0, 3, 4, 0, 4, 5, 0, 5, 6, 0, 6, 7, 0, 7, 8, 0, 8, 9, 0, 9, 10, 0, 10, 11, 0, 11, 12, 0, 12, 13, 0, 13, 14, 0, 14, 15, 0, 15, 16, 0, 16, 17, 0, 17, 18, 0, 18, 19, 0, 19, 20, 0, 20, 21, 0, 21, 22, 0, 22, 23, 0, 23, 24, 0, 24, 25, 0, 25, 26, 0, 26, 27, 0, 27, 28, 0, 28, 29, 0, 29, 30, 0, 30, 31, 0, 31, 32, 0, 32, 33, 0, 33, 34, 0, 34, 35, 0, 35, 36, 0, 36, 37, 0, 37, 38, 0, 38, 39, 0, 39, 40, 0, 40, 41, 0, 41, 42, 0, 42, 43, 0, 43, 44, 0, 44, 45, 0, 45, 46, 0, 46, 47, 0, 47, 48, 0, 48, 49, 0, 884, 883, 0, 885, 884, 0, 886, 885, 0, 887, 886, 0, 888, 887, 0, 889, 888, 0, 890, 889, 0, 891, 890, 0, 892, 891, 0, 893, 892, 0, 894, 893, 0, 895, 894, 0, 896, 895, 0, 897, 896, 0, 898, 897, 0, 899, 898, 0, 900, 899, 0, 901, 900, 0, 902, 901, 0, 903, 902, 0, 904, 903, 0, 905, 904, 0, 906, 905, 0, 907, 906, 0, 908, 907, 0, 909, 908, 0, 910, 909, 0, 911, 910, 0, 912, 911, 0, 913, 912, 0, 914, 913, 0, 915, 914, 0, 916, 915, 0, 917, 916, 0, 918, 917, 0, 919, 918, 0, 920, 919, 0, 921, 920, 0, 922, 921, 0, 923, 922, 0, 924, 923, 0, 925, 924, 0, 926, 925, 0, 927, 926, 0, 928, 927, 0, 929, 928, 0, 930, 929, 0, 931, 930, 0, 50, 1, 0, 99, 50, 0, 148, 99, 0, 197, 148, 0, 246, 197, 0, 295, 246, 0, 344, 295, 0, 393, 344, 0, 442, 393, 0, 491, 442, 0, 540, 491, 0, 589, 540, 0, 638, 589, 0, 687, 638, 0, 736, 687, 0, 785, 736, 0, 834, 785, 0, 883, 834, 0, 49, 98, 0, 98, 147, 0, 147, 196, 0, 196, 245, 0, 245, 294, 0, 294, 343, 0, 343, 392, 0, 392, 441, 0, 441, 490, 0, 490, 539, 0, 539, 588, 0, 588, 637, 0, 637, 686, 0, 686, 735, 0, 735, 784, 0, 784, 833, 0, 833, 882, 0, 882, 931]
                                rel material:binding = </AecoCctvLooks/Envelope>
                                point3f[] points = [(0, 0, 0), (-20, -2.4492936e-15, -0), (-19.828897, -2.610524, -0), (-19.318516, -5.176381, -0), (-18.47759, -7.653669, -0), (-17.320509, -10, -0), (-15.867066, -12.175228, -0), (-14.142136, -14.142136, -0), (-12.175228, -15.867066, -0), (-10, -17.320509, -0), (-7.653669, -18.47759, -0), (-5.176381, -19.318516, -0), (-2.610524, -19.828897, -0), (1.2246468e-15, -20, -0), (2.610524, -19.828897, -0), (5.176381, -19.318516, -0), (7.653669, -18.47759, -0), (10, -17.320509, -0), (12.175228, -15.867066, -0), (14.142136, -14.142136, -0), (15.867066, -12.175228, -0), (17.320509, -10, -0), (18.47759, -7.653669, -0), (19.318516, -5.176381, -0), (19.828897, -2.610524, -0), (20, 0, -0), (19.828897, 2.610524, -0), (19.318516, 5.176381, -0), (18.47759, 7.653669, -0), (17.320509, 10, -0), (15.867066, 12.175228, -0), (14.142136, 14.142136, -0), (12.175228, 15.867066, -0), (10, 17.320509, -0), (7.653669, 18.47759, -0), (5.176381, 19.318516, -0), (2.610524, 19.828897, -0), (1.2246468e-15, 20, -0), (-2.610524, 19.828897, -0), (-5.176381, 19.318516, -0), (-7.653669, 18.47759, -0), (-10, 17.320509, -0), (-12.175228, 15.867066, -0), (-14.142136, 14.142136, -0), (-15.867066, 12.175228, -0), (-17.320509, 10, -0), (-18.47759, 7.653669, -0), (-19.318516, 5.176381, -0), (-19.828897, 2.610524, -0), (-20, 2.4492936e-15, -0), (-19.923895, -2.4399733e-15, -1.7431148), (-19.753443, -2.60059, -1.7431148), (-19.245005, -5.1566834, -1.7431148), (-18.407278, -7.624544, -1.7431148), (-17.254599, -9.961947, -1.7431148), (-15.806687, -12.128899, -1.7431148), (-14.088321, -14.088321, -1.7431148), (-12.128899, -15.806687, -1.7431148), (-9.961947, -17.254599, -1.7431148), (-7.624544, -18.407278, -1.7431148), (-5.1566834, -19.245005, -1.7431148), (-2.60059, -19.753443, -1.7431148), (1.2199866e-15, -19.923895, -1.7431148), (2.60059, -19.753443, -1.7431148), (5.1566834, -19.245005, -1.7431148), (7.624544, -18.407278, -1.7431148), (9.961947, -17.254599, -1.7431148), (12.128899, -15.806687, -1.7431148), (14.088321, -14.088321, -1.7431148), (15.806687, -12.128899, -1.7431148), (17.254599, -9.961947, -1.7431148), (18.407278, -7.624544, -1.7431148), (19.245005, -5.1566834, -1.7431148), (19.753443, -2.60059, -1.7431148), (19.923895, 0, -1.7431148), (19.753443, 2.60059, -1.7431148), (19.245005, 5.1566834, -1.7431148), (18.407278, 7.624544, -1.7431148), (17.254599, 9.961947, -1.7431148), (15.806687, 12.128899, -1.7431148), (14.088321, 14.088321, -1.7431148), (12.128899, 15.806687, -1.7431148), (9.961947, 17.254599, -1.7431148), (7.624544, 18.407278, -1.7431148), (5.1566834, 19.245005, -1.7431148), (2.60059, 19.753443, -1.7431148), (1.2199866e-15, 19.923895, -1.7431148), (-2.60059, 19.753443, -1.7431148), (-5.1566834, 19.245005, -1.7431148), (-7.624544, 18.407278, -1.7431148), (-9.961947, 17.254599, -1.7431148), (-12.128899, 15.806687, -1.7431148), (-14.088321, 14.088321, -1.7431148), (-15.806687, 12.128899, -1.7431148), (-17.254599, 9.961947, -1.7431148), (-18.407278, 7.624544, -1.7431148), (-19.245005, 5.1566834, -1.7431148), (-19.753443, 2.60059, -1.7431148), (-19.923895, 2.4399733e-15, -1.7431148), (-19.696156, -2.4120832e-15, -3.4729636), (-19.52765, -2.5708642, -3.4729636), (-19.025024, -5.09774, -3.4729636), (-18.196875, -7.537392, -3.4729636), (-17.057371, -9.848078, -3.4729636), (-15.62601, -11.990259, -3.4729636), (-13.927285, -13.927285, -3.4729636), (-11.990259, -15.62601, -3.4729636), (-9.848078, -17.057371, -3.4729636), (-7.537392, -18.196875, -3.4729636), (-5.09774, -19.025024, -3.4729636), (-2.5708642, -19.52765, -3.4729636), (1.2060416e-15, -19.696156, -3.4729636), (2.5708642, -19.52765, -3.4729636), (5.09774, -19.025024, -3.4729636), (7.537392, -18.196875, -3.4729636), (9.848078, -17.057371, -3.4729636), (11.990259, -15.62601, -3.4729636), (13.927285, -13.927285, -3.4729636), (15.62601, -11.990259, -3.4729636), (17.057371, -9.848078, -3.4729636), (18.196875, -7.537392, -3.4729636), (19.025024, -5.09774, -3.4729636), (19.52765, -2.5708642, -3.4729636), (19.696156, 0, -3.4729636), (19.52765, 2.5708642, -3.4729636), (19.025024, 5.09774, -3.4729636), (18.196875, 7.537392, -3.4729636), (17.057371, 9.848078, -3.4729636), (15.62601, 11.990259, -3.4729636), (13.927285, 13.927285, -3.4729636), (11.990259, 15.62601, -3.4729636), (9.848078, 17.057371, -3.4729636), (7.537392, 18.196875, -3.4729636), (5.09774, 19.025024, -3.4729636), (2.5708642, 19.52765, -3.4729636), (1.2060416e-15, 19.696156, -3.4729636), (-2.5708642, 19.52765, -3.4729636), (-5.09774, 19.025024, -3.4729636), (-7.537392, 18.196875, -3.4729636), (-9.848078, 17.057371, -3.4729636), (-11.990259, 15.62601, -3.4729636), (-13.927285, 13.927285, -3.4729636), (-15.62601, 11.990259, -3.4729636), (-17.057371, 9.848078, -3.4729636), (-18.196875, 7.537392, -3.4729636), (-19.025024, 5.09774, -3.4729636), (-19.52765, 2.5708642, -3.4729636), (-19.696156, 2.4120832e-15, -3.4729636), (-19.318516, -2.3658359e-15, -5.176381), (-19.153244, -2.5215724, -5.176381), (-18.660254, -5, -5.176381), (-17.847982, -7.392876, -5.176381), (-16.730326, -9.659258, -5.176381), (-15.326409, -11.760367, -5.176381), (-13.6602545, -13.6602545, -5.176381), (-11.760367, -15.326409, -5.176381), (-9.659258, -16.730326, -5.176381), (-7.392876, -17.847982, -5.176381), (-5, -18.660254, -5.176381), (-2.5215724, -19.153244, -5.176381), (1.1829179e-15, -19.318516, -5.176381), (2.5215724, -19.153244, -5.176381), (5, -18.660254, -5.176381), (7.392876, -17.847982, -5.176381), (9.659258, -16.730326, -5.176381), (11.760367, -15.326409, -5.176381), (13.6602545, -13.6602545, -5.176381), (15.326409, -11.760367, -5.176381), (16.730326, -9.659258, -5.176381), (17.847982, -7.392876, -5.176381), (18.660254, -5, -5.176381), (19.153244, -2.5215724, -5.176381), (19.318516, 0, -5.176381), (19.153244, 2.5215724, -5.176381), (18.660254, 5, -5.176381), (17.847982, 7.392876, -5.176381), (16.730326, 9.659258, -5.176381), (15.326409, 11.760367, -5.176381), (13.6602545, 13.6602545, -5.176381), (11.760367, 15.326409, -5.176381), (9.659258, 16.730326, -5.176381), (7.392876, 17.847982, -5.176381), (5, 18.660254, -5.176381), (2.5215724, 19.153244, -5.176381), (1.1829179e-15, 19.318516, -5.176381), (-2.5215724, 19.153244, -5.176381), (-5, 18.660254, -5.176381), (-7.392876, 17.847982, -5.176381), (-9.659258, 16.730326, -5.176381), (-11.760367, 15.326409, -5.176381), (-13.6602545, 13.6602545, -5.176381), (-15.326409, 11.760367, -5.176381), (-16.730326, 9.659258, -5.176381), (-17.847982, 7.392876, -5.176381), (-18.660254, 5, -5.176381), (-19.153244, 2.5215724, -5.176381), (-19.318516, 2.3658359e-15, -5.176381), (-18.793852, -2.3015831e-15, -6.840403), (-18.633068, -2.45309, -6.840403), (-18.153467, -4.864207, -6.840403), (-17.363256, -7.1920958, -6.840403), (-16.275953, -9.396926, -6.840403), (-14.910166, -11.440972, -6.840403), (-13.289261, -13.289261, -6.840403), (-11.440972, -14.910166, -6.840403), (-9.396926, -16.275953, -6.840403), (-7.1920958, -17.363256, -6.840403), (-4.864207, -18.153467, -6.840403), (-2.45309, -18.633068, -6.840403), (1.1507916e-15, -18.793852, -6.840403), (2.45309, -18.633068, -6.840403), (4.864207, -18.153467, -6.840403), (7.1920958, -17.363256, -6.840403), (9.396926, -16.275953, -6.840403), (11.440972, -14.910166, -6.840403), (13.289261, -13.289261, -6.840403), (14.910166, -11.440972, -6.840403), (16.275953, -9.396926, -6.840403), (17.363256, -7.1920958, -6.840403), (18.153467, -4.864207, -6.840403), (18.633068, -2.45309, -6.840403), (18.793852, 0, -6.840403), (18.633068, 2.45309, -6.840403), (18.153467, 4.864207, -6.840403), (17.363256, 7.1920958, -6.840403), (16.275953, 9.396926, -6.840403), (14.910166, 11.440972, -6.840403), (13.289261, 13.289261, -6.840403), (11.440972, 14.910166, -6.840403), (9.396926, 16.275953, -6.840403), (7.1920958, 17.363256, -6.840403), (4.864207, 18.153467, -6.840403), (2.45309, 18.633068, -6.840403), (1.1507916e-15, 18.793852, -6.840403), (-2.45309, 18.633068, -6.840403), (-4.864207, 18.153467, -6.840403), (-7.1920958, 17.363256, -6.840403), (-9.396926, 16.275953, -6.840403), (-11.440972, 14.910166, -6.840403), (-13.289261, 13.289261, -6.840403), (-14.910166, 11.440972, -6.840403), (-16.275953, 9.396926, -6.840403), (-17.363256, 7.1920958, -6.840403), (-18.153467, 4.864207, -6.840403), (-18.633068, 2.45309, -6.840403), (-18.793852, 2.3015831e-15, -6.840403), (-18.126156, -2.219814e-15, -8.452365), (-17.971085, -2.3659382, -8.452365), (-17.508522, -4.6913943, -8.452365), (-16.746384, -6.9365797, -8.452365), (-15.697711, -9.063078, -8.452365), (-14.380446, -11.034505, -8.452365), (-12.817127, -12.817127, -8.452365), (-11.034505, -14.380446, -8.452365), (-9.063078, -15.697711, -8.452365), (-6.9365797, -16.746384, -8.452365), (-4.6913943, -17.508522, -8.452365), (-2.3659382, -17.971085, -8.452365), (1.109907e-15, -18.126156, -8.452365), (2.3659382, -17.971085, -8.452365), (4.6913943, -17.508522, -8.452365), (6.9365797, -16.746384, -8.452365), (9.063078, -15.697711, -8.452365), (11.034505, -14.380446, -8.452365), (12.817127, -12.817127, -8.452365), (14.380446, -11.034505, -8.452365), (15.697711, -9.063078, -8.452365), (16.746384, -6.9365797, -8.452365), (17.508522, -4.6913943, -8.452365), (17.971085, -2.3659382, -8.452365), (18.126156, 0, -8.452365), (17.971085, 2.3659382, -8.452365), (17.508522, 4.6913943, -8.452365), (16.746384, 6.9365797, -8.452365), (15.697711, 9.063078, -8.452365), (14.380446, 11.034505, -8.452365), (12.817127, 12.817127, -8.452365), (11.034505, 14.380446, -8.452365), (9.063078, 15.697711, -8.452365), (6.9365797, 16.746384, -8.452365), (4.6913943, 17.508522, -8.452365), (2.3659382, 17.971085, -8.452365), (1.109907e-15, 18.126156, -8.452365), (-2.3659382, 17.971085, -8.452365), (-4.6913943, 17.508522, -8.452365), (-6.9365797, 16.746384, -8.452365), (-9.063078, 15.697711, -8.452365), (-11.034505, 14.380446, -8.452365), (-12.817127, 12.817127, -8.452365), (-14.380446, 11.034505, -8.452365), (-15.697711, 9.063078, -8.452365), (-16.746384, 6.9365797, -8.452365), (-17.508522, 4.6913943, -8.452365), (-17.971085, 2.3659382, -8.452365), (-18.126156, 2.219814e-15, -8.452365), (-17.320509, -2.1211505e-15, -10), (-17.172329, -2.2607799, -10), (-16.730326, -4.4828773, -10), (-16.002064, -6.6282716, -10), (-15, -8.6602545, -10), (-13.741282, -10.544057, -10), (-12.247449, -12.247449, -10), (-10.544057, -13.741282, -10), (-8.6602545, -15, -10), (-6.6282716, -16.002064, -10), (-4.4828773, -16.730326, -10), (-2.2607799, -17.172329, -10), (1.0605752e-15, -17.320509, -10), (2.2607799, -17.172329, -10), (4.4828773, -16.730326, -10), (6.6282716, -16.002064, -10), (8.6602545, -15, -10), (10.544057, -13.741282, -10), (12.247449, -12.247449, -10), (13.741282, -10.544057, -10), (15, -8.6602545, -10), (16.002064, -6.6282716, -10), (16.730326, -4.4828773, -10), (17.172329, -2.2607799, -10), (17.320509, 0, -10), (17.172329, 2.2607799, -10), (16.730326, 4.4828773, -10), (16.002064, 6.6282716, -10), (15, 8.6602545, -10), (13.741282, 10.544057, -10), (12.247449, 12.247449, -10), (10.544057, 13.741282, -10), (8.6602545, 15, -10), (6.6282716, 16.002064, -10), (4.4828773, 16.730326, -10), (2.2607799, 17.172329, -10), (1.0605752e-15, 17.320509, -10), (-2.2607799, 17.172329, -10), (-4.4828773, 16.730326, -10), (-6.6282716, 16.002064, -10), (-8.6602545, 15, -10), (-10.544057, 13.741282, -10), (-12.247449, 12.247449, -10), (-13.741282, 10.544057, -10), (-15, 8.6602545, -10), (-16.002064, 6.6282716, -10), (-16.730326, 4.4828773, -10), (-17.172329, 2.2607799, -10), (-17.320509, 2.1211505e-15, -10), (-16.383041, -2.0063439e-15, -11.471529), (-16.242882, -2.138416, -11.471529), (-15.824802, -4.240243, -11.471529), (-15.135956, -6.2695184, -11.471529), (-14.188129, -8.191521, -11.471529), (-12.99754, -9.973363, -11.471529), (-11.584559, -11.584559, -11.471529), (-9.973363, -12.99754, -11.471529), (-8.191521, -14.188129, -11.471529), (-6.2695184, -15.135956, -11.471529), (-4.240243, -15.824802, -11.471529), (-2.138416, -16.242882, -11.471529), (1.0031719e-15, -16.383041, -11.471529), (2.138416, -16.242882, -11.471529), (4.240243, -15.824802, -11.471529), (6.2695184, -15.135956, -11.471529), (8.191521, -14.188129, -11.471529), (9.973363, -12.99754, -11.471529), (11.584559, -11.584559, -11.471529), (12.99754, -9.973363, -11.471529), (14.188129, -8.191521, -11.471529), (15.135956, -6.2695184, -11.471529), (15.824802, -4.240243, -11.471529), (16.242882, -2.138416, -11.471529), (16.383041, 0, -11.471529), (16.242882, 2.138416, -11.471529), (15.824802, 4.240243, -11.471529), (15.135956, 6.2695184, -11.471529), (14.188129, 8.191521, -11.471529), (12.99754, 9.973363, -11.471529), (11.584559, 11.584559, -11.471529), (9.973363, 12.99754, -11.471529), (8.191521, 14.188129, -11.471529), (6.2695184, 15.135956, -11.471529), (4.240243, 15.824802, -11.471529), (2.138416, 16.242882, -11.471529), (1.0031719e-15, 16.383041, -11.471529), (-2.138416, 16.242882, -11.471529), (-4.240243, 15.824802, -11.471529), (-6.2695184, 15.135956, -11.471529), (-8.191521, 14.188129, -11.471529), (-9.973363, 12.99754, -11.471529), (-11.584559, 11.584559, -11.471529), (-12.99754, 9.973363, -11.471529), (-14.188129, 8.191521, -11.471529), (-15.135956, 6.2695184, -11.471529), (-15.824802, 4.240243, -11.471529), (-16.242882, 2.138416, -11.471529), (-16.383041, 2.0063439e-15, -11.471529), (-15.3208885, -1.8762678e-15, -12.855752), (-15.189816, -1.9997773, -12.855752), (-14.798842, -3.9653378, -12.855752), (-14.154655, -5.8630505, -12.855752), (-13.268279, -7.6604443, -12.855752), (-12.154879, -9.326766, -12.855752), (-10.833505, -10.833505, -12.855752), (-9.326766, -12.154879, -12.855752), (-7.6604443, -13.268279, -12.855752), (-5.8630505, -14.154655, -12.855752), (-3.9653378, -14.798842, -12.855752), (-1.9997773, -15.189816, -12.855752), (9.381339e-16, -15.3208885, -12.855752), (1.9997773, -15.189816, -12.855752), (3.9653378, -14.798842, -12.855752), (5.8630505, -14.154655, -12.855752), (7.6604443, -13.268279, -12.855752), (9.326766, -12.154879, -12.855752), (10.833505, -10.833505, -12.855752), (12.154879, -9.326766, -12.855752), (13.268279, -7.6604443, -12.855752), (14.154655, -5.8630505, -12.855752), (14.798842, -3.9653378, -12.855752), (15.189816, -1.9997773, -12.855752), (15.3208885, 0, -12.855752), (15.189816, 1.9997773, -12.855752), (14.798842, 3.9653378, -12.855752), (14.154655, 5.8630505, -12.855752), (13.268279, 7.6604443, -12.855752), (12.154879, 9.326766, -12.855752), (10.833505, 10.833505, -12.855752), (9.326766, 12.154879, -12.855752), (7.6604443, 13.268279, -12.855752), (5.8630505, 14.154655, -12.855752), (3.9653378, 14.798842, -12.855752), (1.9997773, 15.189816, -12.855752), (9.381339e-16, 15.3208885, -12.855752), (-1.9997773, 15.189816, -12.855752), (-3.9653378, 14.798842, -12.855752), (-5.8630505, 14.154655, -12.855752), (-7.6604443, 13.268279, -12.855752), (-9.326766, 12.154879, -12.855752), (-10.833505, 10.833505, -12.855752), (-12.154879, 9.326766, -12.855752), (-13.268279, 7.6604443, -12.855752), (-14.154655, 5.8630505, -12.855752), (-14.798842, 3.9653378, -12.855752), (-15.189816, 1.9997773, -12.855752), (-15.3208885, 1.8762678e-15, -12.855752), (-14.142136, -1.7319121e-15, -14.142136), (-14.021148, -1.8459191, -14.142136), (-13.6602545, -3.660254, -14.142136), (-13.06563, -5.411961, -14.142136), (-12.247449, -7.071068, -14.142136), (-11.21971, -8.609187, -14.142136), (-10, -10, -14.142136), (-8.609187, -11.21971, -14.142136), (-7.071068, -12.247449, -14.142136), (-5.411961, -13.06563, -14.142136), (-3.660254, -13.6602545, -14.142136), (-1.8459191, -14.021148, -14.142136), (8.6595603e-16, -14.142136, -14.142136), (1.8459191, -14.021148, -14.142136), (3.660254, -13.6602545, -14.142136), (5.411961, -13.06563, -14.142136), (7.071068, -12.247449, -14.142136), (8.609187, -11.21971, -14.142136), (10, -10, -14.142136), (11.21971, -8.609187, -14.142136), (12.247449, -7.071068, -14.142136), (13.06563, -5.411961, -14.142136), (13.6602545, -3.660254, -14.142136), (14.021148, -1.8459191, -14.142136), (14.142136, 0, -14.142136), (14.021148, 1.8459191, -14.142136), (13.6602545, 3.660254, -14.142136), (13.06563, 5.411961, -14.142136), (12.247449, 7.071068, -14.142136), (11.21971, 8.609187, -14.142136), (10, 10, -14.142136), (8.609187, 11.21971, -14.142136), (7.071068, 12.247449, -14.142136), (5.411961, 13.06563, -14.142136), (3.660254, 13.6602545, -14.142136), (1.8459191, 14.021148, -14.142136), (8.6595603e-16, 14.142136, -14.142136), (-1.8459191, 14.021148, -14.142136), (-3.660254, 13.6602545, -14.142136), (-5.411961, 13.06563, -14.142136), (-7.071068, 12.247449, -14.142136), (-8.609187, 11.21971, -14.142136), (-10, 10, -14.142136), (-11.21971, 8.609187, -14.142136), (-12.247449, 7.071068, -14.142136), (-13.06563, 5.411961, -14.142136), (-13.6602545, 3.660254, -14.142136), (-14.021148, 1.8459191, -14.142136), (-14.142136, 1.7319121e-15, -14.142136), (-12.855752, -1.5743756e-15, -15.3208885), (-12.7457695, -1.6780124, -15.3208885), (-12.417703, -3.3273134, -15.3208885), (-11.877167, -4.9196835, -15.3208885), (-11.133408, -6.427876, -15.3208885), (-10.199154, -7.826086, -15.3208885), (-9.090389, -9.090389, -15.3208885), (-7.826086, -10.199154, -15.3208885), (-6.427876, -11.133408, -15.3208885), (-4.9196835, -11.877167, -15.3208885), (-3.3273134, -12.417703, -15.3208885), (-1.6780124, -12.7457695, -15.3208885), (7.871878e-16, -12.855752, -15.3208885), (1.6780124, -12.7457695, -15.3208885), (3.3273134, -12.417703, -15.3208885), (4.9196835, -11.877167, -15.3208885), (6.427876, -11.133408, -15.3208885), (7.826086, -10.199154, -15.3208885), (9.090389, -9.090389, -15.3208885), (10.199154, -7.826086, -15.3208885), (11.133408, -6.427876, -15.3208885), (11.877167, -4.9196835, -15.3208885), (12.417703, -3.3273134, -15.3208885), (12.7457695, -1.6780124, -15.3208885), (12.855752, 0, -15.3208885), (12.7457695, 1.6780124, -15.3208885), (12.417703, 3.3273134, -15.3208885), (11.877167, 4.9196835, -15.3208885), (11.133408, 6.427876, -15.3208885), (10.199154, 7.826086, -15.3208885), (9.090389, 9.090389, -15.3208885), (7.826086, 10.199154, -15.3208885), (6.427876, 11.133408, -15.3208885), (4.9196835, 11.877167, -15.3208885), (3.3273134, 12.417703, -15.3208885), (1.6780124, 12.7457695, -15.3208885), (7.871878e-16, 12.855752, -15.3208885), (-1.6780124, 12.7457695, -15.3208885), (-3.3273134, 12.417703, -15.3208885), (-4.9196835, 11.877167, -15.3208885), (-6.427876, 11.133408, -15.3208885), (-7.826086, 10.199154, -15.3208885), (-9.090389, 9.090389, -15.3208885), (-10.199154, 7.826086, -15.3208885), (-11.133408, 6.427876, -15.3208885), (-11.877167, 4.9196835, -15.3208885), (-12.417703, 3.3273134, -15.3208885), (-12.7457695, 1.6780124, -15.3208885), (-12.855752, 1.5743756e-15, -15.3208885), (-11.471529, -1.4048571e-15, -16.383041), (-11.373388, -1.497335, -16.383041), (-11.080646, -2.9690502, -16.383041), (-10.59831, -4.389964, -16.383041), (-9.934635, -5.7357645, -16.383041), (-9.100976, -6.983424, -16.383041), (-8.111596, -8.111596, -16.383041), (-6.983424, -9.100976, -16.383041), (-5.7357645, -9.934635, -16.383041), (-4.389964, -10.59831, -16.383041), (-2.9690502, -11.080646, -16.383041), (-1.497335, -11.373388, -16.383041), (7.0242854e-16, -11.471529, -16.383041), (1.497335, -11.373388, -16.383041), (2.9690502, -11.080646, -16.383041), (4.389964, -10.59831, -16.383041), (5.7357645, -9.934635, -16.383041), (6.983424, -9.100976, -16.383041), (8.111596, -8.111596, -16.383041), (9.100976, -6.983424, -16.383041), (9.934635, -5.7357645, -16.383041), (10.59831, -4.389964, -16.383041), (11.080646, -2.9690502, -16.383041), (11.373388, -1.497335, -16.383041), (11.471529, 0, -16.383041), (11.373388, 1.497335, -16.383041), (11.080646, 2.9690502, -16.383041), (10.59831, 4.389964, -16.383041), (9.934635, 5.7357645, -16.383041), (9.100976, 6.983424, -16.383041), (8.111596, 8.111596, -16.383041), (6.983424, 9.100976, -16.383041), (5.7357645, 9.934635, -16.383041), (4.389964, 10.59831, -16.383041), (2.9690502, 11.080646, -16.383041), (1.497335, 11.373388, -16.383041), (7.0242854e-16, 11.471529, -16.383041), (-1.497335, 11.373388, -16.383041), (-2.9690502, 11.080646, -16.383041), (-4.389964, 10.59831, -16.383041), (-5.7357645, 9.934635, -16.383041), (-6.983424, 9.100976, -16.383041), (-8.111596, 8.111596, -16.383041), (-9.100976, 6.983424, -16.383041), (-9.934635, 5.7357645, -16.383041), (-10.59831, 4.389964, -16.383041), (-11.080646, 2.9690502, -16.383041), (-11.373388, 1.497335, -16.383041), (-11.471529, 1.4048571e-15, -16.383041), (-10, -1.2246468e-15, -17.320509), (-9.914449, -1.305262, -17.320509), (-9.659258, -2.5881906, -17.320509), (-9.238795, -3.8268344, -17.320509), (-8.6602545, -5, -17.320509), (-7.933533, -6.087614, -17.320509), (-7.071068, -7.071068, -17.320509), (-6.087614, -7.933533, -17.320509), (-5, -8.6602545, -17.320509), (-3.8268344, -9.238795, -17.320509), (-2.5881906, -9.659258, -17.320509), (-1.305262, -9.914449, -17.320509), (6.123234e-16, -10, -17.320509), (1.305262, -9.914449, -17.320509), (2.5881906, -9.659258, -17.320509), (3.8268344, -9.238795, -17.320509), (5, -8.6602545, -17.320509), (6.087614, -7.933533, -17.320509), (7.071068, -7.071068, -17.320509), (7.933533, -6.087614, -17.320509), (8.6602545, -5, -17.320509), (9.238795, -3.8268344, -17.320509), (9.659258, -2.5881906, -17.320509), (9.914449, -1.305262, -17.320509), (10, 0, -17.320509), (9.914449, 1.305262, -17.320509), (9.659258, 2.5881906, -17.320509), (9.238795, 3.8268344, -17.320509), (8.6602545, 5, -17.320509), (7.933533, 6.087614, -17.320509), (7.071068, 7.071068, -17.320509), (6.087614, 7.933533, -17.320509), (5, 8.6602545, -17.320509), (3.8268344, 9.238795, -17.320509), (2.5881906, 9.659258, -17.320509), (1.305262, 9.914449, -17.320509), (6.123234e-16, 10, -17.320509), (-1.305262, 9.914449, -17.320509), (-2.5881906, 9.659258, -17.320509), (-3.8268344, 9.238795, -17.320509), (-5, 8.6602545, -17.320509), (-6.087614, 7.933533, -17.320509), (-7.071068, 7.071068, -17.320509), (-7.933533, 6.087614, -17.320509), (-8.6602545, 5, -17.320509), (-9.238795, 3.8268344, -17.320509), (-9.659258, 2.5881906, -17.320509), (-9.914449, 1.305262, -17.320509), (-10, 1.2246468e-15, -17.320509), (-8.452365, -1.0351162e-15, -18.126156), (-8.380054, -1.103255, -18.126156), (-8.164358, -2.187633, -18.126156), (-7.808967, -3.23458, -18.126156), (-7.319963, -4.2261825, -18.126156), (-6.7057123, -5.145474, -18.126156), (-5.9767246, -5.9767246, -18.126156), (-5.145474, -6.7057123, -18.126156), (-4.2261825, -7.319963, -18.126156), (-3.23458, -7.808967, -18.126156), (-2.187633, -8.164358, -18.126156), (-1.103255, -8.380054, -18.126156), (5.175581e-16, -8.452365, -18.126156), (1.103255, -8.380054, -18.126156), (2.187633, -8.164358, -18.126156), (3.23458, -7.808967, -18.126156), (4.2261825, -7.319963, -18.126156), (5.145474, -6.7057123, -18.126156), (5.9767246, -5.9767246, -18.126156), (6.7057123, -5.145474, -18.126156), (7.319963, -4.2261825, -18.126156), (7.808967, -3.23458, -18.126156), (8.164358, -2.187633, -18.126156), (8.380054, -1.103255, -18.126156), (8.452365, 0, -18.126156), (8.380054, 1.103255, -18.126156), (8.164358, 2.187633, -18.126156), (7.808967, 3.23458, -18.126156), (7.319963, 4.2261825, -18.126156), (6.7057123, 5.145474, -18.126156), (5.9767246, 5.9767246, -18.126156), (5.145474, 6.7057123, -18.126156), (4.2261825, 7.319963, -18.126156), (3.23458, 7.808967, -18.126156), (2.187633, 8.164358, -18.126156), (1.103255, 8.380054, -18.126156), (5.175581e-16, 8.452365, -18.126156), (-1.103255, 8.380054, -18.126156), (-2.187633, 8.164358, -18.126156), (-3.23458, 7.808967, -18.126156), (-4.2261825, 7.319963, -18.126156), (-5.145474, 6.7057123, -18.126156), (-5.9767246, 5.9767246, -18.126156), (-6.7057123, 5.145474, -18.126156), (-7.319963, 4.2261825, -18.126156), (-7.808967, 3.23458, -18.126156), (-8.164358, 2.187633, -18.126156), (-8.380054, 1.103255, -18.126156), (-8.452365, 1.0351162e-15, -18.126156), (-6.840403, -8.3770775e-16, -18.793852), (-6.7818823, -0.8928517, -18.793852), (-6.6073217, -1.7704265, -18.793852), (-6.3197083, -2.617709, -18.793852), (-5.9239626, -3.4202015, -18.793852), (-5.4268565, -4.1641736, -18.793852), (-4.8368955, -4.8368955, -18.793852), (-4.1641736, -5.4268565, -18.793852), (-3.4202015, -5.9239626, -18.793852), (-2.617709, -6.3197083, -18.793852), (-1.7704265, -6.6073217, -18.793852), (-0.8928517, -6.7818823, -18.793852), (4.1885387e-16, -6.840403, -18.793852), (0.8928517, -6.7818823, -18.793852), (1.7704265, -6.6073217, -18.793852), (2.617709, -6.3197083, -18.793852), (3.4202015, -5.9239626, -18.793852), (4.1641736, -5.4268565, -18.793852), (4.8368955, -4.8368955, -18.793852), (5.4268565, -4.1641736, -18.793852), (5.9239626, -3.4202015, -18.793852), (6.3197083, -2.617709, -18.793852), (6.6073217, -1.7704265, -18.793852), (6.7818823, -0.8928517, -18.793852), (6.840403, 0, -18.793852), (6.7818823, 0.8928517, -18.793852), (6.6073217, 1.7704265, -18.793852), (6.3197083, 2.617709, -18.793852), (5.9239626, 3.4202015, -18.793852), (5.4268565, 4.1641736, -18.793852), (4.8368955, 4.8368955, -18.793852), (4.1641736, 5.4268565, -18.793852), (3.4202015, 5.9239626, -18.793852), (2.617709, 6.3197083, -18.793852), (1.7704265, 6.6073217, -18.793852), (0.8928517, 6.7818823, -18.793852), (4.1885387e-16, 6.840403, -18.793852), (-0.8928517, 6.7818823, -18.793852), (-1.7704265, 6.6073217, -18.793852), (-2.617709, 6.3197083, -18.793852), (-3.4202015, 5.9239626, -18.793852), (-4.1641736, 5.4268565, -18.793852), (-4.8368955, 4.8368955, -18.793852), (-5.4268565, 4.1641736, -18.793852), (-5.9239626, 3.4202015, -18.793852), (-6.3197083, 2.617709, -18.793852), (-6.6073217, 1.7704265, -18.793852), (-6.7818823, 0.8928517, -18.793852), (-6.840403, 8.3770775e-16, -18.793852), (-5.176381, -6.3392385e-16, -19.318516), (-5.1320963, -0.6756533, -19.318516), (-5, -1.339746, -19.318516), (-4.7823524, -1.9809152, -19.318516), (-4.4828773, -2.5881906, -19.318516), (-4.106699, -3.151181, -19.318516), (-3.660254, -3.660254, -19.318516), (-3.151181, -4.106699, -19.318516), (-2.5881906, -4.4828773, -19.318516), (-1.9809152, -4.7823524, -19.318516), (-1.339746, -5, -19.318516), (-0.6756533, -5.1320963, -19.318516), (3.1696193e-16, -5.176381, -19.318516), (0.6756533, -5.1320963, -19.318516), (1.339746, -5, -19.318516), (1.9809152, -4.7823524, -19.318516), (2.5881906, -4.4828773, -19.318516), (3.151181, -4.106699, -19.318516), (3.660254, -3.660254, -19.318516), (4.106699, -3.151181, -19.318516), (4.4828773, -2.5881906, -19.318516), (4.7823524, -1.9809152, -19.318516), (5, -1.339746, -19.318516), (5.1320963, -0.6756533, -19.318516), (5.176381, 0, -19.318516), (5.1320963, 0.6756533, -19.318516), (5, 1.339746, -19.318516), (4.7823524, 1.9809152, -19.318516), (4.4828773, 2.5881906, -19.318516), (4.106699, 3.151181, -19.318516), (3.660254, 3.660254, -19.318516), (3.151181, 4.106699, -19.318516), (2.5881906, 4.4828773, -19.318516), (1.9809152, 4.7823524, -19.318516), (1.339746, 5, -19.318516), (0.6756533, 5.1320963, -19.318516), (3.1696193e-16, 5.176381, -19.318516), (-0.6756533, 5.1320963, -19.318516), (-1.339746, 5, -19.318516), (-1.9809152, 4.7823524, -19.318516), (-2.5881906, 4.4828773, -19.318516), (-3.151181, 4.106699, -19.318516), (-3.660254, 3.660254, -19.318516), (-4.106699, 3.151181, -19.318516), (-4.4828773, 2.5881906, -19.318516), (-4.7823524, 1.9809152, -19.318516), (-5, 1.339746, -19.318516), (-5.1320963, 0.6756533, -19.318516), (-5.176381, 6.3392385e-16, -19.318516), (-3.4729636, -4.2531536e-16, -19.696156), (-3.4432518, -0.4533127, -19.696156), (-3.3546252, -0.8988691, -19.696156), (-3.2086, -1.3290457, -19.696156), (-3.0076747, -1.7364818, -19.696156), (-2.7552872, -2.1142063, -19.696156), (-2.4557562, -2.4557562, -19.696156), (-2.1142063, -2.7552872, -19.696156), (-1.7364818, -3.0076747, -19.696156), (-1.3290457, -3.2086, -19.696156), (-0.8988691, -3.3546252, -19.696156), (-0.4533127, -3.4432518, -19.696156), (2.1265768e-16, -3.4729636, -19.696156), (0.4533127, -3.4432518, -19.696156), (0.8988691, -3.3546252, -19.696156), (1.3290457, -3.2086, -19.696156), (1.7364818, -3.0076747, -19.696156), (2.1142063, -2.7552872, -19.696156), (2.4557562, -2.4557562, -19.696156), (2.7552872, -2.1142063, -19.696156), (3.0076747, -1.7364818, -19.696156), (3.2086, -1.3290457, -19.696156), (3.3546252, -0.8988691, -19.696156), (3.4432518, -0.4533127, -19.696156), (3.4729636, 0, -19.696156), (3.4432518, 0.4533127, -19.696156), (3.3546252, 0.8988691, -19.696156), (3.2086, 1.3290457, -19.696156), (3.0076747, 1.7364818, -19.696156), (2.7552872, 2.1142063, -19.696156), (2.4557562, 2.4557562, -19.696156), (2.1142063, 2.7552872, -19.696156), (1.7364818, 3.0076747, -19.696156), (1.3290457, 3.2086, -19.696156), (0.8988691, 3.3546252, -19.696156), (0.4533127, 3.4432518, -19.696156), (2.1265768e-16, 3.4729636, -19.696156), (-0.4533127, 3.4432518, -19.696156), (-0.8988691, 3.3546252, -19.696156), (-1.3290457, 3.2086, -19.696156), (-1.7364818, 3.0076747, -19.696156), (-2.1142063, 2.7552872, -19.696156), (-2.4557562, 2.4557562, -19.696156), (-2.7552872, 2.1142063, -19.696156), (-3.0076747, 1.7364818, -19.696156), (-3.2086, 1.3290457, -19.696156), (-3.3546252, 0.8988691, -19.696156), (-3.4432518, 0.4533127, -19.696156), (-3.4729636, 4.2531536e-16, -19.696156), (-1.7431148, -2.1347e-16, -19.923895), (-1.7282022, -0.22752215, -19.923895), (-1.6837196, -0.4511513, -19.923895), (-1.6104281, -0.66706115, -19.923895), (-1.5095818, -0.8715574, -19.923895), (-1.382906, -1.0611411, -19.923895), (-1.2325684, -1.2325684, -19.923895), (-1.0611411, -1.382906, -19.923895), (-0.8715574, -1.5095818, -19.923895), (-0.66706115, -1.6104281, -19.923895), (-0.4511513, -1.6837196, -19.923895), (-0.22752215, -1.7282022, -19.923895), (1.06735e-16, -1.7431148, -19.923895), (0.22752215, -1.7282022, -19.923895), (0.4511513, -1.6837196, -19.923895), (0.66706115, -1.6104281, -19.923895), (0.8715574, -1.5095818, -19.923895), (1.0611411, -1.382906, -19.923895), (1.2325684, -1.2325684, -19.923895), (1.382906, -1.0611411, -19.923895), (1.5095818, -0.8715574, -19.923895), (1.6104281, -0.66706115, -19.923895), (1.6837196, -0.4511513, -19.923895), (1.7282022, -0.22752215, -19.923895), (1.7431148, 0, -19.923895), (1.7282022, 0.22752215, -19.923895), (1.6837196, 0.4511513, -19.923895), (1.6104281, 0.66706115, -19.923895), (1.5095818, 0.8715574, -19.923895), (1.382906, 1.0611411, -19.923895), (1.2325684, 1.2325684, -19.923895), (1.0611411, 1.382906, -19.923895), (0.8715574, 1.5095818, -19.923895), (0.66706115, 1.6104281, -19.923895), (0.4511513, 1.6837196, -19.923895), (0.22752215, 1.7282022, -19.923895), (1.06735e-16, 1.7431148, -19.923895), (-0.22752215, 1.7282022, -19.923895), (-0.4511513, 1.6837196, -19.923895), (-0.66706115, 1.6104281, -19.923895), (-0.8715574, 1.5095818, -19.923895), (-1.0611411, 1.382906, -19.923895), (-1.2325684, 1.2325684, -19.923895), (-1.382906, 1.0611411, -19.923895), (-1.5095818, 0.8715574, -19.923895), (-1.6104281, 0.66706115, -19.923895), (-1.6837196, 0.4511513, -19.923895), (-1.7282022, 0.22752215, -19.923895), (-1.7431148, 2.1347e-16, -19.923895), (-1.2246468e-15, -1.4997598e-31, -20), (-1.2141697e-15, -1.5984848e-16, -20), (-1.1829179e-15, -3.1696193e-16, -20), (-1.1314262e-15, -4.6865205e-16, -20), (-1.0605752e-15, -6.123234e-16, -20), (-9.715776e-16, -7.4551774e-16, -20), (-8.6595603e-16, -8.6595603e-16, -20), (-7.4551774e-16, -9.715776e-16, -20), (-6.123234e-16, -1.0605752e-15, -20), (-4.6865205e-16, -1.1314262e-15, -20), (-3.1696193e-16, -1.1829179e-15, -20), (-1.5984848e-16, -1.2141697e-15, -20), (7.498799e-32, -1.2246468e-15, -20), (1.5984848e-16, -1.2141697e-15, -20), (3.1696193e-16, -1.1829179e-15, -20), (4.6865205e-16, -1.1314262e-15, -20), (6.123234e-16, -1.0605752e-15, -20), (7.4551774e-16, -9.715776e-16, -20), (8.6595603e-16, -8.6595603e-16, -20), (9.715776e-16, -7.4551774e-16, -20), (1.0605752e-15, -6.123234e-16, -20), (1.1314262e-15, -4.6865205e-16, -20), (1.1829179e-15, -3.1696193e-16, -20), (1.2141697e-15, -1.5984848e-16, -20), (1.2246468e-15, 0, -20), (1.2141697e-15, 1.5984848e-16, -20), (1.1829179e-15, 3.1696193e-16, -20), (1.1314262e-15, 4.6865205e-16, -20), (1.0605752e-15, 6.123234e-16, -20), (9.715776e-16, 7.4551774e-16, -20), (8.6595603e-16, 8.6595603e-16, -20), (7.4551774e-16, 9.715776e-16, -20), (6.123234e-16, 1.0605752e-15, -20), (4.6865205e-16, 1.1314262e-15, -20), (3.1696193e-16, 1.1829179e-15, -20), (1.5984848e-16, 1.2141697e-15, -20), (7.498799e-32, 1.2246468e-15, -20), (-1.5984848e-16, 1.2141697e-15, -20), (-3.1696193e-16, 1.1829179e-15, -20), (-4.6865205e-16, 1.1314262e-15, -20), (-6.123234e-16, 1.0605752e-15, -20), (-7.4551774e-16, 9.715776e-16, -20), (-8.6595603e-16, 8.6595603e-16, -20), (-9.715776e-16, 7.4551774e-16, -20), (-1.0605752e-15, 6.123234e-16, -20), (-1.1314262e-15, 4.6865205e-16, -20), (-1.1829179e-15, 3.1696193e-16, -20), (-1.2141697e-15, 1.5984848e-16, -20), (-1.2246468e-15, 1.4997598e-31, -20)]
                                color3f[] primvars:displayColor = [(0.75, 0.75, 0.75)] (
                                    interpolation = "constant"
                                )
                                float[] primvars:displayOpacity = [0.3] (
                                    interpolation = "constant"
                                )
                                uniform token purpose = "guide"
                                uniform token subdivisionScheme = "none"
                                matrix4d xformOp:transform = ( (-0.8479983040050875, 0.17969718991681877, -0.4986058526937821, 0), (-0.5299989400031804, -0.28751550386690966, 0.7977693643100504, -0), (0, 0.9407676413292263, 0.3390519798317718, -0), (0, -0, 0, 1) )
                                matrix4d xformOp:transform.timeSamples = {
                                    0: ( (-0.8479983040050875, 0.17969718991681877, -0.4986058526937821, 0), (-0.5299989400031804, -0.28751550386690966, 0.7977693643100504, -0), (0, 0.9407676413292263, 0.3390519798317718, -0), (0, -0, 0, 1) ),
                                    84: ( (-0.8479983040050875, 0.17969718991681877, -0.4986058526937821, 0), (-0.5299989400031804, -0.28751550386690966, 0.7977693643100504, -0), (0, 0.9407676413292263, 0.3390519798317718, -0), (0, -0, 0, 1) ),
                                    96: ( (-0.9593655015712705, 0.05317023471089933, -0.27711145868710024, 0), (-0.2821663239915504, -0.18077879801705757, 0.9421789595361401, -0), (0, 0.9820855117189623, 0.18843579190722823, -0), (0, -0, 0, 1) ),
                                    180: ( (-0.9593655015712705, 0.05317023471089933, -0.27711145868710024, 0), (-0.2821663239915504, -0.18077879801705757, 0.9421789595361401, -0), (0, 0.9820855117189623, 0.18843579190722823, -0), (0, -0, 0, 1) ),
                                    192: ( (0.12403473458920791, 0.38557712728261545, -0.9143006417649885, 0), (-0.9922778767136673, 0.04819714091032674, -0.1142875802206231, 0), (0, 0.9214159291680144, 0.3885777727501204, -0), (0, 0, 0, 0.9999999999999998) ),
                                    276: ( (0.12403473458920791, 0.38557712728261545, -0.9143006417649885, 0), (-0.9922778767136673, 0.04819714091032674, -0.1142875802206231, 0), (0, 0.9214159291680144, 0.3885777727501204, -0), (0, 0, 0, 0.9999999999999998) ),
                                    288: ( (-0.8479983040050875, 0.17969718991681877, -0.4986058526937821, 0), (-0.5299989400031804, -0.28751550386690966, 0.7977693643100504, -0), (0, 0.9407676413292263, 0.3390519798317718, -0), (0, -0, 0, 1) ),
                                }
                                uniform token[] xformOpOrder = ["xformOp:transform"]
                            }
                        }
                    }

                    over "sec_cam_lobby_fixed_1"
                    {
                        double aeco:cctv:mountHeight = 3.2199999999999998

                        over "Sensor_0"
                        {
                            double aeco:cctvSensor:effectiveWidth = 7.228335573456428
                            double aeco:cctvSensor:hfov = 84.19827201220271
                            double aeco:cctvSensor:targetRange = 5.7374204031549985
                            double aeco:cctvSensor:vfov = 59.24722851636196
                            float2 clippingRange = (0.05, 14)
                            float focalLength = 4
                            float horizontalAperture = 7.2283354
                            float verticalAperture = 4.5489945
                            matrix4d xformOp:transform = ( (0.8411784753765537, -0.5407575913134987, 0, 0), (0.22853403326399846, 0.35549738507733103, 0.9063077870366498, 0), (-0.4900928159066061, -0.7623666025213874, 0.42261826174069966, 0), (0, 0, -0.08, 1) )
                            uniform token[] xformOpOrder = ["xformOp:transform"]

                            def Mesh "Sector" (
                                prepend apiSchemas = ["AecoDerivedGeometryAPI", "MaterialBindingAPI"]
                            )
                            {
                                uniform token aeco:derived:approx = "tessellated"
                                uniform token aeco:derived:role = "sector"
                                string aeco:derived:source = "0d5ca8c9-b0d2-5ea9-8d94-c6026ad954c3"
                                string aeco:derived:stamp = "usdAecoCctv derive 0.5.3"
                                uniform bool doubleSided = 1
                                float3[] extent = [(-9.385816, -6.9202027, -14), (9.385816, 6.9202027, 0)]
                                int[] faceVertexCounts = [4, 4, 4, 4, 4, 4, 4, 4, 4, 4, 4, 4, 4, 4, 4, 4, 4, 4, 4, 4, 4, 4, 4, 4, 4, 4, 4, 4, 4, 4, 4, 4, 4, 4, 4, 4, 4, 4, 4, 4, 4, 4, 4, 4, 4, 4, 4, 4, 4, 4, 4, 4, 4, 4, 4, 4, 4, 4, 4, 4, 4, 4, 4, 4, 4, 4, 4, 4, 4, 4, 4, 4, 4, 4, 4, 4, 4, 4, 4, 4, 4, 4, 4, 4, 4, 4, 4, 4, 4, 4, 4, 4, 4, 4, 4, 4, 4, 4, 4, 4, 4, 4, 4, 4, 4, 4, 4, 4, 4, 4, 4, 4, 4, 4, 4, 4, 4, 4, 4, 4, 4, 4, 4, 4, 4, 4, 4, 4, 4, 4, 4, 4, 4, 4, 4, 4, 4, 4, 4, 4, 4, 4, 4, 4, 4, 4, 4, 4, 4, 4, 4, 4, 4, 4, 4, 4, 4, 4, 4, 4, 4, 4, 4, 4, 4, 4, 4, 4, 4, 4, 4, 4, 4, 4, 4, 4, 4, 4, 4, 4, 4, 4, 4, 4, 4, 4, 4, 4, 4, 4, 4, 4, 4, 4, 4, 4, 4, 4, 4, 4, 4, 4, 4, 4, 4, 4, 4, 4, 4, 4, 4, 4, 4, 4, 4, 4, 4, 4, 4, 4, 4, 4, 4, 4, 4, 4, 4, 4, 4, 4, 4, 4, 4, 4, 4, 4, 4, 4, 4, 4, 4, 4, 4, 4, 4, 4, 4, 4, 4, 4, 4, 4, 4, 4, 4, 4, 4, 4, 4, 4, 4, 4, 4, 4, 4, 4, 4, 4, 4, 4, 4, 4, 4, 4, 4, 4, 4, 4, 4, 4, 4, 4, 4, 4, 4, 4, 4, 4, 4, 4, 4, 4, 4, 4, 4, 4, 4, 4, 4, 4, 4, 4, 4, 4, 4, 4, 4, 4, 4, 4, 4, 4, 4, 4, 4, 4, 4, 4, 4, 4, 4, 4, 4, 4, 4, 4, 4, 4, 4, 4, 4, 4, 4, 4, 4, 4, 3, 3, 3, 3, 3, 3, 3, 3, 3, 3, 3, 3, 3, 3, 3, 3, 3, 3, 3, 3, 3, 3, 3, 3, 3, 3, 3, 3, 3, 3, 3, 3, 3, 3, 3, 3, 3, 3, 3, 3, 3, 3, 3, 3, 3, 3, 3, 3, 3, 3, 3, 3, 3, 3, 3, 3, 3, 3, 3, 3, 3, 3, 3, 3, 3, 3, 3, 3, 3, 3, 3, 3, 3, 3, 3, 3]
                                int[] faceVertexIndices = [1, 26, 27, 2, 2, 27, 28, 3, 3, 28, 29, 4, 4, 29, 30, 5, 5, 30, 31, 6, 6, 31, 32, 7, 7, 32, 33, 8, 8, 33, 34, 9, 9, 34, 35, 10, 10, 35, 36, 11, 11, 36, 37, 12, 12, 37, 38, 13, 13, 38, 39, 14, 14, 39, 40, 15, 15, 40, 41, 16, 16, 41, 42, 17, 17, 42, 43, 18, 18, 43, 44, 19, 19, 44, 45, 20, 20, 45, 46, 21, 21, 46, 47, 22, 22, 47, 48, 23, 23, 48, 49, 24, 24, 49, 50, 25, 26, 51, 52, 27, 27, 52, 53, 28, 28, 53, 54, 29, 29, 54, 55, 30, 30, 55, 56, 31, 31, 56, 57, 32, 32, 57, 58, 33, 33, 58, 59, 34, 34, 59, 60, 35, 35, 60, 61, 36, 36, 61, 62, 37, 37, 62, 63, 38, 38, 63, 64, 39, 39, 64, 65, 40, 40, 65, 66, 41, 41, 66, 67, 42, 42, 67, 68, 43, 43, 68, 69, 44, 44, 69, 70, 45, 45, 70, 71, 46, 46, 71, 72, 47, 47, 72, 73, 48, 48, 73, 74, 49, 49, 74, 75, 50, 51, 76, 77, 52, 52, 77, 78, 53, 53, 78, 79, 54, 54, 79, 80, 55, 55, 80, 81, 56, 56, 81, 82, 57, 57, 82, 83, 58, 58, 83, 84, 59, 59, 84, 85, 60, 60, 85, 86, 61, 61, 86, 87, 62, 62, 87, 88, 63, 63, 88, 89, 64, 64, 89, 90, 65, 65, 90, 91, 66, 66, 91, 92, 67, 67, 92, 93, 68, 68, 93, 94, 69, 69, 94, 95, 70, 70, 95, 96, 71, 71, 96, 97, 72, 72, 97, 98, 73, 73, 98, 99, 74, 74, 99, 100, 75, 76, 101, 102, 77, 77, 102, 103, 78, 78, 103, 104, 79, 79, 104, 105, 80, 80, 105, 106, 81, 81, 106, 107, 82, 82, 107, 108, 83, 83, 108, 109, 84, 84, 109, 110, 85, 85, 110, 111, 86, 86, 111, 112, 87, 87, 112, 113, 88, 88, 113, 114, 89, 89, 114, 115, 90, 90, 115, 116, 91, 91, 116, 117, 92, 92, 117, 118, 93, 93, 118, 119, 94, 94, 119, 120, 95, 95, 120, 121, 96, 96, 121, 122, 97, 97, 122, 123, 98, 98, 123, 124, 99, 99, 124, 125, 100, 101, 126, 127, 102, 102, 127, 128, 103, 103, 128, 129, 104, 104, 129, 130, 105, 105, 130, 131, 106, 106, 131, 132, 107, 107, 132, 133, 108, 108, 133, 134, 109, 109, 134, 135, 110, 110, 135, 136, 111, 111, 136, 137, 112, 112, 137, 138, 113, 113, 138, 139, 114, 114, 139, 140, 115, 115, 140, 141, 116, 116, 141, 142, 117, 117, 142, 143, 118, 118, 143, 144, 119, 119, 144, 145, 120, 120, 145, 146, 121, 121, 146, 147, 122, 122, 147, 148, 123, 123, 148, 149, 124, 124, 149, 150, 125, 126, 151, 152, 127, 127, 152, 153, 128, 128, 153, 154, 129, 129, 154, 155, 130, 130, 155, 156, 131, 131, 156, 157, 132, 132, 157, 158, 133, 133, 158, 159, 134, 134, 159, 160, 135, 135, 160, 161, 136, 136, 161, 162, 137, 137, 162, 163, 138, 138, 163, 164, 139, 139, 164, 165, 140, 140, 165, 166, 141, 141, 166, 167, 142, 142, 167, 168, 143, 143, 168, 169, 144, 144, 169, 170, 145, 145, 170, 171, 146, 146, 171, 172, 147, 147, 172, 173, 148, 148, 173, 174, 149, 149, 174, 175, 150, 151, 176, 177, 152, 152, 177, 178, 153, 153, 178, 179, 154, 154, 179, 180, 155, 155, 180, 181, 156, 156, 181, 182, 157, 157, 182, 183, 158, 158, 183, 184, 159, 159, 184, 185, 160, 160, 185, 186, 161, 161, 186, 187, 162, 162, 187, 188, 163, 163, 188, 189, 164, 164, 189, 190, 165, 165, 190, 191, 166, 166, 191, 192, 167, 167, 192, 193, 168, 168, 193, 194, 169, 169, 194, 195, 170, 170, 195, 196, 171, 171, 196, 197, 172, 172, 197, 198, 173, 173, 198, 199, 174, 174, 199, 200, 175, 176, 201, 202, 177, 177, 202, 203, 178, 178, 203, 204, 179, 179, 204, 205, 180, 180, 205, 206, 181, 181, 206, 207, 182, 182, 207, 208, 183, 183, 208, 209, 184, 184, 209, 210, 185, 185, 210, 211, 186, 186, 211, 212, 187, 187, 212, 213, 188, 188, 213, 214, 189, 189, 214, 215, 190, 190, 215, 216, 191, 191, 216, 217, 192, 192, 217, 218, 193, 193, 218, 219, 194, 194, 219, 220, 195, 195, 220, 221, 196, 196, 221, 222, 197, 197, 222, 223, 198, 198, 223, 224, 199, 199, 224, 225, 200, 201, 226, 227, 202, 202, 227, 228, 203, 203, 228, 229, 204, 204, 229, 230, 205, 205, 230, 231, 206, 206, 231, 232, 207, 207, 232, 233, 208, 208, 233, 234, 209, 209, 234, 235, 210, 210, 235, 236, 211, 211, 236, 237, 212, 212, 237, 238, 213, 213, 238, 239, 214, 214, 239, 240, 215, 215, 240, 241, 216, 216, 241, 242, 217, 217, 242, 243, 218, 218, 243, 244, 219, 219, 244, 245, 220, 220, 245, 246, 221, 221, 246, 247, 222, 222, 247, 248, 223, 223, 248, 249, 224, 224, 249, 250, 225, 226, 251, 252, 227, 227, 252, 253, 228, 228, 253, 254, 229, 229, 254, 255, 230, 230, 255, 256, 231, 231, 256, 257, 232, 232, 257, 258, 233, 233, 258, 259, 234, 234, 259, 260, 235, 235, 260, 261, 236, 236, 261, 262, 237, 237, 262, 263, 238, 238, 263, 264, 239, 239, 264, 265, 240, 240, 265, 266, 241, 241, 266, 267, 242, 242, 267, 268, 243, 243, 268, 269, 244, 244, 269, 270, 245, 245, 270, 271, 246, 246, 271, 272, 247, 247, 272, 273, 248, 248, 273, 274, 249, 249, 274, 275, 250, 251, 276, 277, 252, 252, 277, 278, 253, 253, 278, 279, 254, 254, 279, 280, 255, 255, 280, 281, 256, 256, 281, 282, 257, 257, 282, 283, 258, 258, 283, 284, 259, 259, 284, 285, 260, 260, 285, 286, 261, 261, 286, 287, 262, 262, 287, 288, 263, 263, 288, 289, 264, 264, 289, 290, 265, 265, 290, 291, 266, 266, 291, 292, 267, 267, 292, 293, 268, 268, 293, 294, 269, 269, 294, 295, 270, 270, 295, 296, 271, 271, 296, 297, 272, 272, 297, 298, 273, 273, 298, 299, 274, 274, 299, 300, 275, 276, 301, 302, 277, 277, 302, 303, 278, 278, 303, 304, 279, 279, 304, 305, 280, 280, 305, 306, 281, 281, 306, 307, 282, 282, 307, 308, 283, 283, 308, 309, 284, 284, 309, 310, 285, 285, 310, 311, 286, 286, 311, 312, 287, 287, 312, 313, 288, 288, 313, 314, 289, 289, 314, 315, 290, 290, 315, 316, 291, 291, 316, 317, 292, 292, 317, 318, 293, 293, 318, 319, 294, 294, 319, 320, 295, 295, 320, 321, 296, 296, 321, 322, 297, 297, 322, 323, 298, 298, 323, 324, 299, 299, 324, 325, 300, 301, 326, 327, 302, 302, 327, 328, 303, 303, 328, 329, 304, 304, 329, 330, 305, 305, 330, 331, 306, 306, 331, 332, 307, 307, 332, 333, 308, 308, 333, 334, 309, 309, 334, 335, 310, 310, 335, 336, 311, 311, 336, 337, 312, 312, 337, 338, 313, 313, 338, 339, 314, 314, 339, 340, 315, 315, 340, 341, 316, 316, 341, 342, 317, 317, 342, 343, 318, 318, 343, 344, 319, 319, 344, 345, 320, 320, 345, 346, 321, 321, 346, 347, 322, 322, 347, 348, 323, 323, 348, 349, 324, 324, 349, 350, 325, 326, 351, 352, 327, 327, 352, 353, 328, 328, 353, 354, 329, 329, 354, 355, 330, 330, 355, 356, 331, 331, 356, 357, 332, 332, 357, 358, 333, 333, 358, 359, 334, 334, 359, 360, 335, 335, 360, 361, 336, 336, 361, 362, 337, 337, 362, 363, 338, 338, 363, 364, 339, 339, 364, 365, 340, 340, 365, 366, 341, 341, 366, 367, 342, 342, 367, 368, 343, 343, 368, 369, 344, 344, 369, 370, 345, 345, 370, 371, 346, 346, 371, 372, 347, 347, 372, 373, 348, 348, 373, 374, 349, 349, 374, 375, 350, 0, 1, 2, 0, 2, 3, 0, 3, 4, 0, 4, 5, 0, 5, 6, 0, 6, 7, 0, 7, 8, 0, 8, 9, 0, 9, 10, 0, 10, 11, 0, 11, 12, 0, 12, 13, 0, 13, 14, 0, 14, 15, 0, 15, 16, 0, 16, 17, 0, 17, 18, 0, 18, 19, 0, 19, 20, 0, 20, 21, 0, 21, 22, 0, 22, 23, 0, 23, 24, 0, 24, 25, 0, 352, 351, 0, 353, 352, 0, 354, 353, 0, 355, 354, 0, 356, 355, 0, 357, 356, 0, 358, 357, 0, 359, 358, 0, 360, 359, 0, 361, 360, 0, 362, 361, 0, 363, 362, 0, 364, 363, 0, 365, 364, 0, 366, 365, 0, 367, 366, 0, 368, 367, 0, 369, 368, 0, 370, 369, 0, 371, 370, 0, 372, 371, 0, 373, 372, 0, 374, 373, 0, 375, 374, 0, 26, 1, 0, 51, 26, 0, 76, 51, 0, 101, 76, 0, 126, 101, 0, 151, 126, 0, 176, 151, 0, 201, 176, 0, 226, 201, 0, 251, 226, 0, 276, 251, 0, 301, 276, 0, 326, 301, 0, 351, 326, 0, 25, 50, 0, 50, 75, 0, 75, 100, 0, 100, 125, 0, 125, 150, 0, 150, 175, 0, 175, 200, 0, 200, 225, 0, 225, 250, 0, 250, 275, 0, 275, 300, 0, 300, 325, 0, 325, 350, 0, 350, 375]
                                rel material:binding = </AecoCctvLooks/Sector>
                                point3f[] points = [(0, 0, 0), (-8.647642, -5.4422045, -9.570826), (-8.180174, -5.616015, -9.876493), (-7.6671367, -5.7901735, -10.182775), (-7.105858, -5.962555, -10.4859295), (-6.4943256, -6.1305923, -10.7814455), (-5.83149, -6.291292, -11.064057), (-5.1175914, -6.4412885, -11.327845), (-4.35448, -6.5769515, -11.566426), (-3.5458775, -6.694561, -11.773258), (-2.697531, -6.7905283, -11.942029), (-1.8171918, -6.8616595, -12.067122), (-0.9143914, -6.9054265, -12.144093), (0, -6.9202027, -12.170078), (0.9143914, -6.9054265, -12.144093), (1.8171918, -6.8616595, -12.067122), (2.697531, -6.7905283, -11.942029), (3.5458775, -6.694561, -11.773258), (4.35448, -6.5769515, -11.566426), (5.1175914, -6.4412885, -11.327845), (5.83149, -6.291292, -11.064057), (6.4943256, -6.1305923, -10.7814455), (7.105858, -5.962555, -10.4859295), (7.6671367, -5.7901735, -10.182775), (8.180174, -5.616015, -9.876493), (8.647642, -5.4422045, -9.570826), (-8.826379, -4.7611613, -9.768642), (-8.360586, -4.919893, -10.094317), (-7.8472624, -5.079603, -10.422001), (-7.2832665, -5.238359, -10.747726), (-6.666105, -5.3937864, -11.066622), (-5.994275, -5.5430684, -11.372909), (-5.2676473, -5.682992, -11.659995), (-4.4878473, -5.810047, -11.920679), (-3.658587, -5.92059, -12.147484), (-2.7858737, -6.01107, -12.333124), (-1.8780209, -6.0782986, -12.47106), (-0.9454118, -6.119735, -12.556076), (0, -6.133736, -12.584804), (0.9454118, -6.119735, -12.556076), (1.8780209, -6.0782986, -12.47106), (2.7858737, -6.01107, -12.333124), (3.658587, -5.92059, -12.147484), (4.4878473, -5.810047, -11.920679), (5.2676473, -5.682992, -11.659995), (5.994275, -5.5430684, -11.372909), (6.666105, -5.3937864, -11.066622), (7.2832665, -5.238359, -10.747726), (7.8472624, -5.079603, -10.422001), (8.360586, -4.919893, -10.094317), (8.826379, -4.7611613, -9.768642), (-8.986598, -4.039656, -9.945966), (-8.52294, -4.1795263, -10.2903385), (-8.010016, -4.320796, -10.638156), (-7.444233, -4.4617763, -10.985261), (-6.8226185, -4.600356, -11.326456), (-6.14321, -4.7339935, -11.655482), (-5.405484, -4.8597474, -11.965099), (-4.610809, -4.974363, -12.247292), (-3.7628448, -5.074423, -12.493648), (-2.867816, -5.1565638, -12.695885), (-1.9345592, -5.2177396, -12.846504), (-0.9742811, -5.255507, -12.939491), (0, -5.2682796, -12.970938), (0.9742811, -5.255507, -12.939491), (1.9345592, -5.2177396, -12.846504), (2.867816, -5.1565638, -12.695885), (3.7628448, -5.074423, -12.493648), (4.610809, -4.974363, -12.247292), (5.405484, -4.8597474, -11.965099), (6.14321, -4.7339935, -11.655482), (6.8226185, -4.600356, -11.326456), (7.444233, -4.4617763, -10.985261), (8.010016, -4.320796, -10.638156), (8.52294, -4.1795263, -10.2903385), (8.986598, -4.039656, -9.945966), (-9.124382, -3.2812743, -10.09846), (-8.663049, -3.3985872, -10.459502), (-8.150987, -3.5174708, -10.825378), (-7.584181, -3.6365242, -11.191778), (-6.959216, -3.753969, -11.5532255), (-6.2736874, -3.8676322, -11.903036), (-5.526683, -3.9749677, -12.233373), (-4.719299, -4.073126, -12.535464), (-3.8551137, -4.1590824, -12.800005), (-2.940521, -4.2298346, -13.017751), (-1.9848208, -4.282641, -13.180268), (-0.9999762, -4.31529, -13.28075), (0, -4.32634, -13.314758), (0.9999762, -4.31529, -13.28075), (1.9848208, -4.282641, -13.180268), (2.940521, -4.2298346, -13.017751), (3.8551137, -4.1590824, -12.800005), (4.719299, -4.073126, -12.535464), (5.526683, -3.9749677, -12.233373), (6.2736874, -3.8676322, -11.903036), (6.959216, -3.753969, -11.5532255), (7.584181, -3.6365242, -11.191778), (8.150987, -3.5174708, -10.825378), (8.663049, -3.3985872, -10.459502), (9.124382, -3.2812743, -10.09846), (-9.236042, -2.4910717, -10.22204), (-8.776932, -2.5824482, -10.597001), (-8.265927, -2.6753042, -10.978032), (-7.6986585, -2.7685611, -11.36071), (-7.0713224, -2.8608313, -11.739337), (-6.3811235, -2.9503987, -12.106874), (-5.626798, -3.0352306, -12.45498), (-4.809186, -3.113029, -12.774223), (-3.9317667, -3.1813347, -13.054513), (-3.0010571, -3.2376852, -13.285747), (-2.0267415, -3.2798197, -13.458644), (-1.0214301, -3.305904, -13.5656805), (0, -3.314738, -13.601931), (1.0214301, -3.305904, -13.5656805), (2.0267415, -3.2798197, -13.458644), (3.0010571, -3.2376852, -13.285747), (3.9317667, -3.1813347, -13.054513), (4.809186, -3.113029, -12.774223), (5.626798, -3.0352306, -12.45498), (6.3811235, -2.9503987, -12.106874), (7.0713224, -2.8608313, -11.739337), (7.6986585, -2.7685611, -11.36071), (8.265927, -2.6753042, -10.978032), (8.776932, -2.5824482, -10.597001), (9.236042, -2.4910717, -10.22204), (-9.318356, -1.6755153, -10.313142), (-8.861083, -1.7381388, -10.698602), (-8.35107, -1.8019074, -11.091111), (-7.7836766, -1.8660902, -11.486169), (-7.154799, -1.9297355, -11.877919), (-6.4613338, -1.9916565, -12.259057), (-5.701735, -2.0504355, -12.620853), (-4.87663, -2.1044571, -12.953368), (-3.9894059, -2.1519816, -13.245891), (-3.0466607, -2.1912563, -13.487634), (-2.0583653, -2.2206635, -13.668642), (-1.0376283, -2.2388868, -13.780809), (0, -2.2450616, -13.818817), (1.0376283, -2.2388868, -13.780809), (2.0583653, -2.2206635, -13.668642), (3.0466607, -2.1912563, -13.487634), (3.9894059, -2.1519816, -13.245891), (4.87663, -2.1044571, -12.953368), (5.701735, -2.0504355, -12.620853), (6.4613338, -1.9916565, -12.259057), (7.154799, -1.9297355, -11.877919), (7.7836766, -1.8660902, -11.486169), (8.35107, -1.8019074, -11.091111), (8.861083, -1.7381388, -10.698602), (9.318356, -1.6755153, -10.313142), (-9.3688135, -0.842294, -10.368986), (-8.91275, -0.87413675, -10.760983), (-8.403437, -0.9066032, -11.16066), (-7.83606, -0.9393243, -11.56347), (-7.2063265, -0.97181654, -11.963462), (-6.5109363, -1.0034732, -12.353168), (-5.7481604, -1.0335654, -12.723616), (-4.9184837, -1.0612595, -13.064542), (-4.0252304, -1.0856532, -13.364838), (-3.0750413, -1.1058342, -13.613275), (-2.0780652, -1.1209584, -13.79946), (-1.0477251, -1.1303363, -13.9149065), (0, -1.133515, -13.954037), (1.0477251, -1.1303363, -13.9149065), (2.0780652, -1.1209584, -13.79946), (3.0750413, -1.1058342, -13.613275), (4.0252304, -1.0856532, -13.364838), (4.9184837, -1.0612595, -13.064542), (5.7481604, -1.0335654, -12.723616), (6.5109363, -1.0034732, -12.353168), (7.2063265, -0.97181654, -11.963462), (7.83606, -0.9393243, -11.56347), (8.403437, -0.9066032, -11.16066), (8.91275, -0.87413675, -10.760983), (9.3688135, -0.842294, -10.368986), (-9.385816, 0, -10.387803), (-8.930175, 0, -10.7820215), (-8.421112, 0, -11.1841345), (-7.8537574, 0, -11.589585), (-7.2237515, 0, -11.99239), (-6.527726, 0, -12.385023), (-5.7638893, 0, -12.758431), (-4.932677, 0, -13.102241), (-4.037388, 0, -13.405204), (-3.0846791, 0, -13.655942), (-2.0847585, 0, -13.843907), (-1.0511568, 0, -13.960483), (0, 0, -14), (1.0511568, 0, -13.960483), (2.0847585, 0, -13.843907), (3.0846791, 0, -13.655942), (4.037388, 0, -13.405204), (4.932677, 0, -13.102241), (5.7638893, 0, -12.758431), (6.527726, 0, -12.385023), (7.2237515, 0, -11.99239), (7.8537574, 0, -11.589585), (8.421112, 0, -11.1841345), (8.930175, 0, -10.7820215), (9.385816, 0, -10.387803), (-9.3688135, 0.842294, -10.368986), (-8.91275, 0.87413675, -10.760983), (-8.403437, 0.9066032, -11.16066), (-7.83606, 0.9393243, -11.56347), (-7.2063265, 0.97181654, -11.963462), (-6.5109363, 1.0034732, -12.353168), (-5.7481604, 1.0335654, -12.723616), (-4.9184837, 1.0612595, -13.064542), (-4.0252304, 1.0856532, -13.364838), (-3.0750413, 1.1058342, -13.613275), (-2.0780652, 1.1209584, -13.79946), (-1.0477251, 1.1303363, -13.9149065), (0, 1.133515, -13.954037), (1.0477251, 1.1303363, -13.9149065), (2.0780652, 1.1209584, -13.79946), (3.0750413, 1.1058342, -13.613275), (4.0252304, 1.0856532, -13.364838), (4.9184837, 1.0612595, -13.064542), (5.7481604, 1.0335654, -12.723616), (6.5109363, 1.0034732, -12.353168), (7.2063265, 0.97181654, -11.963462), (7.83606, 0.9393243, -11.56347), (8.403437, 0.9066032, -11.16066), (8.91275, 0.87413675, -10.760983), (9.3688135, 0.842294, -10.368986), (-9.318356, 1.6755153, -10.313142), (-8.861083, 1.7381388, -10.698602), (-8.35107, 1.8019074, -11.091111), (-7.7836766, 1.8660902, -11.486169), (-7.154799, 1.9297355, -11.877919), (-6.4613338, 1.9916565, -12.259057), (-5.701735, 2.0504355, -12.620853), (-4.87663, 2.1044571, -12.953368), (-3.9894059, 2.1519816, -13.245891), (-3.0466607, 2.1912563, -13.487634), (-2.0583653, 2.2206635, -13.668642), (-1.0376283, 2.2388868, -13.780809), (0, 2.2450616, -13.818817), (1.0376283, 2.2388868, -13.780809), (2.0583653, 2.2206635, -13.668642), (3.0466607, 2.1912563, -13.487634), (3.9894059, 2.1519816, -13.245891), (4.87663, 2.1044571, -12.953368), (5.701735, 2.0504355, -12.620853), (6.4613338, 1.9916565, -12.259057), (7.154799, 1.9297355, -11.877919), (7.7836766, 1.8660902, -11.486169), (8.35107, 1.8019074, -11.091111), (8.861083, 1.7381388, -10.698602), (9.318356, 1.6755153, -10.313142), (-9.236042, 2.4910717, -10.22204), (-8.776932, 2.5824482, -10.597001), (-8.265927, 2.6753042, -10.978032), (-7.6986585, 2.7685611, -11.36071), (-7.0713224, 2.8608313, -11.739337), (-6.3811235, 2.9503987, -12.106874), (-5.626798, 3.0352306, -12.45498), (-4.809186, 3.113029, -12.774223), (-3.9317667, 3.1813347, -13.054513), (-3.0010571, 3.2376852, -13.285747), (-2.0267415, 3.2798197, -13.458644), (-1.0214301, 3.305904, -13.5656805), (0, 3.314738, -13.601931), (1.0214301, 3.305904, -13.5656805), (2.0267415, 3.2798197, -13.458644), (3.0010571, 3.2376852, -13.285747), (3.9317667, 3.1813347, -13.054513), (4.809186, 3.113029, -12.774223), (5.626798, 3.0352306, -12.45498), (6.3811235, 2.9503987, -12.106874), (7.0713224, 2.8608313, -11.739337), (7.6986585, 2.7685611, -11.36071), (8.265927, 2.6753042, -10.978032), (8.776932, 2.5824482, -10.597001), (9.236042, 2.4910717, -10.22204), (-9.124382, 3.2812743, -10.09846), (-8.663049, 3.3985872, -10.459502), (-8.150987, 3.5174708, -10.825378), (-7.584181, 3.6365242, -11.191778), (-6.959216, 3.753969, -11.5532255), (-6.2736874, 3.8676322, -11.903036), (-5.526683, 3.9749677, -12.233373), (-4.719299, 4.073126, -12.535464), (-3.8551137, 4.1590824, -12.800005), (-2.940521, 4.2298346, -13.017751), (-1.9848208, 4.282641, -13.180268), (-0.9999762, 4.31529, -13.28075), (0, 4.32634, -13.314758), (0.9999762, 4.31529, -13.28075), (1.9848208, 4.282641, -13.180268), (2.940521, 4.2298346, -13.017751), (3.8551137, 4.1590824, -12.800005), (4.719299, 4.073126, -12.535464), (5.526683, 3.9749677, -12.233373), (6.2736874, 3.8676322, -11.903036), (6.959216, 3.753969, -11.5532255), (7.584181, 3.6365242, -11.191778), (8.150987, 3.5174708, -10.825378), (8.663049, 3.3985872, -10.459502), (9.124382, 3.2812743, -10.09846), (-8.986598, 4.039656, -9.945966), (-8.52294, 4.1795263, -10.2903385), (-8.010016, 4.320796, -10.638156), (-7.444233, 4.4617763, -10.985261), (-6.8226185, 4.600356, -11.326456), (-6.14321, 4.7339935, -11.655482), (-5.405484, 4.8597474, -11.965099), (-4.610809, 4.974363, -12.247292), (-3.7628448, 5.074423, -12.493648), (-2.867816, 5.1565638, -12.695885), (-1.9345592, 5.2177396, -12.846504), (-0.9742811, 5.255507, -12.939491), (0, 5.2682796, -12.970938), (0.9742811, 5.255507, -12.939491), (1.9345592, 5.2177396, -12.846504), (2.867816, 5.1565638, -12.695885), (3.7628448, 5.074423, -12.493648), (4.610809, 4.974363, -12.247292), (5.405484, 4.8597474, -11.965099), (6.14321, 4.7339935, -11.655482), (6.8226185, 4.600356, -11.326456), (7.444233, 4.4617763, -10.985261), (8.010016, 4.320796, -10.638156), (8.52294, 4.1795263, -10.2903385), (8.986598, 4.039656, -9.945966), (-8.826379, 4.7611613, -9.768642), (-8.360586, 4.919893, -10.094317), (-7.8472624, 5.079603, -10.422001), (-7.2832665, 5.238359, -10.747726), (-6.666105, 5.3937864, -11.066622), (-5.994275, 5.5430684, -11.372909), (-5.2676473, 5.682992, -11.659995), (-4.4878473, 5.810047, -11.920679), (-3.658587, 5.92059, -12.147484), (-2.7858737, 6.01107, -12.333124), (-1.8780209, 6.0782986, -12.47106), (-0.9454118, 6.119735, -12.556076), (0, 6.133736, -12.584804), (0.9454118, 6.119735, -12.556076), (1.8780209, 6.0782986, -12.47106), (2.7858737, 6.01107, -12.333124), (3.658587, 5.92059, -12.147484), (4.4878473, 5.810047, -11.920679), (5.2676473, 5.682992, -11.659995), (5.994275, 5.5430684, -11.372909), (6.666105, 5.3937864, -11.066622), (7.2832665, 5.238359, -10.747726), (7.8472624, 5.079603, -10.422001), (8.360586, 4.919893, -10.094317), (8.826379, 4.7611613, -9.768642), (-8.647642, 5.4422045, -9.570826), (-8.180174, 5.616015, -9.876493), (-7.6671367, 5.7901735, -10.182775), (-7.105858, 5.962555, -10.4859295), (-6.4943256, 6.1305923, -10.7814455), (-5.83149, 6.291292, -11.064057), (-5.1175914, 6.4412885, -11.327845), (-4.35448, 6.5769515, -11.566426), (-3.5458775, 6.694561, -11.773258), (-2.697531, 6.7905283, -11.942029), (-1.8171918, 6.8616595, -12.067122), (-0.9143914, 6.9054265, -12.144093), (0, 6.9202027, -12.170078), (0.9143914, 6.9054265, -12.144093), (1.8171918, 6.8616595, -12.067122), (2.697531, 6.7905283, -11.942029), (3.5458775, 6.694561, -11.773258), (4.35448, 6.5769515, -11.566426), (5.1175914, 6.4412885, -11.327845), (5.83149, 6.291292, -11.064057), (6.4943256, 6.1305923, -10.7814455), (7.105858, 5.962555, -10.4859295), (7.6671367, 5.7901735, -10.182775), (8.180174, 5.616015, -9.876493), (8.647642, 5.4422045, -9.570826)]
                                color3f[] primvars:displayColor = [(0, 0.85, 0.95)] (
                                    interpolation = "constant"
                                )
                                float[] primvars:displayOpacity = [0.3] (
                                    interpolation = "constant"
                                )
                                uniform token purpose = "guide"
                                uniform token subdivisionScheme = "none"
                            }

                            def Mesh "Shell_identify" (
                                prepend apiSchemas = ["AecoDerivedGeometryAPI", "MaterialBindingAPI"]
                            )
                            {
                                uniform token aeco:derived:approx = "tessellated"
                                uniform token aeco:derived:role = "coverage"
                                string aeco:derived:source = "0d5ca8c9-b0d2-5ea9-8d94-c6026ad954c3"
                                string aeco:derived:stamp = "usdAecoCctv derive 0.5.3"
                                uniform bool doubleSided = 1
                                float3[] extent = [(-3.846455, -2.836008, -5.7374206), (3.846455, 2.836008, 0)]
                                int[] faceVertexCounts = [4, 4, 4, 4, 4, 4, 4, 4, 4, 4, 4, 4, 4, 4, 4, 4, 4, 4, 4, 4, 4, 4, 4, 4, 4, 4, 4, 4, 4, 4, 4, 4, 4, 4, 4, 4, 4, 4, 4, 4, 4, 4, 4, 4, 4, 4, 4, 4, 4, 4, 4, 4, 4, 4, 4, 4, 4, 4, 4, 4, 4, 4, 4, 4, 4, 4, 4, 4, 4, 4, 4, 4, 4, 4, 4, 4, 4, 4, 4, 4, 4, 4, 4, 4, 4, 4, 4, 4, 4, 4, 4, 4, 4, 4, 4, 4, 4, 4, 4, 4, 4, 4, 4, 4, 4, 4, 4, 4, 4, 4, 4, 4, 4, 4, 4, 4, 4, 4, 4, 4, 4, 4, 4, 4, 4, 4, 4, 4, 4, 4, 4, 4, 4, 4, 4, 4, 4, 4, 4, 4, 4, 4, 4, 4, 4, 4, 4, 4, 4, 4, 4, 4, 4, 4, 4, 4, 4, 4, 4, 4, 4, 4, 4, 4, 4, 4, 4, 4, 4, 4, 4, 4, 4, 4, 4, 4, 4, 4, 4, 4, 4, 4, 4, 4, 4, 4, 4, 4, 4, 4, 4, 4, 4, 4, 4, 4, 4, 4, 4, 4, 4, 4, 4, 4, 4, 4, 4, 4, 4, 4, 4, 4, 4, 4, 4, 4, 4, 4, 4, 4, 4, 4, 4, 4, 4, 4, 4, 4, 4, 4, 4, 4, 4, 4, 4, 4, 4, 4, 4, 4, 4, 4, 4, 4, 4, 4, 4, 4, 4, 4, 4, 4, 4, 4, 4, 4, 4, 4, 4, 4, 4, 4, 4, 4, 4, 4, 4, 4, 4, 4, 4, 4, 4, 4, 4, 4, 4, 4, 4, 4, 4, 4, 4, 4, 4, 4, 4, 4, 4, 4, 4, 4, 4, 4, 4, 4, 4, 4, 4, 4, 4, 4, 4, 4, 4, 4, 4, 4, 4, 4, 4, 4, 4, 4, 4, 4, 4, 4, 4, 4, 4, 4, 4, 4, 4, 4, 4, 4, 4, 4, 4, 4, 4, 4, 4, 4, 3, 3, 3, 3, 3, 3, 3, 3, 3, 3, 3, 3, 3, 3, 3, 3, 3, 3, 3, 3, 3, 3, 3, 3, 3, 3, 3, 3, 3, 3, 3, 3, 3, 3, 3, 3, 3, 3, 3, 3, 3, 3, 3, 3, 3, 3, 3, 3, 3, 3, 3, 3, 3, 3, 3, 3, 3, 3, 3, 3, 3, 3, 3, 3, 3, 3, 3, 3, 3, 3, 3, 3, 3, 3, 3, 3]
                                int[] faceVertexIndices = [1, 26, 27, 2, 2, 27, 28, 3, 3, 28, 29, 4, 4, 29, 30, 5, 5, 30, 31, 6, 6, 31, 32, 7, 7, 32, 33, 8, 8, 33, 34, 9, 9, 34, 35, 10, 10, 35, 36, 11, 11, 36, 37, 12, 12, 37, 38, 13, 13, 38, 39, 14, 14, 39, 40, 15, 15, 40, 41, 16, 16, 41, 42, 17, 17, 42, 43, 18, 18, 43, 44, 19, 19, 44, 45, 20, 20, 45, 46, 21, 21, 46, 47, 22, 22, 47, 48, 23, 23, 48, 49, 24, 24, 49, 50, 25, 26, 51, 52, 27, 27, 52, 53, 28, 28, 53, 54, 29, 29, 54, 55, 30, 30, 55, 56, 31, 31, 56, 57, 32, 32, 57, 58, 33, 33, 58, 59, 34, 34, 59, 60, 35, 35, 60, 61, 36, 36, 61, 62, 37, 37, 62, 63, 38, 38, 63, 64, 39, 39, 64, 65, 40, 40, 65, 66, 41, 41, 66, 67, 42, 42, 67, 68, 43, 43, 68, 69, 44, 44, 69, 70, 45, 45, 70, 71, 46, 46, 71, 72, 47, 47, 72, 73, 48, 48, 73, 74, 49, 49, 74, 75, 50, 51, 76, 77, 52, 52, 77, 78, 53, 53, 78, 79, 54, 54, 79, 80, 55, 55, 80, 81, 56, 56, 81, 82, 57, 57, 82, 83, 58, 58, 83, 84, 59, 59, 84, 85, 60, 60, 85, 86, 61, 61, 86, 87, 62, 62, 87, 88, 63, 63, 88, 89, 64, 64, 89, 90, 65, 65, 90, 91, 66, 66, 91, 92, 67, 67, 92, 93, 68, 68, 93, 94, 69, 69, 94, 95, 70, 70, 95, 96, 71, 71, 96, 97, 72, 72, 97, 98, 73, 73, 98, 99, 74, 74, 99, 100, 75, 76, 101, 102, 77, 77, 102, 103, 78, 78, 103, 104, 79, 79, 104, 105, 80, 80, 105, 106, 81, 81, 106, 107, 82, 82, 107, 108, 83, 83, 108, 109, 84, 84, 109, 110, 85, 85, 110, 111, 86, 86, 111, 112, 87, 87, 112, 113, 88, 88, 113, 114, 89, 89, 114, 115, 90, 90, 115, 116, 91, 91, 116, 117, 92, 92, 117, 118, 93, 93, 118, 119, 94, 94, 119, 120, 95, 95, 120, 121, 96, 96, 121, 122, 97, 97, 122, 123, 98, 98, 123, 124, 99, 99, 124, 125, 100, 101, 126, 127, 102, 102, 127, 128, 103, 103, 128, 129, 104, 104, 129, 130, 105, 105, 130, 131, 106, 106, 131, 132, 107, 107, 132, 133, 108, 108, 133, 134, 109, 109, 134, 135, 110, 110, 135, 136, 111, 111, 136, 137, 112, 112, 137, 138, 113, 113, 138, 139, 114, 114, 139, 140, 115, 115, 140, 141, 116, 116, 141, 142, 117, 117, 142, 143, 118, 118, 143, 144, 119, 119, 144, 145, 120, 120, 145, 146, 121, 121, 146, 147, 122, 122, 147, 148, 123, 123, 148, 149, 124, 124, 149, 150, 125, 126, 151, 152, 127, 127, 152, 153, 128, 128, 153, 154, 129, 129, 154, 155, 130, 130, 155, 156, 131, 131, 156, 157, 132, 132, 157, 158, 133, 133, 158, 159, 134, 134, 159, 160, 135, 135, 160, 161, 136, 136, 161, 162, 137, 137, 162, 163, 138, 138, 163, 164, 139, 139, 164, 165, 140, 140, 165, 166, 141, 141, 166, 167, 142, 142, 167, 168, 143, 143, 168, 169, 144, 144, 169, 170, 145, 145, 170, 171, 146, 146, 171, 172, 147, 147, 172, 173, 148, 148, 173, 174, 149, 149, 174, 175, 150, 151, 176, 177, 152, 152, 177, 178, 153, 153, 178, 179, 154, 154, 179, 180, 155, 155, 180, 181, 156, 156, 181, 182, 157, 157, 182, 183, 158, 158, 183, 184, 159, 159, 184, 185, 160, 160, 185, 186, 161, 161, 186, 187, 162, 162, 187, 188, 163, 163, 188, 189, 164, 164, 189, 190, 165, 165, 190, 191, 166, 166, 191, 192, 167, 167, 192, 193, 168, 168, 193, 194, 169, 169, 194, 195, 170, 170, 195, 196, 171, 171, 196, 197, 172, 172, 197, 198, 173, 173, 198, 199, 174, 174, 199, 200, 175, 176, 201, 202, 177, 177, 202, 203, 178, 178, 203, 204, 179, 179, 204, 205, 180, 180, 205, 206, 181, 181, 206, 207, 182, 182, 207, 208, 183, 183, 208, 209, 184, 184, 209, 210, 185, 185, 210, 211, 186, 186, 211, 212, 187, 187, 212, 213, 188, 188, 213, 214, 189, 189, 214, 215, 190, 190, 215, 216, 191, 191, 216, 217, 192, 192, 217, 218, 193, 193, 218, 219, 194, 194, 219, 220, 195, 195, 220, 221, 196, 196, 221, 222, 197, 197, 222, 223, 198, 198, 223, 224, 199, 199, 224, 225, 200, 201, 226, 227, 202, 202, 227, 228, 203, 203, 228, 229, 204, 204, 229, 230, 205, 205, 230, 231, 206, 206, 231, 232, 207, 207, 232, 233, 208, 208, 233, 234, 209, 209, 234, 235, 210, 210, 235, 236, 211, 211, 236, 237, 212, 212, 237, 238, 213, 213, 238, 239, 214, 214, 239, 240, 215, 215, 240, 241, 216, 216, 241, 242, 217, 217, 242, 243, 218, 218, 243, 244, 219, 219, 244, 245, 220, 220, 245, 246, 221, 221, 246, 247, 222, 222, 247, 248, 223, 223, 248, 249, 224, 224, 249, 250, 225, 226, 251, 252, 227, 227, 252, 253, 228, 228, 253, 254, 229, 229, 254, 255, 230, 230, 255, 256, 231, 231, 256, 257, 232, 232, 257, 258, 233, 233, 258, 259, 234, 234, 259, 260, 235, 235, 260, 261, 236, 236, 261, 262, 237, 237, 262, 263, 238, 238, 263, 264, 239, 239, 264, 265, 240, 240, 265, 266, 241, 241, 266, 267, 242, 242, 267, 268, 243, 243, 268, 269, 244, 244, 269, 270, 245, 245, 270, 271, 246, 246, 271, 272, 247, 247, 272, 273, 248, 248, 273, 274, 249, 249, 274, 275, 250, 251, 276, 277, 252, 252, 277, 278, 253, 253, 278, 279, 254, 254, 279, 280, 255, 255, 280, 281, 256, 256, 281, 282, 257, 257, 282, 283, 258, 258, 283, 284, 259, 259, 284, 285, 260, 260, 285, 286, 261, 261, 286, 287, 262, 262, 287, 288, 263, 263, 288, 289, 264, 264, 289, 290, 265, 265, 290, 291, 266, 266, 291, 292, 267, 267, 292, 293, 268, 268, 293, 294, 269, 269, 294, 295, 270, 270, 295, 296, 271, 271, 296, 297, 272, 272, 297, 298, 273, 273, 298, 299, 274, 274, 299, 300, 275, 276, 301, 302, 277, 277, 302, 303, 278, 278, 303, 304, 279, 279, 304, 305, 280, 280, 305, 306, 281, 281, 306, 307, 282, 282, 307, 308, 283, 283, 308, 309, 284, 284, 309, 310, 285, 285, 310, 311, 286, 286, 311, 312, 287, 287, 312, 313, 288, 288, 313, 314, 289, 289, 314, 315, 290, 290, 315, 316, 291, 291, 316, 317, 292, 292, 317, 318, 293, 293, 318, 319, 294, 294, 319, 320, 295, 295, 320, 321, 296, 296, 321, 322, 297, 297, 322, 323, 298, 298, 323, 324, 299, 299, 324, 325, 300, 301, 326, 327, 302, 302, 327, 328, 303, 303, 328, 329, 304, 304, 329, 330, 305, 305, 330, 331, 306, 306, 331, 332, 307, 307, 332, 333, 308, 308, 333, 334, 309, 309, 334, 335, 310, 310, 335, 336, 311, 311, 336, 337, 312, 312, 337, 338, 313, 313, 338, 339, 314, 314, 339, 340, 315, 315, 340, 341, 316, 316, 341, 342, 317, 317, 342, 343, 318, 318, 343, 344, 319, 319, 344, 345, 320, 320, 345, 346, 321, 321, 346, 347, 322, 322, 347, 348, 323, 323, 348, 349, 324, 324, 349, 350, 325, 326, 351, 352, 327, 327, 352, 353, 328, 328, 353, 354, 329, 329, 354, 355, 330, 330, 355, 356, 331, 331, 356, 357, 332, 332, 357, 358, 333, 333, 358, 359, 334, 334, 359, 360, 335, 335, 360, 361, 336, 336, 361, 362, 337, 337, 362, 363, 338, 338, 363, 364, 339, 339, 364, 365, 340, 340, 365, 366, 341, 341, 366, 367, 342, 342, 367, 368, 343, 343, 368, 369, 344, 344, 369, 370, 345, 345, 370, 371, 346, 346, 371, 372, 347, 347, 372, 373, 348, 348, 373, 374, 349, 349, 374, 375, 350, 0, 1, 2, 0, 2, 3, 0, 3, 4, 0, 4, 5, 0, 5, 6, 0, 6, 7, 0, 7, 8, 0, 8, 9, 0, 9, 10, 0, 10, 11, 0, 11, 12, 0, 12, 13, 0, 13, 14, 0, 14, 15, 0, 15, 16, 0, 16, 17, 0, 17, 18, 0, 18, 19, 0, 19, 20, 0, 20, 21, 0, 21, 22, 0, 22, 23, 0, 23, 24, 0, 24, 25, 0, 352, 351, 0, 353, 352, 0, 354, 353, 0, 355, 354, 0, 356, 355, 0, 357, 356, 0, 358, 357, 0, 359, 358, 0, 360, 359, 0, 361, 360, 0, 362, 361, 0, 363, 362, 0, 364, 363, 0, 365, 364, 0, 366, 365, 0, 367, 366, 0, 368, 367, 0, 369, 368, 0, 370, 369, 0, 371, 370, 0, 372, 371, 0, 373, 372, 0, 374, 373, 0, 375, 374, 0, 26, 1, 0, 51, 26, 0, 76, 51, 0, 101, 76, 0, 126, 101, 0, 151, 126, 0, 176, 151, 0, 201, 176, 0, 226, 201, 0, 251, 226, 0, 276, 251, 0, 301, 276, 0, 326, 301, 0, 351, 326, 0, 25, 50, 0, 50, 75, 0, 75, 100, 0, 100, 125, 0, 125, 150, 0, 150, 175, 0, 175, 200, 0, 200, 225, 0, 225, 250, 0, 250, 275, 0, 275, 300, 0, 300, 325, 0, 325, 350, 0, 350, 375]
                                rel material:binding = </AecoCctvLooks/Shell_identify>
                                point3f[] points = [(0, 0, 0), (-3.5439398, -2.230301, -3.9222748), (-3.352364, -2.3015313, -4.0475426), (-3.1421134, -2.3729043, -4.1730614), (-2.9120924, -2.443549, -4.297299), (-2.6614769, -2.5124133, -4.418406), (-2.3898363, -2.5782707, -4.534225), (-2.0972695, -2.6397414, -4.642329), (-1.7845343, -2.6953382, -4.7401037), (-1.4531565, -2.7435365, -4.8248663), (-1.1054907, -2.7828653, -4.8940315), (-0.74471384, -2.812016, -4.945297), (-0.374732, -2.8299525, -4.97684), (0, -2.836008, -4.9874897), (0.374732, -2.8299525, -4.97684), (0.74471384, -2.812016, -4.945297), (1.1054907, -2.7828653, -4.8940315), (1.4531565, -2.7435365, -4.8248663), (1.7845343, -2.6953382, -4.7401037), (2.0972695, -2.6397414, -4.642329), (2.3898363, -2.5782707, -4.534225), (2.6614769, -2.5124133, -4.418406), (2.9120924, -2.443549, -4.297299), (3.1421134, -2.3729043, -4.1730614), (3.352364, -2.3015313, -4.0475426), (3.5439398, -2.230301, -3.9222748), (-3.617189, -1.9511988, -4.0033436), (-3.4262998, -2.0162494, -4.1368103), (-3.2159317, -2.0817013, -4.2711), (-2.9847972, -2.1467621, -4.4045877), (-2.7318747, -2.2104585, -4.535276), (-2.4565485, -2.2716367, -4.660797), (-2.1587648, -2.3289795, -4.7784495), (-1.8391905, -2.3810487, -4.885282), (-1.4993465, -2.4263508, -4.97823), (-1.1416949, -2.463431, -5.0543084), (-0.76964253, -2.4909823, -5.1108365), (-0.38744462, -2.5079637, -5.1456776), (0, -2.5137017, -5.1574507), (0.38744462, -2.5079637, -5.1456776), (0.76964253, -2.4909823, -5.1108365), (1.1416949, -2.463431, -5.0543084), (1.4993465, -2.4263508, -4.97823), (1.8391905, -2.3810487, -4.885282), (2.1587648, -2.3289795, -4.7784495), (2.4565485, -2.2716367, -4.660797), (2.7318747, -2.2104585, -4.535276), (2.9847972, -2.1467621, -4.4045877), (3.2159317, -2.0817013, -4.2711), (3.4262998, -2.0162494, -4.1368103), (3.617189, -1.9511988, -4.0033436), (-3.6828492, -1.6555146, -4.0760136), (-3.4928348, -1.7128357, -4.2171426), (-3.282631, -1.7707303, -4.3596835), (-3.0507638, -1.8285061, -4.5019326), (-2.7960165, -1.8852984, -4.64176), (-2.5175843, -1.9400651, -4.7766004), (-2.2152526, -1.991601, -4.903486), (-1.8895822, -2.0385723, -5.019133), (-1.5420731, -2.0795784, -5.1200933), (-1.1752762, -2.113241, -5.2029734), (-0.7928128, -2.1383119, -5.2647), (-0.39927572, -2.1537895, -5.302807), (0, -2.1590238, -5.315695), (0.39927572, -2.1537895, -5.302807), (0.7928128, -2.1383119, -5.2647), (1.1752762, -2.113241, -5.2029734), (1.5420731, -2.0795784, -5.1200933), (1.8895822, -2.0385723, -5.019133), (2.2152526, -1.991601, -4.903486), (2.5175843, -1.9400651, -4.7766004), (2.7960165, -1.8852984, -4.64176), (3.0507638, -1.8285061, -4.5019326), (3.282631, -1.7707303, -4.3596835), (3.4928348, -1.7128357, -4.2171426), (3.6828492, -1.6555146, -4.0760136), (-3.7393155, -1.3447179, -4.138508), (-3.5502539, -1.3927945, -4.2864685), (-3.3404026, -1.4415148, -4.4364104), (-3.1081166, -1.490305, -4.586567), (-2.8519964, -1.5384356, -4.734694), (-2.571056, -1.5850165, -4.8780518), (-2.2649217, -1.6290044, -5.0134287), (-1.934043, -1.669231, -5.1372304), (-1.5798863, -1.7044575, -5.2456436), (-1.2050718, -1.7334527, -5.3348794), (-0.8134108, -1.7550936, -5.4014816), (-0.40980598, -1.7684739, -5.4426603), (0, -1.7730024, -5.4565973), (0.40980598, -1.7684739, -5.4426603), (0.8134108, -1.7550936, -5.4014816), (1.2050718, -1.7334527, -5.3348794), (1.5798863, -1.7044575, -5.2456436), (1.934043, -1.669231, -5.1372304), (2.2649217, -1.6290044, -5.0134287), (2.571056, -1.5850165, -4.8780518), (2.8519964, -1.5384356, -4.734694), (3.1081166, -1.490305, -4.586567), (3.3404026, -1.4415148, -4.4364104), (3.5502539, -1.3927945, -4.2864685), (3.7393155, -1.3447179, -4.138508), (-3.7850752, -1.0208803, -4.1891527), (-3.5969248, -1.0583279, -4.342818), (-3.3875072, -1.0963818, -4.4989705), (-3.1550314, -1.1345999, -4.655798), (-2.8979392, -1.1724137, -4.810965), (-2.615085, -1.2091198, -4.961588), (-2.3059504, -1.2438853, -5.1042466), (-1.9708802, -1.2757683, -5.235078), (-1.6113, -1.303761, -5.349945), (-1.2298805, -1.3268543, -5.444708), (-0.8305906, -1.3441218, -5.5155644), (-0.41859815, -1.3548115, -5.559429), (0, -1.3584318, -5.574285), (0.41859815, -1.3548115, -5.559429), (0.8305906, -1.3441218, -5.5155644), (1.2298805, -1.3268543, -5.444708), (1.6113, -1.303761, -5.349945), (1.9708802, -1.2757683, -5.235078), (2.3059504, -1.2438853, -5.1042466), (2.615085, -1.2091198, -4.961588), (2.8979392, -1.1724137, -4.810965), (3.1550314, -1.1345999, -4.655798), (3.3875072, -1.0963818, -4.4989705), (3.5969248, -1.0583279, -4.342818), (3.7850752, -1.0208803, -4.1891527), (-3.818809, -0.68665254, -4.2264876), (-3.6314113, -0.71231663, -4.3844557), (-3.4224, -0.73845005, -4.545312), (-3.1898732, -0.7647531, -4.707213), (-2.9321492, -0.790836, -4.8677583), (-2.6479561, -0.81621224, -5.0239544), (-2.3366609, -0.84030074, -5.172224), (-1.9985197, -0.8624397, -5.308494), (-1.6349213, -0.881916, -5.4283743), (-1.2485695, -0.89801127, -5.5274444), (-0.8435505, -0.9100629, -5.601625), (-0.4252364, -0.9175311, -5.6475925), (0, -0.9200616, -5.663169), (0.4252364, -0.9175311, -5.6475925), (0.8435505, -0.9100629, -5.601625), (1.2485695, -0.89801127, -5.5274444), (1.6349213, -0.881916, -5.4283743), (1.9985197, -0.8624397, -5.308494), (2.3366609, -0.84030074, -5.172224), (2.6479561, -0.81621224, -5.0239544), (2.9321492, -0.790836, -4.8677583), (3.1898732, -0.7647531, -4.707213), (3.4224, -0.73845005, -4.545312), (3.6314113, -0.71231663, -4.3844557), (3.818809, -0.68665254, -4.2264876), (-3.8394873, -0.34518534, -4.249374), (-3.6525853, -0.358235, -4.4100204), (-3.4438608, -0.37154028, -4.573814), (-3.2113407, -0.3849499, -4.738892), (-2.9532661, -0.39826572, -4.9028153), (-2.6682842, -0.4112391, -5.0625224), (-2.3556867, -0.42357135, -5.214338), (-2.0156722, -0.43492085, -5.354055), (-1.6496028, -0.44491774, -5.477121), (-1.2602003, -0.45318827, -5.578934), (-0.85162383, -0.4593864, -5.655236), (-0.42937425, -0.46322963, -5.7025476), (0, -0.4645323, -5.718584), (0.42937425, -0.46322963, -5.7025476), (0.85162383, -0.4593864, -5.655236), (1.2602003, -0.45318827, -5.578934), (1.6496028, -0.44491774, -5.477121), (2.0156722, -0.43492085, -5.354055), (2.3556867, -0.42357135, -5.214338), (2.6682842, -0.4112391, -5.0625224), (2.9532661, -0.39826572, -4.9028153), (3.2113407, -0.3849499, -4.738892), (3.4438608, -0.37154028, -4.573814), (3.6525853, -0.358235, -4.4100204), (3.8394873, -0.34518534, -4.249374), (-3.846455, 0, -4.2570853), (-3.6597261, 0, -4.418642), (-3.4511044, 0, -4.5834346), (-3.2185934, 0, -4.7495947), (-2.960407, 0, -4.91467), (-2.675165, 0, -5.0755773), (-2.3621325, 0, -5.228606), (-2.0214884, 0, -5.3695045), (-1.6545852, 0, -5.493664), (-1.26415, 0, -5.5964203), (-0.8543669, 0, -5.6734514), (-0.4307806, 0, -5.7212253), (0, 0, -5.7374206), (0.4307806, 0, -5.7212253), (0.8543669, 0, -5.6734514), (1.26415, 0, -5.5964203), (1.6545852, 0, -5.493664), (2.0214884, 0, -5.3695045), (2.3621325, 0, -5.228606), (2.675165, 0, -5.0755773), (2.960407, 0, -4.91467), (3.2185934, 0, -4.7495947), (3.4511044, 0, -4.5834346), (3.6597261, 0, -4.418642), (3.846455, 0, -4.2570853), (-3.8394873, 0.34518534, -4.249374), (-3.6525853, 0.358235, -4.4100204), (-3.4438608, 0.37154028, -4.573814), (-3.2113407, 0.3849499, -4.738892), (-2.9532661, 0.39826572, -4.9028153), (-2.6682842, 0.4112391, -5.0625224), (-2.3556867, 0.42357135, -5.214338), (-2.0156722, 0.43492085, -5.354055), (-1.6496028, 0.44491774, -5.477121), (-1.2602003, 0.45318827, -5.578934), (-0.85162383, 0.4593864, -5.655236), (-0.42937425, 0.46322963, -5.7025476), (0, 0.4645323, -5.718584), (0.42937425, 0.46322963, -5.7025476), (0.85162383, 0.4593864, -5.655236), (1.2602003, 0.45318827, -5.578934), (1.6496028, 0.44491774, -5.477121), (2.0156722, 0.43492085, -5.354055), (2.3556867, 0.42357135, -5.214338), (2.6682842, 0.4112391, -5.0625224), (2.9532661, 0.39826572, -4.9028153), (3.2113407, 0.3849499, -4.738892), (3.4438608, 0.37154028, -4.573814), (3.6525853, 0.358235, -4.4100204), (3.8394873, 0.34518534, -4.249374), (-3.818809, 0.68665254, -4.2264876), (-3.6314113, 0.71231663, -4.3844557), (-3.4224, 0.73845005, -4.545312), (-3.1898732, 0.7647531, -4.707213), (-2.9321492, 0.790836, -4.8677583), (-2.6479561, 0.81621224, -5.0239544), (-2.3366609, 0.84030074, -5.172224), (-1.9985197, 0.8624397, -5.308494), (-1.6349213, 0.881916, -5.4283743), (-1.2485695, 0.89801127, -5.5274444), (-0.8435505, 0.9100629, -5.601625), (-0.4252364, 0.9175311, -5.6475925), (0, 0.9200616, -5.663169), (0.4252364, 0.9175311, -5.6475925), (0.8435505, 0.9100629, -5.601625), (1.2485695, 0.89801127, -5.5274444), (1.6349213, 0.881916, -5.4283743), (1.9985197, 0.8624397, -5.308494), (2.3366609, 0.84030074, -5.172224), (2.6479561, 0.81621224, -5.0239544), (2.9321492, 0.790836, -4.8677583), (3.1898732, 0.7647531, -4.707213), (3.4224, 0.73845005, -4.545312), (3.6314113, 0.71231663, -4.3844557), (3.818809, 0.68665254, -4.2264876), (-3.7850752, 1.0208803, -4.1891527), (-3.5969248, 1.0583279, -4.342818), (-3.3875072, 1.0963818, -4.4989705), (-3.1550314, 1.1345999, -4.655798), (-2.8979392, 1.1724137, -4.810965), (-2.615085, 1.2091198, -4.961588), (-2.3059504, 1.2438853, -5.1042466), (-1.9708802, 1.2757683, -5.235078), (-1.6113, 1.303761, -5.349945), (-1.2298805, 1.3268543, -5.444708), (-0.8305906, 1.3441218, -5.5155644), (-0.41859815, 1.3548115, -5.559429), (0, 1.3584318, -5.574285), (0.41859815, 1.3548115, -5.559429), (0.8305906, 1.3441218, -5.5155644), (1.2298805, 1.3268543, -5.444708), (1.6113, 1.303761, -5.349945), (1.9708802, 1.2757683, -5.235078), (2.3059504, 1.2438853, -5.1042466), (2.615085, 1.2091198, -4.961588), (2.8979392, 1.1724137, -4.810965), (3.1550314, 1.1345999, -4.655798), (3.3875072, 1.0963818, -4.4989705), (3.5969248, 1.0583279, -4.342818), (3.7850752, 1.0208803, -4.1891527), (-3.7393155, 1.3447179, -4.138508), (-3.5502539, 1.3927945, -4.2864685), (-3.3404026, 1.4415148, -4.4364104), (-3.1081166, 1.490305, -4.586567), (-2.8519964, 1.5384356, -4.734694), (-2.571056, 1.5850165, -4.8780518), (-2.2649217, 1.6290044, -5.0134287), (-1.934043, 1.669231, -5.1372304), (-1.5798863, 1.7044575, -5.2456436), (-1.2050718, 1.7334527, -5.3348794), (-0.8134108, 1.7550936, -5.4014816), (-0.40980598, 1.7684739, -5.4426603), (0, 1.7730024, -5.4565973), (0.40980598, 1.7684739, -5.4426603), (0.8134108, 1.7550936, -5.4014816), (1.2050718, 1.7334527, -5.3348794), (1.5798863, 1.7044575, -5.2456436), (1.934043, 1.669231, -5.1372304), (2.2649217, 1.6290044, -5.0134287), (2.571056, 1.5850165, -4.8780518), (2.8519964, 1.5384356, -4.734694), (3.1081166, 1.490305, -4.586567), (3.3404026, 1.4415148, -4.4364104), (3.5502539, 1.3927945, -4.2864685), (3.7393155, 1.3447179, -4.138508), (-3.6828492, 1.6555146, -4.0760136), (-3.4928348, 1.7128357, -4.2171426), (-3.282631, 1.7707303, -4.3596835), (-3.0507638, 1.8285061, -4.5019326), (-2.7960165, 1.8852984, -4.64176), (-2.5175843, 1.9400651, -4.7766004), (-2.2152526, 1.991601, -4.903486), (-1.8895822, 2.0385723, -5.019133), (-1.5420731, 2.0795784, -5.1200933), (-1.1752762, 2.113241, -5.2029734), (-0.7928128, 2.1383119, -5.2647), (-0.39927572, 2.1537895, -5.302807), (0, 2.1590238, -5.315695), (0.39927572, 2.1537895, -5.302807), (0.7928128, 2.1383119, -5.2647), (1.1752762, 2.113241, -5.2029734), (1.5420731, 2.0795784, -5.1200933), (1.8895822, 2.0385723, -5.019133), (2.2152526, 1.991601, -4.903486), (2.5175843, 1.9400651, -4.7766004), (2.7960165, 1.8852984, -4.64176), (3.0507638, 1.8285061, -4.5019326), (3.282631, 1.7707303, -4.3596835), (3.4928348, 1.7128357, -4.2171426), (3.6828492, 1.6555146, -4.0760136), (-3.617189, 1.9511988, -4.0033436), (-3.4262998, 2.0162494, -4.1368103), (-3.2159317, 2.0817013, -4.2711), (-2.9847972, 2.1467621, -4.4045877), (-2.7318747, 2.2104585, -4.535276), (-2.4565485, 2.2716367, -4.660797), (-2.1587648, 2.3289795, -4.7784495), (-1.8391905, 2.3810487, -4.885282), (-1.4993465, 2.4263508, -4.97823), (-1.1416949, 2.463431, -5.0543084), (-0.76964253, 2.4909823, -5.1108365), (-0.38744462, 2.5079637, -5.1456776), (0, 2.5137017, -5.1574507), (0.38744462, 2.5079637, -5.1456776), (0.76964253, 2.4909823, -5.1108365), (1.1416949, 2.463431, -5.0543084), (1.4993465, 2.4263508, -4.97823), (1.8391905, 2.3810487, -4.885282), (2.1587648, 2.3289795, -4.7784495), (2.4565485, 2.2716367, -4.660797), (2.7318747, 2.2104585, -4.535276), (2.9847972, 2.1467621, -4.4045877), (3.2159317, 2.0817013, -4.2711), (3.4262998, 2.0162494, -4.1368103), (3.617189, 1.9511988, -4.0033436), (-3.5439398, 2.230301, -3.9222748), (-3.352364, 2.3015313, -4.0475426), (-3.1421134, 2.3729043, -4.1730614), (-2.9120924, 2.443549, -4.297299), (-2.6614769, 2.5124133, -4.418406), (-2.3898363, 2.5782707, -4.534225), (-2.0972695, 2.6397414, -4.642329), (-1.7845343, 2.6953382, -4.7401037), (-1.4531565, 2.7435365, -4.8248663), (-1.1054907, 2.7828653, -4.8940315), (-0.74471384, 2.812016, -4.945297), (-0.374732, 2.8299525, -4.97684), (0, 2.836008, -4.9874897), (0.374732, 2.8299525, -4.97684), (0.74471384, 2.812016, -4.945297), (1.1054907, 2.7828653, -4.8940315), (1.4531565, 2.7435365, -4.8248663), (1.7845343, 2.6953382, -4.7401037), (2.0972695, 2.6397414, -4.642329), (2.3898363, 2.5782707, -4.534225), (2.6614769, 2.5124133, -4.418406), (2.9120924, 2.443549, -4.297299), (3.1421134, 2.3729043, -4.1730614), (3.352364, 2.3015313, -4.0475426), (3.5439398, 2.230301, -3.9222748)]
                                color3f[] primvars:displayColor = [(0, 0.5, 0.45)] (
                                    interpolation = "constant"
                                )
                                float[] primvars:displayOpacity = [0.3] (
                                    interpolation = "constant"
                                )
                                uniform token purpose = "guide"
                                uniform token subdivisionScheme = "none"
                            }

                            def Mesh "Shell_recognise" (
                                prepend apiSchemas = ["AecoDerivedGeometryAPI", "MaterialBindingAPI"]
                            )
                            {
                                uniform token aeco:derived:approx = "tessellated"
                                uniform token aeco:derived:role = "coverage"
                                string aeco:derived:source = "0d5ca8c9-b0d2-5ea9-8d94-c6026ad954c3"
                                string aeco:derived:stamp = "usdAecoCctv derive 0.5.3"
                                uniform bool doubleSided = 1
                                float3[] extent = [(-7.69291, -5.672016, -11.474841), (7.69291, 5.672016, 0)]
                                int[] faceVertexCounts = [4, 4, 4, 4, 4, 4, 4, 4, 4, 4, 4, 4, 4, 4, 4, 4, 4, 4, 4, 4, 4, 4, 4, 4, 4, 4, 4, 4, 4, 4, 4, 4, 4, 4, 4, 4, 4, 4, 4, 4, 4, 4, 4, 4, 4, 4, 4, 4, 4, 4, 4, 4, 4, 4, 4, 4, 4, 4, 4, 4, 4, 4, 4, 4, 4, 4, 4, 4, 4, 4, 4, 4, 4, 4, 4, 4, 4, 4, 4, 4, 4, 4, 4, 4, 4, 4, 4, 4, 4, 4, 4, 4, 4, 4, 4, 4, 4, 4, 4, 4, 4, 4, 4, 4, 4, 4, 4, 4, 4, 4, 4, 4, 4, 4, 4, 4, 4, 4, 4, 4, 4, 4, 4, 4, 4, 4, 4, 4, 4, 4, 4, 4, 4, 4, 4, 4, 4, 4, 4, 4, 4, 4, 4, 4, 4, 4, 4, 4, 4, 4, 4, 4, 4, 4, 4, 4, 4, 4, 4, 4, 4, 4, 4, 4, 4, 4, 4, 4, 4, 4, 4, 4, 4, 4, 4, 4, 4, 4, 4, 4, 4, 4, 4, 4, 4, 4, 4, 4, 4, 4, 4, 4, 4, 4, 4, 4, 4, 4, 4, 4, 4, 4, 4, 4, 4, 4, 4, 4, 4, 4, 4, 4, 4, 4, 4, 4, 4, 4, 4, 4, 4, 4, 4, 4, 4, 4, 4, 4, 4, 4, 4, 4, 4, 4, 4, 4, 4, 4, 4, 4, 4, 4, 4, 4, 4, 4, 4, 4, 4, 4, 4, 4, 4, 4, 4, 4, 4, 4, 4, 4, 4, 4, 4, 4, 4, 4, 4, 4, 4, 4, 4, 4, 4, 4, 4, 4, 4, 4, 4, 4, 4, 4, 4, 4, 4, 4, 4, 4, 4, 4, 4, 4, 4, 4, 4, 4, 4, 4, 4, 4, 4, 4, 4, 4, 4, 4, 4, 4, 4, 4, 4, 4, 4, 4, 4, 4, 4, 4, 4, 4, 4, 4, 4, 4, 4, 4, 4, 4, 4, 4, 4, 4, 4, 4, 4, 4, 3, 3, 3, 3, 3, 3, 3, 3, 3, 3, 3, 3, 3, 3, 3, 3, 3, 3, 3, 3, 3, 3, 3, 3, 3, 3, 3, 3, 3, 3, 3, 3, 3, 3, 3, 3, 3, 3, 3, 3, 3, 3, 3, 3, 3, 3, 3, 3, 3, 3, 3, 3, 3, 3, 3, 3, 3, 3, 3, 3, 3, 3, 3, 3, 3, 3, 3, 3, 3, 3, 3, 3, 3, 3, 3, 3]
                                int[] faceVertexIndices = [1, 26, 27, 2, 2, 27, 28, 3, 3, 28, 29, 4, 4, 29, 30, 5, 5, 30, 31, 6, 6, 31, 32, 7, 7, 32, 33, 8, 8, 33, 34, 9, 9, 34, 35, 10, 10, 35, 36, 11, 11, 36, 37, 12, 12, 37, 38, 13, 13, 38, 39, 14, 14, 39, 40, 15, 15, 40, 41, 16, 16, 41, 42, 17, 17, 42, 43, 18, 18, 43, 44, 19, 19, 44, 45, 20, 20, 45, 46, 21, 21, 46, 47, 22, 22, 47, 48, 23, 23, 48, 49, 24, 24, 49, 50, 25, 26, 51, 52, 27, 27, 52, 53, 28, 28, 53, 54, 29, 29, 54, 55, 30, 30, 55, 56, 31, 31, 56, 57, 32, 32, 57, 58, 33, 33, 58, 59, 34, 34, 59, 60, 35, 35, 60, 61, 36, 36, 61, 62, 37, 37, 62, 63, 38, 38, 63, 64, 39, 39, 64, 65, 40, 40, 65, 66, 41, 41, 66, 67, 42, 42, 67, 68, 43, 43, 68, 69, 44, 44, 69, 70, 45, 45, 70, 71, 46, 46, 71, 72, 47, 47, 72, 73, 48, 48, 73, 74, 49, 49, 74, 75, 50, 51, 76, 77, 52, 52, 77, 78, 53, 53, 78, 79, 54, 54, 79, 80, 55, 55, 80, 81, 56, 56, 81, 82, 57, 57, 82, 83, 58, 58, 83, 84, 59, 59, 84, 85, 60, 60, 85, 86, 61, 61, 86, 87, 62, 62, 87, 88, 63, 63, 88, 89, 64, 64, 89, 90, 65, 65, 90, 91, 66, 66, 91, 92, 67, 67, 92, 93, 68, 68, 93, 94, 69, 69, 94, 95, 70, 70, 95, 96, 71, 71, 96, 97, 72, 72, 97, 98, 73, 73, 98, 99, 74, 74, 99, 100, 75, 76, 101, 102, 77, 77, 102, 103, 78, 78, 103, 104, 79, 79, 104, 105, 80, 80, 105, 106, 81, 81, 106, 107, 82, 82, 107, 108, 83, 83, 108, 109, 84, 84, 109, 110, 85, 85, 110, 111, 86, 86, 111, 112, 87, 87, 112, 113, 88, 88, 113, 114, 89, 89, 114, 115, 90, 90, 115, 116, 91, 91, 116, 117, 92, 92, 117, 118, 93, 93, 118, 119, 94, 94, 119, 120, 95, 95, 120, 121, 96, 96, 121, 122, 97, 97, 122, 123, 98, 98, 123, 124, 99, 99, 124, 125, 100, 101, 126, 127, 102, 102, 127, 128, 103, 103, 128, 129, 104, 104, 129, 130, 105, 105, 130, 131, 106, 106, 131, 132, 107, 107, 132, 133, 108, 108, 133, 134, 109, 109, 134, 135, 110, 110, 135, 136, 111, 111, 136, 137, 112, 112, 137, 138, 113, 113, 138, 139, 114, 114, 139, 140, 115, 115, 140, 141, 116, 116, 141, 142, 117, 117, 142, 143, 118, 118, 143, 144, 119, 119, 144, 145, 120, 120, 145, 146, 121, 121, 146, 147, 122, 122, 147, 148, 123, 123, 148, 149, 124, 124, 149, 150, 125, 126, 151, 152, 127, 127, 152, 153, 128, 128, 153, 154, 129, 129, 154, 155, 130, 130, 155, 156, 131, 131, 156, 157, 132, 132, 157, 158, 133, 133, 158, 159, 134, 134, 159, 160, 135, 135, 160, 161, 136, 136, 161, 162, 137, 137, 162, 163, 138, 138, 163, 164, 139, 139, 164, 165, 140, 140, 165, 166, 141, 141, 166, 167, 142, 142, 167, 168, 143, 143, 168, 169, 144, 144, 169, 170, 145, 145, 170, 171, 146, 146, 171, 172, 147, 147, 172, 173, 148, 148, 173, 174, 149, 149, 174, 175, 150, 151, 176, 177, 152, 152, 177, 178, 153, 153, 178, 179, 154, 154, 179, 180, 155, 155, 180, 181, 156, 156, 181, 182, 157, 157, 182, 183, 158, 158, 183, 184, 159, 159, 184, 185, 160, 160, 185, 186, 161, 161, 186, 187, 162, 162, 187, 188, 163, 163, 188, 189, 164, 164, 189, 190, 165, 165, 190, 191, 166, 166, 191, 192, 167, 167, 192, 193, 168, 168, 193, 194, 169, 169, 194, 195, 170, 170, 195, 196, 171, 171, 196, 197, 172, 172, 197, 198, 173, 173, 198, 199, 174, 174, 199, 200, 175, 176, 201, 202, 177, 177, 202, 203, 178, 178, 203, 204, 179, 179, 204, 205, 180, 180, 205, 206, 181, 181, 206, 207, 182, 182, 207, 208, 183, 183, 208, 209, 184, 184, 209, 210, 185, 185, 210, 211, 186, 186, 211, 212, 187, 187, 212, 213, 188, 188, 213, 214, 189, 189, 214, 215, 190, 190, 215, 216, 191, 191, 216, 217, 192, 192, 217, 218, 193, 193, 218, 219, 194, 194, 219, 220, 195, 195, 220, 221, 196, 196, 221, 222, 197, 197, 222, 223, 198, 198, 223, 224, 199, 199, 224, 225, 200, 201, 226, 227, 202, 202, 227, 228, 203, 203, 228, 229, 204, 204, 229, 230, 205, 205, 230, 231, 206, 206, 231, 232, 207, 207, 232, 233, 208, 208, 233, 234, 209, 209, 234, 235, 210, 210, 235, 236, 211, 211, 236, 237, 212, 212, 237, 238, 213, 213, 238, 239, 214, 214, 239, 240, 215, 215, 240, 241, 216, 216, 241, 242, 217, 217, 242, 243, 218, 218, 243, 244, 219, 219, 244, 245, 220, 220, 245, 246, 221, 221, 246, 247, 222, 222, 247, 248, 223, 223, 248, 249, 224, 224, 249, 250, 225, 226, 251, 252, 227, 227, 252, 253, 228, 228, 253, 254, 229, 229, 254, 255, 230, 230, 255, 256, 231, 231, 256, 257, 232, 232, 257, 258, 233, 233, 258, 259, 234, 234, 259, 260, 235, 235, 260, 261, 236, 236, 261, 262, 237, 237, 262, 263, 238, 238, 263, 264, 239, 239, 264, 265, 240, 240, 265, 266, 241, 241, 266, 267, 242, 242, 267, 268, 243, 243, 268, 269, 244, 244, 269, 270, 245, 245, 270, 271, 246, 246, 271, 272, 247, 247, 272, 273, 248, 248, 273, 274, 249, 249, 274, 275, 250, 251, 276, 277, 252, 252, 277, 278, 253, 253, 278, 279, 254, 254, 279, 280, 255, 255, 280, 281, 256, 256, 281, 282, 257, 257, 282, 283, 258, 258, 283, 284, 259, 259, 284, 285, 260, 260, 285, 286, 261, 261, 286, 287, 262, 262, 287, 288, 263, 263, 288, 289, 264, 264, 289, 290, 265, 265, 290, 291, 266, 266, 291, 292, 267, 267, 292, 293, 268, 268, 293, 294, 269, 269, 294, 295, 270, 270, 295, 296, 271, 271, 296, 297, 272, 272, 297, 298, 273, 273, 298, 299, 274, 274, 299, 300, 275, 276, 301, 302, 277, 277, 302, 303, 278, 278, 303, 304, 279, 279, 304, 305, 280, 280, 305, 306, 281, 281, 306, 307, 282, 282, 307, 308, 283, 283, 308, 309, 284, 284, 309, 310, 285, 285, 310, 311, 286, 286, 311, 312, 287, 287, 312, 313, 288, 288, 313, 314, 289, 289, 314, 315, 290, 290, 315, 316, 291, 291, 316, 317, 292, 292, 317, 318, 293, 293, 318, 319, 294, 294, 319, 320, 295, 295, 320, 321, 296, 296, 321, 322, 297, 297, 322, 323, 298, 298, 323, 324, 299, 299, 324, 325, 300, 301, 326, 327, 302, 302, 327, 328, 303, 303, 328, 329, 304, 304, 329, 330, 305, 305, 330, 331, 306, 306, 331, 332, 307, 307, 332, 333, 308, 308, 333, 334, 309, 309, 334, 335, 310, 310, 335, 336, 311, 311, 336, 337, 312, 312, 337, 338, 313, 313, 338, 339, 314, 314, 339, 340, 315, 315, 340, 341, 316, 316, 341, 342, 317, 317, 342, 343, 318, 318, 343, 344, 319, 319, 344, 345, 320, 320, 345, 346, 321, 321, 346, 347, 322, 322, 347, 348, 323, 323, 348, 349, 324, 324, 349, 350, 325, 326, 351, 352, 327, 327, 352, 353, 328, 328, 353, 354, 329, 329, 354, 355, 330, 330, 355, 356, 331, 331, 356, 357, 332, 332, 357, 358, 333, 333, 358, 359, 334, 334, 359, 360, 335, 335, 360, 361, 336, 336, 361, 362, 337, 337, 362, 363, 338, 338, 363, 364, 339, 339, 364, 365, 340, 340, 365, 366, 341, 341, 366, 367, 342, 342, 367, 368, 343, 343, 368, 369, 344, 344, 369, 370, 345, 345, 370, 371, 346, 346, 371, 372, 347, 347, 372, 373, 348, 348, 373, 374, 349, 349, 374, 375, 350, 0, 1, 2, 0, 2, 3, 0, 3, 4, 0, 4, 5, 0, 5, 6, 0, 6, 7, 0, 7, 8, 0, 8, 9, 0, 9, 10, 0, 10, 11, 0, 11, 12, 0, 12, 13, 0, 13, 14, 0, 14, 15, 0, 15, 16, 0, 16, 17, 0, 17, 18, 0, 18, 19, 0, 19, 20, 0, 20, 21, 0, 21, 22, 0, 22, 23, 0, 23, 24, 0, 24, 25, 0, 352, 351, 0, 353, 352, 0, 354, 353, 0, 355, 354, 0, 356, 355, 0, 357, 356, 0, 358, 357, 0, 359, 358, 0, 360, 359, 0, 361, 360, 0, 362, 361, 0, 363, 362, 0, 364, 363, 0, 365, 364, 0, 366, 365, 0, 367, 366, 0, 368, 367, 0, 369, 368, 0, 370, 369, 0, 371, 370, 0, 372, 371, 0, 373, 372, 0, 374, 373, 0, 375, 374, 0, 26, 1, 0, 51, 26, 0, 76, 51, 0, 101, 76, 0, 126, 101, 0, 151, 126, 0, 176, 151, 0, 201, 176, 0, 226, 201, 0, 251, 226, 0, 276, 251, 0, 301, 276, 0, 326, 301, 0, 351, 326, 0, 25, 50, 0, 50, 75, 0, 75, 100, 0, 100, 125, 0, 125, 150, 0, 150, 175, 0, 175, 200, 0, 200, 225, 0, 225, 250, 0, 250, 275, 0, 275, 300, 0, 300, 325, 0, 325, 350, 0, 350, 375]
                                rel material:binding = </AecoCctvLooks/Shell_recognise>
                                point3f[] points = [(0, 0, 0), (-7.0878797, -4.460602, -7.8445497), (-6.704728, -4.6030626, -8.095085), (-6.284227, -4.7458086, -8.346123), (-5.824185, -4.887098, -8.594598), (-5.3229537, -5.0248265, -8.836812), (-4.7796726, -5.1565413, -9.06845), (-4.194539, -5.279483, -9.284658), (-3.5690687, -5.3906765, -9.480207), (-2.906313, -5.487073, -9.649733), (-2.2109814, -5.5657306, -9.788063), (-1.4894277, -5.624032, -9.890594), (-0.749464, -5.659905, -9.95368), (0, -5.672016, -9.974979), (0.749464, -5.659905, -9.95368), (1.4894277, -5.624032, -9.890594), (2.2109814, -5.5657306, -9.788063), (2.906313, -5.487073, -9.649733), (3.5690687, -5.3906765, -9.480207), (4.194539, -5.279483, -9.284658), (4.7796726, -5.1565413, -9.06845), (5.3229537, -5.0248265, -8.836812), (5.824185, -4.887098, -8.594598), (6.284227, -4.7458086, -8.346123), (6.704728, -4.6030626, -8.095085), (7.0878797, -4.460602, -7.8445497), (-7.234378, -3.9023976, -8.006687), (-6.8525996, -4.032499, -8.273621), (-6.4318633, -4.1634026, -8.5422), (-5.9695945, -4.2935243, -8.8091755), (-5.4637494, -4.420917, -9.070552), (-4.913097, -4.5432734, -9.321594), (-4.3175297, -4.657959, -9.556899), (-3.678381, -4.7620974, -9.770564), (-2.998693, -4.8527017, -9.95646), (-2.2833898, -4.926862, -10.108617), (-1.5392851, -4.9819646, -10.221673), (-0.77488923, -5.0159273, -10.291355), (0, -5.0274034, -10.314901), (0.77488923, -5.0159273, -10.291355), (1.5392851, -4.9819646, -10.221673), (2.2833898, -4.926862, -10.108617), (2.998693, -4.8527017, -9.95646), (3.678381, -4.7620974, -9.770564), (4.3175297, -4.657959, -9.556899), (4.913097, -4.5432734, -9.321594), (5.4637494, -4.420917, -9.070552), (5.9695945, -4.2935243, -8.8091755), (6.4318633, -4.1634026, -8.5422), (6.8525996, -4.032499, -8.273621), (7.234378, -3.9023976, -8.006687), (-7.3656983, -3.3110292, -8.152027), (-6.9856696, -3.4256713, -8.434285), (-6.565262, -3.5414605, -8.719367), (-6.1015277, -3.6570122, -9.003865), (-5.592033, -3.7705967, -9.28352), (-5.0351686, -3.8801303, -9.553201), (-4.4305053, -3.983202, -9.806972), (-3.7791643, -4.0771446, -10.038266), (-3.0841463, -4.159157, -10.240187), (-2.3505523, -4.226482, -10.405947), (-1.5856256, -4.2766237, -10.5294), (-0.79855144, -4.307579, -10.605614), (0, -4.3180475, -10.63139), (0.79855144, -4.307579, -10.605614), (1.5856256, -4.2766237, -10.5294), (2.3505523, -4.226482, -10.405947), (3.0841463, -4.159157, -10.240187), (3.7791643, -4.0771446, -10.038266), (4.4305053, -3.983202, -9.806972), (5.0351686, -3.8801303, -9.553201), (5.592033, -3.7705967, -9.28352), (6.1015277, -3.6570122, -9.003865), (6.565262, -3.5414605, -8.719367), (6.9856696, -3.4256713, -8.434285), (7.3656983, -3.3110292, -8.152027), (-7.478631, -2.6894357, -8.277016), (-7.1005077, -2.785589, -8.572937), (-6.680805, -2.8830297, -8.872821), (-6.2162333, -2.98061, -9.173134), (-5.703993, -3.0768712, -9.469388), (-5.142112, -3.170033, -9.7561035), (-4.5298433, -3.2580087, -10.026857), (-3.868086, -3.338462, -10.274461), (-3.1597726, -3.408915, -10.491287), (-2.4101436, -3.4669054, -10.669759), (-1.6268216, -3.5101871, -10.802963), (-0.81961197, -3.5369477, -10.885321), (0, -3.5460048, -10.913195), (0.81961197, -3.5369477, -10.885321), (1.6268216, -3.5101871, -10.802963), (2.4101436, -3.4669054, -10.669759), (3.1597726, -3.408915, -10.491287), (3.868086, -3.338462, -10.274461), (4.5298433, -3.2580087, -10.026857), (5.142112, -3.170033, -9.7561035), (5.703993, -3.0768712, -9.469388), (6.2162333, -2.98061, -9.173134), (6.680805, -2.8830297, -8.872821), (7.1005077, -2.785589, -8.572937), (7.478631, -2.6894357, -8.277016), (-7.5701504, -2.0417607, -8.378305), (-7.1938496, -2.1166558, -8.685636), (-6.7750144, -2.1927636, -8.997941), (-6.310063, -2.2691998, -9.311596), (-5.7958784, -2.3448274, -9.62193), (-5.23017, -2.4182396, -9.923176), (-4.611901, -2.4877706, -10.208493), (-3.9417603, -2.5515366, -10.470156), (-3.2226, -2.607522, -10.69989), (-2.459761, -2.6537087, -10.889416), (-1.6611812, -2.6882436, -11.031129), (-0.8371963, -2.709623, -11.118858), (0, -2.7168636, -11.14857), (0.8371963, -2.709623, -11.118858), (1.6611812, -2.6882436, -11.031129), (2.459761, -2.6537087, -10.889416), (3.2226, -2.607522, -10.69989), (3.9417603, -2.5515366, -10.470156), (4.611901, -2.4877706, -10.208493), (5.23017, -2.4182396, -9.923176), (5.7958784, -2.3448274, -9.62193), (6.310063, -2.2691998, -9.311596), (6.7750144, -2.1927636, -8.997941), (7.1938496, -2.1166558, -8.685636), (7.5701504, -2.0417607, -8.378305), (-7.637618, -1.3733051, -8.452975), (-7.2628226, -1.4246333, -8.768911), (-6.8448, -1.4769001, -9.090624), (-6.3797464, -1.5295062, -9.414426), (-5.8642983, -1.581672, -9.735517), (-5.2959123, -1.6324245, -10.047909), (-4.6733217, -1.6806015, -10.344448), (-3.9970393, -1.7248794, -10.616988), (-3.2698426, -1.763832, -10.856749), (-2.497139, -1.7960225, -11.054889), (-1.687101, -1.8201258, -11.20325), (-0.8504728, -1.8350621, -11.295185), (0, -1.8401232, -11.326338), (0.8504728, -1.8350621, -11.295185), (1.687101, -1.8201258, -11.20325), (2.497139, -1.7960225, -11.054889), (3.2698426, -1.763832, -10.856749), (3.9970393, -1.7248794, -10.616988), (4.6733217, -1.6806015, -10.344448), (5.2959123, -1.6324245, -10.047909), (5.8642983, -1.581672, -9.735517), (6.3797464, -1.5295062, -9.414426), (6.8448, -1.4769001, -9.090624), (7.2628226, -1.4246333, -8.768911), (7.637618, -1.3733051, -8.452975), (-7.6789746, -0.6903707, -8.498748), (-7.3051705, -0.71647, -8.820041), (-6.8877215, -0.74308056, -9.147628), (-6.4226813, -0.7698998, -9.477784), (-5.9065323, -0.79653144, -9.805631), (-5.3365684, -0.8224782, -10.125045), (-4.7113733, -0.8471427, -10.428676), (-4.0313444, -0.8698417, -10.70811), (-3.2992055, -0.8898355, -10.954242), (-2.5204005, -0.90637654, -11.157868), (-1.7032477, -0.9187728, -11.310472), (-0.8587485, -0.92645925, -11.405095), (0, -0.9290646, -11.437168), (0.8587485, -0.92645925, -11.405095), (1.7032477, -0.9187728, -11.310472), (2.5204005, -0.90637654, -11.157868), (3.2992055, -0.8898355, -10.954242), (4.0313444, -0.8698417, -10.70811), (4.7113733, -0.8471427, -10.428676), (5.3365684, -0.8224782, -10.125045), (5.9065323, -0.79653144, -9.805631), (6.4226813, -0.7698998, -9.477784), (6.8877215, -0.74308056, -9.147628), (7.3051705, -0.71647, -8.820041), (7.6789746, -0.6903707, -8.498748), (-7.69291, 0, -8.514171), (-7.3194523, 0, -8.837284), (-6.902209, 0, -9.166869), (-6.4371867, 0, -9.499189), (-5.920814, 0, -9.82934), (-5.35033, 0, -10.1511545), (-4.724265, 0, -10.457212), (-4.042977, 0, -10.739009), (-3.3091705, 0, -10.987328), (-2.5283, 0, -11.192841), (-1.7087338, 0, -11.346903), (-0.8615612, 0, -11.442451), (0, 0, -11.474841), (0.8615612, 0, -11.442451), (1.7087338, 0, -11.346903), (2.5283, 0, -11.192841), (3.3091705, 0, -10.987328), (4.042977, 0, -10.739009), (4.724265, 0, -10.457212), (5.35033, 0, -10.1511545), (5.920814, 0, -9.82934), (6.4371867, 0, -9.499189), (6.902209, 0, -9.166869), (7.3194523, 0, -8.837284), (7.69291, 0, -8.514171), (-7.6789746, 0.6903707, -8.498748), (-7.3051705, 0.71647, -8.820041), (-6.8877215, 0.74308056, -9.147628), (-6.4226813, 0.7698998, -9.477784), (-5.9065323, 0.79653144, -9.805631), (-5.3365684, 0.8224782, -10.125045), (-4.7113733, 0.8471427, -10.428676), (-4.0313444, 0.8698417, -10.70811), (-3.2992055, 0.8898355, -10.954242), (-2.5204005, 0.90637654, -11.157868), (-1.7032477, 0.9187728, -11.310472), (-0.8587485, 0.92645925, -11.405095), (0, 0.9290646, -11.437168), (0.8587485, 0.92645925, -11.405095), (1.7032477, 0.9187728, -11.310472), (2.5204005, 0.90637654, -11.157868), (3.2992055, 0.8898355, -10.954242), (4.0313444, 0.8698417, -10.70811), (4.7113733, 0.8471427, -10.428676), (5.3365684, 0.8224782, -10.125045), (5.9065323, 0.79653144, -9.805631), (6.4226813, 0.7698998, -9.477784), (6.8877215, 0.74308056, -9.147628), (7.3051705, 0.71647, -8.820041), (7.6789746, 0.6903707, -8.498748), (-7.637618, 1.3733051, -8.452975), (-7.2628226, 1.4246333, -8.768911), (-6.8448, 1.4769001, -9.090624), (-6.3797464, 1.5295062, -9.414426), (-5.8642983, 1.581672, -9.735517), (-5.2959123, 1.6324245, -10.047909), (-4.6733217, 1.6806015, -10.344448), (-3.9970393, 1.7248794, -10.616988), (-3.2698426, 1.763832, -10.856749), (-2.497139, 1.7960225, -11.054889), (-1.687101, 1.8201258, -11.20325), (-0.8504728, 1.8350621, -11.295185), (0, 1.8401232, -11.326338), (0.8504728, 1.8350621, -11.295185), (1.687101, 1.8201258, -11.20325), (2.497139, 1.7960225, -11.054889), (3.2698426, 1.763832, -10.856749), (3.9970393, 1.7248794, -10.616988), (4.6733217, 1.6806015, -10.344448), (5.2959123, 1.6324245, -10.047909), (5.8642983, 1.581672, -9.735517), (6.3797464, 1.5295062, -9.414426), (6.8448, 1.4769001, -9.090624), (7.2628226, 1.4246333, -8.768911), (7.637618, 1.3733051, -8.452975), (-7.5701504, 2.0417607, -8.378305), (-7.1938496, 2.1166558, -8.685636), (-6.7750144, 2.1927636, -8.997941), (-6.310063, 2.2691998, -9.311596), (-5.7958784, 2.3448274, -9.62193), (-5.23017, 2.4182396, -9.923176), (-4.611901, 2.4877706, -10.208493), (-3.9417603, 2.5515366, -10.470156), (-3.2226, 2.607522, -10.69989), (-2.459761, 2.6537087, -10.889416), (-1.6611812, 2.6882436, -11.031129), (-0.8371963, 2.709623, -11.118858), (0, 2.7168636, -11.14857), (0.8371963, 2.709623, -11.118858), (1.6611812, 2.6882436, -11.031129), (2.459761, 2.6537087, -10.889416), (3.2226, 2.607522, -10.69989), (3.9417603, 2.5515366, -10.470156), (4.611901, 2.4877706, -10.208493), (5.23017, 2.4182396, -9.923176), (5.7958784, 2.3448274, -9.62193), (6.310063, 2.2691998, -9.311596), (6.7750144, 2.1927636, -8.997941), (7.1938496, 2.1166558, -8.685636), (7.5701504, 2.0417607, -8.378305), (-7.478631, 2.6894357, -8.277016), (-7.1005077, 2.785589, -8.572937), (-6.680805, 2.8830297, -8.872821), (-6.2162333, 2.98061, -9.173134), (-5.703993, 3.0768712, -9.469388), (-5.142112, 3.170033, -9.7561035), (-4.5298433, 3.2580087, -10.026857), (-3.868086, 3.338462, -10.274461), (-3.1597726, 3.408915, -10.491287), (-2.4101436, 3.4669054, -10.669759), (-1.6268216, 3.5101871, -10.802963), (-0.81961197, 3.5369477, -10.885321), (0, 3.5460048, -10.913195), (0.81961197, 3.5369477, -10.885321), (1.6268216, 3.5101871, -10.802963), (2.4101436, 3.4669054, -10.669759), (3.1597726, 3.408915, -10.491287), (3.868086, 3.338462, -10.274461), (4.5298433, 3.2580087, -10.026857), (5.142112, 3.170033, -9.7561035), (5.703993, 3.0768712, -9.469388), (6.2162333, 2.98061, -9.173134), (6.680805, 2.8830297, -8.872821), (7.1005077, 2.785589, -8.572937), (7.478631, 2.6894357, -8.277016), (-7.3656983, 3.3110292, -8.152027), (-6.9856696, 3.4256713, -8.434285), (-6.565262, 3.5414605, -8.719367), (-6.1015277, 3.6570122, -9.003865), (-5.592033, 3.7705967, -9.28352), (-5.0351686, 3.8801303, -9.553201), (-4.4305053, 3.983202, -9.806972), (-3.7791643, 4.0771446, -10.038266), (-3.0841463, 4.159157, -10.240187), (-2.3505523, 4.226482, -10.405947), (-1.5856256, 4.2766237, -10.5294), (-0.79855144, 4.307579, -10.605614), (0, 4.3180475, -10.63139), (0.79855144, 4.307579, -10.605614), (1.5856256, 4.2766237, -10.5294), (2.3505523, 4.226482, -10.405947), (3.0841463, 4.159157, -10.240187), (3.7791643, 4.0771446, -10.038266), (4.4305053, 3.983202, -9.806972), (5.0351686, 3.8801303, -9.553201), (5.592033, 3.7705967, -9.28352), (6.1015277, 3.6570122, -9.003865), (6.565262, 3.5414605, -8.719367), (6.9856696, 3.4256713, -8.434285), (7.3656983, 3.3110292, -8.152027), (-7.234378, 3.9023976, -8.006687), (-6.8525996, 4.032499, -8.273621), (-6.4318633, 4.1634026, -8.5422), (-5.9695945, 4.2935243, -8.8091755), (-5.4637494, 4.420917, -9.070552), (-4.913097, 4.5432734, -9.321594), (-4.3175297, 4.657959, -9.556899), (-3.678381, 4.7620974, -9.770564), (-2.998693, 4.8527017, -9.95646), (-2.2833898, 4.926862, -10.108617), (-1.5392851, 4.9819646, -10.221673), (-0.77488923, 5.0159273, -10.291355), (0, 5.0274034, -10.314901), (0.77488923, 5.0159273, -10.291355), (1.5392851, 4.9819646, -10.221673), (2.2833898, 4.926862, -10.108617), (2.998693, 4.8527017, -9.95646), (3.678381, 4.7620974, -9.770564), (4.3175297, 4.657959, -9.556899), (4.913097, 4.5432734, -9.321594), (5.4637494, 4.420917, -9.070552), (5.9695945, 4.2935243, -8.8091755), (6.4318633, 4.1634026, -8.5422), (6.8525996, 4.032499, -8.273621), (7.234378, 3.9023976, -8.006687), (-7.0878797, 4.460602, -7.8445497), (-6.704728, 4.6030626, -8.095085), (-6.284227, 4.7458086, -8.346123), (-5.824185, 4.887098, -8.594598), (-5.3229537, 5.0248265, -8.836812), (-4.7796726, 5.1565413, -9.06845), (-4.194539, 5.279483, -9.284658), (-3.5690687, 5.3906765, -9.480207), (-2.906313, 5.487073, -9.649733), (-2.2109814, 5.5657306, -9.788063), (-1.4894277, 5.624032, -9.890594), (-0.749464, 5.659905, -9.95368), (0, 5.672016, -9.974979), (0.749464, 5.659905, -9.95368), (1.4894277, 5.624032, -9.890594), (2.2109814, 5.5657306, -9.788063), (2.906313, 5.487073, -9.649733), (3.5690687, 5.3906765, -9.480207), (4.194539, 5.279483, -9.284658), (4.7796726, 5.1565413, -9.06845), (5.3229537, 5.0248265, -8.836812), (5.824185, 4.887098, -8.594598), (6.284227, 4.7458086, -8.346123), (6.704728, 4.6030626, -8.095085), (7.0878797, 4.460602, -7.8445497)]
                                color3f[] primvars:displayColor = [(0.18333334, 0.6166667, 0.56666666)] (
                                    interpolation = "constant"
                                )
                                float[] primvars:displayOpacity = [0.3] (
                                    interpolation = "constant"
                                )
                                uniform token purpose = "guide"
                                uniform token subdivisionScheme = "none"
                            }
                        }
                    }
                }
            }
        }
    }
}

