#usda 1.0
(
    customLayerData = {
        string "aeco:cctv:densityModel" = "plane"
        string "aeco:cctv:layer" = "derived"
        string "aeco:cctv:levelSystem" = "dori2015"
        string "aeco:cctv:stamp" = "usdAecoCctv derive 0.5.3"
    }
)

over "demo_datacentre_01"
{
    over "demo_datacentre_01_Site"
    {
        over "demo_datacentre_01"
        {
            over "L00_Ground"
            {
                over "Entrance_Lobby"
                {
                    over "sec_cam_lobby_fixed_2"
                    {
                        double aeco:cctv:mountHeight = 3.2199999999999998

                        over "Sensor_0"
                        {
                            double aeco:cctvSensor:effectiveWidth = 7.228335573456428
                            double aeco:cctvSensor:hfov = 84.19827201220271
                            double aeco:cctvSensor:targetRange = 5.7374204031549985
                            double aeco:cctvSensor:vfov = 59.24722851636196
                            float2 clippingRange = (0.05, 14)
                            float focalLength = 4
                            float horizontalAperture = 7.2283354
                            float verticalAperture = 4.5489945
                            matrix4d xformOp:transform = ( (-0.8411784753765541, 0.5407575913134982, 0, 0), (-0.2285340332639983, -0.35549738507733125, 0.9063077870366498, 0), (0.49009281590660564, 0.7623666025213878, 0.42261826174069966, 0), (0, 0, -0.08, 1) )
                            uniform token[] xformOpOrder = ["xformOp:transform"]

                            def Mesh "Sector" (
                                prepend apiSchemas = ["AecoDerivedGeometryAPI", "MaterialBindingAPI"]
                            )
                            {
                                uniform token aeco:derived:approx = "tessellated"
                                uniform token aeco:derived:role = "sector"
                                string aeco:derived:source = "2a2dd6c7-7c7d-5251-8b04-b30b2da64e9f"
                                string aeco:derived:stamp = "usdAecoCctv derive 0.5.3"
                                uniform bool doubleSided = 1
                                float3[] extent = [(-9.385816, -6.9202027, -14), (9.385816, 6.9202027, 0)]
                                int[] faceVertexCounts = [4, 4, 4, 4, 4, 4, 4, 4, 4, 4, 4, 4, 4, 4, 4, 4, 4, 4, 4, 4, 4, 4, 4, 4, 4, 4, 4, 4, 4, 4, 4, 4, 4, 4, 4, 4, 4, 4, 4, 4, 4, 4, 4, 4, 4, 4, 4, 4, 4, 4, 4, 4, 4, 4, 4, 4, 4, 4, 4, 4, 4, 4, 4, 4, 4, 4, 4, 4, 4, 4, 4, 4, 4, 4, 4, 4, 4, 4, 4, 4, 4, 4, 4, 4, 4, 4, 4, 4, 4, 4, 4, 4, 4, 4, 4, 4, 4, 4, 4, 4, 4, 4, 4, 4, 4, 4, 4, 4, 4, 4, 4, 4, 4, 4, 4, 4, 4, 4, 4, 4, 4, 4, 4, 4, 4, 4, 4, 4, 4, 4, 4, 4, 4, 4, 4, 4, 4, 4, 4, 4, 4, 4, 4, 4, 4, 4, 4, 4, 4, 4, 4, 4, 4, 4, 4, 4, 4, 4, 4, 4, 4, 4, 4, 4, 4, 4, 4, 4, 4, 4, 4, 4, 4, 4, 4, 4, 4, 4, 4, 4, 4, 4, 4, 4, 4, 4, 4, 4, 4, 4, 4, 4, 4, 4, 4, 4, 4, 4, 4, 4, 4, 4, 4, 4, 4, 4, 4, 4, 4, 4, 4, 4, 4, 4, 4, 4, 4, 4, 4, 4, 4, 4, 4, 4, 4, 4, 4, 4, 4, 4, 4, 4, 4, 4, 4, 4, 4, 4, 4, 4, 4, 4, 4, 4, 4, 4, 4, 4, 4, 4, 4, 4, 4, 4, 4, 4, 4, 4, 4, 4, 4, 4, 4, 4, 4, 4, 4, 4, 4, 4, 4, 4, 4, 4, 4, 4, 4, 4, 4, 4, 4, 4, 4, 4, 4, 4, 4, 4, 4, 4, 4, 4, 4, 4, 4, 4, 4, 4, 4, 4, 4, 4, 4, 4, 4, 4, 4, 4, 4, 4, 4, 4, 4, 4, 4, 4, 4, 4, 4, 4, 4, 4, 4, 4, 4, 4, 4, 4, 4, 4, 4, 4, 4, 4, 4, 4, 3, 3, 3, 3, 3, 3, 3, 3, 3, 3, 3, 3, 3, 3, 3, 3, 3, 3, 3, 3, 3, 3, 3, 3, 3, 3, 3, 3, 3, 3, 3, 3, 3, 3, 3, 3, 3, 3, 3, 3, 3, 3, 3, 3, 3, 3, 3, 3, 3, 3, 3, 3, 3, 3, 3, 3, 3, 3, 3, 3, 3, 3, 3, 3, 3, 3, 3, 3, 3, 3, 3, 3, 3, 3, 3, 3]
                                int[] faceVertexIndices = [1, 26, 27, 2, 2, 27, 28, 3, 3, 28, 29, 4, 4, 29, 30, 5, 5, 30, 31, 6, 6, 31, 32, 7, 7, 32, 33, 8, 8, 33, 34, 9, 9, 34, 35, 10, 10, 35, 36, 11, 11, 36, 37, 12, 12, 37, 38, 13, 13, 38, 39, 14, 14, 39, 40, 15, 15, 40, 41, 16, 16, 41, 42, 17, 17, 42, 43, 18, 18, 43, 44, 19, 19, 44, 45, 20, 20, 45, 46, 21, 21, 46, 47, 22, 22, 47, 48, 23, 23, 48, 49, 24, 24, 49, 50, 25, 26, 51, 52, 27, 27, 52, 53, 28, 28, 53, 54, 29, 29, 54, 55, 30, 30, 55, 56, 31, 31, 56, 57, 32, 32, 57, 58, 33, 33, 58, 59, 34, 34, 59, 60, 35, 35, 60, 61, 36, 36, 61, 62, 37, 37, 62, 63, 38, 38, 63, 64, 39, 39, 64, 65, 40, 40, 65, 66, 41, 41, 66, 67, 42, 42, 67, 68, 43, 43, 68, 69, 44, 44, 69, 70, 45, 45, 70, 71, 46, 46, 71, 72, 47, 47, 72, 73, 48, 48, 73, 74, 49, 49, 74, 75, 50, 51, 76, 77, 52, 52, 77, 78, 53, 53, 78, 79, 54, 54, 79, 80, 55, 55, 80, 81, 56, 56, 81, 82, 57, 57, 82, 83, 58, 58, 83, 84, 59, 59, 84, 85, 60, 60, 85, 86, 61, 61, 86, 87, 62, 62, 87, 88, 63, 63, 88, 89, 64, 64, 89, 90, 65, 65, 90, 91, 66, 66, 91, 92, 67, 67, 92, 93, 68, 68, 93, 94, 69, 69, 94, 95, 70, 70, 95, 96, 71, 71, 96, 97, 72, 72, 97, 98, 73, 73, 98, 99, 74, 74, 99, 100, 75, 76, 101, 102, 77, 77, 102, 103, 78, 78, 103, 104, 79, 79, 104, 105, 80, 80, 105, 106, 81, 81, 106, 107, 82, 82, 107, 108, 83, 83, 108, 109, 84, 84, 109, 110, 85, 85, 110, 111, 86, 86, 111, 112, 87, 87, 112, 113, 88, 88, 113, 114, 89, 89, 114, 115, 90, 90, 115, 116, 91, 91, 116, 117, 92, 92, 117, 118, 93, 93, 118, 119, 94, 94, 119, 120, 95, 95, 120, 121, 96, 96, 121, 122, 97, 97, 122, 123, 98, 98, 123, 124, 99, 99, 124, 125, 100, 101, 126, 127, 102, 102, 127, 128, 103, 103, 128, 129, 104, 104, 129, 130, 105, 105, 130, 131, 106, 106, 131, 132, 107, 107, 132, 133, 108, 108, 133, 134, 109, 109, 134, 135, 110, 110, 135, 136, 111, 111, 136, 137, 112, 112, 137, 138, 113, 113, 138, 139, 114, 114, 139, 140, 115, 115, 140, 141, 116, 116, 141, 142, 117, 117, 142, 143, 118, 118, 143, 144, 119, 119, 144, 145, 120, 120, 145, 146, 121, 121, 146, 147, 122, 122, 147, 148, 123, 123, 148, 149, 124, 124, 149, 150, 125, 126, 151, 152, 127, 127, 152, 153, 128, 128, 153, 154, 129, 129, 154, 155, 130, 130, 155, 156, 131, 131, 156, 157, 132, 132, 157, 158, 133, 133, 158, 159, 134, 134, 159, 160, 135, 135, 160, 161, 136, 136, 161, 162, 137, 137, 162, 163, 138, 138, 163, 164, 139, 139, 164, 165, 140, 140, 165, 166, 141, 141, 166, 167, 142, 142, 167, 168, 143, 143, 168, 169, 144, 144, 169, 170, 145, 145, 170, 171, 146, 146, 171, 172, 147, 147, 172, 173, 148, 148, 173, 174, 149, 149, 174, 175, 150, 151, 176, 177, 152, 152, 177, 178, 153, 153, 178, 179, 154, 154, 179, 180, 155, 155, 180, 181, 156, 156, 181, 182, 157, 157, 182, 183, 158, 158, 183, 184, 159, 159, 184, 185, 160, 160, 185, 186, 161, 161, 186, 187, 162, 162, 187, 188, 163, 163, 188, 189, 164, 164, 189, 190, 165, 165, 190, 191, 166, 166, 191, 192, 167, 167, 192, 193, 168, 168, 193, 194, 169, 169, 194, 195, 170, 170, 195, 196, 171, 171, 196, 197, 172, 172, 197, 198, 173, 173, 198, 199, 174, 174, 199, 200, 175, 176, 201, 202, 177, 177, 202, 203, 178, 178, 203, 204, 179, 179, 204, 205, 180, 180, 205, 206, 181, 181, 206, 207, 182, 182, 207, 208, 183, 183, 208, 209, 184, 184, 209, 210, 185, 185, 210, 211, 186, 186, 211, 212, 187, 187, 212, 213, 188, 188, 213, 214, 189, 189, 214, 215, 190, 190, 215, 216, 191, 191, 216, 217, 192, 192, 217, 218, 193, 193, 218, 219, 194, 194, 219, 220, 195, 195, 220, 221, 196, 196, 221, 222, 197, 197, 222, 223, 198, 198, 223, 224, 199, 199, 224, 225, 200, 201, 226, 227, 202, 202, 227, 228, 203, 203, 228, 229, 204, 204, 229, 230, 205, 205, 230, 231, 206, 206, 231, 232, 207, 207, 232, 233, 208, 208, 233, 234, 209, 209, 234, 235, 210, 210, 235, 236, 211, 211, 236, 237, 212, 212, 237, 238, 213, 213, 238, 239, 214, 214, 239, 240, 215, 215, 240, 241, 216, 216, 241, 242, 217, 217, 242, 243, 218, 218, 243, 244, 219, 219, 244, 245, 220, 220, 245, 246, 221, 221, 246, 247, 222, 222, 247, 248, 223, 223, 248, 249, 224, 224, 249, 250, 225, 226, 251, 252, 227, 227, 252, 253, 228, 228, 253, 254, 229, 229, 254, 255, 230, 230, 255, 256, 231, 231, 256, 257, 232, 232, 257, 258, 233, 233, 258, 259, 234, 234, 259, 260, 235, 235, 260, 261, 236, 236, 261, 262, 237, 237, 262, 263, 238, 238, 263, 264, 239, 239, 264, 265, 240, 240, 265, 266, 241, 241, 266, 267, 242, 242, 267, 268, 243, 243, 268, 269, 244, 244, 269, 270, 245, 245, 270, 271, 246, 246, 271, 272, 247, 247, 272, 273, 248, 248, 273, 274, 249, 249, 274, 275, 250, 251, 276, 277, 252, 252, 277, 278, 253, 253, 278, 279, 254, 254, 279, 280, 255, 255, 280, 281, 256, 256, 281, 282, 257, 257, 282, 283, 258, 258, 283, 284, 259, 259, 284, 285, 260, 260, 285, 286, 261, 261, 286, 287, 262, 262, 287, 288, 263, 263, 288, 289, 264, 264, 289, 290, 265, 265, 290, 291, 266, 266, 291, 292, 267, 267, 292, 293, 268, 268, 293, 294, 269, 269, 294, 295, 270, 270, 295, 296, 271, 271, 296, 297, 272, 272, 297, 298, 273, 273, 298, 299, 274, 274, 299, 300, 275, 276, 301, 302, 277, 277, 302, 303, 278, 278, 303, 304, 279, 279, 304, 305, 280, 280, 305, 306, 281, 281, 306, 307, 282, 282, 307, 308, 283, 283, 308, 309, 284, 284, 309, 310, 285, 285, 310, 311, 286, 286, 311, 312, 287, 287, 312, 313, 288, 288, 313, 314, 289, 289, 314, 315, 290, 290, 315, 316, 291, 291, 316, 317, 292, 292, 317, 318, 293, 293, 318, 319, 294, 294, 319, 320, 295, 295, 320, 321, 296, 296, 321, 322, 297, 297, 322, 323, 298, 298, 323, 324, 299, 299, 324, 325, 300, 301, 326, 327, 302, 302, 327, 328, 303, 303, 328, 329, 304, 304, 329, 330, 305, 305, 330, 331, 306, 306, 331, 332, 307, 307, 332, 333, 308, 308, 333, 334, 309, 309, 334, 335, 310, 310, 335, 336, 311, 311, 336, 337, 312, 312, 337, 338, 313, 313, 338, 339, 314, 314, 339, 340, 315, 315, 340, 341, 316, 316, 341, 342, 317, 317, 342, 343, 318, 318, 343, 344, 319, 319, 344, 345, 320, 320, 345, 346, 321, 321, 346, 347, 322, 322, 347, 348, 323, 323, 348, 349, 324, 324, 349, 350, 325, 326, 351, 352, 327, 327, 352, 353, 328, 328, 353, 354, 329, 329, 354, 355, 330, 330, 355, 356, 331, 331, 356, 357, 332, 332, 357, 358, 333, 333, 358, 359, 334, 334, 359, 360, 335, 335, 360, 361, 336, 336, 361, 362, 337, 337, 362, 363, 338, 338, 363, 364, 339, 339, 364, 365, 340, 340, 365, 366, 341, 341, 366, 367, 342, 342, 367, 368, 343, 343, 368, 369, 344, 344, 369, 370, 345, 345, 370, 371, 346, 346, 371, 372, 347, 347, 372, 373, 348, 348, 373, 374, 349, 349, 374, 375, 350, 0, 1, 2, 0, 2, 3, 0, 3, 4, 0, 4, 5, 0, 5, 6, 0, 6, 7, 0, 7, 8, 0, 8, 9, 0, 9, 10, 0, 10, 11, 0, 11, 12, 0, 12, 13, 0, 13, 14, 0, 14, 15, 0, 15, 16, 0, 16, 17, 0, 17, 18, 0, 18, 19, 0, 19, 20, 0, 20, 21, 0, 21, 22, 0, 22, 23, 0, 23, 24, 0, 24, 25, 0, 352, 351, 0, 353, 352, 0, 354, 353, 0, 355, 354, 0, 356, 355, 0, 357, 356, 0, 358, 357, 0, 359, 358, 0, 360, 359, 0, 361, 360, 0, 362, 361, 0, 363, 362, 0, 364, 363, 0, 365, 364, 0, 366, 365, 0, 367, 366, 0, 368, 367, 0, 369, 368, 0, 370, 369, 0, 371, 370, 0, 372, 371, 0, 373, 372, 0, 374, 373, 0, 375, 374, 0, 26, 1, 0, 51, 26, 0, 76, 51, 0, 101, 76, 0, 126, 101, 0, 151, 126, 0, 176, 151, 0, 201, 176, 0, 226, 201, 0, 251, 226, 0, 276, 251, 0, 301, 276, 0, 326, 301, 0, 351, 326, 0, 25, 50, 0, 50, 75, 0, 75, 100, 0, 100, 125, 0, 125, 150, 0, 150, 175, 0, 175, 200, 0, 200, 225, 0, 225, 250, 0, 250, 275, 0, 275, 300, 0, 300, 325, 0, 325, 350, 0, 350, 375]
                                rel material:binding = </AecoCctvLooks/Sector>
                                point3f[] points = [(0, 0, 0), (-8.647642, -5.4422045, -9.570826), (-8.180174, -5.616015, -9.876493), (-7.6671367, -5.7901735, -10.182775), (-7.105858, -5.962555, -10.4859295), (-6.4943256, -6.1305923, -10.7814455), (-5.83149, -6.291292, -11.064057), (-5.1175914, -6.4412885, -11.327845), (-4.35448, -6.5769515, -11.566426), (-3.5458775, -6.694561, -11.773258), (-2.697531, -6.7905283, -11.942029), (-1.8171918, -6.8616595, -12.067122), (-0.9143914, -6.9054265, -12.144093), (0, -6.9202027, -12.170078), (0.9143914, -6.9054265, -12.144093), (1.8171918, -6.8616595, -12.067122), (2.697531, -6.7905283, -11.942029), (3.5458775, -6.694561, -11.773258), (4.35448, -6.5769515, -11.566426), (5.1175914, -6.4412885, -11.327845), (5.83149, -6.291292, -11.064057), (6.4943256, -6.1305923, -10.7814455), (7.105858, -5.962555, -10.4859295), (7.6671367, -5.7901735, -10.182775), (8.180174, -5.616015, -9.876493), (8.647642, -5.4422045, -9.570826), (-8.826379, -4.7611613, -9.768642), (-8.360586, -4.919893, -10.094317), (-7.8472624, -5.079603, -10.422001), (-7.2832665, -5.238359, -10.747726), (-6.666105, -5.3937864, -11.066622), (-5.994275, -5.5430684, -11.372909), (-5.2676473, -5.682992, -11.659995), (-4.4878473, -5.810047, -11.920679), (-3.658587, -5.92059, -12.147484), (-2.7858737, -6.01107, -12.333124), (-1.8780209, -6.0782986, -12.47106), (-0.9454118, -6.119735, -12.556076), (0, -6.133736, -12.584804), (0.9454118, -6.119735, -12.556076), (1.8780209, -6.0782986, -12.47106), (2.7858737, -6.01107, -12.333124), (3.658587, -5.92059, -12.147484), (4.4878473, -5.810047, -11.920679), (5.2676473, -5.682992, -11.659995), (5.994275, -5.5430684, -11.372909), (6.666105, -5.3937864, -11.066622), (7.2832665, -5.238359, -10.747726), (7.8472624, -5.079603, -10.422001), (8.360586, -4.919893, -10.094317), (8.826379, -4.7611613, -9.768642), (-8.986598, -4.039656, -9.945966), (-8.52294, -4.1795263, -10.2903385), (-8.010016, -4.320796, -10.638156), (-7.444233, -4.4617763, -10.985261), (-6.8226185, -4.600356, -11.326456), (-6.14321, -4.7339935, -11.655482), (-5.405484, -4.8597474, -11.965099), (-4.610809, -4.974363, -12.247292), (-3.7628448, -5.074423, -12.493648), (-2.867816, -5.1565638, -12.695885), (-1.9345592, -5.2177396, -12.846504), (-0.9742811, -5.255507, -12.939491), (0, -5.2682796, -12.970938), (0.9742811, -5.255507, -12.939491), (1.9345592, -5.2177396, -12.846504), (2.867816, -5.1565638, -12.695885), (3.7628448, -5.074423, -12.493648), (4.610809, -4.974363, -12.247292), (5.405484, -4.8597474, -11.965099), (6.14321, -4.7339935, -11.655482), (6.8226185, -4.600356, -11.326456), (7.444233, -4.4617763, -10.985261), (8.010016, -4.320796, -10.638156), (8.52294, -4.1795263, -10.2903385), (8.986598, -4.039656, -9.945966), (-9.124382, -3.2812743, -10.09846), (-8.663049, -3.3985872, -10.459502), (-8.150987, -3.5174708, -10.825378), (-7.584181, -3.6365242, -11.191778), (-6.959216, -3.753969, -11.5532255), (-6.2736874, -3.8676322, -11.903036), (-5.526683, -3.9749677, -12.233373), (-4.719299, -4.073126, -12.535464), (-3.8551137, -4.1590824, -12.800005), (-2.940521, -4.2298346, -13.017751), (-1.9848208, -4.282641, -13.180268), (-0.9999762, -4.31529, -13.28075), (0, -4.32634, -13.314758), (0.9999762, -4.31529, -13.28075), (1.9848208, -4.282641, -13.180268), (2.940521, -4.2298346, -13.017751), (3.8551137, -4.1590824, -12.800005), (4.719299, -4.073126, -12.535464), (5.526683, -3.9749677, -12.233373), (6.2736874, -3.8676322, -11.903036), (6.959216, -3.753969, -11.5532255), (7.584181, -3.6365242, -11.191778), (8.150987, -3.5174708, -10.825378), (8.663049, -3.3985872, -10.459502), (9.124382, -3.2812743, -10.09846), (-9.236042, -2.4910717, -10.22204), (-8.776932, -2.5824482, -10.597001), (-8.265927, -2.6753042, -10.978032), (-7.6986585, -2.7685611, -11.36071), (-7.0713224, -2.8608313, -11.739337), (-6.3811235, -2.9503987, -12.106874), (-5.626798, -3.0352306, -12.45498), (-4.809186, -3.113029, -12.774223), (-3.9317667, -3.1813347, -13.054513), (-3.0010571, -3.2376852, -13.285747), (-2.0267415, -3.2798197, -13.458644), (-1.0214301, -3.305904, -13.5656805), (0, -3.314738, -13.601931), (1.0214301, -3.305904, -13.5656805), (2.0267415, -3.2798197, -13.458644), (3.0010571, -3.2376852, -13.285747), (3.9317667, -3.1813347, -13.054513), (4.809186, -3.113029, -12.774223), (5.626798, -3.0352306, -12.45498), (6.3811235, -2.9503987, -12.106874), (7.0713224, -2.8608313, -11.739337), (7.6986585, -2.7685611, -11.36071), (8.265927, -2.6753042, -10.978032), (8.776932, -2.5824482, -10.597001), (9.236042, -2.4910717, -10.22204), (-9.318356, -1.6755153, -10.313142), (-8.861083, -1.7381388, -10.698602), (-8.35107, -1.8019074, -11.091111), (-7.7836766, -1.8660902, -11.486169), (-7.154799, -1.9297355, -11.877919), (-6.4613338, -1.9916565, -12.259057), (-5.701735, -2.0504355, -12.620853), (-4.87663, -2.1044571, -12.953368), (-3.9894059, -2.1519816, -13.245891), (-3.0466607, -2.1912563, -13.487634), (-2.0583653, -2.2206635, -13.668642), (-1.0376283, -2.2388868, -13.780809), (0, -2.2450616, -13.818817), (1.0376283, -2.2388868, -13.780809), (2.0583653, -2.2206635, -13.668642), (3.0466607, -2.1912563, -13.487634), (3.9894059, -2.1519816, -13.245891), (4.87663, -2.1044571, -12.953368), (5.701735, -2.0504355, -12.620853), (6.4613338, -1.9916565, -12.259057), (7.154799, -1.9297355, -11.877919), (7.7836766, -1.8660902, -11.486169), (8.35107, -1.8019074, -11.091111), (8.861083, -1.7381388, -10.698602), (9.318356, -1.6755153, -10.313142), (-9.3688135, -0.842294, -10.368986), (-8.91275, -0.87413675, -10.760983), (-8.403437, -0.9066032, -11.16066), (-7.83606, -0.9393243, -11.56347), (-7.2063265, -0.97181654, -11.963462), (-6.5109363, -1.0034732, -12.353168), (-5.7481604, -1.0335654, -12.723616), (-4.9184837, -1.0612595, -13.064542), (-4.0252304, -1.0856532, -13.364838), (-3.0750413, -1.1058342, -13.613275), (-2.0780652, -1.1209584, -13.79946), (-1.0477251, -1.1303363, -13.9149065), (0, -1.133515, -13.954037), (1.0477251, -1.1303363, -13.9149065), (2.0780652, -1.1209584, -13.79946), (3.0750413, -1.1058342, -13.613275), (4.0252304, -1.0856532, -13.364838), (4.9184837, -1.0612595, -13.064542), (5.7481604, -1.0335654, -12.723616), (6.5109363, -1.0034732, -12.353168), (7.2063265, -0.97181654, -11.963462), (7.83606, -0.9393243, -11.56347), (8.403437, -0.9066032, -11.16066), (8.91275, -0.87413675, -10.760983), (9.3688135, -0.842294, -10.368986), (-9.385816, 0, -10.387803), (-8.930175, 0, -10.7820215), (-8.421112, 0, -11.1841345), (-7.8537574, 0, -11.589585), (-7.2237515, 0, -11.99239), (-6.527726, 0, -12.385023), (-5.7638893, 0, -12.758431), (-4.932677, 0, -13.102241), (-4.037388, 0, -13.405204), (-3.0846791, 0, -13.655942), (-2.0847585, 0, -13.843907), (-1.0511568, 0, -13.960483), (0, 0, -14), (1.0511568, 0, -13.960483), (2.0847585, 0, -13.843907), (3.0846791, 0, -13.655942), (4.037388, 0, -13.405204), (4.932677, 0, -13.102241), (5.7638893, 0, -12.758431), (6.527726, 0, -12.385023), (7.2237515, 0, -11.99239), (7.8537574, 0, -11.589585), (8.421112, 0, -11.1841345), (8.930175, 0, -10.7820215), (9.385816, 0, -10.387803), (-9.3688135, 0.842294, -10.368986), (-8.91275, 0.87413675, -10.760983), (-8.403437, 0.9066032, -11.16066), (-7.83606, 0.9393243, -11.56347), (-7.2063265, 0.97181654, -11.963462), (-6.5109363, 1.0034732, -12.353168), (-5.7481604, 1.0335654, -12.723616), (-4.9184837, 1.0612595, -13.064542), (-4.0252304, 1.0856532, -13.364838), (-3.0750413, 1.1058342, -13.613275), (-2.0780652, 1.1209584, -13.79946), (-1.0477251, 1.1303363, -13.9149065), (0, 1.133515, -13.954037), (1.0477251, 1.1303363, -13.9149065), (2.0780652, 1.1209584, -13.79946), (3.0750413, 1.1058342, -13.613275), (4.0252304, 1.0856532, -13.364838), (4.9184837, 1.0612595, -13.064542), (5.7481604, 1.0335654, -12.723616), (6.5109363, 1.0034732, -12.353168), (7.2063265, 0.97181654, -11.963462), (7.83606, 0.9393243, -11.56347), (8.403437, 0.9066032, -11.16066), (8.91275, 0.87413675, -10.760983), (9.3688135, 0.842294, -10.368986), (-9.318356, 1.6755153, -10.313142), (-8.861083, 1.7381388, -10.698602), (-8.35107, 1.8019074, -11.091111), (-7.7836766, 1.8660902, -11.486169), (-7.154799, 1.9297355, -11.877919), (-6.4613338, 1.9916565, -12.259057), (-5.701735, 2.0504355, -12.620853), (-4.87663, 2.1044571, -12.953368), (-3.9894059, 2.1519816, -13.245891), (-3.0466607, 2.1912563, -13.487634), (-2.0583653, 2.2206635, -13.668642), (-1.0376283, 2.2388868, -13.780809), (0, 2.2450616, -13.818817), (1.0376283, 2.2388868, -13.780809), (2.0583653, 2.2206635, -13.668642), (3.0466607, 2.1912563, -13.487634), (3.9894059, 2.1519816, -13.245891), (4.87663, 2.1044571, -12.953368), (5.701735, 2.0504355, -12.620853), (6.4613338, 1.9916565, -12.259057), (7.154799, 1.9297355, -11.877919), (7.7836766, 1.8660902, -11.486169), (8.35107, 1.8019074, -11.091111), (8.861083, 1.7381388, -10.698602), (9.318356, 1.6755153, -10.313142), (-9.236042, 2.4910717, -10.22204), (-8.776932, 2.5824482, -10.597001), (-8.265927, 2.6753042, -10.978032), (-7.6986585, 2.7685611, -11.36071), (-7.0713224, 2.8608313, -11.739337), (-6.3811235, 2.9503987, -12.106874), (-5.626798, 3.0352306, -12.45498), (-4.809186, 3.113029, -12.774223), (-3.9317667, 3.1813347, -13.054513), (-3.0010571, 3.2376852, -13.285747), (-2.0267415, 3.2798197, -13.458644), (-1.0214301, 3.305904, -13.5656805), (0, 3.314738, -13.601931), (1.0214301, 3.305904, -13.5656805), (2.0267415, 3.2798197, -13.458644), (3.0010571, 3.2376852, -13.285747), (3.9317667, 3.1813347, -13.054513), (4.809186, 3.113029, -12.774223), (5.626798, 3.0352306, -12.45498), (6.3811235, 2.9503987, -12.106874), (7.0713224, 2.8608313, -11.739337), (7.6986585, 2.7685611, -11.36071), (8.265927, 2.6753042, -10.978032), (8.776932, 2.5824482, -10.597001), (9.236042, 2.4910717, -10.22204), (-9.124382, 3.2812743, -10.09846), (-8.663049, 3.3985872, -10.459502), (-8.150987, 3.5174708, -10.825378), (-7.584181, 3.6365242, -11.191778), (-6.959216, 3.753969, -11.5532255), (-6.2736874, 3.8676322, -11.903036), (-5.526683, 3.9749677, -12.233373), (-4.719299, 4.073126, -12.535464), (-3.8551137, 4.1590824, -12.800005), (-2.940521, 4.2298346, -13.017751), (-1.9848208, 4.282641, -13.180268), (-0.9999762, 4.31529, -13.28075), (0, 4.32634, -13.314758), (0.9999762, 4.31529, -13.28075), (1.9848208, 4.282641, -13.180268), (2.940521, 4.2298346, -13.017751), (3.8551137, 4.1590824, -12.800005), (4.719299, 4.073126, -12.535464), (5.526683, 3.9749677, -12.233373), (6.2736874, 3.8676322, -11.903036), (6.959216, 3.753969, -11.5532255), (7.584181, 3.6365242, -11.191778), (8.150987, 3.5174708, -10.825378), (8.663049, 3.3985872, -10.459502), (9.124382, 3.2812743, -10.09846), (-8.986598, 4.039656, -9.945966), (-8.52294, 4.1795263, -10.2903385), (-8.010016, 4.320796, -10.638156), (-7.444233, 4.4617763, -10.985261), (-6.8226185, 4.600356, -11.326456), (-6.14321, 4.7339935, -11.655482), (-5.405484, 4.8597474, -11.965099), (-4.610809, 4.974363, -12.247292), (-3.7628448, 5.074423, -12.493648), (-2.867816, 5.1565638, -12.695885), (-1.9345592, 5.2177396, -12.846504), (-0.9742811, 5.255507, -12.939491), (0, 5.2682796, -12.970938), (0.9742811, 5.255507, -12.939491), (1.9345592, 5.2177396, -12.846504), (2.867816, 5.1565638, -12.695885), (3.7628448, 5.074423, -12.493648), (4.610809, 4.974363, -12.247292), (5.405484, 4.8597474, -11.965099), (6.14321, 4.7339935, -11.655482), (6.8226185, 4.600356, -11.326456), (7.444233, 4.4617763, -10.985261), (8.010016, 4.320796, -10.638156), (8.52294, 4.1795263, -10.2903385), (8.986598, 4.039656, -9.945966), (-8.826379, 4.7611613, -9.768642), (-8.360586, 4.919893, -10.094317), (-7.8472624, 5.079603, -10.422001), (-7.2832665, 5.238359, -10.747726), (-6.666105, 5.3937864, -11.066622), (-5.994275, 5.5430684, -11.372909), (-5.2676473, 5.682992, -11.659995), (-4.4878473, 5.810047, -11.920679), (-3.658587, 5.92059, -12.147484), (-2.7858737, 6.01107, -12.333124), (-1.8780209, 6.0782986, -12.47106), (-0.9454118, 6.119735, -12.556076), (0, 6.133736, -12.584804), (0.9454118, 6.119735, -12.556076), (1.8780209, 6.0782986, -12.47106), (2.7858737, 6.01107, -12.333124), (3.658587, 5.92059, -12.147484), (4.4878473, 5.810047, -11.920679), (5.2676473, 5.682992, -11.659995), (5.994275, 5.5430684, -11.372909), (6.666105, 5.3937864, -11.066622), (7.2832665, 5.238359, -10.747726), (7.8472624, 5.079603, -10.422001), (8.360586, 4.919893, -10.094317), (8.826379, 4.7611613, -9.768642), (-8.647642, 5.4422045, -9.570826), (-8.180174, 5.616015, -9.876493), (-7.6671367, 5.7901735, -10.182775), (-7.105858, 5.962555, -10.4859295), (-6.4943256, 6.1305923, -10.7814455), (-5.83149, 6.291292, -11.064057), (-5.1175914, 6.4412885, -11.327845), (-4.35448, 6.5769515, -11.566426), (-3.5458775, 6.694561, -11.773258), (-2.697531, 6.7905283, -11.942029), (-1.8171918, 6.8616595, -12.067122), (-0.9143914, 6.9054265, -12.144093), (0, 6.9202027, -12.170078), (0.9143914, 6.9054265, -12.144093), (1.8171918, 6.8616595, -12.067122), (2.697531, 6.7905283, -11.942029), (3.5458775, 6.694561, -11.773258), (4.35448, 6.5769515, -11.566426), (5.1175914, 6.4412885, -11.327845), (5.83149, 6.291292, -11.064057), (6.4943256, 6.1305923, -10.7814455), (7.105858, 5.962555, -10.4859295), (7.6671367, 5.7901735, -10.182775), (8.180174, 5.616015, -9.876493), (8.647642, 5.4422045, -9.570826)]
                                color3f[] primvars:displayColor = [(0, 0.85, 0.95)] (
                                    interpolation = "constant"
                                )
                                float[] primvars:displayOpacity = [0.3] (
                                    interpolation = "constant"
                                )
                                uniform token purpose = "guide"
                                uniform token subdivisionScheme = "none"
                            }

                            def Mesh "Shell_identify" (
                                prepend apiSchemas = ["AecoDerivedGeometryAPI", "MaterialBindingAPI"]
                            )
                            {
                                uniform token aeco:derived:approx = "tessellated"
                                uniform token aeco:derived:role = "coverage"
                                string aeco:derived:source = "2a2dd6c7-7c7d-5251-8b04-b30b2da64e9f"
                                string aeco:derived:stamp = "usdAecoCctv derive 0.5.3"
                                uniform bool doubleSided = 1
                                float3[] extent = [(-3.846455, -2.836008, -5.7374206), (3.846455, 2.836008, 0)]
                                int[] faceVertexCounts = [4, 4, 4, 4, 4, 4, 4, 4, 4, 4, 4, 4, 4, 4, 4, 4, 4, 4, 4, 4, 4, 4, 4, 4, 4, 4, 4, 4, 4, 4, 4, 4, 4, 4, 4, 4, 4, 4, 4, 4, 4, 4, 4, 4, 4, 4, 4, 4, 4, 4, 4, 4, 4, 4, 4, 4, 4, 4, 4, 4, 4, 4, 4, 4, 4, 4, 4, 4, 4, 4, 4, 4, 4, 4, 4, 4, 4, 4, 4, 4, 4, 4, 4, 4, 4, 4, 4, 4, 4, 4, 4, 4, 4, 4, 4, 4, 4, 4, 4, 4, 4, 4, 4, 4, 4, 4, 4, 4, 4, 4, 4, 4, 4, 4, 4, 4, 4, 4, 4, 4, 4, 4, 4, 4, 4, 4, 4, 4, 4, 4, 4, 4, 4, 4, 4, 4, 4, 4, 4, 4, 4, 4, 4, 4, 4, 4, 4, 4, 4, 4, 4, 4, 4, 4, 4, 4, 4, 4, 4, 4, 4, 4, 4, 4, 4, 4, 4, 4, 4, 4, 4, 4, 4, 4, 4, 4, 4, 4, 4, 4, 4, 4, 4, 4, 4, 4, 4, 4, 4, 4, 4, 4, 4, 4, 4, 4, 4, 4, 4, 4, 4, 4, 4, 4, 4, 4, 4, 4, 4, 4, 4, 4, 4, 4, 4, 4, 4, 4, 4, 4, 4, 4, 4, 4, 4, 4, 4, 4, 4, 4, 4, 4, 4, 4, 4, 4, 4, 4, 4, 4, 4, 4, 4, 4, 4, 4, 4, 4, 4, 4, 4, 4, 4, 4, 4, 4, 4, 4, 4, 4, 4, 4, 4, 4, 4, 4, 4, 4, 4, 4, 4, 4, 4, 4, 4, 4, 4, 4, 4, 4, 4, 4, 4, 4, 4, 4, 4, 4, 4, 4, 4, 4, 4, 4, 4, 4, 4, 4, 4, 4, 4, 4, 4, 4, 4, 4, 4, 4, 4, 4, 4, 4, 4, 4, 4, 4, 4, 4, 4, 4, 4, 4, 4, 4, 4, 4, 4, 4, 4, 4, 4, 4, 4, 4, 4, 4, 3, 3, 3, 3, 3, 3, 3, 3, 3, 3, 3, 3, 3, 3, 3, 3, 3, 3, 3, 3, 3, 3, 3, 3, 3, 3, 3, 3, 3, 3, 3, 3, 3, 3, 3, 3, 3, 3, 3, 3, 3, 3, 3, 3, 3, 3, 3, 3, 3, 3, 3, 3, 3, 3, 3, 3, 3, 3, 3, 3, 3, 3, 3, 3, 3, 3, 3, 3, 3, 3, 3, 3, 3, 3, 3, 3]
                                int[] faceVertexIndices = [1, 26, 27, 2, 2, 27, 28, 3, 3, 28, 29, 4, 4, 29, 30, 5, 5, 30, 31, 6, 6, 31, 32, 7, 7, 32, 33, 8, 8, 33, 34, 9, 9, 34, 35, 10, 10, 35, 36, 11, 11, 36, 37, 12, 12, 37, 38, 13, 13, 38, 39, 14, 14, 39, 40, 15, 15, 40, 41, 16, 16, 41, 42, 17, 17, 42, 43, 18, 18, 43, 44, 19, 19, 44, 45, 20, 20, 45, 46, 21, 21, 46, 47, 22, 22, 47, 48, 23, 23, 48, 49, 24, 24, 49, 50, 25, 26, 51, 52, 27, 27, 52, 53, 28, 28, 53, 54, 29, 29, 54, 55, 30, 30, 55, 56, 31, 31, 56, 57, 32, 32, 57, 58, 33, 33, 58, 59, 34, 34, 59, 60, 35, 35, 60, 61, 36, 36, 61, 62, 37, 37, 62, 63, 38, 38, 63, 64, 39, 39, 64, 65, 40, 40, 65, 66, 41, 41, 66, 67, 42, 42, 67, 68, 43, 43, 68, 69, 44, 44, 69, 70, 45, 45, 70, 71, 46, 46, 71, 72, 47, 47, 72, 73, 48, 48, 73, 74, 49, 49, 74, 75, 50, 51, 76, 77, 52, 52, 77, 78, 53, 53, 78, 79, 54, 54, 79, 80, 55, 55, 80, 81, 56, 56, 81, 82, 57, 57, 82, 83, 58, 58, 83, 84, 59, 59, 84, 85, 60, 60, 85, 86, 61, 61, 86, 87, 62, 62, 87, 88, 63, 63, 88, 89, 64, 64, 89, 90, 65, 65, 90, 91, 66, 66, 91, 92, 67, 67, 92, 93, 68, 68, 93, 94, 69, 69, 94, 95, 70, 70, 95, 96, 71, 71, 96, 97, 72, 72, 97, 98, 73, 73, 98, 99, 74, 74, 99, 100, 75, 76, 101, 102, 77, 77, 102, 103, 78, 78, 103, 104, 79, 79, 104, 105, 80, 80, 105, 106, 81, 81, 106, 107, 82, 82, 107, 108, 83, 83, 108, 109, 84, 84, 109, 110, 85, 85, 110, 111, 86, 86, 111, 112, 87, 87, 112, 113, 88, 88, 113, 114, 89, 89, 114, 115, 90, 90, 115, 116, 91, 91, 116, 117, 92, 92, 117, 118, 93, 93, 118, 119, 94, 94, 119, 120, 95, 95, 120, 121, 96, 96, 121, 122, 97, 97, 122, 123, 98, 98, 123, 124, 99, 99, 124, 125, 100, 101, 126, 127, 102, 102, 127, 128, 103, 103, 128, 129, 104, 104, 129, 130, 105, 105, 130, 131, 106, 106, 131, 132, 107, 107, 132, 133, 108, 108, 133, 134, 109, 109, 134, 135, 110, 110, 135, 136, 111, 111, 136, 137, 112, 112, 137, 138, 113, 113, 138, 139, 114, 114, 139, 140, 115, 115, 140, 141, 116, 116, 141, 142, 117, 117, 142, 143, 118, 118, 143, 144, 119, 119, 144, 145, 120, 120, 145, 146, 121, 121, 146, 147, 122, 122, 147, 148, 123, 123, 148, 149, 124, 124, 149, 150, 125, 126, 151, 152, 127, 127, 152, 153, 128, 128, 153, 154, 129, 129, 154, 155, 130, 130, 155, 156, 131, 131, 156, 157, 132, 132, 157, 158, 133, 133, 158, 159, 134, 134, 159, 160, 135, 135, 160, 161, 136, 136, 161, 162, 137, 137, 162, 163, 138, 138, 163, 164, 139, 139, 164, 165, 140, 140, 165, 166, 141, 141, 166, 167, 142, 142, 167, 168, 143, 143, 168, 169, 144, 144, 169, 170, 145, 145, 170, 171, 146, 146, 171, 172, 147, 147, 172, 173, 148, 148, 173, 174, 149, 149, 174, 175, 150, 151, 176, 177, 152, 152, 177, 178, 153, 153, 178, 179, 154, 154, 179, 180, 155, 155, 180, 181, 156, 156, 181, 182, 157, 157, 182, 183, 158, 158, 183, 184, 159, 159, 184, 185, 160, 160, 185, 186, 161, 161, 186, 187, 162, 162, 187, 188, 163, 163, 188, 189, 164, 164, 189, 190, 165, 165, 190, 191, 166, 166, 191, 192, 167, 167, 192, 193, 168, 168, 193, 194, 169, 169, 194, 195, 170, 170, 195, 196, 171, 171, 196, 197, 172, 172, 197, 198, 173, 173, 198, 199, 174, 174, 199, 200, 175, 176, 201, 202, 177, 177, 202, 203, 178, 178, 203, 204, 179, 179, 204, 205, 180, 180, 205, 206, 181, 181, 206, 207, 182, 182, 207, 208, 183, 183, 208, 209, 184, 184, 209, 210, 185, 185, 210, 211, 186, 186, 211, 212, 187, 187, 212, 213, 188, 188, 213, 214, 189, 189, 214, 215, 190, 190, 215, 216, 191, 191, 216, 217, 192, 192, 217, 218, 193, 193, 218, 219, 194, 194, 219, 220, 195, 195, 220, 221, 196, 196, 221, 222, 197, 197, 222, 223, 198, 198, 223, 224, 199, 199, 224, 225, 200, 201, 226, 227, 202, 202, 227, 228, 203, 203, 228, 229, 204, 204, 229, 230, 205, 205, 230, 231, 206, 206, 231, 232, 207, 207, 232, 233, 208, 208, 233, 234, 209, 209, 234, 235, 210, 210, 235, 236, 211, 211, 236, 237, 212, 212, 237, 238, 213, 213, 238, 239, 214, 214, 239, 240, 215, 215, 240, 241, 216, 216, 241, 242, 217, 217, 242, 243, 218, 218, 243, 244, 219, 219, 244, 245, 220, 220, 245, 246, 221, 221, 246, 247, 222, 222, 247, 248, 223, 223, 248, 249, 224, 224, 249, 250, 225, 226, 251, 252, 227, 227, 252, 253, 228, 228, 253, 254, 229, 229, 254, 255, 230, 230, 255, 256, 231, 231, 256, 257, 232, 232, 257, 258, 233, 233, 258, 259, 234, 234, 259, 260, 235, 235, 260, 261, 236, 236, 261, 262, 237, 237, 262, 263, 238, 238, 263, 264, 239, 239, 264, 265, 240, 240, 265, 266, 241, 241, 266, 267, 242, 242, 267, 268, 243, 243, 268, 269, 244, 244, 269, 270, 245, 245, 270, 271, 246, 246, 271, 272, 247, 247, 272, 273, 248, 248, 273, 274, 249, 249, 274, 275, 250, 251, 276, 277, 252, 252, 277, 278, 253, 253, 278, 279, 254, 254, 279, 280, 255, 255, 280, 281, 256, 256, 281, 282, 257, 257, 282, 283, 258, 258, 283, 284, 259, 259, 284, 285, 260, 260, 285, 286, 261, 261, 286, 287, 262, 262, 287, 288, 263, 263, 288, 289, 264, 264, 289, 290, 265, 265, 290, 291, 266, 266, 291, 292, 267, 267, 292, 293, 268, 268, 293, 294, 269, 269, 294, 295, 270, 270, 295, 296, 271, 271, 296, 297, 272, 272, 297, 298, 273, 273, 298, 299, 274, 274, 299, 300, 275, 276, 301, 302, 277, 277, 302, 303, 278, 278, 303, 304, 279, 279, 304, 305, 280, 280, 305, 306, 281, 281, 306, 307, 282, 282, 307, 308, 283, 283, 308, 309, 284, 284, 309, 310, 285, 285, 310, 311, 286, 286, 311, 312, 287, 287, 312, 313, 288, 288, 313, 314, 289, 289, 314, 315, 290, 290, 315, 316, 291, 291, 316, 317, 292, 292, 317, 318, 293, 293, 318, 319, 294, 294, 319, 320, 295, 295, 320, 321, 296, 296, 321, 322, 297, 297, 322, 323, 298, 298, 323, 324, 299, 299, 324, 325, 300, 301, 326, 327, 302, 302, 327, 328, 303, 303, 328, 329, 304, 304, 329, 330, 305, 305, 330, 331, 306, 306, 331, 332, 307, 307, 332, 333, 308, 308, 333, 334, 309, 309, 334, 335, 310, 310, 335, 336, 311, 311, 336, 337, 312, 312, 337, 338, 313, 313, 338, 339, 314, 314, 339, 340, 315, 315, 340, 341, 316, 316, 341, 342, 317, 317, 342, 343, 318, 318, 343, 344, 319, 319, 344, 345, 320, 320, 345, 346, 321, 321, 346, 347, 322, 322, 347, 348, 323, 323, 348, 349, 324, 324, 349, 350, 325, 326, 351, 352, 327, 327, 352, 353, 328, 328, 353, 354, 329, 329, 354, 355, 330, 330, 355, 356, 331, 331, 356, 357, 332, 332, 357, 358, 333, 333, 358, 359, 334, 334, 359, 360, 335, 335, 360, 361, 336, 336, 361, 362, 337, 337, 362, 363, 338, 338, 363, 364, 339, 339, 364, 365, 340, 340, 365, 366, 341, 341, 366, 367, 342, 342, 367, 368, 343, 343, 368, 369, 344, 344, 369, 370, 345, 345, 370, 371, 346, 346, 371, 372, 347, 347, 372, 373, 348, 348, 373, 374, 349, 349, 374, 375, 350, 0, 1, 2, 0, 2, 3, 0, 3, 4, 0, 4, 5, 0, 5, 6, 0, 6, 7, 0, 7, 8, 0, 8, 9, 0, 9, 10, 0, 10, 11, 0, 11, 12, 0, 12, 13, 0, 13, 14, 0, 14, 15, 0, 15, 16, 0, 16, 17, 0, 17, 18, 0, 18, 19, 0, 19, 20, 0, 20, 21, 0, 21, 22, 0, 22, 23, 0, 23, 24, 0, 24, 25, 0, 352, 351, 0, 353, 352, 0, 354, 353, 0, 355, 354, 0, 356, 355, 0, 357, 356, 0, 358, 357, 0, 359, 358, 0, 360, 359, 0, 361, 360, 0, 362, 361, 0, 363, 362, 0, 364, 363, 0, 365, 364, 0, 366, 365, 0, 367, 366, 0, 368, 367, 0, 369, 368, 0, 370, 369, 0, 371, 370, 0, 372, 371, 0, 373, 372, 0, 374, 373, 0, 375, 374, 0, 26, 1, 0, 51, 26, 0, 76, 51, 0, 101, 76, 0, 126, 101, 0, 151, 126, 0, 176, 151, 0, 201, 176, 0, 226, 201, 0, 251, 226, 0, 276, 251, 0, 301, 276, 0, 326, 301, 0, 351, 326, 0, 25, 50, 0, 50, 75, 0, 75, 100, 0, 100, 125, 0, 125, 150, 0, 150, 175, 0, 175, 200, 0, 200, 225, 0, 225, 250, 0, 250, 275, 0, 275, 300, 0, 300, 325, 0, 325, 350, 0, 350, 375]
                                rel material:binding = </AecoCctvLooks/Shell_identify>
                                point3f[] points = [(0, 0, 0), (-3.5439398, -2.230301, -3.9222748), (-3.352364, -2.3015313, -4.0475426), (-3.1421134, -2.3729043, -4.1730614), (-2.9120924, -2.443549, -4.297299), (-2.6614769, -2.5124133, -4.418406), (-2.3898363, -2.5782707, -4.534225), (-2.0972695, -2.6397414, -4.642329), (-1.7845343, -2.6953382, -4.7401037), (-1.4531565, -2.7435365, -4.8248663), (-1.1054907, -2.7828653, -4.8940315), (-0.74471384, -2.812016, -4.945297), (-0.374732, -2.8299525, -4.97684), (0, -2.836008, -4.9874897), (0.374732, -2.8299525, -4.97684), (0.74471384, -2.812016, -4.945297), (1.1054907, -2.7828653, -4.8940315), (1.4531565, -2.7435365, -4.8248663), (1.7845343, -2.6953382, -4.7401037), (2.0972695, -2.6397414, -4.642329), (2.3898363, -2.5782707, -4.534225), (2.6614769, -2.5124133, -4.418406), (2.9120924, -2.443549, -4.297299), (3.1421134, -2.3729043, -4.1730614), (3.352364, -2.3015313, -4.0475426), (3.5439398, -2.230301, -3.9222748), (-3.617189, -1.9511988, -4.0033436), (-3.4262998, -2.0162494, -4.1368103), (-3.2159317, -2.0817013, -4.2711), (-2.9847972, -2.1467621, -4.4045877), (-2.7318747, -2.2104585, -4.535276), (-2.4565485, -2.2716367, -4.660797), (-2.1587648, -2.3289795, -4.7784495), (-1.8391905, -2.3810487, -4.885282), (-1.4993465, -2.4263508, -4.97823), (-1.1416949, -2.463431, -5.0543084), (-0.76964253, -2.4909823, -5.1108365), (-0.38744462, -2.5079637, -5.1456776), (0, -2.5137017, -5.1574507), (0.38744462, -2.5079637, -5.1456776), (0.76964253, -2.4909823, -5.1108365), (1.1416949, -2.463431, -5.0543084), (1.4993465, -2.4263508, -4.97823), (1.8391905, -2.3810487, -4.885282), (2.1587648, -2.3289795, -4.7784495), (2.4565485, -2.2716367, -4.660797), (2.7318747, -2.2104585, -4.535276), (2.9847972, -2.1467621, -4.4045877), (3.2159317, -2.0817013, -4.2711), (3.4262998, -2.0162494, -4.1368103), (3.617189, -1.9511988, -4.0033436), (-3.6828492, -1.6555146, -4.0760136), (-3.4928348, -1.7128357, -4.2171426), (-3.282631, -1.7707303, -4.3596835), (-3.0507638, -1.8285061, -4.5019326), (-2.7960165, -1.8852984, -4.64176), (-2.5175843, -1.9400651, -4.7766004), (-2.2152526, -1.991601, -4.903486), (-1.8895822, -2.0385723, -5.019133), (-1.5420731, -2.0795784, -5.1200933), (-1.1752762, -2.113241, -5.2029734), (-0.7928128, -2.1383119, -5.2647), (-0.39927572, -2.1537895, -5.302807), (0, -2.1590238, -5.315695), (0.39927572, -2.1537895, -5.302807), (0.7928128, -2.1383119, -5.2647), (1.1752762, -2.113241, -5.2029734), (1.5420731, -2.0795784, -5.1200933), (1.8895822, -2.0385723, -5.019133), (2.2152526, -1.991601, -4.903486), (2.5175843, -1.9400651, -4.7766004), (2.7960165, -1.8852984, -4.64176), (3.0507638, -1.8285061, -4.5019326), (3.282631, -1.7707303, -4.3596835), (3.4928348, -1.7128357, -4.2171426), (3.6828492, -1.6555146, -4.0760136), (-3.7393155, -1.3447179, -4.138508), (-3.5502539, -1.3927945, -4.2864685), (-3.3404026, -1.4415148, -4.4364104), (-3.1081166, -1.490305, -4.586567), (-2.8519964, -1.5384356, -4.734694), (-2.571056, -1.5850165, -4.8780518), (-2.2649217, -1.6290044, -5.0134287), (-1.934043, -1.669231, -5.1372304), (-1.5798863, -1.7044575, -5.2456436), (-1.2050718, -1.7334527, -5.3348794), (-0.8134108, -1.7550936, -5.4014816), (-0.40980598, -1.7684739, -5.4426603), (0, -1.7730024, -5.4565973), (0.40980598, -1.7684739, -5.4426603), (0.8134108, -1.7550936, -5.4014816), (1.2050718, -1.7334527, -5.3348794), (1.5798863, -1.7044575, -5.2456436), (1.934043, -1.669231, -5.1372304), (2.2649217, -1.6290044, -5.0134287), (2.571056, -1.5850165, -4.8780518), (2.8519964, -1.5384356, -4.734694), (3.1081166, -1.490305, -4.586567), (3.3404026, -1.4415148, -4.4364104), (3.5502539, -1.3927945, -4.2864685), (3.7393155, -1.3447179, -4.138508), (-3.7850752, -1.0208803, -4.1891527), (-3.5969248, -1.0583279, -4.342818), (-3.3875072, -1.0963818, -4.4989705), (-3.1550314, -1.1345999, -4.655798), (-2.8979392, -1.1724137, -4.810965), (-2.615085, -1.2091198, -4.961588), (-2.3059504, -1.2438853, -5.1042466), (-1.9708802, -1.2757683, -5.235078), (-1.6113, -1.303761, -5.349945), (-1.2298805, -1.3268543, -5.444708), (-0.8305906, -1.3441218, -5.5155644), (-0.41859815, -1.3548115, -5.559429), (0, -1.3584318, -5.574285), (0.41859815, -1.3548115, -5.559429), (0.8305906, -1.3441218, -5.5155644), (1.2298805, -1.3268543, -5.444708), (1.6113, -1.303761, -5.349945), (1.9708802, -1.2757683, -5.235078), (2.3059504, -1.2438853, -5.1042466), (2.615085, -1.2091198, -4.961588), (2.8979392, -1.1724137, -4.810965), (3.1550314, -1.1345999, -4.655798), (3.3875072, -1.0963818, -4.4989705), (3.5969248, -1.0583279, -4.342818), (3.7850752, -1.0208803, -4.1891527), (-3.818809, -0.68665254, -4.2264876), (-3.6314113, -0.71231663, -4.3844557), (-3.4224, -0.73845005, -4.545312), (-3.1898732, -0.7647531, -4.707213), (-2.9321492, -0.790836, -4.8677583), (-2.6479561, -0.81621224, -5.0239544), (-2.3366609, -0.84030074, -5.172224), (-1.9985197, -0.8624397, -5.308494), (-1.6349213, -0.881916, -5.4283743), (-1.2485695, -0.89801127, -5.5274444), (-0.8435505, -0.9100629, -5.601625), (-0.4252364, -0.9175311, -5.6475925), (0, -0.9200616, -5.663169), (0.4252364, -0.9175311, -5.6475925), (0.8435505, -0.9100629, -5.601625), (1.2485695, -0.89801127, -5.5274444), (1.6349213, -0.881916, -5.4283743), (1.9985197, -0.8624397, -5.308494), (2.3366609, -0.84030074, -5.172224), (2.6479561, -0.81621224, -5.0239544), (2.9321492, -0.790836, -4.8677583), (3.1898732, -0.7647531, -4.707213), (3.4224, -0.73845005, -4.545312), (3.6314113, -0.71231663, -4.3844557), (3.818809, -0.68665254, -4.2264876), (-3.8394873, -0.34518534, -4.249374), (-3.6525853, -0.358235, -4.4100204), (-3.4438608, -0.37154028, -4.573814), (-3.2113407, -0.3849499, -4.738892), (-2.9532661, -0.39826572, -4.9028153), (-2.6682842, -0.4112391, -5.0625224), (-2.3556867, -0.42357135, -5.214338), (-2.0156722, -0.43492085, -5.354055), (-1.6496028, -0.44491774, -5.477121), (-1.2602003, -0.45318827, -5.578934), (-0.85162383, -0.4593864, -5.655236), (-0.42937425, -0.46322963, -5.7025476), (0, -0.4645323, -5.718584), (0.42937425, -0.46322963, -5.7025476), (0.85162383, -0.4593864, -5.655236), (1.2602003, -0.45318827, -5.578934), (1.6496028, -0.44491774, -5.477121), (2.0156722, -0.43492085, -5.354055), (2.3556867, -0.42357135, -5.214338), (2.6682842, -0.4112391, -5.0625224), (2.9532661, -0.39826572, -4.9028153), (3.2113407, -0.3849499, -4.738892), (3.4438608, -0.37154028, -4.573814), (3.6525853, -0.358235, -4.4100204), (3.8394873, -0.34518534, -4.249374), (-3.846455, 0, -4.2570853), (-3.6597261, 0, -4.418642), (-3.4511044, 0, -4.5834346), (-3.2185934, 0, -4.7495947), (-2.960407, 0, -4.91467), (-2.675165, 0, -5.0755773), (-2.3621325, 0, -5.228606), (-2.0214884, 0, -5.3695045), (-1.6545852, 0, -5.493664), (-1.26415, 0, -5.5964203), (-0.8543669, 0, -5.6734514), (-0.4307806, 0, -5.7212253), (0, 0, -5.7374206), (0.4307806, 0, -5.7212253), (0.8543669, 0, -5.6734514), (1.26415, 0, -5.5964203), (1.6545852, 0, -5.493664), (2.0214884, 0, -5.3695045), (2.3621325, 0, -5.228606), (2.675165, 0, -5.0755773), (2.960407, 0, -4.91467), (3.2185934, 0, -4.7495947), (3.4511044, 0, -4.5834346), (3.6597261, 0, -4.418642), (3.846455, 0, -4.2570853), (-3.8394873, 0.34518534, -4.249374), (-3.6525853, 0.358235, -4.4100204), (-3.4438608, 0.37154028, -4.573814), (-3.2113407, 0.3849499, -4.738892), (-2.9532661, 0.39826572, -4.9028153), (-2.6682842, 0.4112391, -5.0625224), (-2.3556867, 0.42357135, -5.214338), (-2.0156722, 0.43492085, -5.354055), (-1.6496028, 0.44491774, -5.477121), (-1.2602003, 0.45318827, -5.578934), (-0.85162383, 0.4593864, -5.655236), (-0.42937425, 0.46322963, -5.7025476), (0, 0.4645323, -5.718584), (0.42937425, 0.46322963, -5.7025476), (0.85162383, 0.4593864, -5.655236), (1.2602003, 0.45318827, -5.578934), (1.6496028, 0.44491774, -5.477121), (2.0156722, 0.43492085, -5.354055), (2.3556867, 0.42357135, -5.214338), (2.6682842, 0.4112391, -5.0625224), (2.9532661, 0.39826572, -4.9028153), (3.2113407, 0.3849499, -4.738892), (3.4438608, 0.37154028, -4.573814), (3.6525853, 0.358235, -4.4100204), (3.8394873, 0.34518534, -4.249374), (-3.818809, 0.68665254, -4.2264876), (-3.6314113, 0.71231663, -4.3844557), (-3.4224, 0.73845005, -4.545312), (-3.1898732, 0.7647531, -4.707213), (-2.9321492, 0.790836, -4.8677583), (-2.6479561, 0.81621224, -5.0239544), (-2.3366609, 0.84030074, -5.172224), (-1.9985197, 0.8624397, -5.308494), (-1.6349213, 0.881916, -5.4283743), (-1.2485695, 0.89801127, -5.5274444), (-0.8435505, 0.9100629, -5.601625), (-0.4252364, 0.9175311, -5.6475925), (0, 0.9200616, -5.663169), (0.4252364, 0.9175311, -5.6475925), (0.8435505, 0.9100629, -5.601625), (1.2485695, 0.89801127, -5.5274444), (1.6349213, 0.881916, -5.4283743), (1.9985197, 0.8624397, -5.308494), (2.3366609, 0.84030074, -5.172224), (2.6479561, 0.81621224, -5.0239544), (2.9321492, 0.790836, -4.8677583), (3.1898732, 0.7647531, -4.707213), (3.4224, 0.73845005, -4.545312), (3.6314113, 0.71231663, -4.3844557), (3.818809, 0.68665254, -4.2264876), (-3.7850752, 1.0208803, -4.1891527), (-3.5969248, 1.0583279, -4.342818), (-3.3875072, 1.0963818, -4.4989705), (-3.1550314, 1.1345999, -4.655798), (-2.8979392, 1.1724137, -4.810965), (-2.615085, 1.2091198, -4.961588), (-2.3059504, 1.2438853, -5.1042466), (-1.9708802, 1.2757683, -5.235078), (-1.6113, 1.303761, -5.349945), (-1.2298805, 1.3268543, -5.444708), (-0.8305906, 1.3441218, -5.5155644), (-0.41859815, 1.3548115, -5.559429), (0, 1.3584318, -5.574285), (0.41859815, 1.3548115, -5.559429), (0.8305906, 1.3441218, -5.5155644), (1.2298805, 1.3268543, -5.444708), (1.6113, 1.303761, -5.349945), (1.9708802, 1.2757683, -5.235078), (2.3059504, 1.2438853, -5.1042466), (2.615085, 1.2091198, -4.961588), (2.8979392, 1.1724137, -4.810965), (3.1550314, 1.1345999, -4.655798), (3.3875072, 1.0963818, -4.4989705), (3.5969248, 1.0583279, -4.342818), (3.7850752, 1.0208803, -4.1891527), (-3.7393155, 1.3447179, -4.138508), (-3.5502539, 1.3927945, -4.2864685), (-3.3404026, 1.4415148, -4.4364104), (-3.1081166, 1.490305, -4.586567), (-2.8519964, 1.5384356, -4.734694), (-2.571056, 1.5850165, -4.8780518), (-2.2649217, 1.6290044, -5.0134287), (-1.934043, 1.669231, -5.1372304), (-1.5798863, 1.7044575, -5.2456436), (-1.2050718, 1.7334527, -5.3348794), (-0.8134108, 1.7550936, -5.4014816), (-0.40980598, 1.7684739, -5.4426603), (0, 1.7730024, -5.4565973), (0.40980598, 1.7684739, -5.4426603), (0.8134108, 1.7550936, -5.4014816), (1.2050718, 1.7334527, -5.3348794), (1.5798863, 1.7044575, -5.2456436), (1.934043, 1.669231, -5.1372304), (2.2649217, 1.6290044, -5.0134287), (2.571056, 1.5850165, -4.8780518), (2.8519964, 1.5384356, -4.734694), (3.1081166, 1.490305, -4.586567), (3.3404026, 1.4415148, -4.4364104), (3.5502539, 1.3927945, -4.2864685), (3.7393155, 1.3447179, -4.138508), (-3.6828492, 1.6555146, -4.0760136), (-3.4928348, 1.7128357, -4.2171426), (-3.282631, 1.7707303, -4.3596835), (-3.0507638, 1.8285061, -4.5019326), (-2.7960165, 1.8852984, -4.64176), (-2.5175843, 1.9400651, -4.7766004), (-2.2152526, 1.991601, -4.903486), (-1.8895822, 2.0385723, -5.019133), (-1.5420731, 2.0795784, -5.1200933), (-1.1752762, 2.113241, -5.2029734), (-0.7928128, 2.1383119, -5.2647), (-0.39927572, 2.1537895, -5.302807), (0, 2.1590238, -5.315695), (0.39927572, 2.1537895, -5.302807), (0.7928128, 2.1383119, -5.2647), (1.1752762, 2.113241, -5.2029734), (1.5420731, 2.0795784, -5.1200933), (1.8895822, 2.0385723, -5.019133), (2.2152526, 1.991601, -4.903486), (2.5175843, 1.9400651, -4.7766004), (2.7960165, 1.8852984, -4.64176), (3.0507638, 1.8285061, -4.5019326), (3.282631, 1.7707303, -4.3596835), (3.4928348, 1.7128357, -4.2171426), (3.6828492, 1.6555146, -4.0760136), (-3.617189, 1.9511988, -4.0033436), (-3.4262998, 2.0162494, -4.1368103), (-3.2159317, 2.0817013, -4.2711), (-2.9847972, 2.1467621, -4.4045877), (-2.7318747, 2.2104585, -4.535276), (-2.4565485, 2.2716367, -4.660797), (-2.1587648, 2.3289795, -4.7784495), (-1.8391905, 2.3810487, -4.885282), (-1.4993465, 2.4263508, -4.97823), (-1.1416949, 2.463431, -5.0543084), (-0.76964253, 2.4909823, -5.1108365), (-0.38744462, 2.5079637, -5.1456776), (0, 2.5137017, -5.1574507), (0.38744462, 2.5079637, -5.1456776), (0.76964253, 2.4909823, -5.1108365), (1.1416949, 2.463431, -5.0543084), (1.4993465, 2.4263508, -4.97823), (1.8391905, 2.3810487, -4.885282), (2.1587648, 2.3289795, -4.7784495), (2.4565485, 2.2716367, -4.660797), (2.7318747, 2.2104585, -4.535276), (2.9847972, 2.1467621, -4.4045877), (3.2159317, 2.0817013, -4.2711), (3.4262998, 2.0162494, -4.1368103), (3.617189, 1.9511988, -4.0033436), (-3.5439398, 2.230301, -3.9222748), (-3.352364, 2.3015313, -4.0475426), (-3.1421134, 2.3729043, -4.1730614), (-2.9120924, 2.443549, -4.297299), (-2.6614769, 2.5124133, -4.418406), (-2.3898363, 2.5782707, -4.534225), (-2.0972695, 2.6397414, -4.642329), (-1.7845343, 2.6953382, -4.7401037), (-1.4531565, 2.7435365, -4.8248663), (-1.1054907, 2.7828653, -4.8940315), (-0.74471384, 2.812016, -4.945297), (-0.374732, 2.8299525, -4.97684), (0, 2.836008, -4.9874897), (0.374732, 2.8299525, -4.97684), (0.74471384, 2.812016, -4.945297), (1.1054907, 2.7828653, -4.8940315), (1.4531565, 2.7435365, -4.8248663), (1.7845343, 2.6953382, -4.7401037), (2.0972695, 2.6397414, -4.642329), (2.3898363, 2.5782707, -4.534225), (2.6614769, 2.5124133, -4.418406), (2.9120924, 2.443549, -4.297299), (3.1421134, 2.3729043, -4.1730614), (3.352364, 2.3015313, -4.0475426), (3.5439398, 2.230301, -3.9222748)]
                                color3f[] primvars:displayColor = [(0, 0.5, 0.45)] (
                                    interpolation = "constant"
                                )
                                float[] primvars:displayOpacity = [0.3] (
                                    interpolation = "constant"
                                )
                                uniform token purpose = "guide"
                                uniform token subdivisionScheme = "none"
                            }

                            def Mesh "Shell_recognise" (
                                prepend apiSchemas = ["AecoDerivedGeometryAPI", "MaterialBindingAPI"]
                            )
                            {
                                uniform token aeco:derived:approx = "tessellated"
                                uniform token aeco:derived:role = "coverage"
                                string aeco:derived:source = "2a2dd6c7-7c7d-5251-8b04-b30b2da64e9f"
                                string aeco:derived:stamp = "usdAecoCctv derive 0.5.3"
                                uniform bool doubleSided = 1
                                float3[] extent = [(-7.69291, -5.672016, -11.474841), (7.69291, 5.672016, 0)]
                                int[] faceVertexCounts = [4, 4, 4, 4, 4, 4, 4, 4, 4, 4, 4, 4, 4, 4, 4, 4, 4, 4, 4, 4, 4, 4, 4, 4, 4, 4, 4, 4, 4, 4, 4, 4, 4, 4, 4, 4, 4, 4, 4, 4, 4, 4, 4, 4, 4, 4, 4, 4, 4, 4, 4, 4, 4, 4, 4, 4, 4, 4, 4, 4, 4, 4, 4, 4, 4, 4, 4, 4, 4, 4, 4, 4, 4, 4, 4, 4, 4, 4, 4, 4, 4, 4, 4, 4, 4, 4, 4, 4, 4, 4, 4, 4, 4, 4, 4, 4, 4, 4, 4, 4, 4, 4, 4, 4, 4, 4, 4, 4, 4, 4, 4, 4, 4, 4, 4, 4, 4, 4, 4, 4, 4, 4, 4, 4, 4, 4, 4, 4, 4, 4, 4, 4, 4, 4, 4, 4, 4, 4, 4, 4, 4, 4, 4, 4, 4, 4, 4, 4, 4, 4, 4, 4, 4, 4, 4, 4, 4, 4, 4, 4, 4, 4, 4, 4, 4, 4, 4, 4, 4, 4, 4, 4, 4, 4, 4, 4, 4, 4, 4, 4, 4, 4, 4, 4, 4, 4, 4, 4, 4, 4, 4, 4, 4, 4, 4, 4, 4, 4, 4, 4, 4, 4, 4, 4, 4, 4, 4, 4, 4, 4, 4, 4, 4, 4, 4, 4, 4, 4, 4, 4, 4, 4, 4, 4, 4, 4, 4, 4, 4, 4, 4, 4, 4, 4, 4, 4, 4, 4, 4, 4, 4, 4, 4, 4, 4, 4, 4, 4, 4, 4, 4, 4, 4, 4, 4, 4, 4, 4, 4, 4, 4, 4, 4, 4, 4, 4, 4, 4, 4, 4, 4, 4, 4, 4, 4, 4, 4, 4, 4, 4, 4, 4, 4, 4, 4, 4, 4, 4, 4, 4, 4, 4, 4, 4, 4, 4, 4, 4, 4, 4, 4, 4, 4, 4, 4, 4, 4, 4, 4, 4, 4, 4, 4, 4, 4, 4, 4, 4, 4, 4, 4, 4, 4, 4, 4, 4, 4, 4, 4, 4, 4, 4, 4, 4, 4, 4, 3, 3, 3, 3, 3, 3, 3, 3, 3, 3, 3, 3, 3, 3, 3, 3, 3, 3, 3, 3, 3, 3, 3, 3, 3, 3, 3, 3, 3, 3, 3, 3, 3, 3, 3, 3, 3, 3, 3, 3, 3, 3, 3, 3, 3, 3, 3, 3, 3, 3, 3, 3, 3, 3, 3, 3, 3, 3, 3, 3, 3, 3, 3, 3, 3, 3, 3, 3, 3, 3, 3, 3, 3, 3, 3, 3]
                                int[] faceVertexIndices = [1, 26, 27, 2, 2, 27, 28, 3, 3, 28, 29, 4, 4, 29, 30, 5, 5, 30, 31, 6, 6, 31, 32, 7, 7, 32, 33, 8, 8, 33, 34, 9, 9, 34, 35, 10, 10, 35, 36, 11, 11, 36, 37, 12, 12, 37, 38, 13, 13, 38, 39, 14, 14, 39, 40, 15, 15, 40, 41, 16, 16, 41, 42, 17, 17, 42, 43, 18, 18, 43, 44, 19, 19, 44, 45, 20, 20, 45, 46, 21, 21, 46, 47, 22, 22, 47, 48, 23, 23, 48, 49, 24, 24, 49, 50, 25, 26, 51, 52, 27, 27, 52, 53, 28, 28, 53, 54, 29, 29, 54, 55, 30, 30, 55, 56, 31, 31, 56, 57, 32, 32, 57, 58, 33, 33, 58, 59, 34, 34, 59, 60, 35, 35, 60, 61, 36, 36, 61, 62, 37, 37, 62, 63, 38, 38, 63, 64, 39, 39, 64, 65, 40, 40, 65, 66, 41, 41, 66, 67, 42, 42, 67, 68, 43, 43, 68, 69, 44, 44, 69, 70, 45, 45, 70, 71, 46, 46, 71, 72, 47, 47, 72, 73, 48, 48, 73, 74, 49, 49, 74, 75, 50, 51, 76, 77, 52, 52, 77, 78, 53, 53, 78, 79, 54, 54, 79, 80, 55, 55, 80, 81, 56, 56, 81, 82, 57, 57, 82, 83, 58, 58, 83, 84, 59, 59, 84, 85, 60, 60, 85, 86, 61, 61, 86, 87, 62, 62, 87, 88, 63, 63, 88, 89, 64, 64, 89, 90, 65, 65, 90, 91, 66, 66, 91, 92, 67, 67, 92, 93, 68, 68, 93, 94, 69, 69, 94, 95, 70, 70, 95, 96, 71, 71, 96, 97, 72, 72, 97, 98, 73, 73, 98, 99, 74, 74, 99, 100, 75, 76, 101, 102, 77, 77, 102, 103, 78, 78, 103, 104, 79, 79, 104, 105, 80, 80, 105, 106, 81, 81, 106, 107, 82, 82, 107, 108, 83, 83, 108, 109, 84, 84, 109, 110, 85, 85, 110, 111, 86, 86, 111, 112, 87, 87, 112, 113, 88, 88, 113, 114, 89, 89, 114, 115, 90, 90, 115, 116, 91, 91, 116, 117, 92, 92, 117, 118, 93, 93, 118, 119, 94, 94, 119, 120, 95, 95, 120, 121, 96, 96, 121, 122, 97, 97, 122, 123, 98, 98, 123, 124, 99, 99, 124, 125, 100, 101, 126, 127, 102, 102, 127, 128, 103, 103, 128, 129, 104, 104, 129, 130, 105, 105, 130, 131, 106, 106, 131, 132, 107, 107, 132, 133, 108, 108, 133, 134, 109, 109, 134, 135, 110, 110, 135, 136, 111, 111, 136, 137, 112, 112, 137, 138, 113, 113, 138, 139, 114, 114, 139, 140, 115, 115, 140, 141, 116, 116, 141, 142, 117, 117, 142, 143, 118, 118, 143, 144, 119, 119, 144, 145, 120, 120, 145, 146, 121, 121, 146, 147, 122, 122, 147, 148, 123, 123, 148, 149, 124, 124, 149, 150, 125, 126, 151, 152, 127, 127, 152, 153, 128, 128, 153, 154, 129, 129, 154, 155, 130, 130, 155, 156, 131, 131, 156, 157, 132, 132, 157, 158, 133, 133, 158, 159, 134, 134, 159, 160, 135, 135, 160, 161, 136, 136, 161, 162, 137, 137, 162, 163, 138, 138, 163, 164, 139, 139, 164, 165, 140, 140, 165, 166, 141, 141, 166, 167, 142, 142, 167, 168, 143, 143, 168, 169, 144, 144, 169, 170, 145, 145, 170, 171, 146, 146, 171, 172, 147, 147, 172, 173, 148, 148, 173, 174, 149, 149, 174, 175, 150, 151, 176, 177, 152, 152, 177, 178, 153, 153, 178, 179, 154, 154, 179, 180, 155, 155, 180, 181, 156, 156, 181, 182, 157, 157, 182, 183, 158, 158, 183, 184, 159, 159, 184, 185, 160, 160, 185, 186, 161, 161, 186, 187, 162, 162, 187, 188, 163, 163, 188, 189, 164, 164, 189, 190, 165, 165, 190, 191, 166, 166, 191, 192, 167, 167, 192, 193, 168, 168, 193, 194, 169, 169, 194, 195, 170, 170, 195, 196, 171, 171, 196, 197, 172, 172, 197, 198, 173, 173, 198, 199, 174, 174, 199, 200, 175, 176, 201, 202, 177, 177, 202, 203, 178, 178, 203, 204, 179, 179, 204, 205, 180, 180, 205, 206, 181, 181, 206, 207, 182, 182, 207, 208, 183, 183, 208, 209, 184, 184, 209, 210, 185, 185, 210, 211, 186, 186, 211, 212, 187, 187, 212, 213, 188, 188, 213, 214, 189, 189, 214, 215, 190, 190, 215, 216, 191, 191, 216, 217, 192, 192, 217, 218, 193, 193, 218, 219, 194, 194, 219, 220, 195, 195, 220, 221, 196, 196, 221, 222, 197, 197, 222, 223, 198, 198, 223, 224, 199, 199, 224, 225, 200, 201, 226, 227, 202, 202, 227, 228, 203, 203, 228, 229, 204, 204, 229, 230, 205, 205, 230, 231, 206, 206, 231, 232, 207, 207, 232, 233, 208, 208, 233, 234, 209, 209, 234, 235, 210, 210, 235, 236, 211, 211, 236, 237, 212, 212, 237, 238, 213, 213, 238, 239, 214, 214, 239, 240, 215, 215, 240, 241, 216, 216, 241, 242, 217, 217, 242, 243, 218, 218, 243, 244, 219, 219, 244, 245, 220, 220, 245, 246, 221, 221, 246, 247, 222, 222, 247, 248, 223, 223, 248, 249, 224, 224, 249, 250, 225, 226, 251, 252, 227, 227, 252, 253, 228, 228, 253, 254, 229, 229, 254, 255, 230, 230, 255, 256, 231, 231, 256, 257, 232, 232, 257, 258, 233, 233, 258, 259, 234, 234, 259, 260, 235, 235, 260, 261, 236, 236, 261, 262, 237, 237, 262, 263, 238, 238, 263, 264, 239, 239, 264, 265, 240, 240, 265, 266, 241, 241, 266, 267, 242, 242, 267, 268, 243, 243, 268, 269, 244, 244, 269, 270, 245, 245, 270, 271, 246, 246, 271, 272, 247, 247, 272, 273, 248, 248, 273, 274, 249, 249, 274, 275, 250, 251, 276, 277, 252, 252, 277, 278, 253, 253, 278, 279, 254, 254, 279, 280, 255, 255, 280, 281, 256, 256, 281, 282, 257, 257, 282, 283, 258, 258, 283, 284, 259, 259, 284, 285, 260, 260, 285, 286, 261, 261, 286, 287, 262, 262, 287, 288, 263, 263, 288, 289, 264, 264, 289, 290, 265, 265, 290, 291, 266, 266, 291, 292, 267, 267, 292, 293, 268, 268, 293, 294, 269, 269, 294, 295, 270, 270, 295, 296, 271, 271, 296, 297, 272, 272, 297, 298, 273, 273, 298, 299, 274, 274, 299, 300, 275, 276, 301, 302, 277, 277, 302, 303, 278, 278, 303, 304, 279, 279, 304, 305, 280, 280, 305, 306, 281, 281, 306, 307, 282, 282, 307, 308, 283, 283, 308, 309, 284, 284, 309, 310, 285, 285, 310, 311, 286, 286, 311, 312, 287, 287, 312, 313, 288, 288, 313, 314, 289, 289, 314, 315, 290, 290, 315, 316, 291, 291, 316, 317, 292, 292, 317, 318, 293, 293, 318, 319, 294, 294, 319, 320, 295, 295, 320, 321, 296, 296, 321, 322, 297, 297, 322, 323, 298, 298, 323, 324, 299, 299, 324, 325, 300, 301, 326, 327, 302, 302, 327, 328, 303, 303, 328, 329, 304, 304, 329, 330, 305, 305, 330, 331, 306, 306, 331, 332, 307, 307, 332, 333, 308, 308, 333, 334, 309, 309, 334, 335, 310, 310, 335, 336, 311, 311, 336, 337, 312, 312, 337, 338, 313, 313, 338, 339, 314, 314, 339, 340, 315, 315, 340, 341, 316, 316, 341, 342, 317, 317, 342, 343, 318, 318, 343, 344, 319, 319, 344, 345, 320, 320, 345, 346, 321, 321, 346, 347, 322, 322, 347, 348, 323, 323, 348, 349, 324, 324, 349, 350, 325, 326, 351, 352, 327, 327, 352, 353, 328, 328, 353, 354, 329, 329, 354, 355, 330, 330, 355, 356, 331, 331, 356, 357, 332, 332, 357, 358, 333, 333, 358, 359, 334, 334, 359, 360, 335, 335, 360, 361, 336, 336, 361, 362, 337, 337, 362, 363, 338, 338, 363, 364, 339, 339, 364, 365, 340, 340, 365, 366, 341, 341, 366, 367, 342, 342, 367, 368, 343, 343, 368, 369, 344, 344, 369, 370, 345, 345, 370, 371, 346, 346, 371, 372, 347, 347, 372, 373, 348, 348, 373, 374, 349, 349, 374, 375, 350, 0, 1, 2, 0, 2, 3, 0, 3, 4, 0, 4, 5, 0, 5, 6, 0, 6, 7, 0, 7, 8, 0, 8, 9, 0, 9, 10, 0, 10, 11, 0, 11, 12, 0, 12, 13, 0, 13, 14, 0, 14, 15, 0, 15, 16, 0, 16, 17, 0, 17, 18, 0, 18, 19, 0, 19, 20, 0, 20, 21, 0, 21, 22, 0, 22, 23, 0, 23, 24, 0, 24, 25, 0, 352, 351, 0, 353, 352, 0, 354, 353, 0, 355, 354, 0, 356, 355, 0, 357, 356, 0, 358, 357, 0, 359, 358, 0, 360, 359, 0, 361, 360, 0, 362, 361, 0, 363, 362, 0, 364, 363, 0, 365, 364, 0, 366, 365, 0, 367, 366, 0, 368, 367, 0, 369, 368, 0, 370, 369, 0, 371, 370, 0, 372, 371, 0, 373, 372, 0, 374, 373, 0, 375, 374, 0, 26, 1, 0, 51, 26, 0, 76, 51, 0, 101, 76, 0, 126, 101, 0, 151, 126, 0, 176, 151, 0, 201, 176, 0, 226, 201, 0, 251, 226, 0, 276, 251, 0, 301, 276, 0, 326, 301, 0, 351, 326, 0, 25, 50, 0, 50, 75, 0, 75, 100, 0, 100, 125, 0, 125, 150, 0, 150, 175, 0, 175, 200, 0, 200, 225, 0, 225, 250, 0, 250, 275, 0, 275, 300, 0, 300, 325, 0, 325, 350, 0, 350, 375]
                                rel material:binding = </AecoCctvLooks/Shell_recognise>
                                point3f[] points = [(0, 0, 0), (-7.0878797, -4.460602, -7.8445497), (-6.704728, -4.6030626, -8.095085), (-6.284227, -4.7458086, -8.346123), (-5.824185, -4.887098, -8.594598), (-5.3229537, -5.0248265, -8.836812), (-4.7796726, -5.1565413, -9.06845), (-4.194539, -5.279483, -9.284658), (-3.5690687, -5.3906765, -9.480207), (-2.906313, -5.487073, -9.649733), (-2.2109814, -5.5657306, -9.788063), (-1.4894277, -5.624032, -9.890594), (-0.749464, -5.659905, -9.95368), (0, -5.672016, -9.974979), (0.749464, -5.659905, -9.95368), (1.4894277, -5.624032, -9.890594), (2.2109814, -5.5657306, -9.788063), (2.906313, -5.487073, -9.649733), (3.5690687, -5.3906765, -9.480207), (4.194539, -5.279483, -9.284658), (4.7796726, -5.1565413, -9.06845), (5.3229537, -5.0248265, -8.836812), (5.824185, -4.887098, -8.594598), (6.284227, -4.7458086, -8.346123), (6.704728, -4.6030626, -8.095085), (7.0878797, -4.460602, -7.8445497), (-7.234378, -3.9023976, -8.006687), (-6.8525996, -4.032499, -8.273621), (-6.4318633, -4.1634026, -8.5422), (-5.9695945, -4.2935243, -8.8091755), (-5.4637494, -4.420917, -9.070552), (-4.913097, -4.5432734, -9.321594), (-4.3175297, -4.657959, -9.556899), (-3.678381, -4.7620974, -9.770564), (-2.998693, -4.8527017, -9.95646), (-2.2833898, -4.926862, -10.108617), (-1.5392851, -4.9819646, -10.221673), (-0.77488923, -5.0159273, -10.291355), (0, -5.0274034, -10.314901), (0.77488923, -5.0159273, -10.291355), (1.5392851, -4.9819646, -10.221673), (2.2833898, -4.926862, -10.108617), (2.998693, -4.8527017, -9.95646), (3.678381, -4.7620974, -9.770564), (4.3175297, -4.657959, -9.556899), (4.913097, -4.5432734, -9.321594), (5.4637494, -4.420917, -9.070552), (5.9695945, -4.2935243, -8.8091755), (6.4318633, -4.1634026, -8.5422), (6.8525996, -4.032499, -8.273621), (7.234378, -3.9023976, -8.006687), (-7.3656983, -3.3110292, -8.152027), (-6.9856696, -3.4256713, -8.434285), (-6.565262, -3.5414605, -8.719367), (-6.1015277, -3.6570122, -9.003865), (-5.592033, -3.7705967, -9.28352), (-5.0351686, -3.8801303, -9.553201), (-4.4305053, -3.983202, -9.806972), (-3.7791643, -4.0771446, -10.038266), (-3.0841463, -4.159157, -10.240187), (-2.3505523, -4.226482, -10.405947), (-1.5856256, -4.2766237, -10.5294), (-0.79855144, -4.307579, -10.605614), (0, -4.3180475, -10.63139), (0.79855144, -4.307579, -10.605614), (1.5856256, -4.2766237, -10.5294), (2.3505523, -4.226482, -10.405947), (3.0841463, -4.159157, -10.240187), (3.7791643, -4.0771446, -10.038266), (4.4305053, -3.983202, -9.806972), (5.0351686, -3.8801303, -9.553201), (5.592033, -3.7705967, -9.28352), (6.1015277, -3.6570122, -9.003865), (6.565262, -3.5414605, -8.719367), (6.9856696, -3.4256713, -8.434285), (7.3656983, -3.3110292, -8.152027), (-7.478631, -2.6894357, -8.277016), (-7.1005077, -2.785589, -8.572937), (-6.680805, -2.8830297, -8.872821), (-6.2162333, -2.98061, -9.173134), (-5.703993, -3.0768712, -9.469388), (-5.142112, -3.170033, -9.7561035), (-4.5298433, -3.2580087, -10.026857), (-3.868086, -3.338462, -10.274461), (-3.1597726, -3.408915, -10.491287), (-2.4101436, -3.4669054, -10.669759), (-1.6268216, -3.5101871, -10.802963), (-0.81961197, -3.5369477, -10.885321), (0, -3.5460048, -10.913195), (0.81961197, -3.5369477, -10.885321), (1.6268216, -3.5101871, -10.802963), (2.4101436, -3.4669054, -10.669759), (3.1597726, -3.408915, -10.491287), (3.868086, -3.338462, -10.274461), (4.5298433, -3.2580087, -10.026857), (5.142112, -3.170033, -9.7561035), (5.703993, -3.0768712, -9.469388), (6.2162333, -2.98061, -9.173134), (6.680805, -2.8830297, -8.872821), (7.1005077, -2.785589, -8.572937), (7.478631, -2.6894357, -8.277016), (-7.5701504, -2.0417607, -8.378305), (-7.1938496, -2.1166558, -8.685636), (-6.7750144, -2.1927636, -8.997941), (-6.310063, -2.2691998, -9.311596), (-5.7958784, -2.3448274, -9.62193), (-5.23017, -2.4182396, -9.923176), (-4.611901, -2.4877706, -10.208493), (-3.9417603, -2.5515366, -10.470156), (-3.2226, -2.607522, -10.69989), (-2.459761, -2.6537087, -10.889416), (-1.6611812, -2.6882436, -11.031129), (-0.8371963, -2.709623, -11.118858), (0, -2.7168636, -11.14857), (0.8371963, -2.709623, -11.118858), (1.6611812, -2.6882436, -11.031129), (2.459761, -2.6537087, -10.889416), (3.2226, -2.607522, -10.69989), (3.9417603, -2.5515366, -10.470156), (4.611901, -2.4877706, -10.208493), (5.23017, -2.4182396, -9.923176), (5.7958784, -2.3448274, -9.62193), (6.310063, -2.2691998, -9.311596), (6.7750144, -2.1927636, -8.997941), (7.1938496, -2.1166558, -8.685636), (7.5701504, -2.0417607, -8.378305), (-7.637618, -1.3733051, -8.452975), (-7.2628226, -1.4246333, -8.768911), (-6.8448, -1.4769001, -9.090624), (-6.3797464, -1.5295062, -9.414426), (-5.8642983, -1.581672, -9.735517), (-5.2959123, -1.6324245, -10.047909), (-4.6733217, -1.6806015, -10.344448), (-3.9970393, -1.7248794, -10.616988), (-3.2698426, -1.763832, -10.856749), (-2.497139, -1.7960225, -11.054889), (-1.687101, -1.8201258, -11.20325), (-0.8504728, -1.8350621, -11.295185), (0, -1.8401232, -11.326338), (0.8504728, -1.8350621, -11.295185), (1.687101, -1.8201258, -11.20325), (2.497139, -1.7960225, -11.054889), (3.2698426, -1.763832, -10.856749), (3.9970393, -1.7248794, -10.616988), (4.6733217, -1.6806015, -10.344448), (5.2959123, -1.6324245, -10.047909), (5.8642983, -1.581672, -9.735517), (6.3797464, -1.5295062, -9.414426), (6.8448, -1.4769001, -9.090624), (7.2628226, -1.4246333, -8.768911), (7.637618, -1.3733051, -8.452975), (-7.6789746, -0.6903707, -8.498748), (-7.3051705, -0.71647, -8.820041), (-6.8877215, -0.74308056, -9.147628), (-6.4226813, -0.7698998, -9.477784), (-5.9065323, -0.79653144, -9.805631), (-5.3365684, -0.8224782, -10.125045), (-4.7113733, -0.8471427, -10.428676), (-4.0313444, -0.8698417, -10.70811), (-3.2992055, -0.8898355, -10.954242), (-2.5204005, -0.90637654, -11.157868), (-1.7032477, -0.9187728, -11.310472), (-0.8587485, -0.92645925, -11.405095), (0, -0.9290646, -11.437168), (0.8587485, -0.92645925, -11.405095), (1.7032477, -0.9187728, -11.310472), (2.5204005, -0.90637654, -11.157868), (3.2992055, -0.8898355, -10.954242), (4.0313444, -0.8698417, -10.70811), (4.7113733, -0.8471427, -10.428676), (5.3365684, -0.8224782, -10.125045), (5.9065323, -0.79653144, -9.805631), (6.4226813, -0.7698998, -9.477784), (6.8877215, -0.74308056, -9.147628), (7.3051705, -0.71647, -8.820041), (7.6789746, -0.6903707, -8.498748), (-7.69291, 0, -8.514171), (-7.3194523, 0, -8.837284), (-6.902209, 0, -9.166869), (-6.4371867, 0, -9.499189), (-5.920814, 0, -9.82934), (-5.35033, 0, -10.1511545), (-4.724265, 0, -10.457212), (-4.042977, 0, -10.739009), (-3.3091705, 0, -10.987328), (-2.5283, 0, -11.192841), (-1.7087338, 0, -11.346903), (-0.8615612, 0, -11.442451), (0, 0, -11.474841), (0.8615612, 0, -11.442451), (1.7087338, 0, -11.346903), (2.5283, 0, -11.192841), (3.3091705, 0, -10.987328), (4.042977, 0, -10.739009), (4.724265, 0, -10.457212), (5.35033, 0, -10.1511545), (5.920814, 0, -9.82934), (6.4371867, 0, -9.499189), (6.902209, 0, -9.166869), (7.3194523, 0, -8.837284), (7.69291, 0, -8.514171), (-7.6789746, 0.6903707, -8.498748), (-7.3051705, 0.71647, -8.820041), (-6.8877215, 0.74308056, -9.147628), (-6.4226813, 0.7698998, -9.477784), (-5.9065323, 0.79653144, -9.805631), (-5.3365684, 0.8224782, -10.125045), (-4.7113733, 0.8471427, -10.428676), (-4.0313444, 0.8698417, -10.70811), (-3.2992055, 0.8898355, -10.954242), (-2.5204005, 0.90637654, -11.157868), (-1.7032477, 0.9187728, -11.310472), (-0.8587485, 0.92645925, -11.405095), (0, 0.9290646, -11.437168), (0.8587485, 0.92645925, -11.405095), (1.7032477, 0.9187728, -11.310472), (2.5204005, 0.90637654, -11.157868), (3.2992055, 0.8898355, -10.954242), (4.0313444, 0.8698417, -10.70811), (4.7113733, 0.8471427, -10.428676), (5.3365684, 0.8224782, -10.125045), (5.9065323, 0.79653144, -9.805631), (6.4226813, 0.7698998, -9.477784), (6.8877215, 0.74308056, -9.147628), (7.3051705, 0.71647, -8.820041), (7.6789746, 0.6903707, -8.498748), (-7.637618, 1.3733051, -8.452975), (-7.2628226, 1.4246333, -8.768911), (-6.8448, 1.4769001, -9.090624), (-6.3797464, 1.5295062, -9.414426), (-5.8642983, 1.581672, -9.735517), (-5.2959123, 1.6324245, -10.047909), (-4.6733217, 1.6806015, -10.344448), (-3.9970393, 1.7248794, -10.616988), (-3.2698426, 1.763832, -10.856749), (-2.497139, 1.7960225, -11.054889), (-1.687101, 1.8201258, -11.20325), (-0.8504728, 1.8350621, -11.295185), (0, 1.8401232, -11.326338), (0.8504728, 1.8350621, -11.295185), (1.687101, 1.8201258, -11.20325), (2.497139, 1.7960225, -11.054889), (3.2698426, 1.763832, -10.856749), (3.9970393, 1.7248794, -10.616988), (4.6733217, 1.6806015, -10.344448), (5.2959123, 1.6324245, -10.047909), (5.8642983, 1.581672, -9.735517), (6.3797464, 1.5295062, -9.414426), (6.8448, 1.4769001, -9.090624), (7.2628226, 1.4246333, -8.768911), (7.637618, 1.3733051, -8.452975), (-7.5701504, 2.0417607, -8.378305), (-7.1938496, 2.1166558, -8.685636), (-6.7750144, 2.1927636, -8.997941), (-6.310063, 2.2691998, -9.311596), (-5.7958784, 2.3448274, -9.62193), (-5.23017, 2.4182396, -9.923176), (-4.611901, 2.4877706, -10.208493), (-3.9417603, 2.5515366, -10.470156), (-3.2226, 2.607522, -10.69989), (-2.459761, 2.6537087, -10.889416), (-1.6611812, 2.6882436, -11.031129), (-0.8371963, 2.709623, -11.118858), (0, 2.7168636, -11.14857), (0.8371963, 2.709623, -11.118858), (1.6611812, 2.6882436, -11.031129), (2.459761, 2.6537087, -10.889416), (3.2226, 2.607522, -10.69989), (3.9417603, 2.5515366, -10.470156), (4.611901, 2.4877706, -10.208493), (5.23017, 2.4182396, -9.923176), (5.7958784, 2.3448274, -9.62193), (6.310063, 2.2691998, -9.311596), (6.7750144, 2.1927636, -8.997941), (7.1938496, 2.1166558, -8.685636), (7.5701504, 2.0417607, -8.378305), (-7.478631, 2.6894357, -8.277016), (-7.1005077, 2.785589, -8.572937), (-6.680805, 2.8830297, -8.872821), (-6.2162333, 2.98061, -9.173134), (-5.703993, 3.0768712, -9.469388), (-5.142112, 3.170033, -9.7561035), (-4.5298433, 3.2580087, -10.026857), (-3.868086, 3.338462, -10.274461), (-3.1597726, 3.408915, -10.491287), (-2.4101436, 3.4669054, -10.669759), (-1.6268216, 3.5101871, -10.802963), (-0.81961197, 3.5369477, -10.885321), (0, 3.5460048, -10.913195), (0.81961197, 3.5369477, -10.885321), (1.6268216, 3.5101871, -10.802963), (2.4101436, 3.4669054, -10.669759), (3.1597726, 3.408915, -10.491287), (3.868086, 3.338462, -10.274461), (4.5298433, 3.2580087, -10.026857), (5.142112, 3.170033, -9.7561035), (5.703993, 3.0768712, -9.469388), (6.2162333, 2.98061, -9.173134), (6.680805, 2.8830297, -8.872821), (7.1005077, 2.785589, -8.572937), (7.478631, 2.6894357, -8.277016), (-7.3656983, 3.3110292, -8.152027), (-6.9856696, 3.4256713, -8.434285), (-6.565262, 3.5414605, -8.719367), (-6.1015277, 3.6570122, -9.003865), (-5.592033, 3.7705967, -9.28352), (-5.0351686, 3.8801303, -9.553201), (-4.4305053, 3.983202, -9.806972), (-3.7791643, 4.0771446, -10.038266), (-3.0841463, 4.159157, -10.240187), (-2.3505523, 4.226482, -10.405947), (-1.5856256, 4.2766237, -10.5294), (-0.79855144, 4.307579, -10.605614), (0, 4.3180475, -10.63139), (0.79855144, 4.307579, -10.605614), (1.5856256, 4.2766237, -10.5294), (2.3505523, 4.226482, -10.405947), (3.0841463, 4.159157, -10.240187), (3.7791643, 4.0771446, -10.038266), (4.4305053, 3.983202, -9.806972), (5.0351686, 3.8801303, -9.553201), (5.592033, 3.7705967, -9.28352), (6.1015277, 3.6570122, -9.003865), (6.565262, 3.5414605, -8.719367), (6.9856696, 3.4256713, -8.434285), (7.3656983, 3.3110292, -8.152027), (-7.234378, 3.9023976, -8.006687), (-6.8525996, 4.032499, -8.273621), (-6.4318633, 4.1634026, -8.5422), (-5.9695945, 4.2935243, -8.8091755), (-5.4637494, 4.420917, -9.070552), (-4.913097, 4.5432734, -9.321594), (-4.3175297, 4.657959, -9.556899), (-3.678381, 4.7620974, -9.770564), (-2.998693, 4.8527017, -9.95646), (-2.2833898, 4.926862, -10.108617), (-1.5392851, 4.9819646, -10.221673), (-0.77488923, 5.0159273, -10.291355), (0, 5.0274034, -10.314901), (0.77488923, 5.0159273, -10.291355), (1.5392851, 4.9819646, -10.221673), (2.2833898, 4.926862, -10.108617), (2.998693, 4.8527017, -9.95646), (3.678381, 4.7620974, -9.770564), (4.3175297, 4.657959, -9.556899), (4.913097, 4.5432734, -9.321594), (5.4637494, 4.420917, -9.070552), (5.9695945, 4.2935243, -8.8091755), (6.4318633, 4.1634026, -8.5422), (6.8525996, 4.032499, -8.273621), (7.234378, 3.9023976, -8.006687), (-7.0878797, 4.460602, -7.8445497), (-6.704728, 4.6030626, -8.095085), (-6.284227, 4.7458086, -8.346123), (-5.824185, 4.887098, -8.594598), (-5.3229537, 5.0248265, -8.836812), (-4.7796726, 5.1565413, -9.06845), (-4.194539, 5.279483, -9.284658), (-3.5690687, 5.3906765, -9.480207), (-2.906313, 5.487073, -9.649733), (-2.2109814, 5.5657306, -9.788063), (-1.4894277, 5.624032, -9.890594), (-0.749464, 5.659905, -9.95368), (0, 5.672016, -9.974979), (0.749464, 5.659905, -9.95368), (1.4894277, 5.624032, -9.890594), (2.2109814, 5.5657306, -9.788063), (2.906313, 5.487073, -9.649733), (3.5690687, 5.3906765, -9.480207), (4.194539, 5.279483, -9.284658), (4.7796726, 5.1565413, -9.06845), (5.3229537, 5.0248265, -8.836812), (5.824185, 4.887098, -8.594598), (6.284227, 4.7458086, -8.346123), (6.704728, 4.6030626, -8.095085), (7.0878797, 4.460602, -7.8445497)]
                                color3f[] primvars:displayColor = [(0.18333334, 0.6166667, 0.56666666)] (
                                    interpolation = "constant"
                                )
                                float[] primvars:displayOpacity = [0.3] (
                                    interpolation = "constant"
                                )
                                uniform token purpose = "guide"
                                uniform token subdivisionScheme = "none"
                            }
                        }
                    }
                }

                over "Office_Corridor_L00"
                {
                    over "sec_cam_corr_ocorr_0_1"
                    {
                        double aeco:cctv:mountHeight = 3.42

                        over "Sensor_0"
                        {
                            double aeco:cctvSensor:effectiveWidth = 7.679649793158473
                            double aeco:cctvSensor:hfov = 104
                            double aeco:cctvSensor:targetRange = 4.050184687810823
                            double aeco:cctvSensor:vfov = 76.00000000000001
                            float2 clippingRange = (0.05, 24)
                            float focalLength = 3
                            float horizontalAperture = 7.67965
                            float verticalAperture = 4.6877136
                            matrix4d xformOp:transform = ( (1, 0, 0, 0), (0, 0.8660254037844387, 0.49999999999999994, 0), (0, -0.49999999999999994, 0.8660254037844387, 0), (0, 0, -0.08, 1) )
                            uniform token[] xformOpOrder = ["xformOp:transform"]

                            def Mesh "Sector" (
                                prepend apiSchemas = ["AecoDerivedGeometryAPI", "MaterialBindingAPI"]
                            )
                            {
                                uniform token aeco:derived:approx = "tessellated"
                                uniform token aeco:derived:role = "sector"
                                string aeco:derived:source = "81a4b44f-b5f8-592c-ae43-07b198fb1c1f"
                                string aeco:derived:stamp = "usdAecoCctv derive 0.5.3"
                                uniform bool doubleSided = 1
                                float3[] extent = [(-18.912258, -14.775875, -24), (18.912258, 14.775875, 0)]
                                int[] faceVertexCounts = [4, 4, 4, 4, 4, 4, 4, 4, 4, 4, 4, 4, 4, 4, 4, 4, 4, 4, 4, 4, 4, 4, 4, 4, 4, 4, 4, 4, 4, 4, 4, 4, 4, 4, 4, 4, 4, 4, 4, 4, 4, 4, 4, 4, 4, 4, 4, 4, 4, 4, 4, 4, 4, 4, 4, 4, 4, 4, 4, 4, 4, 4, 4, 4, 4, 4, 4, 4, 4, 4, 4, 4, 4, 4, 4, 4, 4, 4, 4, 4, 4, 4, 4, 4, 4, 4, 4, 4, 4, 4, 4, 4, 4, 4, 4, 4, 4, 4, 4, 4, 4, 4, 4, 4, 4, 4, 4, 4, 4, 4, 4, 4, 4, 4, 4, 4, 4, 4, 4, 4, 4, 4, 4, 4, 4, 4, 4, 4, 4, 4, 4, 4, 4, 4, 4, 4, 4, 4, 4, 4, 4, 4, 4, 4, 4, 4, 4, 4, 4, 4, 4, 4, 4, 4, 4, 4, 4, 4, 4, 4, 4, 4, 4, 4, 4, 4, 4, 4, 4, 4, 4, 4, 4, 4, 4, 4, 4, 4, 4, 4, 4, 4, 4, 4, 4, 4, 4, 4, 4, 4, 4, 4, 4, 4, 4, 4, 4, 4, 4, 4, 4, 4, 4, 4, 4, 4, 4, 4, 4, 4, 4, 4, 4, 4, 4, 4, 4, 4, 4, 4, 4, 4, 4, 4, 4, 4, 4, 4, 4, 4, 4, 4, 4, 4, 4, 4, 4, 4, 4, 4, 4, 4, 4, 4, 4, 4, 4, 4, 4, 4, 4, 4, 4, 4, 4, 4, 4, 4, 4, 4, 4, 4, 4, 4, 4, 4, 4, 4, 4, 4, 4, 4, 4, 4, 4, 4, 4, 4, 4, 4, 4, 4, 4, 4, 4, 4, 4, 4, 4, 4, 4, 4, 4, 4, 4, 4, 4, 4, 4, 4, 4, 4, 4, 4, 4, 4, 4, 4, 4, 4, 4, 4, 4, 4, 4, 4, 4, 4, 4, 4, 4, 4, 4, 4, 4, 4, 4, 4, 4, 4, 4, 4, 4, 4, 4, 4, 3, 3, 3, 3, 3, 3, 3, 3, 3, 3, 3, 3, 3, 3, 3, 3, 3, 3, 3, 3, 3, 3, 3, 3, 3, 3, 3, 3, 3, 3, 3, 3, 3, 3, 3, 3, 3, 3, 3, 3, 3, 3, 3, 3, 3, 3, 3, 3, 3, 3, 3, 3, 3, 3, 3, 3, 3, 3, 3, 3, 3, 3, 3, 3, 3, 3, 3, 3, 3, 3, 3, 3, 3, 3, 3, 3]
                                int[] faceVertexIndices = [1, 26, 27, 2, 2, 27, 28, 3, 3, 28, 29, 4, 4, 29, 30, 5, 5, 30, 31, 6, 6, 31, 32, 7, 7, 32, 33, 8, 8, 33, 34, 9, 9, 34, 35, 10, 10, 35, 36, 11, 11, 36, 37, 12, 12, 37, 38, 13, 13, 38, 39, 14, 14, 39, 40, 15, 15, 40, 41, 16, 16, 41, 42, 17, 17, 42, 43, 18, 18, 43, 44, 19, 19, 44, 45, 20, 20, 45, 46, 21, 21, 46, 47, 22, 22, 47, 48, 23, 23, 48, 49, 24, 24, 49, 50, 25, 26, 51, 52, 27, 27, 52, 53, 28, 28, 53, 54, 29, 29, 54, 55, 30, 30, 55, 56, 31, 31, 56, 57, 32, 32, 57, 58, 33, 33, 58, 59, 34, 34, 59, 60, 35, 35, 60, 61, 36, 36, 61, 62, 37, 37, 62, 63, 38, 38, 63, 64, 39, 39, 64, 65, 40, 40, 65, 66, 41, 41, 66, 67, 42, 42, 67, 68, 43, 43, 68, 69, 44, 44, 69, 70, 45, 45, 70, 71, 46, 46, 71, 72, 47, 47, 72, 73, 48, 48, 73, 74, 49, 49, 74, 75, 50, 51, 76, 77, 52, 52, 77, 78, 53, 53, 78, 79, 54, 54, 79, 80, 55, 55, 80, 81, 56, 56, 81, 82, 57, 57, 82, 83, 58, 58, 83, 84, 59, 59, 84, 85, 60, 60, 85, 86, 61, 61, 86, 87, 62, 62, 87, 88, 63, 63, 88, 89, 64, 64, 89, 90, 65, 65, 90, 91, 66, 66, 91, 92, 67, 67, 92, 93, 68, 68, 93, 94, 69, 69, 94, 95, 70, 70, 95, 96, 71, 71, 96, 97, 72, 72, 97, 98, 73, 73, 98, 99, 74, 74, 99, 100, 75, 76, 101, 102, 77, 77, 102, 103, 78, 78, 103, 104, 79, 79, 104, 105, 80, 80, 105, 106, 81, 81, 106, 107, 82, 82, 107, 108, 83, 83, 108, 109, 84, 84, 109, 110, 85, 85, 110, 111, 86, 86, 111, 112, 87, 87, 112, 113, 88, 88, 113, 114, 89, 89, 114, 115, 90, 90, 115, 116, 91, 91, 116, 117, 92, 92, 117, 118, 93, 93, 118, 119, 94, 94, 119, 120, 95, 95, 120, 121, 96, 96, 121, 122, 97, 97, 122, 123, 98, 98, 123, 124, 99, 99, 124, 125, 100, 101, 126, 127, 102, 102, 127, 128, 103, 103, 128, 129, 104, 104, 129, 130, 105, 105, 130, 131, 106, 106, 131, 132, 107, 107, 132, 133, 108, 108, 133, 134, 109, 109, 134, 135, 110, 110, 135, 136, 111, 111, 136, 137, 112, 112, 137, 138, 113, 113, 138, 139, 114, 114, 139, 140, 115, 115, 140, 141, 116, 116, 141, 142, 117, 117, 142, 143, 118, 118, 143, 144, 119, 119, 144, 145, 120, 120, 145, 146, 121, 121, 146, 147, 122, 122, 147, 148, 123, 123, 148, 149, 124, 124, 149, 150, 125, 126, 151, 152, 127, 127, 152, 153, 128, 128, 153, 154, 129, 129, 154, 155, 130, 130, 155, 156, 131, 131, 156, 157, 132, 132, 157, 158, 133, 133, 158, 159, 134, 134, 159, 160, 135, 135, 160, 161, 136, 136, 161, 162, 137, 137, 162, 163, 138, 138, 163, 164, 139, 139, 164, 165, 140, 140, 165, 166, 141, 141, 166, 167, 142, 142, 167, 168, 143, 143, 168, 169, 144, 144, 169, 170, 145, 145, 170, 171, 146, 146, 171, 172, 147, 147, 172, 173, 148, 148, 173, 174, 149, 149, 174, 175, 150, 151, 176, 177, 152, 152, 177, 178, 153, 153, 178, 179, 154, 154, 179, 180, 155, 155, 180, 181, 156, 156, 181, 182, 157, 157, 182, 183, 158, 158, 183, 184, 159, 159, 184, 185, 160, 160, 185, 186, 161, 161, 186, 187, 162, 162, 187, 188, 163, 163, 188, 189, 164, 164, 189, 190, 165, 165, 190, 191, 166, 166, 191, 192, 167, 167, 192, 193, 168, 168, 193, 194, 169, 169, 194, 195, 170, 170, 195, 196, 171, 171, 196, 197, 172, 172, 197, 198, 173, 173, 198, 199, 174, 174, 199, 200, 175, 176, 201, 202, 177, 177, 202, 203, 178, 178, 203, 204, 179, 179, 204, 205, 180, 180, 205, 206, 181, 181, 206, 207, 182, 182, 207, 208, 183, 183, 208, 209, 184, 184, 209, 210, 185, 185, 210, 211, 186, 186, 211, 212, 187, 187, 212, 213, 188, 188, 213, 214, 189, 189, 214, 215, 190, 190, 215, 216, 191, 191, 216, 217, 192, 192, 217, 218, 193, 193, 218, 219, 194, 194, 219, 220, 195, 195, 220, 221, 196, 196, 221, 222, 197, 197, 222, 223, 198, 198, 223, 224, 199, 199, 224, 225, 200, 201, 226, 227, 202, 202, 227, 228, 203, 203, 228, 229, 204, 204, 229, 230, 205, 205, 230, 231, 206, 206, 231, 232, 207, 207, 232, 233, 208, 208, 233, 234, 209, 209, 234, 235, 210, 210, 235, 236, 211, 211, 236, 237, 212, 212, 237, 238, 213, 213, 238, 239, 214, 214, 239, 240, 215, 215, 240, 241, 216, 216, 241, 242, 217, 217, 242, 243, 218, 218, 243, 244, 219, 219, 244, 245, 220, 220, 245, 246, 221, 221, 246, 247, 222, 222, 247, 248, 223, 223, 248, 249, 224, 224, 249, 250, 225, 226, 251, 252, 227, 227, 252, 253, 228, 228, 253, 254, 229, 229, 254, 255, 230, 230, 255, 256, 231, 231, 256, 257, 232, 232, 257, 258, 233, 233, 258, 259, 234, 234, 259, 260, 235, 235, 260, 261, 236, 236, 261, 262, 237, 237, 262, 263, 238, 238, 263, 264, 239, 239, 264, 265, 240, 240, 265, 266, 241, 241, 266, 267, 242, 242, 267, 268, 243, 243, 268, 269, 244, 244, 269, 270, 245, 245, 270, 271, 246, 246, 271, 272, 247, 247, 272, 273, 248, 248, 273, 274, 249, 249, 274, 275, 250, 251, 276, 277, 252, 252, 277, 278, 253, 253, 278, 279, 254, 254, 279, 280, 255, 255, 280, 281, 256, 256, 281, 282, 257, 257, 282, 283, 258, 258, 283, 284, 259, 259, 284, 285, 260, 260, 285, 286, 261, 261, 286, 287, 262, 262, 287, 288, 263, 263, 288, 289, 264, 264, 289, 290, 265, 265, 290, 291, 266, 266, 291, 292, 267, 267, 292, 293, 268, 268, 293, 294, 269, 269, 294, 295, 270, 270, 295, 296, 271, 271, 296, 297, 272, 272, 297, 298, 273, 273, 298, 299, 274, 274, 299, 300, 275, 276, 301, 302, 277, 277, 302, 303, 278, 278, 303, 304, 279, 279, 304, 305, 280, 280, 305, 306, 281, 281, 306, 307, 282, 282, 307, 308, 283, 283, 308, 309, 284, 284, 309, 310, 285, 285, 310, 311, 286, 286, 311, 312, 287, 287, 312, 313, 288, 288, 313, 314, 289, 289, 314, 315, 290, 290, 315, 316, 291, 291, 316, 317, 292, 292, 317, 318, 293, 293, 318, 319, 294, 294, 319, 320, 295, 295, 320, 321, 296, 296, 321, 322, 297, 297, 322, 323, 298, 298, 323, 324, 299, 299, 324, 325, 300, 301, 326, 327, 302, 302, 327, 328, 303, 303, 328, 329, 304, 304, 329, 330, 305, 305, 330, 331, 306, 306, 331, 332, 307, 307, 332, 333, 308, 308, 333, 334, 309, 309, 334, 335, 310, 310, 335, 336, 311, 311, 336, 337, 312, 312, 337, 338, 313, 313, 338, 339, 314, 314, 339, 340, 315, 315, 340, 341, 316, 316, 341, 342, 317, 317, 342, 343, 318, 318, 343, 344, 319, 319, 344, 345, 320, 320, 345, 346, 321, 321, 346, 347, 322, 322, 347, 348, 323, 323, 348, 349, 324, 324, 349, 350, 325, 326, 351, 352, 327, 327, 352, 353, 328, 328, 353, 354, 329, 329, 354, 355, 330, 330, 355, 356, 331, 331, 356, 357, 332, 332, 357, 358, 333, 333, 358, 359, 334, 334, 359, 360, 335, 335, 360, 361, 336, 336, 361, 362, 337, 337, 362, 363, 338, 338, 363, 364, 339, 339, 364, 365, 340, 340, 365, 366, 341, 341, 366, 367, 342, 342, 367, 368, 343, 343, 368, 369, 344, 344, 369, 370, 345, 345, 370, 371, 346, 346, 371, 372, 347, 347, 372, 373, 348, 348, 373, 374, 349, 349, 374, 375, 350, 0, 1, 2, 0, 2, 3, 0, 3, 4, 0, 4, 5, 0, 5, 6, 0, 6, 7, 0, 7, 8, 0, 8, 9, 0, 9, 10, 0, 10, 11, 0, 11, 12, 0, 12, 13, 0, 13, 14, 0, 14, 15, 0, 15, 16, 0, 16, 17, 0, 17, 18, 0, 18, 19, 0, 19, 20, 0, 20, 21, 0, 21, 22, 0, 22, 23, 0, 23, 24, 0, 24, 25, 0, 352, 351, 0, 353, 352, 0, 354, 353, 0, 355, 354, 0, 356, 355, 0, 357, 356, 0, 358, 357, 0, 359, 358, 0, 360, 359, 0, 361, 360, 0, 362, 361, 0, 363, 362, 0, 364, 363, 0, 365, 364, 0, 366, 365, 0, 367, 366, 0, 368, 367, 0, 369, 368, 0, 370, 369, 0, 371, 370, 0, 372, 371, 0, 373, 372, 0, 374, 373, 0, 375, 374, 0, 26, 1, 0, 51, 26, 0, 76, 51, 0, 101, 76, 0, 126, 101, 0, 151, 126, 0, 176, 151, 0, 201, 176, 0, 226, 201, 0, 251, 226, 0, 276, 251, 0, 301, 276, 0, 326, 301, 0, 351, 326, 0, 25, 50, 0, 50, 75, 0, 75, 100, 0, 100, 125, 0, 125, 150, 0, 150, 175, 0, 175, 200, 0, 200, 225, 0, 225, 250, 0, 250, 275, 0, 275, 300, 0, 300, 325, 0, 325, 350, 0, 350, 375]
                                rel material:binding = </AecoCctvLooks/Sector>
                                point3f[] points = [(0, 0, 0), (-17.043133, -10.403252, -13.315555), (-16.2928, -10.849357, -13.886543), (-15.442065, -11.311138, -14.477596), (-14.478961, -11.784083, -15.082939), (-13.391824, -12.2617, -15.69426), (-12.170316, -12.735168, -16.300272), (-10.806846, -13.193154, -16.886467), (-9.298343, -13.6218605, -17.435186), (-7.6481857, -14.005524, -17.926252), (-5.867976, -14.327421, -18.338263), (-3.9786088, -14.571429, -18.65058), (-2.0101278, -14.723958, -18.845806), (0, -14.775875, -18.912258), (2.0101278, -14.723958, -18.845806), (3.9786088, -14.571429, -18.65058), (5.867976, -14.327421, -18.338263), (7.6481857, -14.005524, -17.926252), (9.298343, -13.6218605, -17.435186), (10.806846, -13.193154, -16.886467), (12.170316, -12.735168, -16.300272), (13.391824, -12.2617, -15.69426), (14.478961, -11.784083, -15.082939), (15.442065, -11.311138, -14.477596), (16.2928, -10.849357, -13.886543), (17.043133, -10.403252, -13.315555), (-17.484503, -9.148, -13.660391), (-16.753283, -9.562278, -14.279017), (-15.918218, -9.994212, -14.924009), (-14.965474, -10.440039, -15.589746), (-13.881086, -10.894006, -16.26764), (-12.652056, -11.347944, -16.94549), (-11.267968, -11.790942, -17.607004), (-9.723124, -12.209276, -18.231688), (-8.019015, -12.586796, -18.795424), (-6.166746, -12.905919, -19.271961), (-4.1887007, -13.149324, -19.63543), (-2.1186912, -13.302148, -19.863636), (0, -13.354286, -19.94149), (2.1186912, -13.302148, -19.863636), (4.1887007, -13.149324, -19.63543), (6.166746, -12.905919, -19.271961), (8.019015, -12.586796, -18.795424), (9.723124, -12.209276, -18.231688), (11.267968, -11.790942, -17.607004), (12.652056, -11.347944, -16.94549), (13.881086, -10.894006, -16.26764), (14.965474, -10.440039, -15.589746), (15.918218, -9.994212, -14.924009), (16.753283, -9.562278, -14.279017), (17.484503, -9.148, -13.660391), (-17.88602, -7.7983975, -13.974092), (-17.175001, -8.169152, -14.638453), (-16.357477, -8.558334, -15.3358345), (-15.417833, -8.963007, -16.060976), (-14.339818, -9.378352, -16.80524), (-13.107686, -9.797175, -17.555737), (-11.707971, -10.209471, -18.294538), (-10.131973, -10.602222, -18.998316), (-8.378829, -10.959639, -19.638777), (-6.458682, -11.264075, -20.184301), (-4.395112, -11.497749, -20.603027), (-2.2257254, -11.645133, -20.867128), (0, -11.695536, -20.957443), (2.2257254, -11.645133, -20.867128), (4.395112, -11.497749, -20.603027), (6.458682, -11.264075, -20.184301), (8.378829, -10.959639, -19.638777), (10.131973, -10.602222, -18.998316), (11.707971, -10.209471, -18.294538), (13.107686, -9.797175, -17.555737), (14.339818, -9.378352, -16.80524), (15.417833, -8.963007, -16.060976), (16.357477, -8.558334, -15.3358345), (17.175001, -8.169152, -14.638453), (17.88602, -7.7983975, -13.974092), (-18.235947, -6.3607736, -14.247483), (-17.54479, -6.676031, -14.953628), (-16.74525, -7.0089755, -15.699389), (-15.820109, -7.3574924, -16.480032), (-14.750986, -7.717808, -17.2871), (-13.519477, -8.08397, -18.107267), (-12.109039, -8.447366, -18.921236), (-10.507804, -8.796397, -19.703032), (-8.712227, -9.116582, -20.420212), (-6.73108, -9.391314, -21.035583), (-4.5887694, -9.603491, -21.510838), (-2.3265002, -9.737914, -21.811934), (0, -9.783992, -21.915144), (2.3265002, -9.737914, -21.811934), (4.5887694, -9.603491, -21.510838), (6.73108, -9.391314, -21.035583), (8.712227, -9.116582, -20.420212), (10.507804, -8.796397, -19.703032), (12.109039, -8.447366, -18.921236), (13.519477, -8.08397, -18.107267), (14.750986, -7.717808, -17.2871), (15.820109, -7.3574924, -16.480032), (16.74525, -7.0089755, -15.699389), (17.54479, -6.676031, -14.953628), (18.235947, -6.3607736, -14.247483), (-18.52278, -4.8456163, -14.471581), (-17.849518, -5.093988, -15.21335), (-17.066687, -5.3576374, -16.000748), (-16.155727, -5.635185, -16.82965), (-15.0964365, -5.923912, -17.691944), (-13.868041, -6.219296, -18.574116), (-12.451165, -6.514527, -19.455833), (-10.830896, -6.8001504, -20.308857), (-9.000962, -7.0640388, -21.096968), (-6.968536, -7.291962, -21.777668), (-4.7584624, -7.4689713, -22.30631), (-2.4150999, -7.5815716, -22.642593), (0, -7.6202517, -22.758114), (2.4150999, -7.5815716, -22.642593), (4.7584624, -7.4689713, -22.30631), (6.968536, -7.291962, -21.777668), (9.000962, -7.0640388, -21.096968), (10.830896, -6.8001504, -20.308857), (12.451165, -6.514527, -19.455833), (13.868041, -6.219296, -18.574116), (15.0964365, -5.923912, -17.691944), (16.155727, -5.635185, -16.82965), (17.066687, -5.3576374, -16.000748), (17.849518, -5.093988, -15.21335), (18.52278, -4.8456163, -14.471581), (-18.736149, -3.2676232, -14.638284), (-18.077166, -3.4393036, -15.407377), (-17.307957, -3.6222522, -16.22695), (-16.40897, -3.815678, -17.093458), (-15.358597, -4.0178566, -17.999176), (-14.134197, -4.2257714, -18.930592), (-12.714095, -4.434729, -19.86668), (-11.080821, -4.6380434, -20.777487), (-9.225715, -4.826951, -21.623755), (-7.1544085, -4.9909744, -22.358547), (-4.891887, -5.118932, -22.931768), (-2.4849653, -5.200597, -23.297613), (0, -5.2286997, -23.423508), (2.4849653, -5.200597, -23.297613), (4.891887, -5.118932, -22.931768), (7.1544085, -4.9909744, -22.358547), (9.225715, -4.826951, -21.623755), (11.080821, -4.6380434, -20.777487), (12.714095, -4.434729, -19.86668), (14.134197, -4.2257714, -18.930592), (15.358597, -4.0178566, -17.999176), (16.40897, -3.815678, -17.093458), (17.307957, -3.6222522, -16.22695), (18.077166, -3.4393036, -15.407377), (18.736149, -3.2676232, -14.638284), (-18.867765, -1.6452887, -14.741114), (-18.218008, -1.7330499, -15.527419), (-17.457726, -1.8267981, -16.367365), (-16.566755, -1.9261842, -17.257824), (-15.522604, -2.0303805, -18.191381), (-14.30144, -2.1378863, -19.154589), (-12.88008, -2.2463126, -20.126043), (-11.239345, -2.352198, -21.074732), (-9.368925, -2.45094, -21.95942), (-7.273335, -2.5369694, -22.73021), (-4.977539, -2.6042793, -23.333277), (-2.5299118, -2.647331, -23.719006), (0, -2.6621633, -23.851894), (2.5299118, -2.647331, -23.719006), (4.977539, -2.6042793, -23.333277), (7.273335, -2.5369694, -22.73021), (9.368925, -2.45094, -21.95942), (11.239345, -2.352198, -21.074732), (12.88008, -2.2463126, -20.126043), (14.30144, -2.1378863, -19.154589), (15.522604, -2.0303805, -18.191381), (16.566755, -1.9261842, -17.257824), (17.457726, -1.8267981, -16.367365), (18.218008, -1.7330499, -15.527419), (18.867765, -1.6452887, -14.741114), (-18.912258, 0, -14.775875), (-18.265692, 0, -15.568061), (-17.50852, 0, -16.414986), (-16.620369, 0, -17.313675), (-15.578451, 0, -18.25683), (-14.358521, 0, -19.23104), (-12.936871, 0, -20.21478), (-11.293716, 0, -21.176685), (-9.418165, 0, -22.074831), (-7.314315, 0, -22.858276), (-5.007105, 0, -23.471874), (-2.5454447, 0, -23.864634), (0, 0, -24), (2.5454447, 0, -23.864634), (5.007105, 0, -23.471874), (7.314315, 0, -22.858276), (9.418165, 0, -22.074831), (11.293716, 0, -21.176685), (12.936871, 0, -20.21478), (14.358521, 0, -19.23104), (15.578451, 0, -18.25683), (16.620369, 0, -17.313675), (17.50852, 0, -16.414986), (18.265692, 0, -15.568061), (18.912258, 0, -14.775875), (-18.867765, 1.6452887, -14.741114), (-18.218008, 1.7330499, -15.527419), (-17.457726, 1.8267981, -16.367365), (-16.566755, 1.9261842, -17.257824), (-15.522604, 2.0303805, -18.191381), (-14.30144, 2.1378863, -19.154589), (-12.88008, 2.2463126, -20.126043), (-11.239345, 2.352198, -21.074732), (-9.368925, 2.45094, -21.95942), (-7.273335, 2.5369694, -22.73021), (-4.977539, 2.6042793, -23.333277), (-2.5299118, 2.647331, -23.719006), (0, 2.6621633, -23.851894), (2.5299118, 2.647331, -23.719006), (4.977539, 2.6042793, -23.333277), (7.273335, 2.5369694, -22.73021), (9.368925, 2.45094, -21.95942), (11.239345, 2.352198, -21.074732), (12.88008, 2.2463126, -20.126043), (14.30144, 2.1378863, -19.154589), (15.522604, 2.0303805, -18.191381), (16.566755, 1.9261842, -17.257824), (17.457726, 1.8267981, -16.367365), (18.218008, 1.7330499, -15.527419), (18.867765, 1.6452887, -14.741114), (-18.736149, 3.2676232, -14.638284), (-18.077166, 3.4393036, -15.407377), (-17.307957, 3.6222522, -16.22695), (-16.40897, 3.815678, -17.093458), (-15.358597, 4.0178566, -17.999176), (-14.134197, 4.2257714, -18.930592), (-12.714095, 4.434729, -19.86668), (-11.080821, 4.6380434, -20.777487), (-9.225715, 4.826951, -21.623755), (-7.1544085, 4.9909744, -22.358547), (-4.891887, 5.118932, -22.931768), (-2.4849653, 5.200597, -23.297613), (0, 5.2286997, -23.423508), (2.4849653, 5.200597, -23.297613), (4.891887, 5.118932, -22.931768), (7.1544085, 4.9909744, -22.358547), (9.225715, 4.826951, -21.623755), (11.080821, 4.6380434, -20.777487), (12.714095, 4.434729, -19.86668), (14.134197, 4.2257714, -18.930592), (15.358597, 4.0178566, -17.999176), (16.40897, 3.815678, -17.093458), (17.307957, 3.6222522, -16.22695), (18.077166, 3.4393036, -15.407377), (18.736149, 3.2676232, -14.638284), (-18.52278, 4.8456163, -14.471581), (-17.849518, 5.093988, -15.21335), (-17.066687, 5.3576374, -16.000748), (-16.155727, 5.635185, -16.82965), (-15.0964365, 5.923912, -17.691944), (-13.868041, 6.219296, -18.574116), (-12.451165, 6.514527, -19.455833), (-10.830896, 6.8001504, -20.308857), (-9.000962, 7.0640388, -21.096968), (-6.968536, 7.291962, -21.777668), (-4.7584624, 7.4689713, -22.30631), (-2.4150999, 7.5815716, -22.642593), (0, 7.6202517, -22.758114), (2.4150999, 7.5815716, -22.642593), (4.7584624, 7.4689713, -22.30631), (6.968536, 7.291962, -21.777668), (9.000962, 7.0640388, -21.096968), (10.830896, 6.8001504, -20.308857), (12.451165, 6.514527, -19.455833), (13.868041, 6.219296, -18.574116), (15.0964365, 5.923912, -17.691944), (16.155727, 5.635185, -16.82965), (17.066687, 5.3576374, -16.000748), (17.849518, 5.093988, -15.21335), (18.52278, 4.8456163, -14.471581), (-18.235947, 6.3607736, -14.247483), (-17.54479, 6.676031, -14.953628), (-16.74525, 7.0089755, -15.699389), (-15.820109, 7.3574924, -16.480032), (-14.750986, 7.717808, -17.2871), (-13.519477, 8.08397, -18.107267), (-12.109039, 8.447366, -18.921236), (-10.507804, 8.796397, -19.703032), (-8.712227, 9.116582, -20.420212), (-6.73108, 9.391314, -21.035583), (-4.5887694, 9.603491, -21.510838), (-2.3265002, 9.737914, -21.811934), (0, 9.783992, -21.915144), (2.3265002, 9.737914, -21.811934), (4.5887694, 9.603491, -21.510838), (6.73108, 9.391314, -21.035583), (8.712227, 9.116582, -20.420212), (10.507804, 8.796397, -19.703032), (12.109039, 8.447366, -18.921236), (13.519477, 8.08397, -18.107267), (14.750986, 7.717808, -17.2871), (15.820109, 7.3574924, -16.480032), (16.74525, 7.0089755, -15.699389), (17.54479, 6.676031, -14.953628), (18.235947, 6.3607736, -14.247483), (-17.88602, 7.7983975, -13.974092), (-17.175001, 8.169152, -14.638453), (-16.357477, 8.558334, -15.3358345), (-15.417833, 8.963007, -16.060976), (-14.339818, 9.378352, -16.80524), (-13.107686, 9.797175, -17.555737), (-11.707971, 10.209471, -18.294538), (-10.131973, 10.602222, -18.998316), (-8.378829, 10.959639, -19.638777), (-6.458682, 11.264075, -20.184301), (-4.395112, 11.497749, -20.603027), (-2.2257254, 11.645133, -20.867128), (0, 11.695536, -20.957443), (2.2257254, 11.645133, -20.867128), (4.395112, 11.497749, -20.603027), (6.458682, 11.264075, -20.184301), (8.378829, 10.959639, -19.638777), (10.131973, 10.602222, -18.998316), (11.707971, 10.209471, -18.294538), (13.107686, 9.797175, -17.555737), (14.339818, 9.378352, -16.80524), (15.417833, 8.963007, -16.060976), (16.357477, 8.558334, -15.3358345), (17.175001, 8.169152, -14.638453), (17.88602, 7.7983975, -13.974092), (-17.484503, 9.148, -13.660391), (-16.753283, 9.562278, -14.279017), (-15.918218, 9.994212, -14.924009), (-14.965474, 10.440039, -15.589746), (-13.881086, 10.894006, -16.26764), (-12.652056, 11.347944, -16.94549), (-11.267968, 11.790942, -17.607004), (-9.723124, 12.209276, -18.231688), (-8.019015, 12.586796, -18.795424), (-6.166746, 12.905919, -19.271961), (-4.1887007, 13.149324, -19.63543), (-2.1186912, 13.302148, -19.863636), (0, 13.354286, -19.94149), (2.1186912, 13.302148, -19.863636), (4.1887007, 13.149324, -19.63543), (6.166746, 12.905919, -19.271961), (8.019015, 12.586796, -18.795424), (9.723124, 12.209276, -18.231688), (11.267968, 11.790942, -17.607004), (12.652056, 11.347944, -16.94549), (13.881086, 10.894006, -16.26764), (14.965474, 10.440039, -15.589746), (15.918218, 9.994212, -14.924009), (16.753283, 9.562278, -14.279017), (17.484503, 9.148, -13.660391), (-17.043133, 10.403252, -13.315555), (-16.2928, 10.849357, -13.886543), (-15.442065, 11.311138, -14.477596), (-14.478961, 11.784083, -15.082939), (-13.391824, 12.2617, -15.69426), (-12.170316, 12.735168, -16.300272), (-10.806846, 13.193154, -16.886467), (-9.298343, 13.6218605, -17.435186), (-7.6481857, 14.005524, -17.926252), (-5.867976, 14.327421, -18.338263), (-3.9786088, 14.571429, -18.65058), (-2.0101278, 14.723958, -18.845806), (0, 14.775875, -18.912258), (2.0101278, 14.723958, -18.845806), (3.9786088, 14.571429, -18.65058), (5.867976, 14.327421, -18.338263), (7.6481857, 14.005524, -17.926252), (9.298343, 13.6218605, -17.435186), (10.806846, 13.193154, -16.886467), (12.170316, 12.735168, -16.300272), (13.391824, 12.2617, -15.69426), (14.478961, 11.784083, -15.082939), (15.442065, 11.311138, -14.477596), (16.2928, 10.849357, -13.886543), (17.043133, 10.403252, -13.315555)]
                                color3f[] primvars:displayColor = [(0, 0.85, 0.95)] (
                                    interpolation = "constant"
                                )
                                float[] primvars:displayOpacity = [0.3] (
                                    interpolation = "constant"
                                )
                                uniform token purpose = "guide"
                                uniform token subdivisionScheme = "none"
                            }

                            def Mesh "Shell_identify" (
                                prepend apiSchemas = ["AecoDerivedGeometryAPI", "MaterialBindingAPI"]
                            )
                            {
                                uniform token aeco:derived:approx = "tessellated"
                                uniform token aeco:derived:role = "coverage"
                                string aeco:derived:source = "81a4b44f-b5f8-592c-ae43-07b198fb1c1f"
                                string aeco:derived:stamp = "usdAecoCctv derive 0.5.3"
                                uniform bool doubleSided = 1
                                float3[] extent = [(-3.191589, -2.4935427, -4.0501847), (3.191589, 2.4935427, 0)]
                                int[] faceVertexCounts = [4, 4, 4, 4, 4, 4, 4, 4, 4, 4, 4, 4, 4, 4, 4, 4, 4, 4, 4, 4, 4, 4, 4, 4, 4, 4, 4, 4, 4, 4, 4, 4, 4, 4, 4, 4, 4, 4, 4, 4, 4, 4, 4, 4, 4, 4, 4, 4, 4, 4, 4, 4, 4, 4, 4, 4, 4, 4, 4, 4, 4, 4, 4, 4, 4, 4, 4, 4, 4, 4, 4, 4, 4, 4, 4, 4, 4, 4, 4, 4, 4, 4, 4, 4, 4, 4, 4, 4, 4, 4, 4, 4, 4, 4, 4, 4, 4, 4, 4, 4, 4, 4, 4, 4, 4, 4, 4, 4, 4, 4, 4, 4, 4, 4, 4, 4, 4, 4, 4, 4, 4, 4, 4, 4, 4, 4, 4, 4, 4, 4, 4, 4, 4, 4, 4, 4, 4, 4, 4, 4, 4, 4, 4, 4, 4, 4, 4, 4, 4, 4, 4, 4, 4, 4, 4, 4, 4, 4, 4, 4, 4, 4, 4, 4, 4, 4, 4, 4, 4, 4, 4, 4, 4, 4, 4, 4, 4, 4, 4, 4, 4, 4, 4, 4, 4, 4, 4, 4, 4, 4, 4, 4, 4, 4, 4, 4, 4, 4, 4, 4, 4, 4, 4, 4, 4, 4, 4, 4, 4, 4, 4, 4, 4, 4, 4, 4, 4, 4, 4, 4, 4, 4, 4, 4, 4, 4, 4, 4, 4, 4, 4, 4, 4, 4, 4, 4, 4, 4, 4, 4, 4, 4, 4, 4, 4, 4, 4, 4, 4, 4, 4, 4, 4, 4, 4, 4, 4, 4, 4, 4, 4, 4, 4, 4, 4, 4, 4, 4, 4, 4, 4, 4, 4, 4, 4, 4, 4, 4, 4, 4, 4, 4, 4, 4, 4, 4, 4, 4, 4, 4, 4, 4, 4, 4, 4, 4, 4, 4, 4, 4, 4, 4, 4, 4, 4, 4, 4, 4, 4, 4, 4, 4, 4, 4, 4, 4, 4, 4, 4, 4, 4, 4, 4, 4, 4, 4, 4, 4, 4, 4, 4, 4, 4, 4, 4, 4, 3, 3, 3, 3, 3, 3, 3, 3, 3, 3, 3, 3, 3, 3, 3, 3, 3, 3, 3, 3, 3, 3, 3, 3, 3, 3, 3, 3, 3, 3, 3, 3, 3, 3, 3, 3, 3, 3, 3, 3, 3, 3, 3, 3, 3, 3, 3, 3, 3, 3, 3, 3, 3, 3, 3, 3, 3, 3, 3, 3, 3, 3, 3, 3, 3, 3, 3, 3, 3, 3, 3, 3, 3, 3, 3, 3]
                                int[] faceVertexIndices = [1, 26, 27, 2, 2, 27, 28, 3, 3, 28, 29, 4, 4, 29, 30, 5, 5, 30, 31, 6, 6, 31, 32, 7, 7, 32, 33, 8, 8, 33, 34, 9, 9, 34, 35, 10, 10, 35, 36, 11, 11, 36, 37, 12, 12, 37, 38, 13, 13, 38, 39, 14, 14, 39, 40, 15, 15, 40, 41, 16, 16, 41, 42, 17, 17, 42, 43, 18, 18, 43, 44, 19, 19, 44, 45, 20, 20, 45, 46, 21, 21, 46, 47, 22, 22, 47, 48, 23, 23, 48, 49, 24, 24, 49, 50, 25, 26, 51, 52, 27, 27, 52, 53, 28, 28, 53, 54, 29, 29, 54, 55, 30, 30, 55, 56, 31, 31, 56, 57, 32, 32, 57, 58, 33, 33, 58, 59, 34, 34, 59, 60, 35, 35, 60, 61, 36, 36, 61, 62, 37, 37, 62, 63, 38, 38, 63, 64, 39, 39, 64, 65, 40, 40, 65, 66, 41, 41, 66, 67, 42, 42, 67, 68, 43, 43, 68, 69, 44, 44, 69, 70, 45, 45, 70, 71, 46, 46, 71, 72, 47, 47, 72, 73, 48, 48, 73, 74, 49, 49, 74, 75, 50, 51, 76, 77, 52, 52, 77, 78, 53, 53, 78, 79, 54, 54, 79, 80, 55, 55, 80, 81, 56, 56, 81, 82, 57, 57, 82, 83, 58, 58, 83, 84, 59, 59, 84, 85, 60, 60, 85, 86, 61, 61, 86, 87, 62, 62, 87, 88, 63, 63, 88, 89, 64, 64, 89, 90, 65, 65, 90, 91, 66, 66, 91, 92, 67, 67, 92, 93, 68, 68, 93, 94, 69, 69, 94, 95, 70, 70, 95, 96, 71, 71, 96, 97, 72, 72, 97, 98, 73, 73, 98, 99, 74, 74, 99, 100, 75, 76, 101, 102, 77, 77, 102, 103, 78, 78, 103, 104, 79, 79, 104, 105, 80, 80, 105, 106, 81, 81, 106, 107, 82, 82, 107, 108, 83, 83, 108, 109, 84, 84, 109, 110, 85, 85, 110, 111, 86, 86, 111, 112, 87, 87, 112, 113, 88, 88, 113, 114, 89, 89, 114, 115, 90, 90, 115, 116, 91, 91, 116, 117, 92, 92, 117, 118, 93, 93, 118, 119, 94, 94, 119, 120, 95, 95, 120, 121, 96, 96, 121, 122, 97, 97, 122, 123, 98, 98, 123, 124, 99, 99, 124, 125, 100, 101, 126, 127, 102, 102, 127, 128, 103, 103, 128, 129, 104, 104, 129, 130, 105, 105, 130, 131, 106, 106, 131, 132, 107, 107, 132, 133, 108, 108, 133, 134, 109, 109, 134, 135, 110, 110, 135, 136, 111, 111, 136, 137, 112, 112, 137, 138, 113, 113, 138, 139, 114, 114, 139, 140, 115, 115, 140, 141, 116, 116, 141, 142, 117, 117, 142, 143, 118, 118, 143, 144, 119, 119, 144, 145, 120, 120, 145, 146, 121, 121, 146, 147, 122, 122, 147, 148, 123, 123, 148, 149, 124, 124, 149, 150, 125, 126, 151, 152, 127, 127, 152, 153, 128, 128, 153, 154, 129, 129, 154, 155, 130, 130, 155, 156, 131, 131, 156, 157, 132, 132, 157, 158, 133, 133, 158, 159, 134, 134, 159, 160, 135, 135, 160, 161, 136, 136, 161, 162, 137, 137, 162, 163, 138, 138, 163, 164, 139, 139, 164, 165, 140, 140, 165, 166, 141, 141, 166, 167, 142, 142, 167, 168, 143, 143, 168, 169, 144, 144, 169, 170, 145, 145, 170, 171, 146, 146, 171, 172, 147, 147, 172, 173, 148, 148, 173, 174, 149, 149, 174, 175, 150, 151, 176, 177, 152, 152, 177, 178, 153, 153, 178, 179, 154, 154, 179, 180, 155, 155, 180, 181, 156, 156, 181, 182, 157, 157, 182, 183, 158, 158, 183, 184, 159, 159, 184, 185, 160, 160, 185, 186, 161, 161, 186, 187, 162, 162, 187, 188, 163, 163, 188, 189, 164, 164, 189, 190, 165, 165, 190, 191, 166, 166, 191, 192, 167, 167, 192, 193, 168, 168, 193, 194, 169, 169, 194, 195, 170, 170, 195, 196, 171, 171, 196, 197, 172, 172, 197, 198, 173, 173, 198, 199, 174, 174, 199, 200, 175, 176, 201, 202, 177, 177, 202, 203, 178, 178, 203, 204, 179, 179, 204, 205, 180, 180, 205, 206, 181, 181, 206, 207, 182, 182, 207, 208, 183, 183, 208, 209, 184, 184, 209, 210, 185, 185, 210, 211, 186, 186, 211, 212, 187, 187, 212, 213, 188, 188, 213, 214, 189, 189, 214, 215, 190, 190, 215, 216, 191, 191, 216, 217, 192, 192, 217, 218, 193, 193, 218, 219, 194, 194, 219, 220, 195, 195, 220, 221, 196, 196, 221, 222, 197, 197, 222, 223, 198, 198, 223, 224, 199, 199, 224, 225, 200, 201, 226, 227, 202, 202, 227, 228, 203, 203, 228, 229, 204, 204, 229, 230, 205, 205, 230, 231, 206, 206, 231, 232, 207, 207, 232, 233, 208, 208, 233, 234, 209, 209, 234, 235, 210, 210, 235, 236, 211, 211, 236, 237, 212, 212, 237, 238, 213, 213, 238, 239, 214, 214, 239, 240, 215, 215, 240, 241, 216, 216, 241, 242, 217, 217, 242, 243, 218, 218, 243, 244, 219, 219, 244, 245, 220, 220, 245, 246, 221, 221, 246, 247, 222, 222, 247, 248, 223, 223, 248, 249, 224, 224, 249, 250, 225, 226, 251, 252, 227, 227, 252, 253, 228, 228, 253, 254, 229, 229, 254, 255, 230, 230, 255, 256, 231, 231, 256, 257, 232, 232, 257, 258, 233, 233, 258, 259, 234, 234, 259, 260, 235, 235, 260, 261, 236, 236, 261, 262, 237, 237, 262, 263, 238, 238, 263, 264, 239, 239, 264, 265, 240, 240, 265, 266, 241, 241, 266, 267, 242, 242, 267, 268, 243, 243, 268, 269, 244, 244, 269, 270, 245, 245, 270, 271, 246, 246, 271, 272, 247, 247, 272, 273, 248, 248, 273, 274, 249, 249, 274, 275, 250, 251, 276, 277, 252, 252, 277, 278, 253, 253, 278, 279, 254, 254, 279, 280, 255, 255, 280, 281, 256, 256, 281, 282, 257, 257, 282, 283, 258, 258, 283, 284, 259, 259, 284, 285, 260, 260, 285, 286, 261, 261, 286, 287, 262, 262, 287, 288, 263, 263, 288, 289, 264, 264, 289, 290, 265, 265, 290, 291, 266, 266, 291, 292, 267, 267, 292, 293, 268, 268, 293, 294, 269, 269, 294, 295, 270, 270, 295, 296, 271, 271, 296, 297, 272, 272, 297, 298, 273, 273, 298, 299, 274, 274, 299, 300, 275, 276, 301, 302, 277, 277, 302, 303, 278, 278, 303, 304, 279, 279, 304, 305, 280, 280, 305, 306, 281, 281, 306, 307, 282, 282, 307, 308, 283, 283, 308, 309, 284, 284, 309, 310, 285, 285, 310, 311, 286, 286, 311, 312, 287, 287, 312, 313, 288, 288, 313, 314, 289, 289, 314, 315, 290, 290, 315, 316, 291, 291, 316, 317, 292, 292, 317, 318, 293, 293, 318, 319, 294, 294, 319, 320, 295, 295, 320, 321, 296, 296, 321, 322, 297, 297, 322, 323, 298, 298, 323, 324, 299, 299, 324, 325, 300, 301, 326, 327, 302, 302, 327, 328, 303, 303, 328, 329, 304, 304, 329, 330, 305, 305, 330, 331, 306, 306, 331, 332, 307, 307, 332, 333, 308, 308, 333, 334, 309, 309, 334, 335, 310, 310, 335, 336, 311, 311, 336, 337, 312, 312, 337, 338, 313, 313, 338, 339, 314, 314, 339, 340, 315, 315, 340, 341, 316, 316, 341, 342, 317, 317, 342, 343, 318, 318, 343, 344, 319, 319, 344, 345, 320, 320, 345, 346, 321, 321, 346, 347, 322, 322, 347, 348, 323, 323, 348, 349, 324, 324, 349, 350, 325, 326, 351, 352, 327, 327, 352, 353, 328, 328, 353, 354, 329, 329, 354, 355, 330, 330, 355, 356, 331, 331, 356, 357, 332, 332, 357, 358, 333, 333, 358, 359, 334, 334, 359, 360, 335, 335, 360, 361, 336, 336, 361, 362, 337, 337, 362, 363, 338, 338, 363, 364, 339, 339, 364, 365, 340, 340, 365, 366, 341, 341, 366, 367, 342, 342, 367, 368, 343, 343, 368, 369, 344, 344, 369, 370, 345, 345, 370, 371, 346, 346, 371, 372, 347, 347, 372, 373, 348, 348, 373, 374, 349, 349, 374, 375, 350, 0, 1, 2, 0, 2, 3, 0, 3, 4, 0, 4, 5, 0, 5, 6, 0, 6, 7, 0, 7, 8, 0, 8, 9, 0, 9, 10, 0, 10, 11, 0, 11, 12, 0, 12, 13, 0, 13, 14, 0, 14, 15, 0, 15, 16, 0, 16, 17, 0, 17, 18, 0, 18, 19, 0, 19, 20, 0, 20, 21, 0, 21, 22, 0, 22, 23, 0, 23, 24, 0, 24, 25, 0, 352, 351, 0, 353, 352, 0, 354, 353, 0, 355, 354, 0, 356, 355, 0, 357, 356, 0, 358, 357, 0, 359, 358, 0, 360, 359, 0, 361, 360, 0, 362, 361, 0, 363, 362, 0, 364, 363, 0, 365, 364, 0, 366, 365, 0, 367, 366, 0, 368, 367, 0, 369, 368, 0, 370, 369, 0, 371, 370, 0, 372, 371, 0, 373, 372, 0, 374, 373, 0, 375, 374, 0, 26, 1, 0, 51, 26, 0, 76, 51, 0, 101, 76, 0, 126, 101, 0, 151, 126, 0, 176, 151, 0, 201, 176, 0, 226, 201, 0, 251, 226, 0, 276, 251, 0, 301, 276, 0, 326, 301, 0, 351, 326, 0, 25, 50, 0, 50, 75, 0, 75, 100, 0, 100, 125, 0, 125, 150, 0, 150, 175, 0, 175, 200, 0, 200, 225, 0, 225, 250, 0, 250, 275, 0, 275, 300, 0, 300, 325, 0, 325, 350, 0, 350, 375]
                                rel material:binding = </AecoCctvLooks/Shell_identify>
                                point3f[] points = [(0, 0, 0), (-2.8761597, -1.7556287, -2.2471023), (-2.7495356, -1.8309125, -2.343461), (-2.6059673, -1.9088415, -2.4432058), (-2.4434361, -1.9886547, -2.545362), (-2.2599733, -2.069256, -2.6485271), (-2.0538344, -2.1491578, -2.7507966), (-1.8237385, -2.2264462, -2.8497212), (-1.5691668, -2.2987938, -2.942322), (-1.2906902, -2.36354, -3.0251932), (-0.99026614, -2.4178624, -3.094723), (-0.6714209, -2.4590409, -3.1474288), (-0.33922452, -2.4847813, -3.1803749), (0, -2.4935427, -3.191589), (0.33922452, -2.4847813, -3.1803749), (0.6714209, -2.4590409, -3.1474288), (0.99026614, -2.4178624, -3.094723), (1.2906902, -2.36354, -3.0251932), (1.5691668, -2.2987938, -2.942322), (1.8237385, -2.2264462, -2.8497212), (2.0538344, -2.1491578, -2.7507966), (2.2599733, -2.069256, -2.6485271), (2.4434361, -1.9886547, -2.545362), (2.6059673, -1.9088415, -2.4432058), (2.7495356, -1.8309125, -2.343461), (2.8761597, -1.7556287, -2.2471023), (-2.9506443, -1.5437953, -2.305296), (-2.8272455, -1.613708, -2.4096942), (-2.6863217, -1.6866002, -2.5185416), (-2.525539, -1.7618368, -2.6308897), (-2.34254, -1.8384472, -2.7452893), (-2.1351318, -1.9150529, -2.8596818), (-1.9015564, -1.9898121, -2.9713173), (-1.6408519, -2.0604093, -3.0767376), (-1.3532705, -2.1241186, -3.1718724), (-1.0406859, -2.1779733, -3.2522917), (-0.70687544, -2.2190497, -3.3136296), (-0.35754544, -2.24484, -3.3521414), (0, -2.2536385, -3.36528), (0.35754544, -2.24484, -3.3521414), (0.70687544, -2.2190497, -3.3136296), (1.0406859, -2.1779733, -3.2522917), (1.3532705, -2.1241186, -3.1718724), (1.6408519, -2.0604093, -3.0767376), (1.9015564, -1.9898121, -2.9713173), (2.1351318, -1.9150529, -2.8596818), (2.34254, -1.8384472, -2.7452893), (2.525539, -1.7618368, -2.6308897), (2.6863217, -1.6866002, -2.5185416), (2.8272455, -1.613708, -2.4096942), (2.9506443, -1.5437953, -2.305296), (-3.0184038, -1.3160397, -2.3582354), (-2.8984137, -1.3786073, -2.4703515), (-2.7604504, -1.4442847, -2.58804), (-2.601878, -1.5125763, -2.7104132), (-2.4199548, -1.5826691, -2.8360138), (-2.212023, -1.6533487, -2.9626658), (-1.9758102, -1.7229269, -3.0873442), (-1.7098484, -1.7892066, -3.206112), (-1.4139919, -1.8495233, -3.3141947), (-1.0899523, -1.9008993, -3.4062562), (-0.741709, -1.9403337, -3.4769194), (-0.3756083, -1.9652059, -3.5214884), (0, -1.9737116, -3.5367298), (0.3756083, -1.9652059, -3.5214884), (0.741709, -1.9403337, -3.4769194), (1.0899523, -1.9008993, -3.4062562), (1.4139919, -1.8495233, -3.3141947), (1.7098484, -1.7892066, -3.206112), (1.9758102, -1.7229269, -3.0873442), (2.212023, -1.6533487, -2.9626658), (2.4199548, -1.5826691, -2.8360138), (2.601878, -1.5125763, -2.7104132), (2.7604504, -1.4442847, -2.58804), (2.8984137, -1.3786073, -2.4703515), (3.0184038, -1.3160397, -2.3582354), (-3.0774565, -1.0734295, -2.4043725), (-2.9608183, -1.1266316, -2.5235398), (-2.82589, -1.1828185, -2.6493926), (-2.6697652, -1.2416335, -2.7811322), (-2.4893425, -1.3024395, -2.9173312), (-2.2815158, -1.3642322, -3.0557408), (-2.0434935, -1.425558, -3.1931043), (-1.7732729, -1.4844598, -3.3250382), (-1.4702553, -1.5384933, -3.4460678), (-1.1359215, -1.5848565, -3.5499167), (-0.77439016, -1.6206629, -3.6301196), (-0.39261478, -1.643348, -3.6809316), (0, -1.651124, -3.698349), (0.39261478, -1.643348, -3.6809316), (0.77439016, -1.6206629, -3.6301196), (1.1359215, -1.5848565, -3.5499167), (1.4702553, -1.5384933, -3.4460678), (1.7732729, -1.4844598, -3.3250382), (2.0434935, -1.425558, -3.1931043), (2.2815158, -1.3642322, -3.0557408), (2.4893425, -1.3024395, -2.9173312), (2.6697652, -1.2416335, -2.7811322), (2.82589, -1.1828185, -2.6493926), (2.9608183, -1.1266316, -2.5235398), (3.0774565, -1.0734295, -2.4043725), (-3.1258614, -0.8177351, -2.4421906), (-3.0122433, -0.85964966, -2.56737), (-2.8801346, -0.90414256, -2.7002494), (-2.7264035, -0.9509808, -2.8401332), (-2.5476398, -0.99970573, -2.9856517), (-2.3403387, -1.049554, -3.134525), (-2.10123, -1.0993766, -3.2833214), (-1.827797, -1.1475778, -3.427276), (-1.5189817, -1.1921109, -3.5602756), (-1.175994, -1.2305747, -3.675149), (-0.8030272, -1.2604464, -3.7643616), (-0.4075667, -1.2794485, -3.821112), (0, -1.2859762, -3.840607), (0.4075667, -1.2794485, -3.821112), (0.8030272, -1.2604464, -3.7643616), (1.175994, -1.2305747, -3.675149), (1.5189817, -1.1921109, -3.5602756), (1.827797, -1.1475778, -3.427276), (2.10123, -1.0993766, -3.2833214), (2.3403387, -1.049554, -3.134525), (2.5476398, -0.99970573, -2.9856517), (2.7264035, -0.9509808, -2.8401332), (2.8801346, -0.90414256, -2.7002494), (3.0122433, -0.85964966, -2.56737), (3.1258614, -0.8177351, -2.4421906), (-3.1618693, -0.55143654, -2.470323), (-3.0506608, -0.58040893, -2.6001136), (-2.920851, -0.61128294, -2.7384226), (-2.76914, -0.643925, -2.8846524), (-2.5918813, -0.6780442, -3.0374994), (-2.3852546, -0.7131314, -3.194683), (-2.1456015, -0.7483946, -3.3526552), (-1.8699738, -0.7827055, -3.5063608), (-1.5569103, -0.8145851, -3.649175), (-1.2073616, -0.84226537, -3.773177), (-0.82554364, -0.8638591, -3.8699124), (-0.41935703, -0.8776408, -3.9316514), (0, -0.88238335, -3.952897), (0.41935703, -0.8776408, -3.9316514), (0.82554364, -0.8638591, -3.8699124), (1.2073616, -0.84226537, -3.773177), (1.5569103, -0.8145851, -3.649175), (1.8699738, -0.7827055, -3.5063608), (2.1456015, -0.7483946, -3.3526552), (2.3852546, -0.7131314, -3.194683), (2.5918813, -0.6780442, -3.0374994), (2.76914, -0.643925, -2.8846524), (2.920851, -0.61128294, -2.7384226), (3.0506608, -0.58040893, -2.6001136), (3.1618693, -0.55143654, -2.470323), (-3.1840806, -0.27765512, -2.4876764), (-3.074429, -0.2924655, -2.6203713), (-2.9461255, -0.30828622, -2.7621186), (-2.7957673, -0.3250584, -2.9123905), (-2.6195588, -0.34264234, -3.0699356), (-2.4134781, -0.36078477, -3.232484), (-2.1736126, -0.37908253, -3.3964248), (-1.8967258, -0.3969515, -3.556523), (-1.5810783, -0.41361496, -3.705821), (-1.2274313, -0.4281331, -3.8358977), (-0.839998, -0.43949217, -3.9376702), (-0.42694208, -0.4467575, -4.0027647), (0, -0.44926053, -4.025191), (0.42694208, -0.4467575, -4.0027647), (0.839998, -0.43949217, -3.9376702), (1.2274313, -0.4281331, -3.8358977), (1.5810783, -0.41361496, -3.705821), (1.8967258, -0.3969515, -3.556523), (2.1736126, -0.37908253, -3.3964248), (2.4134781, -0.36078477, -3.232484), (2.6195588, -0.34264234, -3.0699356), (2.7957673, -0.3250584, -2.9123905), (2.9461255, -0.30828622, -2.7621186), (3.074429, -0.2924655, -2.6203713), (3.1840806, -0.27765512, -2.4876764), (-3.191589, 0, -2.4935427), (-3.082476, 0, -2.62723), (-2.9546974, 0, -2.7701552), (-2.8048153, 0, -2.9218159), (-2.6289835, 0, -3.0809805), (-2.423111, 0, -3.245386), (-2.1831963, 0, -3.4113998), (-1.9059016, 0, -3.5737286), (-1.5893879, 0, -3.7252977), (-1.2343469, 0, -3.85751), (-0.8449875, 0, -3.9610596), (-0.4295634, 0, -4.0273404), (0, 0, -4.0501847), (0.4295634, 0, -4.0273404), (0.8449875, 0, -3.9610596), (1.2343469, 0, -3.85751), (1.5893879, 0, -3.7252977), (1.9059016, 0, -3.5737286), (2.1831963, 0, -3.4113998), (2.423111, 0, -3.245386), (2.6289835, 0, -3.0809805), (2.8048153, 0, -2.9218159), (2.9546974, 0, -2.7701552), (3.082476, 0, -2.62723), (3.191589, 0, -2.4935427), (-3.1840806, 0.27765512, -2.4876764), (-3.074429, 0.2924655, -2.6203713), (-2.9461255, 0.30828622, -2.7621186), (-2.7957673, 0.3250584, -2.9123905), (-2.6195588, 0.34264234, -3.0699356), (-2.4134781, 0.36078477, -3.232484), (-2.1736126, 0.37908253, -3.3964248), (-1.8967258, 0.3969515, -3.556523), (-1.5810783, 0.41361496, -3.705821), (-1.2274313, 0.4281331, -3.8358977), (-0.839998, 0.43949217, -3.9376702), (-0.42694208, 0.4467575, -4.0027647), (0, 0.44926053, -4.025191), (0.42694208, 0.4467575, -4.0027647), (0.839998, 0.43949217, -3.9376702), (1.2274313, 0.4281331, -3.8358977), (1.5810783, 0.41361496, -3.705821), (1.8967258, 0.3969515, -3.556523), (2.1736126, 0.37908253, -3.3964248), (2.4134781, 0.36078477, -3.232484), (2.6195588, 0.34264234, -3.0699356), (2.7957673, 0.3250584, -2.9123905), (2.9461255, 0.30828622, -2.7621186), (3.074429, 0.2924655, -2.6203713), (3.1840806, 0.27765512, -2.4876764), (-3.1618693, 0.55143654, -2.470323), (-3.0506608, 0.58040893, -2.6001136), (-2.920851, 0.61128294, -2.7384226), (-2.76914, 0.643925, -2.8846524), (-2.5918813, 0.6780442, -3.0374994), (-2.3852546, 0.7131314, -3.194683), (-2.1456015, 0.7483946, -3.3526552), (-1.8699738, 0.7827055, -3.5063608), (-1.5569103, 0.8145851, -3.649175), (-1.2073616, 0.84226537, -3.773177), (-0.82554364, 0.8638591, -3.8699124), (-0.41935703, 0.8776408, -3.9316514), (0, 0.88238335, -3.952897), (0.41935703, 0.8776408, -3.9316514), (0.82554364, 0.8638591, -3.8699124), (1.2073616, 0.84226537, -3.773177), (1.5569103, 0.8145851, -3.649175), (1.8699738, 0.7827055, -3.5063608), (2.1456015, 0.7483946, -3.3526552), (2.3852546, 0.7131314, -3.194683), (2.5918813, 0.6780442, -3.0374994), (2.76914, 0.643925, -2.8846524), (2.920851, 0.61128294, -2.7384226), (3.0506608, 0.58040893, -2.6001136), (3.1618693, 0.55143654, -2.470323), (-3.1258614, 0.8177351, -2.4421906), (-3.0122433, 0.85964966, -2.56737), (-2.8801346, 0.90414256, -2.7002494), (-2.7264035, 0.9509808, -2.8401332), (-2.5476398, 0.99970573, -2.9856517), (-2.3403387, 1.049554, -3.134525), (-2.10123, 1.0993766, -3.2833214), (-1.827797, 1.1475778, -3.427276), (-1.5189817, 1.1921109, -3.5602756), (-1.175994, 1.2305747, -3.675149), (-0.8030272, 1.2604464, -3.7643616), (-0.4075667, 1.2794485, -3.821112), (0, 1.2859762, -3.840607), (0.4075667, 1.2794485, -3.821112), (0.8030272, 1.2604464, -3.7643616), (1.175994, 1.2305747, -3.675149), (1.5189817, 1.1921109, -3.5602756), (1.827797, 1.1475778, -3.427276), (2.10123, 1.0993766, -3.2833214), (2.3403387, 1.049554, -3.134525), (2.5476398, 0.99970573, -2.9856517), (2.7264035, 0.9509808, -2.8401332), (2.8801346, 0.90414256, -2.7002494), (3.0122433, 0.85964966, -2.56737), (3.1258614, 0.8177351, -2.4421906), (-3.0774565, 1.0734295, -2.4043725), (-2.9608183, 1.1266316, -2.5235398), (-2.82589, 1.1828185, -2.6493926), (-2.6697652, 1.2416335, -2.7811322), (-2.4893425, 1.3024395, -2.9173312), (-2.2815158, 1.3642322, -3.0557408), (-2.0434935, 1.425558, -3.1931043), (-1.7732729, 1.4844598, -3.3250382), (-1.4702553, 1.5384933, -3.4460678), (-1.1359215, 1.5848565, -3.5499167), (-0.77439016, 1.6206629, -3.6301196), (-0.39261478, 1.643348, -3.6809316), (0, 1.651124, -3.698349), (0.39261478, 1.643348, -3.6809316), (0.77439016, 1.6206629, -3.6301196), (1.1359215, 1.5848565, -3.5499167), (1.4702553, 1.5384933, -3.4460678), (1.7732729, 1.4844598, -3.3250382), (2.0434935, 1.425558, -3.1931043), (2.2815158, 1.3642322, -3.0557408), (2.4893425, 1.3024395, -2.9173312), (2.6697652, 1.2416335, -2.7811322), (2.82589, 1.1828185, -2.6493926), (2.9608183, 1.1266316, -2.5235398), (3.0774565, 1.0734295, -2.4043725), (-3.0184038, 1.3160397, -2.3582354), (-2.8984137, 1.3786073, -2.4703515), (-2.7604504, 1.4442847, -2.58804), (-2.601878, 1.5125763, -2.7104132), (-2.4199548, 1.5826691, -2.8360138), (-2.212023, 1.6533487, -2.9626658), (-1.9758102, 1.7229269, -3.0873442), (-1.7098484, 1.7892066, -3.206112), (-1.4139919, 1.8495233, -3.3141947), (-1.0899523, 1.9008993, -3.4062562), (-0.741709, 1.9403337, -3.4769194), (-0.3756083, 1.9652059, -3.5214884), (0, 1.9737116, -3.5367298), (0.3756083, 1.9652059, -3.5214884), (0.741709, 1.9403337, -3.4769194), (1.0899523, 1.9008993, -3.4062562), (1.4139919, 1.8495233, -3.3141947), (1.7098484, 1.7892066, -3.206112), (1.9758102, 1.7229269, -3.0873442), (2.212023, 1.6533487, -2.9626658), (2.4199548, 1.5826691, -2.8360138), (2.601878, 1.5125763, -2.7104132), (2.7604504, 1.4442847, -2.58804), (2.8984137, 1.3786073, -2.4703515), (3.0184038, 1.3160397, -2.3582354), (-2.9506443, 1.5437953, -2.305296), (-2.8272455, 1.613708, -2.4096942), (-2.6863217, 1.6866002, -2.5185416), (-2.525539, 1.7618368, -2.6308897), (-2.34254, 1.8384472, -2.7452893), (-2.1351318, 1.9150529, -2.8596818), (-1.9015564, 1.9898121, -2.9713173), (-1.6408519, 2.0604093, -3.0767376), (-1.3532705, 2.1241186, -3.1718724), (-1.0406859, 2.1779733, -3.2522917), (-0.70687544, 2.2190497, -3.3136296), (-0.35754544, 2.24484, -3.3521414), (0, 2.2536385, -3.36528), (0.35754544, 2.24484, -3.3521414), (0.70687544, 2.2190497, -3.3136296), (1.0406859, 2.1779733, -3.2522917), (1.3532705, 2.1241186, -3.1718724), (1.6408519, 2.0604093, -3.0767376), (1.9015564, 1.9898121, -2.9713173), (2.1351318, 1.9150529, -2.8596818), (2.34254, 1.8384472, -2.7452893), (2.525539, 1.7618368, -2.6308897), (2.6863217, 1.6866002, -2.5185416), (2.8272455, 1.613708, -2.4096942), (2.9506443, 1.5437953, -2.305296), (-2.8761597, 1.7556287, -2.2471023), (-2.7495356, 1.8309125, -2.343461), (-2.6059673, 1.9088415, -2.4432058), (-2.4434361, 1.9886547, -2.545362), (-2.2599733, 2.069256, -2.6485271), (-2.0538344, 2.1491578, -2.7507966), (-1.8237385, 2.2264462, -2.8497212), (-1.5691668, 2.2987938, -2.942322), (-1.2906902, 2.36354, -3.0251932), (-0.99026614, 2.4178624, -3.094723), (-0.6714209, 2.4590409, -3.1474288), (-0.33922452, 2.4847813, -3.1803749), (0, 2.4935427, -3.191589), (0.33922452, 2.4847813, -3.1803749), (0.6714209, 2.4590409, -3.1474288), (0.99026614, 2.4178624, -3.094723), (1.2906902, 2.36354, -3.0251932), (1.5691668, 2.2987938, -2.942322), (1.8237385, 2.2264462, -2.8497212), (2.0538344, 2.1491578, -2.7507966), (2.2599733, 2.069256, -2.6485271), (2.4434361, 1.9886547, -2.545362), (2.6059673, 1.9088415, -2.4432058), (2.7495356, 1.8309125, -2.343461), (2.8761597, 1.7556287, -2.2471023)]
                                color3f[] primvars:displayColor = [(0, 0.5, 0.45)] (
                                    interpolation = "constant"
                                )
                                float[] primvars:displayOpacity = [0.3] (
                                    interpolation = "constant"
                                )
                                uniform token purpose = "guide"
                                uniform token subdivisionScheme = "none"
                            }

                            def Mesh "Shell_recognise" (
                                prepend apiSchemas = ["AecoDerivedGeometryAPI", "MaterialBindingAPI"]
                            )
                            {
                                uniform token aeco:derived:approx = "tessellated"
                                uniform token aeco:derived:role = "coverage"
                                string aeco:derived:source = "81a4b44f-b5f8-592c-ae43-07b198fb1c1f"
                                string aeco:derived:stamp = "usdAecoCctv derive 0.5.3"
                                uniform bool doubleSided = 1
                                float3[] extent = [(-6.383178, -4.9870853, -8.100369), (6.383178, 4.9870853, 0)]
                                int[] faceVertexCounts = [4, 4, 4, 4, 4, 4, 4, 4, 4, 4, 4, 4, 4, 4, 4, 4, 4, 4, 4, 4, 4, 4, 4, 4, 4, 4, 4, 4, 4, 4, 4, 4, 4, 4, 4, 4, 4, 4, 4, 4, 4, 4, 4, 4, 4, 4, 4, 4, 4, 4, 4, 4, 4, 4, 4, 4, 4, 4, 4, 4, 4, 4, 4, 4, 4, 4, 4, 4, 4, 4, 4, 4, 4, 4, 4, 4, 4, 4, 4, 4, 4, 4, 4, 4, 4, 4, 4, 4, 4, 4, 4, 4, 4, 4, 4, 4, 4, 4, 4, 4, 4, 4, 4, 4, 4, 4, 4, 4, 4, 4, 4, 4, 4, 4, 4, 4, 4, 4, 4, 4, 4, 4, 4, 4, 4, 4, 4, 4, 4, 4, 4, 4, 4, 4, 4, 4, 4, 4, 4, 4, 4, 4, 4, 4, 4, 4, 4, 4, 4, 4, 4, 4, 4, 4, 4, 4, 4, 4, 4, 4, 4, 4, 4, 4, 4, 4, 4, 4, 4, 4, 4, 4, 4, 4, 4, 4, 4, 4, 4, 4, 4, 4, 4, 4, 4, 4, 4, 4, 4, 4, 4, 4, 4, 4, 4, 4, 4, 4, 4, 4, 4, 4, 4, 4, 4, 4, 4, 4, 4, 4, 4, 4, 4, 4, 4, 4, 4, 4, 4, 4, 4, 4, 4, 4, 4, 4, 4, 4, 4, 4, 4, 4, 4, 4, 4, 4, 4, 4, 4, 4, 4, 4, 4, 4, 4, 4, 4, 4, 4, 4, 4, 4, 4, 4, 4, 4, 4, 4, 4, 4, 4, 4, 4, 4, 4, 4, 4, 4, 4, 4, 4, 4, 4, 4, 4, 4, 4, 4, 4, 4, 4, 4, 4, 4, 4, 4, 4, 4, 4, 4, 4, 4, 4, 4, 4, 4, 4, 4, 4, 4, 4, 4, 4, 4, 4, 4, 4, 4, 4, 4, 4, 4, 4, 4, 4, 4, 4, 4, 4, 4, 4, 4, 4, 4, 4, 4, 4, 4, 4, 4, 4, 4, 4, 4, 4, 4, 3, 3, 3, 3, 3, 3, 3, 3, 3, 3, 3, 3, 3, 3, 3, 3, 3, 3, 3, 3, 3, 3, 3, 3, 3, 3, 3, 3, 3, 3, 3, 3, 3, 3, 3, 3, 3, 3, 3, 3, 3, 3, 3, 3, 3, 3, 3, 3, 3, 3, 3, 3, 3, 3, 3, 3, 3, 3, 3, 3, 3, 3, 3, 3, 3, 3, 3, 3, 3, 3, 3, 3, 3, 3, 3, 3]
                                int[] faceVertexIndices = [1, 26, 27, 2, 2, 27, 28, 3, 3, 28, 29, 4, 4, 29, 30, 5, 5, 30, 31, 6, 6, 31, 32, 7, 7, 32, 33, 8, 8, 33, 34, 9, 9, 34, 35, 10, 10, 35, 36, 11, 11, 36, 37, 12, 12, 37, 38, 13, 13, 38, 39, 14, 14, 39, 40, 15, 15, 40, 41, 16, 16, 41, 42, 17, 17, 42, 43, 18, 18, 43, 44, 19, 19, 44, 45, 20, 20, 45, 46, 21, 21, 46, 47, 22, 22, 47, 48, 23, 23, 48, 49, 24, 24, 49, 50, 25, 26, 51, 52, 27, 27, 52, 53, 28, 28, 53, 54, 29, 29, 54, 55, 30, 30, 55, 56, 31, 31, 56, 57, 32, 32, 57, 58, 33, 33, 58, 59, 34, 34, 59, 60, 35, 35, 60, 61, 36, 36, 61, 62, 37, 37, 62, 63, 38, 38, 63, 64, 39, 39, 64, 65, 40, 40, 65, 66, 41, 41, 66, 67, 42, 42, 67, 68, 43, 43, 68, 69, 44, 44, 69, 70, 45, 45, 70, 71, 46, 46, 71, 72, 47, 47, 72, 73, 48, 48, 73, 74, 49, 49, 74, 75, 50, 51, 76, 77, 52, 52, 77, 78, 53, 53, 78, 79, 54, 54, 79, 80, 55, 55, 80, 81, 56, 56, 81, 82, 57, 57, 82, 83, 58, 58, 83, 84, 59, 59, 84, 85, 60, 60, 85, 86, 61, 61, 86, 87, 62, 62, 87, 88, 63, 63, 88, 89, 64, 64, 89, 90, 65, 65, 90, 91, 66, 66, 91, 92, 67, 67, 92, 93, 68, 68, 93, 94, 69, 69, 94, 95, 70, 70, 95, 96, 71, 71, 96, 97, 72, 72, 97, 98, 73, 73, 98, 99, 74, 74, 99, 100, 75, 76, 101, 102, 77, 77, 102, 103, 78, 78, 103, 104, 79, 79, 104, 105, 80, 80, 105, 106, 81, 81, 106, 107, 82, 82, 107, 108, 83, 83, 108, 109, 84, 84, 109, 110, 85, 85, 110, 111, 86, 86, 111, 112, 87, 87, 112, 113, 88, 88, 113, 114, 89, 89, 114, 115, 90, 90, 115, 116, 91, 91, 116, 117, 92, 92, 117, 118, 93, 93, 118, 119, 94, 94, 119, 120, 95, 95, 120, 121, 96, 96, 121, 122, 97, 97, 122, 123, 98, 98, 123, 124, 99, 99, 124, 125, 100, 101, 126, 127, 102, 102, 127, 128, 103, 103, 128, 129, 104, 104, 129, 130, 105, 105, 130, 131, 106, 106, 131, 132, 107, 107, 132, 133, 108, 108, 133, 134, 109, 109, 134, 135, 110, 110, 135, 136, 111, 111, 136, 137, 112, 112, 137, 138, 113, 113, 138, 139, 114, 114, 139, 140, 115, 115, 140, 141, 116, 116, 141, 142, 117, 117, 142, 143, 118, 118, 143, 144, 119, 119, 144, 145, 120, 120, 145, 146, 121, 121, 146, 147, 122, 122, 147, 148, 123, 123, 148, 149, 124, 124, 149, 150, 125, 126, 151, 152, 127, 127, 152, 153, 128, 128, 153, 154, 129, 129, 154, 155, 130, 130, 155, 156, 131, 131, 156, 157, 132, 132, 157, 158, 133, 133, 158, 159, 134, 134, 159, 160, 135, 135, 160, 161, 136, 136, 161, 162, 137, 137, 162, 163, 138, 138, 163, 164, 139, 139, 164, 165, 140, 140, 165, 166, 141, 141, 166, 167, 142, 142, 167, 168, 143, 143, 168, 169, 144, 144, 169, 170, 145, 145, 170, 171, 146, 146, 171, 172, 147, 147, 172, 173, 148, 148, 173, 174, 149, 149, 174, 175, 150, 151, 176, 177, 152, 152, 177, 178, 153, 153, 178, 179, 154, 154, 179, 180, 155, 155, 180, 181, 156, 156, 181, 182, 157, 157, 182, 183, 158, 158, 183, 184, 159, 159, 184, 185, 160, 160, 185, 186, 161, 161, 186, 187, 162, 162, 187, 188, 163, 163, 188, 189, 164, 164, 189, 190, 165, 165, 190, 191, 166, 166, 191, 192, 167, 167, 192, 193, 168, 168, 193, 194, 169, 169, 194, 195, 170, 170, 195, 196, 171, 171, 196, 197, 172, 172, 197, 198, 173, 173, 198, 199, 174, 174, 199, 200, 175, 176, 201, 202, 177, 177, 202, 203, 178, 178, 203, 204, 179, 179, 204, 205, 180, 180, 205, 206, 181, 181, 206, 207, 182, 182, 207, 208, 183, 183, 208, 209, 184, 184, 209, 210, 185, 185, 210, 211, 186, 186, 211, 212, 187, 187, 212, 213, 188, 188, 213, 214, 189, 189, 214, 215, 190, 190, 215, 216, 191, 191, 216, 217, 192, 192, 217, 218, 193, 193, 218, 219, 194, 194, 219, 220, 195, 195, 220, 221, 196, 196, 221, 222, 197, 197, 222, 223, 198, 198, 223, 224, 199, 199, 224, 225, 200, 201, 226, 227, 202, 202, 227, 228, 203, 203, 228, 229, 204, 204, 229, 230, 205, 205, 230, 231, 206, 206, 231, 232, 207, 207, 232, 233, 208, 208, 233, 234, 209, 209, 234, 235, 210, 210, 235, 236, 211, 211, 236, 237, 212, 212, 237, 238, 213, 213, 238, 239, 214, 214, 239, 240, 215, 215, 240, 241, 216, 216, 241, 242, 217, 217, 242, 243, 218, 218, 243, 244, 219, 219, 244, 245, 220, 220, 245, 246, 221, 221, 246, 247, 222, 222, 247, 248, 223, 223, 248, 249, 224, 224, 249, 250, 225, 226, 251, 252, 227, 227, 252, 253, 228, 228, 253, 254, 229, 229, 254, 255, 230, 230, 255, 256, 231, 231, 256, 257, 232, 232, 257, 258, 233, 233, 258, 259, 234, 234, 259, 260, 235, 235, 260, 261, 236, 236, 261, 262, 237, 237, 262, 263, 238, 238, 263, 264, 239, 239, 264, 265, 240, 240, 265, 266, 241, 241, 266, 267, 242, 242, 267, 268, 243, 243, 268, 269, 244, 244, 269, 270, 245, 245, 270, 271, 246, 246, 271, 272, 247, 247, 272, 273, 248, 248, 273, 274, 249, 249, 274, 275, 250, 251, 276, 277, 252, 252, 277, 278, 253, 253, 278, 279, 254, 254, 279, 280, 255, 255, 280, 281, 256, 256, 281, 282, 257, 257, 282, 283, 258, 258, 283, 284, 259, 259, 284, 285, 260, 260, 285, 286, 261, 261, 286, 287, 262, 262, 287, 288, 263, 263, 288, 289, 264, 264, 289, 290, 265, 265, 290, 291, 266, 266, 291, 292, 267, 267, 292, 293, 268, 268, 293, 294, 269, 269, 294, 295, 270, 270, 295, 296, 271, 271, 296, 297, 272, 272, 297, 298, 273, 273, 298, 299, 274, 274, 299, 300, 275, 276, 301, 302, 277, 277, 302, 303, 278, 278, 303, 304, 279, 279, 304, 305, 280, 280, 305, 306, 281, 281, 306, 307, 282, 282, 307, 308, 283, 283, 308, 309, 284, 284, 309, 310, 285, 285, 310, 311, 286, 286, 311, 312, 287, 287, 312, 313, 288, 288, 313, 314, 289, 289, 314, 315, 290, 290, 315, 316, 291, 291, 316, 317, 292, 292, 317, 318, 293, 293, 318, 319, 294, 294, 319, 320, 295, 295, 320, 321, 296, 296, 321, 322, 297, 297, 322, 323, 298, 298, 323, 324, 299, 299, 324, 325, 300, 301, 326, 327, 302, 302, 327, 328, 303, 303, 328, 329, 304, 304, 329, 330, 305, 305, 330, 331, 306, 306, 331, 332, 307, 307, 332, 333, 308, 308, 333, 334, 309, 309, 334, 335, 310, 310, 335, 336, 311, 311, 336, 337, 312, 312, 337, 338, 313, 313, 338, 339, 314, 314, 339, 340, 315, 315, 340, 341, 316, 316, 341, 342, 317, 317, 342, 343, 318, 318, 343, 344, 319, 319, 344, 345, 320, 320, 345, 346, 321, 321, 346, 347, 322, 322, 347, 348, 323, 323, 348, 349, 324, 324, 349, 350, 325, 326, 351, 352, 327, 327, 352, 353, 328, 328, 353, 354, 329, 329, 354, 355, 330, 330, 355, 356, 331, 331, 356, 357, 332, 332, 357, 358, 333, 333, 358, 359, 334, 334, 359, 360, 335, 335, 360, 361, 336, 336, 361, 362, 337, 337, 362, 363, 338, 338, 363, 364, 339, 339, 364, 365, 340, 340, 365, 366, 341, 341, 366, 367, 342, 342, 367, 368, 343, 343, 368, 369, 344, 344, 369, 370, 345, 345, 370, 371, 346, 346, 371, 372, 347, 347, 372, 373, 348, 348, 373, 374, 349, 349, 374, 375, 350, 0, 1, 2, 0, 2, 3, 0, 3, 4, 0, 4, 5, 0, 5, 6, 0, 6, 7, 0, 7, 8, 0, 8, 9, 0, 9, 10, 0, 10, 11, 0, 11, 12, 0, 12, 13, 0, 13, 14, 0, 14, 15, 0, 15, 16, 0, 16, 17, 0, 17, 18, 0, 18, 19, 0, 19, 20, 0, 20, 21, 0, 21, 22, 0, 22, 23, 0, 23, 24, 0, 24, 25, 0, 352, 351, 0, 353, 352, 0, 354, 353, 0, 355, 354, 0, 356, 355, 0, 357, 356, 0, 358, 357, 0, 359, 358, 0, 360, 359, 0, 361, 360, 0, 362, 361, 0, 363, 362, 0, 364, 363, 0, 365, 364, 0, 366, 365, 0, 367, 366, 0, 368, 367, 0, 369, 368, 0, 370, 369, 0, 371, 370, 0, 372, 371, 0, 373, 372, 0, 374, 373, 0, 375, 374, 0, 26, 1, 0, 51, 26, 0, 76, 51, 0, 101, 76, 0, 126, 101, 0, 151, 126, 0, 176, 151, 0, 201, 176, 0, 226, 201, 0, 251, 226, 0, 276, 251, 0, 301, 276, 0, 326, 301, 0, 351, 326, 0, 25, 50, 0, 50, 75, 0, 75, 100, 0, 100, 125, 0, 125, 150, 0, 150, 175, 0, 175, 200, 0, 200, 225, 0, 225, 250, 0, 250, 275, 0, 275, 300, 0, 300, 325, 0, 325, 350, 0, 350, 375]
                                rel material:binding = </AecoCctvLooks/Shell_recognise>
                                point3f[] points = [(0, 0, 0), (-5.7523193, -3.5112574, -4.4942045), (-5.499071, -3.661825, -4.686922), (-5.2119346, -3.817683, -4.8864117), (-4.8868723, -3.9773095, -5.090724), (-4.5199466, -4.138512, -5.2970543), (-4.107669, -4.2983155, -5.501593), (-3.647477, -4.4528923, -5.6994424), (-3.1383336, -4.5975876, -5.884644), (-2.5813804, -4.72708, -6.0503864), (-1.9805323, -4.835725, -6.189446), (-1.3428417, -4.9180818, -6.2948575), (-0.67844903, -4.9695625, -6.3607497), (0, -4.9870853, -6.383178), (0.67844903, -4.9695625, -6.3607497), (1.3428417, -4.9180818, -6.2948575), (1.9805323, -4.835725, -6.189446), (2.5813804, -4.72708, -6.0503864), (3.1383336, -4.5975876, -5.884644), (3.647477, -4.4528923, -5.6994424), (4.107669, -4.2983155, -5.501593), (4.5199466, -4.138512, -5.2970543), (4.8868723, -3.9773095, -5.090724), (5.2119346, -3.817683, -4.8864117), (5.499071, -3.661825, -4.686922), (5.7523193, -3.5112574, -4.4942045), (-5.9012885, -3.0875907, -4.610592), (-5.654491, -3.227416, -4.8193884), (-5.3726435, -3.3732004, -5.037083), (-5.051078, -3.5236735, -5.2617793), (-4.68508, -3.6768944, -5.4905787), (-4.2702637, -3.8301058, -5.7193637), (-3.8031127, -3.9796243, -5.9426346), (-3.2817037, -4.1208186, -6.1534753), (-2.706541, -4.248237, -6.3437448), (-2.0813718, -4.3559465, -6.5045834), (-1.4137509, -4.4380994, -6.6272593), (-0.7150909, -4.48968, -6.7042828), (0, -4.507277, -6.73056), (0.7150909, -4.48968, -6.7042828), (1.4137509, -4.4380994, -6.6272593), (2.0813718, -4.3559465, -6.5045834), (2.706541, -4.248237, -6.3437448), (3.2817037, -4.1208186, -6.1534753), (3.8031127, -3.9796243, -5.9426346), (4.2702637, -3.8301058, -5.7193637), (4.68508, -3.6768944, -5.4905787), (5.051078, -3.5236735, -5.2617793), (5.3726435, -3.3732004, -5.037083), (5.654491, -3.227416, -4.8193884), (5.9012885, -3.0875907, -4.610592), (-6.0368075, -2.6320794, -4.7164707), (-5.7968273, -2.7572145, -4.940703), (-5.5209007, -2.8885694, -5.17608), (-5.203756, -3.0251527, -5.4208264), (-4.8399096, -3.1653383, -5.6720276), (-4.424046, -3.3066974, -5.9253316), (-3.9516203, -3.4458537, -6.1746883), (-3.4196968, -3.5784132, -6.412224), (-2.8279839, -3.6990466, -6.6283894), (-2.1799047, -3.8017986, -6.8125124), (-1.483418, -3.8806674, -6.953839), (-0.7512166, -3.9304118, -7.042977), (0, -3.9474232, -7.0734596), (0.7512166, -3.9304118, -7.042977), (1.483418, -3.8806674, -6.953839), (2.1799047, -3.8017986, -6.8125124), (2.8279839, -3.6990466, -6.6283894), (3.4196968, -3.5784132, -6.412224), (3.9516203, -3.4458537, -6.1746883), (4.424046, -3.3066974, -5.9253316), (4.8399096, -3.1653383, -5.6720276), (5.203756, -3.0251527, -5.4208264), (5.5209007, -2.8885694, -5.17608), (5.7968273, -2.7572145, -4.940703), (6.0368075, -2.6320794, -4.7164707), (-6.154913, -2.146859, -4.808745), (-5.9216366, -2.2532632, -5.0470796), (-5.65178, -2.365637, -5.298785), (-5.3395305, -2.483267, -5.5622644), (-4.978685, -2.604879, -5.8346624), (-4.5630317, -2.7284644, -6.1114817), (-4.086987, -2.851116, -6.3862085), (-3.5465457, -2.9689195, -6.6500764), (-2.9405105, -3.0769866, -6.8921356), (-2.271843, -3.169713, -7.0998335), (-1.5487803, -3.2413259, -7.260239), (-0.78522956, -3.286696, -7.361863), (0, -3.302248, -7.396698), (0.78522956, -3.286696, -7.361863), (1.5487803, -3.2413259, -7.260239), (2.271843, -3.169713, -7.0998335), (2.9405105, -3.0769866, -6.8921356), (3.5465457, -2.9689195, -6.6500764), (4.086987, -2.851116, -6.3862085), (4.5630317, -2.7284644, -6.1114817), (4.978685, -2.604879, -5.8346624), (5.3395305, -2.483267, -5.5622644), (5.65178, -2.365637, -5.298785), (5.9216366, -2.2532632, -5.0470796), (6.154913, -2.146859, -4.808745), (-6.251723, -1.6354702, -4.8843813), (-6.0244865, -1.7192993, -5.13474), (-5.760269, -1.8082851, -5.400499), (-5.452807, -1.9019616, -5.6802664), (-5.0952797, -1.9994115, -5.9713035), (-4.6806774, -2.099108, -6.26905), (-4.20246, -2.198753, -6.5666428), (-3.655594, -2.2951555, -6.854552), (-3.0379634, -2.3842218, -7.120551), (-2.351988, -2.4611495, -7.350298), (-1.6060544, -2.5208929, -7.5287232), (-0.8151334, -2.558897, -7.642224), (0, -2.5719523, -7.681214), (0.8151334, -2.558897, -7.642224), (1.6060544, -2.5208929, -7.5287232), (2.351988, -2.4611495, -7.350298), (3.0379634, -2.3842218, -7.120551), (3.655594, -2.2951555, -6.854552), (4.20246, -2.198753, -6.5666428), (4.6806774, -2.099108, -6.26905), (5.0952797, -1.9994115, -5.9713035), (5.452807, -1.9019616, -5.6802664), (5.760269, -1.8082851, -5.400499), (6.0244865, -1.7192993, -5.13474), (6.251723, -1.6354702, -4.8843813), (-6.3237386, -1.1028731, -4.940646), (-6.1013217, -1.1608179, -5.2002273), (-5.841702, -1.2225659, -5.4768453), (-5.53828, -1.28785, -5.7693048), (-5.1837626, -1.3560884, -6.074999), (-4.7705092, -1.4262629, -6.389366), (-4.291203, -1.4967892, -6.7053103), (-3.7399476, -1.565411, -7.0127215), (-3.1138206, -1.6291702, -7.29835), (-2.4147232, -1.6845307, -7.546354), (-1.6510873, -1.7277182, -7.739825), (-0.83871406, -1.7552816, -7.8633027), (0, -1.7647667, -7.905794), (0.83871406, -1.7552816, -7.8633027), (1.6510873, -1.7277182, -7.739825), (2.4147232, -1.6845307, -7.546354), (3.1138206, -1.6291702, -7.29835), (3.7399476, -1.565411, -7.0127215), (4.291203, -1.4967892, -6.7053103), (4.7705092, -1.4262629, -6.389366), (5.1837626, -1.3560884, -6.074999), (5.53828, -1.28785, -5.7693048), (5.841702, -1.2225659, -5.4768453), (6.1013217, -1.1608179, -5.2002273), (6.3237386, -1.1028731, -4.940646), (-6.368161, -0.55531025, -4.975353), (-6.148858, -0.584931, -5.2407427), (-5.892251, -0.61657244, -5.524237), (-5.5915346, -0.6501168, -5.824781), (-5.2391176, -0.6852847, -6.139871), (-4.8269563, -0.72156954, -6.464968), (-4.347225, -0.75816506, -6.7928495), (-3.7934515, -0.793903, -7.113046), (-3.1621566, -0.8272299, -7.411642), (-2.4548626, -0.8562662, -7.6717954), (-1.679996, -0.87898433, -7.8753405), (-0.85388416, -0.893515, -8.005529), (0, -0.89852107, -8.050382), (0.85388416, -0.893515, -8.005529), (1.679996, -0.87898433, -7.8753405), (2.4548626, -0.8562662, -7.6717954), (3.1621566, -0.8272299, -7.411642), (3.7934515, -0.793903, -7.113046), (4.347225, -0.75816506, -6.7928495), (4.8269563, -0.72156954, -6.464968), (5.2391176, -0.6852847, -6.139871), (5.5915346, -0.6501168, -5.824781), (5.892251, -0.61657244, -5.524237), (6.148858, -0.584931, -5.2407427), (6.368161, -0.55531025, -4.975353), (-6.383178, 0, -4.9870853), (-6.164952, 0, -5.25446), (-5.9093947, 0, -5.5403104), (-5.6096306, 0, -5.8436317), (-5.257967, 0, -6.161961), (-4.846222, 0, -6.490772), (-4.3663926, 0, -6.8227997), (-3.811803, 0, -7.147457), (-3.1787758, 0, -7.4505954), (-2.4686937, 0, -7.71502), (-1.689975, 0, -7.922119), (-0.8591268, 0, -8.054681), (0, 0, -8.100369), (0.8591268, 0, -8.054681), (1.689975, 0, -7.922119), (2.4686937, 0, -7.71502), (3.1787758, 0, -7.4505954), (3.811803, 0, -7.147457), (4.3663926, 0, -6.8227997), (4.846222, 0, -6.490772), (5.257967, 0, -6.161961), (5.6096306, 0, -5.8436317), (5.9093947, 0, -5.5403104), (6.164952, 0, -5.25446), (6.383178, 0, -4.9870853), (-6.368161, 0.55531025, -4.975353), (-6.148858, 0.584931, -5.2407427), (-5.892251, 0.61657244, -5.524237), (-5.5915346, 0.6501168, -5.824781), (-5.2391176, 0.6852847, -6.139871), (-4.8269563, 0.72156954, -6.464968), (-4.347225, 0.75816506, -6.7928495), (-3.7934515, 0.793903, -7.113046), (-3.1621566, 0.8272299, -7.411642), (-2.4548626, 0.8562662, -7.6717954), (-1.679996, 0.87898433, -7.8753405), (-0.85388416, 0.893515, -8.005529), (0, 0.89852107, -8.050382), (0.85388416, 0.893515, -8.005529), (1.679996, 0.87898433, -7.8753405), (2.4548626, 0.8562662, -7.6717954), (3.1621566, 0.8272299, -7.411642), (3.7934515, 0.793903, -7.113046), (4.347225, 0.75816506, -6.7928495), (4.8269563, 0.72156954, -6.464968), (5.2391176, 0.6852847, -6.139871), (5.5915346, 0.6501168, -5.824781), (5.892251, 0.61657244, -5.524237), (6.148858, 0.584931, -5.2407427), (6.368161, 0.55531025, -4.975353), (-6.3237386, 1.1028731, -4.940646), (-6.1013217, 1.1608179, -5.2002273), (-5.841702, 1.2225659, -5.4768453), (-5.53828, 1.28785, -5.7693048), (-5.1837626, 1.3560884, -6.074999), (-4.7705092, 1.4262629, -6.389366), (-4.291203, 1.4967892, -6.7053103), (-3.7399476, 1.565411, -7.0127215), (-3.1138206, 1.6291702, -7.29835), (-2.4147232, 1.6845307, -7.546354), (-1.6510873, 1.7277182, -7.739825), (-0.83871406, 1.7552816, -7.8633027), (0, 1.7647667, -7.905794), (0.83871406, 1.7552816, -7.8633027), (1.6510873, 1.7277182, -7.739825), (2.4147232, 1.6845307, -7.546354), (3.1138206, 1.6291702, -7.29835), (3.7399476, 1.565411, -7.0127215), (4.291203, 1.4967892, -6.7053103), (4.7705092, 1.4262629, -6.389366), (5.1837626, 1.3560884, -6.074999), (5.53828, 1.28785, -5.7693048), (5.841702, 1.2225659, -5.4768453), (6.1013217, 1.1608179, -5.2002273), (6.3237386, 1.1028731, -4.940646), (-6.251723, 1.6354702, -4.8843813), (-6.0244865, 1.7192993, -5.13474), (-5.760269, 1.8082851, -5.400499), (-5.452807, 1.9019616, -5.6802664), (-5.0952797, 1.9994115, -5.9713035), (-4.6806774, 2.099108, -6.26905), (-4.20246, 2.198753, -6.5666428), (-3.655594, 2.2951555, -6.854552), (-3.0379634, 2.3842218, -7.120551), (-2.351988, 2.4611495, -7.350298), (-1.6060544, 2.5208929, -7.5287232), (-0.8151334, 2.558897, -7.642224), (0, 2.5719523, -7.681214), (0.8151334, 2.558897, -7.642224), (1.6060544, 2.5208929, -7.5287232), (2.351988, 2.4611495, -7.350298), (3.0379634, 2.3842218, -7.120551), (3.655594, 2.2951555, -6.854552), (4.20246, 2.198753, -6.5666428), (4.6806774, 2.099108, -6.26905), (5.0952797, 1.9994115, -5.9713035), (5.452807, 1.9019616, -5.6802664), (5.760269, 1.8082851, -5.400499), (6.0244865, 1.7192993, -5.13474), (6.251723, 1.6354702, -4.8843813), (-6.154913, 2.146859, -4.808745), (-5.9216366, 2.2532632, -5.0470796), (-5.65178, 2.365637, -5.298785), (-5.3395305, 2.483267, -5.5622644), (-4.978685, 2.604879, -5.8346624), (-4.5630317, 2.7284644, -6.1114817), (-4.086987, 2.851116, -6.3862085), (-3.5465457, 2.9689195, -6.6500764), (-2.9405105, 3.0769866, -6.8921356), (-2.271843, 3.169713, -7.0998335), (-1.5487803, 3.2413259, -7.260239), (-0.78522956, 3.286696, -7.361863), (0, 3.302248, -7.396698), (0.78522956, 3.286696, -7.361863), (1.5487803, 3.2413259, -7.260239), (2.271843, 3.169713, -7.0998335), (2.9405105, 3.0769866, -6.8921356), (3.5465457, 2.9689195, -6.6500764), (4.086987, 2.851116, -6.3862085), (4.5630317, 2.7284644, -6.1114817), (4.978685, 2.604879, -5.8346624), (5.3395305, 2.483267, -5.5622644), (5.65178, 2.365637, -5.298785), (5.9216366, 2.2532632, -5.0470796), (6.154913, 2.146859, -4.808745), (-6.0368075, 2.6320794, -4.7164707), (-5.7968273, 2.7572145, -4.940703), (-5.5209007, 2.8885694, -5.17608), (-5.203756, 3.0251527, -5.4208264), (-4.8399096, 3.1653383, -5.6720276), (-4.424046, 3.3066974, -5.9253316), (-3.9516203, 3.4458537, -6.1746883), (-3.4196968, 3.5784132, -6.412224), (-2.8279839, 3.6990466, -6.6283894), (-2.1799047, 3.8017986, -6.8125124), (-1.483418, 3.8806674, -6.953839), (-0.7512166, 3.9304118, -7.042977), (0, 3.9474232, -7.0734596), (0.7512166, 3.9304118, -7.042977), (1.483418, 3.8806674, -6.953839), (2.1799047, 3.8017986, -6.8125124), (2.8279839, 3.6990466, -6.6283894), (3.4196968, 3.5784132, -6.412224), (3.9516203, 3.4458537, -6.1746883), (4.424046, 3.3066974, -5.9253316), (4.8399096, 3.1653383, -5.6720276), (5.203756, 3.0251527, -5.4208264), (5.5209007, 2.8885694, -5.17608), (5.7968273, 2.7572145, -4.940703), (6.0368075, 2.6320794, -4.7164707), (-5.9012885, 3.0875907, -4.610592), (-5.654491, 3.227416, -4.8193884), (-5.3726435, 3.3732004, -5.037083), (-5.051078, 3.5236735, -5.2617793), (-4.68508, 3.6768944, -5.4905787), (-4.2702637, 3.8301058, -5.7193637), (-3.8031127, 3.9796243, -5.9426346), (-3.2817037, 4.1208186, -6.1534753), (-2.706541, 4.248237, -6.3437448), (-2.0813718, 4.3559465, -6.5045834), (-1.4137509, 4.4380994, -6.6272593), (-0.7150909, 4.48968, -6.7042828), (0, 4.507277, -6.73056), (0.7150909, 4.48968, -6.7042828), (1.4137509, 4.4380994, -6.6272593), (2.0813718, 4.3559465, -6.5045834), (2.706541, 4.248237, -6.3437448), (3.2817037, 4.1208186, -6.1534753), (3.8031127, 3.9796243, -5.9426346), (4.2702637, 3.8301058, -5.7193637), (4.68508, 3.6768944, -5.4905787), (5.051078, 3.5236735, -5.2617793), (5.3726435, 3.3732004, -5.037083), (5.654491, 3.227416, -4.8193884), (5.9012885, 3.0875907, -4.610592), (-5.7523193, 3.5112574, -4.4942045), (-5.499071, 3.661825, -4.686922), (-5.2119346, 3.817683, -4.8864117), (-4.8868723, 3.9773095, -5.090724), (-4.5199466, 4.138512, -5.2970543), (-4.107669, 4.2983155, -5.501593), (-3.647477, 4.4528923, -5.6994424), (-3.1383336, 4.5975876, -5.884644), (-2.5813804, 4.72708, -6.0503864), (-1.9805323, 4.835725, -6.189446), (-1.3428417, 4.9180818, -6.2948575), (-0.67844903, 4.9695625, -6.3607497), (0, 4.9870853, -6.383178), (0.67844903, 4.9695625, -6.3607497), (1.3428417, 4.9180818, -6.2948575), (1.9805323, 4.835725, -6.189446), (2.5813804, 4.72708, -6.0503864), (3.1383336, 4.5975876, -5.884644), (3.647477, 4.4528923, -5.6994424), (4.107669, 4.2983155, -5.501593), (4.5199466, 4.138512, -5.2970543), (4.8868723, 3.9773095, -5.090724), (5.2119346, 3.817683, -4.8864117), (5.499071, 3.661825, -4.686922), (5.7523193, 3.5112574, -4.4942045)]
                                color3f[] primvars:displayColor = [(0.18333334, 0.6166667, 0.56666666)] (
                                    interpolation = "constant"
                                )
                                float[] primvars:displayOpacity = [0.3] (
                                    interpolation = "constant"
                                )
                                uniform token purpose = "guide"
                                uniform token subdivisionScheme = "none"
                            }

                            def Mesh "Shell_observe" (
                                prepend apiSchemas = ["AecoDerivedGeometryAPI", "MaterialBindingAPI"]
                            )
                            {
                                uniform token aeco:derived:approx = "tessellated"
                                uniform token aeco:derived:role = "coverage"
                                string aeco:derived:source = "81a4b44f-b5f8-592c-ae43-07b198fb1c1f"
                                string aeco:derived:stamp = "usdAecoCctv derive 0.5.3"
                                uniform bool doubleSided = 1
                                float3[] extent = [(-12.766356, -9.974171, -16.200739), (12.766356, 9.974171, 0)]
                                int[] faceVertexCounts = [4, 4, 4, 4, 4, 4, 4, 4, 4, 4, 4, 4, 4, 4, 4, 4, 4, 4, 4, 4, 4, 4, 4, 4, 4, 4, 4, 4, 4, 4, 4, 4, 4, 4, 4, 4, 4, 4, 4, 4, 4, 4, 4, 4, 4, 4, 4, 4, 4, 4, 4, 4, 4, 4, 4, 4, 4, 4, 4, 4, 4, 4, 4, 4, 4, 4, 4, 4, 4, 4, 4, 4, 4, 4, 4, 4, 4, 4, 4, 4, 4, 4, 4, 4, 4, 4, 4, 4, 4, 4, 4, 4, 4, 4, 4, 4, 4, 4, 4, 4, 4, 4, 4, 4, 4, 4, 4, 4, 4, 4, 4, 4, 4, 4, 4, 4, 4, 4, 4, 4, 4, 4, 4, 4, 4, 4, 4, 4, 4, 4, 4, 4, 4, 4, 4, 4, 4, 4, 4, 4, 4, 4, 4, 4, 4, 4, 4, 4, 4, 4, 4, 4, 4, 4, 4, 4, 4, 4, 4, 4, 4, 4, 4, 4, 4, 4, 4, 4, 4, 4, 4, 4, 4, 4, 4, 4, 4, 4, 4, 4, 4, 4, 4, 4, 4, 4, 4, 4, 4, 4, 4, 4, 4, 4, 4, 4, 4, 4, 4, 4, 4, 4, 4, 4, 4, 4, 4, 4, 4, 4, 4, 4, 4, 4, 4, 4, 4, 4, 4, 4, 4, 4, 4, 4, 4, 4, 4, 4, 4, 4, 4, 4, 4, 4, 4, 4, 4, 4, 4, 4, 4, 4, 4, 4, 4, 4, 4, 4, 4, 4, 4, 4, 4, 4, 4, 4, 4, 4, 4, 4, 4, 4, 4, 4, 4, 4, 4, 4, 4, 4, 4, 4, 4, 4, 4, 4, 4, 4, 4, 4, 4, 4, 4, 4, 4, 4, 4, 4, 4, 4, 4, 4, 4, 4, 4, 4, 4, 4, 4, 4, 4, 4, 4, 4, 4, 4, 4, 4, 4, 4, 4, 4, 4, 4, 4, 4, 4, 4, 4, 4, 4, 4, 4, 4, 4, 4, 4, 4, 4, 4, 4, 4, 4, 4, 4, 4, 3, 3, 3, 3, 3, 3, 3, 3, 3, 3, 3, 3, 3, 3, 3, 3, 3, 3, 3, 3, 3, 3, 3, 3, 3, 3, 3, 3, 3, 3, 3, 3, 3, 3, 3, 3, 3, 3, 3, 3, 3, 3, 3, 3, 3, 3, 3, 3, 3, 3, 3, 3, 3, 3, 3, 3, 3, 3, 3, 3, 3, 3, 3, 3, 3, 3, 3, 3, 3, 3, 3, 3, 3, 3, 3, 3]
                                int[] faceVertexIndices = [1, 26, 27, 2, 2, 27, 28, 3, 3, 28, 29, 4, 4, 29, 30, 5, 5, 30, 31, 6, 6, 31, 32, 7, 7, 32, 33, 8, 8, 33, 34, 9, 9, 34, 35, 10, 10, 35, 36, 11, 11, 36, 37, 12, 12, 37, 38, 13, 13, 38, 39, 14, 14, 39, 40, 15, 15, 40, 41, 16, 16, 41, 42, 17, 17, 42, 43, 18, 18, 43, 44, 19, 19, 44, 45, 20, 20, 45, 46, 21, 21, 46, 47, 22, 22, 47, 48, 23, 23, 48, 49, 24, 24, 49, 50, 25, 26, 51, 52, 27, 27, 52, 53, 28, 28, 53, 54, 29, 29, 54, 55, 30, 30, 55, 56, 31, 31, 56, 57, 32, 32, 57, 58, 33, 33, 58, 59, 34, 34, 59, 60, 35, 35, 60, 61, 36, 36, 61, 62, 37, 37, 62, 63, 38, 38, 63, 64, 39, 39, 64, 65, 40, 40, 65, 66, 41, 41, 66, 67, 42, 42, 67, 68, 43, 43, 68, 69, 44, 44, 69, 70, 45, 45, 70, 71, 46, 46, 71, 72, 47, 47, 72, 73, 48, 48, 73, 74, 49, 49, 74, 75, 50, 51, 76, 77, 52, 52, 77, 78, 53, 53, 78, 79, 54, 54, 79, 80, 55, 55, 80, 81, 56, 56, 81, 82, 57, 57, 82, 83, 58, 58, 83, 84, 59, 59, 84, 85, 60, 60, 85, 86, 61, 61, 86, 87, 62, 62, 87, 88, 63, 63, 88, 89, 64, 64, 89, 90, 65, 65, 90, 91, 66, 66, 91, 92, 67, 67, 92, 93, 68, 68, 93, 94, 69, 69, 94, 95, 70, 70, 95, 96, 71, 71, 96, 97, 72, 72, 97, 98, 73, 73, 98, 99, 74, 74, 99, 100, 75, 76, 101, 102, 77, 77, 102, 103, 78, 78, 103, 104, 79, 79, 104, 105, 80, 80, 105, 106, 81, 81, 106, 107, 82, 82, 107, 108, 83, 83, 108, 109, 84, 84, 109, 110, 85, 85, 110, 111, 86, 86, 111, 112, 87, 87, 112, 113, 88, 88, 113, 114, 89, 89, 114, 115, 90, 90, 115, 116, 91, 91, 116, 117, 92, 92, 117, 118, 93, 93, 118, 119, 94, 94, 119, 120, 95, 95, 120, 121, 96, 96, 121, 122, 97, 97, 122, 123, 98, 98, 123, 124, 99, 99, 124, 125, 100, 101, 126, 127, 102, 102, 127, 128, 103, 103, 128, 129, 104, 104, 129, 130, 105, 105, 130, 131, 106, 106, 131, 132, 107, 107, 132, 133, 108, 108, 133, 134, 109, 109, 134, 135, 110, 110, 135, 136, 111, 111, 136, 137, 112, 112, 137, 138, 113, 113, 138, 139, 114, 114, 139, 140, 115, 115, 140, 141, 116, 116, 141, 142, 117, 117, 142, 143, 118, 118, 143, 144, 119, 119, 144, 145, 120, 120, 145, 146, 121, 121, 146, 147, 122, 122, 147, 148, 123, 123, 148, 149, 124, 124, 149, 150, 125, 126, 151, 152, 127, 127, 152, 153, 128, 128, 153, 154, 129, 129, 154, 155, 130, 130, 155, 156, 131, 131, 156, 157, 132, 132, 157, 158, 133, 133, 158, 159, 134, 134, 159, 160, 135, 135, 160, 161, 136, 136, 161, 162, 137, 137, 162, 163, 138, 138, 163, 164, 139, 139, 164, 165, 140, 140, 165, 166, 141, 141, 166, 167, 142, 142, 167, 168, 143, 143, 168, 169, 144, 144, 169, 170, 145, 145, 170, 171, 146, 146, 171, 172, 147, 147, 172, 173, 148, 148, 173, 174, 149, 149, 174, 175, 150, 151, 176, 177, 152, 152, 177, 178, 153, 153, 178, 179, 154, 154, 179, 180, 155, 155, 180, 181, 156, 156, 181, 182, 157, 157, 182, 183, 158, 158, 183, 184, 159, 159, 184, 185, 160, 160, 185, 186, 161, 161, 186, 187, 162, 162, 187, 188, 163, 163, 188, 189, 164, 164, 189, 190, 165, 165, 190, 191, 166, 166, 191, 192, 167, 167, 192, 193, 168, 168, 193, 194, 169, 169, 194, 195, 170, 170, 195, 196, 171, 171, 196, 197, 172, 172, 197, 198, 173, 173, 198, 199, 174, 174, 199, 200, 175, 176, 201, 202, 177, 177, 202, 203, 178, 178, 203, 204, 179, 179, 204, 205, 180, 180, 205, 206, 181, 181, 206, 207, 182, 182, 207, 208, 183, 183, 208, 209, 184, 184, 209, 210, 185, 185, 210, 211, 186, 186, 211, 212, 187, 187, 212, 213, 188, 188, 213, 214, 189, 189, 214, 215, 190, 190, 215, 216, 191, 191, 216, 217, 192, 192, 217, 218, 193, 193, 218, 219, 194, 194, 219, 220, 195, 195, 220, 221, 196, 196, 221, 222, 197, 197, 222, 223, 198, 198, 223, 224, 199, 199, 224, 225, 200, 201, 226, 227, 202, 202, 227, 228, 203, 203, 228, 229, 204, 204, 229, 230, 205, 205, 230, 231, 206, 206, 231, 232, 207, 207, 232, 233, 208, 208, 233, 234, 209, 209, 234, 235, 210, 210, 235, 236, 211, 211, 236, 237, 212, 212, 237, 238, 213, 213, 238, 239, 214, 214, 239, 240, 215, 215, 240, 241, 216, 216, 241, 242, 217, 217, 242, 243, 218, 218, 243, 244, 219, 219, 244, 245, 220, 220, 245, 246, 221, 221, 246, 247, 222, 222, 247, 248, 223, 223, 248, 249, 224, 224, 249, 250, 225, 226, 251, 252, 227, 227, 252, 253, 228, 228, 253, 254, 229, 229, 254, 255, 230, 230, 255, 256, 231, 231, 256, 257, 232, 232, 257, 258, 233, 233, 258, 259, 234, 234, 259, 260, 235, 235, 260, 261, 236, 236, 261, 262, 237, 237, 262, 263, 238, 238, 263, 264, 239, 239, 264, 265, 240, 240, 265, 266, 241, 241, 266, 267, 242, 242, 267, 268, 243, 243, 268, 269, 244, 244, 269, 270, 245, 245, 270, 271, 246, 246, 271, 272, 247, 247, 272, 273, 248, 248, 273, 274, 249, 249, 274, 275, 250, 251, 276, 277, 252, 252, 277, 278, 253, 253, 278, 279, 254, 254, 279, 280, 255, 255, 280, 281, 256, 256, 281, 282, 257, 257, 282, 283, 258, 258, 283, 284, 259, 259, 284, 285, 260, 260, 285, 286, 261, 261, 286, 287, 262, 262, 287, 288, 263, 263, 288, 289, 264, 264, 289, 290, 265, 265, 290, 291, 266, 266, 291, 292, 267, 267, 292, 293, 268, 268, 293, 294, 269, 269, 294, 295, 270, 270, 295, 296, 271, 271, 296, 297, 272, 272, 297, 298, 273, 273, 298, 299, 274, 274, 299, 300, 275, 276, 301, 302, 277, 277, 302, 303, 278, 278, 303, 304, 279, 279, 304, 305, 280, 280, 305, 306, 281, 281, 306, 307, 282, 282, 307, 308, 283, 283, 308, 309, 284, 284, 309, 310, 285, 285, 310, 311, 286, 286, 311, 312, 287, 287, 312, 313, 288, 288, 313, 314, 289, 289, 314, 315, 290, 290, 315, 316, 291, 291, 316, 317, 292, 292, 317, 318, 293, 293, 318, 319, 294, 294, 319, 320, 295, 295, 320, 321, 296, 296, 321, 322, 297, 297, 322, 323, 298, 298, 323, 324, 299, 299, 324, 325, 300, 301, 326, 327, 302, 302, 327, 328, 303, 303, 328, 329, 304, 304, 329, 330, 305, 305, 330, 331, 306, 306, 331, 332, 307, 307, 332, 333, 308, 308, 333, 334, 309, 309, 334, 335, 310, 310, 335, 336, 311, 311, 336, 337, 312, 312, 337, 338, 313, 313, 338, 339, 314, 314, 339, 340, 315, 315, 340, 341, 316, 316, 341, 342, 317, 317, 342, 343, 318, 318, 343, 344, 319, 319, 344, 345, 320, 320, 345, 346, 321, 321, 346, 347, 322, 322, 347, 348, 323, 323, 348, 349, 324, 324, 349, 350, 325, 326, 351, 352, 327, 327, 352, 353, 328, 328, 353, 354, 329, 329, 354, 355, 330, 330, 355, 356, 331, 331, 356, 357, 332, 332, 357, 358, 333, 333, 358, 359, 334, 334, 359, 360, 335, 335, 360, 361, 336, 336, 361, 362, 337, 337, 362, 363, 338, 338, 363, 364, 339, 339, 364, 365, 340, 340, 365, 366, 341, 341, 366, 367, 342, 342, 367, 368, 343, 343, 368, 369, 344, 344, 369, 370, 345, 345, 370, 371, 346, 346, 371, 372, 347, 347, 372, 373, 348, 348, 373, 374, 349, 349, 374, 375, 350, 0, 1, 2, 0, 2, 3, 0, 3, 4, 0, 4, 5, 0, 5, 6, 0, 6, 7, 0, 7, 8, 0, 8, 9, 0, 9, 10, 0, 10, 11, 0, 11, 12, 0, 12, 13, 0, 13, 14, 0, 14, 15, 0, 15, 16, 0, 16, 17, 0, 17, 18, 0, 18, 19, 0, 19, 20, 0, 20, 21, 0, 21, 22, 0, 22, 23, 0, 23, 24, 0, 24, 25, 0, 352, 351, 0, 353, 352, 0, 354, 353, 0, 355, 354, 0, 356, 355, 0, 357, 356, 0, 358, 357, 0, 359, 358, 0, 360, 359, 0, 361, 360, 0, 362, 361, 0, 363, 362, 0, 364, 363, 0, 365, 364, 0, 366, 365, 0, 367, 366, 0, 368, 367, 0, 369, 368, 0, 370, 369, 0, 371, 370, 0, 372, 371, 0, 373, 372, 0, 374, 373, 0, 375, 374, 0, 26, 1, 0, 51, 26, 0, 76, 51, 0, 101, 76, 0, 126, 101, 0, 151, 126, 0, 176, 151, 0, 201, 176, 0, 226, 201, 0, 251, 226, 0, 276, 251, 0, 301, 276, 0, 326, 301, 0, 351, 326, 0, 25, 50, 0, 50, 75, 0, 75, 100, 0, 100, 125, 0, 125, 150, 0, 150, 175, 0, 175, 200, 0, 200, 225, 0, 225, 250, 0, 250, 275, 0, 275, 300, 0, 300, 325, 0, 325, 350, 0, 350, 375]
                                rel material:binding = </AecoCctvLooks/Shell_observe>
                                point3f[] points = [(0, 0, 0), (-11.504639, -7.022515, -8.988409), (-10.998142, -7.32365, -9.373844), (-10.423869, -7.635366, -9.772823), (-9.773745, -7.954619, -10.181448), (-9.039893, -8.277024, -10.594109), (-8.215338, -8.596631, -11.003186), (-7.294954, -8.905785, -11.398885), (-6.276667, -9.195175, -11.769288), (-5.1627607, -9.45416, -12.100773), (-3.9610646, -9.67145, -12.378892), (-2.6856835, -9.8361635, -12.589715), (-1.3568981, -9.939125, -12.721499), (0, -9.974171, -12.766356), (1.3568981, -9.939125, -12.721499), (2.6856835, -9.8361635, -12.589715), (3.9610646, -9.67145, -12.378892), (5.1627607, -9.45416, -12.100773), (6.276667, -9.195175, -11.769288), (7.294954, -8.905785, -11.398885), (8.215338, -8.596631, -11.003186), (9.039893, -8.277024, -10.594109), (9.773745, -7.954619, -10.181448), (10.423869, -7.635366, -9.772823), (10.998142, -7.32365, -9.373844), (11.504639, -7.022515, -8.988409), (-11.802577, -6.1751814, -9.221184), (-11.308982, -6.454832, -9.638777), (-10.745287, -6.746401, -10.074166), (-10.102156, -7.047347, -10.523559), (-9.37016, -7.353789, -10.981157), (-8.540527, -7.6602116, -11.438727), (-7.6062255, -7.9592485, -11.885269), (-6.5634074, -8.241637, -12.306951), (-5.413082, -8.496474, -12.6874895), (-4.1627436, -8.711893, -13.009167), (-2.8275018, -8.876199, -13.2545185), (-1.4301817, -8.97936, -13.4085655), (0, -9.014554, -13.46112), (1.4301817, -8.97936, -13.4085655), (2.8275018, -8.876199, -13.2545185), (4.1627436, -8.711893, -13.009167), (5.413082, -8.496474, -12.6874895), (6.5634074, -8.241637, -12.306951), (7.6062255, -7.9592485, -11.885269), (8.540527, -7.6602116, -11.438727), (9.37016, -7.353789, -10.981157), (10.102156, -7.047347, -10.523559), (10.745287, -6.746401, -10.074166), (11.308982, -6.454832, -9.638777), (11.802577, -6.1751814, -9.221184), (-12.073615, -5.2641587, -9.432941), (-11.593655, -5.514429, -9.881406), (-11.041801, -5.7771387, -10.35216), (-10.407512, -6.0503054, -10.841653), (-9.679819, -6.3306766, -11.344055), (-8.848092, -6.6133947, -11.850663), (-7.9032407, -6.8917074, -12.349377), (-6.8393936, -7.1568265, -12.824448), (-5.6559677, -7.398093, -13.256779), (-4.3598094, -7.603597, -13.625025), (-2.966836, -7.761335, -13.907678), (-1.5024332, -7.8608236, -14.085954), (0, -7.8948464, -14.146919), (1.5024332, -7.8608236, -14.085954), (2.966836, -7.761335, -13.907678), (4.3598094, -7.603597, -13.625025), (5.6559677, -7.398093, -13.256779), (6.8393936, -7.1568265, -12.824448), (7.9032407, -6.8917074, -12.349377), (8.848092, -6.6133947, -11.850663), (9.679819, -6.3306766, -11.344055), (10.407512, -6.0503054, -10.841653), (11.041801, -5.7771387, -10.35216), (11.593655, -5.514429, -9.881406), (12.073615, -5.2641587, -9.432941), (-12.309826, -4.293718, -9.61749), (-11.843273, -4.5065265, -10.094159), (-11.30356, -4.731274, -10.59757), (-10.679061, -4.966534, -11.124529), (-9.95737, -5.209758, -11.669325), (-9.126063, -5.4569287, -12.222963), (-8.173974, -5.702232, -12.772417), (-7.0930915, -5.937839, -13.300153), (-5.881021, -6.153973, -13.784271), (-4.543686, -6.339426, -14.199667), (-3.0975606, -6.4826517, -14.520478), (-1.5704591, -6.573392, -14.723726), (0, -6.604496, -14.793396), (1.5704591, -6.573392, -14.723726), (3.0975606, -6.4826517, -14.520478), (4.543686, -6.339426, -14.199667), (5.881021, -6.153973, -13.784271), (7.0930915, -5.937839, -13.300153), (8.173974, -5.702232, -12.772417), (9.126063, -5.4569287, -12.222963), (9.95737, -5.209758, -11.669325), (10.679061, -4.966534, -11.124529), (11.30356, -4.731274, -10.59757), (11.843273, -4.5065265, -10.094159), (12.309826, -4.293718, -9.61749), (-12.503446, -3.2709403, -9.768763), (-12.048973, -3.4385986, -10.26948), (-11.520538, -3.6165702, -10.800998), (-10.905614, -3.8039231, -11.360533), (-10.190559, -3.998823, -11.942607), (-9.361355, -4.198216, -12.5381), (-8.40492, -4.397506, -13.1332855), (-7.311188, -4.590311, -13.709104), (-6.075927, -4.7684436, -14.241102), (-4.703976, -4.922299, -14.700596), (-3.2121089, -5.0417857, -15.0574465), (-1.6302668, -5.117794, -15.284448), (0, -5.1439047, -15.362428), (1.6302668, -5.117794, -15.284448), (3.2121089, -5.0417857, -15.0574465), (4.703976, -4.922299, -14.700596), (6.075927, -4.7684436, -14.241102), (7.311188, -4.590311, -13.709104), (8.40492, -4.397506, -13.1332855), (9.361355, -4.198216, -12.5381), (10.190559, -3.998823, -11.942607), (10.905614, -3.8039231, -11.360533), (11.520538, -3.6165702, -10.800998), (12.048973, -3.4385986, -10.26948), (12.503446, -3.2709403, -9.768763), (-12.647477, -2.2057462, -9.881292), (-12.202643, -2.3216357, -10.4004545), (-11.683404, -2.4451318, -10.953691), (-11.07656, -2.5757, -11.5386095), (-10.367525, -2.7121768, -12.149998), (-9.5410185, -2.8525257, -12.778732), (-8.582406, -2.9935784, -13.410621), (-7.479895, -3.130822, -14.025443), (-6.227641, -3.2583404, -14.5967), (-4.8294463, -3.3690615, -15.092708), (-3.3021746, -3.4554365, -15.47965), (-1.6774281, -3.5105631, -15.726605), (0, -3.5295334, -15.811588), (1.6774281, -3.5105631, -15.726605), (3.3021746, -3.4554365, -15.47965), (4.8294463, -3.3690615, -15.092708), (6.227641, -3.2583404, -14.5967), (7.479895, -3.130822, -14.025443), (8.582406, -2.9935784, -13.410621), (9.5410185, -2.8525257, -12.778732), (10.367525, -2.7121768, -12.149998), (11.07656, -2.5757, -11.5386095), (11.683404, -2.4451318, -10.953691), (12.202643, -2.3216357, -10.4004545), (12.647477, -2.2057462, -9.881292), (-12.736322, -1.1106205, -9.950706), (-12.297716, -1.169862, -10.481485), (-11.784502, -1.2331449, -11.048474), (-11.183069, -1.3002336, -11.649562), (-10.478235, -1.3705693, -12.279742), (-9.653913, -1.4431391, -12.929936), (-8.69445, -1.5163301, -13.585699), (-7.586903, -1.587806, -14.226092), (-6.324313, -1.6544598, -14.823284), (-4.909725, -1.7125324, -15.343591), (-3.359992, -1.7579687, -15.750681), (-1.7077683, -1.78703, -16.011059), (0, -1.7970421, -16.100763), (1.7077683, -1.78703, -16.011059), (3.359992, -1.7579687, -15.750681), (4.909725, -1.7125324, -15.343591), (6.324313, -1.6544598, -14.823284), (7.586903, -1.587806, -14.226092), (8.69445, -1.5163301, -13.585699), (9.653913, -1.4431391, -12.929936), (10.478235, -1.3705693, -12.279742), (11.183069, -1.3002336, -11.649562), (11.784502, -1.2331449, -11.048474), (12.297716, -1.169862, -10.481485), (12.736322, -1.1106205, -9.950706), (-12.766356, 0, -9.974171), (-12.329904, 0, -10.50892), (-11.8187895, 0, -11.080621), (-11.219261, 0, -11.6872635), (-10.515934, 0, -12.323922), (-9.692444, 0, -12.981544), (-8.732785, 0, -13.645599), (-7.623606, 0, -14.294914), (-6.3575516, 0, -14.901191), (-4.9373875, 0, -15.43004), (-3.37995, 0, -15.844238), (-1.7182536, 0, -16.109362), (0, 0, -16.200739), (1.7182536, 0, -16.109362), (3.37995, 0, -15.844238), (4.9373875, 0, -15.43004), (6.3575516, 0, -14.901191), (7.623606, 0, -14.294914), (8.732785, 0, -13.645599), (9.692444, 0, -12.981544), (10.515934, 0, -12.323922), (11.219261, 0, -11.6872635), (11.8187895, 0, -11.080621), (12.329904, 0, -10.50892), (12.766356, 0, -9.974171), (-12.736322, 1.1106205, -9.950706), (-12.297716, 1.169862, -10.481485), (-11.784502, 1.2331449, -11.048474), (-11.183069, 1.3002336, -11.649562), (-10.478235, 1.3705693, -12.279742), (-9.653913, 1.4431391, -12.929936), (-8.69445, 1.5163301, -13.585699), (-7.586903, 1.587806, -14.226092), (-6.324313, 1.6544598, -14.823284), (-4.909725, 1.7125324, -15.343591), (-3.359992, 1.7579687, -15.750681), (-1.7077683, 1.78703, -16.011059), (0, 1.7970421, -16.100763), (1.7077683, 1.78703, -16.011059), (3.359992, 1.7579687, -15.750681), (4.909725, 1.7125324, -15.343591), (6.324313, 1.6544598, -14.823284), (7.586903, 1.587806, -14.226092), (8.69445, 1.5163301, -13.585699), (9.653913, 1.4431391, -12.929936), (10.478235, 1.3705693, -12.279742), (11.183069, 1.3002336, -11.649562), (11.784502, 1.2331449, -11.048474), (12.297716, 1.169862, -10.481485), (12.736322, 1.1106205, -9.950706), (-12.647477, 2.2057462, -9.881292), (-12.202643, 2.3216357, -10.4004545), (-11.683404, 2.4451318, -10.953691), (-11.07656, 2.5757, -11.5386095), (-10.367525, 2.7121768, -12.149998), (-9.5410185, 2.8525257, -12.778732), (-8.582406, 2.9935784, -13.410621), (-7.479895, 3.130822, -14.025443), (-6.227641, 3.2583404, -14.5967), (-4.8294463, 3.3690615, -15.092708), (-3.3021746, 3.4554365, -15.47965), (-1.6774281, 3.5105631, -15.726605), (0, 3.5295334, -15.811588), (1.6774281, 3.5105631, -15.726605), (3.3021746, 3.4554365, -15.47965), (4.8294463, 3.3690615, -15.092708), (6.227641, 3.2583404, -14.5967), (7.479895, 3.130822, -14.025443), (8.582406, 2.9935784, -13.410621), (9.5410185, 2.8525257, -12.778732), (10.367525, 2.7121768, -12.149998), (11.07656, 2.5757, -11.5386095), (11.683404, 2.4451318, -10.953691), (12.202643, 2.3216357, -10.4004545), (12.647477, 2.2057462, -9.881292), (-12.503446, 3.2709403, -9.768763), (-12.048973, 3.4385986, -10.26948), (-11.520538, 3.6165702, -10.800998), (-10.905614, 3.8039231, -11.360533), (-10.190559, 3.998823, -11.942607), (-9.361355, 4.198216, -12.5381), (-8.40492, 4.397506, -13.1332855), (-7.311188, 4.590311, -13.709104), (-6.075927, 4.7684436, -14.241102), (-4.703976, 4.922299, -14.700596), (-3.2121089, 5.0417857, -15.0574465), (-1.6302668, 5.117794, -15.284448), (0, 5.1439047, -15.362428), (1.6302668, 5.117794, -15.284448), (3.2121089, 5.0417857, -15.0574465), (4.703976, 4.922299, -14.700596), (6.075927, 4.7684436, -14.241102), (7.311188, 4.590311, -13.709104), (8.40492, 4.397506, -13.1332855), (9.361355, 4.198216, -12.5381), (10.190559, 3.998823, -11.942607), (10.905614, 3.8039231, -11.360533), (11.520538, 3.6165702, -10.800998), (12.048973, 3.4385986, -10.26948), (12.503446, 3.2709403, -9.768763), (-12.309826, 4.293718, -9.61749), (-11.843273, 4.5065265, -10.094159), (-11.30356, 4.731274, -10.59757), (-10.679061, 4.966534, -11.124529), (-9.95737, 5.209758, -11.669325), (-9.126063, 5.4569287, -12.222963), (-8.173974, 5.702232, -12.772417), (-7.0930915, 5.937839, -13.300153), (-5.881021, 6.153973, -13.784271), (-4.543686, 6.339426, -14.199667), (-3.0975606, 6.4826517, -14.520478), (-1.5704591, 6.573392, -14.723726), (0, 6.604496, -14.793396), (1.5704591, 6.573392, -14.723726), (3.0975606, 6.4826517, -14.520478), (4.543686, 6.339426, -14.199667), (5.881021, 6.153973, -13.784271), (7.0930915, 5.937839, -13.300153), (8.173974, 5.702232, -12.772417), (9.126063, 5.4569287, -12.222963), (9.95737, 5.209758, -11.669325), (10.679061, 4.966534, -11.124529), (11.30356, 4.731274, -10.59757), (11.843273, 4.5065265, -10.094159), (12.309826, 4.293718, -9.61749), (-12.073615, 5.2641587, -9.432941), (-11.593655, 5.514429, -9.881406), (-11.041801, 5.7771387, -10.35216), (-10.407512, 6.0503054, -10.841653), (-9.679819, 6.3306766, -11.344055), (-8.848092, 6.6133947, -11.850663), (-7.9032407, 6.8917074, -12.349377), (-6.8393936, 7.1568265, -12.824448), (-5.6559677, 7.398093, -13.256779), (-4.3598094, 7.603597, -13.625025), (-2.966836, 7.761335, -13.907678), (-1.5024332, 7.8608236, -14.085954), (0, 7.8948464, -14.146919), (1.5024332, 7.8608236, -14.085954), (2.966836, 7.761335, -13.907678), (4.3598094, 7.603597, -13.625025), (5.6559677, 7.398093, -13.256779), (6.8393936, 7.1568265, -12.824448), (7.9032407, 6.8917074, -12.349377), (8.848092, 6.6133947, -11.850663), (9.679819, 6.3306766, -11.344055), (10.407512, 6.0503054, -10.841653), (11.041801, 5.7771387, -10.35216), (11.593655, 5.514429, -9.881406), (12.073615, 5.2641587, -9.432941), (-11.802577, 6.1751814, -9.221184), (-11.308982, 6.454832, -9.638777), (-10.745287, 6.746401, -10.074166), (-10.102156, 7.047347, -10.523559), (-9.37016, 7.353789, -10.981157), (-8.540527, 7.6602116, -11.438727), (-7.6062255, 7.9592485, -11.885269), (-6.5634074, 8.241637, -12.306951), (-5.413082, 8.496474, -12.6874895), (-4.1627436, 8.711893, -13.009167), (-2.8275018, 8.876199, -13.2545185), (-1.4301817, 8.97936, -13.4085655), (0, 9.014554, -13.46112), (1.4301817, 8.97936, -13.4085655), (2.8275018, 8.876199, -13.2545185), (4.1627436, 8.711893, -13.009167), (5.413082, 8.496474, -12.6874895), (6.5634074, 8.241637, -12.306951), (7.6062255, 7.9592485, -11.885269), (8.540527, 7.6602116, -11.438727), (9.37016, 7.353789, -10.981157), (10.102156, 7.047347, -10.523559), (10.745287, 6.746401, -10.074166), (11.308982, 6.454832, -9.638777), (11.802577, 6.1751814, -9.221184), (-11.504639, 7.022515, -8.988409), (-10.998142, 7.32365, -9.373844), (-10.423869, 7.635366, -9.772823), (-9.773745, 7.954619, -10.181448), (-9.039893, 8.277024, -10.594109), (-8.215338, 8.596631, -11.003186), (-7.294954, 8.905785, -11.398885), (-6.276667, 9.195175, -11.769288), (-5.1627607, 9.45416, -12.100773), (-3.9610646, 9.67145, -12.378892), (-2.6856835, 9.8361635, -12.589715), (-1.3568981, 9.939125, -12.721499), (0, 9.974171, -12.766356), (1.3568981, 9.939125, -12.721499), (2.6856835, 9.8361635, -12.589715), (3.9610646, 9.67145, -12.378892), (5.1627607, 9.45416, -12.100773), (6.276667, 9.195175, -11.769288), (7.294954, 8.905785, -11.398885), (8.215338, 8.596631, -11.003186), (9.039893, 8.277024, -10.594109), (9.773745, 7.954619, -10.181448), (10.423869, 7.635366, -9.772823), (10.998142, 7.32365, -9.373844), (11.504639, 7.022515, -8.988409)]
                                color3f[] primvars:displayColor = [(0.36666667, 0.73333335, 0.68333334)] (
                                    interpolation = "constant"
                                )
                                float[] primvars:displayOpacity = [0.3] (
                                    interpolation = "constant"
                                )
                                uniform token purpose = "guide"
                                uniform token subdivisionScheme = "none"
                            }
                        }
                    }

                    over "sec_cam_corr_ocorr_0_2"
                    {
                        double aeco:cctv:mountHeight = 3.42

                        over "Sensor_0"
                        {
                            double aeco:cctvSensor:effectiveWidth = 7.679649793158473
                            double aeco:cctvSensor:hfov = 104
                            double aeco:cctvSensor:targetRange = 4.050184687810823
                            double aeco:cctvSensor:vfov = 76.00000000000001
                            float2 clippingRange = (0.05, 24)
                            float focalLength = 3
                            float horizontalAperture = 7.67965
                            float verticalAperture = 4.6877136
                            matrix4d xformOp:transform = ( (-1, 1.2246467991473532e-16, 0, 0), (-1.0605752387249069e-16, -0.8660254037844387, 0.49999999999999994, 0), (6.123233995736765e-17, 0.49999999999999994, 0.8660254037844387, 0), (0, 0, -0.08, 1) )
                            uniform token[] xformOpOrder = ["xformOp:transform"]

                            def Mesh "Sector" (
                                prepend apiSchemas = ["AecoDerivedGeometryAPI", "MaterialBindingAPI"]
                            )
                            {
                                uniform token aeco:derived:approx = "tessellated"
                                uniform token aeco:derived:role = "sector"
                                string aeco:derived:source = "f1de745b-2c2d-5448-930f-14db4f2fcda6"
                                string aeco:derived:stamp = "usdAecoCctv derive 0.5.3"
                                uniform bool doubleSided = 1
                                float3[] extent = [(-18.912258, -14.775875, -24), (18.912258, 14.775875, 0)]
                                int[] faceVertexCounts = [4, 4, 4, 4, 4, 4, 4, 4, 4, 4, 4, 4, 4, 4, 4, 4, 4, 4, 4, 4, 4, 4, 4, 4, 4, 4, 4, 4, 4, 4, 4, 4, 4, 4, 4, 4, 4, 4, 4, 4, 4, 4, 4, 4, 4, 4, 4, 4, 4, 4, 4, 4, 4, 4, 4, 4, 4, 4, 4, 4, 4, 4, 4, 4, 4, 4, 4, 4, 4, 4, 4, 4, 4, 4, 4, 4, 4, 4, 4, 4, 4, 4, 4, 4, 4, 4, 4, 4, 4, 4, 4, 4, 4, 4, 4, 4, 4, 4, 4, 4, 4, 4, 4, 4, 4, 4, 4, 4, 4, 4, 4, 4, 4, 4, 4, 4, 4, 4, 4, 4, 4, 4, 4, 4, 4, 4, 4, 4, 4, 4, 4, 4, 4, 4, 4, 4, 4, 4, 4, 4, 4, 4, 4, 4, 4, 4, 4, 4, 4, 4, 4, 4, 4, 4, 4, 4, 4, 4, 4, 4, 4, 4, 4, 4, 4, 4, 4, 4, 4, 4, 4, 4, 4, 4, 4, 4, 4, 4, 4, 4, 4, 4, 4, 4, 4, 4, 4, 4, 4, 4, 4, 4, 4, 4, 4, 4, 4, 4, 4, 4, 4, 4, 4, 4, 4, 4, 4, 4, 4, 4, 4, 4, 4, 4, 4, 4, 4, 4, 4, 4, 4, 4, 4, 4, 4, 4, 4, 4, 4, 4, 4, 4, 4, 4, 4, 4, 4, 4, 4, 4, 4, 4, 4, 4, 4, 4, 4, 4, 4, 4, 4, 4, 4, 4, 4, 4, 4, 4, 4, 4, 4, 4, 4, 4, 4, 4, 4, 4, 4, 4, 4, 4, 4, 4, 4, 4, 4, 4, 4, 4, 4, 4, 4, 4, 4, 4, 4, 4, 4, 4, 4, 4, 4, 4, 4, 4, 4, 4, 4, 4, 4, 4, 4, 4, 4, 4, 4, 4, 4, 4, 4, 4, 4, 4, 4, 4, 4, 4, 4, 4, 4, 4, 4, 4, 4, 4, 4, 4, 4, 4, 4, 4, 4, 4, 4, 4, 3, 3, 3, 3, 3, 3, 3, 3, 3, 3, 3, 3, 3, 3, 3, 3, 3, 3, 3, 3, 3, 3, 3, 3, 3, 3, 3, 3, 3, 3, 3, 3, 3, 3, 3, 3, 3, 3, 3, 3, 3, 3, 3, 3, 3, 3, 3, 3, 3, 3, 3, 3, 3, 3, 3, 3, 3, 3, 3, 3, 3, 3, 3, 3, 3, 3, 3, 3, 3, 3, 3, 3, 3, 3, 3, 3]
                                int[] faceVertexIndices = [1, 26, 27, 2, 2, 27, 28, 3, 3, 28, 29, 4, 4, 29, 30, 5, 5, 30, 31, 6, 6, 31, 32, 7, 7, 32, 33, 8, 8, 33, 34, 9, 9, 34, 35, 10, 10, 35, 36, 11, 11, 36, 37, 12, 12, 37, 38, 13, 13, 38, 39, 14, 14, 39, 40, 15, 15, 40, 41, 16, 16, 41, 42, 17, 17, 42, 43, 18, 18, 43, 44, 19, 19, 44, 45, 20, 20, 45, 46, 21, 21, 46, 47, 22, 22, 47, 48, 23, 23, 48, 49, 24, 24, 49, 50, 25, 26, 51, 52, 27, 27, 52, 53, 28, 28, 53, 54, 29, 29, 54, 55, 30, 30, 55, 56, 31, 31, 56, 57, 32, 32, 57, 58, 33, 33, 58, 59, 34, 34, 59, 60, 35, 35, 60, 61, 36, 36, 61, 62, 37, 37, 62, 63, 38, 38, 63, 64, 39, 39, 64, 65, 40, 40, 65, 66, 41, 41, 66, 67, 42, 42, 67, 68, 43, 43, 68, 69, 44, 44, 69, 70, 45, 45, 70, 71, 46, 46, 71, 72, 47, 47, 72, 73, 48, 48, 73, 74, 49, 49, 74, 75, 50, 51, 76, 77, 52, 52, 77, 78, 53, 53, 78, 79, 54, 54, 79, 80, 55, 55, 80, 81, 56, 56, 81, 82, 57, 57, 82, 83, 58, 58, 83, 84, 59, 59, 84, 85, 60, 60, 85, 86, 61, 61, 86, 87, 62, 62, 87, 88, 63, 63, 88, 89, 64, 64, 89, 90, 65, 65, 90, 91, 66, 66, 91, 92, 67, 67, 92, 93, 68, 68, 93, 94, 69, 69, 94, 95, 70, 70, 95, 96, 71, 71, 96, 97, 72, 72, 97, 98, 73, 73, 98, 99, 74, 74, 99, 100, 75, 76, 101, 102, 77, 77, 102, 103, 78, 78, 103, 104, 79, 79, 104, 105, 80, 80, 105, 106, 81, 81, 106, 107, 82, 82, 107, 108, 83, 83, 108, 109, 84, 84, 109, 110, 85, 85, 110, 111, 86, 86, 111, 112, 87, 87, 112, 113, 88, 88, 113, 114, 89, 89, 114, 115, 90, 90, 115, 116, 91, 91, 116, 117, 92, 92, 117, 118, 93, 93, 118, 119, 94, 94, 119, 120, 95, 95, 120, 121, 96, 96, 121, 122, 97, 97, 122, 123, 98, 98, 123, 124, 99, 99, 124, 125, 100, 101, 126, 127, 102, 102, 127, 128, 103, 103, 128, 129, 104, 104, 129, 130, 105, 105, 130, 131, 106, 106, 131, 132, 107, 107, 132, 133, 108, 108, 133, 134, 109, 109, 134, 135, 110, 110, 135, 136, 111, 111, 136, 137, 112, 112, 137, 138, 113, 113, 138, 139, 114, 114, 139, 140, 115, 115, 140, 141, 116, 116, 141, 142, 117, 117, 142, 143, 118, 118, 143, 144, 119, 119, 144, 145, 120, 120, 145, 146, 121, 121, 146, 147, 122, 122, 147, 148, 123, 123, 148, 149, 124, 124, 149, 150, 125, 126, 151, 152, 127, 127, 152, 153, 128, 128, 153, 154, 129, 129, 154, 155, 130, 130, 155, 156, 131, 131, 156, 157, 132, 132, 157, 158, 133, 133, 158, 159, 134, 134, 159, 160, 135, 135, 160, 161, 136, 136, 161, 162, 137, 137, 162, 163, 138, 138, 163, 164, 139, 139, 164, 165, 140, 140, 165, 166, 141, 141, 166, 167, 142, 142, 167, 168, 143, 143, 168, 169, 144, 144, 169, 170, 145, 145, 170, 171, 146, 146, 171, 172, 147, 147, 172, 173, 148, 148, 173, 174, 149, 149, 174, 175, 150, 151, 176, 177, 152, 152, 177, 178, 153, 153, 178, 179, 154, 154, 179, 180, 155, 155, 180, 181, 156, 156, 181, 182, 157, 157, 182, 183, 158, 158, 183, 184, 159, 159, 184, 185, 160, 160, 185, 186, 161, 161, 186, 187, 162, 162, 187, 188, 163, 163, 188, 189, 164, 164, 189, 190, 165, 165, 190, 191, 166, 166, 191, 192, 167, 167, 192, 193, 168, 168, 193, 194, 169, 169, 194, 195, 170, 170, 195, 196, 171, 171, 196, 197, 172, 172, 197, 198, 173, 173, 198, 199, 174, 174, 199, 200, 175, 176, 201, 202, 177, 177, 202, 203, 178, 178, 203, 204, 179, 179, 204, 205, 180, 180, 205, 206, 181, 181, 206, 207, 182, 182, 207, 208, 183, 183, 208, 209, 184, 184, 209, 210, 185, 185, 210, 211, 186, 186, 211, 212, 187, 187, 212, 213, 188, 188, 213, 214, 189, 189, 214, 215, 190, 190, 215, 216, 191, 191, 216, 217, 192, 192, 217, 218, 193, 193, 218, 219, 194, 194, 219, 220, 195, 195, 220, 221, 196, 196, 221, 222, 197, 197, 222, 223, 198, 198, 223, 224, 199, 199, 224, 225, 200, 201, 226, 227, 202, 202, 227, 228, 203, 203, 228, 229, 204, 204, 229, 230, 205, 205, 230, 231, 206, 206, 231, 232, 207, 207, 232, 233, 208, 208, 233, 234, 209, 209, 234, 235, 210, 210, 235, 236, 211, 211, 236, 237, 212, 212, 237, 238, 213, 213, 238, 239, 214, 214, 239, 240, 215, 215, 240, 241, 216, 216, 241, 242, 217, 217, 242, 243, 218, 218, 243, 244, 219, 219, 244, 245, 220, 220, 245, 246, 221, 221, 246, 247, 222, 222, 247, 248, 223, 223, 248, 249, 224, 224, 249, 250, 225, 226, 251, 252, 227, 227, 252, 253, 228, 228, 253, 254, 229, 229, 254, 255, 230, 230, 255, 256, 231, 231, 256, 257, 232, 232, 257, 258, 233, 233, 258, 259, 234, 234, 259, 260, 235, 235, 260, 261, 236, 236, 261, 262, 237, 237, 262, 263, 238, 238, 263, 264, 239, 239, 264, 265, 240, 240, 265, 266, 241, 241, 266, 267, 242, 242, 267, 268, 243, 243, 268, 269, 244, 244, 269, 270, 245, 245, 270, 271, 246, 246, 271, 272, 247, 247, 272, 273, 248, 248, 273, 274, 249, 249, 274, 275, 250, 251, 276, 277, 252, 252, 277, 278, 253, 253, 278, 279, 254, 254, 279, 280, 255, 255, 280, 281, 256, 256, 281, 282, 257, 257, 282, 283, 258, 258, 283, 284, 259, 259, 284, 285, 260, 260, 285, 286, 261, 261, 286, 287, 262, 262, 287, 288, 263, 263, 288, 289, 264, 264, 289, 290, 265, 265, 290, 291, 266, 266, 291, 292, 267, 267, 292, 293, 268, 268, 293, 294, 269, 269, 294, 295, 270, 270, 295, 296, 271, 271, 296, 297, 272, 272, 297, 298, 273, 273, 298, 299, 274, 274, 299, 300, 275, 276, 301, 302, 277, 277, 302, 303, 278, 278, 303, 304, 279, 279, 304, 305, 280, 280, 305, 306, 281, 281, 306, 307, 282, 282, 307, 308, 283, 283, 308, 309, 284, 284, 309, 310, 285, 285, 310, 311, 286, 286, 311, 312, 287, 287, 312, 313, 288, 288, 313, 314, 289, 289, 314, 315, 290, 290, 315, 316, 291, 291, 316, 317, 292, 292, 317, 318, 293, 293, 318, 319, 294, 294, 319, 320, 295, 295, 320, 321, 296, 296, 321, 322, 297, 297, 322, 323, 298, 298, 323, 324, 299, 299, 324, 325, 300, 301, 326, 327, 302, 302, 327, 328, 303, 303, 328, 329, 304, 304, 329, 330, 305, 305, 330, 331, 306, 306, 331, 332, 307, 307, 332, 333, 308, 308, 333, 334, 309, 309, 334, 335, 310, 310, 335, 336, 311, 311, 336, 337, 312, 312, 337, 338, 313, 313, 338, 339, 314, 314, 339, 340, 315, 315, 340, 341, 316, 316, 341, 342, 317, 317, 342, 343, 318, 318, 343, 344, 319, 319, 344, 345, 320, 320, 345, 346, 321, 321, 346, 347, 322, 322, 347, 348, 323, 323, 348, 349, 324, 324, 349, 350, 325, 326, 351, 352, 327, 327, 352, 353, 328, 328, 353, 354, 329, 329, 354, 355, 330, 330, 355, 356, 331, 331, 356, 357, 332, 332, 357, 358, 333, 333, 358, 359, 334, 334, 359, 360, 335, 335, 360, 361, 336, 336, 361, 362, 337, 337, 362, 363, 338, 338, 363, 364, 339, 339, 364, 365, 340, 340, 365, 366, 341, 341, 366, 367, 342, 342, 367, 368, 343, 343, 368, 369, 344, 344, 369, 370, 345, 345, 370, 371, 346, 346, 371, 372, 347, 347, 372, 373, 348, 348, 373, 374, 349, 349, 374, 375, 350, 0, 1, 2, 0, 2, 3, 0, 3, 4, 0, 4, 5, 0, 5, 6, 0, 6, 7, 0, 7, 8, 0, 8, 9, 0, 9, 10, 0, 10, 11, 0, 11, 12, 0, 12, 13, 0, 13, 14, 0, 14, 15, 0, 15, 16, 0, 16, 17, 0, 17, 18, 0, 18, 19, 0, 19, 20, 0, 20, 21, 0, 21, 22, 0, 22, 23, 0, 23, 24, 0, 24, 25, 0, 352, 351, 0, 353, 352, 0, 354, 353, 0, 355, 354, 0, 356, 355, 0, 357, 356, 0, 358, 357, 0, 359, 358, 0, 360, 359, 0, 361, 360, 0, 362, 361, 0, 363, 362, 0, 364, 363, 0, 365, 364, 0, 366, 365, 0, 367, 366, 0, 368, 367, 0, 369, 368, 0, 370, 369, 0, 371, 370, 0, 372, 371, 0, 373, 372, 0, 374, 373, 0, 375, 374, 0, 26, 1, 0, 51, 26, 0, 76, 51, 0, 101, 76, 0, 126, 101, 0, 151, 126, 0, 176, 151, 0, 201, 176, 0, 226, 201, 0, 251, 226, 0, 276, 251, 0, 301, 276, 0, 326, 301, 0, 351, 326, 0, 25, 50, 0, 50, 75, 0, 75, 100, 0, 100, 125, 0, 125, 150, 0, 150, 175, 0, 175, 200, 0, 200, 225, 0, 225, 250, 0, 250, 275, 0, 275, 300, 0, 300, 325, 0, 325, 350, 0, 350, 375]
                                rel material:binding = </AecoCctvLooks/Sector>
                                point3f[] points = [(0, 0, 0), (-17.043133, -10.403252, -13.315555), (-16.2928, -10.849357, -13.886543), (-15.442065, -11.311138, -14.477596), (-14.478961, -11.784083, -15.082939), (-13.391824, -12.2617, -15.69426), (-12.170316, -12.735168, -16.300272), (-10.806846, -13.193154, -16.886467), (-9.298343, -13.6218605, -17.435186), (-7.6481857, -14.005524, -17.926252), (-5.867976, -14.327421, -18.338263), (-3.9786088, -14.571429, -18.65058), (-2.0101278, -14.723958, -18.845806), (0, -14.775875, -18.912258), (2.0101278, -14.723958, -18.845806), (3.9786088, -14.571429, -18.65058), (5.867976, -14.327421, -18.338263), (7.6481857, -14.005524, -17.926252), (9.298343, -13.6218605, -17.435186), (10.806846, -13.193154, -16.886467), (12.170316, -12.735168, -16.300272), (13.391824, -12.2617, -15.69426), (14.478961, -11.784083, -15.082939), (15.442065, -11.311138, -14.477596), (16.2928, -10.849357, -13.886543), (17.043133, -10.403252, -13.315555), (-17.484503, -9.148, -13.660391), (-16.753283, -9.562278, -14.279017), (-15.918218, -9.994212, -14.924009), (-14.965474, -10.440039, -15.589746), (-13.881086, -10.894006, -16.26764), (-12.652056, -11.347944, -16.94549), (-11.267968, -11.790942, -17.607004), (-9.723124, -12.209276, -18.231688), (-8.019015, -12.586796, -18.795424), (-6.166746, -12.905919, -19.271961), (-4.1887007, -13.149324, -19.63543), (-2.1186912, -13.302148, -19.863636), (0, -13.354286, -19.94149), (2.1186912, -13.302148, -19.863636), (4.1887007, -13.149324, -19.63543), (6.166746, -12.905919, -19.271961), (8.019015, -12.586796, -18.795424), (9.723124, -12.209276, -18.231688), (11.267968, -11.790942, -17.607004), (12.652056, -11.347944, -16.94549), (13.881086, -10.894006, -16.26764), (14.965474, -10.440039, -15.589746), (15.918218, -9.994212, -14.924009), (16.753283, -9.562278, -14.279017), (17.484503, -9.148, -13.660391), (-17.88602, -7.7983975, -13.974092), (-17.175001, -8.169152, -14.638453), (-16.357477, -8.558334, -15.3358345), (-15.417833, -8.963007, -16.060976), (-14.339818, -9.378352, -16.80524), (-13.107686, -9.797175, -17.555737), (-11.707971, -10.209471, -18.294538), (-10.131973, -10.602222, -18.998316), (-8.378829, -10.959639, -19.638777), (-6.458682, -11.264075, -20.184301), (-4.395112, -11.497749, -20.603027), (-2.2257254, -11.645133, -20.867128), (0, -11.695536, -20.957443), (2.2257254, -11.645133, -20.867128), (4.395112, -11.497749, -20.603027), (6.458682, -11.264075, -20.184301), (8.378829, -10.959639, -19.638777), (10.131973, -10.602222, -18.998316), (11.707971, -10.209471, -18.294538), (13.107686, -9.797175, -17.555737), (14.339818, -9.378352, -16.80524), (15.417833, -8.963007, -16.060976), (16.357477, -8.558334, -15.3358345), (17.175001, -8.169152, -14.638453), (17.88602, -7.7983975, -13.974092), (-18.235947, -6.3607736, -14.247483), (-17.54479, -6.676031, -14.953628), (-16.74525, -7.0089755, -15.699389), (-15.820109, -7.3574924, -16.480032), (-14.750986, -7.717808, -17.2871), (-13.519477, -8.08397, -18.107267), (-12.109039, -8.447366, -18.921236), (-10.507804, -8.796397, -19.703032), (-8.712227, -9.116582, -20.420212), (-6.73108, -9.391314, -21.035583), (-4.5887694, -9.603491, -21.510838), (-2.3265002, -9.737914, -21.811934), (0, -9.783992, -21.915144), (2.3265002, -9.737914, -21.811934), (4.5887694, -9.603491, -21.510838), (6.73108, -9.391314, -21.035583), (8.712227, -9.116582, -20.420212), (10.507804, -8.796397, -19.703032), (12.109039, -8.447366, -18.921236), (13.519477, -8.08397, -18.107267), (14.750986, -7.717808, -17.2871), (15.820109, -7.3574924, -16.480032), (16.74525, -7.0089755, -15.699389), (17.54479, -6.676031, -14.953628), (18.235947, -6.3607736, -14.247483), (-18.52278, -4.8456163, -14.471581), (-17.849518, -5.093988, -15.21335), (-17.066687, -5.3576374, -16.000748), (-16.155727, -5.635185, -16.82965), (-15.0964365, -5.923912, -17.691944), (-13.868041, -6.219296, -18.574116), (-12.451165, -6.514527, -19.455833), (-10.830896, -6.8001504, -20.308857), (-9.000962, -7.0640388, -21.096968), (-6.968536, -7.291962, -21.777668), (-4.7584624, -7.4689713, -22.30631), (-2.4150999, -7.5815716, -22.642593), (0, -7.6202517, -22.758114), (2.4150999, -7.5815716, -22.642593), (4.7584624, -7.4689713, -22.30631), (6.968536, -7.291962, -21.777668), (9.000962, -7.0640388, -21.096968), (10.830896, -6.8001504, -20.308857), (12.451165, -6.514527, -19.455833), (13.868041, -6.219296, -18.574116), (15.0964365, -5.923912, -17.691944), (16.155727, -5.635185, -16.82965), (17.066687, -5.3576374, -16.000748), (17.849518, -5.093988, -15.21335), (18.52278, -4.8456163, -14.471581), (-18.736149, -3.2676232, -14.638284), (-18.077166, -3.4393036, -15.407377), (-17.307957, -3.6222522, -16.22695), (-16.40897, -3.815678, -17.093458), (-15.358597, -4.0178566, -17.999176), (-14.134197, -4.2257714, -18.930592), (-12.714095, -4.434729, -19.86668), (-11.080821, -4.6380434, -20.777487), (-9.225715, -4.826951, -21.623755), (-7.1544085, -4.9909744, -22.358547), (-4.891887, -5.118932, -22.931768), (-2.4849653, -5.200597, -23.297613), (0, -5.2286997, -23.423508), (2.4849653, -5.200597, -23.297613), (4.891887, -5.118932, -22.931768), (7.1544085, -4.9909744, -22.358547), (9.225715, -4.826951, -21.623755), (11.080821, -4.6380434, -20.777487), (12.714095, -4.434729, -19.86668), (14.134197, -4.2257714, -18.930592), (15.358597, -4.0178566, -17.999176), (16.40897, -3.815678, -17.093458), (17.307957, -3.6222522, -16.22695), (18.077166, -3.4393036, -15.407377), (18.736149, -3.2676232, -14.638284), (-18.867765, -1.6452887, -14.741114), (-18.218008, -1.7330499, -15.527419), (-17.457726, -1.8267981, -16.367365), (-16.566755, -1.9261842, -17.257824), (-15.522604, -2.0303805, -18.191381), (-14.30144, -2.1378863, -19.154589), (-12.88008, -2.2463126, -20.126043), (-11.239345, -2.352198, -21.074732), (-9.368925, -2.45094, -21.95942), (-7.273335, -2.5369694, -22.73021), (-4.977539, -2.6042793, -23.333277), (-2.5299118, -2.647331, -23.719006), (0, -2.6621633, -23.851894), (2.5299118, -2.647331, -23.719006), (4.977539, -2.6042793, -23.333277), (7.273335, -2.5369694, -22.73021), (9.368925, -2.45094, -21.95942), (11.239345, -2.352198, -21.074732), (12.88008, -2.2463126, -20.126043), (14.30144, -2.1378863, -19.154589), (15.522604, -2.0303805, -18.191381), (16.566755, -1.9261842, -17.257824), (17.457726, -1.8267981, -16.367365), (18.218008, -1.7330499, -15.527419), (18.867765, -1.6452887, -14.741114), (-18.912258, 0, -14.775875), (-18.265692, 0, -15.568061), (-17.50852, 0, -16.414986), (-16.620369, 0, -17.313675), (-15.578451, 0, -18.25683), (-14.358521, 0, -19.23104), (-12.936871, 0, -20.21478), (-11.293716, 0, -21.176685), (-9.418165, 0, -22.074831), (-7.314315, 0, -22.858276), (-5.007105, 0, -23.471874), (-2.5454447, 0, -23.864634), (0, 0, -24), (2.5454447, 0, -23.864634), (5.007105, 0, -23.471874), (7.314315, 0, -22.858276), (9.418165, 0, -22.074831), (11.293716, 0, -21.176685), (12.936871, 0, -20.21478), (14.358521, 0, -19.23104), (15.578451, 0, -18.25683), (16.620369, 0, -17.313675), (17.50852, 0, -16.414986), (18.265692, 0, -15.568061), (18.912258, 0, -14.775875), (-18.867765, 1.6452887, -14.741114), (-18.218008, 1.7330499, -15.527419), (-17.457726, 1.8267981, -16.367365), (-16.566755, 1.9261842, -17.257824), (-15.522604, 2.0303805, -18.191381), (-14.30144, 2.1378863, -19.154589), (-12.88008, 2.2463126, -20.126043), (-11.239345, 2.352198, -21.074732), (-9.368925, 2.45094, -21.95942), (-7.273335, 2.5369694, -22.73021), (-4.977539, 2.6042793, -23.333277), (-2.5299118, 2.647331, -23.719006), (0, 2.6621633, -23.851894), (2.5299118, 2.647331, -23.719006), (4.977539, 2.6042793, -23.333277), (7.273335, 2.5369694, -22.73021), (9.368925, 2.45094, -21.95942), (11.239345, 2.352198, -21.074732), (12.88008, 2.2463126, -20.126043), (14.30144, 2.1378863, -19.154589), (15.522604, 2.0303805, -18.191381), (16.566755, 1.9261842, -17.257824), (17.457726, 1.8267981, -16.367365), (18.218008, 1.7330499, -15.527419), (18.867765, 1.6452887, -14.741114), (-18.736149, 3.2676232, -14.638284), (-18.077166, 3.4393036, -15.407377), (-17.307957, 3.6222522, -16.22695), (-16.40897, 3.815678, -17.093458), (-15.358597, 4.0178566, -17.999176), (-14.134197, 4.2257714, -18.930592), (-12.714095, 4.434729, -19.86668), (-11.080821, 4.6380434, -20.777487), (-9.225715, 4.826951, -21.623755), (-7.1544085, 4.9909744, -22.358547), (-4.891887, 5.118932, -22.931768), (-2.4849653, 5.200597, -23.297613), (0, 5.2286997, -23.423508), (2.4849653, 5.200597, -23.297613), (4.891887, 5.118932, -22.931768), (7.1544085, 4.9909744, -22.358547), (9.225715, 4.826951, -21.623755), (11.080821, 4.6380434, -20.777487), (12.714095, 4.434729, -19.86668), (14.134197, 4.2257714, -18.930592), (15.358597, 4.0178566, -17.999176), (16.40897, 3.815678, -17.093458), (17.307957, 3.6222522, -16.22695), (18.077166, 3.4393036, -15.407377), (18.736149, 3.2676232, -14.638284), (-18.52278, 4.8456163, -14.471581), (-17.849518, 5.093988, -15.21335), (-17.066687, 5.3576374, -16.000748), (-16.155727, 5.635185, -16.82965), (-15.0964365, 5.923912, -17.691944), (-13.868041, 6.219296, -18.574116), (-12.451165, 6.514527, -19.455833), (-10.830896, 6.8001504, -20.308857), (-9.000962, 7.0640388, -21.096968), (-6.968536, 7.291962, -21.777668), (-4.7584624, 7.4689713, -22.30631), (-2.4150999, 7.5815716, -22.642593), (0, 7.6202517, -22.758114), (2.4150999, 7.5815716, -22.642593), (4.7584624, 7.4689713, -22.30631), (6.968536, 7.291962, -21.777668), (9.000962, 7.0640388, -21.096968), (10.830896, 6.8001504, -20.308857), (12.451165, 6.514527, -19.455833), (13.868041, 6.219296, -18.574116), (15.0964365, 5.923912, -17.691944), (16.155727, 5.635185, -16.82965), (17.066687, 5.3576374, -16.000748), (17.849518, 5.093988, -15.21335), (18.52278, 4.8456163, -14.471581), (-18.235947, 6.3607736, -14.247483), (-17.54479, 6.676031, -14.953628), (-16.74525, 7.0089755, -15.699389), (-15.820109, 7.3574924, -16.480032), (-14.750986, 7.717808, -17.2871), (-13.519477, 8.08397, -18.107267), (-12.109039, 8.447366, -18.921236), (-10.507804, 8.796397, -19.703032), (-8.712227, 9.116582, -20.420212), (-6.73108, 9.391314, -21.035583), (-4.5887694, 9.603491, -21.510838), (-2.3265002, 9.737914, -21.811934), (0, 9.783992, -21.915144), (2.3265002, 9.737914, -21.811934), (4.5887694, 9.603491, -21.510838), (6.73108, 9.391314, -21.035583), (8.712227, 9.116582, -20.420212), (10.507804, 8.796397, -19.703032), (12.109039, 8.447366, -18.921236), (13.519477, 8.08397, -18.107267), (14.750986, 7.717808, -17.2871), (15.820109, 7.3574924, -16.480032), (16.74525, 7.0089755, -15.699389), (17.54479, 6.676031, -14.953628), (18.235947, 6.3607736, -14.247483), (-17.88602, 7.7983975, -13.974092), (-17.175001, 8.169152, -14.638453), (-16.357477, 8.558334, -15.3358345), (-15.417833, 8.963007, -16.060976), (-14.339818, 9.378352, -16.80524), (-13.107686, 9.797175, -17.555737), (-11.707971, 10.209471, -18.294538), (-10.131973, 10.602222, -18.998316), (-8.378829, 10.959639, -19.638777), (-6.458682, 11.264075, -20.184301), (-4.395112, 11.497749, -20.603027), (-2.2257254, 11.645133, -20.867128), (0, 11.695536, -20.957443), (2.2257254, 11.645133, -20.867128), (4.395112, 11.497749, -20.603027), (6.458682, 11.264075, -20.184301), (8.378829, 10.959639, -19.638777), (10.131973, 10.602222, -18.998316), (11.707971, 10.209471, -18.294538), (13.107686, 9.797175, -17.555737), (14.339818, 9.378352, -16.80524), (15.417833, 8.963007, -16.060976), (16.357477, 8.558334, -15.3358345), (17.175001, 8.169152, -14.638453), (17.88602, 7.7983975, -13.974092), (-17.484503, 9.148, -13.660391), (-16.753283, 9.562278, -14.279017), (-15.918218, 9.994212, -14.924009), (-14.965474, 10.440039, -15.589746), (-13.881086, 10.894006, -16.26764), (-12.652056, 11.347944, -16.94549), (-11.267968, 11.790942, -17.607004), (-9.723124, 12.209276, -18.231688), (-8.019015, 12.586796, -18.795424), (-6.166746, 12.905919, -19.271961), (-4.1887007, 13.149324, -19.63543), (-2.1186912, 13.302148, -19.863636), (0, 13.354286, -19.94149), (2.1186912, 13.302148, -19.863636), (4.1887007, 13.149324, -19.63543), (6.166746, 12.905919, -19.271961), (8.019015, 12.586796, -18.795424), (9.723124, 12.209276, -18.231688), (11.267968, 11.790942, -17.607004), (12.652056, 11.347944, -16.94549), (13.881086, 10.894006, -16.26764), (14.965474, 10.440039, -15.589746), (15.918218, 9.994212, -14.924009), (16.753283, 9.562278, -14.279017), (17.484503, 9.148, -13.660391), (-17.043133, 10.403252, -13.315555), (-16.2928, 10.849357, -13.886543), (-15.442065, 11.311138, -14.477596), (-14.478961, 11.784083, -15.082939), (-13.391824, 12.2617, -15.69426), (-12.170316, 12.735168, -16.300272), (-10.806846, 13.193154, -16.886467), (-9.298343, 13.6218605, -17.435186), (-7.6481857, 14.005524, -17.926252), (-5.867976, 14.327421, -18.338263), (-3.9786088, 14.571429, -18.65058), (-2.0101278, 14.723958, -18.845806), (0, 14.775875, -18.912258), (2.0101278, 14.723958, -18.845806), (3.9786088, 14.571429, -18.65058), (5.867976, 14.327421, -18.338263), (7.6481857, 14.005524, -17.926252), (9.298343, 13.6218605, -17.435186), (10.806846, 13.193154, -16.886467), (12.170316, 12.735168, -16.300272), (13.391824, 12.2617, -15.69426), (14.478961, 11.784083, -15.082939), (15.442065, 11.311138, -14.477596), (16.2928, 10.849357, -13.886543), (17.043133, 10.403252, -13.315555)]
                                color3f[] primvars:displayColor = [(0, 0.85, 0.95)] (
                                    interpolation = "constant"
                                )
                                float[] primvars:displayOpacity = [0.3] (
                                    interpolation = "constant"
                                )
                                uniform token purpose = "guide"
                                uniform token subdivisionScheme = "none"
                            }

                            def Mesh "Shell_identify" (
                                prepend apiSchemas = ["AecoDerivedGeometryAPI", "MaterialBindingAPI"]
                            )
                            {
                                uniform token aeco:derived:approx = "tessellated"
                                uniform token aeco:derived:role = "coverage"
                                string aeco:derived:source = "f1de745b-2c2d-5448-930f-14db4f2fcda6"
                                string aeco:derived:stamp = "usdAecoCctv derive 0.5.3"
                                uniform bool doubleSided = 1
                                float3[] extent = [(-3.191589, -2.4935427, -4.0501847), (3.191589, 2.4935427, 0)]
                                int[] faceVertexCounts = [4, 4, 4, 4, 4, 4, 4, 4, 4, 4, 4, 4, 4, 4, 4, 4, 4, 4, 4, 4, 4, 4, 4, 4, 4, 4, 4, 4, 4, 4, 4, 4, 4, 4, 4, 4, 4, 4, 4, 4, 4, 4, 4, 4, 4, 4, 4, 4, 4, 4, 4, 4, 4, 4, 4, 4, 4, 4, 4, 4, 4, 4, 4, 4, 4, 4, 4, 4, 4, 4, 4, 4, 4, 4, 4, 4, 4, 4, 4, 4, 4, 4, 4, 4, 4, 4, 4, 4, 4, 4, 4, 4, 4, 4, 4, 4, 4, 4, 4, 4, 4, 4, 4, 4, 4, 4, 4, 4, 4, 4, 4, 4, 4, 4, 4, 4, 4, 4, 4, 4, 4, 4, 4, 4, 4, 4, 4, 4, 4, 4, 4, 4, 4, 4, 4, 4, 4, 4, 4, 4, 4, 4, 4, 4, 4, 4, 4, 4, 4, 4, 4, 4, 4, 4, 4, 4, 4, 4, 4, 4, 4, 4, 4, 4, 4, 4, 4, 4, 4, 4, 4, 4, 4, 4, 4, 4, 4, 4, 4, 4, 4, 4, 4, 4, 4, 4, 4, 4, 4, 4, 4, 4, 4, 4, 4, 4, 4, 4, 4, 4, 4, 4, 4, 4, 4, 4, 4, 4, 4, 4, 4, 4, 4, 4, 4, 4, 4, 4, 4, 4, 4, 4, 4, 4, 4, 4, 4, 4, 4, 4, 4, 4, 4, 4, 4, 4, 4, 4, 4, 4, 4, 4, 4, 4, 4, 4, 4, 4, 4, 4, 4, 4, 4, 4, 4, 4, 4, 4, 4, 4, 4, 4, 4, 4, 4, 4, 4, 4, 4, 4, 4, 4, 4, 4, 4, 4, 4, 4, 4, 4, 4, 4, 4, 4, 4, 4, 4, 4, 4, 4, 4, 4, 4, 4, 4, 4, 4, 4, 4, 4, 4, 4, 4, 4, 4, 4, 4, 4, 4, 4, 4, 4, 4, 4, 4, 4, 4, 4, 4, 4, 4, 4, 4, 4, 4, 4, 4, 4, 4, 4, 4, 4, 4, 4, 4, 4, 3, 3, 3, 3, 3, 3, 3, 3, 3, 3, 3, 3, 3, 3, 3, 3, 3, 3, 3, 3, 3, 3, 3, 3, 3, 3, 3, 3, 3, 3, 3, 3, 3, 3, 3, 3, 3, 3, 3, 3, 3, 3, 3, 3, 3, 3, 3, 3, 3, 3, 3, 3, 3, 3, 3, 3, 3, 3, 3, 3, 3, 3, 3, 3, 3, 3, 3, 3, 3, 3, 3, 3, 3, 3, 3, 3]
                                int[] faceVertexIndices = [1, 26, 27, 2, 2, 27, 28, 3, 3, 28, 29, 4, 4, 29, 30, 5, 5, 30, 31, 6, 6, 31, 32, 7, 7, 32, 33, 8, 8, 33, 34, 9, 9, 34, 35, 10, 10, 35, 36, 11, 11, 36, 37, 12, 12, 37, 38, 13, 13, 38, 39, 14, 14, 39, 40, 15, 15, 40, 41, 16, 16, 41, 42, 17, 17, 42, 43, 18, 18, 43, 44, 19, 19, 44, 45, 20, 20, 45, 46, 21, 21, 46, 47, 22, 22, 47, 48, 23, 23, 48, 49, 24, 24, 49, 50, 25, 26, 51, 52, 27, 27, 52, 53, 28, 28, 53, 54, 29, 29, 54, 55, 30, 30, 55, 56, 31, 31, 56, 57, 32, 32, 57, 58, 33, 33, 58, 59, 34, 34, 59, 60, 35, 35, 60, 61, 36, 36, 61, 62, 37, 37, 62, 63, 38, 38, 63, 64, 39, 39, 64, 65, 40, 40, 65, 66, 41, 41, 66, 67, 42, 42, 67, 68, 43, 43, 68, 69, 44, 44, 69, 70, 45, 45, 70, 71, 46, 46, 71, 72, 47, 47, 72, 73, 48, 48, 73, 74, 49, 49, 74, 75, 50, 51, 76, 77, 52, 52, 77, 78, 53, 53, 78, 79, 54, 54, 79, 80, 55, 55, 80, 81, 56, 56, 81, 82, 57, 57, 82, 83, 58, 58, 83, 84, 59, 59, 84, 85, 60, 60, 85, 86, 61, 61, 86, 87, 62, 62, 87, 88, 63, 63, 88, 89, 64, 64, 89, 90, 65, 65, 90, 91, 66, 66, 91, 92, 67, 67, 92, 93, 68, 68, 93, 94, 69, 69, 94, 95, 70, 70, 95, 96, 71, 71, 96, 97, 72, 72, 97, 98, 73, 73, 98, 99, 74, 74, 99, 100, 75, 76, 101, 102, 77, 77, 102, 103, 78, 78, 103, 104, 79, 79, 104, 105, 80, 80, 105, 106, 81, 81, 106, 107, 82, 82, 107, 108, 83, 83, 108, 109, 84, 84, 109, 110, 85, 85, 110, 111, 86, 86, 111, 112, 87, 87, 112, 113, 88, 88, 113, 114, 89, 89, 114, 115, 90, 90, 115, 116, 91, 91, 116, 117, 92, 92, 117, 118, 93, 93, 118, 119, 94, 94, 119, 120, 95, 95, 120, 121, 96, 96, 121, 122, 97, 97, 122, 123, 98, 98, 123, 124, 99, 99, 124, 125, 100, 101, 126, 127, 102, 102, 127, 128, 103, 103, 128, 129, 104, 104, 129, 130, 105, 105, 130, 131, 106, 106, 131, 132, 107, 107, 132, 133, 108, 108, 133, 134, 109, 109, 134, 135, 110, 110, 135, 136, 111, 111, 136, 137, 112, 112, 137, 138, 113, 113, 138, 139, 114, 114, 139, 140, 115, 115, 140, 141, 116, 116, 141, 142, 117, 117, 142, 143, 118, 118, 143, 144, 119, 119, 144, 145, 120, 120, 145, 146, 121, 121, 146, 147, 122, 122, 147, 148, 123, 123, 148, 149, 124, 124, 149, 150, 125, 126, 151, 152, 127, 127, 152, 153, 128, 128, 153, 154, 129, 129, 154, 155, 130, 130, 155, 156, 131, 131, 156, 157, 132, 132, 157, 158, 133, 133, 158, 159, 134, 134, 159, 160, 135, 135, 160, 161, 136, 136, 161, 162, 137, 137, 162, 163, 138, 138, 163, 164, 139, 139, 164, 165, 140, 140, 165, 166, 141, 141, 166, 167, 142, 142, 167, 168, 143, 143, 168, 169, 144, 144, 169, 170, 145, 145, 170, 171, 146, 146, 171, 172, 147, 147, 172, 173, 148, 148, 173, 174, 149, 149, 174, 175, 150, 151, 176, 177, 152, 152, 177, 178, 153, 153, 178, 179, 154, 154, 179, 180, 155, 155, 180, 181, 156, 156, 181, 182, 157, 157, 182, 183, 158, 158, 183, 184, 159, 159, 184, 185, 160, 160, 185, 186, 161, 161, 186, 187, 162, 162, 187, 188, 163, 163, 188, 189, 164, 164, 189, 190, 165, 165, 190, 191, 166, 166, 191, 192, 167, 167, 192, 193, 168, 168, 193, 194, 169, 169, 194, 195, 170, 170, 195, 196, 171, 171, 196, 197, 172, 172, 197, 198, 173, 173, 198, 199, 174, 174, 199, 200, 175, 176, 201, 202, 177, 177, 202, 203, 178, 178, 203, 204, 179, 179, 204, 205, 180, 180, 205, 206, 181, 181, 206, 207, 182, 182, 207, 208, 183, 183, 208, 209, 184, 184, 209, 210, 185, 185, 210, 211, 186, 186, 211, 212, 187, 187, 212, 213, 188, 188, 213, 214, 189, 189, 214, 215, 190, 190, 215, 216, 191, 191, 216, 217, 192, 192, 217, 218, 193, 193, 218, 219, 194, 194, 219, 220, 195, 195, 220, 221, 196, 196, 221, 222, 197, 197, 222, 223, 198, 198, 223, 224, 199, 199, 224, 225, 200, 201, 226, 227, 202, 202, 227, 228, 203, 203, 228, 229, 204, 204, 229, 230, 205, 205, 230, 231, 206, 206, 231, 232, 207, 207, 232, 233, 208, 208, 233, 234, 209, 209, 234, 235, 210, 210, 235, 236, 211, 211, 236, 237, 212, 212, 237, 238, 213, 213, 238, 239, 214, 214, 239, 240, 215, 215, 240, 241, 216, 216, 241, 242, 217, 217, 242, 243, 218, 218, 243, 244, 219, 219, 244, 245, 220, 220, 245, 246, 221, 221, 246, 247, 222, 222, 247, 248, 223, 223, 248, 249, 224, 224, 249, 250, 225, 226, 251, 252, 227, 227, 252, 253, 228, 228, 253, 254, 229, 229, 254, 255, 230, 230, 255, 256, 231, 231, 256, 257, 232, 232, 257, 258, 233, 233, 258, 259, 234, 234, 259, 260, 235, 235, 260, 261, 236, 236, 261, 262, 237, 237, 262, 263, 238, 238, 263, 264, 239, 239, 264, 265, 240, 240, 265, 266, 241, 241, 266, 267, 242, 242, 267, 268, 243, 243, 268, 269, 244, 244, 269, 270, 245, 245, 270, 271, 246, 246, 271, 272, 247, 247, 272, 273, 248, 248, 273, 274, 249, 249, 274, 275, 250, 251, 276, 277, 252, 252, 277, 278, 253, 253, 278, 279, 254, 254, 279, 280, 255, 255, 280, 281, 256, 256, 281, 282, 257, 257, 282, 283, 258, 258, 283, 284, 259, 259, 284, 285, 260, 260, 285, 286, 261, 261, 286, 287, 262, 262, 287, 288, 263, 263, 288, 289, 264, 264, 289, 290, 265, 265, 290, 291, 266, 266, 291, 292, 267, 267, 292, 293, 268, 268, 293, 294, 269, 269, 294, 295, 270, 270, 295, 296, 271, 271, 296, 297, 272, 272, 297, 298, 273, 273, 298, 299, 274, 274, 299, 300, 275, 276, 301, 302, 277, 277, 302, 303, 278, 278, 303, 304, 279, 279, 304, 305, 280, 280, 305, 306, 281, 281, 306, 307, 282, 282, 307, 308, 283, 283, 308, 309, 284, 284, 309, 310, 285, 285, 310, 311, 286, 286, 311, 312, 287, 287, 312, 313, 288, 288, 313, 314, 289, 289, 314, 315, 290, 290, 315, 316, 291, 291, 316, 317, 292, 292, 317, 318, 293, 293, 318, 319, 294, 294, 319, 320, 295, 295, 320, 321, 296, 296, 321, 322, 297, 297, 322, 323, 298, 298, 323, 324, 299, 299, 324, 325, 300, 301, 326, 327, 302, 302, 327, 328, 303, 303, 328, 329, 304, 304, 329, 330, 305, 305, 330, 331, 306, 306, 331, 332, 307, 307, 332, 333, 308, 308, 333, 334, 309, 309, 334, 335, 310, 310, 335, 336, 311, 311, 336, 337, 312, 312, 337, 338, 313, 313, 338, 339, 314, 314, 339, 340, 315, 315, 340, 341, 316, 316, 341, 342, 317, 317, 342, 343, 318, 318, 343, 344, 319, 319, 344, 345, 320, 320, 345, 346, 321, 321, 346, 347, 322, 322, 347, 348, 323, 323, 348, 349, 324, 324, 349, 350, 325, 326, 351, 352, 327, 327, 352, 353, 328, 328, 353, 354, 329, 329, 354, 355, 330, 330, 355, 356, 331, 331, 356, 357, 332, 332, 357, 358, 333, 333, 358, 359, 334, 334, 359, 360, 335, 335, 360, 361, 336, 336, 361, 362, 337, 337, 362, 363, 338, 338, 363, 364, 339, 339, 364, 365, 340, 340, 365, 366, 341, 341, 366, 367, 342, 342, 367, 368, 343, 343, 368, 369, 344, 344, 369, 370, 345, 345, 370, 371, 346, 346, 371, 372, 347, 347, 372, 373, 348, 348, 373, 374, 349, 349, 374, 375, 350, 0, 1, 2, 0, 2, 3, 0, 3, 4, 0, 4, 5, 0, 5, 6, 0, 6, 7, 0, 7, 8, 0, 8, 9, 0, 9, 10, 0, 10, 11, 0, 11, 12, 0, 12, 13, 0, 13, 14, 0, 14, 15, 0, 15, 16, 0, 16, 17, 0, 17, 18, 0, 18, 19, 0, 19, 20, 0, 20, 21, 0, 21, 22, 0, 22, 23, 0, 23, 24, 0, 24, 25, 0, 352, 351, 0, 353, 352, 0, 354, 353, 0, 355, 354, 0, 356, 355, 0, 357, 356, 0, 358, 357, 0, 359, 358, 0, 360, 359, 0, 361, 360, 0, 362, 361, 0, 363, 362, 0, 364, 363, 0, 365, 364, 0, 366, 365, 0, 367, 366, 0, 368, 367, 0, 369, 368, 0, 370, 369, 0, 371, 370, 0, 372, 371, 0, 373, 372, 0, 374, 373, 0, 375, 374, 0, 26, 1, 0, 51, 26, 0, 76, 51, 0, 101, 76, 0, 126, 101, 0, 151, 126, 0, 176, 151, 0, 201, 176, 0, 226, 201, 0, 251, 226, 0, 276, 251, 0, 301, 276, 0, 326, 301, 0, 351, 326, 0, 25, 50, 0, 50, 75, 0, 75, 100, 0, 100, 125, 0, 125, 150, 0, 150, 175, 0, 175, 200, 0, 200, 225, 0, 225, 250, 0, 250, 275, 0, 275, 300, 0, 300, 325, 0, 325, 350, 0, 350, 375]
                                rel material:binding = </AecoCctvLooks/Shell_identify>
                                point3f[] points = [(0, 0, 0), (-2.8761597, -1.7556287, -2.2471023), (-2.7495356, -1.8309125, -2.343461), (-2.6059673, -1.9088415, -2.4432058), (-2.4434361, -1.9886547, -2.545362), (-2.2599733, -2.069256, -2.6485271), (-2.0538344, -2.1491578, -2.7507966), (-1.8237385, -2.2264462, -2.8497212), (-1.5691668, -2.2987938, -2.942322), (-1.2906902, -2.36354, -3.0251932), (-0.99026614, -2.4178624, -3.094723), (-0.6714209, -2.4590409, -3.1474288), (-0.33922452, -2.4847813, -3.1803749), (0, -2.4935427, -3.191589), (0.33922452, -2.4847813, -3.1803749), (0.6714209, -2.4590409, -3.1474288), (0.99026614, -2.4178624, -3.094723), (1.2906902, -2.36354, -3.0251932), (1.5691668, -2.2987938, -2.942322), (1.8237385, -2.2264462, -2.8497212), (2.0538344, -2.1491578, -2.7507966), (2.2599733, -2.069256, -2.6485271), (2.4434361, -1.9886547, -2.545362), (2.6059673, -1.9088415, -2.4432058), (2.7495356, -1.8309125, -2.343461), (2.8761597, -1.7556287, -2.2471023), (-2.9506443, -1.5437953, -2.305296), (-2.8272455, -1.613708, -2.4096942), (-2.6863217, -1.6866002, -2.5185416), (-2.525539, -1.7618368, -2.6308897), (-2.34254, -1.8384472, -2.7452893), (-2.1351318, -1.9150529, -2.8596818), (-1.9015564, -1.9898121, -2.9713173), (-1.6408519, -2.0604093, -3.0767376), (-1.3532705, -2.1241186, -3.1718724), (-1.0406859, -2.1779733, -3.2522917), (-0.70687544, -2.2190497, -3.3136296), (-0.35754544, -2.24484, -3.3521414), (0, -2.2536385, -3.36528), (0.35754544, -2.24484, -3.3521414), (0.70687544, -2.2190497, -3.3136296), (1.0406859, -2.1779733, -3.2522917), (1.3532705, -2.1241186, -3.1718724), (1.6408519, -2.0604093, -3.0767376), (1.9015564, -1.9898121, -2.9713173), (2.1351318, -1.9150529, -2.8596818), (2.34254, -1.8384472, -2.7452893), (2.525539, -1.7618368, -2.6308897), (2.6863217, -1.6866002, -2.5185416), (2.8272455, -1.613708, -2.4096942), (2.9506443, -1.5437953, -2.305296), (-3.0184038, -1.3160397, -2.3582354), (-2.8984137, -1.3786073, -2.4703515), (-2.7604504, -1.4442847, -2.58804), (-2.601878, -1.5125763, -2.7104132), (-2.4199548, -1.5826691, -2.8360138), (-2.212023, -1.6533487, -2.9626658), (-1.9758102, -1.7229269, -3.0873442), (-1.7098484, -1.7892066, -3.206112), (-1.4139919, -1.8495233, -3.3141947), (-1.0899523, -1.9008993, -3.4062562), (-0.741709, -1.9403337, -3.4769194), (-0.3756083, -1.9652059, -3.5214884), (0, -1.9737116, -3.5367298), (0.3756083, -1.9652059, -3.5214884), (0.741709, -1.9403337, -3.4769194), (1.0899523, -1.9008993, -3.4062562), (1.4139919, -1.8495233, -3.3141947), (1.7098484, -1.7892066, -3.206112), (1.9758102, -1.7229269, -3.0873442), (2.212023, -1.6533487, -2.9626658), (2.4199548, -1.5826691, -2.8360138), (2.601878, -1.5125763, -2.7104132), (2.7604504, -1.4442847, -2.58804), (2.8984137, -1.3786073, -2.4703515), (3.0184038, -1.3160397, -2.3582354), (-3.0774565, -1.0734295, -2.4043725), (-2.9608183, -1.1266316, -2.5235398), (-2.82589, -1.1828185, -2.6493926), (-2.6697652, -1.2416335, -2.7811322), (-2.4893425, -1.3024395, -2.9173312), (-2.2815158, -1.3642322, -3.0557408), (-2.0434935, -1.425558, -3.1931043), (-1.7732729, -1.4844598, -3.3250382), (-1.4702553, -1.5384933, -3.4460678), (-1.1359215, -1.5848565, -3.5499167), (-0.77439016, -1.6206629, -3.6301196), (-0.39261478, -1.643348, -3.6809316), (0, -1.651124, -3.698349), (0.39261478, -1.643348, -3.6809316), (0.77439016, -1.6206629, -3.6301196), (1.1359215, -1.5848565, -3.5499167), (1.4702553, -1.5384933, -3.4460678), (1.7732729, -1.4844598, -3.3250382), (2.0434935, -1.425558, -3.1931043), (2.2815158, -1.3642322, -3.0557408), (2.4893425, -1.3024395, -2.9173312), (2.6697652, -1.2416335, -2.7811322), (2.82589, -1.1828185, -2.6493926), (2.9608183, -1.1266316, -2.5235398), (3.0774565, -1.0734295, -2.4043725), (-3.1258614, -0.8177351, -2.4421906), (-3.0122433, -0.85964966, -2.56737), (-2.8801346, -0.90414256, -2.7002494), (-2.7264035, -0.9509808, -2.8401332), (-2.5476398, -0.99970573, -2.9856517), (-2.3403387, -1.049554, -3.134525), (-2.10123, -1.0993766, -3.2833214), (-1.827797, -1.1475778, -3.427276), (-1.5189817, -1.1921109, -3.5602756), (-1.175994, -1.2305747, -3.675149), (-0.8030272, -1.2604464, -3.7643616), (-0.4075667, -1.2794485, -3.821112), (0, -1.2859762, -3.840607), (0.4075667, -1.2794485, -3.821112), (0.8030272, -1.2604464, -3.7643616), (1.175994, -1.2305747, -3.675149), (1.5189817, -1.1921109, -3.5602756), (1.827797, -1.1475778, -3.427276), (2.10123, -1.0993766, -3.2833214), (2.3403387, -1.049554, -3.134525), (2.5476398, -0.99970573, -2.9856517), (2.7264035, -0.9509808, -2.8401332), (2.8801346, -0.90414256, -2.7002494), (3.0122433, -0.85964966, -2.56737), (3.1258614, -0.8177351, -2.4421906), (-3.1618693, -0.55143654, -2.470323), (-3.0506608, -0.58040893, -2.6001136), (-2.920851, -0.61128294, -2.7384226), (-2.76914, -0.643925, -2.8846524), (-2.5918813, -0.6780442, -3.0374994), (-2.3852546, -0.7131314, -3.194683), (-2.1456015, -0.7483946, -3.3526552), (-1.8699738, -0.7827055, -3.5063608), (-1.5569103, -0.8145851, -3.649175), (-1.2073616, -0.84226537, -3.773177), (-0.82554364, -0.8638591, -3.8699124), (-0.41935703, -0.8776408, -3.9316514), (0, -0.88238335, -3.952897), (0.41935703, -0.8776408, -3.9316514), (0.82554364, -0.8638591, -3.8699124), (1.2073616, -0.84226537, -3.773177), (1.5569103, -0.8145851, -3.649175), (1.8699738, -0.7827055, -3.5063608), (2.1456015, -0.7483946, -3.3526552), (2.3852546, -0.7131314, -3.194683), (2.5918813, -0.6780442, -3.0374994), (2.76914, -0.643925, -2.8846524), (2.920851, -0.61128294, -2.7384226), (3.0506608, -0.58040893, -2.6001136), (3.1618693, -0.55143654, -2.470323), (-3.1840806, -0.27765512, -2.4876764), (-3.074429, -0.2924655, -2.6203713), (-2.9461255, -0.30828622, -2.7621186), (-2.7957673, -0.3250584, -2.9123905), (-2.6195588, -0.34264234, -3.0699356), (-2.4134781, -0.36078477, -3.232484), (-2.1736126, -0.37908253, -3.3964248), (-1.8967258, -0.3969515, -3.556523), (-1.5810783, -0.41361496, -3.705821), (-1.2274313, -0.4281331, -3.8358977), (-0.839998, -0.43949217, -3.9376702), (-0.42694208, -0.4467575, -4.0027647), (0, -0.44926053, -4.025191), (0.42694208, -0.4467575, -4.0027647), (0.839998, -0.43949217, -3.9376702), (1.2274313, -0.4281331, -3.8358977), (1.5810783, -0.41361496, -3.705821), (1.8967258, -0.3969515, -3.556523), (2.1736126, -0.37908253, -3.3964248), (2.4134781, -0.36078477, -3.232484), (2.6195588, -0.34264234, -3.0699356), (2.7957673, -0.3250584, -2.9123905), (2.9461255, -0.30828622, -2.7621186), (3.074429, -0.2924655, -2.6203713), (3.1840806, -0.27765512, -2.4876764), (-3.191589, 0, -2.4935427), (-3.082476, 0, -2.62723), (-2.9546974, 0, -2.7701552), (-2.8048153, 0, -2.9218159), (-2.6289835, 0, -3.0809805), (-2.423111, 0, -3.245386), (-2.1831963, 0, -3.4113998), (-1.9059016, 0, -3.5737286), (-1.5893879, 0, -3.7252977), (-1.2343469, 0, -3.85751), (-0.8449875, 0, -3.9610596), (-0.4295634, 0, -4.0273404), (0, 0, -4.0501847), (0.4295634, 0, -4.0273404), (0.8449875, 0, -3.9610596), (1.2343469, 0, -3.85751), (1.5893879, 0, -3.7252977), (1.9059016, 0, -3.5737286), (2.1831963, 0, -3.4113998), (2.423111, 0, -3.245386), (2.6289835, 0, -3.0809805), (2.8048153, 0, -2.9218159), (2.9546974, 0, -2.7701552), (3.082476, 0, -2.62723), (3.191589, 0, -2.4935427), (-3.1840806, 0.27765512, -2.4876764), (-3.074429, 0.2924655, -2.6203713), (-2.9461255, 0.30828622, -2.7621186), (-2.7957673, 0.3250584, -2.9123905), (-2.6195588, 0.34264234, -3.0699356), (-2.4134781, 0.36078477, -3.232484), (-2.1736126, 0.37908253, -3.3964248), (-1.8967258, 0.3969515, -3.556523), (-1.5810783, 0.41361496, -3.705821), (-1.2274313, 0.4281331, -3.8358977), (-0.839998, 0.43949217, -3.9376702), (-0.42694208, 0.4467575, -4.0027647), (0, 0.44926053, -4.025191), (0.42694208, 0.4467575, -4.0027647), (0.839998, 0.43949217, -3.9376702), (1.2274313, 0.4281331, -3.8358977), (1.5810783, 0.41361496, -3.705821), (1.8967258, 0.3969515, -3.556523), (2.1736126, 0.37908253, -3.3964248), (2.4134781, 0.36078477, -3.232484), (2.6195588, 0.34264234, -3.0699356), (2.7957673, 0.3250584, -2.9123905), (2.9461255, 0.30828622, -2.7621186), (3.074429, 0.2924655, -2.6203713), (3.1840806, 0.27765512, -2.4876764), (-3.1618693, 0.55143654, -2.470323), (-3.0506608, 0.58040893, -2.6001136), (-2.920851, 0.61128294, -2.7384226), (-2.76914, 0.643925, -2.8846524), (-2.5918813, 0.6780442, -3.0374994), (-2.3852546, 0.7131314, -3.194683), (-2.1456015, 0.7483946, -3.3526552), (-1.8699738, 0.7827055, -3.5063608), (-1.5569103, 0.8145851, -3.649175), (-1.2073616, 0.84226537, -3.773177), (-0.82554364, 0.8638591, -3.8699124), (-0.41935703, 0.8776408, -3.9316514), (0, 0.88238335, -3.952897), (0.41935703, 0.8776408, -3.9316514), (0.82554364, 0.8638591, -3.8699124), (1.2073616, 0.84226537, -3.773177), (1.5569103, 0.8145851, -3.649175), (1.8699738, 0.7827055, -3.5063608), (2.1456015, 0.7483946, -3.3526552), (2.3852546, 0.7131314, -3.194683), (2.5918813, 0.6780442, -3.0374994), (2.76914, 0.643925, -2.8846524), (2.920851, 0.61128294, -2.7384226), (3.0506608, 0.58040893, -2.6001136), (3.1618693, 0.55143654, -2.470323), (-3.1258614, 0.8177351, -2.4421906), (-3.0122433, 0.85964966, -2.56737), (-2.8801346, 0.90414256, -2.7002494), (-2.7264035, 0.9509808, -2.8401332), (-2.5476398, 0.99970573, -2.9856517), (-2.3403387, 1.049554, -3.134525), (-2.10123, 1.0993766, -3.2833214), (-1.827797, 1.1475778, -3.427276), (-1.5189817, 1.1921109, -3.5602756), (-1.175994, 1.2305747, -3.675149), (-0.8030272, 1.2604464, -3.7643616), (-0.4075667, 1.2794485, -3.821112), (0, 1.2859762, -3.840607), (0.4075667, 1.2794485, -3.821112), (0.8030272, 1.2604464, -3.7643616), (1.175994, 1.2305747, -3.675149), (1.5189817, 1.1921109, -3.5602756), (1.827797, 1.1475778, -3.427276), (2.10123, 1.0993766, -3.2833214), (2.3403387, 1.049554, -3.134525), (2.5476398, 0.99970573, -2.9856517), (2.7264035, 0.9509808, -2.8401332), (2.8801346, 0.90414256, -2.7002494), (3.0122433, 0.85964966, -2.56737), (3.1258614, 0.8177351, -2.4421906), (-3.0774565, 1.0734295, -2.4043725), (-2.9608183, 1.1266316, -2.5235398), (-2.82589, 1.1828185, -2.6493926), (-2.6697652, 1.2416335, -2.7811322), (-2.4893425, 1.3024395, -2.9173312), (-2.2815158, 1.3642322, -3.0557408), (-2.0434935, 1.425558, -3.1931043), (-1.7732729, 1.4844598, -3.3250382), (-1.4702553, 1.5384933, -3.4460678), (-1.1359215, 1.5848565, -3.5499167), (-0.77439016, 1.6206629, -3.6301196), (-0.39261478, 1.643348, -3.6809316), (0, 1.651124, -3.698349), (0.39261478, 1.643348, -3.6809316), (0.77439016, 1.6206629, -3.6301196), (1.1359215, 1.5848565, -3.5499167), (1.4702553, 1.5384933, -3.4460678), (1.7732729, 1.4844598, -3.3250382), (2.0434935, 1.425558, -3.1931043), (2.2815158, 1.3642322, -3.0557408), (2.4893425, 1.3024395, -2.9173312), (2.6697652, 1.2416335, -2.7811322), (2.82589, 1.1828185, -2.6493926), (2.9608183, 1.1266316, -2.5235398), (3.0774565, 1.0734295, -2.4043725), (-3.0184038, 1.3160397, -2.3582354), (-2.8984137, 1.3786073, -2.4703515), (-2.7604504, 1.4442847, -2.58804), (-2.601878, 1.5125763, -2.7104132), (-2.4199548, 1.5826691, -2.8360138), (-2.212023, 1.6533487, -2.9626658), (-1.9758102, 1.7229269, -3.0873442), (-1.7098484, 1.7892066, -3.206112), (-1.4139919, 1.8495233, -3.3141947), (-1.0899523, 1.9008993, -3.4062562), (-0.741709, 1.9403337, -3.4769194), (-0.3756083, 1.9652059, -3.5214884), (0, 1.9737116, -3.5367298), (0.3756083, 1.9652059, -3.5214884), (0.741709, 1.9403337, -3.4769194), (1.0899523, 1.9008993, -3.4062562), (1.4139919, 1.8495233, -3.3141947), (1.7098484, 1.7892066, -3.206112), (1.9758102, 1.7229269, -3.0873442), (2.212023, 1.6533487, -2.9626658), (2.4199548, 1.5826691, -2.8360138), (2.601878, 1.5125763, -2.7104132), (2.7604504, 1.4442847, -2.58804), (2.8984137, 1.3786073, -2.4703515), (3.0184038, 1.3160397, -2.3582354), (-2.9506443, 1.5437953, -2.305296), (-2.8272455, 1.613708, -2.4096942), (-2.6863217, 1.6866002, -2.5185416), (-2.525539, 1.7618368, -2.6308897), (-2.34254, 1.8384472, -2.7452893), (-2.1351318, 1.9150529, -2.8596818), (-1.9015564, 1.9898121, -2.9713173), (-1.6408519, 2.0604093, -3.0767376), (-1.3532705, 2.1241186, -3.1718724), (-1.0406859, 2.1779733, -3.2522917), (-0.70687544, 2.2190497, -3.3136296), (-0.35754544, 2.24484, -3.3521414), (0, 2.2536385, -3.36528), (0.35754544, 2.24484, -3.3521414), (0.70687544, 2.2190497, -3.3136296), (1.0406859, 2.1779733, -3.2522917), (1.3532705, 2.1241186, -3.1718724), (1.6408519, 2.0604093, -3.0767376), (1.9015564, 1.9898121, -2.9713173), (2.1351318, 1.9150529, -2.8596818), (2.34254, 1.8384472, -2.7452893), (2.525539, 1.7618368, -2.6308897), (2.6863217, 1.6866002, -2.5185416), (2.8272455, 1.613708, -2.4096942), (2.9506443, 1.5437953, -2.305296), (-2.8761597, 1.7556287, -2.2471023), (-2.7495356, 1.8309125, -2.343461), (-2.6059673, 1.9088415, -2.4432058), (-2.4434361, 1.9886547, -2.545362), (-2.2599733, 2.069256, -2.6485271), (-2.0538344, 2.1491578, -2.7507966), (-1.8237385, 2.2264462, -2.8497212), (-1.5691668, 2.2987938, -2.942322), (-1.2906902, 2.36354, -3.0251932), (-0.99026614, 2.4178624, -3.094723), (-0.6714209, 2.4590409, -3.1474288), (-0.33922452, 2.4847813, -3.1803749), (0, 2.4935427, -3.191589), (0.33922452, 2.4847813, -3.1803749), (0.6714209, 2.4590409, -3.1474288), (0.99026614, 2.4178624, -3.094723), (1.2906902, 2.36354, -3.0251932), (1.5691668, 2.2987938, -2.942322), (1.8237385, 2.2264462, -2.8497212), (2.0538344, 2.1491578, -2.7507966), (2.2599733, 2.069256, -2.6485271), (2.4434361, 1.9886547, -2.545362), (2.6059673, 1.9088415, -2.4432058), (2.7495356, 1.8309125, -2.343461), (2.8761597, 1.7556287, -2.2471023)]
                                color3f[] primvars:displayColor = [(0, 0.5, 0.45)] (
                                    interpolation = "constant"
                                )
                                float[] primvars:displayOpacity = [0.3] (
                                    interpolation = "constant"
                                )
                                uniform token purpose = "guide"
                                uniform token subdivisionScheme = "none"
                            }

                            def Mesh "Shell_recognise" (
                                prepend apiSchemas = ["AecoDerivedGeometryAPI", "MaterialBindingAPI"]
                            )
                            {
                                uniform token aeco:derived:approx = "tessellated"
                                uniform token aeco:derived:role = "coverage"
                                string aeco:derived:source = "f1de745b-2c2d-5448-930f-14db4f2fcda6"
                                string aeco:derived:stamp = "usdAecoCctv derive 0.5.3"
                                uniform bool doubleSided = 1
                                float3[] extent = [(-6.383178, -4.9870853, -8.100369), (6.383178, 4.9870853, 0)]
                                int[] faceVertexCounts = [4, 4, 4, 4, 4, 4, 4, 4, 4, 4, 4, 4, 4, 4, 4, 4, 4, 4, 4, 4, 4, 4, 4, 4, 4, 4, 4, 4, 4, 4, 4, 4, 4, 4, 4, 4, 4, 4, 4, 4, 4, 4, 4, 4, 4, 4, 4, 4, 4, 4, 4, 4, 4, 4, 4, 4, 4, 4, 4, 4, 4, 4, 4, 4, 4, 4, 4, 4, 4, 4, 4, 4, 4, 4, 4, 4, 4, 4, 4, 4, 4, 4, 4, 4, 4, 4, 4, 4, 4, 4, 4, 4, 4, 4, 4, 4, 4, 4, 4, 4, 4, 4, 4, 4, 4, 4, 4, 4, 4, 4, 4, 4, 4, 4, 4, 4, 4, 4, 4, 4, 4, 4, 4, 4, 4, 4, 4, 4, 4, 4, 4, 4, 4, 4, 4, 4, 4, 4, 4, 4, 4, 4, 4, 4, 4, 4, 4, 4, 4, 4, 4, 4, 4, 4, 4, 4, 4, 4, 4, 4, 4, 4, 4, 4, 4, 4, 4, 4, 4, 4, 4, 4, 4, 4, 4, 4, 4, 4, 4, 4, 4, 4, 4, 4, 4, 4, 4, 4, 4, 4, 4, 4, 4, 4, 4, 4, 4, 4, 4, 4, 4, 4, 4, 4, 4, 4, 4, 4, 4, 4, 4, 4, 4, 4, 4, 4, 4, 4, 4, 4, 4, 4, 4, 4, 4, 4, 4, 4, 4, 4, 4, 4, 4, 4, 4, 4, 4, 4, 4, 4, 4, 4, 4, 4, 4, 4, 4, 4, 4, 4, 4, 4, 4, 4, 4, 4, 4, 4, 4, 4, 4, 4, 4, 4, 4, 4, 4, 4, 4, 4, 4, 4, 4, 4, 4, 4, 4, 4, 4, 4, 4, 4, 4, 4, 4, 4, 4, 4, 4, 4, 4, 4, 4, 4, 4, 4, 4, 4, 4, 4, 4, 4, 4, 4, 4, 4, 4, 4, 4, 4, 4, 4, 4, 4, 4, 4, 4, 4, 4, 4, 4, 4, 4, 4, 4, 4, 4, 4, 4, 4, 4, 4, 4, 4, 4, 4, 3, 3, 3, 3, 3, 3, 3, 3, 3, 3, 3, 3, 3, 3, 3, 3, 3, 3, 3, 3, 3, 3, 3, 3, 3, 3, 3, 3, 3, 3, 3, 3, 3, 3, 3, 3, 3, 3, 3, 3, 3, 3, 3, 3, 3, 3, 3, 3, 3, 3, 3, 3, 3, 3, 3, 3, 3, 3, 3, 3, 3, 3, 3, 3, 3, 3, 3, 3, 3, 3, 3, 3, 3, 3, 3, 3]
                                int[] faceVertexIndices = [1, 26, 27, 2, 2, 27, 28, 3, 3, 28, 29, 4, 4, 29, 30, 5, 5, 30, 31, 6, 6, 31, 32, 7, 7, 32, 33, 8, 8, 33, 34, 9, 9, 34, 35, 10, 10, 35, 36, 11, 11, 36, 37, 12, 12, 37, 38, 13, 13, 38, 39, 14, 14, 39, 40, 15, 15, 40, 41, 16, 16, 41, 42, 17, 17, 42, 43, 18, 18, 43, 44, 19, 19, 44, 45, 20, 20, 45, 46, 21, 21, 46, 47, 22, 22, 47, 48, 23, 23, 48, 49, 24, 24, 49, 50, 25, 26, 51, 52, 27, 27, 52, 53, 28, 28, 53, 54, 29, 29, 54, 55, 30, 30, 55, 56, 31, 31, 56, 57, 32, 32, 57, 58, 33, 33, 58, 59, 34, 34, 59, 60, 35, 35, 60, 61, 36, 36, 61, 62, 37, 37, 62, 63, 38, 38, 63, 64, 39, 39, 64, 65, 40, 40, 65, 66, 41, 41, 66, 67, 42, 42, 67, 68, 43, 43, 68, 69, 44, 44, 69, 70, 45, 45, 70, 71, 46, 46, 71, 72, 47, 47, 72, 73, 48, 48, 73, 74, 49, 49, 74, 75, 50, 51, 76, 77, 52, 52, 77, 78, 53, 53, 78, 79, 54, 54, 79, 80, 55, 55, 80, 81, 56, 56, 81, 82, 57, 57, 82, 83, 58, 58, 83, 84, 59, 59, 84, 85, 60, 60, 85, 86, 61, 61, 86, 87, 62, 62, 87, 88, 63, 63, 88, 89, 64, 64, 89, 90, 65, 65, 90, 91, 66, 66, 91, 92, 67, 67, 92, 93, 68, 68, 93, 94, 69, 69, 94, 95, 70, 70, 95, 96, 71, 71, 96, 97, 72, 72, 97, 98, 73, 73, 98, 99, 74, 74, 99, 100, 75, 76, 101, 102, 77, 77, 102, 103, 78, 78, 103, 104, 79, 79, 104, 105, 80, 80, 105, 106, 81, 81, 106, 107, 82, 82, 107, 108, 83, 83, 108, 109, 84, 84, 109, 110, 85, 85, 110, 111, 86, 86, 111, 112, 87, 87, 112, 113, 88, 88, 113, 114, 89, 89, 114, 115, 90, 90, 115, 116, 91, 91, 116, 117, 92, 92, 117, 118, 93, 93, 118, 119, 94, 94, 119, 120, 95, 95, 120, 121, 96, 96, 121, 122, 97, 97, 122, 123, 98, 98, 123, 124, 99, 99, 124, 125, 100, 101, 126, 127, 102, 102, 127, 128, 103, 103, 128, 129, 104, 104, 129, 130, 105, 105, 130, 131, 106, 106, 131, 132, 107, 107, 132, 133, 108, 108, 133, 134, 109, 109, 134, 135, 110, 110, 135, 136, 111, 111, 136, 137, 112, 112, 137, 138, 113, 113, 138, 139, 114, 114, 139, 140, 115, 115, 140, 141, 116, 116, 141, 142, 117, 117, 142, 143, 118, 118, 143, 144, 119, 119, 144, 145, 120, 120, 145, 146, 121, 121, 146, 147, 122, 122, 147, 148, 123, 123, 148, 149, 124, 124, 149, 150, 125, 126, 151, 152, 127, 127, 152, 153, 128, 128, 153, 154, 129, 129, 154, 155, 130, 130, 155, 156, 131, 131, 156, 157, 132, 132, 157, 158, 133, 133, 158, 159, 134, 134, 159, 160, 135, 135, 160, 161, 136, 136, 161, 162, 137, 137, 162, 163, 138, 138, 163, 164, 139, 139, 164, 165, 140, 140, 165, 166, 141, 141, 166, 167, 142, 142, 167, 168, 143, 143, 168, 169, 144, 144, 169, 170, 145, 145, 170, 171, 146, 146, 171, 172, 147, 147, 172, 173, 148, 148, 173, 174, 149, 149, 174, 175, 150, 151, 176, 177, 152, 152, 177, 178, 153, 153, 178, 179, 154, 154, 179, 180, 155, 155, 180, 181, 156, 156, 181, 182, 157, 157, 182, 183, 158, 158, 183, 184, 159, 159, 184, 185, 160, 160, 185, 186, 161, 161, 186, 187, 162, 162, 187, 188, 163, 163, 188, 189, 164, 164, 189, 190, 165, 165, 190, 191, 166, 166, 191, 192, 167, 167, 192, 193, 168, 168, 193, 194, 169, 169, 194, 195, 170, 170, 195, 196, 171, 171, 196, 197, 172, 172, 197, 198, 173, 173, 198, 199, 174, 174, 199, 200, 175, 176, 201, 202, 177, 177, 202, 203, 178, 178, 203, 204, 179, 179, 204, 205, 180, 180, 205, 206, 181, 181, 206, 207, 182, 182, 207, 208, 183, 183, 208, 209, 184, 184, 209, 210, 185, 185, 210, 211, 186, 186, 211, 212, 187, 187, 212, 213, 188, 188, 213, 214, 189, 189, 214, 215, 190, 190, 215, 216, 191, 191, 216, 217, 192, 192, 217, 218, 193, 193, 218, 219, 194, 194, 219, 220, 195, 195, 220, 221, 196, 196, 221, 222, 197, 197, 222, 223, 198, 198, 223, 224, 199, 199, 224, 225, 200, 201, 226, 227, 202, 202, 227, 228, 203, 203, 228, 229, 204, 204, 229, 230, 205, 205, 230, 231, 206, 206, 231, 232, 207, 207, 232, 233, 208, 208, 233, 234, 209, 209, 234, 235, 210, 210, 235, 236, 211, 211, 236, 237, 212, 212, 237, 238, 213, 213, 238, 239, 214, 214, 239, 240, 215, 215, 240, 241, 216, 216, 241, 242, 217, 217, 242, 243, 218, 218, 243, 244, 219, 219, 244, 245, 220, 220, 245, 246, 221, 221, 246, 247, 222, 222, 247, 248, 223, 223, 248, 249, 224, 224, 249, 250, 225, 226, 251, 252, 227, 227, 252, 253, 228, 228, 253, 254, 229, 229, 254, 255, 230, 230, 255, 256, 231, 231, 256, 257, 232, 232, 257, 258, 233, 233, 258, 259, 234, 234, 259, 260, 235, 235, 260, 261, 236, 236, 261, 262, 237, 237, 262, 263, 238, 238, 263, 264, 239, 239, 264, 265, 240, 240, 265, 266, 241, 241, 266, 267, 242, 242, 267, 268, 243, 243, 268, 269, 244, 244, 269, 270, 245, 245, 270, 271, 246, 246, 271, 272, 247, 247, 272, 273, 248, 248, 273, 274, 249, 249, 274, 275, 250, 251, 276, 277, 252, 252, 277, 278, 253, 253, 278, 279, 254, 254, 279, 280, 255, 255, 280, 281, 256, 256, 281, 282, 257, 257, 282, 283, 258, 258, 283, 284, 259, 259, 284, 285, 260, 260, 285, 286, 261, 261, 286, 287, 262, 262, 287, 288, 263, 263, 288, 289, 264, 264, 289, 290, 265, 265, 290, 291, 266, 266, 291, 292, 267, 267, 292, 293, 268, 268, 293, 294, 269, 269, 294, 295, 270, 270, 295, 296, 271, 271, 296, 297, 272, 272, 297, 298, 273, 273, 298, 299, 274, 274, 299, 300, 275, 276, 301, 302, 277, 277, 302, 303, 278, 278, 303, 304, 279, 279, 304, 305, 280, 280, 305, 306, 281, 281, 306, 307, 282, 282, 307, 308, 283, 283, 308, 309, 284, 284, 309, 310, 285, 285, 310, 311, 286, 286, 311, 312, 287, 287, 312, 313, 288, 288, 313, 314, 289, 289, 314, 315, 290, 290, 315, 316, 291, 291, 316, 317, 292, 292, 317, 318, 293, 293, 318, 319, 294, 294, 319, 320, 295, 295, 320, 321, 296, 296, 321, 322, 297, 297, 322, 323, 298, 298, 323, 324, 299, 299, 324, 325, 300, 301, 326, 327, 302, 302, 327, 328, 303, 303, 328, 329, 304, 304, 329, 330, 305, 305, 330, 331, 306, 306, 331, 332, 307, 307, 332, 333, 308, 308, 333, 334, 309, 309, 334, 335, 310, 310, 335, 336, 311, 311, 336, 337, 312, 312, 337, 338, 313, 313, 338, 339, 314, 314, 339, 340, 315, 315, 340, 341, 316, 316, 341, 342, 317, 317, 342, 343, 318, 318, 343, 344, 319, 319, 344, 345, 320, 320, 345, 346, 321, 321, 346, 347, 322, 322, 347, 348, 323, 323, 348, 349, 324, 324, 349, 350, 325, 326, 351, 352, 327, 327, 352, 353, 328, 328, 353, 354, 329, 329, 354, 355, 330, 330, 355, 356, 331, 331, 356, 357, 332, 332, 357, 358, 333, 333, 358, 359, 334, 334, 359, 360, 335, 335, 360, 361, 336, 336, 361, 362, 337, 337, 362, 363, 338, 338, 363, 364, 339, 339, 364, 365, 340, 340, 365, 366, 341, 341, 366, 367, 342, 342, 367, 368, 343, 343, 368, 369, 344, 344, 369, 370, 345, 345, 370, 371, 346, 346, 371, 372, 347, 347, 372, 373, 348, 348, 373, 374, 349, 349, 374, 375, 350, 0, 1, 2, 0, 2, 3, 0, 3, 4, 0, 4, 5, 0, 5, 6, 0, 6, 7, 0, 7, 8, 0, 8, 9, 0, 9, 10, 0, 10, 11, 0, 11, 12, 0, 12, 13, 0, 13, 14, 0, 14, 15, 0, 15, 16, 0, 16, 17, 0, 17, 18, 0, 18, 19, 0, 19, 20, 0, 20, 21, 0, 21, 22, 0, 22, 23, 0, 23, 24, 0, 24, 25, 0, 352, 351, 0, 353, 352, 0, 354, 353, 0, 355, 354, 0, 356, 355, 0, 357, 356, 0, 358, 357, 0, 359, 358, 0, 360, 359, 0, 361, 360, 0, 362, 361, 0, 363, 362, 0, 364, 363, 0, 365, 364, 0, 366, 365, 0, 367, 366, 0, 368, 367, 0, 369, 368, 0, 370, 369, 0, 371, 370, 0, 372, 371, 0, 373, 372, 0, 374, 373, 0, 375, 374, 0, 26, 1, 0, 51, 26, 0, 76, 51, 0, 101, 76, 0, 126, 101, 0, 151, 126, 0, 176, 151, 0, 201, 176, 0, 226, 201, 0, 251, 226, 0, 276, 251, 0, 301, 276, 0, 326, 301, 0, 351, 326, 0, 25, 50, 0, 50, 75, 0, 75, 100, 0, 100, 125, 0, 125, 150, 0, 150, 175, 0, 175, 200, 0, 200, 225, 0, 225, 250, 0, 250, 275, 0, 275, 300, 0, 300, 325, 0, 325, 350, 0, 350, 375]
                                rel material:binding = </AecoCctvLooks/Shell_recognise>
                                point3f[] points = [(0, 0, 0), (-5.7523193, -3.5112574, -4.4942045), (-5.499071, -3.661825, -4.686922), (-5.2119346, -3.817683, -4.8864117), (-4.8868723, -3.9773095, -5.090724), (-4.5199466, -4.138512, -5.2970543), (-4.107669, -4.2983155, -5.501593), (-3.647477, -4.4528923, -5.6994424), (-3.1383336, -4.5975876, -5.884644), (-2.5813804, -4.72708, -6.0503864), (-1.9805323, -4.835725, -6.189446), (-1.3428417, -4.9180818, -6.2948575), (-0.67844903, -4.9695625, -6.3607497), (0, -4.9870853, -6.383178), (0.67844903, -4.9695625, -6.3607497), (1.3428417, -4.9180818, -6.2948575), (1.9805323, -4.835725, -6.189446), (2.5813804, -4.72708, -6.0503864), (3.1383336, -4.5975876, -5.884644), (3.647477, -4.4528923, -5.6994424), (4.107669, -4.2983155, -5.501593), (4.5199466, -4.138512, -5.2970543), (4.8868723, -3.9773095, -5.090724), (5.2119346, -3.817683, -4.8864117), (5.499071, -3.661825, -4.686922), (5.7523193, -3.5112574, -4.4942045), (-5.9012885, -3.0875907, -4.610592), (-5.654491, -3.227416, -4.8193884), (-5.3726435, -3.3732004, -5.037083), (-5.051078, -3.5236735, -5.2617793), (-4.68508, -3.6768944, -5.4905787), (-4.2702637, -3.8301058, -5.7193637), (-3.8031127, -3.9796243, -5.9426346), (-3.2817037, -4.1208186, -6.1534753), (-2.706541, -4.248237, -6.3437448), (-2.0813718, -4.3559465, -6.5045834), (-1.4137509, -4.4380994, -6.6272593), (-0.7150909, -4.48968, -6.7042828), (0, -4.507277, -6.73056), (0.7150909, -4.48968, -6.7042828), (1.4137509, -4.4380994, -6.6272593), (2.0813718, -4.3559465, -6.5045834), (2.706541, -4.248237, -6.3437448), (3.2817037, -4.1208186, -6.1534753), (3.8031127, -3.9796243, -5.9426346), (4.2702637, -3.8301058, -5.7193637), (4.68508, -3.6768944, -5.4905787), (5.051078, -3.5236735, -5.2617793), (5.3726435, -3.3732004, -5.037083), (5.654491, -3.227416, -4.8193884), (5.9012885, -3.0875907, -4.610592), (-6.0368075, -2.6320794, -4.7164707), (-5.7968273, -2.7572145, -4.940703), (-5.5209007, -2.8885694, -5.17608), (-5.203756, -3.0251527, -5.4208264), (-4.8399096, -3.1653383, -5.6720276), (-4.424046, -3.3066974, -5.9253316), (-3.9516203, -3.4458537, -6.1746883), (-3.4196968, -3.5784132, -6.412224), (-2.8279839, -3.6990466, -6.6283894), (-2.1799047, -3.8017986, -6.8125124), (-1.483418, -3.8806674, -6.953839), (-0.7512166, -3.9304118, -7.042977), (0, -3.9474232, -7.0734596), (0.7512166, -3.9304118, -7.042977), (1.483418, -3.8806674, -6.953839), (2.1799047, -3.8017986, -6.8125124), (2.8279839, -3.6990466, -6.6283894), (3.4196968, -3.5784132, -6.412224), (3.9516203, -3.4458537, -6.1746883), (4.424046, -3.3066974, -5.9253316), (4.8399096, -3.1653383, -5.6720276), (5.203756, -3.0251527, -5.4208264), (5.5209007, -2.8885694, -5.17608), (5.7968273, -2.7572145, -4.940703), (6.0368075, -2.6320794, -4.7164707), (-6.154913, -2.146859, -4.808745), (-5.9216366, -2.2532632, -5.0470796), (-5.65178, -2.365637, -5.298785), (-5.3395305, -2.483267, -5.5622644), (-4.978685, -2.604879, -5.8346624), (-4.5630317, -2.7284644, -6.1114817), (-4.086987, -2.851116, -6.3862085), (-3.5465457, -2.9689195, -6.6500764), (-2.9405105, -3.0769866, -6.8921356), (-2.271843, -3.169713, -7.0998335), (-1.5487803, -3.2413259, -7.260239), (-0.78522956, -3.286696, -7.361863), (0, -3.302248, -7.396698), (0.78522956, -3.286696, -7.361863), (1.5487803, -3.2413259, -7.260239), (2.271843, -3.169713, -7.0998335), (2.9405105, -3.0769866, -6.8921356), (3.5465457, -2.9689195, -6.6500764), (4.086987, -2.851116, -6.3862085), (4.5630317, -2.7284644, -6.1114817), (4.978685, -2.604879, -5.8346624), (5.3395305, -2.483267, -5.5622644), (5.65178, -2.365637, -5.298785), (5.9216366, -2.2532632, -5.0470796), (6.154913, -2.146859, -4.808745), (-6.251723, -1.6354702, -4.8843813), (-6.0244865, -1.7192993, -5.13474), (-5.760269, -1.8082851, -5.400499), (-5.452807, -1.9019616, -5.6802664), (-5.0952797, -1.9994115, -5.9713035), (-4.6806774, -2.099108, -6.26905), (-4.20246, -2.198753, -6.5666428), (-3.655594, -2.2951555, -6.854552), (-3.0379634, -2.3842218, -7.120551), (-2.351988, -2.4611495, -7.350298), (-1.6060544, -2.5208929, -7.5287232), (-0.8151334, -2.558897, -7.642224), (0, -2.5719523, -7.681214), (0.8151334, -2.558897, -7.642224), (1.6060544, -2.5208929, -7.5287232), (2.351988, -2.4611495, -7.350298), (3.0379634, -2.3842218, -7.120551), (3.655594, -2.2951555, -6.854552), (4.20246, -2.198753, -6.5666428), (4.6806774, -2.099108, -6.26905), (5.0952797, -1.9994115, -5.9713035), (5.452807, -1.9019616, -5.6802664), (5.760269, -1.8082851, -5.400499), (6.0244865, -1.7192993, -5.13474), (6.251723, -1.6354702, -4.8843813), (-6.3237386, -1.1028731, -4.940646), (-6.1013217, -1.1608179, -5.2002273), (-5.841702, -1.2225659, -5.4768453), (-5.53828, -1.28785, -5.7693048), (-5.1837626, -1.3560884, -6.074999), (-4.7705092, -1.4262629, -6.389366), (-4.291203, -1.4967892, -6.7053103), (-3.7399476, -1.565411, -7.0127215), (-3.1138206, -1.6291702, -7.29835), (-2.4147232, -1.6845307, -7.546354), (-1.6510873, -1.7277182, -7.739825), (-0.83871406, -1.7552816, -7.8633027), (0, -1.7647667, -7.905794), (0.83871406, -1.7552816, -7.8633027), (1.6510873, -1.7277182, -7.739825), (2.4147232, -1.6845307, -7.546354), (3.1138206, -1.6291702, -7.29835), (3.7399476, -1.565411, -7.0127215), (4.291203, -1.4967892, -6.7053103), (4.7705092, -1.4262629, -6.389366), (5.1837626, -1.3560884, -6.074999), (5.53828, -1.28785, -5.7693048), (5.841702, -1.2225659, -5.4768453), (6.1013217, -1.1608179, -5.2002273), (6.3237386, -1.1028731, -4.940646), (-6.368161, -0.55531025, -4.975353), (-6.148858, -0.584931, -5.2407427), (-5.892251, -0.61657244, -5.524237), (-5.5915346, -0.6501168, -5.824781), (-5.2391176, -0.6852847, -6.139871), (-4.8269563, -0.72156954, -6.464968), (-4.347225, -0.75816506, -6.7928495), (-3.7934515, -0.793903, -7.113046), (-3.1621566, -0.8272299, -7.411642), (-2.4548626, -0.8562662, -7.6717954), (-1.679996, -0.87898433, -7.8753405), (-0.85388416, -0.893515, -8.005529), (0, -0.89852107, -8.050382), (0.85388416, -0.893515, -8.005529), (1.679996, -0.87898433, -7.8753405), (2.4548626, -0.8562662, -7.6717954), (3.1621566, -0.8272299, -7.411642), (3.7934515, -0.793903, -7.113046), (4.347225, -0.75816506, -6.7928495), (4.8269563, -0.72156954, -6.464968), (5.2391176, -0.6852847, -6.139871), (5.5915346, -0.6501168, -5.824781), (5.892251, -0.61657244, -5.524237), (6.148858, -0.584931, -5.2407427), (6.368161, -0.55531025, -4.975353), (-6.383178, 0, -4.9870853), (-6.164952, 0, -5.25446), (-5.9093947, 0, -5.5403104), (-5.6096306, 0, -5.8436317), (-5.257967, 0, -6.161961), (-4.846222, 0, -6.490772), (-4.3663926, 0, -6.8227997), (-3.811803, 0, -7.147457), (-3.1787758, 0, -7.4505954), (-2.4686937, 0, -7.71502), (-1.689975, 0, -7.922119), (-0.8591268, 0, -8.054681), (0, 0, -8.100369), (0.8591268, 0, -8.054681), (1.689975, 0, -7.922119), (2.4686937, 0, -7.71502), (3.1787758, 0, -7.4505954), (3.811803, 0, -7.147457), (4.3663926, 0, -6.8227997), (4.846222, 0, -6.490772), (5.257967, 0, -6.161961), (5.6096306, 0, -5.8436317), (5.9093947, 0, -5.5403104), (6.164952, 0, -5.25446), (6.383178, 0, -4.9870853), (-6.368161, 0.55531025, -4.975353), (-6.148858, 0.584931, -5.2407427), (-5.892251, 0.61657244, -5.524237), (-5.5915346, 0.6501168, -5.824781), (-5.2391176, 0.6852847, -6.139871), (-4.8269563, 0.72156954, -6.464968), (-4.347225, 0.75816506, -6.7928495), (-3.7934515, 0.793903, -7.113046), (-3.1621566, 0.8272299, -7.411642), (-2.4548626, 0.8562662, -7.6717954), (-1.679996, 0.87898433, -7.8753405), (-0.85388416, 0.893515, -8.005529), (0, 0.89852107, -8.050382), (0.85388416, 0.893515, -8.005529), (1.679996, 0.87898433, -7.8753405), (2.4548626, 0.8562662, -7.6717954), (3.1621566, 0.8272299, -7.411642), (3.7934515, 0.793903, -7.113046), (4.347225, 0.75816506, -6.7928495), (4.8269563, 0.72156954, -6.464968), (5.2391176, 0.6852847, -6.139871), (5.5915346, 0.6501168, -5.824781), (5.892251, 0.61657244, -5.524237), (6.148858, 0.584931, -5.2407427), (6.368161, 0.55531025, -4.975353), (-6.3237386, 1.1028731, -4.940646), (-6.1013217, 1.1608179, -5.2002273), (-5.841702, 1.2225659, -5.4768453), (-5.53828, 1.28785, -5.7693048), (-5.1837626, 1.3560884, -6.074999), (-4.7705092, 1.4262629, -6.389366), (-4.291203, 1.4967892, -6.7053103), (-3.7399476, 1.565411, -7.0127215), (-3.1138206, 1.6291702, -7.29835), (-2.4147232, 1.6845307, -7.546354), (-1.6510873, 1.7277182, -7.739825), (-0.83871406, 1.7552816, -7.8633027), (0, 1.7647667, -7.905794), (0.83871406, 1.7552816, -7.8633027), (1.6510873, 1.7277182, -7.739825), (2.4147232, 1.6845307, -7.546354), (3.1138206, 1.6291702, -7.29835), (3.7399476, 1.565411, -7.0127215), (4.291203, 1.4967892, -6.7053103), (4.7705092, 1.4262629, -6.389366), (5.1837626, 1.3560884, -6.074999), (5.53828, 1.28785, -5.7693048), (5.841702, 1.2225659, -5.4768453), (6.1013217, 1.1608179, -5.2002273), (6.3237386, 1.1028731, -4.940646), (-6.251723, 1.6354702, -4.8843813), (-6.0244865, 1.7192993, -5.13474), (-5.760269, 1.8082851, -5.400499), (-5.452807, 1.9019616, -5.6802664), (-5.0952797, 1.9994115, -5.9713035), (-4.6806774, 2.099108, -6.26905), (-4.20246, 2.198753, -6.5666428), (-3.655594, 2.2951555, -6.854552), (-3.0379634, 2.3842218, -7.120551), (-2.351988, 2.4611495, -7.350298), (-1.6060544, 2.5208929, -7.5287232), (-0.8151334, 2.558897, -7.642224), (0, 2.5719523, -7.681214), (0.8151334, 2.558897, -7.642224), (1.6060544, 2.5208929, -7.5287232), (2.351988, 2.4611495, -7.350298), (3.0379634, 2.3842218, -7.120551), (3.655594, 2.2951555, -6.854552), (4.20246, 2.198753, -6.5666428), (4.6806774, 2.099108, -6.26905), (5.0952797, 1.9994115, -5.9713035), (5.452807, 1.9019616, -5.6802664), (5.760269, 1.8082851, -5.400499), (6.0244865, 1.7192993, -5.13474), (6.251723, 1.6354702, -4.8843813), (-6.154913, 2.146859, -4.808745), (-5.9216366, 2.2532632, -5.0470796), (-5.65178, 2.365637, -5.298785), (-5.3395305, 2.483267, -5.5622644), (-4.978685, 2.604879, -5.8346624), (-4.5630317, 2.7284644, -6.1114817), (-4.086987, 2.851116, -6.3862085), (-3.5465457, 2.9689195, -6.6500764), (-2.9405105, 3.0769866, -6.8921356), (-2.271843, 3.169713, -7.0998335), (-1.5487803, 3.2413259, -7.260239), (-0.78522956, 3.286696, -7.361863), (0, 3.302248, -7.396698), (0.78522956, 3.286696, -7.361863), (1.5487803, 3.2413259, -7.260239), (2.271843, 3.169713, -7.0998335), (2.9405105, 3.0769866, -6.8921356), (3.5465457, 2.9689195, -6.6500764), (4.086987, 2.851116, -6.3862085), (4.5630317, 2.7284644, -6.1114817), (4.978685, 2.604879, -5.8346624), (5.3395305, 2.483267, -5.5622644), (5.65178, 2.365637, -5.298785), (5.9216366, 2.2532632, -5.0470796), (6.154913, 2.146859, -4.808745), (-6.0368075, 2.6320794, -4.7164707), (-5.7968273, 2.7572145, -4.940703), (-5.5209007, 2.8885694, -5.17608), (-5.203756, 3.0251527, -5.4208264), (-4.8399096, 3.1653383, -5.6720276), (-4.424046, 3.3066974, -5.9253316), (-3.9516203, 3.4458537, -6.1746883), (-3.4196968, 3.5784132, -6.412224), (-2.8279839, 3.6990466, -6.6283894), (-2.1799047, 3.8017986, -6.8125124), (-1.483418, 3.8806674, -6.953839), (-0.7512166, 3.9304118, -7.042977), (0, 3.9474232, -7.0734596), (0.7512166, 3.9304118, -7.042977), (1.483418, 3.8806674, -6.953839), (2.1799047, 3.8017986, -6.8125124), (2.8279839, 3.6990466, -6.6283894), (3.4196968, 3.5784132, -6.412224), (3.9516203, 3.4458537, -6.1746883), (4.424046, 3.3066974, -5.9253316), (4.8399096, 3.1653383, -5.6720276), (5.203756, 3.0251527, -5.4208264), (5.5209007, 2.8885694, -5.17608), (5.7968273, 2.7572145, -4.940703), (6.0368075, 2.6320794, -4.7164707), (-5.9012885, 3.0875907, -4.610592), (-5.654491, 3.227416, -4.8193884), (-5.3726435, 3.3732004, -5.037083), (-5.051078, 3.5236735, -5.2617793), (-4.68508, 3.6768944, -5.4905787), (-4.2702637, 3.8301058, -5.7193637), (-3.8031127, 3.9796243, -5.9426346), (-3.2817037, 4.1208186, -6.1534753), (-2.706541, 4.248237, -6.3437448), (-2.0813718, 4.3559465, -6.5045834), (-1.4137509, 4.4380994, -6.6272593), (-0.7150909, 4.48968, -6.7042828), (0, 4.507277, -6.73056), (0.7150909, 4.48968, -6.7042828), (1.4137509, 4.4380994, -6.6272593), (2.0813718, 4.3559465, -6.5045834), (2.706541, 4.248237, -6.3437448), (3.2817037, 4.1208186, -6.1534753), (3.8031127, 3.9796243, -5.9426346), (4.2702637, 3.8301058, -5.7193637), (4.68508, 3.6768944, -5.4905787), (5.051078, 3.5236735, -5.2617793), (5.3726435, 3.3732004, -5.037083), (5.654491, 3.227416, -4.8193884), (5.9012885, 3.0875907, -4.610592), (-5.7523193, 3.5112574, -4.4942045), (-5.499071, 3.661825, -4.686922), (-5.2119346, 3.817683, -4.8864117), (-4.8868723, 3.9773095, -5.090724), (-4.5199466, 4.138512, -5.2970543), (-4.107669, 4.2983155, -5.501593), (-3.647477, 4.4528923, -5.6994424), (-3.1383336, 4.5975876, -5.884644), (-2.5813804, 4.72708, -6.0503864), (-1.9805323, 4.835725, -6.189446), (-1.3428417, 4.9180818, -6.2948575), (-0.67844903, 4.9695625, -6.3607497), (0, 4.9870853, -6.383178), (0.67844903, 4.9695625, -6.3607497), (1.3428417, 4.9180818, -6.2948575), (1.9805323, 4.835725, -6.189446), (2.5813804, 4.72708, -6.0503864), (3.1383336, 4.5975876, -5.884644), (3.647477, 4.4528923, -5.6994424), (4.107669, 4.2983155, -5.501593), (4.5199466, 4.138512, -5.2970543), (4.8868723, 3.9773095, -5.090724), (5.2119346, 3.817683, -4.8864117), (5.499071, 3.661825, -4.686922), (5.7523193, 3.5112574, -4.4942045)]
                                color3f[] primvars:displayColor = [(0.18333334, 0.6166667, 0.56666666)] (
                                    interpolation = "constant"
                                )
                                float[] primvars:displayOpacity = [0.3] (
                                    interpolation = "constant"
                                )
                                uniform token purpose = "guide"
                                uniform token subdivisionScheme = "none"
                            }

                            def Mesh "Shell_observe" (
                                prepend apiSchemas = ["AecoDerivedGeometryAPI", "MaterialBindingAPI"]
                            )
                            {
                                uniform token aeco:derived:approx = "tessellated"
                                uniform token aeco:derived:role = "coverage"
                                string aeco:derived:source = "f1de745b-2c2d-5448-930f-14db4f2fcda6"
                                string aeco:derived:stamp = "usdAecoCctv derive 0.5.3"
                                uniform bool doubleSided = 1
                                float3[] extent = [(-12.766356, -9.974171, -16.200739), (12.766356, 9.974171, 0)]
                                int[] faceVertexCounts = [4, 4, 4, 4, 4, 4, 4, 4, 4, 4, 4, 4, 4, 4, 4, 4, 4, 4, 4, 4, 4, 4, 4, 4, 4, 4, 4, 4, 4, 4, 4, 4, 4, 4, 4, 4, 4, 4, 4, 4, 4, 4, 4, 4, 4, 4, 4, 4, 4, 4, 4, 4, 4, 4, 4, 4, 4, 4, 4, 4, 4, 4, 4, 4, 4, 4, 4, 4, 4, 4, 4, 4, 4, 4, 4, 4, 4, 4, 4, 4, 4, 4, 4, 4, 4, 4, 4, 4, 4, 4, 4, 4, 4, 4, 4, 4, 4, 4, 4, 4, 4, 4, 4, 4, 4, 4, 4, 4, 4, 4, 4, 4, 4, 4, 4, 4, 4, 4, 4, 4, 4, 4, 4, 4, 4, 4, 4, 4, 4, 4, 4, 4, 4, 4, 4, 4, 4, 4, 4, 4, 4, 4, 4, 4, 4, 4, 4, 4, 4, 4, 4, 4, 4, 4, 4, 4, 4, 4, 4, 4, 4, 4, 4, 4, 4, 4, 4, 4, 4, 4, 4, 4, 4, 4, 4, 4, 4, 4, 4, 4, 4, 4, 4, 4, 4, 4, 4, 4, 4, 4, 4, 4, 4, 4, 4, 4, 4, 4, 4, 4, 4, 4, 4, 4, 4, 4, 4, 4, 4, 4, 4, 4, 4, 4, 4, 4, 4, 4, 4, 4, 4, 4, 4, 4, 4, 4, 4, 4, 4, 4, 4, 4, 4, 4, 4, 4, 4, 4, 4, 4, 4, 4, 4, 4, 4, 4, 4, 4, 4, 4, 4, 4, 4, 4, 4, 4, 4, 4, 4, 4, 4, 4, 4, 4, 4, 4, 4, 4, 4, 4, 4, 4, 4, 4, 4, 4, 4, 4, 4, 4, 4, 4, 4, 4, 4, 4, 4, 4, 4, 4, 4, 4, 4, 4, 4, 4, 4, 4, 4, 4, 4, 4, 4, 4, 4, 4, 4, 4, 4, 4, 4, 4, 4, 4, 4, 4, 4, 4, 4, 4, 4, 4, 4, 4, 4, 4, 4, 4, 4, 4, 4, 4, 4, 4, 4, 4, 3, 3, 3, 3, 3, 3, 3, 3, 3, 3, 3, 3, 3, 3, 3, 3, 3, 3, 3, 3, 3, 3, 3, 3, 3, 3, 3, 3, 3, 3, 3, 3, 3, 3, 3, 3, 3, 3, 3, 3, 3, 3, 3, 3, 3, 3, 3, 3, 3, 3, 3, 3, 3, 3, 3, 3, 3, 3, 3, 3, 3, 3, 3, 3, 3, 3, 3, 3, 3, 3, 3, 3, 3, 3, 3, 3]
                                int[] faceVertexIndices = [1, 26, 27, 2, 2, 27, 28, 3, 3, 28, 29, 4, 4, 29, 30, 5, 5, 30, 31, 6, 6, 31, 32, 7, 7, 32, 33, 8, 8, 33, 34, 9, 9, 34, 35, 10, 10, 35, 36, 11, 11, 36, 37, 12, 12, 37, 38, 13, 13, 38, 39, 14, 14, 39, 40, 15, 15, 40, 41, 16, 16, 41, 42, 17, 17, 42, 43, 18, 18, 43, 44, 19, 19, 44, 45, 20, 20, 45, 46, 21, 21, 46, 47, 22, 22, 47, 48, 23, 23, 48, 49, 24, 24, 49, 50, 25, 26, 51, 52, 27, 27, 52, 53, 28, 28, 53, 54, 29, 29, 54, 55, 30, 30, 55, 56, 31, 31, 56, 57, 32, 32, 57, 58, 33, 33, 58, 59, 34, 34, 59, 60, 35, 35, 60, 61, 36, 36, 61, 62, 37, 37, 62, 63, 38, 38, 63, 64, 39, 39, 64, 65, 40, 40, 65, 66, 41, 41, 66, 67, 42, 42, 67, 68, 43, 43, 68, 69, 44, 44, 69, 70, 45, 45, 70, 71, 46, 46, 71, 72, 47, 47, 72, 73, 48, 48, 73, 74, 49, 49, 74, 75, 50, 51, 76, 77, 52, 52, 77, 78, 53, 53, 78, 79, 54, 54, 79, 80, 55, 55, 80, 81, 56, 56, 81, 82, 57, 57, 82, 83, 58, 58, 83, 84, 59, 59, 84, 85, 60, 60, 85, 86, 61, 61, 86, 87, 62, 62, 87, 88, 63, 63, 88, 89, 64, 64, 89, 90, 65, 65, 90, 91, 66, 66, 91, 92, 67, 67, 92, 93, 68, 68, 93, 94, 69, 69, 94, 95, 70, 70, 95, 96, 71, 71, 96, 97, 72, 72, 97, 98, 73, 73, 98, 99, 74, 74, 99, 100, 75, 76, 101, 102, 77, 77, 102, 103, 78, 78, 103, 104, 79, 79, 104, 105, 80, 80, 105, 106, 81, 81, 106, 107, 82, 82, 107, 108, 83, 83, 108, 109, 84, 84, 109, 110, 85, 85, 110, 111, 86, 86, 111, 112, 87, 87, 112, 113, 88, 88, 113, 114, 89, 89, 114, 115, 90, 90, 115, 116, 91, 91, 116, 117, 92, 92, 117, 118, 93, 93, 118, 119, 94, 94, 119, 120, 95, 95, 120, 121, 96, 96, 121, 122, 97, 97, 122, 123, 98, 98, 123, 124, 99, 99, 124, 125, 100, 101, 126, 127, 102, 102, 127, 128, 103, 103, 128, 129, 104, 104, 129, 130, 105, 105, 130, 131, 106, 106, 131, 132, 107, 107, 132, 133, 108, 108, 133, 134, 109, 109, 134, 135, 110, 110, 135, 136, 111, 111, 136, 137, 112, 112, 137, 138, 113, 113, 138, 139, 114, 114, 139, 140, 115, 115, 140, 141, 116, 116, 141, 142, 117, 117, 142, 143, 118, 118, 143, 144, 119, 119, 144, 145, 120, 120, 145, 146, 121, 121, 146, 147, 122, 122, 147, 148, 123, 123, 148, 149, 124, 124, 149, 150, 125, 126, 151, 152, 127, 127, 152, 153, 128, 128, 153, 154, 129, 129, 154, 155, 130, 130, 155, 156, 131, 131, 156, 157, 132, 132, 157, 158, 133, 133, 158, 159, 134, 134, 159, 160, 135, 135, 160, 161, 136, 136, 161, 162, 137, 137, 162, 163, 138, 138, 163, 164, 139, 139, 164, 165, 140, 140, 165, 166, 141, 141, 166, 167, 142, 142, 167, 168, 143, 143, 168, 169, 144, 144, 169, 170, 145, 145, 170, 171, 146, 146, 171, 172, 147, 147, 172, 173, 148, 148, 173, 174, 149, 149, 174, 175, 150, 151, 176, 177, 152, 152, 177, 178, 153, 153, 178, 179, 154, 154, 179, 180, 155, 155, 180, 181, 156, 156, 181, 182, 157, 157, 182, 183, 158, 158, 183, 184, 159, 159, 184, 185, 160, 160, 185, 186, 161, 161, 186, 187, 162, 162, 187, 188, 163, 163, 188, 189, 164, 164, 189, 190, 165, 165, 190, 191, 166, 166, 191, 192, 167, 167, 192, 193, 168, 168, 193, 194, 169, 169, 194, 195, 170, 170, 195, 196, 171, 171, 196, 197, 172, 172, 197, 198, 173, 173, 198, 199, 174, 174, 199, 200, 175, 176, 201, 202, 177, 177, 202, 203, 178, 178, 203, 204, 179, 179, 204, 205, 180, 180, 205, 206, 181, 181, 206, 207, 182, 182, 207, 208, 183, 183, 208, 209, 184, 184, 209, 210, 185, 185, 210, 211, 186, 186, 211, 212, 187, 187, 212, 213, 188, 188, 213, 214, 189, 189, 214, 215, 190, 190, 215, 216, 191, 191, 216, 217, 192, 192, 217, 218, 193, 193, 218, 219, 194, 194, 219, 220, 195, 195, 220, 221, 196, 196, 221, 222, 197, 197, 222, 223, 198, 198, 223, 224, 199, 199, 224, 225, 200, 201, 226, 227, 202, 202, 227, 228, 203, 203, 228, 229, 204, 204, 229, 230, 205, 205, 230, 231, 206, 206, 231, 232, 207, 207, 232, 233, 208, 208, 233, 234, 209, 209, 234, 235, 210, 210, 235, 236, 211, 211, 236, 237, 212, 212, 237, 238, 213, 213, 238, 239, 214, 214, 239, 240, 215, 215, 240, 241, 216, 216, 241, 242, 217, 217, 242, 243, 218, 218, 243, 244, 219, 219, 244, 245, 220, 220, 245, 246, 221, 221, 246, 247, 222, 222, 247, 248, 223, 223, 248, 249, 224, 224, 249, 250, 225, 226, 251, 252, 227, 227, 252, 253, 228, 228, 253, 254, 229, 229, 254, 255, 230, 230, 255, 256, 231, 231, 256, 257, 232, 232, 257, 258, 233, 233, 258, 259, 234, 234, 259, 260, 235, 235, 260, 261, 236, 236, 261, 262, 237, 237, 262, 263, 238, 238, 263, 264, 239, 239, 264, 265, 240, 240, 265, 266, 241, 241, 266, 267, 242, 242, 267, 268, 243, 243, 268, 269, 244, 244, 269, 270, 245, 245, 270, 271, 246, 246, 271, 272, 247, 247, 272, 273, 248, 248, 273, 274, 249, 249, 274, 275, 250, 251, 276, 277, 252, 252, 277, 278, 253, 253, 278, 279, 254, 254, 279, 280, 255, 255, 280, 281, 256, 256, 281, 282, 257, 257, 282, 283, 258, 258, 283, 284, 259, 259, 284, 285, 260, 260, 285, 286, 261, 261, 286, 287, 262, 262, 287, 288, 263, 263, 288, 289, 264, 264, 289, 290, 265, 265, 290, 291, 266, 266, 291, 292, 267, 267, 292, 293, 268, 268, 293, 294, 269, 269, 294, 295, 270, 270, 295, 296, 271, 271, 296, 297, 272, 272, 297, 298, 273, 273, 298, 299, 274, 274, 299, 300, 275, 276, 301, 302, 277, 277, 302, 303, 278, 278, 303, 304, 279, 279, 304, 305, 280, 280, 305, 306, 281, 281, 306, 307, 282, 282, 307, 308, 283, 283, 308, 309, 284, 284, 309, 310, 285, 285, 310, 311, 286, 286, 311, 312, 287, 287, 312, 313, 288, 288, 313, 314, 289, 289, 314, 315, 290, 290, 315, 316, 291, 291, 316, 317, 292, 292, 317, 318, 293, 293, 318, 319, 294, 294, 319, 320, 295, 295, 320, 321, 296, 296, 321, 322, 297, 297, 322, 323, 298, 298, 323, 324, 299, 299, 324, 325, 300, 301, 326, 327, 302, 302, 327, 328, 303, 303, 328, 329, 304, 304, 329, 330, 305, 305, 330, 331, 306, 306, 331, 332, 307, 307, 332, 333, 308, 308, 333, 334, 309, 309, 334, 335, 310, 310, 335, 336, 311, 311, 336, 337, 312, 312, 337, 338, 313, 313, 338, 339, 314, 314, 339, 340, 315, 315, 340, 341, 316, 316, 341, 342, 317, 317, 342, 343, 318, 318, 343, 344, 319, 319, 344, 345, 320, 320, 345, 346, 321, 321, 346, 347, 322, 322, 347, 348, 323, 323, 348, 349, 324, 324, 349, 350, 325, 326, 351, 352, 327, 327, 352, 353, 328, 328, 353, 354, 329, 329, 354, 355, 330, 330, 355, 356, 331, 331, 356, 357, 332, 332, 357, 358, 333, 333, 358, 359, 334, 334, 359, 360, 335, 335, 360, 361, 336, 336, 361, 362, 337, 337, 362, 363, 338, 338, 363, 364, 339, 339, 364, 365, 340, 340, 365, 366, 341, 341, 366, 367, 342, 342, 367, 368, 343, 343, 368, 369, 344, 344, 369, 370, 345, 345, 370, 371, 346, 346, 371, 372, 347, 347, 372, 373, 348, 348, 373, 374, 349, 349, 374, 375, 350, 0, 1, 2, 0, 2, 3, 0, 3, 4, 0, 4, 5, 0, 5, 6, 0, 6, 7, 0, 7, 8, 0, 8, 9, 0, 9, 10, 0, 10, 11, 0, 11, 12, 0, 12, 13, 0, 13, 14, 0, 14, 15, 0, 15, 16, 0, 16, 17, 0, 17, 18, 0, 18, 19, 0, 19, 20, 0, 20, 21, 0, 21, 22, 0, 22, 23, 0, 23, 24, 0, 24, 25, 0, 352, 351, 0, 353, 352, 0, 354, 353, 0, 355, 354, 0, 356, 355, 0, 357, 356, 0, 358, 357, 0, 359, 358, 0, 360, 359, 0, 361, 360, 0, 362, 361, 0, 363, 362, 0, 364, 363, 0, 365, 364, 0, 366, 365, 0, 367, 366, 0, 368, 367, 0, 369, 368, 0, 370, 369, 0, 371, 370, 0, 372, 371, 0, 373, 372, 0, 374, 373, 0, 375, 374, 0, 26, 1, 0, 51, 26, 0, 76, 51, 0, 101, 76, 0, 126, 101, 0, 151, 126, 0, 176, 151, 0, 201, 176, 0, 226, 201, 0, 251, 226, 0, 276, 251, 0, 301, 276, 0, 326, 301, 0, 351, 326, 0, 25, 50, 0, 50, 75, 0, 75, 100, 0, 100, 125, 0, 125, 150, 0, 150, 175, 0, 175, 200, 0, 200, 225, 0, 225, 250, 0, 250, 275, 0, 275, 300, 0, 300, 325, 0, 325, 350, 0, 350, 375]
                                rel material:binding = </AecoCctvLooks/Shell_observe>
                                point3f[] points = [(0, 0, 0), (-11.504639, -7.022515, -8.988409), (-10.998142, -7.32365, -9.373844), (-10.423869, -7.635366, -9.772823), (-9.773745, -7.954619, -10.181448), (-9.039893, -8.277024, -10.594109), (-8.215338, -8.596631, -11.003186), (-7.294954, -8.905785, -11.398885), (-6.276667, -9.195175, -11.769288), (-5.1627607, -9.45416, -12.100773), (-3.9610646, -9.67145, -12.378892), (-2.6856835, -9.8361635, -12.589715), (-1.3568981, -9.939125, -12.721499), (0, -9.974171, -12.766356), (1.3568981, -9.939125, -12.721499), (2.6856835, -9.8361635, -12.589715), (3.9610646, -9.67145, -12.378892), (5.1627607, -9.45416, -12.100773), (6.276667, -9.195175, -11.769288), (7.294954, -8.905785, -11.398885), (8.215338, -8.596631, -11.003186), (9.039893, -8.277024, -10.594109), (9.773745, -7.954619, -10.181448), (10.423869, -7.635366, -9.772823), (10.998142, -7.32365, -9.373844), (11.504639, -7.022515, -8.988409), (-11.802577, -6.1751814, -9.221184), (-11.308982, -6.454832, -9.638777), (-10.745287, -6.746401, -10.074166), (-10.102156, -7.047347, -10.523559), (-9.37016, -7.353789, -10.981157), (-8.540527, -7.6602116, -11.438727), (-7.6062255, -7.9592485, -11.885269), (-6.5634074, -8.241637, -12.306951), (-5.413082, -8.496474, -12.6874895), (-4.1627436, -8.711893, -13.009167), (-2.8275018, -8.876199, -13.2545185), (-1.4301817, -8.97936, -13.4085655), (0, -9.014554, -13.46112), (1.4301817, -8.97936, -13.4085655), (2.8275018, -8.876199, -13.2545185), (4.1627436, -8.711893, -13.009167), (5.413082, -8.496474, -12.6874895), (6.5634074, -8.241637, -12.306951), (7.6062255, -7.9592485, -11.885269), (8.540527, -7.6602116, -11.438727), (9.37016, -7.353789, -10.981157), (10.102156, -7.047347, -10.523559), (10.745287, -6.746401, -10.074166), (11.308982, -6.454832, -9.638777), (11.802577, -6.1751814, -9.221184), (-12.073615, -5.2641587, -9.432941), (-11.593655, -5.514429, -9.881406), (-11.041801, -5.7771387, -10.35216), (-10.407512, -6.0503054, -10.841653), (-9.679819, -6.3306766, -11.344055), (-8.848092, -6.6133947, -11.850663), (-7.9032407, -6.8917074, -12.349377), (-6.8393936, -7.1568265, -12.824448), (-5.6559677, -7.398093, -13.256779), (-4.3598094, -7.603597, -13.625025), (-2.966836, -7.761335, -13.907678), (-1.5024332, -7.8608236, -14.085954), (0, -7.8948464, -14.146919), (1.5024332, -7.8608236, -14.085954), (2.966836, -7.761335, -13.907678), (4.3598094, -7.603597, -13.625025), (5.6559677, -7.398093, -13.256779), (6.8393936, -7.1568265, -12.824448), (7.9032407, -6.8917074, -12.349377), (8.848092, -6.6133947, -11.850663), (9.679819, -6.3306766, -11.344055), (10.407512, -6.0503054, -10.841653), (11.041801, -5.7771387, -10.35216), (11.593655, -5.514429, -9.881406), (12.073615, -5.2641587, -9.432941), (-12.309826, -4.293718, -9.61749), (-11.843273, -4.5065265, -10.094159), (-11.30356, -4.731274, -10.59757), (-10.679061, -4.966534, -11.124529), (-9.95737, -5.209758, -11.669325), (-9.126063, -5.4569287, -12.222963), (-8.173974, -5.702232, -12.772417), (-7.0930915, -5.937839, -13.300153), (-5.881021, -6.153973, -13.784271), (-4.543686, -6.339426, -14.199667), (-3.0975606, -6.4826517, -14.520478), (-1.5704591, -6.573392, -14.723726), (0, -6.604496, -14.793396), (1.5704591, -6.573392, -14.723726), (3.0975606, -6.4826517, -14.520478), (4.543686, -6.339426, -14.199667), (5.881021, -6.153973, -13.784271), (7.0930915, -5.937839, -13.300153), (8.173974, -5.702232, -12.772417), (9.126063, -5.4569287, -12.222963), (9.95737, -5.209758, -11.669325), (10.679061, -4.966534, -11.124529), (11.30356, -4.731274, -10.59757), (11.843273, -4.5065265, -10.094159), (12.309826, -4.293718, -9.61749), (-12.503446, -3.2709403, -9.768763), (-12.048973, -3.4385986, -10.26948), (-11.520538, -3.6165702, -10.800998), (-10.905614, -3.8039231, -11.360533), (-10.190559, -3.998823, -11.942607), (-9.361355, -4.198216, -12.5381), (-8.40492, -4.397506, -13.1332855), (-7.311188, -4.590311, -13.709104), (-6.075927, -4.7684436, -14.241102), (-4.703976, -4.922299, -14.700596), (-3.2121089, -5.0417857, -15.0574465), (-1.6302668, -5.117794, -15.284448), (0, -5.1439047, -15.362428), (1.6302668, -5.117794, -15.284448), (3.2121089, -5.0417857, -15.0574465), (4.703976, -4.922299, -14.700596), (6.075927, -4.7684436, -14.241102), (7.311188, -4.590311, -13.709104), (8.40492, -4.397506, -13.1332855), (9.361355, -4.198216, -12.5381), (10.190559, -3.998823, -11.942607), (10.905614, -3.8039231, -11.360533), (11.520538, -3.6165702, -10.800998), (12.048973, -3.4385986, -10.26948), (12.503446, -3.2709403, -9.768763), (-12.647477, -2.2057462, -9.881292), (-12.202643, -2.3216357, -10.4004545), (-11.683404, -2.4451318, -10.953691), (-11.07656, -2.5757, -11.5386095), (-10.367525, -2.7121768, -12.149998), (-9.5410185, -2.8525257, -12.778732), (-8.582406, -2.9935784, -13.410621), (-7.479895, -3.130822, -14.025443), (-6.227641, -3.2583404, -14.5967), (-4.8294463, -3.3690615, -15.092708), (-3.3021746, -3.4554365, -15.47965), (-1.6774281, -3.5105631, -15.726605), (0, -3.5295334, -15.811588), (1.6774281, -3.5105631, -15.726605), (3.3021746, -3.4554365, -15.47965), (4.8294463, -3.3690615, -15.092708), (6.227641, -3.2583404, -14.5967), (7.479895, -3.130822, -14.025443), (8.582406, -2.9935784, -13.410621), (9.5410185, -2.8525257, -12.778732), (10.367525, -2.7121768, -12.149998), (11.07656, -2.5757, -11.5386095), (11.683404, -2.4451318, -10.953691), (12.202643, -2.3216357, -10.4004545), (12.647477, -2.2057462, -9.881292), (-12.736322, -1.1106205, -9.950706), (-12.297716, -1.169862, -10.481485), (-11.784502, -1.2331449, -11.048474), (-11.183069, -1.3002336, -11.649562), (-10.478235, -1.3705693, -12.279742), (-9.653913, -1.4431391, -12.929936), (-8.69445, -1.5163301, -13.585699), (-7.586903, -1.587806, -14.226092), (-6.324313, -1.6544598, -14.823284), (-4.909725, -1.7125324, -15.343591), (-3.359992, -1.7579687, -15.750681), (-1.7077683, -1.78703, -16.011059), (0, -1.7970421, -16.100763), (1.7077683, -1.78703, -16.011059), (3.359992, -1.7579687, -15.750681), (4.909725, -1.7125324, -15.343591), (6.324313, -1.6544598, -14.823284), (7.586903, -1.587806, -14.226092), (8.69445, -1.5163301, -13.585699), (9.653913, -1.4431391, -12.929936), (10.478235, -1.3705693, -12.279742), (11.183069, -1.3002336, -11.649562), (11.784502, -1.2331449, -11.048474), (12.297716, -1.169862, -10.481485), (12.736322, -1.1106205, -9.950706), (-12.766356, 0, -9.974171), (-12.329904, 0, -10.50892), (-11.8187895, 0, -11.080621), (-11.219261, 0, -11.6872635), (-10.515934, 0, -12.323922), (-9.692444, 0, -12.981544), (-8.732785, 0, -13.645599), (-7.623606, 0, -14.294914), (-6.3575516, 0, -14.901191), (-4.9373875, 0, -15.43004), (-3.37995, 0, -15.844238), (-1.7182536, 0, -16.109362), (0, 0, -16.200739), (1.7182536, 0, -16.109362), (3.37995, 0, -15.844238), (4.9373875, 0, -15.43004), (6.3575516, 0, -14.901191), (7.623606, 0, -14.294914), (8.732785, 0, -13.645599), (9.692444, 0, -12.981544), (10.515934, 0, -12.323922), (11.219261, 0, -11.6872635), (11.8187895, 0, -11.080621), (12.329904, 0, -10.50892), (12.766356, 0, -9.974171), (-12.736322, 1.1106205, -9.950706), (-12.297716, 1.169862, -10.481485), (-11.784502, 1.2331449, -11.048474), (-11.183069, 1.3002336, -11.649562), (-10.478235, 1.3705693, -12.279742), (-9.653913, 1.4431391, -12.929936), (-8.69445, 1.5163301, -13.585699), (-7.586903, 1.587806, -14.226092), (-6.324313, 1.6544598, -14.823284), (-4.909725, 1.7125324, -15.343591), (-3.359992, 1.7579687, -15.750681), (-1.7077683, 1.78703, -16.011059), (0, 1.7970421, -16.100763), (1.7077683, 1.78703, -16.011059), (3.359992, 1.7579687, -15.750681), (4.909725, 1.7125324, -15.343591), (6.324313, 1.6544598, -14.823284), (7.586903, 1.587806, -14.226092), (8.69445, 1.5163301, -13.585699), (9.653913, 1.4431391, -12.929936), (10.478235, 1.3705693, -12.279742), (11.183069, 1.3002336, -11.649562), (11.784502, 1.2331449, -11.048474), (12.297716, 1.169862, -10.481485), (12.736322, 1.1106205, -9.950706), (-12.647477, 2.2057462, -9.881292), (-12.202643, 2.3216357, -10.4004545), (-11.683404, 2.4451318, -10.953691), (-11.07656, 2.5757, -11.5386095), (-10.367525, 2.7121768, -12.149998), (-9.5410185, 2.8525257, -12.778732), (-8.582406, 2.9935784, -13.410621), (-7.479895, 3.130822, -14.025443), (-6.227641, 3.2583404, -14.5967), (-4.8294463, 3.3690615, -15.092708), (-3.3021746, 3.4554365, -15.47965), (-1.6774281, 3.5105631, -15.726605), (0, 3.5295334, -15.811588), (1.6774281, 3.5105631, -15.726605), (3.3021746, 3.4554365, -15.47965), (4.8294463, 3.3690615, -15.092708), (6.227641, 3.2583404, -14.5967), (7.479895, 3.130822, -14.025443), (8.582406, 2.9935784, -13.410621), (9.5410185, 2.8525257, -12.778732), (10.367525, 2.7121768, -12.149998), (11.07656, 2.5757, -11.5386095), (11.683404, 2.4451318, -10.953691), (12.202643, 2.3216357, -10.4004545), (12.647477, 2.2057462, -9.881292), (-12.503446, 3.2709403, -9.768763), (-12.048973, 3.4385986, -10.26948), (-11.520538, 3.6165702, -10.800998), (-10.905614, 3.8039231, -11.360533), (-10.190559, 3.998823, -11.942607), (-9.361355, 4.198216, -12.5381), (-8.40492, 4.397506, -13.1332855), (-7.311188, 4.590311, -13.709104), (-6.075927, 4.7684436, -14.241102), (-4.703976, 4.922299, -14.700596), (-3.2121089, 5.0417857, -15.0574465), (-1.6302668, 5.117794, -15.284448), (0, 5.1439047, -15.362428), (1.6302668, 5.117794, -15.284448), (3.2121089, 5.0417857, -15.0574465), (4.703976, 4.922299, -14.700596), (6.075927, 4.7684436, -14.241102), (7.311188, 4.590311, -13.709104), (8.40492, 4.397506, -13.1332855), (9.361355, 4.198216, -12.5381), (10.190559, 3.998823, -11.942607), (10.905614, 3.8039231, -11.360533), (11.520538, 3.6165702, -10.800998), (12.048973, 3.4385986, -10.26948), (12.503446, 3.2709403, -9.768763), (-12.309826, 4.293718, -9.61749), (-11.843273, 4.5065265, -10.094159), (-11.30356, 4.731274, -10.59757), (-10.679061, 4.966534, -11.124529), (-9.95737, 5.209758, -11.669325), (-9.126063, 5.4569287, -12.222963), (-8.173974, 5.702232, -12.772417), (-7.0930915, 5.937839, -13.300153), (-5.881021, 6.153973, -13.784271), (-4.543686, 6.339426, -14.199667), (-3.0975606, 6.4826517, -14.520478), (-1.5704591, 6.573392, -14.723726), (0, 6.604496, -14.793396), (1.5704591, 6.573392, -14.723726), (3.0975606, 6.4826517, -14.520478), (4.543686, 6.339426, -14.199667), (5.881021, 6.153973, -13.784271), (7.0930915, 5.937839, -13.300153), (8.173974, 5.702232, -12.772417), (9.126063, 5.4569287, -12.222963), (9.95737, 5.209758, -11.669325), (10.679061, 4.966534, -11.124529), (11.30356, 4.731274, -10.59757), (11.843273, 4.5065265, -10.094159), (12.309826, 4.293718, -9.61749), (-12.073615, 5.2641587, -9.432941), (-11.593655, 5.514429, -9.881406), (-11.041801, 5.7771387, -10.35216), (-10.407512, 6.0503054, -10.841653), (-9.679819, 6.3306766, -11.344055), (-8.848092, 6.6133947, -11.850663), (-7.9032407, 6.8917074, -12.349377), (-6.8393936, 7.1568265, -12.824448), (-5.6559677, 7.398093, -13.256779), (-4.3598094, 7.603597, -13.625025), (-2.966836, 7.761335, -13.907678), (-1.5024332, 7.8608236, -14.085954), (0, 7.8948464, -14.146919), (1.5024332, 7.8608236, -14.085954), (2.966836, 7.761335, -13.907678), (4.3598094, 7.603597, -13.625025), (5.6559677, 7.398093, -13.256779), (6.8393936, 7.1568265, -12.824448), (7.9032407, 6.8917074, -12.349377), (8.848092, 6.6133947, -11.850663), (9.679819, 6.3306766, -11.344055), (10.407512, 6.0503054, -10.841653), (11.041801, 5.7771387, -10.35216), (11.593655, 5.514429, -9.881406), (12.073615, 5.2641587, -9.432941), (-11.802577, 6.1751814, -9.221184), (-11.308982, 6.454832, -9.638777), (-10.745287, 6.746401, -10.074166), (-10.102156, 7.047347, -10.523559), (-9.37016, 7.353789, -10.981157), (-8.540527, 7.6602116, -11.438727), (-7.6062255, 7.9592485, -11.885269), (-6.5634074, 8.241637, -12.306951), (-5.413082, 8.496474, -12.6874895), (-4.1627436, 8.711893, -13.009167), (-2.8275018, 8.876199, -13.2545185), (-1.4301817, 8.97936, -13.4085655), (0, 9.014554, -13.46112), (1.4301817, 8.97936, -13.4085655), (2.8275018, 8.876199, -13.2545185), (4.1627436, 8.711893, -13.009167), (5.413082, 8.496474, -12.6874895), (6.5634074, 8.241637, -12.306951), (7.6062255, 7.9592485, -11.885269), (8.540527, 7.6602116, -11.438727), (9.37016, 7.353789, -10.981157), (10.102156, 7.047347, -10.523559), (10.745287, 6.746401, -10.074166), (11.308982, 6.454832, -9.638777), (11.802577, 6.1751814, -9.221184), (-11.504639, 7.022515, -8.988409), (-10.998142, 7.32365, -9.373844), (-10.423869, 7.635366, -9.772823), (-9.773745, 7.954619, -10.181448), (-9.039893, 8.277024, -10.594109), (-8.215338, 8.596631, -11.003186), (-7.294954, 8.905785, -11.398885), (-6.276667, 9.195175, -11.769288), (-5.1627607, 9.45416, -12.100773), (-3.9610646, 9.67145, -12.378892), (-2.6856835, 9.8361635, -12.589715), (-1.3568981, 9.939125, -12.721499), (0, 9.974171, -12.766356), (1.3568981, 9.939125, -12.721499), (2.6856835, 9.8361635, -12.589715), (3.9610646, 9.67145, -12.378892), (5.1627607, 9.45416, -12.100773), (6.276667, 9.195175, -11.769288), (7.294954, 8.905785, -11.398885), (8.215338, 8.596631, -11.003186), (9.039893, 8.277024, -10.594109), (9.773745, 7.954619, -10.181448), (10.423869, 7.635366, -9.772823), (10.998142, 7.32365, -9.373844), (11.504639, 7.022515, -8.988409)]
                                color3f[] primvars:displayColor = [(0.36666667, 0.73333335, 0.68333334)] (
                                    interpolation = "constant"
                                )
                                float[] primvars:displayOpacity = [0.3] (
                                    interpolation = "constant"
                                )
                                uniform token purpose = "guide"
                                uniform token subdivisionScheme = "none"
                            }
                        }
                    }
                }
            }

            over "L01_Office"
            {
                over "Office_Corridor_L01"
                {
                    over "sec_cam_corr_ocorr_1_1"
                    {
                        double aeco:cctv:mountHeight = 2.8200000000000003

                        over "Sensor_0"
                        {
                            double aeco:cctvSensor:effectiveWidth = 7.228335573456428
                            double aeco:cctvSensor:hfov = 84.19827201220271
                            double aeco:cctvSensor:targetRange = 5.7374204031549985
                            double aeco:cctvSensor:vfov = 59.24722851636196
                            float2 clippingRange = (0.05, 24)
                            float focalLength = 4
                            float horizontalAperture = 7.2283354
                            float verticalAperture = 4.5489945
                            matrix4d xformOp:transform = ( (2.220446049250313e-16, -1, 0, 0), (0.25881904510252096, 5.746937261686313e-17, 0.9659258262890682, 0), (-0.9659258262890682, -2.1447861848524057e-16, 0.25881904510252096, 0), (0, 0, -0.08, 1) )
                            uniform token[] xformOpOrder = ["xformOp:transform"]

                            def Mesh "Sector" (
                                prepend apiSchemas = ["AecoDerivedGeometryAPI", "MaterialBindingAPI"]
                            )
                            {
                                uniform token aeco:derived:approx = "tessellated"
                                uniform token aeco:derived:role = "sector"
                                string aeco:derived:source = "85ef0c56-c408-588b-8c84-7efbe9dd3b53"
                                string aeco:derived:stamp = "usdAecoCctv derive 0.5.3"
                                uniform bool doubleSided = 1
                                float3[] extent = [(-16.08997, -11.863204, -24), (16.08997, 11.863204, 0)]
                                int[] faceVertexCounts = [4, 4, 4, 4, 4, 4, 4, 4, 4, 4, 4, 4, 4, 4, 4, 4, 4, 4, 4, 4, 4, 4, 4, 4, 4, 4, 4, 4, 4, 4, 4, 4, 4, 4, 4, 4, 4, 4, 4, 4, 4, 4, 4, 4, 4, 4, 4, 4, 4, 4, 4, 4, 4, 4, 4, 4, 4, 4, 4, 4, 4, 4, 4, 4, 4, 4, 4, 4, 4, 4, 4, 4, 4, 4, 4, 4, 4, 4, 4, 4, 4, 4, 4, 4, 4, 4, 4, 4, 4, 4, 4, 4, 4, 4, 4, 4, 4, 4, 4, 4, 4, 4, 4, 4, 4, 4, 4, 4, 4, 4, 4, 4, 4, 4, 4, 4, 4, 4, 4, 4, 4, 4, 4, 4, 4, 4, 4, 4, 4, 4, 4, 4, 4, 4, 4, 4, 4, 4, 4, 4, 4, 4, 4, 4, 4, 4, 4, 4, 4, 4, 4, 4, 4, 4, 4, 4, 4, 4, 4, 4, 4, 4, 4, 4, 4, 4, 4, 4, 4, 4, 4, 4, 4, 4, 4, 4, 4, 4, 4, 4, 4, 4, 4, 4, 4, 4, 4, 4, 4, 4, 4, 4, 4, 4, 4, 4, 4, 4, 4, 4, 4, 4, 4, 4, 4, 4, 4, 4, 4, 4, 4, 4, 4, 4, 4, 4, 4, 4, 4, 4, 4, 4, 4, 4, 4, 4, 4, 4, 4, 4, 4, 4, 4, 4, 4, 4, 4, 4, 4, 4, 4, 4, 4, 4, 4, 4, 4, 4, 4, 4, 4, 4, 4, 4, 4, 4, 4, 4, 4, 4, 4, 4, 4, 4, 4, 4, 4, 4, 4, 4, 4, 4, 4, 4, 4, 4, 4, 4, 4, 4, 4, 4, 4, 4, 4, 4, 4, 4, 4, 4, 4, 4, 4, 4, 4, 4, 4, 4, 4, 4, 4, 4, 4, 4, 4, 4, 4, 4, 4, 4, 4, 4, 4, 4, 4, 4, 4, 4, 4, 4, 4, 4, 4, 4, 4, 4, 4, 4, 4, 4, 4, 4, 4, 4, 4, 4, 3, 3, 3, 3, 3, 3, 3, 3, 3, 3, 3, 3, 3, 3, 3, 3, 3, 3, 3, 3, 3, 3, 3, 3, 3, 3, 3, 3, 3, 3, 3, 3, 3, 3, 3, 3, 3, 3, 3, 3, 3, 3, 3, 3, 3, 3, 3, 3, 3, 3, 3, 3, 3, 3, 3, 3, 3, 3, 3, 3, 3, 3, 3, 3, 3, 3, 3, 3, 3, 3, 3, 3, 3, 3, 3, 3]
                                int[] faceVertexIndices = [1, 26, 27, 2, 2, 27, 28, 3, 3, 28, 29, 4, 4, 29, 30, 5, 5, 30, 31, 6, 6, 31, 32, 7, 7, 32, 33, 8, 8, 33, 34, 9, 9, 34, 35, 10, 10, 35, 36, 11, 11, 36, 37, 12, 12, 37, 38, 13, 13, 38, 39, 14, 14, 39, 40, 15, 15, 40, 41, 16, 16, 41, 42, 17, 17, 42, 43, 18, 18, 43, 44, 19, 19, 44, 45, 20, 20, 45, 46, 21, 21, 46, 47, 22, 22, 47, 48, 23, 23, 48, 49, 24, 24, 49, 50, 25, 26, 51, 52, 27, 27, 52, 53, 28, 28, 53, 54, 29, 29, 54, 55, 30, 30, 55, 56, 31, 31, 56, 57, 32, 32, 57, 58, 33, 33, 58, 59, 34, 34, 59, 60, 35, 35, 60, 61, 36, 36, 61, 62, 37, 37, 62, 63, 38, 38, 63, 64, 39, 39, 64, 65, 40, 40, 65, 66, 41, 41, 66, 67, 42, 42, 67, 68, 43, 43, 68, 69, 44, 44, 69, 70, 45, 45, 70, 71, 46, 46, 71, 72, 47, 47, 72, 73, 48, 48, 73, 74, 49, 49, 74, 75, 50, 51, 76, 77, 52, 52, 77, 78, 53, 53, 78, 79, 54, 54, 79, 80, 55, 55, 80, 81, 56, 56, 81, 82, 57, 57, 82, 83, 58, 58, 83, 84, 59, 59, 84, 85, 60, 60, 85, 86, 61, 61, 86, 87, 62, 62, 87, 88, 63, 63, 88, 89, 64, 64, 89, 90, 65, 65, 90, 91, 66, 66, 91, 92, 67, 67, 92, 93, 68, 68, 93, 94, 69, 69, 94, 95, 70, 70, 95, 96, 71, 71, 96, 97, 72, 72, 97, 98, 73, 73, 98, 99, 74, 74, 99, 100, 75, 76, 101, 102, 77, 77, 102, 103, 78, 78, 103, 104, 79, 79, 104, 105, 80, 80, 105, 106, 81, 81, 106, 107, 82, 82, 107, 108, 83, 83, 108, 109, 84, 84, 109, 110, 85, 85, 110, 111, 86, 86, 111, 112, 87, 87, 112, 113, 88, 88, 113, 114, 89, 89, 114, 115, 90, 90, 115, 116, 91, 91, 116, 117, 92, 92, 117, 118, 93, 93, 118, 119, 94, 94, 119, 120, 95, 95, 120, 121, 96, 96, 121, 122, 97, 97, 122, 123, 98, 98, 123, 124, 99, 99, 124, 125, 100, 101, 126, 127, 102, 102, 127, 128, 103, 103, 128, 129, 104, 104, 129, 130, 105, 105, 130, 131, 106, 106, 131, 132, 107, 107, 132, 133, 108, 108, 133, 134, 109, 109, 134, 135, 110, 110, 135, 136, 111, 111, 136, 137, 112, 112, 137, 138, 113, 113, 138, 139, 114, 114, 139, 140, 115, 115, 140, 141, 116, 116, 141, 142, 117, 117, 142, 143, 118, 118, 143, 144, 119, 119, 144, 145, 120, 120, 145, 146, 121, 121, 146, 147, 122, 122, 147, 148, 123, 123, 148, 149, 124, 124, 149, 150, 125, 126, 151, 152, 127, 127, 152, 153, 128, 128, 153, 154, 129, 129, 154, 155, 130, 130, 155, 156, 131, 131, 156, 157, 132, 132, 157, 158, 133, 133, 158, 159, 134, 134, 159, 160, 135, 135, 160, 161, 136, 136, 161, 162, 137, 137, 162, 163, 138, 138, 163, 164, 139, 139, 164, 165, 140, 140, 165, 166, 141, 141, 166, 167, 142, 142, 167, 168, 143, 143, 168, 169, 144, 144, 169, 170, 145, 145, 170, 171, 146, 146, 171, 172, 147, 147, 172, 173, 148, 148, 173, 174, 149, 149, 174, 175, 150, 151, 176, 177, 152, 152, 177, 178, 153, 153, 178, 179, 154, 154, 179, 180, 155, 155, 180, 181, 156, 156, 181, 182, 157, 157, 182, 183, 158, 158, 183, 184, 159, 159, 184, 185, 160, 160, 185, 186, 161, 161, 186, 187, 162, 162, 187, 188, 163, 163, 188, 189, 164, 164, 189, 190, 165, 165, 190, 191, 166, 166, 191, 192, 167, 167, 192, 193, 168, 168, 193, 194, 169, 169, 194, 195, 170, 170, 195, 196, 171, 171, 196, 197, 172, 172, 197, 198, 173, 173, 198, 199, 174, 174, 199, 200, 175, 176, 201, 202, 177, 177, 202, 203, 178, 178, 203, 204, 179, 179, 204, 205, 180, 180, 205, 206, 181, 181, 206, 207, 182, 182, 207, 208, 183, 183, 208, 209, 184, 184, 209, 210, 185, 185, 210, 211, 186, 186, 211, 212, 187, 187, 212, 213, 188, 188, 213, 214, 189, 189, 214, 215, 190, 190, 215, 216, 191, 191, 216, 217, 192, 192, 217, 218, 193, 193, 218, 219, 194, 194, 219, 220, 195, 195, 220, 221, 196, 196, 221, 222, 197, 197, 222, 223, 198, 198, 223, 224, 199, 199, 224, 225, 200, 201, 226, 227, 202, 202, 227, 228, 203, 203, 228, 229, 204, 204, 229, 230, 205, 205, 230, 231, 206, 206, 231, 232, 207, 207, 232, 233, 208, 208, 233, 234, 209, 209, 234, 235, 210, 210, 235, 236, 211, 211, 236, 237, 212, 212, 237, 238, 213, 213, 238, 239, 214, 214, 239, 240, 215, 215, 240, 241, 216, 216, 241, 242, 217, 217, 242, 243, 218, 218, 243, 244, 219, 219, 244, 245, 220, 220, 245, 246, 221, 221, 246, 247, 222, 222, 247, 248, 223, 223, 248, 249, 224, 224, 249, 250, 225, 226, 251, 252, 227, 227, 252, 253, 228, 228, 253, 254, 229, 229, 254, 255, 230, 230, 255, 256, 231, 231, 256, 257, 232, 232, 257, 258, 233, 233, 258, 259, 234, 234, 259, 260, 235, 235, 260, 261, 236, 236, 261, 262, 237, 237, 262, 263, 238, 238, 263, 264, 239, 239, 264, 265, 240, 240, 265, 266, 241, 241, 266, 267, 242, 242, 267, 268, 243, 243, 268, 269, 244, 244, 269, 270, 245, 245, 270, 271, 246, 246, 271, 272, 247, 247, 272, 273, 248, 248, 273, 274, 249, 249, 274, 275, 250, 251, 276, 277, 252, 252, 277, 278, 253, 253, 278, 279, 254, 254, 279, 280, 255, 255, 280, 281, 256, 256, 281, 282, 257, 257, 282, 283, 258, 258, 283, 284, 259, 259, 284, 285, 260, 260, 285, 286, 261, 261, 286, 287, 262, 262, 287, 288, 263, 263, 288, 289, 264, 264, 289, 290, 265, 265, 290, 291, 266, 266, 291, 292, 267, 267, 292, 293, 268, 268, 293, 294, 269, 269, 294, 295, 270, 270, 295, 296, 271, 271, 296, 297, 272, 272, 297, 298, 273, 273, 298, 299, 274, 274, 299, 300, 275, 276, 301, 302, 277, 277, 302, 303, 278, 278, 303, 304, 279, 279, 304, 305, 280, 280, 305, 306, 281, 281, 306, 307, 282, 282, 307, 308, 283, 283, 308, 309, 284, 284, 309, 310, 285, 285, 310, 311, 286, 286, 311, 312, 287, 287, 312, 313, 288, 288, 313, 314, 289, 289, 314, 315, 290, 290, 315, 316, 291, 291, 316, 317, 292, 292, 317, 318, 293, 293, 318, 319, 294, 294, 319, 320, 295, 295, 320, 321, 296, 296, 321, 322, 297, 297, 322, 323, 298, 298, 323, 324, 299, 299, 324, 325, 300, 301, 326, 327, 302, 302, 327, 328, 303, 303, 328, 329, 304, 304, 329, 330, 305, 305, 330, 331, 306, 306, 331, 332, 307, 307, 332, 333, 308, 308, 333, 334, 309, 309, 334, 335, 310, 310, 335, 336, 311, 311, 336, 337, 312, 312, 337, 338, 313, 313, 338, 339, 314, 314, 339, 340, 315, 315, 340, 341, 316, 316, 341, 342, 317, 317, 342, 343, 318, 318, 343, 344, 319, 319, 344, 345, 320, 320, 345, 346, 321, 321, 346, 347, 322, 322, 347, 348, 323, 323, 348, 349, 324, 324, 349, 350, 325, 326, 351, 352, 327, 327, 352, 353, 328, 328, 353, 354, 329, 329, 354, 355, 330, 330, 355, 356, 331, 331, 356, 357, 332, 332, 357, 358, 333, 333, 358, 359, 334, 334, 359, 360, 335, 335, 360, 361, 336, 336, 361, 362, 337, 337, 362, 363, 338, 338, 363, 364, 339, 339, 364, 365, 340, 340, 365, 366, 341, 341, 366, 367, 342, 342, 367, 368, 343, 343, 368, 369, 344, 344, 369, 370, 345, 345, 370, 371, 346, 346, 371, 372, 347, 347, 372, 373, 348, 348, 373, 374, 349, 349, 374, 375, 350, 0, 1, 2, 0, 2, 3, 0, 3, 4, 0, 4, 5, 0, 5, 6, 0, 6, 7, 0, 7, 8, 0, 8, 9, 0, 9, 10, 0, 10, 11, 0, 11, 12, 0, 12, 13, 0, 13, 14, 0, 14, 15, 0, 15, 16, 0, 16, 17, 0, 17, 18, 0, 18, 19, 0, 19, 20, 0, 20, 21, 0, 21, 22, 0, 22, 23, 0, 23, 24, 0, 24, 25, 0, 352, 351, 0, 353, 352, 0, 354, 353, 0, 355, 354, 0, 356, 355, 0, 357, 356, 0, 358, 357, 0, 359, 358, 0, 360, 359, 0, 361, 360, 0, 362, 361, 0, 363, 362, 0, 364, 363, 0, 365, 364, 0, 366, 365, 0, 367, 366, 0, 368, 367, 0, 369, 368, 0, 370, 369, 0, 371, 370, 0, 372, 371, 0, 373, 372, 0, 374, 373, 0, 375, 374, 0, 26, 1, 0, 51, 26, 0, 76, 51, 0, 101, 76, 0, 126, 101, 0, 151, 126, 0, 176, 151, 0, 201, 176, 0, 226, 201, 0, 251, 226, 0, 276, 251, 0, 301, 276, 0, 326, 301, 0, 351, 326, 0, 25, 50, 0, 50, 75, 0, 75, 100, 0, 100, 125, 0, 125, 150, 0, 150, 175, 0, 175, 200, 0, 200, 225, 0, 225, 250, 0, 250, 275, 0, 275, 300, 0, 300, 325, 0, 325, 350, 0, 350, 375]
                                rel material:binding = </AecoCctvLooks/Sector>
                                point3f[] points = [(0, 0, 0), (-14.82453, -9.3294935, -16.40713), (-14.023156, -9.627454, -16.931131), (-13.143663, -9.926012, -17.456186), (-12.181471, -10.221522, -17.97588), (-11.13313, -10.509587, -18.48248), (-9.99684, -10.785072, -18.966955), (-8.773014, -11.042209, -19.419163), (-7.4648223, -11.274774, -19.82816), (-6.078647, -11.476391, -20.182728), (-4.6243386, -11.640905, -20.47205), (-3.115186, -11.762845, -20.686495), (-1.5675281, -11.837873, -20.818443), (0, -11.863204, -20.862991), (1.5675281, -11.837873, -20.818443), (3.115186, -11.762845, -20.686495), (4.6243386, -11.640905, -20.47205), (6.078647, -11.476391, -20.182728), (7.4648223, -11.274774, -19.82816), (8.773014, -11.042209, -19.419163), (9.99684, -10.785072, -18.966955), (11.13313, -10.509587, -18.48248), (12.181471, -10.221522, -17.97588), (13.143663, -9.926012, -17.456186), (14.023156, -9.627454, -16.931131), (14.82453, -9.3294935, -16.40713), (-15.130935, -8.161991, -16.746244), (-14.332434, -8.434102, -17.304544), (-13.45245, -8.7078905, -17.866287), (-12.4855995, -8.980044, -18.424675), (-11.4276085, -9.2464905, -18.971352), (-10.2759, -9.502402, -19.496416), (-9.030252, -9.742271, -19.988564), (-7.6934524, -9.96008, -20.43545), (-6.2718635, -10.149583, -20.824257), (-4.7757835, -10.30469, -21.142498), (-3.2194643, -10.41994, -21.37896), (-1.620706, -10.490973, -21.524702), (0, -10.5149765, -21.57395), (1.620706, -10.490973, -21.524702), (3.2194643, -10.41994, -21.37896), (4.7757835, -10.30469, -21.142498), (6.2718635, -10.149583, -20.824257), (7.6934524, -9.96008, -20.43545), (9.030252, -9.742271, -19.988564), (10.2759, -9.502402, -19.496416), (11.4276085, -9.2464905, -18.971352), (12.4855995, -8.980044, -18.424675), (13.45245, -8.7078905, -17.866287), (14.332434, -8.434102, -17.304544), (15.130935, -8.161991, -16.746244), (-15.405596, -6.9251246, -17.050228), (-14.610753, -7.164902, -17.64058), (-13.731457, -7.4070787, -18.23684), (-12.761542, -7.6487594, -18.831875), (-11.695917, -7.886325, -19.41678), (-10.531218, -8.1154175, -19.980827), (-9.266544, -8.330996, -20.511599), (-7.904244, -8.527479, -20.995358), (-6.450591, -8.699011, -21.41768), (-4.916256, -8.839824, -21.764374), (-3.3163874, -8.944696, -22.02258), (-1.670196, -9.00944, -22.181984), (0, -9.031336, -22.235893), (1.670196, -9.00944, -22.181984), (3.3163874, -8.944696, -22.02258), (4.916256, -8.839824, -21.764374), (6.450591, -8.699011, -21.41768), (7.904244, -8.527479, -20.995358), (9.266544, -8.330996, -20.511599), (10.531218, -8.1154175, -19.980827), (11.695917, -7.886325, -19.41678), (12.761542, -7.6487594, -18.831875), (13.731457, -7.4070787, -18.23684), (14.610753, -7.164902, -17.64058), (15.405596, -6.9251246, -17.050228), (-15.641798, -5.625042, -17.311646), (-14.850942, -5.8261495, -17.930574), (-13.97312, -6.0299497, -18.557793), (-13.001452, -6.2340417, -19.185905), (-11.930085, -6.435375, -19.80553), (-10.754892, -6.6302266, -20.405205), (-9.474313, -6.8142304, -20.971497), (-8.090227, -6.9825015, -21.489367), (-6.6087666, -7.1298556, -21.942865), (-5.040893, -7.2511444, -22.316145), (-3.40255, -7.34167, -22.594746), (-1.714245, -7.39764, -22.767), (0, -7.4165835, -22.8253), (1.714245, -7.39764, -22.767), (3.40255, -7.34167, -22.594746), (5.040893, -7.2511444, -22.316145), (6.6087666, -7.1298556, -21.942865), (8.090227, -6.9825015, -21.489367), (9.474313, -6.8142304, -20.971497), (10.754892, -6.6302266, -20.405205), (11.930085, -6.435375, -19.80553), (13.001452, -6.2340417, -19.185905), (13.97312, -6.0299497, -18.557793), (14.850942, -5.8261495, -17.930574), (15.641798, -5.625042, -17.311646), (-15.833215, -4.2704086, -17.523497), (-15.046169, -4.4270544, -18.166286), (-14.170161, -4.5862355, -18.819485), (-13.1977005, -4.7461047, -19.475502), (-12.122267, -4.904282, -20.124578), (-10.939069, -5.0578265, -20.754642), (-9.64594, -5.2032523, -21.351393), (-8.244319, -5.3366213, -21.898668), (-6.740172, -5.4537163, -22.379166), (-5.1446695, -5.5503173, -22.775564), (-3.474414, -5.622548, -23.07196), (-1.751023, -5.667264, -23.255451), (0, -5.682408, -23.317595), (1.751023, -5.667264, -23.255451), (3.474414, -5.622548, -23.07196), (5.1446695, -5.5503173, -22.775564), (6.740172, -5.4537163, -22.379166), (8.244319, -5.3366213, -21.898668), (9.64594, -5.2032523, -21.351393), (10.939069, -5.0578265, -20.754642), (12.122267, -4.904282, -20.124578), (13.1977005, -4.7461047, -19.475502), (14.170161, -4.5862355, -18.819485), (15.046169, -4.4270544, -18.166286), (15.833215, -4.2704086, -17.523497), (-15.974324, -2.8723118, -17.679672), (-15.190428, -2.9796665, -18.34046), (-14.316121, -3.0889843, -19.013334), (-13.343446, -3.1990116, -19.690577), (-12.265369, -3.3081179, -20.362148), (-11.076572, -3.4142685, -21.015526), (-9.774403, -3.5150323, -21.635748), (-8.359937, -3.607641, -22.205774), (-6.8389816, -3.6891115, -22.707241), (-5.222847, -3.7564392, -23.121656), (-3.5286262, -3.806852, -23.43196), (-1.7787913, -3.8380916, -23.624245), (0, -3.8486772, -23.6894), (1.7787913, -3.8380916, -23.624245), (3.5286262, -3.806852, -23.43196), (5.222847, -3.7564392, -23.121656), (6.8389816, -3.6891115, -22.707241), (8.359937, -3.607641, -22.205774), (9.774403, -3.5150323, -21.635748), (11.076572, -3.4142685, -21.015526), (12.265369, -3.3081179, -20.362148), (13.343446, -3.1990116, -19.690577), (14.316121, -3.0889843, -19.013334), (15.190428, -2.9796665, -18.34046), (15.974324, -2.8723118, -17.679672), (-16.060823, -1.4439325, -17.775404), (-15.279, -1.4985201, -18.447401), (-14.405891, -1.554177, -19.132559), (-13.433246, -1.6102703, -19.823092), (-12.353703, -1.6659713, -20.508793), (-11.161605, -1.7202396, -21.176859), (-9.853989, -1.7718264, -21.811913), (-8.431686, -1.819302, -22.396357), (-6.900395, -1.8611196, -22.91115), (-5.271499, -1.8957158, -23.337042), (-3.5623975, -1.921643, -23.656218), (-1.7961001, -1.9377195, -23.854124), (0, -1.9431686, -23.921206), (1.7961001, -1.9377195, -23.854124), (3.5623975, -1.921643, -23.656218), (5.271499, -1.8957158, -23.337042), (6.900395, -1.8611196, -22.91115), (8.431686, -1.819302, -22.396357), (9.853989, -1.7718264, -21.811913), (11.161605, -1.7202396, -21.176859), (12.353703, -1.6659713, -20.508793), (13.433246, -1.6102703, -19.823092), (14.405891, -1.554177, -19.132559), (15.279, -1.4985201, -18.447401), (16.060823, -1.4439325, -17.775404), (-16.08997, 0, -17.807663), (-15.30887, 0, -18.483465), (-14.4361925, 0, -19.172802), (-13.463584, 0, -19.86786), (-12.3835745, 0, -20.558382), (-11.190388, 0, -21.231468), (-9.880953, 0, -21.871597), (-8.456017, 0, -22.460983), (-6.9212365, 0, -22.98035), (-5.2880216, 0, -23.410187), (-3.5738719, 0, -23.732412), (-1.8019831, 0, -23.932255), (0, 0, -24), (1.8019831, 0, -23.932255), (3.5738719, 0, -23.732412), (5.2880216, 0, -23.410187), (6.9212365, 0, -22.98035), (8.456017, 0, -22.460983), (9.880953, 0, -21.871597), (11.190388, 0, -21.231468), (12.3835745, 0, -20.558382), (13.463584, 0, -19.86786), (14.4361925, 0, -19.172802), (15.30887, 0, -18.483465), (16.08997, 0, -17.807663), (-16.060823, 1.4439325, -17.775404), (-15.279, 1.4985201, -18.447401), (-14.405891, 1.554177, -19.132559), (-13.433246, 1.6102703, -19.823092), (-12.353703, 1.6659713, -20.508793), (-11.161605, 1.7202396, -21.176859), (-9.853989, 1.7718264, -21.811913), (-8.431686, 1.819302, -22.396357), (-6.900395, 1.8611196, -22.91115), (-5.271499, 1.8957158, -23.337042), (-3.5623975, 1.921643, -23.656218), (-1.7961001, 1.9377195, -23.854124), (0, 1.9431686, -23.921206), (1.7961001, 1.9377195, -23.854124), (3.5623975, 1.921643, -23.656218), (5.271499, 1.8957158, -23.337042), (6.900395, 1.8611196, -22.91115), (8.431686, 1.819302, -22.396357), (9.853989, 1.7718264, -21.811913), (11.161605, 1.7202396, -21.176859), (12.353703, 1.6659713, -20.508793), (13.433246, 1.6102703, -19.823092), (14.405891, 1.554177, -19.132559), (15.279, 1.4985201, -18.447401), (16.060823, 1.4439325, -17.775404), (-15.974324, 2.8723118, -17.679672), (-15.190428, 2.9796665, -18.34046), (-14.316121, 3.0889843, -19.013334), (-13.343446, 3.1990116, -19.690577), (-12.265369, 3.3081179, -20.362148), (-11.076572, 3.4142685, -21.015526), (-9.774403, 3.5150323, -21.635748), (-8.359937, 3.607641, -22.205774), (-6.8389816, 3.6891115, -22.707241), (-5.222847, 3.7564392, -23.121656), (-3.5286262, 3.806852, -23.43196), (-1.7787913, 3.8380916, -23.624245), (0, 3.8486772, -23.6894), (1.7787913, 3.8380916, -23.624245), (3.5286262, 3.806852, -23.43196), (5.222847, 3.7564392, -23.121656), (6.8389816, 3.6891115, -22.707241), (8.359937, 3.607641, -22.205774), (9.774403, 3.5150323, -21.635748), (11.076572, 3.4142685, -21.015526), (12.265369, 3.3081179, -20.362148), (13.343446, 3.1990116, -19.690577), (14.316121, 3.0889843, -19.013334), (15.190428, 2.9796665, -18.34046), (15.974324, 2.8723118, -17.679672), (-15.833215, 4.2704086, -17.523497), (-15.046169, 4.4270544, -18.166286), (-14.170161, 4.5862355, -18.819485), (-13.1977005, 4.7461047, -19.475502), (-12.122267, 4.904282, -20.124578), (-10.939069, 5.0578265, -20.754642), (-9.64594, 5.2032523, -21.351393), (-8.244319, 5.3366213, -21.898668), (-6.740172, 5.4537163, -22.379166), (-5.1446695, 5.5503173, -22.775564), (-3.474414, 5.622548, -23.07196), (-1.751023, 5.667264, -23.255451), (0, 5.682408, -23.317595), (1.751023, 5.667264, -23.255451), (3.474414, 5.622548, -23.07196), (5.1446695, 5.5503173, -22.775564), (6.740172, 5.4537163, -22.379166), (8.244319, 5.3366213, -21.898668), (9.64594, 5.2032523, -21.351393), (10.939069, 5.0578265, -20.754642), (12.122267, 4.904282, -20.124578), (13.1977005, 4.7461047, -19.475502), (14.170161, 4.5862355, -18.819485), (15.046169, 4.4270544, -18.166286), (15.833215, 4.2704086, -17.523497), (-15.641798, 5.625042, -17.311646), (-14.850942, 5.8261495, -17.930574), (-13.97312, 6.0299497, -18.557793), (-13.001452, 6.2340417, -19.185905), (-11.930085, 6.435375, -19.80553), (-10.754892, 6.6302266, -20.405205), (-9.474313, 6.8142304, -20.971497), (-8.090227, 6.9825015, -21.489367), (-6.6087666, 7.1298556, -21.942865), (-5.040893, 7.2511444, -22.316145), (-3.40255, 7.34167, -22.594746), (-1.714245, 7.39764, -22.767), (0, 7.4165835, -22.8253), (1.714245, 7.39764, -22.767), (3.40255, 7.34167, -22.594746), (5.040893, 7.2511444, -22.316145), (6.6087666, 7.1298556, -21.942865), (8.090227, 6.9825015, -21.489367), (9.474313, 6.8142304, -20.971497), (10.754892, 6.6302266, -20.405205), (11.930085, 6.435375, -19.80553), (13.001452, 6.2340417, -19.185905), (13.97312, 6.0299497, -18.557793), (14.850942, 5.8261495, -17.930574), (15.641798, 5.625042, -17.311646), (-15.405596, 6.9251246, -17.050228), (-14.610753, 7.164902, -17.64058), (-13.731457, 7.4070787, -18.23684), (-12.761542, 7.6487594, -18.831875), (-11.695917, 7.886325, -19.41678), (-10.531218, 8.1154175, -19.980827), (-9.266544, 8.330996, -20.511599), (-7.904244, 8.527479, -20.995358), (-6.450591, 8.699011, -21.41768), (-4.916256, 8.839824, -21.764374), (-3.3163874, 8.944696, -22.02258), (-1.670196, 9.00944, -22.181984), (0, 9.031336, -22.235893), (1.670196, 9.00944, -22.181984), (3.3163874, 8.944696, -22.02258), (4.916256, 8.839824, -21.764374), (6.450591, 8.699011, -21.41768), (7.904244, 8.527479, -20.995358), (9.266544, 8.330996, -20.511599), (10.531218, 8.1154175, -19.980827), (11.695917, 7.886325, -19.41678), (12.761542, 7.6487594, -18.831875), (13.731457, 7.4070787, -18.23684), (14.610753, 7.164902, -17.64058), (15.405596, 6.9251246, -17.050228), (-15.130935, 8.161991, -16.746244), (-14.332434, 8.434102, -17.304544), (-13.45245, 8.7078905, -17.866287), (-12.4855995, 8.980044, -18.424675), (-11.4276085, 9.2464905, -18.971352), (-10.2759, 9.502402, -19.496416), (-9.030252, 9.742271, -19.988564), (-7.6934524, 9.96008, -20.43545), (-6.2718635, 10.149583, -20.824257), (-4.7757835, 10.30469, -21.142498), (-3.2194643, 10.41994, -21.37896), (-1.620706, 10.490973, -21.524702), (0, 10.5149765, -21.57395), (1.620706, 10.490973, -21.524702), (3.2194643, 10.41994, -21.37896), (4.7757835, 10.30469, -21.142498), (6.2718635, 10.149583, -20.824257), (7.6934524, 9.96008, -20.43545), (9.030252, 9.742271, -19.988564), (10.2759, 9.502402, -19.496416), (11.4276085, 9.2464905, -18.971352), (12.4855995, 8.980044, -18.424675), (13.45245, 8.7078905, -17.866287), (14.332434, 8.434102, -17.304544), (15.130935, 8.161991, -16.746244), (-14.82453, 9.3294935, -16.40713), (-14.023156, 9.627454, -16.931131), (-13.143663, 9.926012, -17.456186), (-12.181471, 10.221522, -17.97588), (-11.13313, 10.509587, -18.48248), (-9.99684, 10.785072, -18.966955), (-8.773014, 11.042209, -19.419163), (-7.4648223, 11.274774, -19.82816), (-6.078647, 11.476391, -20.182728), (-4.6243386, 11.640905, -20.47205), (-3.115186, 11.762845, -20.686495), (-1.5675281, 11.837873, -20.818443), (0, 11.863204, -20.862991), (1.5675281, 11.837873, -20.818443), (3.115186, 11.762845, -20.686495), (4.6243386, 11.640905, -20.47205), (6.078647, 11.476391, -20.182728), (7.4648223, 11.274774, -19.82816), (8.773014, 11.042209, -19.419163), (9.99684, 10.785072, -18.966955), (11.13313, 10.509587, -18.48248), (12.181471, 10.221522, -17.97588), (13.143663, 9.926012, -17.456186), (14.023156, 9.627454, -16.931131), (14.82453, 9.3294935, -16.40713)]
                                color3f[] primvars:displayColor = [(0, 0.85, 0.95)] (
                                    interpolation = "constant"
                                )
                                float[] primvars:displayOpacity = [0.3] (
                                    interpolation = "constant"
                                )
                                uniform token purpose = "guide"
                                uniform token subdivisionScheme = "none"
                            }

                            def Mesh "Shell_identify" (
                                prepend apiSchemas = ["AecoDerivedGeometryAPI", "MaterialBindingAPI"]
                            )
                            {
                                uniform token aeco:derived:approx = "tessellated"
                                uniform token aeco:derived:role = "coverage"
                                string aeco:derived:source = "85ef0c56-c408-588b-8c84-7efbe9dd3b53"
                                string aeco:derived:stamp = "usdAecoCctv derive 0.5.3"
                                uniform bool doubleSided = 1
                                float3[] extent = [(-3.846455, -2.836008, -5.7374206), (3.846455, 2.836008, 0)]
                                int[] faceVertexCounts = [4, 4, 4, 4, 4, 4, 4, 4, 4, 4, 4, 4, 4, 4, 4, 4, 4, 4, 4, 4, 4, 4, 4, 4, 4, 4, 4, 4, 4, 4, 4, 4, 4, 4, 4, 4, 4, 4, 4, 4, 4, 4, 4, 4, 4, 4, 4, 4, 4, 4, 4, 4, 4, 4, 4, 4, 4, 4, 4, 4, 4, 4, 4, 4, 4, 4, 4, 4, 4, 4, 4, 4, 4, 4, 4, 4, 4, 4, 4, 4, 4, 4, 4, 4, 4, 4, 4, 4, 4, 4, 4, 4, 4, 4, 4, 4, 4, 4, 4, 4, 4, 4, 4, 4, 4, 4, 4, 4, 4, 4, 4, 4, 4, 4, 4, 4, 4, 4, 4, 4, 4, 4, 4, 4, 4, 4, 4, 4, 4, 4, 4, 4, 4, 4, 4, 4, 4, 4, 4, 4, 4, 4, 4, 4, 4, 4, 4, 4, 4, 4, 4, 4, 4, 4, 4, 4, 4, 4, 4, 4, 4, 4, 4, 4, 4, 4, 4, 4, 4, 4, 4, 4, 4, 4, 4, 4, 4, 4, 4, 4, 4, 4, 4, 4, 4, 4, 4, 4, 4, 4, 4, 4, 4, 4, 4, 4, 4, 4, 4, 4, 4, 4, 4, 4, 4, 4, 4, 4, 4, 4, 4, 4, 4, 4, 4, 4, 4, 4, 4, 4, 4, 4, 4, 4, 4, 4, 4, 4, 4, 4, 4, 4, 4, 4, 4, 4, 4, 4, 4, 4, 4, 4, 4, 4, 4, 4, 4, 4, 4, 4, 4, 4, 4, 4, 4, 4, 4, 4, 4, 4, 4, 4, 4, 4, 4, 4, 4, 4, 4, 4, 4, 4, 4, 4, 4, 4, 4, 4, 4, 4, 4, 4, 4, 4, 4, 4, 4, 4, 4, 4, 4, 4, 4, 4, 4, 4, 4, 4, 4, 4, 4, 4, 4, 4, 4, 4, 4, 4, 4, 4, 4, 4, 4, 4, 4, 4, 4, 4, 4, 4, 4, 4, 4, 4, 4, 4, 4, 4, 4, 4, 4, 4, 4, 4, 4, 4, 3, 3, 3, 3, 3, 3, 3, 3, 3, 3, 3, 3, 3, 3, 3, 3, 3, 3, 3, 3, 3, 3, 3, 3, 3, 3, 3, 3, 3, 3, 3, 3, 3, 3, 3, 3, 3, 3, 3, 3, 3, 3, 3, 3, 3, 3, 3, 3, 3, 3, 3, 3, 3, 3, 3, 3, 3, 3, 3, 3, 3, 3, 3, 3, 3, 3, 3, 3, 3, 3, 3, 3, 3, 3, 3, 3]
                                int[] faceVertexIndices = [1, 26, 27, 2, 2, 27, 28, 3, 3, 28, 29, 4, 4, 29, 30, 5, 5, 30, 31, 6, 6, 31, 32, 7, 7, 32, 33, 8, 8, 33, 34, 9, 9, 34, 35, 10, 10, 35, 36, 11, 11, 36, 37, 12, 12, 37, 38, 13, 13, 38, 39, 14, 14, 39, 40, 15, 15, 40, 41, 16, 16, 41, 42, 17, 17, 42, 43, 18, 18, 43, 44, 19, 19, 44, 45, 20, 20, 45, 46, 21, 21, 46, 47, 22, 22, 47, 48, 23, 23, 48, 49, 24, 24, 49, 50, 25, 26, 51, 52, 27, 27, 52, 53, 28, 28, 53, 54, 29, 29, 54, 55, 30, 30, 55, 56, 31, 31, 56, 57, 32, 32, 57, 58, 33, 33, 58, 59, 34, 34, 59, 60, 35, 35, 60, 61, 36, 36, 61, 62, 37, 37, 62, 63, 38, 38, 63, 64, 39, 39, 64, 65, 40, 40, 65, 66, 41, 41, 66, 67, 42, 42, 67, 68, 43, 43, 68, 69, 44, 44, 69, 70, 45, 45, 70, 71, 46, 46, 71, 72, 47, 47, 72, 73, 48, 48, 73, 74, 49, 49, 74, 75, 50, 51, 76, 77, 52, 52, 77, 78, 53, 53, 78, 79, 54, 54, 79, 80, 55, 55, 80, 81, 56, 56, 81, 82, 57, 57, 82, 83, 58, 58, 83, 84, 59, 59, 84, 85, 60, 60, 85, 86, 61, 61, 86, 87, 62, 62, 87, 88, 63, 63, 88, 89, 64, 64, 89, 90, 65, 65, 90, 91, 66, 66, 91, 92, 67, 67, 92, 93, 68, 68, 93, 94, 69, 69, 94, 95, 70, 70, 95, 96, 71, 71, 96, 97, 72, 72, 97, 98, 73, 73, 98, 99, 74, 74, 99, 100, 75, 76, 101, 102, 77, 77, 102, 103, 78, 78, 103, 104, 79, 79, 104, 105, 80, 80, 105, 106, 81, 81, 106, 107, 82, 82, 107, 108, 83, 83, 108, 109, 84, 84, 109, 110, 85, 85, 110, 111, 86, 86, 111, 112, 87, 87, 112, 113, 88, 88, 113, 114, 89, 89, 114, 115, 90, 90, 115, 116, 91, 91, 116, 117, 92, 92, 117, 118, 93, 93, 118, 119, 94, 94, 119, 120, 95, 95, 120, 121, 96, 96, 121, 122, 97, 97, 122, 123, 98, 98, 123, 124, 99, 99, 124, 125, 100, 101, 126, 127, 102, 102, 127, 128, 103, 103, 128, 129, 104, 104, 129, 130, 105, 105, 130, 131, 106, 106, 131, 132, 107, 107, 132, 133, 108, 108, 133, 134, 109, 109, 134, 135, 110, 110, 135, 136, 111, 111, 136, 137, 112, 112, 137, 138, 113, 113, 138, 139, 114, 114, 139, 140, 115, 115, 140, 141, 116, 116, 141, 142, 117, 117, 142, 143, 118, 118, 143, 144, 119, 119, 144, 145, 120, 120, 145, 146, 121, 121, 146, 147, 122, 122, 147, 148, 123, 123, 148, 149, 124, 124, 149, 150, 125, 126, 151, 152, 127, 127, 152, 153, 128, 128, 153, 154, 129, 129, 154, 155, 130, 130, 155, 156, 131, 131, 156, 157, 132, 132, 157, 158, 133, 133, 158, 159, 134, 134, 159, 160, 135, 135, 160, 161, 136, 136, 161, 162, 137, 137, 162, 163, 138, 138, 163, 164, 139, 139, 164, 165, 140, 140, 165, 166, 141, 141, 166, 167, 142, 142, 167, 168, 143, 143, 168, 169, 144, 144, 169, 170, 145, 145, 170, 171, 146, 146, 171, 172, 147, 147, 172, 173, 148, 148, 173, 174, 149, 149, 174, 175, 150, 151, 176, 177, 152, 152, 177, 178, 153, 153, 178, 179, 154, 154, 179, 180, 155, 155, 180, 181, 156, 156, 181, 182, 157, 157, 182, 183, 158, 158, 183, 184, 159, 159, 184, 185, 160, 160, 185, 186, 161, 161, 186, 187, 162, 162, 187, 188, 163, 163, 188, 189, 164, 164, 189, 190, 165, 165, 190, 191, 166, 166, 191, 192, 167, 167, 192, 193, 168, 168, 193, 194, 169, 169, 194, 195, 170, 170, 195, 196, 171, 171, 196, 197, 172, 172, 197, 198, 173, 173, 198, 199, 174, 174, 199, 200, 175, 176, 201, 202, 177, 177, 202, 203, 178, 178, 203, 204, 179, 179, 204, 205, 180, 180, 205, 206, 181, 181, 206, 207, 182, 182, 207, 208, 183, 183, 208, 209, 184, 184, 209, 210, 185, 185, 210, 211, 186, 186, 211, 212, 187, 187, 212, 213, 188, 188, 213, 214, 189, 189, 214, 215, 190, 190, 215, 216, 191, 191, 216, 217, 192, 192, 217, 218, 193, 193, 218, 219, 194, 194, 219, 220, 195, 195, 220, 221, 196, 196, 221, 222, 197, 197, 222, 223, 198, 198, 223, 224, 199, 199, 224, 225, 200, 201, 226, 227, 202, 202, 227, 228, 203, 203, 228, 229, 204, 204, 229, 230, 205, 205, 230, 231, 206, 206, 231, 232, 207, 207, 232, 233, 208, 208, 233, 234, 209, 209, 234, 235, 210, 210, 235, 236, 211, 211, 236, 237, 212, 212, 237, 238, 213, 213, 238, 239, 214, 214, 239, 240, 215, 215, 240, 241, 216, 216, 241, 242, 217, 217, 242, 243, 218, 218, 243, 244, 219, 219, 244, 245, 220, 220, 245, 246, 221, 221, 246, 247, 222, 222, 247, 248, 223, 223, 248, 249, 224, 224, 249, 250, 225, 226, 251, 252, 227, 227, 252, 253, 228, 228, 253, 254, 229, 229, 254, 255, 230, 230, 255, 256, 231, 231, 256, 257, 232, 232, 257, 258, 233, 233, 258, 259, 234, 234, 259, 260, 235, 235, 260, 261, 236, 236, 261, 262, 237, 237, 262, 263, 238, 238, 263, 264, 239, 239, 264, 265, 240, 240, 265, 266, 241, 241, 266, 267, 242, 242, 267, 268, 243, 243, 268, 269, 244, 244, 269, 270, 245, 245, 270, 271, 246, 246, 271, 272, 247, 247, 272, 273, 248, 248, 273, 274, 249, 249, 274, 275, 250, 251, 276, 277, 252, 252, 277, 278, 253, 253, 278, 279, 254, 254, 279, 280, 255, 255, 280, 281, 256, 256, 281, 282, 257, 257, 282, 283, 258, 258, 283, 284, 259, 259, 284, 285, 260, 260, 285, 286, 261, 261, 286, 287, 262, 262, 287, 288, 263, 263, 288, 289, 264, 264, 289, 290, 265, 265, 290, 291, 266, 266, 291, 292, 267, 267, 292, 293, 268, 268, 293, 294, 269, 269, 294, 295, 270, 270, 295, 296, 271, 271, 296, 297, 272, 272, 297, 298, 273, 273, 298, 299, 274, 274, 299, 300, 275, 276, 301, 302, 277, 277, 302, 303, 278, 278, 303, 304, 279, 279, 304, 305, 280, 280, 305, 306, 281, 281, 306, 307, 282, 282, 307, 308, 283, 283, 308, 309, 284, 284, 309, 310, 285, 285, 310, 311, 286, 286, 311, 312, 287, 287, 312, 313, 288, 288, 313, 314, 289, 289, 314, 315, 290, 290, 315, 316, 291, 291, 316, 317, 292, 292, 317, 318, 293, 293, 318, 319, 294, 294, 319, 320, 295, 295, 320, 321, 296, 296, 321, 322, 297, 297, 322, 323, 298, 298, 323, 324, 299, 299, 324, 325, 300, 301, 326, 327, 302, 302, 327, 328, 303, 303, 328, 329, 304, 304, 329, 330, 305, 305, 330, 331, 306, 306, 331, 332, 307, 307, 332, 333, 308, 308, 333, 334, 309, 309, 334, 335, 310, 310, 335, 336, 311, 311, 336, 337, 312, 312, 337, 338, 313, 313, 338, 339, 314, 314, 339, 340, 315, 315, 340, 341, 316, 316, 341, 342, 317, 317, 342, 343, 318, 318, 343, 344, 319, 319, 344, 345, 320, 320, 345, 346, 321, 321, 346, 347, 322, 322, 347, 348, 323, 323, 348, 349, 324, 324, 349, 350, 325, 326, 351, 352, 327, 327, 352, 353, 328, 328, 353, 354, 329, 329, 354, 355, 330, 330, 355, 356, 331, 331, 356, 357, 332, 332, 357, 358, 333, 333, 358, 359, 334, 334, 359, 360, 335, 335, 360, 361, 336, 336, 361, 362, 337, 337, 362, 363, 338, 338, 363, 364, 339, 339, 364, 365, 340, 340, 365, 366, 341, 341, 366, 367, 342, 342, 367, 368, 343, 343, 368, 369, 344, 344, 369, 370, 345, 345, 370, 371, 346, 346, 371, 372, 347, 347, 372, 373, 348, 348, 373, 374, 349, 349, 374, 375, 350, 0, 1, 2, 0, 2, 3, 0, 3, 4, 0, 4, 5, 0, 5, 6, 0, 6, 7, 0, 7, 8, 0, 8, 9, 0, 9, 10, 0, 10, 11, 0, 11, 12, 0, 12, 13, 0, 13, 14, 0, 14, 15, 0, 15, 16, 0, 16, 17, 0, 17, 18, 0, 18, 19, 0, 19, 20, 0, 20, 21, 0, 21, 22, 0, 22, 23, 0, 23, 24, 0, 24, 25, 0, 352, 351, 0, 353, 352, 0, 354, 353, 0, 355, 354, 0, 356, 355, 0, 357, 356, 0, 358, 357, 0, 359, 358, 0, 360, 359, 0, 361, 360, 0, 362, 361, 0, 363, 362, 0, 364, 363, 0, 365, 364, 0, 366, 365, 0, 367, 366, 0, 368, 367, 0, 369, 368, 0, 370, 369, 0, 371, 370, 0, 372, 371, 0, 373, 372, 0, 374, 373, 0, 375, 374, 0, 26, 1, 0, 51, 26, 0, 76, 51, 0, 101, 76, 0, 126, 101, 0, 151, 126, 0, 176, 151, 0, 201, 176, 0, 226, 201, 0, 251, 226, 0, 276, 251, 0, 301, 276, 0, 326, 301, 0, 351, 326, 0, 25, 50, 0, 50, 75, 0, 75, 100, 0, 100, 125, 0, 125, 150, 0, 150, 175, 0, 175, 200, 0, 200, 225, 0, 225, 250, 0, 250, 275, 0, 275, 300, 0, 300, 325, 0, 325, 350, 0, 350, 375]
                                rel material:binding = </AecoCctvLooks/Shell_identify>
                                point3f[] points = [(0, 0, 0), (-3.5439398, -2.230301, -3.9222748), (-3.352364, -2.3015313, -4.0475426), (-3.1421134, -2.3729043, -4.1730614), (-2.9120924, -2.443549, -4.297299), (-2.6614769, -2.5124133, -4.418406), (-2.3898363, -2.5782707, -4.534225), (-2.0972695, -2.6397414, -4.642329), (-1.7845343, -2.6953382, -4.7401037), (-1.4531565, -2.7435365, -4.8248663), (-1.1054907, -2.7828653, -4.8940315), (-0.74471384, -2.812016, -4.945297), (-0.374732, -2.8299525, -4.97684), (0, -2.836008, -4.9874897), (0.374732, -2.8299525, -4.97684), (0.74471384, -2.812016, -4.945297), (1.1054907, -2.7828653, -4.8940315), (1.4531565, -2.7435365, -4.8248663), (1.7845343, -2.6953382, -4.7401037), (2.0972695, -2.6397414, -4.642329), (2.3898363, -2.5782707, -4.534225), (2.6614769, -2.5124133, -4.418406), (2.9120924, -2.443549, -4.297299), (3.1421134, -2.3729043, -4.1730614), (3.352364, -2.3015313, -4.0475426), (3.5439398, -2.230301, -3.9222748), (-3.617189, -1.9511988, -4.0033436), (-3.4262998, -2.0162494, -4.1368103), (-3.2159317, -2.0817013, -4.2711), (-2.9847972, -2.1467621, -4.4045877), (-2.7318747, -2.2104585, -4.535276), (-2.4565485, -2.2716367, -4.660797), (-2.1587648, -2.3289795, -4.7784495), (-1.8391905, -2.3810487, -4.885282), (-1.4993465, -2.4263508, -4.97823), (-1.1416949, -2.463431, -5.0543084), (-0.76964253, -2.4909823, -5.1108365), (-0.38744462, -2.5079637, -5.1456776), (0, -2.5137017, -5.1574507), (0.38744462, -2.5079637, -5.1456776), (0.76964253, -2.4909823, -5.1108365), (1.1416949, -2.463431, -5.0543084), (1.4993465, -2.4263508, -4.97823), (1.8391905, -2.3810487, -4.885282), (2.1587648, -2.3289795, -4.7784495), (2.4565485, -2.2716367, -4.660797), (2.7318747, -2.2104585, -4.535276), (2.9847972, -2.1467621, -4.4045877), (3.2159317, -2.0817013, -4.2711), (3.4262998, -2.0162494, -4.1368103), (3.617189, -1.9511988, -4.0033436), (-3.6828492, -1.6555146, -4.0760136), (-3.4928348, -1.7128357, -4.2171426), (-3.282631, -1.7707303, -4.3596835), (-3.0507638, -1.8285061, -4.5019326), (-2.7960165, -1.8852984, -4.64176), (-2.5175843, -1.9400651, -4.7766004), (-2.2152526, -1.991601, -4.903486), (-1.8895822, -2.0385723, -5.019133), (-1.5420731, -2.0795784, -5.1200933), (-1.1752762, -2.113241, -5.2029734), (-0.7928128, -2.1383119, -5.2647), (-0.39927572, -2.1537895, -5.302807), (0, -2.1590238, -5.315695), (0.39927572, -2.1537895, -5.302807), (0.7928128, -2.1383119, -5.2647), (1.1752762, -2.113241, -5.2029734), (1.5420731, -2.0795784, -5.1200933), (1.8895822, -2.0385723, -5.019133), (2.2152526, -1.991601, -4.903486), (2.5175843, -1.9400651, -4.7766004), (2.7960165, -1.8852984, -4.64176), (3.0507638, -1.8285061, -4.5019326), (3.282631, -1.7707303, -4.3596835), (3.4928348, -1.7128357, -4.2171426), (3.6828492, -1.6555146, -4.0760136), (-3.7393155, -1.3447179, -4.138508), (-3.5502539, -1.3927945, -4.2864685), (-3.3404026, -1.4415148, -4.4364104), (-3.1081166, -1.490305, -4.586567), (-2.8519964, -1.5384356, -4.734694), (-2.571056, -1.5850165, -4.8780518), (-2.2649217, -1.6290044, -5.0134287), (-1.934043, -1.669231, -5.1372304), (-1.5798863, -1.7044575, -5.2456436), (-1.2050718, -1.7334527, -5.3348794), (-0.8134108, -1.7550936, -5.4014816), (-0.40980598, -1.7684739, -5.4426603), (0, -1.7730024, -5.4565973), (0.40980598, -1.7684739, -5.4426603), (0.8134108, -1.7550936, -5.4014816), (1.2050718, -1.7334527, -5.3348794), (1.5798863, -1.7044575, -5.2456436), (1.934043, -1.669231, -5.1372304), (2.2649217, -1.6290044, -5.0134287), (2.571056, -1.5850165, -4.8780518), (2.8519964, -1.5384356, -4.734694), (3.1081166, -1.490305, -4.586567), (3.3404026, -1.4415148, -4.4364104), (3.5502539, -1.3927945, -4.2864685), (3.7393155, -1.3447179, -4.138508), (-3.7850752, -1.0208803, -4.1891527), (-3.5969248, -1.0583279, -4.342818), (-3.3875072, -1.0963818, -4.4989705), (-3.1550314, -1.1345999, -4.655798), (-2.8979392, -1.1724137, -4.810965), (-2.615085, -1.2091198, -4.961588), (-2.3059504, -1.2438853, -5.1042466), (-1.9708802, -1.2757683, -5.235078), (-1.6113, -1.303761, -5.349945), (-1.2298805, -1.3268543, -5.444708), (-0.8305906, -1.3441218, -5.5155644), (-0.41859815, -1.3548115, -5.559429), (0, -1.3584318, -5.574285), (0.41859815, -1.3548115, -5.559429), (0.8305906, -1.3441218, -5.5155644), (1.2298805, -1.3268543, -5.444708), (1.6113, -1.303761, -5.349945), (1.9708802, -1.2757683, -5.235078), (2.3059504, -1.2438853, -5.1042466), (2.615085, -1.2091198, -4.961588), (2.8979392, -1.1724137, -4.810965), (3.1550314, -1.1345999, -4.655798), (3.3875072, -1.0963818, -4.4989705), (3.5969248, -1.0583279, -4.342818), (3.7850752, -1.0208803, -4.1891527), (-3.818809, -0.68665254, -4.2264876), (-3.6314113, -0.71231663, -4.3844557), (-3.4224, -0.73845005, -4.545312), (-3.1898732, -0.7647531, -4.707213), (-2.9321492, -0.790836, -4.8677583), (-2.6479561, -0.81621224, -5.0239544), (-2.3366609, -0.84030074, -5.172224), (-1.9985197, -0.8624397, -5.308494), (-1.6349213, -0.881916, -5.4283743), (-1.2485695, -0.89801127, -5.5274444), (-0.8435505, -0.9100629, -5.601625), (-0.4252364, -0.9175311, -5.6475925), (0, -0.9200616, -5.663169), (0.4252364, -0.9175311, -5.6475925), (0.8435505, -0.9100629, -5.601625), (1.2485695, -0.89801127, -5.5274444), (1.6349213, -0.881916, -5.4283743), (1.9985197, -0.8624397, -5.308494), (2.3366609, -0.84030074, -5.172224), (2.6479561, -0.81621224, -5.0239544), (2.9321492, -0.790836, -4.8677583), (3.1898732, -0.7647531, -4.707213), (3.4224, -0.73845005, -4.545312), (3.6314113, -0.71231663, -4.3844557), (3.818809, -0.68665254, -4.2264876), (-3.8394873, -0.34518534, -4.249374), (-3.6525853, -0.358235, -4.4100204), (-3.4438608, -0.37154028, -4.573814), (-3.2113407, -0.3849499, -4.738892), (-2.9532661, -0.39826572, -4.9028153), (-2.6682842, -0.4112391, -5.0625224), (-2.3556867, -0.42357135, -5.214338), (-2.0156722, -0.43492085, -5.354055), (-1.6496028, -0.44491774, -5.477121), (-1.2602003, -0.45318827, -5.578934), (-0.85162383, -0.4593864, -5.655236), (-0.42937425, -0.46322963, -5.7025476), (0, -0.4645323, -5.718584), (0.42937425, -0.46322963, -5.7025476), (0.85162383, -0.4593864, -5.655236), (1.2602003, -0.45318827, -5.578934), (1.6496028, -0.44491774, -5.477121), (2.0156722, -0.43492085, -5.354055), (2.3556867, -0.42357135, -5.214338), (2.6682842, -0.4112391, -5.0625224), (2.9532661, -0.39826572, -4.9028153), (3.2113407, -0.3849499, -4.738892), (3.4438608, -0.37154028, -4.573814), (3.6525853, -0.358235, -4.4100204), (3.8394873, -0.34518534, -4.249374), (-3.846455, 0, -4.2570853), (-3.6597261, 0, -4.418642), (-3.4511044, 0, -4.5834346), (-3.2185934, 0, -4.7495947), (-2.960407, 0, -4.91467), (-2.675165, 0, -5.0755773), (-2.3621325, 0, -5.228606), (-2.0214884, 0, -5.3695045), (-1.6545852, 0, -5.493664), (-1.26415, 0, -5.5964203), (-0.8543669, 0, -5.6734514), (-0.4307806, 0, -5.7212253), (0, 0, -5.7374206), (0.4307806, 0, -5.7212253), (0.8543669, 0, -5.6734514), (1.26415, 0, -5.5964203), (1.6545852, 0, -5.493664), (2.0214884, 0, -5.3695045), (2.3621325, 0, -5.228606), (2.675165, 0, -5.0755773), (2.960407, 0, -4.91467), (3.2185934, 0, -4.7495947), (3.4511044, 0, -4.5834346), (3.6597261, 0, -4.418642), (3.846455, 0, -4.2570853), (-3.8394873, 0.34518534, -4.249374), (-3.6525853, 0.358235, -4.4100204), (-3.4438608, 0.37154028, -4.573814), (-3.2113407, 0.3849499, -4.738892), (-2.9532661, 0.39826572, -4.9028153), (-2.6682842, 0.4112391, -5.0625224), (-2.3556867, 0.42357135, -5.214338), (-2.0156722, 0.43492085, -5.354055), (-1.6496028, 0.44491774, -5.477121), (-1.2602003, 0.45318827, -5.578934), (-0.85162383, 0.4593864, -5.655236), (-0.42937425, 0.46322963, -5.7025476), (0, 0.4645323, -5.718584), (0.42937425, 0.46322963, -5.7025476), (0.85162383, 0.4593864, -5.655236), (1.2602003, 0.45318827, -5.578934), (1.6496028, 0.44491774, -5.477121), (2.0156722, 0.43492085, -5.354055), (2.3556867, 0.42357135, -5.214338), (2.6682842, 0.4112391, -5.0625224), (2.9532661, 0.39826572, -4.9028153), (3.2113407, 0.3849499, -4.738892), (3.4438608, 0.37154028, -4.573814), (3.6525853, 0.358235, -4.4100204), (3.8394873, 0.34518534, -4.249374), (-3.818809, 0.68665254, -4.2264876), (-3.6314113, 0.71231663, -4.3844557), (-3.4224, 0.73845005, -4.545312), (-3.1898732, 0.7647531, -4.707213), (-2.9321492, 0.790836, -4.8677583), (-2.6479561, 0.81621224, -5.0239544), (-2.3366609, 0.84030074, -5.172224), (-1.9985197, 0.8624397, -5.308494), (-1.6349213, 0.881916, -5.4283743), (-1.2485695, 0.89801127, -5.5274444), (-0.8435505, 0.9100629, -5.601625), (-0.4252364, 0.9175311, -5.6475925), (0, 0.9200616, -5.663169), (0.4252364, 0.9175311, -5.6475925), (0.8435505, 0.9100629, -5.601625), (1.2485695, 0.89801127, -5.5274444), (1.6349213, 0.881916, -5.4283743), (1.9985197, 0.8624397, -5.308494), (2.3366609, 0.84030074, -5.172224), (2.6479561, 0.81621224, -5.0239544), (2.9321492, 0.790836, -4.8677583), (3.1898732, 0.7647531, -4.707213), (3.4224, 0.73845005, -4.545312), (3.6314113, 0.71231663, -4.3844557), (3.818809, 0.68665254, -4.2264876), (-3.7850752, 1.0208803, -4.1891527), (-3.5969248, 1.0583279, -4.342818), (-3.3875072, 1.0963818, -4.4989705), (-3.1550314, 1.1345999, -4.655798), (-2.8979392, 1.1724137, -4.810965), (-2.615085, 1.2091198, -4.961588), (-2.3059504, 1.2438853, -5.1042466), (-1.9708802, 1.2757683, -5.235078), (-1.6113, 1.303761, -5.349945), (-1.2298805, 1.3268543, -5.444708), (-0.8305906, 1.3441218, -5.5155644), (-0.41859815, 1.3548115, -5.559429), (0, 1.3584318, -5.574285), (0.41859815, 1.3548115, -5.559429), (0.8305906, 1.3441218, -5.5155644), (1.2298805, 1.3268543, -5.444708), (1.6113, 1.303761, -5.349945), (1.9708802, 1.2757683, -5.235078), (2.3059504, 1.2438853, -5.1042466), (2.615085, 1.2091198, -4.961588), (2.8979392, 1.1724137, -4.810965), (3.1550314, 1.1345999, -4.655798), (3.3875072, 1.0963818, -4.4989705), (3.5969248, 1.0583279, -4.342818), (3.7850752, 1.0208803, -4.1891527), (-3.7393155, 1.3447179, -4.138508), (-3.5502539, 1.3927945, -4.2864685), (-3.3404026, 1.4415148, -4.4364104), (-3.1081166, 1.490305, -4.586567), (-2.8519964, 1.5384356, -4.734694), (-2.571056, 1.5850165, -4.8780518), (-2.2649217, 1.6290044, -5.0134287), (-1.934043, 1.669231, -5.1372304), (-1.5798863, 1.7044575, -5.2456436), (-1.2050718, 1.7334527, -5.3348794), (-0.8134108, 1.7550936, -5.4014816), (-0.40980598, 1.7684739, -5.4426603), (0, 1.7730024, -5.4565973), (0.40980598, 1.7684739, -5.4426603), (0.8134108, 1.7550936, -5.4014816), (1.2050718, 1.7334527, -5.3348794), (1.5798863, 1.7044575, -5.2456436), (1.934043, 1.669231, -5.1372304), (2.2649217, 1.6290044, -5.0134287), (2.571056, 1.5850165, -4.8780518), (2.8519964, 1.5384356, -4.734694), (3.1081166, 1.490305, -4.586567), (3.3404026, 1.4415148, -4.4364104), (3.5502539, 1.3927945, -4.2864685), (3.7393155, 1.3447179, -4.138508), (-3.6828492, 1.6555146, -4.0760136), (-3.4928348, 1.7128357, -4.2171426), (-3.282631, 1.7707303, -4.3596835), (-3.0507638, 1.8285061, -4.5019326), (-2.7960165, 1.8852984, -4.64176), (-2.5175843, 1.9400651, -4.7766004), (-2.2152526, 1.991601, -4.903486), (-1.8895822, 2.0385723, -5.019133), (-1.5420731, 2.0795784, -5.1200933), (-1.1752762, 2.113241, -5.2029734), (-0.7928128, 2.1383119, -5.2647), (-0.39927572, 2.1537895, -5.302807), (0, 2.1590238, -5.315695), (0.39927572, 2.1537895, -5.302807), (0.7928128, 2.1383119, -5.2647), (1.1752762, 2.113241, -5.2029734), (1.5420731, 2.0795784, -5.1200933), (1.8895822, 2.0385723, -5.019133), (2.2152526, 1.991601, -4.903486), (2.5175843, 1.9400651, -4.7766004), (2.7960165, 1.8852984, -4.64176), (3.0507638, 1.8285061, -4.5019326), (3.282631, 1.7707303, -4.3596835), (3.4928348, 1.7128357, -4.2171426), (3.6828492, 1.6555146, -4.0760136), (-3.617189, 1.9511988, -4.0033436), (-3.4262998, 2.0162494, -4.1368103), (-3.2159317, 2.0817013, -4.2711), (-2.9847972, 2.1467621, -4.4045877), (-2.7318747, 2.2104585, -4.535276), (-2.4565485, 2.2716367, -4.660797), (-2.1587648, 2.3289795, -4.7784495), (-1.8391905, 2.3810487, -4.885282), (-1.4993465, 2.4263508, -4.97823), (-1.1416949, 2.463431, -5.0543084), (-0.76964253, 2.4909823, -5.1108365), (-0.38744462, 2.5079637, -5.1456776), (0, 2.5137017, -5.1574507), (0.38744462, 2.5079637, -5.1456776), (0.76964253, 2.4909823, -5.1108365), (1.1416949, 2.463431, -5.0543084), (1.4993465, 2.4263508, -4.97823), (1.8391905, 2.3810487, -4.885282), (2.1587648, 2.3289795, -4.7784495), (2.4565485, 2.2716367, -4.660797), (2.7318747, 2.2104585, -4.535276), (2.9847972, 2.1467621, -4.4045877), (3.2159317, 2.0817013, -4.2711), (3.4262998, 2.0162494, -4.1368103), (3.617189, 1.9511988, -4.0033436), (-3.5439398, 2.230301, -3.9222748), (-3.352364, 2.3015313, -4.0475426), (-3.1421134, 2.3729043, -4.1730614), (-2.9120924, 2.443549, -4.297299), (-2.6614769, 2.5124133, -4.418406), (-2.3898363, 2.5782707, -4.534225), (-2.0972695, 2.6397414, -4.642329), (-1.7845343, 2.6953382, -4.7401037), (-1.4531565, 2.7435365, -4.8248663), (-1.1054907, 2.7828653, -4.8940315), (-0.74471384, 2.812016, -4.945297), (-0.374732, 2.8299525, -4.97684), (0, 2.836008, -4.9874897), (0.374732, 2.8299525, -4.97684), (0.74471384, 2.812016, -4.945297), (1.1054907, 2.7828653, -4.8940315), (1.4531565, 2.7435365, -4.8248663), (1.7845343, 2.6953382, -4.7401037), (2.0972695, 2.6397414, -4.642329), (2.3898363, 2.5782707, -4.534225), (2.6614769, 2.5124133, -4.418406), (2.9120924, 2.443549, -4.297299), (3.1421134, 2.3729043, -4.1730614), (3.352364, 2.3015313, -4.0475426), (3.5439398, 2.230301, -3.9222748)]
                                color3f[] primvars:displayColor = [(0, 0.5, 0.45)] (
                                    interpolation = "constant"
                                )
                                float[] primvars:displayOpacity = [0.3] (
                                    interpolation = "constant"
                                )
                                uniform token purpose = "guide"
                                uniform token subdivisionScheme = "none"
                            }

                            def Mesh "Shell_recognise" (
                                prepend apiSchemas = ["AecoDerivedGeometryAPI", "MaterialBindingAPI"]
                            )
                            {
                                uniform token aeco:derived:approx = "tessellated"
                                uniform token aeco:derived:role = "coverage"
                                string aeco:derived:source = "85ef0c56-c408-588b-8c84-7efbe9dd3b53"
                                string aeco:derived:stamp = "usdAecoCctv derive 0.5.3"
                                uniform bool doubleSided = 1
                                float3[] extent = [(-7.69291, -5.672016, -11.474841), (7.69291, 5.672016, 0)]
                                int[] faceVertexCounts = [4, 4, 4, 4, 4, 4, 4, 4, 4, 4, 4, 4, 4, 4, 4, 4, 4, 4, 4, 4, 4, 4, 4, 4, 4, 4, 4, 4, 4, 4, 4, 4, 4, 4, 4, 4, 4, 4, 4, 4, 4, 4, 4, 4, 4, 4, 4, 4, 4, 4, 4, 4, 4, 4, 4, 4, 4, 4, 4, 4, 4, 4, 4, 4, 4, 4, 4, 4, 4, 4, 4, 4, 4, 4, 4, 4, 4, 4, 4, 4, 4, 4, 4, 4, 4, 4, 4, 4, 4, 4, 4, 4, 4, 4, 4, 4, 4, 4, 4, 4, 4, 4, 4, 4, 4, 4, 4, 4, 4, 4, 4, 4, 4, 4, 4, 4, 4, 4, 4, 4, 4, 4, 4, 4, 4, 4, 4, 4, 4, 4, 4, 4, 4, 4, 4, 4, 4, 4, 4, 4, 4, 4, 4, 4, 4, 4, 4, 4, 4, 4, 4, 4, 4, 4, 4, 4, 4, 4, 4, 4, 4, 4, 4, 4, 4, 4, 4, 4, 4, 4, 4, 4, 4, 4, 4, 4, 4, 4, 4, 4, 4, 4, 4, 4, 4, 4, 4, 4, 4, 4, 4, 4, 4, 4, 4, 4, 4, 4, 4, 4, 4, 4, 4, 4, 4, 4, 4, 4, 4, 4, 4, 4, 4, 4, 4, 4, 4, 4, 4, 4, 4, 4, 4, 4, 4, 4, 4, 4, 4, 4, 4, 4, 4, 4, 4, 4, 4, 4, 4, 4, 4, 4, 4, 4, 4, 4, 4, 4, 4, 4, 4, 4, 4, 4, 4, 4, 4, 4, 4, 4, 4, 4, 4, 4, 4, 4, 4, 4, 4, 4, 4, 4, 4, 4, 4, 4, 4, 4, 4, 4, 4, 4, 4, 4, 4, 4, 4, 4, 4, 4, 4, 4, 4, 4, 4, 4, 4, 4, 4, 4, 4, 4, 4, 4, 4, 4, 4, 4, 4, 4, 4, 4, 4, 4, 4, 4, 4, 4, 4, 4, 4, 4, 4, 4, 4, 4, 4, 4, 4, 4, 4, 4, 4, 4, 4, 4, 3, 3, 3, 3, 3, 3, 3, 3, 3, 3, 3, 3, 3, 3, 3, 3, 3, 3, 3, 3, 3, 3, 3, 3, 3, 3, 3, 3, 3, 3, 3, 3, 3, 3, 3, 3, 3, 3, 3, 3, 3, 3, 3, 3, 3, 3, 3, 3, 3, 3, 3, 3, 3, 3, 3, 3, 3, 3, 3, 3, 3, 3, 3, 3, 3, 3, 3, 3, 3, 3, 3, 3, 3, 3, 3, 3]
                                int[] faceVertexIndices = [1, 26, 27, 2, 2, 27, 28, 3, 3, 28, 29, 4, 4, 29, 30, 5, 5, 30, 31, 6, 6, 31, 32, 7, 7, 32, 33, 8, 8, 33, 34, 9, 9, 34, 35, 10, 10, 35, 36, 11, 11, 36, 37, 12, 12, 37, 38, 13, 13, 38, 39, 14, 14, 39, 40, 15, 15, 40, 41, 16, 16, 41, 42, 17, 17, 42, 43, 18, 18, 43, 44, 19, 19, 44, 45, 20, 20, 45, 46, 21, 21, 46, 47, 22, 22, 47, 48, 23, 23, 48, 49, 24, 24, 49, 50, 25, 26, 51, 52, 27, 27, 52, 53, 28, 28, 53, 54, 29, 29, 54, 55, 30, 30, 55, 56, 31, 31, 56, 57, 32, 32, 57, 58, 33, 33, 58, 59, 34, 34, 59, 60, 35, 35, 60, 61, 36, 36, 61, 62, 37, 37, 62, 63, 38, 38, 63, 64, 39, 39, 64, 65, 40, 40, 65, 66, 41, 41, 66, 67, 42, 42, 67, 68, 43, 43, 68, 69, 44, 44, 69, 70, 45, 45, 70, 71, 46, 46, 71, 72, 47, 47, 72, 73, 48, 48, 73, 74, 49, 49, 74, 75, 50, 51, 76, 77, 52, 52, 77, 78, 53, 53, 78, 79, 54, 54, 79, 80, 55, 55, 80, 81, 56, 56, 81, 82, 57, 57, 82, 83, 58, 58, 83, 84, 59, 59, 84, 85, 60, 60, 85, 86, 61, 61, 86, 87, 62, 62, 87, 88, 63, 63, 88, 89, 64, 64, 89, 90, 65, 65, 90, 91, 66, 66, 91, 92, 67, 67, 92, 93, 68, 68, 93, 94, 69, 69, 94, 95, 70, 70, 95, 96, 71, 71, 96, 97, 72, 72, 97, 98, 73, 73, 98, 99, 74, 74, 99, 100, 75, 76, 101, 102, 77, 77, 102, 103, 78, 78, 103, 104, 79, 79, 104, 105, 80, 80, 105, 106, 81, 81, 106, 107, 82, 82, 107, 108, 83, 83, 108, 109, 84, 84, 109, 110, 85, 85, 110, 111, 86, 86, 111, 112, 87, 87, 112, 113, 88, 88, 113, 114, 89, 89, 114, 115, 90, 90, 115, 116, 91, 91, 116, 117, 92, 92, 117, 118, 93, 93, 118, 119, 94, 94, 119, 120, 95, 95, 120, 121, 96, 96, 121, 122, 97, 97, 122, 123, 98, 98, 123, 124, 99, 99, 124, 125, 100, 101, 126, 127, 102, 102, 127, 128, 103, 103, 128, 129, 104, 104, 129, 130, 105, 105, 130, 131, 106, 106, 131, 132, 107, 107, 132, 133, 108, 108, 133, 134, 109, 109, 134, 135, 110, 110, 135, 136, 111, 111, 136, 137, 112, 112, 137, 138, 113, 113, 138, 139, 114, 114, 139, 140, 115, 115, 140, 141, 116, 116, 141, 142, 117, 117, 142, 143, 118, 118, 143, 144, 119, 119, 144, 145, 120, 120, 145, 146, 121, 121, 146, 147, 122, 122, 147, 148, 123, 123, 148, 149, 124, 124, 149, 150, 125, 126, 151, 152, 127, 127, 152, 153, 128, 128, 153, 154, 129, 129, 154, 155, 130, 130, 155, 156, 131, 131, 156, 157, 132, 132, 157, 158, 133, 133, 158, 159, 134, 134, 159, 160, 135, 135, 160, 161, 136, 136, 161, 162, 137, 137, 162, 163, 138, 138, 163, 164, 139, 139, 164, 165, 140, 140, 165, 166, 141, 141, 166, 167, 142, 142, 167, 168, 143, 143, 168, 169, 144, 144, 169, 170, 145, 145, 170, 171, 146, 146, 171, 172, 147, 147, 172, 173, 148, 148, 173, 174, 149, 149, 174, 175, 150, 151, 176, 177, 152, 152, 177, 178, 153, 153, 178, 179, 154, 154, 179, 180, 155, 155, 180, 181, 156, 156, 181, 182, 157, 157, 182, 183, 158, 158, 183, 184, 159, 159, 184, 185, 160, 160, 185, 186, 161, 161, 186, 187, 162, 162, 187, 188, 163, 163, 188, 189, 164, 164, 189, 190, 165, 165, 190, 191, 166, 166, 191, 192, 167, 167, 192, 193, 168, 168, 193, 194, 169, 169, 194, 195, 170, 170, 195, 196, 171, 171, 196, 197, 172, 172, 197, 198, 173, 173, 198, 199, 174, 174, 199, 200, 175, 176, 201, 202, 177, 177, 202, 203, 178, 178, 203, 204, 179, 179, 204, 205, 180, 180, 205, 206, 181, 181, 206, 207, 182, 182, 207, 208, 183, 183, 208, 209, 184, 184, 209, 210, 185, 185, 210, 211, 186, 186, 211, 212, 187, 187, 212, 213, 188, 188, 213, 214, 189, 189, 214, 215, 190, 190, 215, 216, 191, 191, 216, 217, 192, 192, 217, 218, 193, 193, 218, 219, 194, 194, 219, 220, 195, 195, 220, 221, 196, 196, 221, 222, 197, 197, 222, 223, 198, 198, 223, 224, 199, 199, 224, 225, 200, 201, 226, 227, 202, 202, 227, 228, 203, 203, 228, 229, 204, 204, 229, 230, 205, 205, 230, 231, 206, 206, 231, 232, 207, 207, 232, 233, 208, 208, 233, 234, 209, 209, 234, 235, 210, 210, 235, 236, 211, 211, 236, 237, 212, 212, 237, 238, 213, 213, 238, 239, 214, 214, 239, 240, 215, 215, 240, 241, 216, 216, 241, 242, 217, 217, 242, 243, 218, 218, 243, 244, 219, 219, 244, 245, 220, 220, 245, 246, 221, 221, 246, 247, 222, 222, 247, 248, 223, 223, 248, 249, 224, 224, 249, 250, 225, 226, 251, 252, 227, 227, 252, 253, 228, 228, 253, 254, 229, 229, 254, 255, 230, 230, 255, 256, 231, 231, 256, 257, 232, 232, 257, 258, 233, 233, 258, 259, 234, 234, 259, 260, 235, 235, 260, 261, 236, 236, 261, 262, 237, 237, 262, 263, 238, 238, 263, 264, 239, 239, 264, 265, 240, 240, 265, 266, 241, 241, 266, 267, 242, 242, 267, 268, 243, 243, 268, 269, 244, 244, 269, 270, 245, 245, 270, 271, 246, 246, 271, 272, 247, 247, 272, 273, 248, 248, 273, 274, 249, 249, 274, 275, 250, 251, 276, 277, 252, 252, 277, 278, 253, 253, 278, 279, 254, 254, 279, 280, 255, 255, 280, 281, 256, 256, 281, 282, 257, 257, 282, 283, 258, 258, 283, 284, 259, 259, 284, 285, 260, 260, 285, 286, 261, 261, 286, 287, 262, 262, 287, 288, 263, 263, 288, 289, 264, 264, 289, 290, 265, 265, 290, 291, 266, 266, 291, 292, 267, 267, 292, 293, 268, 268, 293, 294, 269, 269, 294, 295, 270, 270, 295, 296, 271, 271, 296, 297, 272, 272, 297, 298, 273, 273, 298, 299, 274, 274, 299, 300, 275, 276, 301, 302, 277, 277, 302, 303, 278, 278, 303, 304, 279, 279, 304, 305, 280, 280, 305, 306, 281, 281, 306, 307, 282, 282, 307, 308, 283, 283, 308, 309, 284, 284, 309, 310, 285, 285, 310, 311, 286, 286, 311, 312, 287, 287, 312, 313, 288, 288, 313, 314, 289, 289, 314, 315, 290, 290, 315, 316, 291, 291, 316, 317, 292, 292, 317, 318, 293, 293, 318, 319, 294, 294, 319, 320, 295, 295, 320, 321, 296, 296, 321, 322, 297, 297, 322, 323, 298, 298, 323, 324, 299, 299, 324, 325, 300, 301, 326, 327, 302, 302, 327, 328, 303, 303, 328, 329, 304, 304, 329, 330, 305, 305, 330, 331, 306, 306, 331, 332, 307, 307, 332, 333, 308, 308, 333, 334, 309, 309, 334, 335, 310, 310, 335, 336, 311, 311, 336, 337, 312, 312, 337, 338, 313, 313, 338, 339, 314, 314, 339, 340, 315, 315, 340, 341, 316, 316, 341, 342, 317, 317, 342, 343, 318, 318, 343, 344, 319, 319, 344, 345, 320, 320, 345, 346, 321, 321, 346, 347, 322, 322, 347, 348, 323, 323, 348, 349, 324, 324, 349, 350, 325, 326, 351, 352, 327, 327, 352, 353, 328, 328, 353, 354, 329, 329, 354, 355, 330, 330, 355, 356, 331, 331, 356, 357, 332, 332, 357, 358, 333, 333, 358, 359, 334, 334, 359, 360, 335, 335, 360, 361, 336, 336, 361, 362, 337, 337, 362, 363, 338, 338, 363, 364, 339, 339, 364, 365, 340, 340, 365, 366, 341, 341, 366, 367, 342, 342, 367, 368, 343, 343, 368, 369, 344, 344, 369, 370, 345, 345, 370, 371, 346, 346, 371, 372, 347, 347, 372, 373, 348, 348, 373, 374, 349, 349, 374, 375, 350, 0, 1, 2, 0, 2, 3, 0, 3, 4, 0, 4, 5, 0, 5, 6, 0, 6, 7, 0, 7, 8, 0, 8, 9, 0, 9, 10, 0, 10, 11, 0, 11, 12, 0, 12, 13, 0, 13, 14, 0, 14, 15, 0, 15, 16, 0, 16, 17, 0, 17, 18, 0, 18, 19, 0, 19, 20, 0, 20, 21, 0, 21, 22, 0, 22, 23, 0, 23, 24, 0, 24, 25, 0, 352, 351, 0, 353, 352, 0, 354, 353, 0, 355, 354, 0, 356, 355, 0, 357, 356, 0, 358, 357, 0, 359, 358, 0, 360, 359, 0, 361, 360, 0, 362, 361, 0, 363, 362, 0, 364, 363, 0, 365, 364, 0, 366, 365, 0, 367, 366, 0, 368, 367, 0, 369, 368, 0, 370, 369, 0, 371, 370, 0, 372, 371, 0, 373, 372, 0, 374, 373, 0, 375, 374, 0, 26, 1, 0, 51, 26, 0, 76, 51, 0, 101, 76, 0, 126, 101, 0, 151, 126, 0, 176, 151, 0, 201, 176, 0, 226, 201, 0, 251, 226, 0, 276, 251, 0, 301, 276, 0, 326, 301, 0, 351, 326, 0, 25, 50, 0, 50, 75, 0, 75, 100, 0, 100, 125, 0, 125, 150, 0, 150, 175, 0, 175, 200, 0, 200, 225, 0, 225, 250, 0, 250, 275, 0, 275, 300, 0, 300, 325, 0, 325, 350, 0, 350, 375]
                                rel material:binding = </AecoCctvLooks/Shell_recognise>
                                point3f[] points = [(0, 0, 0), (-7.0878797, -4.460602, -7.8445497), (-6.704728, -4.6030626, -8.095085), (-6.284227, -4.7458086, -8.346123), (-5.824185, -4.887098, -8.594598), (-5.3229537, -5.0248265, -8.836812), (-4.7796726, -5.1565413, -9.06845), (-4.194539, -5.279483, -9.284658), (-3.5690687, -5.3906765, -9.480207), (-2.906313, -5.487073, -9.649733), (-2.2109814, -5.5657306, -9.788063), (-1.4894277, -5.624032, -9.890594), (-0.749464, -5.659905, -9.95368), (0, -5.672016, -9.974979), (0.749464, -5.659905, -9.95368), (1.4894277, -5.624032, -9.890594), (2.2109814, -5.5657306, -9.788063), (2.906313, -5.487073, -9.649733), (3.5690687, -5.3906765, -9.480207), (4.194539, -5.279483, -9.284658), (4.7796726, -5.1565413, -9.06845), (5.3229537, -5.0248265, -8.836812), (5.824185, -4.887098, -8.594598), (6.284227, -4.7458086, -8.346123), (6.704728, -4.6030626, -8.095085), (7.0878797, -4.460602, -7.8445497), (-7.234378, -3.9023976, -8.006687), (-6.8525996, -4.032499, -8.273621), (-6.4318633, -4.1634026, -8.5422), (-5.9695945, -4.2935243, -8.8091755), (-5.4637494, -4.420917, -9.070552), (-4.913097, -4.5432734, -9.321594), (-4.3175297, -4.657959, -9.556899), (-3.678381, -4.7620974, -9.770564), (-2.998693, -4.8527017, -9.95646), (-2.2833898, -4.926862, -10.108617), (-1.5392851, -4.9819646, -10.221673), (-0.77488923, -5.0159273, -10.291355), (0, -5.0274034, -10.314901), (0.77488923, -5.0159273, -10.291355), (1.5392851, -4.9819646, -10.221673), (2.2833898, -4.926862, -10.108617), (2.998693, -4.8527017, -9.95646), (3.678381, -4.7620974, -9.770564), (4.3175297, -4.657959, -9.556899), (4.913097, -4.5432734, -9.321594), (5.4637494, -4.420917, -9.070552), (5.9695945, -4.2935243, -8.8091755), (6.4318633, -4.1634026, -8.5422), (6.8525996, -4.032499, -8.273621), (7.234378, -3.9023976, -8.006687), (-7.3656983, -3.3110292, -8.152027), (-6.9856696, -3.4256713, -8.434285), (-6.565262, -3.5414605, -8.719367), (-6.1015277, -3.6570122, -9.003865), (-5.592033, -3.7705967, -9.28352), (-5.0351686, -3.8801303, -9.553201), (-4.4305053, -3.983202, -9.806972), (-3.7791643, -4.0771446, -10.038266), (-3.0841463, -4.159157, -10.240187), (-2.3505523, -4.226482, -10.405947), (-1.5856256, -4.2766237, -10.5294), (-0.79855144, -4.307579, -10.605614), (0, -4.3180475, -10.63139), (0.79855144, -4.307579, -10.605614), (1.5856256, -4.2766237, -10.5294), (2.3505523, -4.226482, -10.405947), (3.0841463, -4.159157, -10.240187), (3.7791643, -4.0771446, -10.038266), (4.4305053, -3.983202, -9.806972), (5.0351686, -3.8801303, -9.553201), (5.592033, -3.7705967, -9.28352), (6.1015277, -3.6570122, -9.003865), (6.565262, -3.5414605, -8.719367), (6.9856696, -3.4256713, -8.434285), (7.3656983, -3.3110292, -8.152027), (-7.478631, -2.6894357, -8.277016), (-7.1005077, -2.785589, -8.572937), (-6.680805, -2.8830297, -8.872821), (-6.2162333, -2.98061, -9.173134), (-5.703993, -3.0768712, -9.469388), (-5.142112, -3.170033, -9.7561035), (-4.5298433, -3.2580087, -10.026857), (-3.868086, -3.338462, -10.274461), (-3.1597726, -3.408915, -10.491287), (-2.4101436, -3.4669054, -10.669759), (-1.6268216, -3.5101871, -10.802963), (-0.81961197, -3.5369477, -10.885321), (0, -3.5460048, -10.913195), (0.81961197, -3.5369477, -10.885321), (1.6268216, -3.5101871, -10.802963), (2.4101436, -3.4669054, -10.669759), (3.1597726, -3.408915, -10.491287), (3.868086, -3.338462, -10.274461), (4.5298433, -3.2580087, -10.026857), (5.142112, -3.170033, -9.7561035), (5.703993, -3.0768712, -9.469388), (6.2162333, -2.98061, -9.173134), (6.680805, -2.8830297, -8.872821), (7.1005077, -2.785589, -8.572937), (7.478631, -2.6894357, -8.277016), (-7.5701504, -2.0417607, -8.378305), (-7.1938496, -2.1166558, -8.685636), (-6.7750144, -2.1927636, -8.997941), (-6.310063, -2.2691998, -9.311596), (-5.7958784, -2.3448274, -9.62193), (-5.23017, -2.4182396, -9.923176), (-4.611901, -2.4877706, -10.208493), (-3.9417603, -2.5515366, -10.470156), (-3.2226, -2.607522, -10.69989), (-2.459761, -2.6537087, -10.889416), (-1.6611812, -2.6882436, -11.031129), (-0.8371963, -2.709623, -11.118858), (0, -2.7168636, -11.14857), (0.8371963, -2.709623, -11.118858), (1.6611812, -2.6882436, -11.031129), (2.459761, -2.6537087, -10.889416), (3.2226, -2.607522, -10.69989), (3.9417603, -2.5515366, -10.470156), (4.611901, -2.4877706, -10.208493), (5.23017, -2.4182396, -9.923176), (5.7958784, -2.3448274, -9.62193), (6.310063, -2.2691998, -9.311596), (6.7750144, -2.1927636, -8.997941), (7.1938496, -2.1166558, -8.685636), (7.5701504, -2.0417607, -8.378305), (-7.637618, -1.3733051, -8.452975), (-7.2628226, -1.4246333, -8.768911), (-6.8448, -1.4769001, -9.090624), (-6.3797464, -1.5295062, -9.414426), (-5.8642983, -1.581672, -9.735517), (-5.2959123, -1.6324245, -10.047909), (-4.6733217, -1.6806015, -10.344448), (-3.9970393, -1.7248794, -10.616988), (-3.2698426, -1.763832, -10.856749), (-2.497139, -1.7960225, -11.054889), (-1.687101, -1.8201258, -11.20325), (-0.8504728, -1.8350621, -11.295185), (0, -1.8401232, -11.326338), (0.8504728, -1.8350621, -11.295185), (1.687101, -1.8201258, -11.20325), (2.497139, -1.7960225, -11.054889), (3.2698426, -1.763832, -10.856749), (3.9970393, -1.7248794, -10.616988), (4.6733217, -1.6806015, -10.344448), (5.2959123, -1.6324245, -10.047909), (5.8642983, -1.581672, -9.735517), (6.3797464, -1.5295062, -9.414426), (6.8448, -1.4769001, -9.090624), (7.2628226, -1.4246333, -8.768911), (7.637618, -1.3733051, -8.452975), (-7.6789746, -0.6903707, -8.498748), (-7.3051705, -0.71647, -8.820041), (-6.8877215, -0.74308056, -9.147628), (-6.4226813, -0.7698998, -9.477784), (-5.9065323, -0.79653144, -9.805631), (-5.3365684, -0.8224782, -10.125045), (-4.7113733, -0.8471427, -10.428676), (-4.0313444, -0.8698417, -10.70811), (-3.2992055, -0.8898355, -10.954242), (-2.5204005, -0.90637654, -11.157868), (-1.7032477, -0.9187728, -11.310472), (-0.8587485, -0.92645925, -11.405095), (0, -0.9290646, -11.437168), (0.8587485, -0.92645925, -11.405095), (1.7032477, -0.9187728, -11.310472), (2.5204005, -0.90637654, -11.157868), (3.2992055, -0.8898355, -10.954242), (4.0313444, -0.8698417, -10.70811), (4.7113733, -0.8471427, -10.428676), (5.3365684, -0.8224782, -10.125045), (5.9065323, -0.79653144, -9.805631), (6.4226813, -0.7698998, -9.477784), (6.8877215, -0.74308056, -9.147628), (7.3051705, -0.71647, -8.820041), (7.6789746, -0.6903707, -8.498748), (-7.69291, 0, -8.514171), (-7.3194523, 0, -8.837284), (-6.902209, 0, -9.166869), (-6.4371867, 0, -9.499189), (-5.920814, 0, -9.82934), (-5.35033, 0, -10.1511545), (-4.724265, 0, -10.457212), (-4.042977, 0, -10.739009), (-3.3091705, 0, -10.987328), (-2.5283, 0, -11.192841), (-1.7087338, 0, -11.346903), (-0.8615612, 0, -11.442451), (0, 0, -11.474841), (0.8615612, 0, -11.442451), (1.7087338, 0, -11.346903), (2.5283, 0, -11.192841), (3.3091705, 0, -10.987328), (4.042977, 0, -10.739009), (4.724265, 0, -10.457212), (5.35033, 0, -10.1511545), (5.920814, 0, -9.82934), (6.4371867, 0, -9.499189), (6.902209, 0, -9.166869), (7.3194523, 0, -8.837284), (7.69291, 0, -8.514171), (-7.6789746, 0.6903707, -8.498748), (-7.3051705, 0.71647, -8.820041), (-6.8877215, 0.74308056, -9.147628), (-6.4226813, 0.7698998, -9.477784), (-5.9065323, 0.79653144, -9.805631), (-5.3365684, 0.8224782, -10.125045), (-4.7113733, 0.8471427, -10.428676), (-4.0313444, 0.8698417, -10.70811), (-3.2992055, 0.8898355, -10.954242), (-2.5204005, 0.90637654, -11.157868), (-1.7032477, 0.9187728, -11.310472), (-0.8587485, 0.92645925, -11.405095), (0, 0.9290646, -11.437168), (0.8587485, 0.92645925, -11.405095), (1.7032477, 0.9187728, -11.310472), (2.5204005, 0.90637654, -11.157868), (3.2992055, 0.8898355, -10.954242), (4.0313444, 0.8698417, -10.70811), (4.7113733, 0.8471427, -10.428676), (5.3365684, 0.8224782, -10.125045), (5.9065323, 0.79653144, -9.805631), (6.4226813, 0.7698998, -9.477784), (6.8877215, 0.74308056, -9.147628), (7.3051705, 0.71647, -8.820041), (7.6789746, 0.6903707, -8.498748), (-7.637618, 1.3733051, -8.452975), (-7.2628226, 1.4246333, -8.768911), (-6.8448, 1.4769001, -9.090624), (-6.3797464, 1.5295062, -9.414426), (-5.8642983, 1.581672, -9.735517), (-5.2959123, 1.6324245, -10.047909), (-4.6733217, 1.6806015, -10.344448), (-3.9970393, 1.7248794, -10.616988), (-3.2698426, 1.763832, -10.856749), (-2.497139, 1.7960225, -11.054889), (-1.687101, 1.8201258, -11.20325), (-0.8504728, 1.8350621, -11.295185), (0, 1.8401232, -11.326338), (0.8504728, 1.8350621, -11.295185), (1.687101, 1.8201258, -11.20325), (2.497139, 1.7960225, -11.054889), (3.2698426, 1.763832, -10.856749), (3.9970393, 1.7248794, -10.616988), (4.6733217, 1.6806015, -10.344448), (5.2959123, 1.6324245, -10.047909), (5.8642983, 1.581672, -9.735517), (6.3797464, 1.5295062, -9.414426), (6.8448, 1.4769001, -9.090624), (7.2628226, 1.4246333, -8.768911), (7.637618, 1.3733051, -8.452975), (-7.5701504, 2.0417607, -8.378305), (-7.1938496, 2.1166558, -8.685636), (-6.7750144, 2.1927636, -8.997941), (-6.310063, 2.2691998, -9.311596), (-5.7958784, 2.3448274, -9.62193), (-5.23017, 2.4182396, -9.923176), (-4.611901, 2.4877706, -10.208493), (-3.9417603, 2.5515366, -10.470156), (-3.2226, 2.607522, -10.69989), (-2.459761, 2.6537087, -10.889416), (-1.6611812, 2.6882436, -11.031129), (-0.8371963, 2.709623, -11.118858), (0, 2.7168636, -11.14857), (0.8371963, 2.709623, -11.118858), (1.6611812, 2.6882436, -11.031129), (2.459761, 2.6537087, -10.889416), (3.2226, 2.607522, -10.69989), (3.9417603, 2.5515366, -10.470156), (4.611901, 2.4877706, -10.208493), (5.23017, 2.4182396, -9.923176), (5.7958784, 2.3448274, -9.62193), (6.310063, 2.2691998, -9.311596), (6.7750144, 2.1927636, -8.997941), (7.1938496, 2.1166558, -8.685636), (7.5701504, 2.0417607, -8.378305), (-7.478631, 2.6894357, -8.277016), (-7.1005077, 2.785589, -8.572937), (-6.680805, 2.8830297, -8.872821), (-6.2162333, 2.98061, -9.173134), (-5.703993, 3.0768712, -9.469388), (-5.142112, 3.170033, -9.7561035), (-4.5298433, 3.2580087, -10.026857), (-3.868086, 3.338462, -10.274461), (-3.1597726, 3.408915, -10.491287), (-2.4101436, 3.4669054, -10.669759), (-1.6268216, 3.5101871, -10.802963), (-0.81961197, 3.5369477, -10.885321), (0, 3.5460048, -10.913195), (0.81961197, 3.5369477, -10.885321), (1.6268216, 3.5101871, -10.802963), (2.4101436, 3.4669054, -10.669759), (3.1597726, 3.408915, -10.491287), (3.868086, 3.338462, -10.274461), (4.5298433, 3.2580087, -10.026857), (5.142112, 3.170033, -9.7561035), (5.703993, 3.0768712, -9.469388), (6.2162333, 2.98061, -9.173134), (6.680805, 2.8830297, -8.872821), (7.1005077, 2.785589, -8.572937), (7.478631, 2.6894357, -8.277016), (-7.3656983, 3.3110292, -8.152027), (-6.9856696, 3.4256713, -8.434285), (-6.565262, 3.5414605, -8.719367), (-6.1015277, 3.6570122, -9.003865), (-5.592033, 3.7705967, -9.28352), (-5.0351686, 3.8801303, -9.553201), (-4.4305053, 3.983202, -9.806972), (-3.7791643, 4.0771446, -10.038266), (-3.0841463, 4.159157, -10.240187), (-2.3505523, 4.226482, -10.405947), (-1.5856256, 4.2766237, -10.5294), (-0.79855144, 4.307579, -10.605614), (0, 4.3180475, -10.63139), (0.79855144, 4.307579, -10.605614), (1.5856256, 4.2766237, -10.5294), (2.3505523, 4.226482, -10.405947), (3.0841463, 4.159157, -10.240187), (3.7791643, 4.0771446, -10.038266), (4.4305053, 3.983202, -9.806972), (5.0351686, 3.8801303, -9.553201), (5.592033, 3.7705967, -9.28352), (6.1015277, 3.6570122, -9.003865), (6.565262, 3.5414605, -8.719367), (6.9856696, 3.4256713, -8.434285), (7.3656983, 3.3110292, -8.152027), (-7.234378, 3.9023976, -8.006687), (-6.8525996, 4.032499, -8.273621), (-6.4318633, 4.1634026, -8.5422), (-5.9695945, 4.2935243, -8.8091755), (-5.4637494, 4.420917, -9.070552), (-4.913097, 4.5432734, -9.321594), (-4.3175297, 4.657959, -9.556899), (-3.678381, 4.7620974, -9.770564), (-2.998693, 4.8527017, -9.95646), (-2.2833898, 4.926862, -10.108617), (-1.5392851, 4.9819646, -10.221673), (-0.77488923, 5.0159273, -10.291355), (0, 5.0274034, -10.314901), (0.77488923, 5.0159273, -10.291355), (1.5392851, 4.9819646, -10.221673), (2.2833898, 4.926862, -10.108617), (2.998693, 4.8527017, -9.95646), (3.678381, 4.7620974, -9.770564), (4.3175297, 4.657959, -9.556899), (4.913097, 4.5432734, -9.321594), (5.4637494, 4.420917, -9.070552), (5.9695945, 4.2935243, -8.8091755), (6.4318633, 4.1634026, -8.5422), (6.8525996, 4.032499, -8.273621), (7.234378, 3.9023976, -8.006687), (-7.0878797, 4.460602, -7.8445497), (-6.704728, 4.6030626, -8.095085), (-6.284227, 4.7458086, -8.346123), (-5.824185, 4.887098, -8.594598), (-5.3229537, 5.0248265, -8.836812), (-4.7796726, 5.1565413, -9.06845), (-4.194539, 5.279483, -9.284658), (-3.5690687, 5.3906765, -9.480207), (-2.906313, 5.487073, -9.649733), (-2.2109814, 5.5657306, -9.788063), (-1.4894277, 5.624032, -9.890594), (-0.749464, 5.659905, -9.95368), (0, 5.672016, -9.974979), (0.749464, 5.659905, -9.95368), (1.4894277, 5.624032, -9.890594), (2.2109814, 5.5657306, -9.788063), (2.906313, 5.487073, -9.649733), (3.5690687, 5.3906765, -9.480207), (4.194539, 5.279483, -9.284658), (4.7796726, 5.1565413, -9.06845), (5.3229537, 5.0248265, -8.836812), (5.824185, 4.887098, -8.594598), (6.284227, 4.7458086, -8.346123), (6.704728, 4.6030626, -8.095085), (7.0878797, 4.460602, -7.8445497)]
                                color3f[] primvars:displayColor = [(0.18333334, 0.6166667, 0.56666666)] (
                                    interpolation = "constant"
                                )
                                float[] primvars:displayOpacity = [0.3] (
                                    interpolation = "constant"
                                )
                                uniform token purpose = "guide"
                                uniform token subdivisionScheme = "none"
                            }

                            def Mesh "Shell_observe" (
                                prepend apiSchemas = ["AecoDerivedGeometryAPI", "MaterialBindingAPI"]
                            )
                            {
                                uniform token aeco:derived:approx = "tessellated"
                                uniform token aeco:derived:role = "coverage"
                                string aeco:derived:source = "85ef0c56-c408-588b-8c84-7efbe9dd3b53"
                                string aeco:derived:stamp = "usdAecoCctv derive 0.5.3"
                                uniform bool doubleSided = 1
                                float3[] extent = [(-15.38582, -11.344032, -22.949682), (15.38582, 11.344032, 0)]
                                int[] faceVertexCounts = [4, 4, 4, 4, 4, 4, 4, 4, 4, 4, 4, 4, 4, 4, 4, 4, 4, 4, 4, 4, 4, 4, 4, 4, 4, 4, 4, 4, 4, 4, 4, 4, 4, 4, 4, 4, 4, 4, 4, 4, 4, 4, 4, 4, 4, 4, 4, 4, 4, 4, 4, 4, 4, 4, 4, 4, 4, 4, 4, 4, 4, 4, 4, 4, 4, 4, 4, 4, 4, 4, 4, 4, 4, 4, 4, 4, 4, 4, 4, 4, 4, 4, 4, 4, 4, 4, 4, 4, 4, 4, 4, 4, 4, 4, 4, 4, 4, 4, 4, 4, 4, 4, 4, 4, 4, 4, 4, 4, 4, 4, 4, 4, 4, 4, 4, 4, 4, 4, 4, 4, 4, 4, 4, 4, 4, 4, 4, 4, 4, 4, 4, 4, 4, 4, 4, 4, 4, 4, 4, 4, 4, 4, 4, 4, 4, 4, 4, 4, 4, 4, 4, 4, 4, 4, 4, 4, 4, 4, 4, 4, 4, 4, 4, 4, 4, 4, 4, 4, 4, 4, 4, 4, 4, 4, 4, 4, 4, 4, 4, 4, 4, 4, 4, 4, 4, 4, 4, 4, 4, 4, 4, 4, 4, 4, 4, 4, 4, 4, 4, 4, 4, 4, 4, 4, 4, 4, 4, 4, 4, 4, 4, 4, 4, 4, 4, 4, 4, 4, 4, 4, 4, 4, 4, 4, 4, 4, 4, 4, 4, 4, 4, 4, 4, 4, 4, 4, 4, 4, 4, 4, 4, 4, 4, 4, 4, 4, 4, 4, 4, 4, 4, 4, 4, 4, 4, 4, 4, 4, 4, 4, 4, 4, 4, 4, 4, 4, 4, 4, 4, 4, 4, 4, 4, 4, 4, 4, 4, 4, 4, 4, 4, 4, 4, 4, 4, 4, 4, 4, 4, 4, 4, 4, 4, 4, 4, 4, 4, 4, 4, 4, 4, 4, 4, 4, 4, 4, 4, 4, 4, 4, 4, 4, 4, 4, 4, 4, 4, 4, 4, 4, 4, 4, 4, 4, 4, 4, 4, 4, 4, 4, 4, 4, 4, 4, 4, 4, 3, 3, 3, 3, 3, 3, 3, 3, 3, 3, 3, 3, 3, 3, 3, 3, 3, 3, 3, 3, 3, 3, 3, 3, 3, 3, 3, 3, 3, 3, 3, 3, 3, 3, 3, 3, 3, 3, 3, 3, 3, 3, 3, 3, 3, 3, 3, 3, 3, 3, 3, 3, 3, 3, 3, 3, 3, 3, 3, 3, 3, 3, 3, 3, 3, 3, 3, 3, 3, 3, 3, 3, 3, 3, 3, 3]
                                int[] faceVertexIndices = [1, 26, 27, 2, 2, 27, 28, 3, 3, 28, 29, 4, 4, 29, 30, 5, 5, 30, 31, 6, 6, 31, 32, 7, 7, 32, 33, 8, 8, 33, 34, 9, 9, 34, 35, 10, 10, 35, 36, 11, 11, 36, 37, 12, 12, 37, 38, 13, 13, 38, 39, 14, 14, 39, 40, 15, 15, 40, 41, 16, 16, 41, 42, 17, 17, 42, 43, 18, 18, 43, 44, 19, 19, 44, 45, 20, 20, 45, 46, 21, 21, 46, 47, 22, 22, 47, 48, 23, 23, 48, 49, 24, 24, 49, 50, 25, 26, 51, 52, 27, 27, 52, 53, 28, 28, 53, 54, 29, 29, 54, 55, 30, 30, 55, 56, 31, 31, 56, 57, 32, 32, 57, 58, 33, 33, 58, 59, 34, 34, 59, 60, 35, 35, 60, 61, 36, 36, 61, 62, 37, 37, 62, 63, 38, 38, 63, 64, 39, 39, 64, 65, 40, 40, 65, 66, 41, 41, 66, 67, 42, 42, 67, 68, 43, 43, 68, 69, 44, 44, 69, 70, 45, 45, 70, 71, 46, 46, 71, 72, 47, 47, 72, 73, 48, 48, 73, 74, 49, 49, 74, 75, 50, 51, 76, 77, 52, 52, 77, 78, 53, 53, 78, 79, 54, 54, 79, 80, 55, 55, 80, 81, 56, 56, 81, 82, 57, 57, 82, 83, 58, 58, 83, 84, 59, 59, 84, 85, 60, 60, 85, 86, 61, 61, 86, 87, 62, 62, 87, 88, 63, 63, 88, 89, 64, 64, 89, 90, 65, 65, 90, 91, 66, 66, 91, 92, 67, 67, 92, 93, 68, 68, 93, 94, 69, 69, 94, 95, 70, 70, 95, 96, 71, 71, 96, 97, 72, 72, 97, 98, 73, 73, 98, 99, 74, 74, 99, 100, 75, 76, 101, 102, 77, 77, 102, 103, 78, 78, 103, 104, 79, 79, 104, 105, 80, 80, 105, 106, 81, 81, 106, 107, 82, 82, 107, 108, 83, 83, 108, 109, 84, 84, 109, 110, 85, 85, 110, 111, 86, 86, 111, 112, 87, 87, 112, 113, 88, 88, 113, 114, 89, 89, 114, 115, 90, 90, 115, 116, 91, 91, 116, 117, 92, 92, 117, 118, 93, 93, 118, 119, 94, 94, 119, 120, 95, 95, 120, 121, 96, 96, 121, 122, 97, 97, 122, 123, 98, 98, 123, 124, 99, 99, 124, 125, 100, 101, 126, 127, 102, 102, 127, 128, 103, 103, 128, 129, 104, 104, 129, 130, 105, 105, 130, 131, 106, 106, 131, 132, 107, 107, 132, 133, 108, 108, 133, 134, 109, 109, 134, 135, 110, 110, 135, 136, 111, 111, 136, 137, 112, 112, 137, 138, 113, 113, 138, 139, 114, 114, 139, 140, 115, 115, 140, 141, 116, 116, 141, 142, 117, 117, 142, 143, 118, 118, 143, 144, 119, 119, 144, 145, 120, 120, 145, 146, 121, 121, 146, 147, 122, 122, 147, 148, 123, 123, 148, 149, 124, 124, 149, 150, 125, 126, 151, 152, 127, 127, 152, 153, 128, 128, 153, 154, 129, 129, 154, 155, 130, 130, 155, 156, 131, 131, 156, 157, 132, 132, 157, 158, 133, 133, 158, 159, 134, 134, 159, 160, 135, 135, 160, 161, 136, 136, 161, 162, 137, 137, 162, 163, 138, 138, 163, 164, 139, 139, 164, 165, 140, 140, 165, 166, 141, 141, 166, 167, 142, 142, 167, 168, 143, 143, 168, 169, 144, 144, 169, 170, 145, 145, 170, 171, 146, 146, 171, 172, 147, 147, 172, 173, 148, 148, 173, 174, 149, 149, 174, 175, 150, 151, 176, 177, 152, 152, 177, 178, 153, 153, 178, 179, 154, 154, 179, 180, 155, 155, 180, 181, 156, 156, 181, 182, 157, 157, 182, 183, 158, 158, 183, 184, 159, 159, 184, 185, 160, 160, 185, 186, 161, 161, 186, 187, 162, 162, 187, 188, 163, 163, 188, 189, 164, 164, 189, 190, 165, 165, 190, 191, 166, 166, 191, 192, 167, 167, 192, 193, 168, 168, 193, 194, 169, 169, 194, 195, 170, 170, 195, 196, 171, 171, 196, 197, 172, 172, 197, 198, 173, 173, 198, 199, 174, 174, 199, 200, 175, 176, 201, 202, 177, 177, 202, 203, 178, 178, 203, 204, 179, 179, 204, 205, 180, 180, 205, 206, 181, 181, 206, 207, 182, 182, 207, 208, 183, 183, 208, 209, 184, 184, 209, 210, 185, 185, 210, 211, 186, 186, 211, 212, 187, 187, 212, 213, 188, 188, 213, 214, 189, 189, 214, 215, 190, 190, 215, 216, 191, 191, 216, 217, 192, 192, 217, 218, 193, 193, 218, 219, 194, 194, 219, 220, 195, 195, 220, 221, 196, 196, 221, 222, 197, 197, 222, 223, 198, 198, 223, 224, 199, 199, 224, 225, 200, 201, 226, 227, 202, 202, 227, 228, 203, 203, 228, 229, 204, 204, 229, 230, 205, 205, 230, 231, 206, 206, 231, 232, 207, 207, 232, 233, 208, 208, 233, 234, 209, 209, 234, 235, 210, 210, 235, 236, 211, 211, 236, 237, 212, 212, 237, 238, 213, 213, 238, 239, 214, 214, 239, 240, 215, 215, 240, 241, 216, 216, 241, 242, 217, 217, 242, 243, 218, 218, 243, 244, 219, 219, 244, 245, 220, 220, 245, 246, 221, 221, 246, 247, 222, 222, 247, 248, 223, 223, 248, 249, 224, 224, 249, 250, 225, 226, 251, 252, 227, 227, 252, 253, 228, 228, 253, 254, 229, 229, 254, 255, 230, 230, 255, 256, 231, 231, 256, 257, 232, 232, 257, 258, 233, 233, 258, 259, 234, 234, 259, 260, 235, 235, 260, 261, 236, 236, 261, 262, 237, 237, 262, 263, 238, 238, 263, 264, 239, 239, 264, 265, 240, 240, 265, 266, 241, 241, 266, 267, 242, 242, 267, 268, 243, 243, 268, 269, 244, 244, 269, 270, 245, 245, 270, 271, 246, 246, 271, 272, 247, 247, 272, 273, 248, 248, 273, 274, 249, 249, 274, 275, 250, 251, 276, 277, 252, 252, 277, 278, 253, 253, 278, 279, 254, 254, 279, 280, 255, 255, 280, 281, 256, 256, 281, 282, 257, 257, 282, 283, 258, 258, 283, 284, 259, 259, 284, 285, 260, 260, 285, 286, 261, 261, 286, 287, 262, 262, 287, 288, 263, 263, 288, 289, 264, 264, 289, 290, 265, 265, 290, 291, 266, 266, 291, 292, 267, 267, 292, 293, 268, 268, 293, 294, 269, 269, 294, 295, 270, 270, 295, 296, 271, 271, 296, 297, 272, 272, 297, 298, 273, 273, 298, 299, 274, 274, 299, 300, 275, 276, 301, 302, 277, 277, 302, 303, 278, 278, 303, 304, 279, 279, 304, 305, 280, 280, 305, 306, 281, 281, 306, 307, 282, 282, 307, 308, 283, 283, 308, 309, 284, 284, 309, 310, 285, 285, 310, 311, 286, 286, 311, 312, 287, 287, 312, 313, 288, 288, 313, 314, 289, 289, 314, 315, 290, 290, 315, 316, 291, 291, 316, 317, 292, 292, 317, 318, 293, 293, 318, 319, 294, 294, 319, 320, 295, 295, 320, 321, 296, 296, 321, 322, 297, 297, 322, 323, 298, 298, 323, 324, 299, 299, 324, 325, 300, 301, 326, 327, 302, 302, 327, 328, 303, 303, 328, 329, 304, 304, 329, 330, 305, 305, 330, 331, 306, 306, 331, 332, 307, 307, 332, 333, 308, 308, 333, 334, 309, 309, 334, 335, 310, 310, 335, 336, 311, 311, 336, 337, 312, 312, 337, 338, 313, 313, 338, 339, 314, 314, 339, 340, 315, 315, 340, 341, 316, 316, 341, 342, 317, 317, 342, 343, 318, 318, 343, 344, 319, 319, 344, 345, 320, 320, 345, 346, 321, 321, 346, 347, 322, 322, 347, 348, 323, 323, 348, 349, 324, 324, 349, 350, 325, 326, 351, 352, 327, 327, 352, 353, 328, 328, 353, 354, 329, 329, 354, 355, 330, 330, 355, 356, 331, 331, 356, 357, 332, 332, 357, 358, 333, 333, 358, 359, 334, 334, 359, 360, 335, 335, 360, 361, 336, 336, 361, 362, 337, 337, 362, 363, 338, 338, 363, 364, 339, 339, 364, 365, 340, 340, 365, 366, 341, 341, 366, 367, 342, 342, 367, 368, 343, 343, 368, 369, 344, 344, 369, 370, 345, 345, 370, 371, 346, 346, 371, 372, 347, 347, 372, 373, 348, 348, 373, 374, 349, 349, 374, 375, 350, 0, 1, 2, 0, 2, 3, 0, 3, 4, 0, 4, 5, 0, 5, 6, 0, 6, 7, 0, 7, 8, 0, 8, 9, 0, 9, 10, 0, 10, 11, 0, 11, 12, 0, 12, 13, 0, 13, 14, 0, 14, 15, 0, 15, 16, 0, 16, 17, 0, 17, 18, 0, 18, 19, 0, 19, 20, 0, 20, 21, 0, 21, 22, 0, 22, 23, 0, 23, 24, 0, 24, 25, 0, 352, 351, 0, 353, 352, 0, 354, 353, 0, 355, 354, 0, 356, 355, 0, 357, 356, 0, 358, 357, 0, 359, 358, 0, 360, 359, 0, 361, 360, 0, 362, 361, 0, 363, 362, 0, 364, 363, 0, 365, 364, 0, 366, 365, 0, 367, 366, 0, 368, 367, 0, 369, 368, 0, 370, 369, 0, 371, 370, 0, 372, 371, 0, 373, 372, 0, 374, 373, 0, 375, 374, 0, 26, 1, 0, 51, 26, 0, 76, 51, 0, 101, 76, 0, 126, 101, 0, 151, 126, 0, 176, 151, 0, 201, 176, 0, 226, 201, 0, 251, 226, 0, 276, 251, 0, 301, 276, 0, 326, 301, 0, 351, 326, 0, 25, 50, 0, 50, 75, 0, 75, 100, 0, 100, 125, 0, 125, 150, 0, 150, 175, 0, 175, 200, 0, 200, 225, 0, 225, 250, 0, 250, 275, 0, 275, 300, 0, 300, 325, 0, 325, 350, 0, 350, 375]
                                rel material:binding = </AecoCctvLooks/Shell_observe>
                                point3f[] points = [(0, 0, 0), (-14.175759, -8.921204, -15.689099), (-13.409456, -9.206125, -16.19017), (-12.568454, -9.491617, -16.692245), (-11.64837, -9.774196, -17.189196), (-10.645907, -10.049653, -17.673624), (-9.559345, -10.313083, -18.1369), (-8.389078, -10.558966, -18.569317), (-7.1381373, -10.781353, -18.960415), (-5.812626, -10.974146, -19.299465), (-4.4219627, -11.131461, -19.576126), (-2.9788554, -11.248064, -19.781187), (-1.498928, -11.31981, -19.90736), (0, -11.344032, -19.949959), (1.498928, -11.31981, -19.90736), (2.9788554, -11.248064, -19.781187), (4.4219627, -11.131461, -19.576126), (5.812626, -10.974146, -19.299465), (7.1381373, -10.781353, -18.960415), (8.389078, -10.558966, -18.569317), (9.559345, -10.313083, -18.1369), (10.645907, -10.049653, -17.673624), (11.64837, -9.774196, -17.189196), (12.568454, -9.491617, -16.692245), (13.409456, -9.206125, -16.19017), (14.175759, -8.921204, -15.689099), (-14.468756, -7.8047953, -16.013374), (-13.705199, -8.064998, -16.547241), (-12.863727, -8.326805, -17.0844), (-11.939189, -8.587049, -17.618351), (-10.927499, -8.841834, -18.141104), (-9.826194, -9.086547, -18.643188), (-8.635059, -9.315918, -19.113798), (-7.356762, -9.524195, -19.541128), (-5.997386, -9.705403, -19.91292), (-4.5667796, -9.853724, -20.217234), (-3.0785701, -9.963929, -20.443346), (-1.5497785, -10.031855, -20.58271), (0, -10.054807, -20.629803), (1.5497785, -10.031855, -20.58271), (3.0785701, -9.963929, -20.443346), (4.5667796, -9.853724, -20.217234), (5.997386, -9.705403, -19.91292), (7.356762, -9.524195, -19.541128), (8.635059, -9.315918, -19.113798), (9.826194, -9.086547, -18.643188), (10.927499, -8.841834, -18.141104), (11.939189, -8.587049, -17.618351), (12.863727, -8.326805, -17.0844), (13.705199, -8.064998, -16.547241), (14.468756, -7.8047953, -16.013374), (-14.731397, -6.6220584, -16.304054), (-13.971339, -6.8513427, -16.86857), (-13.130524, -7.082921, -17.438734), (-12.203055, -7.3140244, -18.00773), (-11.184066, -7.5411935, -18.56704), (-10.070337, -7.7602606, -19.106401), (-8.861011, -7.966404, -19.613943), (-7.5583286, -8.154289, -20.076532), (-6.1682925, -8.318314, -20.480373), (-4.7011046, -8.452964, -20.811893), (-3.1712513, -8.553247, -21.0588), (-1.5971029, -8.615158, -21.211227), (0, -8.636095, -21.26278), (1.5971029, -8.615158, -21.211227), (3.1712513, -8.553247, -21.0588), (4.7011046, -8.452964, -20.811893), (6.1682925, -8.318314, -20.480373), (7.5583286, -8.154289, -20.076532), (8.861011, -7.966404, -19.613943), (10.070337, -7.7602606, -19.106401), (11.184066, -7.5411935, -18.56704), (12.203055, -7.3140244, -18.00773), (13.130524, -7.082921, -17.438734), (13.971339, -6.8513427, -16.86857), (14.731397, -6.6220584, -16.304054), (-14.957262, -5.3788714, -16.554031), (-14.201015, -5.571178, -17.145874), (-13.36161, -5.7660594, -17.745642), (-12.4324665, -5.96122, -18.346268), (-11.407986, -6.1537423, -18.938776), (-10.284224, -6.340066, -19.512207), (-9.059687, -6.5160174, -20.053715), (-7.736172, -6.676924, -20.548922), (-6.3195453, -6.81783, -20.982574), (-4.820287, -6.9338107, -21.339518), (-3.2536433, -7.0203743, -21.605927), (-1.6392239, -7.0738955, -21.770641), (0, -7.0920095, -21.82639), (1.6392239, -7.0738955, -21.770641), (3.2536433, -7.0203743, -21.605927), (4.820287, -6.9338107, -21.339518), (6.3195453, -6.81783, -20.982574), (7.736172, -6.676924, -20.548922), (9.059687, -6.5160174, -20.053715), (10.284224, -6.340066, -19.512207), (11.407986, -6.1537423, -18.938776), (12.4324665, -5.96122, -18.346268), (13.36161, -5.7660594, -17.745642), (14.201015, -5.571178, -17.145874), (14.957262, -5.3788714, -16.554031), (-15.140301, -4.0835214, -16.75661), (-14.387699, -4.2333117, -17.371271), (-13.550029, -4.385527, -17.995882), (-12.620126, -4.5383997, -18.623192), (-11.591757, -4.689655, -19.24386), (-10.46034, -4.836479, -19.846352), (-9.223802, -4.975541, -20.416986), (-7.8835206, -5.103073, -20.940311), (-6.4452, -5.215044, -21.39978), (-4.919522, -5.3074174, -21.778831), (-3.3223624, -5.3764873, -22.062258), (-1.6743926, -5.419246, -22.237717), (0, -5.4337273, -22.29714), (1.6743926, -5.419246, -22.237717), (3.3223624, -5.3764873, -22.062258), (4.919522, -5.3074174, -21.778831), (6.4452, -5.215044, -21.39978), (7.8835206, -5.103073, -20.940311), (9.223802, -4.975541, -20.416986), (10.46034, -4.836479, -19.846352), (11.591757, -4.689655, -19.24386), (12.620126, -4.5383997, -18.623192), (13.550029, -4.385527, -17.995882), (14.387699, -4.2333117, -17.371271), (15.140301, -4.0835214, -16.75661), (-15.275236, -2.7466102, -16.90595), (-14.525645, -2.8492665, -17.537823), (-13.6896, -2.9538002, -18.181248), (-12.759493, -3.0590124, -18.828852), (-11.728597, -3.163344, -19.471033), (-10.591825, -3.264849, -20.095818), (-9.346643, -3.361203, -20.688896), (-7.9940786, -3.4497588, -21.233976), (-6.5396852, -3.527664, -21.713497), (-4.994278, -3.592045, -22.109777), (-3.374202, -3.6402516, -22.4065), (-1.7009456, -3.6701243, -22.59037), (0, -3.6802464, -22.652676), (1.7009456, -3.6701243, -22.59037), (3.374202, -3.6402516, -22.4065), (4.994278, -3.592045, -22.109777), (6.5396852, -3.527664, -21.713497), (7.9940786, -3.4497588, -21.233976), (9.346643, -3.361203, -20.688896), (10.591825, -3.264849, -20.095818), (11.728597, -3.163344, -19.471033), (12.759493, -3.0590124, -18.828852), (13.6896, -2.9538002, -18.181248), (14.525645, -2.8492665, -17.537823), (15.275236, -2.7466102, -16.90595), (-15.357949, -1.3807414, -16.997496), (-14.610341, -1.43294, -17.640081), (-13.775443, -1.4861611, -18.295256), (-12.845363, -1.5397996, -18.955568), (-11.813065, -1.5930629, -19.611261), (-10.673137, -1.6449564, -20.25009), (-9.422747, -1.6942854, -20.857351), (-8.062689, -1.7396834, -21.41622), (-6.598411, -1.779671, -21.908484), (-5.040801, -1.8127531, -22.315737), (-3.4064953, -1.8375456, -22.620943), (-1.717497, -1.8529185, -22.81019), (0, -1.8581291, -22.874336), (1.717497, -1.8529185, -22.81019), (3.4064953, -1.8375456, -22.620943), (5.040801, -1.8127531, -22.315737), (6.598411, -1.779671, -21.908484), (8.062689, -1.7396834, -21.41622), (9.422747, -1.6942854, -20.857351), (10.673137, -1.6449564, -20.25009), (11.813065, -1.5930629, -19.611261), (12.845363, -1.5397996, -18.955568), (13.775443, -1.4861611, -18.295256), (14.610341, -1.43294, -17.640081), (15.357949, -1.3807414, -16.997496), (-15.38582, 0, -17.028341), (-14.638905, 0, -17.674568), (-13.804418, 0, -18.333738), (-12.874373, 0, -18.998379), (-11.841628, 0, -19.65868), (-10.70066, 0, -20.302309), (-9.44853, 0, -20.914425), (-8.085954, 0, -21.478018), (-6.618341, 0, -21.974655), (-5.0566, 0, -22.385681), (-3.4174676, 0, -22.693806), (-1.7231224, 0, -22.884901), (0, 0, -22.949682), (1.7231224, 0, -22.884901), (3.4174676, 0, -22.693806), (5.0566, 0, -22.385681), (6.618341, 0, -21.974655), (8.085954, 0, -21.478018), (9.44853, 0, -20.914425), (10.70066, 0, -20.302309), (11.841628, 0, -19.65868), (12.874373, 0, -18.998379), (13.804418, 0, -18.333738), (14.638905, 0, -17.674568), (15.38582, 0, -17.028341), (-15.357949, 1.3807414, -16.997496), (-14.610341, 1.43294, -17.640081), (-13.775443, 1.4861611, -18.295256), (-12.845363, 1.5397996, -18.955568), (-11.813065, 1.5930629, -19.611261), (-10.673137, 1.6449564, -20.25009), (-9.422747, 1.6942854, -20.857351), (-8.062689, 1.7396834, -21.41622), (-6.598411, 1.779671, -21.908484), (-5.040801, 1.8127531, -22.315737), (-3.4064953, 1.8375456, -22.620943), (-1.717497, 1.8529185, -22.81019), (0, 1.8581291, -22.874336), (1.717497, 1.8529185, -22.81019), (3.4064953, 1.8375456, -22.620943), (5.040801, 1.8127531, -22.315737), (6.598411, 1.779671, -21.908484), (8.062689, 1.7396834, -21.41622), (9.422747, 1.6942854, -20.857351), (10.673137, 1.6449564, -20.25009), (11.813065, 1.5930629, -19.611261), (12.845363, 1.5397996, -18.955568), (13.775443, 1.4861611, -18.295256), (14.610341, 1.43294, -17.640081), (15.357949, 1.3807414, -16.997496), (-15.275236, 2.7466102, -16.90595), (-14.525645, 2.8492665, -17.537823), (-13.6896, 2.9538002, -18.181248), (-12.759493, 3.0590124, -18.828852), (-11.728597, 3.163344, -19.471033), (-10.591825, 3.264849, -20.095818), (-9.346643, 3.361203, -20.688896), (-7.9940786, 3.4497588, -21.233976), (-6.5396852, 3.527664, -21.713497), (-4.994278, 3.592045, -22.109777), (-3.374202, 3.6402516, -22.4065), (-1.7009456, 3.6701243, -22.59037), (0, 3.6802464, -22.652676), (1.7009456, 3.6701243, -22.59037), (3.374202, 3.6402516, -22.4065), (4.994278, 3.592045, -22.109777), (6.5396852, 3.527664, -21.713497), (7.9940786, 3.4497588, -21.233976), (9.346643, 3.361203, -20.688896), (10.591825, 3.264849, -20.095818), (11.728597, 3.163344, -19.471033), (12.759493, 3.0590124, -18.828852), (13.6896, 2.9538002, -18.181248), (14.525645, 2.8492665, -17.537823), (15.275236, 2.7466102, -16.90595), (-15.140301, 4.0835214, -16.75661), (-14.387699, 4.2333117, -17.371271), (-13.550029, 4.385527, -17.995882), (-12.620126, 4.5383997, -18.623192), (-11.591757, 4.689655, -19.24386), (-10.46034, 4.836479, -19.846352), (-9.223802, 4.975541, -20.416986), (-7.8835206, 5.103073, -20.940311), (-6.4452, 5.215044, -21.39978), (-4.919522, 5.3074174, -21.778831), (-3.3223624, 5.3764873, -22.062258), (-1.6743926, 5.419246, -22.237717), (0, 5.4337273, -22.29714), (1.6743926, 5.419246, -22.237717), (3.3223624, 5.3764873, -22.062258), (4.919522, 5.3074174, -21.778831), (6.4452, 5.215044, -21.39978), (7.8835206, 5.103073, -20.940311), (9.223802, 4.975541, -20.416986), (10.46034, 4.836479, -19.846352), (11.591757, 4.689655, -19.24386), (12.620126, 4.5383997, -18.623192), (13.550029, 4.385527, -17.995882), (14.387699, 4.2333117, -17.371271), (15.140301, 4.0835214, -16.75661), (-14.957262, 5.3788714, -16.554031), (-14.201015, 5.571178, -17.145874), (-13.36161, 5.7660594, -17.745642), (-12.4324665, 5.96122, -18.346268), (-11.407986, 6.1537423, -18.938776), (-10.284224, 6.340066, -19.512207), (-9.059687, 6.5160174, -20.053715), (-7.736172, 6.676924, -20.548922), (-6.3195453, 6.81783, -20.982574), (-4.820287, 6.9338107, -21.339518), (-3.2536433, 7.0203743, -21.605927), (-1.6392239, 7.0738955, -21.770641), (0, 7.0920095, -21.82639), (1.6392239, 7.0738955, -21.770641), (3.2536433, 7.0203743, -21.605927), (4.820287, 6.9338107, -21.339518), (6.3195453, 6.81783, -20.982574), (7.736172, 6.676924, -20.548922), (9.059687, 6.5160174, -20.053715), (10.284224, 6.340066, -19.512207), (11.407986, 6.1537423, -18.938776), (12.4324665, 5.96122, -18.346268), (13.36161, 5.7660594, -17.745642), (14.201015, 5.571178, -17.145874), (14.957262, 5.3788714, -16.554031), (-14.731397, 6.6220584, -16.304054), (-13.971339, 6.8513427, -16.86857), (-13.130524, 7.082921, -17.438734), (-12.203055, 7.3140244, -18.00773), (-11.184066, 7.5411935, -18.56704), (-10.070337, 7.7602606, -19.106401), (-8.861011, 7.966404, -19.613943), (-7.5583286, 8.154289, -20.076532), (-6.1682925, 8.318314, -20.480373), (-4.7011046, 8.452964, -20.811893), (-3.1712513, 8.553247, -21.0588), (-1.5971029, 8.615158, -21.211227), (0, 8.636095, -21.26278), (1.5971029, 8.615158, -21.211227), (3.1712513, 8.553247, -21.0588), (4.7011046, 8.452964, -20.811893), (6.1682925, 8.318314, -20.480373), (7.5583286, 8.154289, -20.076532), (8.861011, 7.966404, -19.613943), (10.070337, 7.7602606, -19.106401), (11.184066, 7.5411935, -18.56704), (12.203055, 7.3140244, -18.00773), (13.130524, 7.082921, -17.438734), (13.971339, 6.8513427, -16.86857), (14.731397, 6.6220584, -16.304054), (-14.468756, 7.8047953, -16.013374), (-13.705199, 8.064998, -16.547241), (-12.863727, 8.326805, -17.0844), (-11.939189, 8.587049, -17.618351), (-10.927499, 8.841834, -18.141104), (-9.826194, 9.086547, -18.643188), (-8.635059, 9.315918, -19.113798), (-7.356762, 9.524195, -19.541128), (-5.997386, 9.705403, -19.91292), (-4.5667796, 9.853724, -20.217234), (-3.0785701, 9.963929, -20.443346), (-1.5497785, 10.031855, -20.58271), (0, 10.054807, -20.629803), (1.5497785, 10.031855, -20.58271), (3.0785701, 9.963929, -20.443346), (4.5667796, 9.853724, -20.217234), (5.997386, 9.705403, -19.91292), (7.356762, 9.524195, -19.541128), (8.635059, 9.315918, -19.113798), (9.826194, 9.086547, -18.643188), (10.927499, 8.841834, -18.141104), (11.939189, 8.587049, -17.618351), (12.863727, 8.326805, -17.0844), (13.705199, 8.064998, -16.547241), (14.468756, 7.8047953, -16.013374), (-14.175759, 8.921204, -15.689099), (-13.409456, 9.206125, -16.19017), (-12.568454, 9.491617, -16.692245), (-11.64837, 9.774196, -17.189196), (-10.645907, 10.049653, -17.673624), (-9.559345, 10.313083, -18.1369), (-8.389078, 10.558966, -18.569317), (-7.1381373, 10.781353, -18.960415), (-5.812626, 10.974146, -19.299465), (-4.4219627, 11.131461, -19.576126), (-2.9788554, 11.248064, -19.781187), (-1.498928, 11.31981, -19.90736), (0, 11.344032, -19.949959), (1.498928, 11.31981, -19.90736), (2.9788554, 11.248064, -19.781187), (4.4219627, 11.131461, -19.576126), (5.812626, 10.974146, -19.299465), (7.1381373, 10.781353, -18.960415), (8.389078, 10.558966, -18.569317), (9.559345, 10.313083, -18.1369), (10.645907, 10.049653, -17.673624), (11.64837, 9.774196, -17.189196), (12.568454, 9.491617, -16.692245), (13.409456, 9.206125, -16.19017), (14.175759, 8.921204, -15.689099)]
                                color3f[] primvars:displayColor = [(0.36666667, 0.73333335, 0.68333334)] (
                                    interpolation = "constant"
                                )
                                float[] primvars:displayOpacity = [0.3] (
                                    interpolation = "constant"
                                )
                                uniform token purpose = "guide"
                                uniform token subdivisionScheme = "none"
                            }
                        }
                    }

                    over "sec_cam_corr_ocorr_1_2"
                    {
                        double aeco:cctv:mountHeight = 2.8200000000000003

                        over "Sensor_0"
                        {
                            double aeco:cctvSensor:effectiveWidth = 7.228335573456428
                            double aeco:cctvSensor:hfov = 84.19827201220271
                            double aeco:cctvSensor:targetRange = 5.7374204031549985
                            double aeco:cctvSensor:vfov = 59.24722851636196
                            float2 clippingRange = (0.05, 24)
                            float focalLength = 4
                            float horizontalAperture = 7.2283354
                            float verticalAperture = 4.5489945
                            matrix4d xformOp:transform = ( (2.220446049250313e-16, 1, 0, 0), (-0.25881904510252096, 5.746937261686313e-17, 0.9659258262890682, 0), (0.9659258262890682, -2.1447861848524057e-16, 0.25881904510252096, 0), (0, 0, -0.08, 1) )
                            uniform token[] xformOpOrder = ["xformOp:transform"]

                            def Mesh "Sector" (
                                prepend apiSchemas = ["AecoDerivedGeometryAPI", "MaterialBindingAPI"]
                            )
                            {
                                uniform token aeco:derived:approx = "tessellated"
                                uniform token aeco:derived:role = "sector"
                                string aeco:derived:source = "5c516ad4-57b5-5ffe-9468-cf14e42e9ae0"
                                string aeco:derived:stamp = "usdAecoCctv derive 0.5.3"
                                uniform bool doubleSided = 1
                                float3[] extent = [(-16.08997, -11.863204, -24), (16.08997, 11.863204, 0)]
                                int[] faceVertexCounts = [4, 4, 4, 4, 4, 4, 4, 4, 4, 4, 4, 4, 4, 4, 4, 4, 4, 4, 4, 4, 4, 4, 4, 4, 4, 4, 4, 4, 4, 4, 4, 4, 4, 4, 4, 4, 4, 4, 4, 4, 4, 4, 4, 4, 4, 4, 4, 4, 4, 4, 4, 4, 4, 4, 4, 4, 4, 4, 4, 4, 4, 4, 4, 4, 4, 4, 4, 4, 4, 4, 4, 4, 4, 4, 4, 4, 4, 4, 4, 4, 4, 4, 4, 4, 4, 4, 4, 4, 4, 4, 4, 4, 4, 4, 4, 4, 4, 4, 4, 4, 4, 4, 4, 4, 4, 4, 4, 4, 4, 4, 4, 4, 4, 4, 4, 4, 4, 4, 4, 4, 4, 4, 4, 4, 4, 4, 4, 4, 4, 4, 4, 4, 4, 4, 4, 4, 4, 4, 4, 4, 4, 4, 4, 4, 4, 4, 4, 4, 4, 4, 4, 4, 4, 4, 4, 4, 4, 4, 4, 4, 4, 4, 4, 4, 4, 4, 4, 4, 4, 4, 4, 4, 4, 4, 4, 4, 4, 4, 4, 4, 4, 4, 4, 4, 4, 4, 4, 4, 4, 4, 4, 4, 4, 4, 4, 4, 4, 4, 4, 4, 4, 4, 4, 4, 4, 4, 4, 4, 4, 4, 4, 4, 4, 4, 4, 4, 4, 4, 4, 4, 4, 4, 4, 4, 4, 4, 4, 4, 4, 4, 4, 4, 4, 4, 4, 4, 4, 4, 4, 4, 4, 4, 4, 4, 4, 4, 4, 4, 4, 4, 4, 4, 4, 4, 4, 4, 4, 4, 4, 4, 4, 4, 4, 4, 4, 4, 4, 4, 4, 4, 4, 4, 4, 4, 4, 4, 4, 4, 4, 4, 4, 4, 4, 4, 4, 4, 4, 4, 4, 4, 4, 4, 4, 4, 4, 4, 4, 4, 4, 4, 4, 4, 4, 4, 4, 4, 4, 4, 4, 4, 4, 4, 4, 4, 4, 4, 4, 4, 4, 4, 4, 4, 4, 4, 4, 4, 4, 4, 4, 4, 4, 4, 4, 4, 4, 4, 3, 3, 3, 3, 3, 3, 3, 3, 3, 3, 3, 3, 3, 3, 3, 3, 3, 3, 3, 3, 3, 3, 3, 3, 3, 3, 3, 3, 3, 3, 3, 3, 3, 3, 3, 3, 3, 3, 3, 3, 3, 3, 3, 3, 3, 3, 3, 3, 3, 3, 3, 3, 3, 3, 3, 3, 3, 3, 3, 3, 3, 3, 3, 3, 3, 3, 3, 3, 3, 3, 3, 3, 3, 3, 3, 3]
                                int[] faceVertexIndices = [1, 26, 27, 2, 2, 27, 28, 3, 3, 28, 29, 4, 4, 29, 30, 5, 5, 30, 31, 6, 6, 31, 32, 7, 7, 32, 33, 8, 8, 33, 34, 9, 9, 34, 35, 10, 10, 35, 36, 11, 11, 36, 37, 12, 12, 37, 38, 13, 13, 38, 39, 14, 14, 39, 40, 15, 15, 40, 41, 16, 16, 41, 42, 17, 17, 42, 43, 18, 18, 43, 44, 19, 19, 44, 45, 20, 20, 45, 46, 21, 21, 46, 47, 22, 22, 47, 48, 23, 23, 48, 49, 24, 24, 49, 50, 25, 26, 51, 52, 27, 27, 52, 53, 28, 28, 53, 54, 29, 29, 54, 55, 30, 30, 55, 56, 31, 31, 56, 57, 32, 32, 57, 58, 33, 33, 58, 59, 34, 34, 59, 60, 35, 35, 60, 61, 36, 36, 61, 62, 37, 37, 62, 63, 38, 38, 63, 64, 39, 39, 64, 65, 40, 40, 65, 66, 41, 41, 66, 67, 42, 42, 67, 68, 43, 43, 68, 69, 44, 44, 69, 70, 45, 45, 70, 71, 46, 46, 71, 72, 47, 47, 72, 73, 48, 48, 73, 74, 49, 49, 74, 75, 50, 51, 76, 77, 52, 52, 77, 78, 53, 53, 78, 79, 54, 54, 79, 80, 55, 55, 80, 81, 56, 56, 81, 82, 57, 57, 82, 83, 58, 58, 83, 84, 59, 59, 84, 85, 60, 60, 85, 86, 61, 61, 86, 87, 62, 62, 87, 88, 63, 63, 88, 89, 64, 64, 89, 90, 65, 65, 90, 91, 66, 66, 91, 92, 67, 67, 92, 93, 68, 68, 93, 94, 69, 69, 94, 95, 70, 70, 95, 96, 71, 71, 96, 97, 72, 72, 97, 98, 73, 73, 98, 99, 74, 74, 99, 100, 75, 76, 101, 102, 77, 77, 102, 103, 78, 78, 103, 104, 79, 79, 104, 105, 80, 80, 105, 106, 81, 81, 106, 107, 82, 82, 107, 108, 83, 83, 108, 109, 84, 84, 109, 110, 85, 85, 110, 111, 86, 86, 111, 112, 87, 87, 112, 113, 88, 88, 113, 114, 89, 89, 114, 115, 90, 90, 115, 116, 91, 91, 116, 117, 92, 92, 117, 118, 93, 93, 118, 119, 94, 94, 119, 120, 95, 95, 120, 121, 96, 96, 121, 122, 97, 97, 122, 123, 98, 98, 123, 124, 99, 99, 124, 125, 100, 101, 126, 127, 102, 102, 127, 128, 103, 103, 128, 129, 104, 104, 129, 130, 105, 105, 130, 131, 106, 106, 131, 132, 107, 107, 132, 133, 108, 108, 133, 134, 109, 109, 134, 135, 110, 110, 135, 136, 111, 111, 136, 137, 112, 112, 137, 138, 113, 113, 138, 139, 114, 114, 139, 140, 115, 115, 140, 141, 116, 116, 141, 142, 117, 117, 142, 143, 118, 118, 143, 144, 119, 119, 144, 145, 120, 120, 145, 146, 121, 121, 146, 147, 122, 122, 147, 148, 123, 123, 148, 149, 124, 124, 149, 150, 125, 126, 151, 152, 127, 127, 152, 153, 128, 128, 153, 154, 129, 129, 154, 155, 130, 130, 155, 156, 131, 131, 156, 157, 132, 132, 157, 158, 133, 133, 158, 159, 134, 134, 159, 160, 135, 135, 160, 161, 136, 136, 161, 162, 137, 137, 162, 163, 138, 138, 163, 164, 139, 139, 164, 165, 140, 140, 165, 166, 141, 141, 166, 167, 142, 142, 167, 168, 143, 143, 168, 169, 144, 144, 169, 170, 145, 145, 170, 171, 146, 146, 171, 172, 147, 147, 172, 173, 148, 148, 173, 174, 149, 149, 174, 175, 150, 151, 176, 177, 152, 152, 177, 178, 153, 153, 178, 179, 154, 154, 179, 180, 155, 155, 180, 181, 156, 156, 181, 182, 157, 157, 182, 183, 158, 158, 183, 184, 159, 159, 184, 185, 160, 160, 185, 186, 161, 161, 186, 187, 162, 162, 187, 188, 163, 163, 188, 189, 164, 164, 189, 190, 165, 165, 190, 191, 166, 166, 191, 192, 167, 167, 192, 193, 168, 168, 193, 194, 169, 169, 194, 195, 170, 170, 195, 196, 171, 171, 196, 197, 172, 172, 197, 198, 173, 173, 198, 199, 174, 174, 199, 200, 175, 176, 201, 202, 177, 177, 202, 203, 178, 178, 203, 204, 179, 179, 204, 205, 180, 180, 205, 206, 181, 181, 206, 207, 182, 182, 207, 208, 183, 183, 208, 209, 184, 184, 209, 210, 185, 185, 210, 211, 186, 186, 211, 212, 187, 187, 212, 213, 188, 188, 213, 214, 189, 189, 214, 215, 190, 190, 215, 216, 191, 191, 216, 217, 192, 192, 217, 218, 193, 193, 218, 219, 194, 194, 219, 220, 195, 195, 220, 221, 196, 196, 221, 222, 197, 197, 222, 223, 198, 198, 223, 224, 199, 199, 224, 225, 200, 201, 226, 227, 202, 202, 227, 228, 203, 203, 228, 229, 204, 204, 229, 230, 205, 205, 230, 231, 206, 206, 231, 232, 207, 207, 232, 233, 208, 208, 233, 234, 209, 209, 234, 235, 210, 210, 235, 236, 211, 211, 236, 237, 212, 212, 237, 238, 213, 213, 238, 239, 214, 214, 239, 240, 215, 215, 240, 241, 216, 216, 241, 242, 217, 217, 242, 243, 218, 218, 243, 244, 219, 219, 244, 245, 220, 220, 245, 246, 221, 221, 246, 247, 222, 222, 247, 248, 223, 223, 248, 249, 224, 224, 249, 250, 225, 226, 251, 252, 227, 227, 252, 253, 228, 228, 253, 254, 229, 229, 254, 255, 230, 230, 255, 256, 231, 231, 256, 257, 232, 232, 257, 258, 233, 233, 258, 259, 234, 234, 259, 260, 235, 235, 260, 261, 236, 236, 261, 262, 237, 237, 262, 263, 238, 238, 263, 264, 239, 239, 264, 265, 240, 240, 265, 266, 241, 241, 266, 267, 242, 242, 267, 268, 243, 243, 268, 269, 244, 244, 269, 270, 245, 245, 270, 271, 246, 246, 271, 272, 247, 247, 272, 273, 248, 248, 273, 274, 249, 249, 274, 275, 250, 251, 276, 277, 252, 252, 277, 278, 253, 253, 278, 279, 254, 254, 279, 280, 255, 255, 280, 281, 256, 256, 281, 282, 257, 257, 282, 283, 258, 258, 283, 284, 259, 259, 284, 285, 260, 260, 285, 286, 261, 261, 286, 287, 262, 262, 287, 288, 263, 263, 288, 289, 264, 264, 289, 290, 265, 265, 290, 291, 266, 266, 291, 292, 267, 267, 292, 293, 268, 268, 293, 294, 269, 269, 294, 295, 270, 270, 295, 296, 271, 271, 296, 297, 272, 272, 297, 298, 273, 273, 298, 299, 274, 274, 299, 300, 275, 276, 301, 302, 277, 277, 302, 303, 278, 278, 303, 304, 279, 279, 304, 305, 280, 280, 305, 306, 281, 281, 306, 307, 282, 282, 307, 308, 283, 283, 308, 309, 284, 284, 309, 310, 285, 285, 310, 311, 286, 286, 311, 312, 287, 287, 312, 313, 288, 288, 313, 314, 289, 289, 314, 315, 290, 290, 315, 316, 291, 291, 316, 317, 292, 292, 317, 318, 293, 293, 318, 319, 294, 294, 319, 320, 295, 295, 320, 321, 296, 296, 321, 322, 297, 297, 322, 323, 298, 298, 323, 324, 299, 299, 324, 325, 300, 301, 326, 327, 302, 302, 327, 328, 303, 303, 328, 329, 304, 304, 329, 330, 305, 305, 330, 331, 306, 306, 331, 332, 307, 307, 332, 333, 308, 308, 333, 334, 309, 309, 334, 335, 310, 310, 335, 336, 311, 311, 336, 337, 312, 312, 337, 338, 313, 313, 338, 339, 314, 314, 339, 340, 315, 315, 340, 341, 316, 316, 341, 342, 317, 317, 342, 343, 318, 318, 343, 344, 319, 319, 344, 345, 320, 320, 345, 346, 321, 321, 346, 347, 322, 322, 347, 348, 323, 323, 348, 349, 324, 324, 349, 350, 325, 326, 351, 352, 327, 327, 352, 353, 328, 328, 353, 354, 329, 329, 354, 355, 330, 330, 355, 356, 331, 331, 356, 357, 332, 332, 357, 358, 333, 333, 358, 359, 334, 334, 359, 360, 335, 335, 360, 361, 336, 336, 361, 362, 337, 337, 362, 363, 338, 338, 363, 364, 339, 339, 364, 365, 340, 340, 365, 366, 341, 341, 366, 367, 342, 342, 367, 368, 343, 343, 368, 369, 344, 344, 369, 370, 345, 345, 370, 371, 346, 346, 371, 372, 347, 347, 372, 373, 348, 348, 373, 374, 349, 349, 374, 375, 350, 0, 1, 2, 0, 2, 3, 0, 3, 4, 0, 4, 5, 0, 5, 6, 0, 6, 7, 0, 7, 8, 0, 8, 9, 0, 9, 10, 0, 10, 11, 0, 11, 12, 0, 12, 13, 0, 13, 14, 0, 14, 15, 0, 15, 16, 0, 16, 17, 0, 17, 18, 0, 18, 19, 0, 19, 20, 0, 20, 21, 0, 21, 22, 0, 22, 23, 0, 23, 24, 0, 24, 25, 0, 352, 351, 0, 353, 352, 0, 354, 353, 0, 355, 354, 0, 356, 355, 0, 357, 356, 0, 358, 357, 0, 359, 358, 0, 360, 359, 0, 361, 360, 0, 362, 361, 0, 363, 362, 0, 364, 363, 0, 365, 364, 0, 366, 365, 0, 367, 366, 0, 368, 367, 0, 369, 368, 0, 370, 369, 0, 371, 370, 0, 372, 371, 0, 373, 372, 0, 374, 373, 0, 375, 374, 0, 26, 1, 0, 51, 26, 0, 76, 51, 0, 101, 76, 0, 126, 101, 0, 151, 126, 0, 176, 151, 0, 201, 176, 0, 226, 201, 0, 251, 226, 0, 276, 251, 0, 301, 276, 0, 326, 301, 0, 351, 326, 0, 25, 50, 0, 50, 75, 0, 75, 100, 0, 100, 125, 0, 125, 150, 0, 150, 175, 0, 175, 200, 0, 200, 225, 0, 225, 250, 0, 250, 275, 0, 275, 300, 0, 300, 325, 0, 325, 350, 0, 350, 375]
                                rel material:binding = </AecoCctvLooks/Sector>
                                point3f[] points = [(0, 0, 0), (-14.82453, -9.3294935, -16.40713), (-14.023156, -9.627454, -16.931131), (-13.143663, -9.926012, -17.456186), (-12.181471, -10.221522, -17.97588), (-11.13313, -10.509587, -18.48248), (-9.99684, -10.785072, -18.966955), (-8.773014, -11.042209, -19.419163), (-7.4648223, -11.274774, -19.82816), (-6.078647, -11.476391, -20.182728), (-4.6243386, -11.640905, -20.47205), (-3.115186, -11.762845, -20.686495), (-1.5675281, -11.837873, -20.818443), (0, -11.863204, -20.862991), (1.5675281, -11.837873, -20.818443), (3.115186, -11.762845, -20.686495), (4.6243386, -11.640905, -20.47205), (6.078647, -11.476391, -20.182728), (7.4648223, -11.274774, -19.82816), (8.773014, -11.042209, -19.419163), (9.99684, -10.785072, -18.966955), (11.13313, -10.509587, -18.48248), (12.181471, -10.221522, -17.97588), (13.143663, -9.926012, -17.456186), (14.023156, -9.627454, -16.931131), (14.82453, -9.3294935, -16.40713), (-15.130935, -8.161991, -16.746244), (-14.332434, -8.434102, -17.304544), (-13.45245, -8.7078905, -17.866287), (-12.4855995, -8.980044, -18.424675), (-11.4276085, -9.2464905, -18.971352), (-10.2759, -9.502402, -19.496416), (-9.030252, -9.742271, -19.988564), (-7.6934524, -9.96008, -20.43545), (-6.2718635, -10.149583, -20.824257), (-4.7757835, -10.30469, -21.142498), (-3.2194643, -10.41994, -21.37896), (-1.620706, -10.490973, -21.524702), (0, -10.5149765, -21.57395), (1.620706, -10.490973, -21.524702), (3.2194643, -10.41994, -21.37896), (4.7757835, -10.30469, -21.142498), (6.2718635, -10.149583, -20.824257), (7.6934524, -9.96008, -20.43545), (9.030252, -9.742271, -19.988564), (10.2759, -9.502402, -19.496416), (11.4276085, -9.2464905, -18.971352), (12.4855995, -8.980044, -18.424675), (13.45245, -8.7078905, -17.866287), (14.332434, -8.434102, -17.304544), (15.130935, -8.161991, -16.746244), (-15.405596, -6.9251246, -17.050228), (-14.610753, -7.164902, -17.64058), (-13.731457, -7.4070787, -18.23684), (-12.761542, -7.6487594, -18.831875), (-11.695917, -7.886325, -19.41678), (-10.531218, -8.1154175, -19.980827), (-9.266544, -8.330996, -20.511599), (-7.904244, -8.527479, -20.995358), (-6.450591, -8.699011, -21.41768), (-4.916256, -8.839824, -21.764374), (-3.3163874, -8.944696, -22.02258), (-1.670196, -9.00944, -22.181984), (0, -9.031336, -22.235893), (1.670196, -9.00944, -22.181984), (3.3163874, -8.944696, -22.02258), (4.916256, -8.839824, -21.764374), (6.450591, -8.699011, -21.41768), (7.904244, -8.527479, -20.995358), (9.266544, -8.330996, -20.511599), (10.531218, -8.1154175, -19.980827), (11.695917, -7.886325, -19.41678), (12.761542, -7.6487594, -18.831875), (13.731457, -7.4070787, -18.23684), (14.610753, -7.164902, -17.64058), (15.405596, -6.9251246, -17.050228), (-15.641798, -5.625042, -17.311646), (-14.850942, -5.8261495, -17.930574), (-13.97312, -6.0299497, -18.557793), (-13.001452, -6.2340417, -19.185905), (-11.930085, -6.435375, -19.80553), (-10.754892, -6.6302266, -20.405205), (-9.474313, -6.8142304, -20.971497), (-8.090227, -6.9825015, -21.489367), (-6.6087666, -7.1298556, -21.942865), (-5.040893, -7.2511444, -22.316145), (-3.40255, -7.34167, -22.594746), (-1.714245, -7.39764, -22.767), (0, -7.4165835, -22.8253), (1.714245, -7.39764, -22.767), (3.40255, -7.34167, -22.594746), (5.040893, -7.2511444, -22.316145), (6.6087666, -7.1298556, -21.942865), (8.090227, -6.9825015, -21.489367), (9.474313, -6.8142304, -20.971497), (10.754892, -6.6302266, -20.405205), (11.930085, -6.435375, -19.80553), (13.001452, -6.2340417, -19.185905), (13.97312, -6.0299497, -18.557793), (14.850942, -5.8261495, -17.930574), (15.641798, -5.625042, -17.311646), (-15.833215, -4.2704086, -17.523497), (-15.046169, -4.4270544, -18.166286), (-14.170161, -4.5862355, -18.819485), (-13.1977005, -4.7461047, -19.475502), (-12.122267, -4.904282, -20.124578), (-10.939069, -5.0578265, -20.754642), (-9.64594, -5.2032523, -21.351393), (-8.244319, -5.3366213, -21.898668), (-6.740172, -5.4537163, -22.379166), (-5.1446695, -5.5503173, -22.775564), (-3.474414, -5.622548, -23.07196), (-1.751023, -5.667264, -23.255451), (0, -5.682408, -23.317595), (1.751023, -5.667264, -23.255451), (3.474414, -5.622548, -23.07196), (5.1446695, -5.5503173, -22.775564), (6.740172, -5.4537163, -22.379166), (8.244319, -5.3366213, -21.898668), (9.64594, -5.2032523, -21.351393), (10.939069, -5.0578265, -20.754642), (12.122267, -4.904282, -20.124578), (13.1977005, -4.7461047, -19.475502), (14.170161, -4.5862355, -18.819485), (15.046169, -4.4270544, -18.166286), (15.833215, -4.2704086, -17.523497), (-15.974324, -2.8723118, -17.679672), (-15.190428, -2.9796665, -18.34046), (-14.316121, -3.0889843, -19.013334), (-13.343446, -3.1990116, -19.690577), (-12.265369, -3.3081179, -20.362148), (-11.076572, -3.4142685, -21.015526), (-9.774403, -3.5150323, -21.635748), (-8.359937, -3.607641, -22.205774), (-6.8389816, -3.6891115, -22.707241), (-5.222847, -3.7564392, -23.121656), (-3.5286262, -3.806852, -23.43196), (-1.7787913, -3.8380916, -23.624245), (0, -3.8486772, -23.6894), (1.7787913, -3.8380916, -23.624245), (3.5286262, -3.806852, -23.43196), (5.222847, -3.7564392, -23.121656), (6.8389816, -3.6891115, -22.707241), (8.359937, -3.607641, -22.205774), (9.774403, -3.5150323, -21.635748), (11.076572, -3.4142685, -21.015526), (12.265369, -3.3081179, -20.362148), (13.343446, -3.1990116, -19.690577), (14.316121, -3.0889843, -19.013334), (15.190428, -2.9796665, -18.34046), (15.974324, -2.8723118, -17.679672), (-16.060823, -1.4439325, -17.775404), (-15.279, -1.4985201, -18.447401), (-14.405891, -1.554177, -19.132559), (-13.433246, -1.6102703, -19.823092), (-12.353703, -1.6659713, -20.508793), (-11.161605, -1.7202396, -21.176859), (-9.853989, -1.7718264, -21.811913), (-8.431686, -1.819302, -22.396357), (-6.900395, -1.8611196, -22.91115), (-5.271499, -1.8957158, -23.337042), (-3.5623975, -1.921643, -23.656218), (-1.7961001, -1.9377195, -23.854124), (0, -1.9431686, -23.921206), (1.7961001, -1.9377195, -23.854124), (3.5623975, -1.921643, -23.656218), (5.271499, -1.8957158, -23.337042), (6.900395, -1.8611196, -22.91115), (8.431686, -1.819302, -22.396357), (9.853989, -1.7718264, -21.811913), (11.161605, -1.7202396, -21.176859), (12.353703, -1.6659713, -20.508793), (13.433246, -1.6102703, -19.823092), (14.405891, -1.554177, -19.132559), (15.279, -1.4985201, -18.447401), (16.060823, -1.4439325, -17.775404), (-16.08997, 0, -17.807663), (-15.30887, 0, -18.483465), (-14.4361925, 0, -19.172802), (-13.463584, 0, -19.86786), (-12.3835745, 0, -20.558382), (-11.190388, 0, -21.231468), (-9.880953, 0, -21.871597), (-8.456017, 0, -22.460983), (-6.9212365, 0, -22.98035), (-5.2880216, 0, -23.410187), (-3.5738719, 0, -23.732412), (-1.8019831, 0, -23.932255), (0, 0, -24), (1.8019831, 0, -23.932255), (3.5738719, 0, -23.732412), (5.2880216, 0, -23.410187), (6.9212365, 0, -22.98035), (8.456017, 0, -22.460983), (9.880953, 0, -21.871597), (11.190388, 0, -21.231468), (12.3835745, 0, -20.558382), (13.463584, 0, -19.86786), (14.4361925, 0, -19.172802), (15.30887, 0, -18.483465), (16.08997, 0, -17.807663), (-16.060823, 1.4439325, -17.775404), (-15.279, 1.4985201, -18.447401), (-14.405891, 1.554177, -19.132559), (-13.433246, 1.6102703, -19.823092), (-12.353703, 1.6659713, -20.508793), (-11.161605, 1.7202396, -21.176859), (-9.853989, 1.7718264, -21.811913), (-8.431686, 1.819302, -22.396357), (-6.900395, 1.8611196, -22.91115), (-5.271499, 1.8957158, -23.337042), (-3.5623975, 1.921643, -23.656218), (-1.7961001, 1.9377195, -23.854124), (0, 1.9431686, -23.921206), (1.7961001, 1.9377195, -23.854124), (3.5623975, 1.921643, -23.656218), (5.271499, 1.8957158, -23.337042), (6.900395, 1.8611196, -22.91115), (8.431686, 1.819302, -22.396357), (9.853989, 1.7718264, -21.811913), (11.161605, 1.7202396, -21.176859), (12.353703, 1.6659713, -20.508793), (13.433246, 1.6102703, -19.823092), (14.405891, 1.554177, -19.132559), (15.279, 1.4985201, -18.447401), (16.060823, 1.4439325, -17.775404), (-15.974324, 2.8723118, -17.679672), (-15.190428, 2.9796665, -18.34046), (-14.316121, 3.0889843, -19.013334), (-13.343446, 3.1990116, -19.690577), (-12.265369, 3.3081179, -20.362148), (-11.076572, 3.4142685, -21.015526), (-9.774403, 3.5150323, -21.635748), (-8.359937, 3.607641, -22.205774), (-6.8389816, 3.6891115, -22.707241), (-5.222847, 3.7564392, -23.121656), (-3.5286262, 3.806852, -23.43196), (-1.7787913, 3.8380916, -23.624245), (0, 3.8486772, -23.6894), (1.7787913, 3.8380916, -23.624245), (3.5286262, 3.806852, -23.43196), (5.222847, 3.7564392, -23.121656), (6.8389816, 3.6891115, -22.707241), (8.359937, 3.607641, -22.205774), (9.774403, 3.5150323, -21.635748), (11.076572, 3.4142685, -21.015526), (12.265369, 3.3081179, -20.362148), (13.343446, 3.1990116, -19.690577), (14.316121, 3.0889843, -19.013334), (15.190428, 2.9796665, -18.34046), (15.974324, 2.8723118, -17.679672), (-15.833215, 4.2704086, -17.523497), (-15.046169, 4.4270544, -18.166286), (-14.170161, 4.5862355, -18.819485), (-13.1977005, 4.7461047, -19.475502), (-12.122267, 4.904282, -20.124578), (-10.939069, 5.0578265, -20.754642), (-9.64594, 5.2032523, -21.351393), (-8.244319, 5.3366213, -21.898668), (-6.740172, 5.4537163, -22.379166), (-5.1446695, 5.5503173, -22.775564), (-3.474414, 5.622548, -23.07196), (-1.751023, 5.667264, -23.255451), (0, 5.682408, -23.317595), (1.751023, 5.667264, -23.255451), (3.474414, 5.622548, -23.07196), (5.1446695, 5.5503173, -22.775564), (6.740172, 5.4537163, -22.379166), (8.244319, 5.3366213, -21.898668), (9.64594, 5.2032523, -21.351393), (10.939069, 5.0578265, -20.754642), (12.122267, 4.904282, -20.124578), (13.1977005, 4.7461047, -19.475502), (14.170161, 4.5862355, -18.819485), (15.046169, 4.4270544, -18.166286), (15.833215, 4.2704086, -17.523497), (-15.641798, 5.625042, -17.311646), (-14.850942, 5.8261495, -17.930574), (-13.97312, 6.0299497, -18.557793), (-13.001452, 6.2340417, -19.185905), (-11.930085, 6.435375, -19.80553), (-10.754892, 6.6302266, -20.405205), (-9.474313, 6.8142304, -20.971497), (-8.090227, 6.9825015, -21.489367), (-6.6087666, 7.1298556, -21.942865), (-5.040893, 7.2511444, -22.316145), (-3.40255, 7.34167, -22.594746), (-1.714245, 7.39764, -22.767), (0, 7.4165835, -22.8253), (1.714245, 7.39764, -22.767), (3.40255, 7.34167, -22.594746), (5.040893, 7.2511444, -22.316145), (6.6087666, 7.1298556, -21.942865), (8.090227, 6.9825015, -21.489367), (9.474313, 6.8142304, -20.971497), (10.754892, 6.6302266, -20.405205), (11.930085, 6.435375, -19.80553), (13.001452, 6.2340417, -19.185905), (13.97312, 6.0299497, -18.557793), (14.850942, 5.8261495, -17.930574), (15.641798, 5.625042, -17.311646), (-15.405596, 6.9251246, -17.050228), (-14.610753, 7.164902, -17.64058), (-13.731457, 7.4070787, -18.23684), (-12.761542, 7.6487594, -18.831875), (-11.695917, 7.886325, -19.41678), (-10.531218, 8.1154175, -19.980827), (-9.266544, 8.330996, -20.511599), (-7.904244, 8.527479, -20.995358), (-6.450591, 8.699011, -21.41768), (-4.916256, 8.839824, -21.764374), (-3.3163874, 8.944696, -22.02258), (-1.670196, 9.00944, -22.181984), (0, 9.031336, -22.235893), (1.670196, 9.00944, -22.181984), (3.3163874, 8.944696, -22.02258), (4.916256, 8.839824, -21.764374), (6.450591, 8.699011, -21.41768), (7.904244, 8.527479, -20.995358), (9.266544, 8.330996, -20.511599), (10.531218, 8.1154175, -19.980827), (11.695917, 7.886325, -19.41678), (12.761542, 7.6487594, -18.831875), (13.731457, 7.4070787, -18.23684), (14.610753, 7.164902, -17.64058), (15.405596, 6.9251246, -17.050228), (-15.130935, 8.161991, -16.746244), (-14.332434, 8.434102, -17.304544), (-13.45245, 8.7078905, -17.866287), (-12.4855995, 8.980044, -18.424675), (-11.4276085, 9.2464905, -18.971352), (-10.2759, 9.502402, -19.496416), (-9.030252, 9.742271, -19.988564), (-7.6934524, 9.96008, -20.43545), (-6.2718635, 10.149583, -20.824257), (-4.7757835, 10.30469, -21.142498), (-3.2194643, 10.41994, -21.37896), (-1.620706, 10.490973, -21.524702), (0, 10.5149765, -21.57395), (1.620706, 10.490973, -21.524702), (3.2194643, 10.41994, -21.37896), (4.7757835, 10.30469, -21.142498), (6.2718635, 10.149583, -20.824257), (7.6934524, 9.96008, -20.43545), (9.030252, 9.742271, -19.988564), (10.2759, 9.502402, -19.496416), (11.4276085, 9.2464905, -18.971352), (12.4855995, 8.980044, -18.424675), (13.45245, 8.7078905, -17.866287), (14.332434, 8.434102, -17.304544), (15.130935, 8.161991, -16.746244), (-14.82453, 9.3294935, -16.40713), (-14.023156, 9.627454, -16.931131), (-13.143663, 9.926012, -17.456186), (-12.181471, 10.221522, -17.97588), (-11.13313, 10.509587, -18.48248), (-9.99684, 10.785072, -18.966955), (-8.773014, 11.042209, -19.419163), (-7.4648223, 11.274774, -19.82816), (-6.078647, 11.476391, -20.182728), (-4.6243386, 11.640905, -20.47205), (-3.115186, 11.762845, -20.686495), (-1.5675281, 11.837873, -20.818443), (0, 11.863204, -20.862991), (1.5675281, 11.837873, -20.818443), (3.115186, 11.762845, -20.686495), (4.6243386, 11.640905, -20.47205), (6.078647, 11.476391, -20.182728), (7.4648223, 11.274774, -19.82816), (8.773014, 11.042209, -19.419163), (9.99684, 10.785072, -18.966955), (11.13313, 10.509587, -18.48248), (12.181471, 10.221522, -17.97588), (13.143663, 9.926012, -17.456186), (14.023156, 9.627454, -16.931131), (14.82453, 9.3294935, -16.40713)]
                                color3f[] primvars:displayColor = [(0, 0.85, 0.95)] (
                                    interpolation = "constant"
                                )
                                float[] primvars:displayOpacity = [0.3] (
                                    interpolation = "constant"
                                )
                                uniform token purpose = "guide"
                                uniform token subdivisionScheme = "none"
                            }

                            def Mesh "Shell_identify" (
                                prepend apiSchemas = ["AecoDerivedGeometryAPI", "MaterialBindingAPI"]
                            )
                            {
                                uniform token aeco:derived:approx = "tessellated"
                                uniform token aeco:derived:role = "coverage"
                                string aeco:derived:source = "5c516ad4-57b5-5ffe-9468-cf14e42e9ae0"
                                string aeco:derived:stamp = "usdAecoCctv derive 0.5.3"
                                uniform bool doubleSided = 1
                                float3[] extent = [(-3.846455, -2.836008, -5.7374206), (3.846455, 2.836008, 0)]
                                int[] faceVertexCounts = [4, 4, 4, 4, 4, 4, 4, 4, 4, 4, 4, 4, 4, 4, 4, 4, 4, 4, 4, 4, 4, 4, 4, 4, 4, 4, 4, 4, 4, 4, 4, 4, 4, 4, 4, 4, 4, 4, 4, 4, 4, 4, 4, 4, 4, 4, 4, 4, 4, 4, 4, 4, 4, 4, 4, 4, 4, 4, 4, 4, 4, 4, 4, 4, 4, 4, 4, 4, 4, 4, 4, 4, 4, 4, 4, 4, 4, 4, 4, 4, 4, 4, 4, 4, 4, 4, 4, 4, 4, 4, 4, 4, 4, 4, 4, 4, 4, 4, 4, 4, 4, 4, 4, 4, 4, 4, 4, 4, 4, 4, 4, 4, 4, 4, 4, 4, 4, 4, 4, 4, 4, 4, 4, 4, 4, 4, 4, 4, 4, 4, 4, 4, 4, 4, 4, 4, 4, 4, 4, 4, 4, 4, 4, 4, 4, 4, 4, 4, 4, 4, 4, 4, 4, 4, 4, 4, 4, 4, 4, 4, 4, 4, 4, 4, 4, 4, 4, 4, 4, 4, 4, 4, 4, 4, 4, 4, 4, 4, 4, 4, 4, 4, 4, 4, 4, 4, 4, 4, 4, 4, 4, 4, 4, 4, 4, 4, 4, 4, 4, 4, 4, 4, 4, 4, 4, 4, 4, 4, 4, 4, 4, 4, 4, 4, 4, 4, 4, 4, 4, 4, 4, 4, 4, 4, 4, 4, 4, 4, 4, 4, 4, 4, 4, 4, 4, 4, 4, 4, 4, 4, 4, 4, 4, 4, 4, 4, 4, 4, 4, 4, 4, 4, 4, 4, 4, 4, 4, 4, 4, 4, 4, 4, 4, 4, 4, 4, 4, 4, 4, 4, 4, 4, 4, 4, 4, 4, 4, 4, 4, 4, 4, 4, 4, 4, 4, 4, 4, 4, 4, 4, 4, 4, 4, 4, 4, 4, 4, 4, 4, 4, 4, 4, 4, 4, 4, 4, 4, 4, 4, 4, 4, 4, 4, 4, 4, 4, 4, 4, 4, 4, 4, 4, 4, 4, 4, 4, 4, 4, 4, 4, 4, 4, 4, 4, 4, 4, 3, 3, 3, 3, 3, 3, 3, 3, 3, 3, 3, 3, 3, 3, 3, 3, 3, 3, 3, 3, 3, 3, 3, 3, 3, 3, 3, 3, 3, 3, 3, 3, 3, 3, 3, 3, 3, 3, 3, 3, 3, 3, 3, 3, 3, 3, 3, 3, 3, 3, 3, 3, 3, 3, 3, 3, 3, 3, 3, 3, 3, 3, 3, 3, 3, 3, 3, 3, 3, 3, 3, 3, 3, 3, 3, 3]
                                int[] faceVertexIndices = [1, 26, 27, 2, 2, 27, 28, 3, 3, 28, 29, 4, 4, 29, 30, 5, 5, 30, 31, 6, 6, 31, 32, 7, 7, 32, 33, 8, 8, 33, 34, 9, 9, 34, 35, 10, 10, 35, 36, 11, 11, 36, 37, 12, 12, 37, 38, 13, 13, 38, 39, 14, 14, 39, 40, 15, 15, 40, 41, 16, 16, 41, 42, 17, 17, 42, 43, 18, 18, 43, 44, 19, 19, 44, 45, 20, 20, 45, 46, 21, 21, 46, 47, 22, 22, 47, 48, 23, 23, 48, 49, 24, 24, 49, 50, 25, 26, 51, 52, 27, 27, 52, 53, 28, 28, 53, 54, 29, 29, 54, 55, 30, 30, 55, 56, 31, 31, 56, 57, 32, 32, 57, 58, 33, 33, 58, 59, 34, 34, 59, 60, 35, 35, 60, 61, 36, 36, 61, 62, 37, 37, 62, 63, 38, 38, 63, 64, 39, 39, 64, 65, 40, 40, 65, 66, 41, 41, 66, 67, 42, 42, 67, 68, 43, 43, 68, 69, 44, 44, 69, 70, 45, 45, 70, 71, 46, 46, 71, 72, 47, 47, 72, 73, 48, 48, 73, 74, 49, 49, 74, 75, 50, 51, 76, 77, 52, 52, 77, 78, 53, 53, 78, 79, 54, 54, 79, 80, 55, 55, 80, 81, 56, 56, 81, 82, 57, 57, 82, 83, 58, 58, 83, 84, 59, 59, 84, 85, 60, 60, 85, 86, 61, 61, 86, 87, 62, 62, 87, 88, 63, 63, 88, 89, 64, 64, 89, 90, 65, 65, 90, 91, 66, 66, 91, 92, 67, 67, 92, 93, 68, 68, 93, 94, 69, 69, 94, 95, 70, 70, 95, 96, 71, 71, 96, 97, 72, 72, 97, 98, 73, 73, 98, 99, 74, 74, 99, 100, 75, 76, 101, 102, 77, 77, 102, 103, 78, 78, 103, 104, 79, 79, 104, 105, 80, 80, 105, 106, 81, 81, 106, 107, 82, 82, 107, 108, 83, 83, 108, 109, 84, 84, 109, 110, 85, 85, 110, 111, 86, 86, 111, 112, 87, 87, 112, 113, 88, 88, 113, 114, 89, 89, 114, 115, 90, 90, 115, 116, 91, 91, 116, 117, 92, 92, 117, 118, 93, 93, 118, 119, 94, 94, 119, 120, 95, 95, 120, 121, 96, 96, 121, 122, 97, 97, 122, 123, 98, 98, 123, 124, 99, 99, 124, 125, 100, 101, 126, 127, 102, 102, 127, 128, 103, 103, 128, 129, 104, 104, 129, 130, 105, 105, 130, 131, 106, 106, 131, 132, 107, 107, 132, 133, 108, 108, 133, 134, 109, 109, 134, 135, 110, 110, 135, 136, 111, 111, 136, 137, 112, 112, 137, 138, 113, 113, 138, 139, 114, 114, 139, 140, 115, 115, 140, 141, 116, 116, 141, 142, 117, 117, 142, 143, 118, 118, 143, 144, 119, 119, 144, 145, 120, 120, 145, 146, 121, 121, 146, 147, 122, 122, 147, 148, 123, 123, 148, 149, 124, 124, 149, 150, 125, 126, 151, 152, 127, 127, 152, 153, 128, 128, 153, 154, 129, 129, 154, 155, 130, 130, 155, 156, 131, 131, 156, 157, 132, 132, 157, 158, 133, 133, 158, 159, 134, 134, 159, 160, 135, 135, 160, 161, 136, 136, 161, 162, 137, 137, 162, 163, 138, 138, 163, 164, 139, 139, 164, 165, 140, 140, 165, 166, 141, 141, 166, 167, 142, 142, 167, 168, 143, 143, 168, 169, 144, 144, 169, 170, 145, 145, 170, 171, 146, 146, 171, 172, 147, 147, 172, 173, 148, 148, 173, 174, 149, 149, 174, 175, 150, 151, 176, 177, 152, 152, 177, 178, 153, 153, 178, 179, 154, 154, 179, 180, 155, 155, 180, 181, 156, 156, 181, 182, 157, 157, 182, 183, 158, 158, 183, 184, 159, 159, 184, 185, 160, 160, 185, 186, 161, 161, 186, 187, 162, 162, 187, 188, 163, 163, 188, 189, 164, 164, 189, 190, 165, 165, 190, 191, 166, 166, 191, 192, 167, 167, 192, 193, 168, 168, 193, 194, 169, 169, 194, 195, 170, 170, 195, 196, 171, 171, 196, 197, 172, 172, 197, 198, 173, 173, 198, 199, 174, 174, 199, 200, 175, 176, 201, 202, 177, 177, 202, 203, 178, 178, 203, 204, 179, 179, 204, 205, 180, 180, 205, 206, 181, 181, 206, 207, 182, 182, 207, 208, 183, 183, 208, 209, 184, 184, 209, 210, 185, 185, 210, 211, 186, 186, 211, 212, 187, 187, 212, 213, 188, 188, 213, 214, 189, 189, 214, 215, 190, 190, 215, 216, 191, 191, 216, 217, 192, 192, 217, 218, 193, 193, 218, 219, 194, 194, 219, 220, 195, 195, 220, 221, 196, 196, 221, 222, 197, 197, 222, 223, 198, 198, 223, 224, 199, 199, 224, 225, 200, 201, 226, 227, 202, 202, 227, 228, 203, 203, 228, 229, 204, 204, 229, 230, 205, 205, 230, 231, 206, 206, 231, 232, 207, 207, 232, 233, 208, 208, 233, 234, 209, 209, 234, 235, 210, 210, 235, 236, 211, 211, 236, 237, 212, 212, 237, 238, 213, 213, 238, 239, 214, 214, 239, 240, 215, 215, 240, 241, 216, 216, 241, 242, 217, 217, 242, 243, 218, 218, 243, 244, 219, 219, 244, 245, 220, 220, 245, 246, 221, 221, 246, 247, 222, 222, 247, 248, 223, 223, 248, 249, 224, 224, 249, 250, 225, 226, 251, 252, 227, 227, 252, 253, 228, 228, 253, 254, 229, 229, 254, 255, 230, 230, 255, 256, 231, 231, 256, 257, 232, 232, 257, 258, 233, 233, 258, 259, 234, 234, 259, 260, 235, 235, 260, 261, 236, 236, 261, 262, 237, 237, 262, 263, 238, 238, 263, 264, 239, 239, 264, 265, 240, 240, 265, 266, 241, 241, 266, 267, 242, 242, 267, 268, 243, 243, 268, 269, 244, 244, 269, 270, 245, 245, 270, 271, 246, 246, 271, 272, 247, 247, 272, 273, 248, 248, 273, 274, 249, 249, 274, 275, 250, 251, 276, 277, 252, 252, 277, 278, 253, 253, 278, 279, 254, 254, 279, 280, 255, 255, 280, 281, 256, 256, 281, 282, 257, 257, 282, 283, 258, 258, 283, 284, 259, 259, 284, 285, 260, 260, 285, 286, 261, 261, 286, 287, 262, 262, 287, 288, 263, 263, 288, 289, 264, 264, 289, 290, 265, 265, 290, 291, 266, 266, 291, 292, 267, 267, 292, 293, 268, 268, 293, 294, 269, 269, 294, 295, 270, 270, 295, 296, 271, 271, 296, 297, 272, 272, 297, 298, 273, 273, 298, 299, 274, 274, 299, 300, 275, 276, 301, 302, 277, 277, 302, 303, 278, 278, 303, 304, 279, 279, 304, 305, 280, 280, 305, 306, 281, 281, 306, 307, 282, 282, 307, 308, 283, 283, 308, 309, 284, 284, 309, 310, 285, 285, 310, 311, 286, 286, 311, 312, 287, 287, 312, 313, 288, 288, 313, 314, 289, 289, 314, 315, 290, 290, 315, 316, 291, 291, 316, 317, 292, 292, 317, 318, 293, 293, 318, 319, 294, 294, 319, 320, 295, 295, 320, 321, 296, 296, 321, 322, 297, 297, 322, 323, 298, 298, 323, 324, 299, 299, 324, 325, 300, 301, 326, 327, 302, 302, 327, 328, 303, 303, 328, 329, 304, 304, 329, 330, 305, 305, 330, 331, 306, 306, 331, 332, 307, 307, 332, 333, 308, 308, 333, 334, 309, 309, 334, 335, 310, 310, 335, 336, 311, 311, 336, 337, 312, 312, 337, 338, 313, 313, 338, 339, 314, 314, 339, 340, 315, 315, 340, 341, 316, 316, 341, 342, 317, 317, 342, 343, 318, 318, 343, 344, 319, 319, 344, 345, 320, 320, 345, 346, 321, 321, 346, 347, 322, 322, 347, 348, 323, 323, 348, 349, 324, 324, 349, 350, 325, 326, 351, 352, 327, 327, 352, 353, 328, 328, 353, 354, 329, 329, 354, 355, 330, 330, 355, 356, 331, 331, 356, 357, 332, 332, 357, 358, 333, 333, 358, 359, 334, 334, 359, 360, 335, 335, 360, 361, 336, 336, 361, 362, 337, 337, 362, 363, 338, 338, 363, 364, 339, 339, 364, 365, 340, 340, 365, 366, 341, 341, 366, 367, 342, 342, 367, 368, 343, 343, 368, 369, 344, 344, 369, 370, 345, 345, 370, 371, 346, 346, 371, 372, 347, 347, 372, 373, 348, 348, 373, 374, 349, 349, 374, 375, 350, 0, 1, 2, 0, 2, 3, 0, 3, 4, 0, 4, 5, 0, 5, 6, 0, 6, 7, 0, 7, 8, 0, 8, 9, 0, 9, 10, 0, 10, 11, 0, 11, 12, 0, 12, 13, 0, 13, 14, 0, 14, 15, 0, 15, 16, 0, 16, 17, 0, 17, 18, 0, 18, 19, 0, 19, 20, 0, 20, 21, 0, 21, 22, 0, 22, 23, 0, 23, 24, 0, 24, 25, 0, 352, 351, 0, 353, 352, 0, 354, 353, 0, 355, 354, 0, 356, 355, 0, 357, 356, 0, 358, 357, 0, 359, 358, 0, 360, 359, 0, 361, 360, 0, 362, 361, 0, 363, 362, 0, 364, 363, 0, 365, 364, 0, 366, 365, 0, 367, 366, 0, 368, 367, 0, 369, 368, 0, 370, 369, 0, 371, 370, 0, 372, 371, 0, 373, 372, 0, 374, 373, 0, 375, 374, 0, 26, 1, 0, 51, 26, 0, 76, 51, 0, 101, 76, 0, 126, 101, 0, 151, 126, 0, 176, 151, 0, 201, 176, 0, 226, 201, 0, 251, 226, 0, 276, 251, 0, 301, 276, 0, 326, 301, 0, 351, 326, 0, 25, 50, 0, 50, 75, 0, 75, 100, 0, 100, 125, 0, 125, 150, 0, 150, 175, 0, 175, 200, 0, 200, 225, 0, 225, 250, 0, 250, 275, 0, 275, 300, 0, 300, 325, 0, 325, 350, 0, 350, 375]
                                rel material:binding = </AecoCctvLooks/Shell_identify>
                                point3f[] points = [(0, 0, 0), (-3.5439398, -2.230301, -3.9222748), (-3.352364, -2.3015313, -4.0475426), (-3.1421134, -2.3729043, -4.1730614), (-2.9120924, -2.443549, -4.297299), (-2.6614769, -2.5124133, -4.418406), (-2.3898363, -2.5782707, -4.534225), (-2.0972695, -2.6397414, -4.642329), (-1.7845343, -2.6953382, -4.7401037), (-1.4531565, -2.7435365, -4.8248663), (-1.1054907, -2.7828653, -4.8940315), (-0.74471384, -2.812016, -4.945297), (-0.374732, -2.8299525, -4.97684), (0, -2.836008, -4.9874897), (0.374732, -2.8299525, -4.97684), (0.74471384, -2.812016, -4.945297), (1.1054907, -2.7828653, -4.8940315), (1.4531565, -2.7435365, -4.8248663), (1.7845343, -2.6953382, -4.7401037), (2.0972695, -2.6397414, -4.642329), (2.3898363, -2.5782707, -4.534225), (2.6614769, -2.5124133, -4.418406), (2.9120924, -2.443549, -4.297299), (3.1421134, -2.3729043, -4.1730614), (3.352364, -2.3015313, -4.0475426), (3.5439398, -2.230301, -3.9222748), (-3.617189, -1.9511988, -4.0033436), (-3.4262998, -2.0162494, -4.1368103), (-3.2159317, -2.0817013, -4.2711), (-2.9847972, -2.1467621, -4.4045877), (-2.7318747, -2.2104585, -4.535276), (-2.4565485, -2.2716367, -4.660797), (-2.1587648, -2.3289795, -4.7784495), (-1.8391905, -2.3810487, -4.885282), (-1.4993465, -2.4263508, -4.97823), (-1.1416949, -2.463431, -5.0543084), (-0.76964253, -2.4909823, -5.1108365), (-0.38744462, -2.5079637, -5.1456776), (0, -2.5137017, -5.1574507), (0.38744462, -2.5079637, -5.1456776), (0.76964253, -2.4909823, -5.1108365), (1.1416949, -2.463431, -5.0543084), (1.4993465, -2.4263508, -4.97823), (1.8391905, -2.3810487, -4.885282), (2.1587648, -2.3289795, -4.7784495), (2.4565485, -2.2716367, -4.660797), (2.7318747, -2.2104585, -4.535276), (2.9847972, -2.1467621, -4.4045877), (3.2159317, -2.0817013, -4.2711), (3.4262998, -2.0162494, -4.1368103), (3.617189, -1.9511988, -4.0033436), (-3.6828492, -1.6555146, -4.0760136), (-3.4928348, -1.7128357, -4.2171426), (-3.282631, -1.7707303, -4.3596835), (-3.0507638, -1.8285061, -4.5019326), (-2.7960165, -1.8852984, -4.64176), (-2.5175843, -1.9400651, -4.7766004), (-2.2152526, -1.991601, -4.903486), (-1.8895822, -2.0385723, -5.019133), (-1.5420731, -2.0795784, -5.1200933), (-1.1752762, -2.113241, -5.2029734), (-0.7928128, -2.1383119, -5.2647), (-0.39927572, -2.1537895, -5.302807), (0, -2.1590238, -5.315695), (0.39927572, -2.1537895, -5.302807), (0.7928128, -2.1383119, -5.2647), (1.1752762, -2.113241, -5.2029734), (1.5420731, -2.0795784, -5.1200933), (1.8895822, -2.0385723, -5.019133), (2.2152526, -1.991601, -4.903486), (2.5175843, -1.9400651, -4.7766004), (2.7960165, -1.8852984, -4.64176), (3.0507638, -1.8285061, -4.5019326), (3.282631, -1.7707303, -4.3596835), (3.4928348, -1.7128357, -4.2171426), (3.6828492, -1.6555146, -4.0760136), (-3.7393155, -1.3447179, -4.138508), (-3.5502539, -1.3927945, -4.2864685), (-3.3404026, -1.4415148, -4.4364104), (-3.1081166, -1.490305, -4.586567), (-2.8519964, -1.5384356, -4.734694), (-2.571056, -1.5850165, -4.8780518), (-2.2649217, -1.6290044, -5.0134287), (-1.934043, -1.669231, -5.1372304), (-1.5798863, -1.7044575, -5.2456436), (-1.2050718, -1.7334527, -5.3348794), (-0.8134108, -1.7550936, -5.4014816), (-0.40980598, -1.7684739, -5.4426603), (0, -1.7730024, -5.4565973), (0.40980598, -1.7684739, -5.4426603), (0.8134108, -1.7550936, -5.4014816), (1.2050718, -1.7334527, -5.3348794), (1.5798863, -1.7044575, -5.2456436), (1.934043, -1.669231, -5.1372304), (2.2649217, -1.6290044, -5.0134287), (2.571056, -1.5850165, -4.8780518), (2.8519964, -1.5384356, -4.734694), (3.1081166, -1.490305, -4.586567), (3.3404026, -1.4415148, -4.4364104), (3.5502539, -1.3927945, -4.2864685), (3.7393155, -1.3447179, -4.138508), (-3.7850752, -1.0208803, -4.1891527), (-3.5969248, -1.0583279, -4.342818), (-3.3875072, -1.0963818, -4.4989705), (-3.1550314, -1.1345999, -4.655798), (-2.8979392, -1.1724137, -4.810965), (-2.615085, -1.2091198, -4.961588), (-2.3059504, -1.2438853, -5.1042466), (-1.9708802, -1.2757683, -5.235078), (-1.6113, -1.303761, -5.349945), (-1.2298805, -1.3268543, -5.444708), (-0.8305906, -1.3441218, -5.5155644), (-0.41859815, -1.3548115, -5.559429), (0, -1.3584318, -5.574285), (0.41859815, -1.3548115, -5.559429), (0.8305906, -1.3441218, -5.5155644), (1.2298805, -1.3268543, -5.444708), (1.6113, -1.303761, -5.349945), (1.9708802, -1.2757683, -5.235078), (2.3059504, -1.2438853, -5.1042466), (2.615085, -1.2091198, -4.961588), (2.8979392, -1.1724137, -4.810965), (3.1550314, -1.1345999, -4.655798), (3.3875072, -1.0963818, -4.4989705), (3.5969248, -1.0583279, -4.342818), (3.7850752, -1.0208803, -4.1891527), (-3.818809, -0.68665254, -4.2264876), (-3.6314113, -0.71231663, -4.3844557), (-3.4224, -0.73845005, -4.545312), (-3.1898732, -0.7647531, -4.707213), (-2.9321492, -0.790836, -4.8677583), (-2.6479561, -0.81621224, -5.0239544), (-2.3366609, -0.84030074, -5.172224), (-1.9985197, -0.8624397, -5.308494), (-1.6349213, -0.881916, -5.4283743), (-1.2485695, -0.89801127, -5.5274444), (-0.8435505, -0.9100629, -5.601625), (-0.4252364, -0.9175311, -5.6475925), (0, -0.9200616, -5.663169), (0.4252364, -0.9175311, -5.6475925), (0.8435505, -0.9100629, -5.601625), (1.2485695, -0.89801127, -5.5274444), (1.6349213, -0.881916, -5.4283743), (1.9985197, -0.8624397, -5.308494), (2.3366609, -0.84030074, -5.172224), (2.6479561, -0.81621224, -5.0239544), (2.9321492, -0.790836, -4.8677583), (3.1898732, -0.7647531, -4.707213), (3.4224, -0.73845005, -4.545312), (3.6314113, -0.71231663, -4.3844557), (3.818809, -0.68665254, -4.2264876), (-3.8394873, -0.34518534, -4.249374), (-3.6525853, -0.358235, -4.4100204), (-3.4438608, -0.37154028, -4.573814), (-3.2113407, -0.3849499, -4.738892), (-2.9532661, -0.39826572, -4.9028153), (-2.6682842, -0.4112391, -5.0625224), (-2.3556867, -0.42357135, -5.214338), (-2.0156722, -0.43492085, -5.354055), (-1.6496028, -0.44491774, -5.477121), (-1.2602003, -0.45318827, -5.578934), (-0.85162383, -0.4593864, -5.655236), (-0.42937425, -0.46322963, -5.7025476), (0, -0.4645323, -5.718584), (0.42937425, -0.46322963, -5.7025476), (0.85162383, -0.4593864, -5.655236), (1.2602003, -0.45318827, -5.578934), (1.6496028, -0.44491774, -5.477121), (2.0156722, -0.43492085, -5.354055), (2.3556867, -0.42357135, -5.214338), (2.6682842, -0.4112391, -5.0625224), (2.9532661, -0.39826572, -4.9028153), (3.2113407, -0.3849499, -4.738892), (3.4438608, -0.37154028, -4.573814), (3.6525853, -0.358235, -4.4100204), (3.8394873, -0.34518534, -4.249374), (-3.846455, 0, -4.2570853), (-3.6597261, 0, -4.418642), (-3.4511044, 0, -4.5834346), (-3.2185934, 0, -4.7495947), (-2.960407, 0, -4.91467), (-2.675165, 0, -5.0755773), (-2.3621325, 0, -5.228606), (-2.0214884, 0, -5.3695045), (-1.6545852, 0, -5.493664), (-1.26415, 0, -5.5964203), (-0.8543669, 0, -5.6734514), (-0.4307806, 0, -5.7212253), (0, 0, -5.7374206), (0.4307806, 0, -5.7212253), (0.8543669, 0, -5.6734514), (1.26415, 0, -5.5964203), (1.6545852, 0, -5.493664), (2.0214884, 0, -5.3695045), (2.3621325, 0, -5.228606), (2.675165, 0, -5.0755773), (2.960407, 0, -4.91467), (3.2185934, 0, -4.7495947), (3.4511044, 0, -4.5834346), (3.6597261, 0, -4.418642), (3.846455, 0, -4.2570853), (-3.8394873, 0.34518534, -4.249374), (-3.6525853, 0.358235, -4.4100204), (-3.4438608, 0.37154028, -4.573814), (-3.2113407, 0.3849499, -4.738892), (-2.9532661, 0.39826572, -4.9028153), (-2.6682842, 0.4112391, -5.0625224), (-2.3556867, 0.42357135, -5.214338), (-2.0156722, 0.43492085, -5.354055), (-1.6496028, 0.44491774, -5.477121), (-1.2602003, 0.45318827, -5.578934), (-0.85162383, 0.4593864, -5.655236), (-0.42937425, 0.46322963, -5.7025476), (0, 0.4645323, -5.718584), (0.42937425, 0.46322963, -5.7025476), (0.85162383, 0.4593864, -5.655236), (1.2602003, 0.45318827, -5.578934), (1.6496028, 0.44491774, -5.477121), (2.0156722, 0.43492085, -5.354055), (2.3556867, 0.42357135, -5.214338), (2.6682842, 0.4112391, -5.0625224), (2.9532661, 0.39826572, -4.9028153), (3.2113407, 0.3849499, -4.738892), (3.4438608, 0.37154028, -4.573814), (3.6525853, 0.358235, -4.4100204), (3.8394873, 0.34518534, -4.249374), (-3.818809, 0.68665254, -4.2264876), (-3.6314113, 0.71231663, -4.3844557), (-3.4224, 0.73845005, -4.545312), (-3.1898732, 0.7647531, -4.707213), (-2.9321492, 0.790836, -4.8677583), (-2.6479561, 0.81621224, -5.0239544), (-2.3366609, 0.84030074, -5.172224), (-1.9985197, 0.8624397, -5.308494), (-1.6349213, 0.881916, -5.4283743), (-1.2485695, 0.89801127, -5.5274444), (-0.8435505, 0.9100629, -5.601625), (-0.4252364, 0.9175311, -5.6475925), (0, 0.9200616, -5.663169), (0.4252364, 0.9175311, -5.6475925), (0.8435505, 0.9100629, -5.601625), (1.2485695, 0.89801127, -5.5274444), (1.6349213, 0.881916, -5.4283743), (1.9985197, 0.8624397, -5.308494), (2.3366609, 0.84030074, -5.172224), (2.6479561, 0.81621224, -5.0239544), (2.9321492, 0.790836, -4.8677583), (3.1898732, 0.7647531, -4.707213), (3.4224, 0.73845005, -4.545312), (3.6314113, 0.71231663, -4.3844557), (3.818809, 0.68665254, -4.2264876), (-3.7850752, 1.0208803, -4.1891527), (-3.5969248, 1.0583279, -4.342818), (-3.3875072, 1.0963818, -4.4989705), (-3.1550314, 1.1345999, -4.655798), (-2.8979392, 1.1724137, -4.810965), (-2.615085, 1.2091198, -4.961588), (-2.3059504, 1.2438853, -5.1042466), (-1.9708802, 1.2757683, -5.235078), (-1.6113, 1.303761, -5.349945), (-1.2298805, 1.3268543, -5.444708), (-0.8305906, 1.3441218, -5.5155644), (-0.41859815, 1.3548115, -5.559429), (0, 1.3584318, -5.574285), (0.41859815, 1.3548115, -5.559429), (0.8305906, 1.3441218, -5.5155644), (1.2298805, 1.3268543, -5.444708), (1.6113, 1.303761, -5.349945), (1.9708802, 1.2757683, -5.235078), (2.3059504, 1.2438853, -5.1042466), (2.615085, 1.2091198, -4.961588), (2.8979392, 1.1724137, -4.810965), (3.1550314, 1.1345999, -4.655798), (3.3875072, 1.0963818, -4.4989705), (3.5969248, 1.0583279, -4.342818), (3.7850752, 1.0208803, -4.1891527), (-3.7393155, 1.3447179, -4.138508), (-3.5502539, 1.3927945, -4.2864685), (-3.3404026, 1.4415148, -4.4364104), (-3.1081166, 1.490305, -4.586567), (-2.8519964, 1.5384356, -4.734694), (-2.571056, 1.5850165, -4.8780518), (-2.2649217, 1.6290044, -5.0134287), (-1.934043, 1.669231, -5.1372304), (-1.5798863, 1.7044575, -5.2456436), (-1.2050718, 1.7334527, -5.3348794), (-0.8134108, 1.7550936, -5.4014816), (-0.40980598, 1.7684739, -5.4426603), (0, 1.7730024, -5.4565973), (0.40980598, 1.7684739, -5.4426603), (0.8134108, 1.7550936, -5.4014816), (1.2050718, 1.7334527, -5.3348794), (1.5798863, 1.7044575, -5.2456436), (1.934043, 1.669231, -5.1372304), (2.2649217, 1.6290044, -5.0134287), (2.571056, 1.5850165, -4.8780518), (2.8519964, 1.5384356, -4.734694), (3.1081166, 1.490305, -4.586567), (3.3404026, 1.4415148, -4.4364104), (3.5502539, 1.3927945, -4.2864685), (3.7393155, 1.3447179, -4.138508), (-3.6828492, 1.6555146, -4.0760136), (-3.4928348, 1.7128357, -4.2171426), (-3.282631, 1.7707303, -4.3596835), (-3.0507638, 1.8285061, -4.5019326), (-2.7960165, 1.8852984, -4.64176), (-2.5175843, 1.9400651, -4.7766004), (-2.2152526, 1.991601, -4.903486), (-1.8895822, 2.0385723, -5.019133), (-1.5420731, 2.0795784, -5.1200933), (-1.1752762, 2.113241, -5.2029734), (-0.7928128, 2.1383119, -5.2647), (-0.39927572, 2.1537895, -5.302807), (0, 2.1590238, -5.315695), (0.39927572, 2.1537895, -5.302807), (0.7928128, 2.1383119, -5.2647), (1.1752762, 2.113241, -5.2029734), (1.5420731, 2.0795784, -5.1200933), (1.8895822, 2.0385723, -5.019133), (2.2152526, 1.991601, -4.903486), (2.5175843, 1.9400651, -4.7766004), (2.7960165, 1.8852984, -4.64176), (3.0507638, 1.8285061, -4.5019326), (3.282631, 1.7707303, -4.3596835), (3.4928348, 1.7128357, -4.2171426), (3.6828492, 1.6555146, -4.0760136), (-3.617189, 1.9511988, -4.0033436), (-3.4262998, 2.0162494, -4.1368103), (-3.2159317, 2.0817013, -4.2711), (-2.9847972, 2.1467621, -4.4045877), (-2.7318747, 2.2104585, -4.535276), (-2.4565485, 2.2716367, -4.660797), (-2.1587648, 2.3289795, -4.7784495), (-1.8391905, 2.3810487, -4.885282), (-1.4993465, 2.4263508, -4.97823), (-1.1416949, 2.463431, -5.0543084), (-0.76964253, 2.4909823, -5.1108365), (-0.38744462, 2.5079637, -5.1456776), (0, 2.5137017, -5.1574507), (0.38744462, 2.5079637, -5.1456776), (0.76964253, 2.4909823, -5.1108365), (1.1416949, 2.463431, -5.0543084), (1.4993465, 2.4263508, -4.97823), (1.8391905, 2.3810487, -4.885282), (2.1587648, 2.3289795, -4.7784495), (2.4565485, 2.2716367, -4.660797), (2.7318747, 2.2104585, -4.535276), (2.9847972, 2.1467621, -4.4045877), (3.2159317, 2.0817013, -4.2711), (3.4262998, 2.0162494, -4.1368103), (3.617189, 1.9511988, -4.0033436), (-3.5439398, 2.230301, -3.9222748), (-3.352364, 2.3015313, -4.0475426), (-3.1421134, 2.3729043, -4.1730614), (-2.9120924, 2.443549, -4.297299), (-2.6614769, 2.5124133, -4.418406), (-2.3898363, 2.5782707, -4.534225), (-2.0972695, 2.6397414, -4.642329), (-1.7845343, 2.6953382, -4.7401037), (-1.4531565, 2.7435365, -4.8248663), (-1.1054907, 2.7828653, -4.8940315), (-0.74471384, 2.812016, -4.945297), (-0.374732, 2.8299525, -4.97684), (0, 2.836008, -4.9874897), (0.374732, 2.8299525, -4.97684), (0.74471384, 2.812016, -4.945297), (1.1054907, 2.7828653, -4.8940315), (1.4531565, 2.7435365, -4.8248663), (1.7845343, 2.6953382, -4.7401037), (2.0972695, 2.6397414, -4.642329), (2.3898363, 2.5782707, -4.534225), (2.6614769, 2.5124133, -4.418406), (2.9120924, 2.443549, -4.297299), (3.1421134, 2.3729043, -4.1730614), (3.352364, 2.3015313, -4.0475426), (3.5439398, 2.230301, -3.9222748)]
                                color3f[] primvars:displayColor = [(0, 0.5, 0.45)] (
                                    interpolation = "constant"
                                )
                                float[] primvars:displayOpacity = [0.3] (
                                    interpolation = "constant"
                                )
                                uniform token purpose = "guide"
                                uniform token subdivisionScheme = "none"
                            }

                            def Mesh "Shell_recognise" (
                                prepend apiSchemas = ["AecoDerivedGeometryAPI", "MaterialBindingAPI"]
                            )
                            {
                                uniform token aeco:derived:approx = "tessellated"
                                uniform token aeco:derived:role = "coverage"
                                string aeco:derived:source = "5c516ad4-57b5-5ffe-9468-cf14e42e9ae0"
                                string aeco:derived:stamp = "usdAecoCctv derive 0.5.3"
                                uniform bool doubleSided = 1
                                float3[] extent = [(-7.69291, -5.672016, -11.474841), (7.69291, 5.672016, 0)]
                                int[] faceVertexCounts = [4, 4, 4, 4, 4, 4, 4, 4, 4, 4, 4, 4, 4, 4, 4, 4, 4, 4, 4, 4, 4, 4, 4, 4, 4, 4, 4, 4, 4, 4, 4, 4, 4, 4, 4, 4, 4, 4, 4, 4, 4, 4, 4, 4, 4, 4, 4, 4, 4, 4, 4, 4, 4, 4, 4, 4, 4, 4, 4, 4, 4, 4, 4, 4, 4, 4, 4, 4, 4, 4, 4, 4, 4, 4, 4, 4, 4, 4, 4, 4, 4, 4, 4, 4, 4, 4, 4, 4, 4, 4, 4, 4, 4, 4, 4, 4, 4, 4, 4, 4, 4, 4, 4, 4, 4, 4, 4, 4, 4, 4, 4, 4, 4, 4, 4, 4, 4, 4, 4, 4, 4, 4, 4, 4, 4, 4, 4, 4, 4, 4, 4, 4, 4, 4, 4, 4, 4, 4, 4, 4, 4, 4, 4, 4, 4, 4, 4, 4, 4, 4, 4, 4, 4, 4, 4, 4, 4, 4, 4, 4, 4, 4, 4, 4, 4, 4, 4, 4, 4, 4, 4, 4, 4, 4, 4, 4, 4, 4, 4, 4, 4, 4, 4, 4, 4, 4, 4, 4, 4, 4, 4, 4, 4, 4, 4, 4, 4, 4, 4, 4, 4, 4, 4, 4, 4, 4, 4, 4, 4, 4, 4, 4, 4, 4, 4, 4, 4, 4, 4, 4, 4, 4, 4, 4, 4, 4, 4, 4, 4, 4, 4, 4, 4, 4, 4, 4, 4, 4, 4, 4, 4, 4, 4, 4, 4, 4, 4, 4, 4, 4, 4, 4, 4, 4, 4, 4, 4, 4, 4, 4, 4, 4, 4, 4, 4, 4, 4, 4, 4, 4, 4, 4, 4, 4, 4, 4, 4, 4, 4, 4, 4, 4, 4, 4, 4, 4, 4, 4, 4, 4, 4, 4, 4, 4, 4, 4, 4, 4, 4, 4, 4, 4, 4, 4, 4, 4, 4, 4, 4, 4, 4, 4, 4, 4, 4, 4, 4, 4, 4, 4, 4, 4, 4, 4, 4, 4, 4, 4, 4, 4, 4, 4, 4, 4, 4, 4, 3, 3, 3, 3, 3, 3, 3, 3, 3, 3, 3, 3, 3, 3, 3, 3, 3, 3, 3, 3, 3, 3, 3, 3, 3, 3, 3, 3, 3, 3, 3, 3, 3, 3, 3, 3, 3, 3, 3, 3, 3, 3, 3, 3, 3, 3, 3, 3, 3, 3, 3, 3, 3, 3, 3, 3, 3, 3, 3, 3, 3, 3, 3, 3, 3, 3, 3, 3, 3, 3, 3, 3, 3, 3, 3, 3]
                                int[] faceVertexIndices = [1, 26, 27, 2, 2, 27, 28, 3, 3, 28, 29, 4, 4, 29, 30, 5, 5, 30, 31, 6, 6, 31, 32, 7, 7, 32, 33, 8, 8, 33, 34, 9, 9, 34, 35, 10, 10, 35, 36, 11, 11, 36, 37, 12, 12, 37, 38, 13, 13, 38, 39, 14, 14, 39, 40, 15, 15, 40, 41, 16, 16, 41, 42, 17, 17, 42, 43, 18, 18, 43, 44, 19, 19, 44, 45, 20, 20, 45, 46, 21, 21, 46, 47, 22, 22, 47, 48, 23, 23, 48, 49, 24, 24, 49, 50, 25, 26, 51, 52, 27, 27, 52, 53, 28, 28, 53, 54, 29, 29, 54, 55, 30, 30, 55, 56, 31, 31, 56, 57, 32, 32, 57, 58, 33, 33, 58, 59, 34, 34, 59, 60, 35, 35, 60, 61, 36, 36, 61, 62, 37, 37, 62, 63, 38, 38, 63, 64, 39, 39, 64, 65, 40, 40, 65, 66, 41, 41, 66, 67, 42, 42, 67, 68, 43, 43, 68, 69, 44, 44, 69, 70, 45, 45, 70, 71, 46, 46, 71, 72, 47, 47, 72, 73, 48, 48, 73, 74, 49, 49, 74, 75, 50, 51, 76, 77, 52, 52, 77, 78, 53, 53, 78, 79, 54, 54, 79, 80, 55, 55, 80, 81, 56, 56, 81, 82, 57, 57, 82, 83, 58, 58, 83, 84, 59, 59, 84, 85, 60, 60, 85, 86, 61, 61, 86, 87, 62, 62, 87, 88, 63, 63, 88, 89, 64, 64, 89, 90, 65, 65, 90, 91, 66, 66, 91, 92, 67, 67, 92, 93, 68, 68, 93, 94, 69, 69, 94, 95, 70, 70, 95, 96, 71, 71, 96, 97, 72, 72, 97, 98, 73, 73, 98, 99, 74, 74, 99, 100, 75, 76, 101, 102, 77, 77, 102, 103, 78, 78, 103, 104, 79, 79, 104, 105, 80, 80, 105, 106, 81, 81, 106, 107, 82, 82, 107, 108, 83, 83, 108, 109, 84, 84, 109, 110, 85, 85, 110, 111, 86, 86, 111, 112, 87, 87, 112, 113, 88, 88, 113, 114, 89, 89, 114, 115, 90, 90, 115, 116, 91, 91, 116, 117, 92, 92, 117, 118, 93, 93, 118, 119, 94, 94, 119, 120, 95, 95, 120, 121, 96, 96, 121, 122, 97, 97, 122, 123, 98, 98, 123, 124, 99, 99, 124, 125, 100, 101, 126, 127, 102, 102, 127, 128, 103, 103, 128, 129, 104, 104, 129, 130, 105, 105, 130, 131, 106, 106, 131, 132, 107, 107, 132, 133, 108, 108, 133, 134, 109, 109, 134, 135, 110, 110, 135, 136, 111, 111, 136, 137, 112, 112, 137, 138, 113, 113, 138, 139, 114, 114, 139, 140, 115, 115, 140, 141, 116, 116, 141, 142, 117, 117, 142, 143, 118, 118, 143, 144, 119, 119, 144, 145, 120, 120, 145, 146, 121, 121, 146, 147, 122, 122, 147, 148, 123, 123, 148, 149, 124, 124, 149, 150, 125, 126, 151, 152, 127, 127, 152, 153, 128, 128, 153, 154, 129, 129, 154, 155, 130, 130, 155, 156, 131, 131, 156, 157, 132, 132, 157, 158, 133, 133, 158, 159, 134, 134, 159, 160, 135, 135, 160, 161, 136, 136, 161, 162, 137, 137, 162, 163, 138, 138, 163, 164, 139, 139, 164, 165, 140, 140, 165, 166, 141, 141, 166, 167, 142, 142, 167, 168, 143, 143, 168, 169, 144, 144, 169, 170, 145, 145, 170, 171, 146, 146, 171, 172, 147, 147, 172, 173, 148, 148, 173, 174, 149, 149, 174, 175, 150, 151, 176, 177, 152, 152, 177, 178, 153, 153, 178, 179, 154, 154, 179, 180, 155, 155, 180, 181, 156, 156, 181, 182, 157, 157, 182, 183, 158, 158, 183, 184, 159, 159, 184, 185, 160, 160, 185, 186, 161, 161, 186, 187, 162, 162, 187, 188, 163, 163, 188, 189, 164, 164, 189, 190, 165, 165, 190, 191, 166, 166, 191, 192, 167, 167, 192, 193, 168, 168, 193, 194, 169, 169, 194, 195, 170, 170, 195, 196, 171, 171, 196, 197, 172, 172, 197, 198, 173, 173, 198, 199, 174, 174, 199, 200, 175, 176, 201, 202, 177, 177, 202, 203, 178, 178, 203, 204, 179, 179, 204, 205, 180, 180, 205, 206, 181, 181, 206, 207, 182, 182, 207, 208, 183, 183, 208, 209, 184, 184, 209, 210, 185, 185, 210, 211, 186, 186, 211, 212, 187, 187, 212, 213, 188, 188, 213, 214, 189, 189, 214, 215, 190, 190, 215, 216, 191, 191, 216, 217, 192, 192, 217, 218, 193, 193, 218, 219, 194, 194, 219, 220, 195, 195, 220, 221, 196, 196, 221, 222, 197, 197, 222, 223, 198, 198, 223, 224, 199, 199, 224, 225, 200, 201, 226, 227, 202, 202, 227, 228, 203, 203, 228, 229, 204, 204, 229, 230, 205, 205, 230, 231, 206, 206, 231, 232, 207, 207, 232, 233, 208, 208, 233, 234, 209, 209, 234, 235, 210, 210, 235, 236, 211, 211, 236, 237, 212, 212, 237, 238, 213, 213, 238, 239, 214, 214, 239, 240, 215, 215, 240, 241, 216, 216, 241, 242, 217, 217, 242, 243, 218, 218, 243, 244, 219, 219, 244, 245, 220, 220, 245, 246, 221, 221, 246, 247, 222, 222, 247, 248, 223, 223, 248, 249, 224, 224, 249, 250, 225, 226, 251, 252, 227, 227, 252, 253, 228, 228, 253, 254, 229, 229, 254, 255, 230, 230, 255, 256, 231, 231, 256, 257, 232, 232, 257, 258, 233, 233, 258, 259, 234, 234, 259, 260, 235, 235, 260, 261, 236, 236, 261, 262, 237, 237, 262, 263, 238, 238, 263, 264, 239, 239, 264, 265, 240, 240, 265, 266, 241, 241, 266, 267, 242, 242, 267, 268, 243, 243, 268, 269, 244, 244, 269, 270, 245, 245, 270, 271, 246, 246, 271, 272, 247, 247, 272, 273, 248, 248, 273, 274, 249, 249, 274, 275, 250, 251, 276, 277, 252, 252, 277, 278, 253, 253, 278, 279, 254, 254, 279, 280, 255, 255, 280, 281, 256, 256, 281, 282, 257, 257, 282, 283, 258, 258, 283, 284, 259, 259, 284, 285, 260, 260, 285, 286, 261, 261, 286, 287, 262, 262, 287, 288, 263, 263, 288, 289, 264, 264, 289, 290, 265, 265, 290, 291, 266, 266, 291, 292, 267, 267, 292, 293, 268, 268, 293, 294, 269, 269, 294, 295, 270, 270, 295, 296, 271, 271, 296, 297, 272, 272, 297, 298, 273, 273, 298, 299, 274, 274, 299, 300, 275, 276, 301, 302, 277, 277, 302, 303, 278, 278, 303, 304, 279, 279, 304, 305, 280, 280, 305, 306, 281, 281, 306, 307, 282, 282, 307, 308, 283, 283, 308, 309, 284, 284, 309, 310, 285, 285, 310, 311, 286, 286, 311, 312, 287, 287, 312, 313, 288, 288, 313, 314, 289, 289, 314, 315, 290, 290, 315, 316, 291, 291, 316, 317, 292, 292, 317, 318, 293, 293, 318, 319, 294, 294, 319, 320, 295, 295, 320, 321, 296, 296, 321, 322, 297, 297, 322, 323, 298, 298, 323, 324, 299, 299, 324, 325, 300, 301, 326, 327, 302, 302, 327, 328, 303, 303, 328, 329, 304, 304, 329, 330, 305, 305, 330, 331, 306, 306, 331, 332, 307, 307, 332, 333, 308, 308, 333, 334, 309, 309, 334, 335, 310, 310, 335, 336, 311, 311, 336, 337, 312, 312, 337, 338, 313, 313, 338, 339, 314, 314, 339, 340, 315, 315, 340, 341, 316, 316, 341, 342, 317, 317, 342, 343, 318, 318, 343, 344, 319, 319, 344, 345, 320, 320, 345, 346, 321, 321, 346, 347, 322, 322, 347, 348, 323, 323, 348, 349, 324, 324, 349, 350, 325, 326, 351, 352, 327, 327, 352, 353, 328, 328, 353, 354, 329, 329, 354, 355, 330, 330, 355, 356, 331, 331, 356, 357, 332, 332, 357, 358, 333, 333, 358, 359, 334, 334, 359, 360, 335, 335, 360, 361, 336, 336, 361, 362, 337, 337, 362, 363, 338, 338, 363, 364, 339, 339, 364, 365, 340, 340, 365, 366, 341, 341, 366, 367, 342, 342, 367, 368, 343, 343, 368, 369, 344, 344, 369, 370, 345, 345, 370, 371, 346, 346, 371, 372, 347, 347, 372, 373, 348, 348, 373, 374, 349, 349, 374, 375, 350, 0, 1, 2, 0, 2, 3, 0, 3, 4, 0, 4, 5, 0, 5, 6, 0, 6, 7, 0, 7, 8, 0, 8, 9, 0, 9, 10, 0, 10, 11, 0, 11, 12, 0, 12, 13, 0, 13, 14, 0, 14, 15, 0, 15, 16, 0, 16, 17, 0, 17, 18, 0, 18, 19, 0, 19, 20, 0, 20, 21, 0, 21, 22, 0, 22, 23, 0, 23, 24, 0, 24, 25, 0, 352, 351, 0, 353, 352, 0, 354, 353, 0, 355, 354, 0, 356, 355, 0, 357, 356, 0, 358, 357, 0, 359, 358, 0, 360, 359, 0, 361, 360, 0, 362, 361, 0, 363, 362, 0, 364, 363, 0, 365, 364, 0, 366, 365, 0, 367, 366, 0, 368, 367, 0, 369, 368, 0, 370, 369, 0, 371, 370, 0, 372, 371, 0, 373, 372, 0, 374, 373, 0, 375, 374, 0, 26, 1, 0, 51, 26, 0, 76, 51, 0, 101, 76, 0, 126, 101, 0, 151, 126, 0, 176, 151, 0, 201, 176, 0, 226, 201, 0, 251, 226, 0, 276, 251, 0, 301, 276, 0, 326, 301, 0, 351, 326, 0, 25, 50, 0, 50, 75, 0, 75, 100, 0, 100, 125, 0, 125, 150, 0, 150, 175, 0, 175, 200, 0, 200, 225, 0, 225, 250, 0, 250, 275, 0, 275, 300, 0, 300, 325, 0, 325, 350, 0, 350, 375]
                                rel material:binding = </AecoCctvLooks/Shell_recognise>
                                point3f[] points = [(0, 0, 0), (-7.0878797, -4.460602, -7.8445497), (-6.704728, -4.6030626, -8.095085), (-6.284227, -4.7458086, -8.346123), (-5.824185, -4.887098, -8.594598), (-5.3229537, -5.0248265, -8.836812), (-4.7796726, -5.1565413, -9.06845), (-4.194539, -5.279483, -9.284658), (-3.5690687, -5.3906765, -9.480207), (-2.906313, -5.487073, -9.649733), (-2.2109814, -5.5657306, -9.788063), (-1.4894277, -5.624032, -9.890594), (-0.749464, -5.659905, -9.95368), (0, -5.672016, -9.974979), (0.749464, -5.659905, -9.95368), (1.4894277, -5.624032, -9.890594), (2.2109814, -5.5657306, -9.788063), (2.906313, -5.487073, -9.649733), (3.5690687, -5.3906765, -9.480207), (4.194539, -5.279483, -9.284658), (4.7796726, -5.1565413, -9.06845), (5.3229537, -5.0248265, -8.836812), (5.824185, -4.887098, -8.594598), (6.284227, -4.7458086, -8.346123), (6.704728, -4.6030626, -8.095085), (7.0878797, -4.460602, -7.8445497), (-7.234378, -3.9023976, -8.006687), (-6.8525996, -4.032499, -8.273621), (-6.4318633, -4.1634026, -8.5422), (-5.9695945, -4.2935243, -8.8091755), (-5.4637494, -4.420917, -9.070552), (-4.913097, -4.5432734, -9.321594), (-4.3175297, -4.657959, -9.556899), (-3.678381, -4.7620974, -9.770564), (-2.998693, -4.8527017, -9.95646), (-2.2833898, -4.926862, -10.108617), (-1.5392851, -4.9819646, -10.221673), (-0.77488923, -5.0159273, -10.291355), (0, -5.0274034, -10.314901), (0.77488923, -5.0159273, -10.291355), (1.5392851, -4.9819646, -10.221673), (2.2833898, -4.926862, -10.108617), (2.998693, -4.8527017, -9.95646), (3.678381, -4.7620974, -9.770564), (4.3175297, -4.657959, -9.556899), (4.913097, -4.5432734, -9.321594), (5.4637494, -4.420917, -9.070552), (5.9695945, -4.2935243, -8.8091755), (6.4318633, -4.1634026, -8.5422), (6.8525996, -4.032499, -8.273621), (7.234378, -3.9023976, -8.006687), (-7.3656983, -3.3110292, -8.152027), (-6.9856696, -3.4256713, -8.434285), (-6.565262, -3.5414605, -8.719367), (-6.1015277, -3.6570122, -9.003865), (-5.592033, -3.7705967, -9.28352), (-5.0351686, -3.8801303, -9.553201), (-4.4305053, -3.983202, -9.806972), (-3.7791643, -4.0771446, -10.038266), (-3.0841463, -4.159157, -10.240187), (-2.3505523, -4.226482, -10.405947), (-1.5856256, -4.2766237, -10.5294), (-0.79855144, -4.307579, -10.605614), (0, -4.3180475, -10.63139), (0.79855144, -4.307579, -10.605614), (1.5856256, -4.2766237, -10.5294), (2.3505523, -4.226482, -10.405947), (3.0841463, -4.159157, -10.240187), (3.7791643, -4.0771446, -10.038266), (4.4305053, -3.983202, -9.806972), (5.0351686, -3.8801303, -9.553201), (5.592033, -3.7705967, -9.28352), (6.1015277, -3.6570122, -9.003865), (6.565262, -3.5414605, -8.719367), (6.9856696, -3.4256713, -8.434285), (7.3656983, -3.3110292, -8.152027), (-7.478631, -2.6894357, -8.277016), (-7.1005077, -2.785589, -8.572937), (-6.680805, -2.8830297, -8.872821), (-6.2162333, -2.98061, -9.173134), (-5.703993, -3.0768712, -9.469388), (-5.142112, -3.170033, -9.7561035), (-4.5298433, -3.2580087, -10.026857), (-3.868086, -3.338462, -10.274461), (-3.1597726, -3.408915, -10.491287), (-2.4101436, -3.4669054, -10.669759), (-1.6268216, -3.5101871, -10.802963), (-0.81961197, -3.5369477, -10.885321), (0, -3.5460048, -10.913195), (0.81961197, -3.5369477, -10.885321), (1.6268216, -3.5101871, -10.802963), (2.4101436, -3.4669054, -10.669759), (3.1597726, -3.408915, -10.491287), (3.868086, -3.338462, -10.274461), (4.5298433, -3.2580087, -10.026857), (5.142112, -3.170033, -9.7561035), (5.703993, -3.0768712, -9.469388), (6.2162333, -2.98061, -9.173134), (6.680805, -2.8830297, -8.872821), (7.1005077, -2.785589, -8.572937), (7.478631, -2.6894357, -8.277016), (-7.5701504, -2.0417607, -8.378305), (-7.1938496, -2.1166558, -8.685636), (-6.7750144, -2.1927636, -8.997941), (-6.310063, -2.2691998, -9.311596), (-5.7958784, -2.3448274, -9.62193), (-5.23017, -2.4182396, -9.923176), (-4.611901, -2.4877706, -10.208493), (-3.9417603, -2.5515366, -10.470156), (-3.2226, -2.607522, -10.69989), (-2.459761, -2.6537087, -10.889416), (-1.6611812, -2.6882436, -11.031129), (-0.8371963, -2.709623, -11.118858), (0, -2.7168636, -11.14857), (0.8371963, -2.709623, -11.118858), (1.6611812, -2.6882436, -11.031129), (2.459761, -2.6537087, -10.889416), (3.2226, -2.607522, -10.69989), (3.9417603, -2.5515366, -10.470156), (4.611901, -2.4877706, -10.208493), (5.23017, -2.4182396, -9.923176), (5.7958784, -2.3448274, -9.62193), (6.310063, -2.2691998, -9.311596), (6.7750144, -2.1927636, -8.997941), (7.1938496, -2.1166558, -8.685636), (7.5701504, -2.0417607, -8.378305), (-7.637618, -1.3733051, -8.452975), (-7.2628226, -1.4246333, -8.768911), (-6.8448, -1.4769001, -9.090624), (-6.3797464, -1.5295062, -9.414426), (-5.8642983, -1.581672, -9.735517), (-5.2959123, -1.6324245, -10.047909), (-4.6733217, -1.6806015, -10.344448), (-3.9970393, -1.7248794, -10.616988), (-3.2698426, -1.763832, -10.856749), (-2.497139, -1.7960225, -11.054889), (-1.687101, -1.8201258, -11.20325), (-0.8504728, -1.8350621, -11.295185), (0, -1.8401232, -11.326338), (0.8504728, -1.8350621, -11.295185), (1.687101, -1.8201258, -11.20325), (2.497139, -1.7960225, -11.054889), (3.2698426, -1.763832, -10.856749), (3.9970393, -1.7248794, -10.616988), (4.6733217, -1.6806015, -10.344448), (5.2959123, -1.6324245, -10.047909), (5.8642983, -1.581672, -9.735517), (6.3797464, -1.5295062, -9.414426), (6.8448, -1.4769001, -9.090624), (7.2628226, -1.4246333, -8.768911), (7.637618, -1.3733051, -8.452975), (-7.6789746, -0.6903707, -8.498748), (-7.3051705, -0.71647, -8.820041), (-6.8877215, -0.74308056, -9.147628), (-6.4226813, -0.7698998, -9.477784), (-5.9065323, -0.79653144, -9.805631), (-5.3365684, -0.8224782, -10.125045), (-4.7113733, -0.8471427, -10.428676), (-4.0313444, -0.8698417, -10.70811), (-3.2992055, -0.8898355, -10.954242), (-2.5204005, -0.90637654, -11.157868), (-1.7032477, -0.9187728, -11.310472), (-0.8587485, -0.92645925, -11.405095), (0, -0.9290646, -11.437168), (0.8587485, -0.92645925, -11.405095), (1.7032477, -0.9187728, -11.310472), (2.5204005, -0.90637654, -11.157868), (3.2992055, -0.8898355, -10.954242), (4.0313444, -0.8698417, -10.70811), (4.7113733, -0.8471427, -10.428676), (5.3365684, -0.8224782, -10.125045), (5.9065323, -0.79653144, -9.805631), (6.4226813, -0.7698998, -9.477784), (6.8877215, -0.74308056, -9.147628), (7.3051705, -0.71647, -8.820041), (7.6789746, -0.6903707, -8.498748), (-7.69291, 0, -8.514171), (-7.3194523, 0, -8.837284), (-6.902209, 0, -9.166869), (-6.4371867, 0, -9.499189), (-5.920814, 0, -9.82934), (-5.35033, 0, -10.1511545), (-4.724265, 0, -10.457212), (-4.042977, 0, -10.739009), (-3.3091705, 0, -10.987328), (-2.5283, 0, -11.192841), (-1.7087338, 0, -11.346903), (-0.8615612, 0, -11.442451), (0, 0, -11.474841), (0.8615612, 0, -11.442451), (1.7087338, 0, -11.346903), (2.5283, 0, -11.192841), (3.3091705, 0, -10.987328), (4.042977, 0, -10.739009), (4.724265, 0, -10.457212), (5.35033, 0, -10.1511545), (5.920814, 0, -9.82934), (6.4371867, 0, -9.499189), (6.902209, 0, -9.166869), (7.3194523, 0, -8.837284), (7.69291, 0, -8.514171), (-7.6789746, 0.6903707, -8.498748), (-7.3051705, 0.71647, -8.820041), (-6.8877215, 0.74308056, -9.147628), (-6.4226813, 0.7698998, -9.477784), (-5.9065323, 0.79653144, -9.805631), (-5.3365684, 0.8224782, -10.125045), (-4.7113733, 0.8471427, -10.428676), (-4.0313444, 0.8698417, -10.70811), (-3.2992055, 0.8898355, -10.954242), (-2.5204005, 0.90637654, -11.157868), (-1.7032477, 0.9187728, -11.310472), (-0.8587485, 0.92645925, -11.405095), (0, 0.9290646, -11.437168), (0.8587485, 0.92645925, -11.405095), (1.7032477, 0.9187728, -11.310472), (2.5204005, 0.90637654, -11.157868), (3.2992055, 0.8898355, -10.954242), (4.0313444, 0.8698417, -10.70811), (4.7113733, 0.8471427, -10.428676), (5.3365684, 0.8224782, -10.125045), (5.9065323, 0.79653144, -9.805631), (6.4226813, 0.7698998, -9.477784), (6.8877215, 0.74308056, -9.147628), (7.3051705, 0.71647, -8.820041), (7.6789746, 0.6903707, -8.498748), (-7.637618, 1.3733051, -8.452975), (-7.2628226, 1.4246333, -8.768911), (-6.8448, 1.4769001, -9.090624), (-6.3797464, 1.5295062, -9.414426), (-5.8642983, 1.581672, -9.735517), (-5.2959123, 1.6324245, -10.047909), (-4.6733217, 1.6806015, -10.344448), (-3.9970393, 1.7248794, -10.616988), (-3.2698426, 1.763832, -10.856749), (-2.497139, 1.7960225, -11.054889), (-1.687101, 1.8201258, -11.20325), (-0.8504728, 1.8350621, -11.295185), (0, 1.8401232, -11.326338), (0.8504728, 1.8350621, -11.295185), (1.687101, 1.8201258, -11.20325), (2.497139, 1.7960225, -11.054889), (3.2698426, 1.763832, -10.856749), (3.9970393, 1.7248794, -10.616988), (4.6733217, 1.6806015, -10.344448), (5.2959123, 1.6324245, -10.047909), (5.8642983, 1.581672, -9.735517), (6.3797464, 1.5295062, -9.414426), (6.8448, 1.4769001, -9.090624), (7.2628226, 1.4246333, -8.768911), (7.637618, 1.3733051, -8.452975), (-7.5701504, 2.0417607, -8.378305), (-7.1938496, 2.1166558, -8.685636), (-6.7750144, 2.1927636, -8.997941), (-6.310063, 2.2691998, -9.311596), (-5.7958784, 2.3448274, -9.62193), (-5.23017, 2.4182396, -9.923176), (-4.611901, 2.4877706, -10.208493), (-3.9417603, 2.5515366, -10.470156), (-3.2226, 2.607522, -10.69989), (-2.459761, 2.6537087, -10.889416), (-1.6611812, 2.6882436, -11.031129), (-0.8371963, 2.709623, -11.118858), (0, 2.7168636, -11.14857), (0.8371963, 2.709623, -11.118858), (1.6611812, 2.6882436, -11.031129), (2.459761, 2.6537087, -10.889416), (3.2226, 2.607522, -10.69989), (3.9417603, 2.5515366, -10.470156), (4.611901, 2.4877706, -10.208493), (5.23017, 2.4182396, -9.923176), (5.7958784, 2.3448274, -9.62193), (6.310063, 2.2691998, -9.311596), (6.7750144, 2.1927636, -8.997941), (7.1938496, 2.1166558, -8.685636), (7.5701504, 2.0417607, -8.378305), (-7.478631, 2.6894357, -8.277016), (-7.1005077, 2.785589, -8.572937), (-6.680805, 2.8830297, -8.872821), (-6.2162333, 2.98061, -9.173134), (-5.703993, 3.0768712, -9.469388), (-5.142112, 3.170033, -9.7561035), (-4.5298433, 3.2580087, -10.026857), (-3.868086, 3.338462, -10.274461), (-3.1597726, 3.408915, -10.491287), (-2.4101436, 3.4669054, -10.669759), (-1.6268216, 3.5101871, -10.802963), (-0.81961197, 3.5369477, -10.885321), (0, 3.5460048, -10.913195), (0.81961197, 3.5369477, -10.885321), (1.6268216, 3.5101871, -10.802963), (2.4101436, 3.4669054, -10.669759), (3.1597726, 3.408915, -10.491287), (3.868086, 3.338462, -10.274461), (4.5298433, 3.2580087, -10.026857), (5.142112, 3.170033, -9.7561035), (5.703993, 3.0768712, -9.469388), (6.2162333, 2.98061, -9.173134), (6.680805, 2.8830297, -8.872821), (7.1005077, 2.785589, -8.572937), (7.478631, 2.6894357, -8.277016), (-7.3656983, 3.3110292, -8.152027), (-6.9856696, 3.4256713, -8.434285), (-6.565262, 3.5414605, -8.719367), (-6.1015277, 3.6570122, -9.003865), (-5.592033, 3.7705967, -9.28352), (-5.0351686, 3.8801303, -9.553201), (-4.4305053, 3.983202, -9.806972), (-3.7791643, 4.0771446, -10.038266), (-3.0841463, 4.159157, -10.240187), (-2.3505523, 4.226482, -10.405947), (-1.5856256, 4.2766237, -10.5294), (-0.79855144, 4.307579, -10.605614), (0, 4.3180475, -10.63139), (0.79855144, 4.307579, -10.605614), (1.5856256, 4.2766237, -10.5294), (2.3505523, 4.226482, -10.405947), (3.0841463, 4.159157, -10.240187), (3.7791643, 4.0771446, -10.038266), (4.4305053, 3.983202, -9.806972), (5.0351686, 3.8801303, -9.553201), (5.592033, 3.7705967, -9.28352), (6.1015277, 3.6570122, -9.003865), (6.565262, 3.5414605, -8.719367), (6.9856696, 3.4256713, -8.434285), (7.3656983, 3.3110292, -8.152027), (-7.234378, 3.9023976, -8.006687), (-6.8525996, 4.032499, -8.273621), (-6.4318633, 4.1634026, -8.5422), (-5.9695945, 4.2935243, -8.8091755), (-5.4637494, 4.420917, -9.070552), (-4.913097, 4.5432734, -9.321594), (-4.3175297, 4.657959, -9.556899), (-3.678381, 4.7620974, -9.770564), (-2.998693, 4.8527017, -9.95646), (-2.2833898, 4.926862, -10.108617), (-1.5392851, 4.9819646, -10.221673), (-0.77488923, 5.0159273, -10.291355), (0, 5.0274034, -10.314901), (0.77488923, 5.0159273, -10.291355), (1.5392851, 4.9819646, -10.221673), (2.2833898, 4.926862, -10.108617), (2.998693, 4.8527017, -9.95646), (3.678381, 4.7620974, -9.770564), (4.3175297, 4.657959, -9.556899), (4.913097, 4.5432734, -9.321594), (5.4637494, 4.420917, -9.070552), (5.9695945, 4.2935243, -8.8091755), (6.4318633, 4.1634026, -8.5422), (6.8525996, 4.032499, -8.273621), (7.234378, 3.9023976, -8.006687), (-7.0878797, 4.460602, -7.8445497), (-6.704728, 4.6030626, -8.095085), (-6.284227, 4.7458086, -8.346123), (-5.824185, 4.887098, -8.594598), (-5.3229537, 5.0248265, -8.836812), (-4.7796726, 5.1565413, -9.06845), (-4.194539, 5.279483, -9.284658), (-3.5690687, 5.3906765, -9.480207), (-2.906313, 5.487073, -9.649733), (-2.2109814, 5.5657306, -9.788063), (-1.4894277, 5.624032, -9.890594), (-0.749464, 5.659905, -9.95368), (0, 5.672016, -9.974979), (0.749464, 5.659905, -9.95368), (1.4894277, 5.624032, -9.890594), (2.2109814, 5.5657306, -9.788063), (2.906313, 5.487073, -9.649733), (3.5690687, 5.3906765, -9.480207), (4.194539, 5.279483, -9.284658), (4.7796726, 5.1565413, -9.06845), (5.3229537, 5.0248265, -8.836812), (5.824185, 4.887098, -8.594598), (6.284227, 4.7458086, -8.346123), (6.704728, 4.6030626, -8.095085), (7.0878797, 4.460602, -7.8445497)]
                                color3f[] primvars:displayColor = [(0.18333334, 0.6166667, 0.56666666)] (
                                    interpolation = "constant"
                                )
                                float[] primvars:displayOpacity = [0.3] (
                                    interpolation = "constant"
                                )
                                uniform token purpose = "guide"
                                uniform token subdivisionScheme = "none"
                            }

                            def Mesh "Shell_observe" (
                                prepend apiSchemas = ["AecoDerivedGeometryAPI", "MaterialBindingAPI"]
                            )
                            {
                                uniform token aeco:derived:approx = "tessellated"
                                uniform token aeco:derived:role = "coverage"
                                string aeco:derived:source = "5c516ad4-57b5-5ffe-9468-cf14e42e9ae0"
                                string aeco:derived:stamp = "usdAecoCctv derive 0.5.3"
                                uniform bool doubleSided = 1
                                float3[] extent = [(-15.38582, -11.344032, -22.949682), (15.38582, 11.344032, 0)]
                                int[] faceVertexCounts = [4, 4, 4, 4, 4, 4, 4, 4, 4, 4, 4, 4, 4, 4, 4, 4, 4, 4, 4, 4, 4, 4, 4, 4, 4, 4, 4, 4, 4, 4, 4, 4, 4, 4, 4, 4, 4, 4, 4, 4, 4, 4, 4, 4, 4, 4, 4, 4, 4, 4, 4, 4, 4, 4, 4, 4, 4, 4, 4, 4, 4, 4, 4, 4, 4, 4, 4, 4, 4, 4, 4, 4, 4, 4, 4, 4, 4, 4, 4, 4, 4, 4, 4, 4, 4, 4, 4, 4, 4, 4, 4, 4, 4, 4, 4, 4, 4, 4, 4, 4, 4, 4, 4, 4, 4, 4, 4, 4, 4, 4, 4, 4, 4, 4, 4, 4, 4, 4, 4, 4, 4, 4, 4, 4, 4, 4, 4, 4, 4, 4, 4, 4, 4, 4, 4, 4, 4, 4, 4, 4, 4, 4, 4, 4, 4, 4, 4, 4, 4, 4, 4, 4, 4, 4, 4, 4, 4, 4, 4, 4, 4, 4, 4, 4, 4, 4, 4, 4, 4, 4, 4, 4, 4, 4, 4, 4, 4, 4, 4, 4, 4, 4, 4, 4, 4, 4, 4, 4, 4, 4, 4, 4, 4, 4, 4, 4, 4, 4, 4, 4, 4, 4, 4, 4, 4, 4, 4, 4, 4, 4, 4, 4, 4, 4, 4, 4, 4, 4, 4, 4, 4, 4, 4, 4, 4, 4, 4, 4, 4, 4, 4, 4, 4, 4, 4, 4, 4, 4, 4, 4, 4, 4, 4, 4, 4, 4, 4, 4, 4, 4, 4, 4, 4, 4, 4, 4, 4, 4, 4, 4, 4, 4, 4, 4, 4, 4, 4, 4, 4, 4, 4, 4, 4, 4, 4, 4, 4, 4, 4, 4, 4, 4, 4, 4, 4, 4, 4, 4, 4, 4, 4, 4, 4, 4, 4, 4, 4, 4, 4, 4, 4, 4, 4, 4, 4, 4, 4, 4, 4, 4, 4, 4, 4, 4, 4, 4, 4, 4, 4, 4, 4, 4, 4, 4, 4, 4, 4, 4, 4, 4, 4, 4, 4, 4, 4, 4, 3, 3, 3, 3, 3, 3, 3, 3, 3, 3, 3, 3, 3, 3, 3, 3, 3, 3, 3, 3, 3, 3, 3, 3, 3, 3, 3, 3, 3, 3, 3, 3, 3, 3, 3, 3, 3, 3, 3, 3, 3, 3, 3, 3, 3, 3, 3, 3, 3, 3, 3, 3, 3, 3, 3, 3, 3, 3, 3, 3, 3, 3, 3, 3, 3, 3, 3, 3, 3, 3, 3, 3, 3, 3, 3, 3]
                                int[] faceVertexIndices = [1, 26, 27, 2, 2, 27, 28, 3, 3, 28, 29, 4, 4, 29, 30, 5, 5, 30, 31, 6, 6, 31, 32, 7, 7, 32, 33, 8, 8, 33, 34, 9, 9, 34, 35, 10, 10, 35, 36, 11, 11, 36, 37, 12, 12, 37, 38, 13, 13, 38, 39, 14, 14, 39, 40, 15, 15, 40, 41, 16, 16, 41, 42, 17, 17, 42, 43, 18, 18, 43, 44, 19, 19, 44, 45, 20, 20, 45, 46, 21, 21, 46, 47, 22, 22, 47, 48, 23, 23, 48, 49, 24, 24, 49, 50, 25, 26, 51, 52, 27, 27, 52, 53, 28, 28, 53, 54, 29, 29, 54, 55, 30, 30, 55, 56, 31, 31, 56, 57, 32, 32, 57, 58, 33, 33, 58, 59, 34, 34, 59, 60, 35, 35, 60, 61, 36, 36, 61, 62, 37, 37, 62, 63, 38, 38, 63, 64, 39, 39, 64, 65, 40, 40, 65, 66, 41, 41, 66, 67, 42, 42, 67, 68, 43, 43, 68, 69, 44, 44, 69, 70, 45, 45, 70, 71, 46, 46, 71, 72, 47, 47, 72, 73, 48, 48, 73, 74, 49, 49, 74, 75, 50, 51, 76, 77, 52, 52, 77, 78, 53, 53, 78, 79, 54, 54, 79, 80, 55, 55, 80, 81, 56, 56, 81, 82, 57, 57, 82, 83, 58, 58, 83, 84, 59, 59, 84, 85, 60, 60, 85, 86, 61, 61, 86, 87, 62, 62, 87, 88, 63, 63, 88, 89, 64, 64, 89, 90, 65, 65, 90, 91, 66, 66, 91, 92, 67, 67, 92, 93, 68, 68, 93, 94, 69, 69, 94, 95, 70, 70, 95, 96, 71, 71, 96, 97, 72, 72, 97, 98, 73, 73, 98, 99, 74, 74, 99, 100, 75, 76, 101, 102, 77, 77, 102, 103, 78, 78, 103, 104, 79, 79, 104, 105, 80, 80, 105, 106, 81, 81, 106, 107, 82, 82, 107, 108, 83, 83, 108, 109, 84, 84, 109, 110, 85, 85, 110, 111, 86, 86, 111, 112, 87, 87, 112, 113, 88, 88, 113, 114, 89, 89, 114, 115, 90, 90, 115, 116, 91, 91, 116, 117, 92, 92, 117, 118, 93, 93, 118, 119, 94, 94, 119, 120, 95, 95, 120, 121, 96, 96, 121, 122, 97, 97, 122, 123, 98, 98, 123, 124, 99, 99, 124, 125, 100, 101, 126, 127, 102, 102, 127, 128, 103, 103, 128, 129, 104, 104, 129, 130, 105, 105, 130, 131, 106, 106, 131, 132, 107, 107, 132, 133, 108, 108, 133, 134, 109, 109, 134, 135, 110, 110, 135, 136, 111, 111, 136, 137, 112, 112, 137, 138, 113, 113, 138, 139, 114, 114, 139, 140, 115, 115, 140, 141, 116, 116, 141, 142, 117, 117, 142, 143, 118, 118, 143, 144, 119, 119, 144, 145, 120, 120, 145, 146, 121, 121, 146, 147, 122, 122, 147, 148, 123, 123, 148, 149, 124, 124, 149, 150, 125, 126, 151, 152, 127, 127, 152, 153, 128, 128, 153, 154, 129, 129, 154, 155, 130, 130, 155, 156, 131, 131, 156, 157, 132, 132, 157, 158, 133, 133, 158, 159, 134, 134, 159, 160, 135, 135, 160, 161, 136, 136, 161, 162, 137, 137, 162, 163, 138, 138, 163, 164, 139, 139, 164, 165, 140, 140, 165, 166, 141, 141, 166, 167, 142, 142, 167, 168, 143, 143, 168, 169, 144, 144, 169, 170, 145, 145, 170, 171, 146, 146, 171, 172, 147, 147, 172, 173, 148, 148, 173, 174, 149, 149, 174, 175, 150, 151, 176, 177, 152, 152, 177, 178, 153, 153, 178, 179, 154, 154, 179, 180, 155, 155, 180, 181, 156, 156, 181, 182, 157, 157, 182, 183, 158, 158, 183, 184, 159, 159, 184, 185, 160, 160, 185, 186, 161, 161, 186, 187, 162, 162, 187, 188, 163, 163, 188, 189, 164, 164, 189, 190, 165, 165, 190, 191, 166, 166, 191, 192, 167, 167, 192, 193, 168, 168, 193, 194, 169, 169, 194, 195, 170, 170, 195, 196, 171, 171, 196, 197, 172, 172, 197, 198, 173, 173, 198, 199, 174, 174, 199, 200, 175, 176, 201, 202, 177, 177, 202, 203, 178, 178, 203, 204, 179, 179, 204, 205, 180, 180, 205, 206, 181, 181, 206, 207, 182, 182, 207, 208, 183, 183, 208, 209, 184, 184, 209, 210, 185, 185, 210, 211, 186, 186, 211, 212, 187, 187, 212, 213, 188, 188, 213, 214, 189, 189, 214, 215, 190, 190, 215, 216, 191, 191, 216, 217, 192, 192, 217, 218, 193, 193, 218, 219, 194, 194, 219, 220, 195, 195, 220, 221, 196, 196, 221, 222, 197, 197, 222, 223, 198, 198, 223, 224, 199, 199, 224, 225, 200, 201, 226, 227, 202, 202, 227, 228, 203, 203, 228, 229, 204, 204, 229, 230, 205, 205, 230, 231, 206, 206, 231, 232, 207, 207, 232, 233, 208, 208, 233, 234, 209, 209, 234, 235, 210, 210, 235, 236, 211, 211, 236, 237, 212, 212, 237, 238, 213, 213, 238, 239, 214, 214, 239, 240, 215, 215, 240, 241, 216, 216, 241, 242, 217, 217, 242, 243, 218, 218, 243, 244, 219, 219, 244, 245, 220, 220, 245, 246, 221, 221, 246, 247, 222, 222, 247, 248, 223, 223, 248, 249, 224, 224, 249, 250, 225, 226, 251, 252, 227, 227, 252, 253, 228, 228, 253, 254, 229, 229, 254, 255, 230, 230, 255, 256, 231, 231, 256, 257, 232, 232, 257, 258, 233, 233, 258, 259, 234, 234, 259, 260, 235, 235, 260, 261, 236, 236, 261, 262, 237, 237, 262, 263, 238, 238, 263, 264, 239, 239, 264, 265, 240, 240, 265, 266, 241, 241, 266, 267, 242, 242, 267, 268, 243, 243, 268, 269, 244, 244, 269, 270, 245, 245, 270, 271, 246, 246, 271, 272, 247, 247, 272, 273, 248, 248, 273, 274, 249, 249, 274, 275, 250, 251, 276, 277, 252, 252, 277, 278, 253, 253, 278, 279, 254, 254, 279, 280, 255, 255, 280, 281, 256, 256, 281, 282, 257, 257, 282, 283, 258, 258, 283, 284, 259, 259, 284, 285, 260, 260, 285, 286, 261, 261, 286, 287, 262, 262, 287, 288, 263, 263, 288, 289, 264, 264, 289, 290, 265, 265, 290, 291, 266, 266, 291, 292, 267, 267, 292, 293, 268, 268, 293, 294, 269, 269, 294, 295, 270, 270, 295, 296, 271, 271, 296, 297, 272, 272, 297, 298, 273, 273, 298, 299, 274, 274, 299, 300, 275, 276, 301, 302, 277, 277, 302, 303, 278, 278, 303, 304, 279, 279, 304, 305, 280, 280, 305, 306, 281, 281, 306, 307, 282, 282, 307, 308, 283, 283, 308, 309, 284, 284, 309, 310, 285, 285, 310, 311, 286, 286, 311, 312, 287, 287, 312, 313, 288, 288, 313, 314, 289, 289, 314, 315, 290, 290, 315, 316, 291, 291, 316, 317, 292, 292, 317, 318, 293, 293, 318, 319, 294, 294, 319, 320, 295, 295, 320, 321, 296, 296, 321, 322, 297, 297, 322, 323, 298, 298, 323, 324, 299, 299, 324, 325, 300, 301, 326, 327, 302, 302, 327, 328, 303, 303, 328, 329, 304, 304, 329, 330, 305, 305, 330, 331, 306, 306, 331, 332, 307, 307, 332, 333, 308, 308, 333, 334, 309, 309, 334, 335, 310, 310, 335, 336, 311, 311, 336, 337, 312, 312, 337, 338, 313, 313, 338, 339, 314, 314, 339, 340, 315, 315, 340, 341, 316, 316, 341, 342, 317, 317, 342, 343, 318, 318, 343, 344, 319, 319, 344, 345, 320, 320, 345, 346, 321, 321, 346, 347, 322, 322, 347, 348, 323, 323, 348, 349, 324, 324, 349, 350, 325, 326, 351, 352, 327, 327, 352, 353, 328, 328, 353, 354, 329, 329, 354, 355, 330, 330, 355, 356, 331, 331, 356, 357, 332, 332, 357, 358, 333, 333, 358, 359, 334, 334, 359, 360, 335, 335, 360, 361, 336, 336, 361, 362, 337, 337, 362, 363, 338, 338, 363, 364, 339, 339, 364, 365, 340, 340, 365, 366, 341, 341, 366, 367, 342, 342, 367, 368, 343, 343, 368, 369, 344, 344, 369, 370, 345, 345, 370, 371, 346, 346, 371, 372, 347, 347, 372, 373, 348, 348, 373, 374, 349, 349, 374, 375, 350, 0, 1, 2, 0, 2, 3, 0, 3, 4, 0, 4, 5, 0, 5, 6, 0, 6, 7, 0, 7, 8, 0, 8, 9, 0, 9, 10, 0, 10, 11, 0, 11, 12, 0, 12, 13, 0, 13, 14, 0, 14, 15, 0, 15, 16, 0, 16, 17, 0, 17, 18, 0, 18, 19, 0, 19, 20, 0, 20, 21, 0, 21, 22, 0, 22, 23, 0, 23, 24, 0, 24, 25, 0, 352, 351, 0, 353, 352, 0, 354, 353, 0, 355, 354, 0, 356, 355, 0, 357, 356, 0, 358, 357, 0, 359, 358, 0, 360, 359, 0, 361, 360, 0, 362, 361, 0, 363, 362, 0, 364, 363, 0, 365, 364, 0, 366, 365, 0, 367, 366, 0, 368, 367, 0, 369, 368, 0, 370, 369, 0, 371, 370, 0, 372, 371, 0, 373, 372, 0, 374, 373, 0, 375, 374, 0, 26, 1, 0, 51, 26, 0, 76, 51, 0, 101, 76, 0, 126, 101, 0, 151, 126, 0, 176, 151, 0, 201, 176, 0, 226, 201, 0, 251, 226, 0, 276, 251, 0, 301, 276, 0, 326, 301, 0, 351, 326, 0, 25, 50, 0, 50, 75, 0, 75, 100, 0, 100, 125, 0, 125, 150, 0, 150, 175, 0, 175, 200, 0, 200, 225, 0, 225, 250, 0, 250, 275, 0, 275, 300, 0, 300, 325, 0, 325, 350, 0, 350, 375]
                                rel material:binding = </AecoCctvLooks/Shell_observe>
                                point3f[] points = [(0, 0, 0), (-14.175759, -8.921204, -15.689099), (-13.409456, -9.206125, -16.19017), (-12.568454, -9.491617, -16.692245), (-11.64837, -9.774196, -17.189196), (-10.645907, -10.049653, -17.673624), (-9.559345, -10.313083, -18.1369), (-8.389078, -10.558966, -18.569317), (-7.1381373, -10.781353, -18.960415), (-5.812626, -10.974146, -19.299465), (-4.4219627, -11.131461, -19.576126), (-2.9788554, -11.248064, -19.781187), (-1.498928, -11.31981, -19.90736), (0, -11.344032, -19.949959), (1.498928, -11.31981, -19.90736), (2.9788554, -11.248064, -19.781187), (4.4219627, -11.131461, -19.576126), (5.812626, -10.974146, -19.299465), (7.1381373, -10.781353, -18.960415), (8.389078, -10.558966, -18.569317), (9.559345, -10.313083, -18.1369), (10.645907, -10.049653, -17.673624), (11.64837, -9.774196, -17.189196), (12.568454, -9.491617, -16.692245), (13.409456, -9.206125, -16.19017), (14.175759, -8.921204, -15.689099), (-14.468756, -7.8047953, -16.013374), (-13.705199, -8.064998, -16.547241), (-12.863727, -8.326805, -17.0844), (-11.939189, -8.587049, -17.618351), (-10.927499, -8.841834, -18.141104), (-9.826194, -9.086547, -18.643188), (-8.635059, -9.315918, -19.113798), (-7.356762, -9.524195, -19.541128), (-5.997386, -9.705403, -19.91292), (-4.5667796, -9.853724, -20.217234), (-3.0785701, -9.963929, -20.443346), (-1.5497785, -10.031855, -20.58271), (0, -10.054807, -20.629803), (1.5497785, -10.031855, -20.58271), (3.0785701, -9.963929, -20.443346), (4.5667796, -9.853724, -20.217234), (5.997386, -9.705403, -19.91292), (7.356762, -9.524195, -19.541128), (8.635059, -9.315918, -19.113798), (9.826194, -9.086547, -18.643188), (10.927499, -8.841834, -18.141104), (11.939189, -8.587049, -17.618351), (12.863727, -8.326805, -17.0844), (13.705199, -8.064998, -16.547241), (14.468756, -7.8047953, -16.013374), (-14.731397, -6.6220584, -16.304054), (-13.971339, -6.8513427, -16.86857), (-13.130524, -7.082921, -17.438734), (-12.203055, -7.3140244, -18.00773), (-11.184066, -7.5411935, -18.56704), (-10.070337, -7.7602606, -19.106401), (-8.861011, -7.966404, -19.613943), (-7.5583286, -8.154289, -20.076532), (-6.1682925, -8.318314, -20.480373), (-4.7011046, -8.452964, -20.811893), (-3.1712513, -8.553247, -21.0588), (-1.5971029, -8.615158, -21.211227), (0, -8.636095, -21.26278), (1.5971029, -8.615158, -21.211227), (3.1712513, -8.553247, -21.0588), (4.7011046, -8.452964, -20.811893), (6.1682925, -8.318314, -20.480373), (7.5583286, -8.154289, -20.076532), (8.861011, -7.966404, -19.613943), (10.070337, -7.7602606, -19.106401), (11.184066, -7.5411935, -18.56704), (12.203055, -7.3140244, -18.00773), (13.130524, -7.082921, -17.438734), (13.971339, -6.8513427, -16.86857), (14.731397, -6.6220584, -16.304054), (-14.957262, -5.3788714, -16.554031), (-14.201015, -5.571178, -17.145874), (-13.36161, -5.7660594, -17.745642), (-12.4324665, -5.96122, -18.346268), (-11.407986, -6.1537423, -18.938776), (-10.284224, -6.340066, -19.512207), (-9.059687, -6.5160174, -20.053715), (-7.736172, -6.676924, -20.548922), (-6.3195453, -6.81783, -20.982574), (-4.820287, -6.9338107, -21.339518), (-3.2536433, -7.0203743, -21.605927), (-1.6392239, -7.0738955, -21.770641), (0, -7.0920095, -21.82639), (1.6392239, -7.0738955, -21.770641), (3.2536433, -7.0203743, -21.605927), (4.820287, -6.9338107, -21.339518), (6.3195453, -6.81783, -20.982574), (7.736172, -6.676924, -20.548922), (9.059687, -6.5160174, -20.053715), (10.284224, -6.340066, -19.512207), (11.407986, -6.1537423, -18.938776), (12.4324665, -5.96122, -18.346268), (13.36161, -5.7660594, -17.745642), (14.201015, -5.571178, -17.145874), (14.957262, -5.3788714, -16.554031), (-15.140301, -4.0835214, -16.75661), (-14.387699, -4.2333117, -17.371271), (-13.550029, -4.385527, -17.995882), (-12.620126, -4.5383997, -18.623192), (-11.591757, -4.689655, -19.24386), (-10.46034, -4.836479, -19.846352), (-9.223802, -4.975541, -20.416986), (-7.8835206, -5.103073, -20.940311), (-6.4452, -5.215044, -21.39978), (-4.919522, -5.3074174, -21.778831), (-3.3223624, -5.3764873, -22.062258), (-1.6743926, -5.419246, -22.237717), (0, -5.4337273, -22.29714), (1.6743926, -5.419246, -22.237717), (3.3223624, -5.3764873, -22.062258), (4.919522, -5.3074174, -21.778831), (6.4452, -5.215044, -21.39978), (7.8835206, -5.103073, -20.940311), (9.223802, -4.975541, -20.416986), (10.46034, -4.836479, -19.846352), (11.591757, -4.689655, -19.24386), (12.620126, -4.5383997, -18.623192), (13.550029, -4.385527, -17.995882), (14.387699, -4.2333117, -17.371271), (15.140301, -4.0835214, -16.75661), (-15.275236, -2.7466102, -16.90595), (-14.525645, -2.8492665, -17.537823), (-13.6896, -2.9538002, -18.181248), (-12.759493, -3.0590124, -18.828852), (-11.728597, -3.163344, -19.471033), (-10.591825, -3.264849, -20.095818), (-9.346643, -3.361203, -20.688896), (-7.9940786, -3.4497588, -21.233976), (-6.5396852, -3.527664, -21.713497), (-4.994278, -3.592045, -22.109777), (-3.374202, -3.6402516, -22.4065), (-1.7009456, -3.6701243, -22.59037), (0, -3.6802464, -22.652676), (1.7009456, -3.6701243, -22.59037), (3.374202, -3.6402516, -22.4065), (4.994278, -3.592045, -22.109777), (6.5396852, -3.527664, -21.713497), (7.9940786, -3.4497588, -21.233976), (9.346643, -3.361203, -20.688896), (10.591825, -3.264849, -20.095818), (11.728597, -3.163344, -19.471033), (12.759493, -3.0590124, -18.828852), (13.6896, -2.9538002, -18.181248), (14.525645, -2.8492665, -17.537823), (15.275236, -2.7466102, -16.90595), (-15.357949, -1.3807414, -16.997496), (-14.610341, -1.43294, -17.640081), (-13.775443, -1.4861611, -18.295256), (-12.845363, -1.5397996, -18.955568), (-11.813065, -1.5930629, -19.611261), (-10.673137, -1.6449564, -20.25009), (-9.422747, -1.6942854, -20.857351), (-8.062689, -1.7396834, -21.41622), (-6.598411, -1.779671, -21.908484), (-5.040801, -1.8127531, -22.315737), (-3.4064953, -1.8375456, -22.620943), (-1.717497, -1.8529185, -22.81019), (0, -1.8581291, -22.874336), (1.717497, -1.8529185, -22.81019), (3.4064953, -1.8375456, -22.620943), (5.040801, -1.8127531, -22.315737), (6.598411, -1.779671, -21.908484), (8.062689, -1.7396834, -21.41622), (9.422747, -1.6942854, -20.857351), (10.673137, -1.6449564, -20.25009), (11.813065, -1.5930629, -19.611261), (12.845363, -1.5397996, -18.955568), (13.775443, -1.4861611, -18.295256), (14.610341, -1.43294, -17.640081), (15.357949, -1.3807414, -16.997496), (-15.38582, 0, -17.028341), (-14.638905, 0, -17.674568), (-13.804418, 0, -18.333738), (-12.874373, 0, -18.998379), (-11.841628, 0, -19.65868), (-10.70066, 0, -20.302309), (-9.44853, 0, -20.914425), (-8.085954, 0, -21.478018), (-6.618341, 0, -21.974655), (-5.0566, 0, -22.385681), (-3.4174676, 0, -22.693806), (-1.7231224, 0, -22.884901), (0, 0, -22.949682), (1.7231224, 0, -22.884901), (3.4174676, 0, -22.693806), (5.0566, 0, -22.385681), (6.618341, 0, -21.974655), (8.085954, 0, -21.478018), (9.44853, 0, -20.914425), (10.70066, 0, -20.302309), (11.841628, 0, -19.65868), (12.874373, 0, -18.998379), (13.804418, 0, -18.333738), (14.638905, 0, -17.674568), (15.38582, 0, -17.028341), (-15.357949, 1.3807414, -16.997496), (-14.610341, 1.43294, -17.640081), (-13.775443, 1.4861611, -18.295256), (-12.845363, 1.5397996, -18.955568), (-11.813065, 1.5930629, -19.611261), (-10.673137, 1.6449564, -20.25009), (-9.422747, 1.6942854, -20.857351), (-8.062689, 1.7396834, -21.41622), (-6.598411, 1.779671, -21.908484), (-5.040801, 1.8127531, -22.315737), (-3.4064953, 1.8375456, -22.620943), (-1.717497, 1.8529185, -22.81019), (0, 1.8581291, -22.874336), (1.717497, 1.8529185, -22.81019), (3.4064953, 1.8375456, -22.620943), (5.040801, 1.8127531, -22.315737), (6.598411, 1.779671, -21.908484), (8.062689, 1.7396834, -21.41622), (9.422747, 1.6942854, -20.857351), (10.673137, 1.6449564, -20.25009), (11.813065, 1.5930629, -19.611261), (12.845363, 1.5397996, -18.955568), (13.775443, 1.4861611, -18.295256), (14.610341, 1.43294, -17.640081), (15.357949, 1.3807414, -16.997496), (-15.275236, 2.7466102, -16.90595), (-14.525645, 2.8492665, -17.537823), (-13.6896, 2.9538002, -18.181248), (-12.759493, 3.0590124, -18.828852), (-11.728597, 3.163344, -19.471033), (-10.591825, 3.264849, -20.095818), (-9.346643, 3.361203, -20.688896), (-7.9940786, 3.4497588, -21.233976), (-6.5396852, 3.527664, -21.713497), (-4.994278, 3.592045, -22.109777), (-3.374202, 3.6402516, -22.4065), (-1.7009456, 3.6701243, -22.59037), (0, 3.6802464, -22.652676), (1.7009456, 3.6701243, -22.59037), (3.374202, 3.6402516, -22.4065), (4.994278, 3.592045, -22.109777), (6.5396852, 3.527664, -21.713497), (7.9940786, 3.4497588, -21.233976), (9.346643, 3.361203, -20.688896), (10.591825, 3.264849, -20.095818), (11.728597, 3.163344, -19.471033), (12.759493, 3.0590124, -18.828852), (13.6896, 2.9538002, -18.181248), (14.525645, 2.8492665, -17.537823), (15.275236, 2.7466102, -16.90595), (-15.140301, 4.0835214, -16.75661), (-14.387699, 4.2333117, -17.371271), (-13.550029, 4.385527, -17.995882), (-12.620126, 4.5383997, -18.623192), (-11.591757, 4.689655, -19.24386), (-10.46034, 4.836479, -19.846352), (-9.223802, 4.975541, -20.416986), (-7.8835206, 5.103073, -20.940311), (-6.4452, 5.215044, -21.39978), (-4.919522, 5.3074174, -21.778831), (-3.3223624, 5.3764873, -22.062258), (-1.6743926, 5.419246, -22.237717), (0, 5.4337273, -22.29714), (1.6743926, 5.419246, -22.237717), (3.3223624, 5.3764873, -22.062258), (4.919522, 5.3074174, -21.778831), (6.4452, 5.215044, -21.39978), (7.8835206, 5.103073, -20.940311), (9.223802, 4.975541, -20.416986), (10.46034, 4.836479, -19.846352), (11.591757, 4.689655, -19.24386), (12.620126, 4.5383997, -18.623192), (13.550029, 4.385527, -17.995882), (14.387699, 4.2333117, -17.371271), (15.140301, 4.0835214, -16.75661), (-14.957262, 5.3788714, -16.554031), (-14.201015, 5.571178, -17.145874), (-13.36161, 5.7660594, -17.745642), (-12.4324665, 5.96122, -18.346268), (-11.407986, 6.1537423, -18.938776), (-10.284224, 6.340066, -19.512207), (-9.059687, 6.5160174, -20.053715), (-7.736172, 6.676924, -20.548922), (-6.3195453, 6.81783, -20.982574), (-4.820287, 6.9338107, -21.339518), (-3.2536433, 7.0203743, -21.605927), (-1.6392239, 7.0738955, -21.770641), (0, 7.0920095, -21.82639), (1.6392239, 7.0738955, -21.770641), (3.2536433, 7.0203743, -21.605927), (4.820287, 6.9338107, -21.339518), (6.3195453, 6.81783, -20.982574), (7.736172, 6.676924, -20.548922), (9.059687, 6.5160174, -20.053715), (10.284224, 6.340066, -19.512207), (11.407986, 6.1537423, -18.938776), (12.4324665, 5.96122, -18.346268), (13.36161, 5.7660594, -17.745642), (14.201015, 5.571178, -17.145874), (14.957262, 5.3788714, -16.554031), (-14.731397, 6.6220584, -16.304054), (-13.971339, 6.8513427, -16.86857), (-13.130524, 7.082921, -17.438734), (-12.203055, 7.3140244, -18.00773), (-11.184066, 7.5411935, -18.56704), (-10.070337, 7.7602606, -19.106401), (-8.861011, 7.966404, -19.613943), (-7.5583286, 8.154289, -20.076532), (-6.1682925, 8.318314, -20.480373), (-4.7011046, 8.452964, -20.811893), (-3.1712513, 8.553247, -21.0588), (-1.5971029, 8.615158, -21.211227), (0, 8.636095, -21.26278), (1.5971029, 8.615158, -21.211227), (3.1712513, 8.553247, -21.0588), (4.7011046, 8.452964, -20.811893), (6.1682925, 8.318314, -20.480373), (7.5583286, 8.154289, -20.076532), (8.861011, 7.966404, -19.613943), (10.070337, 7.7602606, -19.106401), (11.184066, 7.5411935, -18.56704), (12.203055, 7.3140244, -18.00773), (13.130524, 7.082921, -17.438734), (13.971339, 6.8513427, -16.86857), (14.731397, 6.6220584, -16.304054), (-14.468756, 7.8047953, -16.013374), (-13.705199, 8.064998, -16.547241), (-12.863727, 8.326805, -17.0844), (-11.939189, 8.587049, -17.618351), (-10.927499, 8.841834, -18.141104), (-9.826194, 9.086547, -18.643188), (-8.635059, 9.315918, -19.113798), (-7.356762, 9.524195, -19.541128), (-5.997386, 9.705403, -19.91292), (-4.5667796, 9.853724, -20.217234), (-3.0785701, 9.963929, -20.443346), (-1.5497785, 10.031855, -20.58271), (0, 10.054807, -20.629803), (1.5497785, 10.031855, -20.58271), (3.0785701, 9.963929, -20.443346), (4.5667796, 9.853724, -20.217234), (5.997386, 9.705403, -19.91292), (7.356762, 9.524195, -19.541128), (8.635059, 9.315918, -19.113798), (9.826194, 9.086547, -18.643188), (10.927499, 8.841834, -18.141104), (11.939189, 8.587049, -17.618351), (12.863727, 8.326805, -17.0844), (13.705199, 8.064998, -16.547241), (14.468756, 7.8047953, -16.013374), (-14.175759, 8.921204, -15.689099), (-13.409456, 9.206125, -16.19017), (-12.568454, 9.491617, -16.692245), (-11.64837, 9.774196, -17.189196), (-10.645907, 10.049653, -17.673624), (-9.559345, 10.313083, -18.1369), (-8.389078, 10.558966, -18.569317), (-7.1381373, 10.781353, -18.960415), (-5.812626, 10.974146, -19.299465), (-4.4219627, 11.131461, -19.576126), (-2.9788554, 11.248064, -19.781187), (-1.498928, 11.31981, -19.90736), (0, 11.344032, -19.949959), (1.498928, 11.31981, -19.90736), (2.9788554, 11.248064, -19.781187), (4.4219627, 11.131461, -19.576126), (5.812626, 10.974146, -19.299465), (7.1381373, 10.781353, -18.960415), (8.389078, 10.558966, -18.569317), (9.559345, 10.313083, -18.1369), (10.645907, 10.049653, -17.673624), (11.64837, 9.774196, -17.189196), (12.568454, 9.491617, -16.692245), (13.409456, 9.206125, -16.19017), (14.175759, 8.921204, -15.689099)]
                                color3f[] primvars:displayColor = [(0.36666667, 0.73333335, 0.68333334)] (
                                    interpolation = "constant"
                                )
                                float[] primvars:displayOpacity = [0.3] (
                                    interpolation = "constant"
                                )
                                uniform token purpose = "guide"
                                uniform token subdivisionScheme = "none"
                            }
                        }
                    }
                }
            }
        }
    }
}

