#usda 1.0
(
    subLayers = [
        @derived.usda@
    ]
)

over "demo_datacentre_01"
{
    over "demo_datacentre_01_Site"
    {
        over "demo_datacentre_01"
        {
            over "L00_Ground"
            {
                over "door_hall_a_e" (
                    prepend apiSchemas = ["AecoCctvTargetAPI"]
                )
                {
                    double aeco:cctvTarget:gridSpacing = 0
                    double aeco:cctvTarget:passFraction = 1
                    double3[] aeco:cctvTarget:points = [(0.07500000298023224, -0.16500000655651093, 0.30000001192092896), (0.07500000298023224, -0.16500000655651093, 0.550000011920929), (0.07500000298023224, -0.16500000655651093, 0.800000011920929), (0.07500000298023224, -0.16500000655651093, 1.0499999523162842), (0.07500000298023224, -0.16500000655651093, 1.2999999523162842), (0.07500000298023224, -0.16500000655651093, 1.5499999523162842), (0.07500000298023224, -0.16500000655651093, 1.7999999523162842), (0.07500000298023224, -0.16500000655651093, 2.049999952316284), (0.32499998807907104, -0.16500000655651093, 0.30000001192092896), (0.32499998807907104, -0.16500000655651093, 0.550000011920929), (0.32499998807907104, -0.16500000655651093, 0.800000011920929), (0.32499998807907104, -0.16500000655651093, 1.0499999523162842), (0.32499998807907104, -0.16500000655651093, 1.2999999523162842), (0.32499998807907104, -0.16500000655651093, 1.5499999523162842), (0.32499998807907104, -0.16500000655651093, 1.7999999523162842), (0.32499998807907104, -0.16500000655651093, 2.049999952316284), (0.574999988079071, -0.16500000655651093, 0.30000001192092896), (0.574999988079071, -0.16500000655651093, 0.550000011920929), (0.574999988079071, -0.16500000655651093, 0.800000011920929), (0.574999988079071, -0.16500000655651093, 1.0499999523162842), (0.574999988079071, -0.16500000655651093, 1.2999999523162842), (0.574999988079071, -0.16500000655651093, 1.5499999523162842), (0.574999988079071, -0.16500000655651093, 1.7999999523162842), (0.574999988079071, -0.16500000655651093, 2.049999952316284), (0.824999988079071, -0.16500000655651093, 0.30000001192092896), (0.824999988079071, -0.16500000655651093, 0.550000011920929), (0.824999988079071, -0.16500000655651093, 0.800000011920929), (0.824999988079071, -0.16500000655651093, 1.0499999523162842), (0.824999988079071, -0.16500000655651093, 1.2999999523162842), (0.824999988079071, -0.16500000655651093, 1.5499999523162842), (0.824999988079071, -0.16500000655651093, 1.7999999523162842), (0.824999988079071, -0.16500000655651093, 2.049999952316284), (1.0750000476837158, -0.16500000655651093, 0.30000001192092896), (1.0750000476837158, -0.16500000655651093, 0.550000011920929), (1.0750000476837158, -0.16500000655651093, 0.800000011920929), (1.0750000476837158, -0.16500000655651093, 1.0499999523162842), (1.0750000476837158, -0.16500000655651093, 1.2999999523162842), (1.0750000476837158, -0.16500000655651093, 1.5499999523162842), (1.0750000476837158, -0.16500000655651093, 1.7999999523162842), (1.0750000476837158, -0.16500000655651093, 2.049999952316284), (1.3250000476837158, -0.16500000655651093, 0.30000001192092896), (1.3250000476837158, -0.16500000655651093, 0.550000011920929), (1.3250000476837158, -0.16500000655651093, 0.800000011920929), (1.3250000476837158, -0.16500000655651093, 1.0499999523162842), (1.3250000476837158, -0.16500000655651093, 1.2999999523162842), (1.3250000476837158, -0.16500000655651093, 1.5499999523162842), (1.3250000476837158, -0.16500000655651093, 1.7999999523162842), (1.3250000476837158, -0.16500000655651093, 2.049999952316284), (1.5750000476837158, -0.16500000655651093, 0.30000001192092896), (1.5750000476837158, -0.16500000655651093, 0.550000011920929), (1.5750000476837158, -0.16500000655651093, 0.800000011920929), (1.5750000476837158, -0.16500000655651093, 1.0499999523162842), (1.5750000476837158, -0.16500000655651093, 1.2999999523162842), (1.5750000476837158, -0.16500000655651093, 1.5499999523162842), (1.5750000476837158, -0.16500000655651093, 1.7999999523162842), (1.5750000476837158, -0.16500000655651093, 2.049999952316284), (1.8250000476837158, -0.16500000655651093, 0.30000001192092896), (1.8250000476837158, -0.16500000655651093, 0.550000011920929), (1.8250000476837158, -0.16500000655651093, 0.800000011920929), (1.8250000476837158, -0.16500000655651093, 1.0499999523162842), (1.8250000476837158, -0.16500000655651093, 1.2999999523162842), (1.8250000476837158, -0.16500000655651093, 1.5499999523162842), (1.8250000476837158, -0.16500000655651093, 1.7999999523162842), (1.8250000476837158, -0.16500000655651093, 2.049999952316284)]
                    double aeco:cctvTarget:requiredDensity = 250
                }

                over "door_hall_b_w" (
                    prepend apiSchemas = ["AecoCctvTargetAPI"]
                )
                {
                    double aeco:cctvTarget:gridSpacing = 0
                    double aeco:cctvTarget:passFraction = 1
                    double3[] aeco:cctvTarget:points = [(1.725000023841858, 0.25, 0.30000001192092896), (1.725000023841858, 0.25, 0.550000011920929), (1.725000023841858, 0.25, 0.800000011920929), (1.725000023841858, 0.25, 1.0499999523162842), (1.725000023841858, 0.25, 1.2999999523162842), (1.725000023841858, 0.25, 1.5499999523162842), (1.725000023841858, 0.25, 1.7999999523162842), (1.725000023841858, 0.25, 2.049999952316284), (1.475000023841858, 0.25, 0.30000001192092896), (1.475000023841858, 0.25, 0.550000011920929), (1.475000023841858, 0.25, 0.800000011920929), (1.475000023841858, 0.25, 1.0499999523162842), (1.475000023841858, 0.25, 1.2999999523162842), (1.475000023841858, 0.25, 1.5499999523162842), (1.475000023841858, 0.25, 1.7999999523162842), (1.475000023841858, 0.25, 2.049999952316284), (1.225000023841858, 0.25, 0.30000001192092896), (1.225000023841858, 0.25, 0.550000011920929), (1.225000023841858, 0.25, 0.800000011920929), (1.225000023841858, 0.25, 1.0499999523162842), (1.225000023841858, 0.25, 1.2999999523162842), (1.225000023841858, 0.25, 1.5499999523162842), (1.225000023841858, 0.25, 1.7999999523162842), (1.225000023841858, 0.25, 2.049999952316284), (0.9750000238418579, 0.25, 0.30000001192092896), (0.9750000238418579, 0.25, 0.550000011920929), (0.9750000238418579, 0.25, 0.800000011920929), (0.9750000238418579, 0.25, 1.0499999523162842), (0.9750000238418579, 0.25, 1.2999999523162842), (0.9750000238418579, 0.25, 1.5499999523162842), (0.9750000238418579, 0.25, 1.7999999523162842), (0.9750000238418579, 0.25, 2.049999952316284), (0.7250000238418579, 0.25, 0.30000001192092896), (0.7250000238418579, 0.25, 0.550000011920929), (0.7250000238418579, 0.25, 0.800000011920929), (0.7250000238418579, 0.25, 1.0499999523162842), (0.7250000238418579, 0.25, 1.2999999523162842), (0.7250000238418579, 0.25, 1.5499999523162842), (0.7250000238418579, 0.25, 1.7999999523162842), (0.7250000238418579, 0.25, 2.049999952316284), (0.4750000536441803, 0.25, 0.30000001192092896), (0.4750000536441803, 0.25, 0.550000011920929), (0.4750000536441803, 0.25, 0.800000011920929), (0.4750000536441803, 0.25, 1.0499999523162842), (0.4750000536441803, 0.25, 1.2999999523162842), (0.4750000536441803, 0.25, 1.5499999523162842), (0.4750000536441803, 0.25, 1.7999999523162842), (0.4750000536441803, 0.25, 2.049999952316284), (0.2250000536441803, 0.25, 0.30000001192092896), (0.2250000536441803, 0.25, 0.550000011920929), (0.2250000536441803, 0.25, 0.800000011920929), (0.2250000536441803, 0.25, 1.0499999523162842), (0.2250000536441803, 0.25, 1.2999999523162842), (0.2250000536441803, 0.25, 1.5499999523162842), (0.2250000536441803, 0.25, 1.7999999523162842), (0.2250000536441803, 0.25, 2.049999952316284), (-0.02499995194375515, 0.25, 0.30000001192092896), (-0.02499995194375515, 0.25, 0.550000011920929), (-0.02499995194375515, 0.25, 0.800000011920929), (-0.02499995194375515, 0.25, 1.0499999523162842), (-0.02499995194375515, 0.25, 1.2999999523162842), (-0.02499995194375515, 0.25, 1.5499999523162842), (-0.02499995194375515, 0.25, 1.7999999523162842), (-0.02499995194375515, 0.25, 2.049999952316284)]
                    double aeco:cctvTarget:requiredDensity = 250
                }

                over "door_hall_b_e" (
                    prepend apiSchemas = ["AecoCctvTargetAPI"]
                )
                {
                    double aeco:cctvTarget:gridSpacing = 0
                    double aeco:cctvTarget:passFraction = 1
                    double3[] aeco:cctvTarget:points = [(0.07500000298023224, -0.16500000655651093, 0.30000001192092896), (0.07500000298023224, -0.16500000655651093, 0.550000011920929), (0.07500000298023224, -0.16500000655651093, 0.800000011920929), (0.07500000298023224, -0.16500000655651093, 1.0499999523162842), (0.07500000298023224, -0.16500000655651093, 1.2999999523162842), (0.07500000298023224, -0.16500000655651093, 1.5499999523162842), (0.07500000298023224, -0.16500000655651093, 1.7999999523162842), (0.07500000298023224, -0.16500000655651093, 2.049999952316284), (0.32499998807907104, -0.16500000655651093, 0.30000001192092896), (0.32499998807907104, -0.16500000655651093, 0.550000011920929), (0.32499998807907104, -0.16500000655651093, 0.800000011920929), (0.32499998807907104, -0.16500000655651093, 1.0499999523162842), (0.32499998807907104, -0.16500000655651093, 1.2999999523162842), (0.32499998807907104, -0.16500000655651093, 1.5499999523162842), (0.32499998807907104, -0.16500000655651093, 1.7999999523162842), (0.32499998807907104, -0.16500000655651093, 2.049999952316284), (0.574999988079071, -0.16500000655651093, 0.30000001192092896), (0.574999988079071, -0.16500000655651093, 0.550000011920929), (0.574999988079071, -0.16500000655651093, 0.800000011920929), (0.574999988079071, -0.16500000655651093, 1.0499999523162842), (0.574999988079071, -0.16500000655651093, 1.2999999523162842), (0.574999988079071, -0.16500000655651093, 1.5499999523162842), (0.574999988079071, -0.16500000655651093, 1.7999999523162842), (0.574999988079071, -0.16500000655651093, 2.049999952316284), (0.824999988079071, -0.16500000655651093, 0.30000001192092896), (0.824999988079071, -0.16500000655651093, 0.550000011920929), (0.824999988079071, -0.16500000655651093, 0.800000011920929), (0.824999988079071, -0.16500000655651093, 1.0499999523162842), (0.824999988079071, -0.16500000655651093, 1.2999999523162842), (0.824999988079071, -0.16500000655651093, 1.5499999523162842), (0.824999988079071, -0.16500000655651093, 1.7999999523162842), (0.824999988079071, -0.16500000655651093, 2.049999952316284), (1.0750000476837158, -0.16500000655651093, 0.30000001192092896), (1.0750000476837158, -0.16500000655651093, 0.550000011920929), (1.0750000476837158, -0.16500000655651093, 0.800000011920929), (1.0750000476837158, -0.16500000655651093, 1.0499999523162842), (1.0750000476837158, -0.16500000655651093, 1.2999999523162842), (1.0750000476837158, -0.16500000655651093, 1.5499999523162842), (1.0750000476837158, -0.16500000655651093, 1.7999999523162842), (1.0750000476837158, -0.16500000655651093, 2.049999952316284), (1.3250000476837158, -0.16500000655651093, 0.30000001192092896), (1.3250000476837158, -0.16500000655651093, 0.550000011920929), (1.3250000476837158, -0.16500000655651093, 0.800000011920929), (1.3250000476837158, -0.16500000655651093, 1.0499999523162842), (1.3250000476837158, -0.16500000655651093, 1.2999999523162842), (1.3250000476837158, -0.16500000655651093, 1.5499999523162842), (1.3250000476837158, -0.16500000655651093, 1.7999999523162842), (1.3250000476837158, -0.16500000655651093, 2.049999952316284), (1.5750000476837158, -0.16500000655651093, 0.30000001192092896), (1.5750000476837158, -0.16500000655651093, 0.550000011920929), (1.5750000476837158, -0.16500000655651093, 0.800000011920929), (1.5750000476837158, -0.16500000655651093, 1.0499999523162842), (1.5750000476837158, -0.16500000655651093, 1.2999999523162842), (1.5750000476837158, -0.16500000655651093, 1.5499999523162842), (1.5750000476837158, -0.16500000655651093, 1.7999999523162842), (1.5750000476837158, -0.16500000655651093, 2.049999952316284), (1.8250000476837158, -0.16500000655651093, 0.30000001192092896), (1.8250000476837158, -0.16500000655651093, 0.550000011920929), (1.8250000476837158, -0.16500000655651093, 0.800000011920929), (1.8250000476837158, -0.16500000655651093, 1.0499999523162842), (1.8250000476837158, -0.16500000655651093, 1.2999999523162842), (1.8250000476837158, -0.16500000655651093, 1.5499999523162842), (1.8250000476837158, -0.16500000655651093, 1.7999999523162842), (1.8250000476837158, -0.16500000655651093, 2.049999952316284)]
                    double aeco:cctvTarget:requiredDensity = 250
                }

                over "door_mmr_1" (
                    prepend apiSchemas = ["AecoCctvTargetAPI"]
                )
                {
                    double aeco:cctvTarget:gridSpacing = 0
                    double aeco:cctvTarget:passFraction = 1
                    double3[] aeco:cctvTarget:points = [(0.824999988079071, 0.25, 0.30000001192092896), (0.824999988079071, 0.25, 0.550000011920929), (0.824999988079071, 0.25, 0.800000011920929), (0.824999988079071, 0.25, 1.0499999523162842), (0.824999988079071, 0.25, 1.2999999523162842), (0.824999988079071, 0.25, 1.5499999523162842), (0.824999988079071, 0.25, 1.7999999523162842), (0.824999988079071, 0.25, 2.049999952316284), (0.574999988079071, 0.25, 0.30000001192092896), (0.574999988079071, 0.25, 0.550000011920929), (0.574999988079071, 0.25, 0.800000011920929), (0.574999988079071, 0.25, 1.0499999523162842), (0.574999988079071, 0.25, 1.2999999523162842), (0.574999988079071, 0.25, 1.5499999523162842), (0.574999988079071, 0.25, 1.7999999523162842), (0.574999988079071, 0.25, 2.049999952316284), (0.32500001788139343, 0.25, 0.30000001192092896), (0.32500001788139343, 0.25, 0.550000011920929), (0.32500001788139343, 0.25, 0.800000011920929), (0.32500001788139343, 0.25, 1.0499999523162842), (0.32500001788139343, 0.25, 1.2999999523162842), (0.32500001788139343, 0.25, 1.5499999523162842), (0.32500001788139343, 0.25, 1.7999999523162842), (0.32500001788139343, 0.25, 2.049999952316284), (0.07500001043081284, 0.25, 0.30000001192092896), (0.07500001043081284, 0.25, 0.550000011920929), (0.07500001043081284, 0.25, 0.800000011920929), (0.07500001043081284, 0.25, 1.0499999523162842), (0.07500001043081284, 0.25, 1.2999999523162842), (0.07500001043081284, 0.25, 1.5499999523162842), (0.07500001043081284, 0.25, 1.7999999523162842), (0.07500001043081284, 0.25, 2.049999952316284)]
                    double aeco:cctvTarget:requiredDensity = 250
                }

                over "Office_Link" (
                    prepend apiSchemas = ["AecoCctvTargetAPI"]
                )
                {
                    double aeco:cctvTarget:gridSpacing = 0
                    double aeco:cctvTarget:passFraction = 1
                    double3[] aeco:cctvTarget:points = [(1.725000023841858, 0.25, 0.30000001192092896), (1.725000023841858, 0.25, 0.550000011920929), (1.725000023841858, 0.25, 0.800000011920929), (1.725000023841858, 0.25, 1.0499999523162842), (1.725000023841858, 0.25, 1.2999999523162842), (1.725000023841858, 0.25, 1.5499999523162842), (1.725000023841858, 0.25, 1.7999999523162842), (1.725000023841858, 0.25, 2.049999952316284), (1.475000023841858, 0.25, 0.30000001192092896), (1.475000023841858, 0.25, 0.550000011920929), (1.475000023841858, 0.25, 0.800000011920929), (1.475000023841858, 0.25, 1.0499999523162842), (1.475000023841858, 0.25, 1.2999999523162842), (1.475000023841858, 0.25, 1.5499999523162842), (1.475000023841858, 0.25, 1.7999999523162842), (1.475000023841858, 0.25, 2.049999952316284), (1.225000023841858, 0.25, 0.30000001192092896), (1.225000023841858, 0.25, 0.550000011920929), (1.225000023841858, 0.25, 0.800000011920929), (1.225000023841858, 0.25, 1.0499999523162842), (1.225000023841858, 0.25, 1.2999999523162842), (1.225000023841858, 0.25, 1.5499999523162842), (1.225000023841858, 0.25, 1.7999999523162842), (1.225000023841858, 0.25, 2.049999952316284), (0.9750000238418579, 0.25, 0.30000001192092896), (0.9750000238418579, 0.25, 0.550000011920929), (0.9750000238418579, 0.25, 0.800000011920929), (0.9750000238418579, 0.25, 1.0499999523162842), (0.9750000238418579, 0.25, 1.2999999523162842), (0.9750000238418579, 0.25, 1.5499999523162842), (0.9750000238418579, 0.25, 1.7999999523162842), (0.9750000238418579, 0.25, 2.049999952316284), (0.7250000238418579, 0.25, 0.30000001192092896), (0.7250000238418579, 0.25, 0.550000011920929), (0.7250000238418579, 0.25, 0.800000011920929), (0.7250000238418579, 0.25, 1.0499999523162842), (0.7250000238418579, 0.25, 1.2999999523162842), (0.7250000238418579, 0.25, 1.5499999523162842), (0.7250000238418579, 0.25, 1.7999999523162842), (0.7250000238418579, 0.25, 2.049999952316284), (0.4750000536441803, 0.25, 0.30000001192092896), (0.4750000536441803, 0.25, 0.550000011920929), (0.4750000536441803, 0.25, 0.800000011920929), (0.4750000536441803, 0.25, 1.0499999523162842), (0.4750000536441803, 0.25, 1.2999999523162842), (0.4750000536441803, 0.25, 1.5499999523162842), (0.4750000536441803, 0.25, 1.7999999523162842), (0.4750000536441803, 0.25, 2.049999952316284), (0.2250000536441803, 0.25, 0.30000001192092896), (0.2250000536441803, 0.25, 0.550000011920929), (0.2250000536441803, 0.25, 0.800000011920929), (0.2250000536441803, 0.25, 1.0499999523162842), (0.2250000536441803, 0.25, 1.2999999523162842), (0.2250000536441803, 0.25, 1.5499999523162842), (0.2250000536441803, 0.25, 1.7999999523162842), (0.2250000536441803, 0.25, 2.049999952316284), (-0.02499995194375515, 0.25, 0.30000001192092896), (-0.02499995194375515, 0.25, 0.550000011920929), (-0.02499995194375515, 0.25, 0.800000011920929), (-0.02499995194375515, 0.25, 1.0499999523162842), (-0.02499995194375515, 0.25, 1.2999999523162842), (-0.02499995194375515, 0.25, 1.5499999523162842), (-0.02499995194375515, 0.25, 1.7999999523162842), (-0.02499995194375515, 0.25, 2.049999952316284)]
                    double aeco:cctvTarget:requiredDensity = 250
                }

                over "door_elec_a" (
                    prepend apiSchemas = ["AecoCctvTargetAPI"]
                )
                {
                    double aeco:cctvTarget:gridSpacing = 0
                    double aeco:cctvTarget:passFraction = 1
                    double3[] aeco:cctvTarget:points = [(1.725000023841858, 0.25, 0.30000001192092896), (1.725000023841858, 0.25, 0.550000011920929), (1.725000023841858, 0.25, 0.800000011920929), (1.725000023841858, 0.25, 1.0499999523162842), (1.725000023841858, 0.25, 1.2999999523162842), (1.725000023841858, 0.25, 1.5499999523162842), (1.725000023841858, 0.25, 1.7999999523162842), (1.725000023841858, 0.25, 2.049999952316284), (1.475000023841858, 0.25, 0.30000001192092896), (1.475000023841858, 0.25, 0.550000011920929), (1.475000023841858, 0.25, 0.800000011920929), (1.475000023841858, 0.25, 1.0499999523162842), (1.475000023841858, 0.25, 1.2999999523162842), (1.475000023841858, 0.25, 1.5499999523162842), (1.475000023841858, 0.25, 1.7999999523162842), (1.475000023841858, 0.25, 2.049999952316284), (1.225000023841858, 0.25, 0.30000001192092896), (1.225000023841858, 0.25, 0.550000011920929), (1.225000023841858, 0.25, 0.800000011920929), (1.225000023841858, 0.25, 1.0499999523162842), (1.225000023841858, 0.25, 1.2999999523162842), (1.225000023841858, 0.25, 1.5499999523162842), (1.225000023841858, 0.25, 1.7999999523162842), (1.225000023841858, 0.25, 2.049999952316284), (0.9750000238418579, 0.25, 0.30000001192092896), (0.9750000238418579, 0.25, 0.550000011920929), (0.9750000238418579, 0.25, 0.800000011920929), (0.9750000238418579, 0.25, 1.0499999523162842), (0.9750000238418579, 0.25, 1.2999999523162842), (0.9750000238418579, 0.25, 1.5499999523162842), (0.9750000238418579, 0.25, 1.7999999523162842), (0.9750000238418579, 0.25, 2.049999952316284), (0.7250000238418579, 0.25, 0.30000001192092896), (0.7250000238418579, 0.25, 0.550000011920929), (0.7250000238418579, 0.25, 0.800000011920929), (0.7250000238418579, 0.25, 1.0499999523162842), (0.7250000238418579, 0.25, 1.2999999523162842), (0.7250000238418579, 0.25, 1.5499999523162842), (0.7250000238418579, 0.25, 1.7999999523162842), (0.7250000238418579, 0.25, 2.049999952316284), (0.4750000536441803, 0.25, 0.30000001192092896), (0.4750000536441803, 0.25, 0.550000011920929), (0.4750000536441803, 0.25, 0.800000011920929), (0.4750000536441803, 0.25, 1.0499999523162842), (0.4750000536441803, 0.25, 1.2999999523162842), (0.4750000536441803, 0.25, 1.5499999523162842), (0.4750000536441803, 0.25, 1.7999999523162842), (0.4750000536441803, 0.25, 2.049999952316284), (0.2250000536441803, 0.25, 0.30000001192092896), (0.2250000536441803, 0.25, 0.550000011920929), (0.2250000536441803, 0.25, 0.800000011920929), (0.2250000536441803, 0.25, 1.0499999523162842), (0.2250000536441803, 0.25, 1.2999999523162842), (0.2250000536441803, 0.25, 1.5499999523162842), (0.2250000536441803, 0.25, 1.7999999523162842), (0.2250000536441803, 0.25, 2.049999952316284), (-0.02499995194375515, 0.25, 0.30000001192092896), (-0.02499995194375515, 0.25, 0.550000011920929), (-0.02499995194375515, 0.25, 0.800000011920929), (-0.02499995194375515, 0.25, 1.0499999523162842), (-0.02499995194375515, 0.25, 1.2999999523162842), (-0.02499995194375515, 0.25, 1.5499999523162842), (-0.02499995194375515, 0.25, 1.7999999523162842), (-0.02499995194375515, 0.25, 2.049999952316284)]
                    double aeco:cctvTarget:requiredDensity = 250
                }

                over "door_elec_b" (
                    prepend apiSchemas = ["AecoCctvTargetAPI"]
                )
                {
                    double aeco:cctvTarget:gridSpacing = 0
                    double aeco:cctvTarget:passFraction = 1
                    double3[] aeco:cctvTarget:points = [(1.725000023841858, 0.25, 0.30000001192092896), (1.725000023841858, 0.25, 0.550000011920929), (1.725000023841858, 0.25, 0.800000011920929), (1.725000023841858, 0.25, 1.0499999523162842), (1.725000023841858, 0.25, 1.2999999523162842), (1.725000023841858, 0.25, 1.5499999523162842), (1.725000023841858, 0.25, 1.7999999523162842), (1.725000023841858, 0.25, 2.049999952316284), (1.475000023841858, 0.25, 0.30000001192092896), (1.475000023841858, 0.25, 0.550000011920929), (1.475000023841858, 0.25, 0.800000011920929), (1.475000023841858, 0.25, 1.0499999523162842), (1.475000023841858, 0.25, 1.2999999523162842), (1.475000023841858, 0.25, 1.5499999523162842), (1.475000023841858, 0.25, 1.7999999523162842), (1.475000023841858, 0.25, 2.049999952316284), (1.225000023841858, 0.25, 0.30000001192092896), (1.225000023841858, 0.25, 0.550000011920929), (1.225000023841858, 0.25, 0.800000011920929), (1.225000023841858, 0.25, 1.0499999523162842), (1.225000023841858, 0.25, 1.2999999523162842), (1.225000023841858, 0.25, 1.5499999523162842), (1.225000023841858, 0.25, 1.7999999523162842), (1.225000023841858, 0.25, 2.049999952316284), (0.9750000238418579, 0.25, 0.30000001192092896), (0.9750000238418579, 0.25, 0.550000011920929), (0.9750000238418579, 0.25, 0.800000011920929), (0.9750000238418579, 0.25, 1.0499999523162842), (0.9750000238418579, 0.25, 1.2999999523162842), (0.9750000238418579, 0.25, 1.5499999523162842), (0.9750000238418579, 0.25, 1.7999999523162842), (0.9750000238418579, 0.25, 2.049999952316284), (0.7250000238418579, 0.25, 0.30000001192092896), (0.7250000238418579, 0.25, 0.550000011920929), (0.7250000238418579, 0.25, 0.800000011920929), (0.7250000238418579, 0.25, 1.0499999523162842), (0.7250000238418579, 0.25, 1.2999999523162842), (0.7250000238418579, 0.25, 1.5499999523162842), (0.7250000238418579, 0.25, 1.7999999523162842), (0.7250000238418579, 0.25, 2.049999952316284), (0.4750000536441803, 0.25, 0.30000001192092896), (0.4750000536441803, 0.25, 0.550000011920929), (0.4750000536441803, 0.25, 0.800000011920929), (0.4750000536441803, 0.25, 1.0499999523162842), (0.4750000536441803, 0.25, 1.2999999523162842), (0.4750000536441803, 0.25, 1.5499999523162842), (0.4750000536441803, 0.25, 1.7999999523162842), (0.4750000536441803, 0.25, 2.049999952316284), (0.2250000536441803, 0.25, 0.30000001192092896), (0.2250000536441803, 0.25, 0.550000011920929), (0.2250000536441803, 0.25, 0.800000011920929), (0.2250000536441803, 0.25, 1.0499999523162842), (0.2250000536441803, 0.25, 1.2999999523162842), (0.2250000536441803, 0.25, 1.5499999523162842), (0.2250000536441803, 0.25, 1.7999999523162842), (0.2250000536441803, 0.25, 2.049999952316284), (-0.02499995194375515, 0.25, 0.30000001192092896), (-0.02499995194375515, 0.25, 0.550000011920929), (-0.02499995194375515, 0.25, 0.800000011920929), (-0.02499995194375515, 0.25, 1.0499999523162842), (-0.02499995194375515, 0.25, 1.2999999523162842), (-0.02499995194375515, 0.25, 1.5499999523162842), (-0.02499995194375515, 0.25, 1.7999999523162842), (-0.02499995194375515, 0.25, 2.049999952316284)]
                    double aeco:cctvTarget:requiredDensity = 250
                }

                over "door_hall_a_s" (
                    prepend apiSchemas = ["AecoCctvTargetAPI"]
                )
                {
                    double aeco:cctvTarget:gridSpacing = 0
                    double aeco:cctvTarget:passFraction = 1
                    double3[] aeco:cctvTarget:points = [(0.07500000298023224, -0.16500000655651093, 0.30000001192092896), (0.07500000298023224, -0.16500000655651093, 0.550000011920929), (0.07500000298023224, -0.16500000655651093, 0.800000011920929), (0.07500000298023224, -0.16500000655651093, 1.0499999523162842), (0.07500000298023224, -0.16500000655651093, 1.2999999523162842), (0.07500000298023224, -0.16500000655651093, 1.5499999523162842), (0.07500000298023224, -0.16500000655651093, 1.7999999523162842), (0.07500000298023224, -0.16500000655651093, 2.049999952316284), (0.32499998807907104, -0.16500000655651093, 0.30000001192092896), (0.32499998807907104, -0.16500000655651093, 0.550000011920929), (0.32499998807907104, -0.16500000655651093, 0.800000011920929), (0.32499998807907104, -0.16500000655651093, 1.0499999523162842), (0.32499998807907104, -0.16500000655651093, 1.2999999523162842), (0.32499998807907104, -0.16500000655651093, 1.5499999523162842), (0.32499998807907104, -0.16500000655651093, 1.7999999523162842), (0.32499998807907104, -0.16500000655651093, 2.049999952316284), (0.574999988079071, -0.16500000655651093, 0.30000001192092896), (0.574999988079071, -0.16500000655651093, 0.550000011920929), (0.574999988079071, -0.16500000655651093, 0.800000011920929), (0.574999988079071, -0.16500000655651093, 1.0499999523162842), (0.574999988079071, -0.16500000655651093, 1.2999999523162842), (0.574999988079071, -0.16500000655651093, 1.5499999523162842), (0.574999988079071, -0.16500000655651093, 1.7999999523162842), (0.574999988079071, -0.16500000655651093, 2.049999952316284), (0.824999988079071, -0.16500000655651093, 0.30000001192092896), (0.824999988079071, -0.16500000655651093, 0.550000011920929), (0.824999988079071, -0.16500000655651093, 0.800000011920929), (0.824999988079071, -0.16500000655651093, 1.0499999523162842), (0.824999988079071, -0.16500000655651093, 1.2999999523162842), (0.824999988079071, -0.16500000655651093, 1.5499999523162842), (0.824999988079071, -0.16500000655651093, 1.7999999523162842), (0.824999988079071, -0.16500000655651093, 2.049999952316284), (1.0750000476837158, -0.16500000655651093, 0.30000001192092896), (1.0750000476837158, -0.16500000655651093, 0.550000011920929), (1.0750000476837158, -0.16500000655651093, 0.800000011920929), (1.0750000476837158, -0.16500000655651093, 1.0499999523162842), (1.0750000476837158, -0.16500000655651093, 1.2999999523162842), (1.0750000476837158, -0.16500000655651093, 1.5499999523162842), (1.0750000476837158, -0.16500000655651093, 1.7999999523162842), (1.0750000476837158, -0.16500000655651093, 2.049999952316284), (1.3250000476837158, -0.16500000655651093, 0.30000001192092896), (1.3250000476837158, -0.16500000655651093, 0.550000011920929), (1.3250000476837158, -0.16500000655651093, 0.800000011920929), (1.3250000476837158, -0.16500000655651093, 1.0499999523162842), (1.3250000476837158, -0.16500000655651093, 1.2999999523162842), (1.3250000476837158, -0.16500000655651093, 1.5499999523162842), (1.3250000476837158, -0.16500000655651093, 1.7999999523162842), (1.3250000476837158, -0.16500000655651093, 2.049999952316284), (1.5750000476837158, -0.16500000655651093, 0.30000001192092896), (1.5750000476837158, -0.16500000655651093, 0.550000011920929), (1.5750000476837158, -0.16500000655651093, 0.800000011920929), (1.5750000476837158, -0.16500000655651093, 1.0499999523162842), (1.5750000476837158, -0.16500000655651093, 1.2999999523162842), (1.5750000476837158, -0.16500000655651093, 1.5499999523162842), (1.5750000476837158, -0.16500000655651093, 1.7999999523162842), (1.5750000476837158, -0.16500000655651093, 2.049999952316284), (1.8250000476837158, -0.16500000655651093, 0.30000001192092896), (1.8250000476837158, -0.16500000655651093, 0.550000011920929), (1.8250000476837158, -0.16500000655651093, 0.800000011920929), (1.8250000476837158, -0.16500000655651093, 1.0499999523162842), (1.8250000476837158, -0.16500000655651093, 1.2999999523162842), (1.8250000476837158, -0.16500000655651093, 1.5499999523162842), (1.8250000476837158, -0.16500000655651093, 1.7999999523162842), (1.8250000476837158, -0.16500000655651093, 2.049999952316284)]
                    double aeco:cctvTarget:requiredDensity = 250
                }

                over "door_hall_b_s" (
                    prepend apiSchemas = ["AecoCctvTargetAPI"]
                )
                {
                    double aeco:cctvTarget:gridSpacing = 0
                    double aeco:cctvTarget:passFraction = 1
                    double3[] aeco:cctvTarget:points = [(0.07500000298023224, -0.16500000655651093, 0.30000001192092896), (0.07500000298023224, -0.16500000655651093, 0.550000011920929), (0.07500000298023224, -0.16500000655651093, 0.800000011920929), (0.07500000298023224, -0.16500000655651093, 1.0499999523162842), (0.07500000298023224, -0.16500000655651093, 1.2999999523162842), (0.07500000298023224, -0.16500000655651093, 1.5499999523162842), (0.07500000298023224, -0.16500000655651093, 1.7999999523162842), (0.07500000298023224, -0.16500000655651093, 2.049999952316284), (0.32499998807907104, -0.16500000655651093, 0.30000001192092896), (0.32499998807907104, -0.16500000655651093, 0.550000011920929), (0.32499998807907104, -0.16500000655651093, 0.800000011920929), (0.32499998807907104, -0.16500000655651093, 1.0499999523162842), (0.32499998807907104, -0.16500000655651093, 1.2999999523162842), (0.32499998807907104, -0.16500000655651093, 1.5499999523162842), (0.32499998807907104, -0.16500000655651093, 1.7999999523162842), (0.32499998807907104, -0.16500000655651093, 2.049999952316284), (0.574999988079071, -0.16500000655651093, 0.30000001192092896), (0.574999988079071, -0.16500000655651093, 0.550000011920929), (0.574999988079071, -0.16500000655651093, 0.800000011920929), (0.574999988079071, -0.16500000655651093, 1.0499999523162842), (0.574999988079071, -0.16500000655651093, 1.2999999523162842), (0.574999988079071, -0.16500000655651093, 1.5499999523162842), (0.574999988079071, -0.16500000655651093, 1.7999999523162842), (0.574999988079071, -0.16500000655651093, 2.049999952316284), (0.824999988079071, -0.16500000655651093, 0.30000001192092896), (0.824999988079071, -0.16500000655651093, 0.550000011920929), (0.824999988079071, -0.16500000655651093, 0.800000011920929), (0.824999988079071, -0.16500000655651093, 1.0499999523162842), (0.824999988079071, -0.16500000655651093, 1.2999999523162842), (0.824999988079071, -0.16500000655651093, 1.5499999523162842), (0.824999988079071, -0.16500000655651093, 1.7999999523162842), (0.824999988079071, -0.16500000655651093, 2.049999952316284), (1.0750000476837158, -0.16500000655651093, 0.30000001192092896), (1.0750000476837158, -0.16500000655651093, 0.550000011920929), (1.0750000476837158, -0.16500000655651093, 0.800000011920929), (1.0750000476837158, -0.16500000655651093, 1.0499999523162842), (1.0750000476837158, -0.16500000655651093, 1.2999999523162842), (1.0750000476837158, -0.16500000655651093, 1.5499999523162842), (1.0750000476837158, -0.16500000655651093, 1.7999999523162842), (1.0750000476837158, -0.16500000655651093, 2.049999952316284), (1.3250000476837158, -0.16500000655651093, 0.30000001192092896), (1.3250000476837158, -0.16500000655651093, 0.550000011920929), (1.3250000476837158, -0.16500000655651093, 0.800000011920929), (1.3250000476837158, -0.16500000655651093, 1.0499999523162842), (1.3250000476837158, -0.16500000655651093, 1.2999999523162842), (1.3250000476837158, -0.16500000655651093, 1.5499999523162842), (1.3250000476837158, -0.16500000655651093, 1.7999999523162842), (1.3250000476837158, -0.16500000655651093, 2.049999952316284), (1.5750000476837158, -0.16500000655651093, 0.30000001192092896), (1.5750000476837158, -0.16500000655651093, 0.550000011920929), (1.5750000476837158, -0.16500000655651093, 0.800000011920929), (1.5750000476837158, -0.16500000655651093, 1.0499999523162842), (1.5750000476837158, -0.16500000655651093, 1.2999999523162842), (1.5750000476837158, -0.16500000655651093, 1.5499999523162842), (1.5750000476837158, -0.16500000655651093, 1.7999999523162842), (1.5750000476837158, -0.16500000655651093, 2.049999952316284), (1.8250000476837158, -0.16500000655651093, 0.30000001192092896), (1.8250000476837158, -0.16500000655651093, 0.550000011920929), (1.8250000476837158, -0.16500000655651093, 0.800000011920929), (1.8250000476837158, -0.16500000655651093, 1.0499999523162842), (1.8250000476837158, -0.16500000655651093, 1.2999999523162842), (1.8250000476837158, -0.16500000655651093, 1.5499999523162842), (1.8250000476837158, -0.16500000655651093, 1.7999999523162842), (1.8250000476837158, -0.16500000655651093, 2.049999952316284)]
                    double aeco:cctvTarget:requiredDensity = 250
                }

                over "door_mmr_2" (
                    prepend apiSchemas = ["AecoCctvTargetAPI"]
                )
                {
                    double aeco:cctvTarget:gridSpacing = 0
                    double aeco:cctvTarget:passFraction = 1
                    double3[] aeco:cctvTarget:points = [(0.824999988079071, 0.25, 0.30000001192092896), (0.824999988079071, 0.25, 0.550000011920929), (0.824999988079071, 0.25, 0.800000011920929), (0.824999988079071, 0.25, 1.0499999523162842), (0.824999988079071, 0.25, 1.2999999523162842), (0.824999988079071, 0.25, 1.5499999523162842), (0.824999988079071, 0.25, 1.7999999523162842), (0.824999988079071, 0.25, 2.049999952316284), (0.574999988079071, 0.25, 0.30000001192092896), (0.574999988079071, 0.25, 0.550000011920929), (0.574999988079071, 0.25, 0.800000011920929), (0.574999988079071, 0.25, 1.0499999523162842), (0.574999988079071, 0.25, 1.2999999523162842), (0.574999988079071, 0.25, 1.5499999523162842), (0.574999988079071, 0.25, 1.7999999523162842), (0.574999988079071, 0.25, 2.049999952316284), (0.32500001788139343, 0.25, 0.30000001192092896), (0.32500001788139343, 0.25, 0.550000011920929), (0.32500001788139343, 0.25, 0.800000011920929), (0.32500001788139343, 0.25, 1.0499999523162842), (0.32500001788139343, 0.25, 1.2999999523162842), (0.32500001788139343, 0.25, 1.5499999523162842), (0.32500001788139343, 0.25, 1.7999999523162842), (0.32500001788139343, 0.25, 2.049999952316284), (0.07500001043081284, 0.25, 0.30000001192092896), (0.07500001043081284, 0.25, 0.550000011920929), (0.07500001043081284, 0.25, 0.800000011920929), (0.07500001043081284, 0.25, 1.0499999523162842), (0.07500001043081284, 0.25, 1.2999999523162842), (0.07500001043081284, 0.25, 1.5499999523162842), (0.07500001043081284, 0.25, 1.7999999523162842), (0.07500001043081284, 0.25, 2.049999952316284)]
                    double aeco:cctvTarget:requiredDensity = 250
                }

                over "door_hall_a_w" (
                    prepend apiSchemas = ["AecoCctvTargetAPI"]
                )
                {
                    double aeco:cctvTarget:gridSpacing = 0
                    double aeco:cctvTarget:passFraction = 1
                    double3[] aeco:cctvTarget:points = [(1.725000023841858, 0.25, 0.30000001192092896), (1.725000023841858, 0.25, 0.550000011920929), (1.725000023841858, 0.25, 0.800000011920929), (1.725000023841858, 0.25, 1.0499999523162842), (1.725000023841858, 0.25, 1.2999999523162842), (1.725000023841858, 0.25, 1.5499999523162842), (1.725000023841858, 0.25, 1.7999999523162842), (1.725000023841858, 0.25, 2.049999952316284), (1.475000023841858, 0.25, 0.30000001192092896), (1.475000023841858, 0.25, 0.550000011920929), (1.475000023841858, 0.25, 0.800000011920929), (1.475000023841858, 0.25, 1.0499999523162842), (1.475000023841858, 0.25, 1.2999999523162842), (1.475000023841858, 0.25, 1.5499999523162842), (1.475000023841858, 0.25, 1.7999999523162842), (1.475000023841858, 0.25, 2.049999952316284), (1.225000023841858, 0.25, 0.30000001192092896), (1.225000023841858, 0.25, 0.550000011920929), (1.225000023841858, 0.25, 0.800000011920929), (1.225000023841858, 0.25, 1.0499999523162842), (1.225000023841858, 0.25, 1.2999999523162842), (1.225000023841858, 0.25, 1.5499999523162842), (1.225000023841858, 0.25, 1.7999999523162842), (1.225000023841858, 0.25, 2.049999952316284), (0.9750000238418579, 0.25, 0.30000001192092896), (0.9750000238418579, 0.25, 0.550000011920929), (0.9750000238418579, 0.25, 0.800000011920929), (0.9750000238418579, 0.25, 1.0499999523162842), (0.9750000238418579, 0.25, 1.2999999523162842), (0.9750000238418579, 0.25, 1.5499999523162842), (0.9750000238418579, 0.25, 1.7999999523162842), (0.9750000238418579, 0.25, 2.049999952316284), (0.7250000238418579, 0.25, 0.30000001192092896), (0.7250000238418579, 0.25, 0.550000011920929), (0.7250000238418579, 0.25, 0.800000011920929), (0.7250000238418579, 0.25, 1.0499999523162842), (0.7250000238418579, 0.25, 1.2999999523162842), (0.7250000238418579, 0.25, 1.5499999523162842), (0.7250000238418579, 0.25, 1.7999999523162842), (0.7250000238418579, 0.25, 2.049999952316284), (0.4750000536441803, 0.25, 0.30000001192092896), (0.4750000536441803, 0.25, 0.550000011920929), (0.4750000536441803, 0.25, 0.800000011920929), (0.4750000536441803, 0.25, 1.0499999523162842), (0.4750000536441803, 0.25, 1.2999999523162842), (0.4750000536441803, 0.25, 1.5499999523162842), (0.4750000536441803, 0.25, 1.7999999523162842), (0.4750000536441803, 0.25, 2.049999952316284), (0.2250000536441803, 0.25, 0.30000001192092896), (0.2250000536441803, 0.25, 0.550000011920929), (0.2250000536441803, 0.25, 0.800000011920929), (0.2250000536441803, 0.25, 1.0499999523162842), (0.2250000536441803, 0.25, 1.2999999523162842), (0.2250000536441803, 0.25, 1.5499999523162842), (0.2250000536441803, 0.25, 1.7999999523162842), (0.2250000536441803, 0.25, 2.049999952316284), (-0.02499995194375515, 0.25, 0.30000001192092896), (-0.02499995194375515, 0.25, 0.550000011920929), (-0.02499995194375515, 0.25, 0.800000011920929), (-0.02499995194375515, 0.25, 1.0499999523162842), (-0.02499995194375515, 0.25, 1.2999999523162842), (-0.02499995194375515, 0.25, 1.5499999523162842), (-0.02499995194375515, 0.25, 1.7999999523162842), (-0.02499995194375515, 0.25, 2.049999952316284)]
                    double aeco:cctvTarget:requiredDensity = 250
                }
            }
        }
    }
}

def "SecurityTargets"
{
    def Xform "sp_hall_a_tile_0" (
        prepend apiSchemas = ["AecoCctvTargetAPI"]
    )
    {
        double aeco:cctvTarget:gridSpacing = 1
        double aeco:cctvTarget:passFraction = 1
        double3[] aeco:cctvTarget:points = [(4.800000190734863, 18.799999237060547, 1.5), (4.800000190734863, 19.799999237060547, 1.5), (5.800000190734863, 18.799999237060547, 1.5), (5.800000190734863, 19.799999237060547, 1.5), (6.800000190734863, 18.799999237060547, 1.5), (6.800000190734863, 19.799999237060547, 1.5), (7.800000190734863, 18.799999237060547, 1.5), (7.800000190734863, 19.799999237060547, 1.5)]
        double aeco:cctvTarget:requiredDensity = 0
        custom token aeco:phase = "proposed"
    }

    def Xform "sp_hall_a_tile_1" (
        prepend apiSchemas = ["AecoCctvTargetAPI"]
    )
    {
        double aeco:cctvTarget:gridSpacing = 1
        double aeco:cctvTarget:passFraction = 1
        double3[] aeco:cctvTarget:points = [(4.800000190734863, 20.799999237060547, 1.5), (4.800000190734863, 21.799999237060547, 1.5), (4.800000190734863, 22.799999237060547, 1.5), (4.800000190734863, 23.799999237060547, 1.5), (5.800000190734863, 20.799999237060547, 1.5), (5.800000190734863, 21.799999237060547, 1.5), (5.800000190734863, 22.799999237060547, 1.5), (5.800000190734863, 23.799999237060547, 1.5), (6.800000190734863, 20.799999237060547, 1.5), (6.800000190734863, 21.799999237060547, 1.5), (6.800000190734863, 22.799999237060547, 1.5), (6.800000190734863, 23.799999237060547, 1.5), (7.800000190734863, 20.799999237060547, 1.5), (7.800000190734863, 21.799999237060547, 1.5), (7.800000190734863, 22.799999237060547, 1.5), (7.800000190734863, 23.799999237060547, 1.5)]
        double aeco:cctvTarget:requiredDensity = 0
        custom token aeco:phase = "proposed"
    }

    def Xform "sp_hall_a_tile_2" (
        prepend apiSchemas = ["AecoCctvTargetAPI"]
    )
    {
        double aeco:cctvTarget:gridSpacing = 1
        double aeco:cctvTarget:passFraction = 1
        double3[] aeco:cctvTarget:points = [(4.800000190734863, 24.799999237060547, 1.5), (4.800000190734863, 25.799999237060547, 1.5), (4.800000190734863, 26.799999237060547, 1.5), (4.800000190734863, 27.799999237060547, 1.5), (5.800000190734863, 24.799999237060547, 1.5), (5.800000190734863, 25.799999237060547, 1.5), (5.800000190734863, 26.799999237060547, 1.5), (5.800000190734863, 27.799999237060547, 1.5), (6.800000190734863, 24.799999237060547, 1.5), (6.800000190734863, 25.799999237060547, 1.5), (6.800000190734863, 26.799999237060547, 1.5), (6.800000190734863, 27.799999237060547, 1.5), (7.800000190734863, 24.799999237060547, 1.5), (7.800000190734863, 25.799999237060547, 1.5), (7.800000190734863, 26.799999237060547, 1.5), (7.800000190734863, 27.799999237060547, 1.5)]
        double aeco:cctvTarget:requiredDensity = 0
        custom token aeco:phase = "proposed"
    }

    def Xform "sp_hall_a_tile_3" (
        prepend apiSchemas = ["AecoCctvTargetAPI"]
    )
    {
        double aeco:cctvTarget:gridSpacing = 1
        double aeco:cctvTarget:passFraction = 1
        double3[] aeco:cctvTarget:points = [(4.800000190734863, 28.799999237060547, 1.5), (4.800000190734863, 29.799999237060547, 1.5), (4.800000190734863, 30.799999237060547, 1.5), (4.800000190734863, 31.799999237060547, 1.5), (5.800000190734863, 28.799999237060547, 1.5), (5.800000190734863, 29.799999237060547, 1.5), (5.800000190734863, 30.799999237060547, 1.5), (5.800000190734863, 31.799999237060547, 1.5), (6.800000190734863, 28.799999237060547, 1.5), (6.800000190734863, 29.799999237060547, 1.5), (6.800000190734863, 30.799999237060547, 1.5), (6.800000190734863, 31.799999237060547, 1.5), (7.800000190734863, 28.799999237060547, 1.5), (7.800000190734863, 29.799999237060547, 1.5), (7.800000190734863, 30.799999237060547, 1.5), (7.800000190734863, 31.799999237060547, 1.5)]
        double aeco:cctvTarget:requiredDensity = 0
        custom token aeco:phase = "proposed"
    }

    def Xform "sp_hall_a_tile_4" (
        prepend apiSchemas = ["AecoCctvTargetAPI"]
    )
    {
        double aeco:cctvTarget:gridSpacing = 1
        double aeco:cctvTarget:passFraction = 1
        double3[] aeco:cctvTarget:points = [(4.800000190734863, 32.79999923706055, 1.5), (4.800000190734863, 33.79999923706055, 1.5), (4.800000190734863, 34.79999923706055, 1.5), (5.800000190734863, 32.79999923706055, 1.5), (5.800000190734863, 33.79999923706055, 1.5), (5.800000190734863, 34.79999923706055, 1.5), (6.800000190734863, 32.79999923706055, 1.5), (6.800000190734863, 33.79999923706055, 1.5), (6.800000190734863, 34.79999923706055, 1.5), (7.800000190734863, 32.79999923706055, 1.5), (7.800000190734863, 33.79999923706055, 1.5), (7.800000190734863, 34.79999923706055, 1.5)]
        double aeco:cctvTarget:requiredDensity = 0
        custom token aeco:phase = "proposed"
    }

    def Xform "sp_hall_a_tile_5" (
        prepend apiSchemas = ["AecoCctvTargetAPI"]
    )
    {
        double aeco:cctvTarget:gridSpacing = 1
        double aeco:cctvTarget:passFraction = 1
        double3[] aeco:cctvTarget:points = [(8.800000190734863, 18.799999237060547, 1.5), (8.800000190734863, 19.799999237060547, 1.5), (9.800000190734863, 18.799999237060547, 1.5), (9.800000190734863, 19.799999237060547, 1.5), (10.800000190734863, 18.799999237060547, 1.5), (10.800000190734863, 19.799999237060547, 1.5), (11.800000190734863, 18.799999237060547, 1.5), (11.800000190734863, 19.799999237060547, 1.5)]
        double aeco:cctvTarget:requiredDensity = 0
        custom token aeco:phase = "proposed"
    }

    def Xform "sp_hall_a_tile_6" (
        prepend apiSchemas = ["AecoCctvTargetAPI"]
    )
    {
        double aeco:cctvTarget:gridSpacing = 1
        double aeco:cctvTarget:passFraction = 1
        double3[] aeco:cctvTarget:points = [(8.800000190734863, 20.799999237060547, 1.5), (8.800000190734863, 21.799999237060547, 1.5), (8.800000190734863, 22.799999237060547, 1.5), (8.800000190734863, 23.799999237060547, 1.5), (9.800000190734863, 20.799999237060547, 1.5), (9.800000190734863, 21.799999237060547, 1.5), (9.800000190734863, 22.799999237060547, 1.5), (9.800000190734863, 23.799999237060547, 1.5), (10.800000190734863, 20.799999237060547, 1.5), (10.800000190734863, 21.799999237060547, 1.5), (10.800000190734863, 22.799999237060547, 1.5), (10.800000190734863, 23.799999237060547, 1.5), (11.800000190734863, 20.799999237060547, 1.5), (11.800000190734863, 21.799999237060547, 1.5), (11.800000190734863, 22.799999237060547, 1.5), (11.800000190734863, 23.799999237060547, 1.5)]
        double aeco:cctvTarget:requiredDensity = 0
        custom token aeco:phase = "proposed"
    }

    def Xform "sp_hall_a_tile_7" (
        prepend apiSchemas = ["AecoCctvTargetAPI"]
    )
    {
        double aeco:cctvTarget:gridSpacing = 1
        double aeco:cctvTarget:passFraction = 1
        double3[] aeco:cctvTarget:points = [(8.800000190734863, 24.799999237060547, 1.5), (8.800000190734863, 25.799999237060547, 1.5), (8.800000190734863, 26.799999237060547, 1.5), (8.800000190734863, 27.799999237060547, 1.5), (9.800000190734863, 24.799999237060547, 1.5), (9.800000190734863, 25.799999237060547, 1.5), (9.800000190734863, 26.799999237060547, 1.5), (9.800000190734863, 27.799999237060547, 1.5), (10.800000190734863, 24.799999237060547, 1.5), (10.800000190734863, 25.799999237060547, 1.5), (10.800000190734863, 26.799999237060547, 1.5), (10.800000190734863, 27.799999237060547, 1.5), (11.800000190734863, 24.799999237060547, 1.5), (11.800000190734863, 25.799999237060547, 1.5), (11.800000190734863, 26.799999237060547, 1.5), (11.800000190734863, 27.799999237060547, 1.5)]
        double aeco:cctvTarget:requiredDensity = 0
        custom token aeco:phase = "proposed"
    }

    def Xform "sp_hall_a_tile_8" (
        prepend apiSchemas = ["AecoCctvTargetAPI"]
    )
    {
        double aeco:cctvTarget:gridSpacing = 1
        double aeco:cctvTarget:passFraction = 1
        double3[] aeco:cctvTarget:points = [(8.800000190734863, 28.799999237060547, 1.5), (8.800000190734863, 29.799999237060547, 1.5), (8.800000190734863, 30.799999237060547, 1.5), (8.800000190734863, 31.799999237060547, 1.5), (9.800000190734863, 28.799999237060547, 1.5), (9.800000190734863, 29.799999237060547, 1.5), (9.800000190734863, 30.799999237060547, 1.5), (9.800000190734863, 31.799999237060547, 1.5), (10.800000190734863, 28.799999237060547, 1.5), (10.800000190734863, 29.799999237060547, 1.5), (10.800000190734863, 30.799999237060547, 1.5), (10.800000190734863, 31.799999237060547, 1.5), (11.800000190734863, 28.799999237060547, 1.5), (11.800000190734863, 29.799999237060547, 1.5), (11.800000190734863, 30.799999237060547, 1.5), (11.800000190734863, 31.799999237060547, 1.5)]
        double aeco:cctvTarget:requiredDensity = 0
        custom token aeco:phase = "proposed"
    }

    def Xform "sp_hall_a_tile_9" (
        prepend apiSchemas = ["AecoCctvTargetAPI"]
    )
    {
        double aeco:cctvTarget:gridSpacing = 1
        double aeco:cctvTarget:passFraction = 1
        double3[] aeco:cctvTarget:points = [(8.800000190734863, 32.79999923706055, 1.5), (8.800000190734863, 33.79999923706055, 1.5), (8.800000190734863, 34.79999923706055, 1.5), (9.800000190734863, 32.79999923706055, 1.5), (9.800000190734863, 33.79999923706055, 1.5), (9.800000190734863, 34.79999923706055, 1.5), (10.800000190734863, 32.79999923706055, 1.5), (10.800000190734863, 33.79999923706055, 1.5), (10.800000190734863, 34.79999923706055, 1.5), (11.800000190734863, 32.79999923706055, 1.5), (11.800000190734863, 33.79999923706055, 1.5), (11.800000190734863, 34.79999923706055, 1.5)]
        double aeco:cctvTarget:requiredDensity = 0
        custom token aeco:phase = "proposed"
    }

    def Xform "sp_hall_a_tile_10" (
        prepend apiSchemas = ["AecoCctvTargetAPI"]
    )
    {
        double aeco:cctvTarget:gridSpacing = 1
        double aeco:cctvTarget:passFraction = 1
        double3[] aeco:cctvTarget:points = [(12.800000190734863, 18.799999237060547, 1.5), (12.800000190734863, 19.799999237060547, 1.5), (13.800000190734863, 18.799999237060547, 1.5), (13.800000190734863, 19.799999237060547, 1.5), (14.800000190734863, 18.799999237060547, 1.5), (14.800000190734863, 19.799999237060547, 1.5), (15.800000190734863, 18.799999237060547, 1.5), (15.800000190734863, 19.799999237060547, 1.5)]
        double aeco:cctvTarget:requiredDensity = 0
        custom token aeco:phase = "proposed"
    }

    def Xform "sp_hall_a_tile_11" (
        prepend apiSchemas = ["AecoCctvTargetAPI"]
    )
    {
        double aeco:cctvTarget:gridSpacing = 1
        double aeco:cctvTarget:passFraction = 1
        double3[] aeco:cctvTarget:points = [(12.800000190734863, 20.799999237060547, 1.5), (12.800000190734863, 21.799999237060547, 1.5), (12.800000190734863, 22.799999237060547, 1.5), (12.800000190734863, 23.799999237060547, 1.5), (13.800000190734863, 20.799999237060547, 1.5), (13.800000190734863, 21.799999237060547, 1.5), (13.800000190734863, 22.799999237060547, 1.5), (13.800000190734863, 23.799999237060547, 1.5), (14.800000190734863, 20.799999237060547, 1.5), (14.800000190734863, 21.799999237060547, 1.5), (14.800000190734863, 22.799999237060547, 1.5), (14.800000190734863, 23.799999237060547, 1.5), (15.800000190734863, 20.799999237060547, 1.5), (15.800000190734863, 21.799999237060547, 1.5), (15.800000190734863, 22.799999237060547, 1.5), (15.800000190734863, 23.799999237060547, 1.5)]
        double aeco:cctvTarget:requiredDensity = 0
        custom token aeco:phase = "proposed"
    }

    def Xform "sp_hall_a_tile_12" (
        prepend apiSchemas = ["AecoCctvTargetAPI"]
    )
    {
        double aeco:cctvTarget:gridSpacing = 1
        double aeco:cctvTarget:passFraction = 1
        double3[] aeco:cctvTarget:points = [(12.800000190734863, 24.799999237060547, 1.5), (12.800000190734863, 25.799999237060547, 1.5), (12.800000190734863, 26.799999237060547, 1.5), (12.800000190734863, 27.799999237060547, 1.5), (13.800000190734863, 24.799999237060547, 1.5), (13.800000190734863, 25.799999237060547, 1.5), (13.800000190734863, 26.799999237060547, 1.5), (13.800000190734863, 27.799999237060547, 1.5), (14.800000190734863, 24.799999237060547, 1.5), (14.800000190734863, 25.799999237060547, 1.5), (14.800000190734863, 26.799999237060547, 1.5), (14.800000190734863, 27.799999237060547, 1.5), (15.800000190734863, 24.799999237060547, 1.5), (15.800000190734863, 25.799999237060547, 1.5), (15.800000190734863, 26.799999237060547, 1.5), (15.800000190734863, 27.799999237060547, 1.5)]
        double aeco:cctvTarget:requiredDensity = 0
        custom token aeco:phase = "proposed"
    }

    def Xform "sp_hall_a_tile_13" (
        prepend apiSchemas = ["AecoCctvTargetAPI"]
    )
    {
        double aeco:cctvTarget:gridSpacing = 1
        double aeco:cctvTarget:passFraction = 1
        double3[] aeco:cctvTarget:points = [(12.800000190734863, 28.799999237060547, 1.5), (12.800000190734863, 29.799999237060547, 1.5), (12.800000190734863, 30.799999237060547, 1.5), (12.800000190734863, 31.799999237060547, 1.5), (13.800000190734863, 28.799999237060547, 1.5), (13.800000190734863, 29.799999237060547, 1.5), (13.800000190734863, 30.799999237060547, 1.5), (13.800000190734863, 31.799999237060547, 1.5), (14.800000190734863, 28.799999237060547, 1.5), (14.800000190734863, 29.799999237060547, 1.5), (14.800000190734863, 30.799999237060547, 1.5), (14.800000190734863, 31.799999237060547, 1.5), (15.800000190734863, 28.799999237060547, 1.5), (15.800000190734863, 29.799999237060547, 1.5), (15.800000190734863, 30.799999237060547, 1.5), (15.800000190734863, 31.799999237060547, 1.5)]
        double aeco:cctvTarget:requiredDensity = 0
        custom token aeco:phase = "proposed"
    }

    def Xform "sp_hall_a_tile_14" (
        prepend apiSchemas = ["AecoCctvTargetAPI"]
    )
    {
        double aeco:cctvTarget:gridSpacing = 1
        double aeco:cctvTarget:passFraction = 1
        double3[] aeco:cctvTarget:points = [(12.800000190734863, 32.79999923706055, 1.5), (12.800000190734863, 33.79999923706055, 1.5), (12.800000190734863, 34.79999923706055, 1.5), (13.800000190734863, 32.79999923706055, 1.5), (13.800000190734863, 33.79999923706055, 1.5), (13.800000190734863, 34.79999923706055, 1.5), (14.800000190734863, 32.79999923706055, 1.5), (14.800000190734863, 33.79999923706055, 1.5), (14.800000190734863, 34.79999923706055, 1.5), (15.800000190734863, 32.79999923706055, 1.5), (15.800000190734863, 33.79999923706055, 1.5), (15.800000190734863, 34.79999923706055, 1.5)]
        double aeco:cctvTarget:requiredDensity = 0
        custom token aeco:phase = "proposed"
    }

    def Xform "sp_hall_a_tile_15" (
        prepend apiSchemas = ["AecoCctvTargetAPI"]
    )
    {
        double aeco:cctvTarget:gridSpacing = 1
        double aeco:cctvTarget:passFraction = 1
        double3[] aeco:cctvTarget:points = [(16.799999237060547, 18.799999237060547, 1.5), (16.799999237060547, 19.799999237060547, 1.5), (17.799999237060547, 18.799999237060547, 1.5), (17.799999237060547, 19.799999237060547, 1.5), (18.799999237060547, 18.799999237060547, 1.5), (18.799999237060547, 19.799999237060547, 1.5), (19.799999237060547, 18.799999237060547, 1.5), (19.799999237060547, 19.799999237060547, 1.5)]
        double aeco:cctvTarget:requiredDensity = 0
        custom token aeco:phase = "proposed"
    }

    def Xform "sp_hall_a_tile_16" (
        prepend apiSchemas = ["AecoCctvTargetAPI"]
    )
    {
        double aeco:cctvTarget:gridSpacing = 1
        double aeco:cctvTarget:passFraction = 1
        double3[] aeco:cctvTarget:points = [(16.799999237060547, 20.799999237060547, 1.5), (16.799999237060547, 21.799999237060547, 1.5), (16.799999237060547, 22.799999237060547, 1.5), (16.799999237060547, 23.799999237060547, 1.5), (17.799999237060547, 20.799999237060547, 1.5), (17.799999237060547, 21.799999237060547, 1.5), (17.799999237060547, 22.799999237060547, 1.5), (17.799999237060547, 23.799999237060547, 1.5), (18.799999237060547, 20.799999237060547, 1.5), (18.799999237060547, 21.799999237060547, 1.5), (18.799999237060547, 22.799999237060547, 1.5), (18.799999237060547, 23.799999237060547, 1.5), (19.799999237060547, 20.799999237060547, 1.5), (19.799999237060547, 21.799999237060547, 1.5), (19.799999237060547, 22.799999237060547, 1.5), (19.799999237060547, 23.799999237060547, 1.5)]
        double aeco:cctvTarget:requiredDensity = 0
        custom token aeco:phase = "proposed"
    }

    def Xform "sp_hall_a_tile_17" (
        prepend apiSchemas = ["AecoCctvTargetAPI"]
    )
    {
        double aeco:cctvTarget:gridSpacing = 1
        double aeco:cctvTarget:passFraction = 1
        double3[] aeco:cctvTarget:points = [(16.799999237060547, 24.799999237060547, 1.5), (16.799999237060547, 25.799999237060547, 1.5), (16.799999237060547, 26.799999237060547, 1.5), (16.799999237060547, 27.799999237060547, 1.5), (17.799999237060547, 24.799999237060547, 1.5), (17.799999237060547, 25.799999237060547, 1.5), (17.799999237060547, 26.799999237060547, 1.5), (17.799999237060547, 27.799999237060547, 1.5), (18.799999237060547, 24.799999237060547, 1.5), (18.799999237060547, 25.799999237060547, 1.5), (18.799999237060547, 26.799999237060547, 1.5), (18.799999237060547, 27.799999237060547, 1.5), (19.799999237060547, 24.799999237060547, 1.5), (19.799999237060547, 25.799999237060547, 1.5), (19.799999237060547, 26.799999237060547, 1.5), (19.799999237060547, 27.799999237060547, 1.5)]
        double aeco:cctvTarget:requiredDensity = 0
        custom token aeco:phase = "proposed"
    }

    def Xform "sp_hall_a_tile_18" (
        prepend apiSchemas = ["AecoCctvTargetAPI"]
    )
    {
        double aeco:cctvTarget:gridSpacing = 1
        double aeco:cctvTarget:passFraction = 1
        double3[] aeco:cctvTarget:points = [(16.799999237060547, 28.799999237060547, 1.5), (16.799999237060547, 29.799999237060547, 1.5), (16.799999237060547, 30.799999237060547, 1.5), (16.799999237060547, 31.799999237060547, 1.5), (17.799999237060547, 28.799999237060547, 1.5), (17.799999237060547, 29.799999237060547, 1.5), (17.799999237060547, 30.799999237060547, 1.5), (17.799999237060547, 31.799999237060547, 1.5), (18.799999237060547, 28.799999237060547, 1.5), (18.799999237060547, 29.799999237060547, 1.5), (18.799999237060547, 30.799999237060547, 1.5), (18.799999237060547, 31.799999237060547, 1.5), (19.799999237060547, 28.799999237060547, 1.5), (19.799999237060547, 29.799999237060547, 1.5), (19.799999237060547, 30.799999237060547, 1.5), (19.799999237060547, 31.799999237060547, 1.5)]
        double aeco:cctvTarget:requiredDensity = 0
        custom token aeco:phase = "proposed"
    }

    def Xform "sp_hall_a_tile_19" (
        prepend apiSchemas = ["AecoCctvTargetAPI"]
    )
    {
        double aeco:cctvTarget:gridSpacing = 1
        double aeco:cctvTarget:passFraction = 1
        double3[] aeco:cctvTarget:points = [(16.799999237060547, 32.79999923706055, 1.5), (16.799999237060547, 33.79999923706055, 1.5), (16.799999237060547, 34.79999923706055, 1.5), (17.799999237060547, 32.79999923706055, 1.5), (17.799999237060547, 33.79999923706055, 1.5), (17.799999237060547, 34.79999923706055, 1.5), (18.799999237060547, 32.79999923706055, 1.5), (18.799999237060547, 33.79999923706055, 1.5), (18.799999237060547, 34.79999923706055, 1.5), (19.799999237060547, 32.79999923706055, 1.5), (19.799999237060547, 33.79999923706055, 1.5), (19.799999237060547, 34.79999923706055, 1.5)]
        double aeco:cctvTarget:requiredDensity = 0
        custom token aeco:phase = "proposed"
    }

    def Xform "sp_hall_a_tile_20" (
        prepend apiSchemas = ["AecoCctvTargetAPI"]
    )
    {
        double aeco:cctvTarget:gridSpacing = 1
        double aeco:cctvTarget:passFraction = 1
        double3[] aeco:cctvTarget:points = [(20.799999237060547, 18.799999237060547, 1.5), (20.799999237060547, 19.799999237060547, 1.5), (21.799999237060547, 18.799999237060547, 1.5), (21.799999237060547, 19.799999237060547, 1.5), (22.799999237060547, 18.799999237060547, 1.5), (22.799999237060547, 19.799999237060547, 1.5), (23.799999237060547, 18.799999237060547, 1.5), (23.799999237060547, 19.799999237060547, 1.5)]
        double aeco:cctvTarget:requiredDensity = 0
        custom token aeco:phase = "proposed"
    }

    def Xform "sp_hall_a_tile_21" (
        prepend apiSchemas = ["AecoCctvTargetAPI"]
    )
    {
        double aeco:cctvTarget:gridSpacing = 1
        double aeco:cctvTarget:passFraction = 1
        double3[] aeco:cctvTarget:points = [(20.799999237060547, 20.799999237060547, 1.5), (20.799999237060547, 21.799999237060547, 1.5), (20.799999237060547, 22.799999237060547, 1.5), (20.799999237060547, 23.799999237060547, 1.5), (21.799999237060547, 20.799999237060547, 1.5), (21.799999237060547, 21.799999237060547, 1.5), (21.799999237060547, 22.799999237060547, 1.5), (21.799999237060547, 23.799999237060547, 1.5), (22.799999237060547, 20.799999237060547, 1.5), (22.799999237060547, 21.799999237060547, 1.5), (22.799999237060547, 22.799999237060547, 1.5), (22.799999237060547, 23.799999237060547, 1.5), (23.799999237060547, 20.799999237060547, 1.5), (23.799999237060547, 21.799999237060547, 1.5), (23.799999237060547, 22.799999237060547, 1.5), (23.799999237060547, 23.799999237060547, 1.5)]
        double aeco:cctvTarget:requiredDensity = 0
        custom token aeco:phase = "proposed"
    }

    def Xform "sp_hall_a_tile_22" (
        prepend apiSchemas = ["AecoCctvTargetAPI"]
    )
    {
        double aeco:cctvTarget:gridSpacing = 1
        double aeco:cctvTarget:passFraction = 1
        double3[] aeco:cctvTarget:points = [(20.799999237060547, 24.799999237060547, 1.5), (20.799999237060547, 25.799999237060547, 1.5), (20.799999237060547, 26.799999237060547, 1.5), (20.799999237060547, 27.799999237060547, 1.5), (21.799999237060547, 24.799999237060547, 1.5), (21.799999237060547, 25.799999237060547, 1.5), (21.799999237060547, 26.799999237060547, 1.5), (21.799999237060547, 27.799999237060547, 1.5), (22.799999237060547, 24.799999237060547, 1.5), (22.799999237060547, 25.799999237060547, 1.5), (22.799999237060547, 26.799999237060547, 1.5), (22.799999237060547, 27.799999237060547, 1.5), (23.799999237060547, 24.799999237060547, 1.5), (23.799999237060547, 25.799999237060547, 1.5), (23.799999237060547, 26.799999237060547, 1.5), (23.799999237060547, 27.799999237060547, 1.5)]
        double aeco:cctvTarget:requiredDensity = 0
        custom token aeco:phase = "proposed"
    }

    def Xform "sp_hall_a_tile_23" (
        prepend apiSchemas = ["AecoCctvTargetAPI"]
    )
    {
        double aeco:cctvTarget:gridSpacing = 1
        double aeco:cctvTarget:passFraction = 1
        double3[] aeco:cctvTarget:points = [(20.799999237060547, 28.799999237060547, 1.5), (20.799999237060547, 29.799999237060547, 1.5), (20.799999237060547, 30.799999237060547, 1.5), (20.799999237060547, 31.799999237060547, 1.5), (21.799999237060547, 28.799999237060547, 1.5), (21.799999237060547, 29.799999237060547, 1.5), (21.799999237060547, 30.799999237060547, 1.5), (21.799999237060547, 31.799999237060547, 1.5), (22.799999237060547, 28.799999237060547, 1.5), (22.799999237060547, 29.799999237060547, 1.5), (22.799999237060547, 30.799999237060547, 1.5), (22.799999237060547, 31.799999237060547, 1.5), (23.799999237060547, 28.799999237060547, 1.5), (23.799999237060547, 29.799999237060547, 1.5), (23.799999237060547, 30.799999237060547, 1.5), (23.799999237060547, 31.799999237060547, 1.5)]
        double aeco:cctvTarget:requiredDensity = 0
        custom token aeco:phase = "proposed"
    }

    def Xform "sp_hall_a_tile_24" (
        prepend apiSchemas = ["AecoCctvTargetAPI"]
    )
    {
        double aeco:cctvTarget:gridSpacing = 1
        double aeco:cctvTarget:passFraction = 1
        double3[] aeco:cctvTarget:points = [(20.799999237060547, 32.79999923706055, 1.5), (20.799999237060547, 33.79999923706055, 1.5), (20.799999237060547, 34.79999923706055, 1.5), (21.799999237060547, 32.79999923706055, 1.5), (21.799999237060547, 33.79999923706055, 1.5), (21.799999237060547, 34.79999923706055, 1.5), (22.799999237060547, 32.79999923706055, 1.5), (22.799999237060547, 33.79999923706055, 1.5), (22.799999237060547, 34.79999923706055, 1.5), (23.799999237060547, 32.79999923706055, 1.5), (23.799999237060547, 33.79999923706055, 1.5), (23.799999237060547, 34.79999923706055, 1.5)]
        double aeco:cctvTarget:requiredDensity = 0
        custom token aeco:phase = "proposed"
    }

    def Xform "sp_hall_a_tile_25" (
        prepend apiSchemas = ["AecoCctvTargetAPI"]
    )
    {
        double aeco:cctvTarget:gridSpacing = 1
        double aeco:cctvTarget:passFraction = 1
        double3[] aeco:cctvTarget:points = [(24.799999237060547, 18.799999237060547, 1.5), (24.799999237060547, 19.799999237060547, 1.5), (25.799999237060547, 18.799999237060547, 1.5), (25.799999237060547, 19.799999237060547, 1.5), (26.799999237060547, 18.799999237060547, 1.5), (26.799999237060547, 19.799999237060547, 1.5), (27.799999237060547, 18.799999237060547, 1.5), (27.799999237060547, 19.799999237060547, 1.5)]
        double aeco:cctvTarget:requiredDensity = 0
        custom token aeco:phase = "proposed"
    }

    def Xform "sp_hall_a_tile_26" (
        prepend apiSchemas = ["AecoCctvTargetAPI"]
    )
    {
        double aeco:cctvTarget:gridSpacing = 1
        double aeco:cctvTarget:passFraction = 1
        double3[] aeco:cctvTarget:points = [(24.799999237060547, 20.799999237060547, 1.5), (24.799999237060547, 21.799999237060547, 1.5), (24.799999237060547, 22.799999237060547, 1.5), (24.799999237060547, 23.799999237060547, 1.5), (25.799999237060547, 20.799999237060547, 1.5), (25.799999237060547, 21.799999237060547, 1.5), (25.799999237060547, 22.799999237060547, 1.5), (25.799999237060547, 23.799999237060547, 1.5), (26.799999237060547, 20.799999237060547, 1.5), (26.799999237060547, 21.799999237060547, 1.5), (26.799999237060547, 22.799999237060547, 1.5), (26.799999237060547, 23.799999237060547, 1.5), (27.799999237060547, 20.799999237060547, 1.5), (27.799999237060547, 21.799999237060547, 1.5), (27.799999237060547, 22.799999237060547, 1.5), (27.799999237060547, 23.799999237060547, 1.5)]
        double aeco:cctvTarget:requiredDensity = 0
        custom token aeco:phase = "proposed"
    }

    def Xform "sp_hall_a_tile_27" (
        prepend apiSchemas = ["AecoCctvTargetAPI"]
    )
    {
        double aeco:cctvTarget:gridSpacing = 1
        double aeco:cctvTarget:passFraction = 1
        double3[] aeco:cctvTarget:points = [(24.799999237060547, 24.799999237060547, 1.5), (24.799999237060547, 25.799999237060547, 1.5), (24.799999237060547, 26.799999237060547, 1.5), (24.799999237060547, 27.799999237060547, 1.5), (25.799999237060547, 24.799999237060547, 1.5), (25.799999237060547, 25.799999237060547, 1.5), (25.799999237060547, 26.799999237060547, 1.5), (25.799999237060547, 27.799999237060547, 1.5), (26.799999237060547, 24.799999237060547, 1.5), (26.799999237060547, 25.799999237060547, 1.5), (26.799999237060547, 26.799999237060547, 1.5), (26.799999237060547, 27.799999237060547, 1.5), (27.799999237060547, 24.799999237060547, 1.5), (27.799999237060547, 25.799999237060547, 1.5), (27.799999237060547, 26.799999237060547, 1.5), (27.799999237060547, 27.799999237060547, 1.5)]
        double aeco:cctvTarget:requiredDensity = 0
        custom token aeco:phase = "proposed"
    }

    def Xform "sp_hall_a_tile_28" (
        prepend apiSchemas = ["AecoCctvTargetAPI"]
    )
    {
        double aeco:cctvTarget:gridSpacing = 1
        double aeco:cctvTarget:passFraction = 1
        double3[] aeco:cctvTarget:points = [(24.799999237060547, 28.799999237060547, 1.5), (24.799999237060547, 29.799999237060547, 1.5), (24.799999237060547, 30.799999237060547, 1.5), (24.799999237060547, 31.799999237060547, 1.5), (25.799999237060547, 28.799999237060547, 1.5), (25.799999237060547, 29.799999237060547, 1.5), (25.799999237060547, 30.799999237060547, 1.5), (25.799999237060547, 31.799999237060547, 1.5), (26.799999237060547, 28.799999237060547, 1.5), (26.799999237060547, 29.799999237060547, 1.5), (26.799999237060547, 30.799999237060547, 1.5), (26.799999237060547, 31.799999237060547, 1.5), (27.799999237060547, 28.799999237060547, 1.5), (27.799999237060547, 29.799999237060547, 1.5), (27.799999237060547, 30.799999237060547, 1.5), (27.799999237060547, 31.799999237060547, 1.5)]
        double aeco:cctvTarget:requiredDensity = 0
        custom token aeco:phase = "proposed"
    }

    def Xform "sp_hall_a_tile_29" (
        prepend apiSchemas = ["AecoCctvTargetAPI"]
    )
    {
        double aeco:cctvTarget:gridSpacing = 1
        double aeco:cctvTarget:passFraction = 1
        double3[] aeco:cctvTarget:points = [(24.799999237060547, 32.79999923706055, 1.5), (24.799999237060547, 33.79999923706055, 1.5), (24.799999237060547, 34.79999923706055, 1.5), (25.799999237060547, 32.79999923706055, 1.5), (25.799999237060547, 33.79999923706055, 1.5), (25.799999237060547, 34.79999923706055, 1.5), (26.799999237060547, 32.79999923706055, 1.5), (26.799999237060547, 33.79999923706055, 1.5), (26.799999237060547, 34.79999923706055, 1.5), (27.799999237060547, 32.79999923706055, 1.5), (27.799999237060547, 33.79999923706055, 1.5), (27.799999237060547, 34.79999923706055, 1.5)]
        double aeco:cctvTarget:requiredDensity = 0
        custom token aeco:phase = "proposed"
    }

    def Xform "sp_hall_a_tile_30" (
        prepend apiSchemas = ["AecoCctvTargetAPI"]
    )
    {
        double aeco:cctvTarget:gridSpacing = 1
        double aeco:cctvTarget:passFraction = 1
        double3[] aeco:cctvTarget:points = [(28.799999237060547, 18.799999237060547, 1.5), (28.799999237060547, 19.799999237060547, 1.5), (29.799999237060547, 18.799999237060547, 1.5), (29.799999237060547, 19.799999237060547, 1.5), (30.799999237060547, 18.799999237060547, 1.5), (30.799999237060547, 19.799999237060547, 1.5), (31.799999237060547, 18.799999237060547, 1.5), (31.799999237060547, 19.799999237060547, 1.5)]
        double aeco:cctvTarget:requiredDensity = 0
        custom token aeco:phase = "proposed"
    }

    def Xform "sp_hall_a_tile_31" (
        prepend apiSchemas = ["AecoCctvTargetAPI"]
    )
    {
        double aeco:cctvTarget:gridSpacing = 1
        double aeco:cctvTarget:passFraction = 1
        double3[] aeco:cctvTarget:points = [(28.799999237060547, 20.799999237060547, 1.5), (28.799999237060547, 21.799999237060547, 1.5), (28.799999237060547, 22.799999237060547, 1.5), (28.799999237060547, 23.799999237060547, 1.5), (29.799999237060547, 20.799999237060547, 1.5), (29.799999237060547, 21.799999237060547, 1.5), (29.799999237060547, 22.799999237060547, 1.5), (29.799999237060547, 23.799999237060547, 1.5), (30.799999237060547, 20.799999237060547, 1.5), (30.799999237060547, 21.799999237060547, 1.5), (30.799999237060547, 22.799999237060547, 1.5), (30.799999237060547, 23.799999237060547, 1.5), (31.799999237060547, 20.799999237060547, 1.5), (31.799999237060547, 21.799999237060547, 1.5), (31.799999237060547, 22.799999237060547, 1.5), (31.799999237060547, 23.799999237060547, 1.5)]
        double aeco:cctvTarget:requiredDensity = 0
        custom token aeco:phase = "proposed"
    }

    def Xform "sp_hall_a_tile_32" (
        prepend apiSchemas = ["AecoCctvTargetAPI"]
    )
    {
        double aeco:cctvTarget:gridSpacing = 1
        double aeco:cctvTarget:passFraction = 1
        double3[] aeco:cctvTarget:points = [(28.799999237060547, 24.799999237060547, 1.5), (28.799999237060547, 25.799999237060547, 1.5), (28.799999237060547, 26.799999237060547, 1.5), (28.799999237060547, 27.799999237060547, 1.5), (29.799999237060547, 24.799999237060547, 1.5), (29.799999237060547, 25.799999237060547, 1.5), (29.799999237060547, 26.799999237060547, 1.5), (29.799999237060547, 27.799999237060547, 1.5), (30.799999237060547, 24.799999237060547, 1.5), (30.799999237060547, 25.799999237060547, 1.5), (30.799999237060547, 26.799999237060547, 1.5), (30.799999237060547, 27.799999237060547, 1.5), (31.799999237060547, 24.799999237060547, 1.5), (31.799999237060547, 25.799999237060547, 1.5), (31.799999237060547, 26.799999237060547, 1.5), (31.799999237060547, 27.799999237060547, 1.5)]
        double aeco:cctvTarget:requiredDensity = 0
        custom token aeco:phase = "proposed"
    }

    def Xform "sp_hall_a_tile_33" (
        prepend apiSchemas = ["AecoCctvTargetAPI"]
    )
    {
        double aeco:cctvTarget:gridSpacing = 1
        double aeco:cctvTarget:passFraction = 1
        double3[] aeco:cctvTarget:points = [(28.799999237060547, 28.799999237060547, 1.5), (28.799999237060547, 29.799999237060547, 1.5), (28.799999237060547, 30.799999237060547, 1.5), (28.799999237060547, 31.799999237060547, 1.5), (29.799999237060547, 28.799999237060547, 1.5), (29.799999237060547, 29.799999237060547, 1.5), (29.799999237060547, 30.799999237060547, 1.5), (29.799999237060547, 31.799999237060547, 1.5), (30.799999237060547, 28.799999237060547, 1.5), (30.799999237060547, 29.799999237060547, 1.5), (30.799999237060547, 30.799999237060547, 1.5), (30.799999237060547, 31.799999237060547, 1.5), (31.799999237060547, 28.799999237060547, 1.5), (31.799999237060547, 29.799999237060547, 1.5), (31.799999237060547, 30.799999237060547, 1.5), (31.799999237060547, 31.799999237060547, 1.5)]
        double aeco:cctvTarget:requiredDensity = 0
        custom token aeco:phase = "proposed"
    }

    def Xform "sp_hall_a_tile_34" (
        prepend apiSchemas = ["AecoCctvTargetAPI"]
    )
    {
        double aeco:cctvTarget:gridSpacing = 1
        double aeco:cctvTarget:passFraction = 1
        double3[] aeco:cctvTarget:points = [(28.799999237060547, 32.79999923706055, 1.5), (28.799999237060547, 33.79999923706055, 1.5), (28.799999237060547, 34.79999923706055, 1.5), (29.799999237060547, 32.79999923706055, 1.5), (29.799999237060547, 33.79999923706055, 1.5), (29.799999237060547, 34.79999923706055, 1.5), (30.799999237060547, 32.79999923706055, 1.5), (30.799999237060547, 33.79999923706055, 1.5), (30.799999237060547, 34.79999923706055, 1.5), (31.799999237060547, 32.79999923706055, 1.5), (31.799999237060547, 33.79999923706055, 1.5), (31.799999237060547, 34.79999923706055, 1.5)]
        double aeco:cctvTarget:requiredDensity = 0
        custom token aeco:phase = "proposed"
    }

    def Xform "sp_hall_a_tile_35" (
        prepend apiSchemas = ["AecoCctvTargetAPI"]
    )
    {
        double aeco:cctvTarget:gridSpacing = 1
        double aeco:cctvTarget:passFraction = 1
        double3[] aeco:cctvTarget:points = [(32.79999923706055, 18.799999237060547, 1.5), (32.79999923706055, 19.799999237060547, 1.5)]
        double aeco:cctvTarget:requiredDensity = 0
        custom token aeco:phase = "proposed"
    }

    def Xform "sp_hall_a_tile_36" (
        prepend apiSchemas = ["AecoCctvTargetAPI"]
    )
    {
        double aeco:cctvTarget:gridSpacing = 1
        double aeco:cctvTarget:passFraction = 1
        double3[] aeco:cctvTarget:points = [(32.79999923706055, 20.799999237060547, 1.5), (32.79999923706055, 21.799999237060547, 1.5), (32.79999923706055, 22.799999237060547, 1.5), (32.79999923706055, 23.799999237060547, 1.5)]
        double aeco:cctvTarget:requiredDensity = 0
        custom token aeco:phase = "proposed"
    }

    def Xform "sp_hall_a_tile_37" (
        prepend apiSchemas = ["AecoCctvTargetAPI"]
    )
    {
        double aeco:cctvTarget:gridSpacing = 1
        double aeco:cctvTarget:passFraction = 1
        double3[] aeco:cctvTarget:points = [(32.79999923706055, 24.799999237060547, 1.5), (32.79999923706055, 25.799999237060547, 1.5), (32.79999923706055, 26.799999237060547, 1.5), (32.79999923706055, 27.799999237060547, 1.5)]
        double aeco:cctvTarget:requiredDensity = 0
        custom token aeco:phase = "proposed"
    }

    def Xform "sp_hall_a_tile_38" (
        prepend apiSchemas = ["AecoCctvTargetAPI"]
    )
    {
        double aeco:cctvTarget:gridSpacing = 1
        double aeco:cctvTarget:passFraction = 1
        double3[] aeco:cctvTarget:points = [(32.79999923706055, 28.799999237060547, 1.5), (32.79999923706055, 29.799999237060547, 1.5), (32.79999923706055, 30.799999237060547, 1.5), (32.79999923706055, 31.799999237060547, 1.5)]
        double aeco:cctvTarget:requiredDensity = 0
        custom token aeco:phase = "proposed"
    }

    def Xform "sp_hall_a_tile_39" (
        prepend apiSchemas = ["AecoCctvTargetAPI"]
    )
    {
        double aeco:cctvTarget:gridSpacing = 1
        double aeco:cctvTarget:passFraction = 1
        double3[] aeco:cctvTarget:points = [(32.79999923706055, 32.79999923706055, 1.5), (32.79999923706055, 33.79999923706055, 1.5), (32.79999923706055, 34.79999923706055, 1.5)]
        double aeco:cctvTarget:requiredDensity = 0
        custom token aeco:phase = "proposed"
    }

    def Xform "sp_hall_b_tile_0" (
        prepend apiSchemas = ["AecoCctvTargetAPI"]
    )
    {
        double aeco:cctvTarget:gridSpacing = 1
        double aeco:cctvTarget:passFraction = 1
        double3[] aeco:cctvTarget:points = [(38.79999923706055, 18.799999237060547, 1.5), (38.79999923706055, 19.799999237060547, 1.5), (39.79999923706055, 18.799999237060547, 1.5), (39.79999923706055, 19.799999237060547, 1.5)]
        double aeco:cctvTarget:requiredDensity = 0
        custom token aeco:phase = "proposed"
    }

    def Xform "sp_hall_b_tile_1" (
        prepend apiSchemas = ["AecoCctvTargetAPI"]
    )
    {
        double aeco:cctvTarget:gridSpacing = 1
        double aeco:cctvTarget:passFraction = 1
        double3[] aeco:cctvTarget:points = [(38.79999923706055, 20.799999237060547, 1.5), (38.79999923706055, 21.799999237060547, 1.5), (38.79999923706055, 22.799999237060547, 1.5), (38.79999923706055, 23.799999237060547, 1.5), (39.79999923706055, 20.799999237060547, 1.5), (39.79999923706055, 21.799999237060547, 1.5), (39.79999923706055, 22.799999237060547, 1.5), (39.79999923706055, 23.799999237060547, 1.5)]
        double aeco:cctvTarget:requiredDensity = 0
        custom token aeco:phase = "proposed"
    }

    def Xform "sp_hall_b_tile_2" (
        prepend apiSchemas = ["AecoCctvTargetAPI"]
    )
    {
        double aeco:cctvTarget:gridSpacing = 1
        double aeco:cctvTarget:passFraction = 1
        double3[] aeco:cctvTarget:points = [(38.79999923706055, 24.799999237060547, 1.5), (38.79999923706055, 25.799999237060547, 1.5), (38.79999923706055, 26.799999237060547, 1.5), (38.79999923706055, 27.799999237060547, 1.5), (39.79999923706055, 24.799999237060547, 1.5), (39.79999923706055, 25.799999237060547, 1.5), (39.79999923706055, 26.799999237060547, 1.5), (39.79999923706055, 27.799999237060547, 1.5)]
        double aeco:cctvTarget:requiredDensity = 0
        custom token aeco:phase = "proposed"
    }

    def Xform "sp_hall_b_tile_3" (
        prepend apiSchemas = ["AecoCctvTargetAPI"]
    )
    {
        double aeco:cctvTarget:gridSpacing = 1
        double aeco:cctvTarget:passFraction = 1
        double3[] aeco:cctvTarget:points = [(38.79999923706055, 28.799999237060547, 1.5), (38.79999923706055, 29.799999237060547, 1.5), (38.79999923706055, 30.799999237060547, 1.5), (38.79999923706055, 31.799999237060547, 1.5), (39.79999923706055, 28.799999237060547, 1.5), (39.79999923706055, 29.799999237060547, 1.5), (39.79999923706055, 30.799999237060547, 1.5), (39.79999923706055, 31.799999237060547, 1.5)]
        double aeco:cctvTarget:requiredDensity = 0
        custom token aeco:phase = "proposed"
    }

    def Xform "sp_hall_b_tile_4" (
        prepend apiSchemas = ["AecoCctvTargetAPI"]
    )
    {
        double aeco:cctvTarget:gridSpacing = 1
        double aeco:cctvTarget:passFraction = 1
        double3[] aeco:cctvTarget:points = [(38.79999923706055, 32.79999923706055, 1.5), (38.79999923706055, 33.79999923706055, 1.5), (38.79999923706055, 34.79999923706055, 1.5), (39.79999923706055, 32.79999923706055, 1.5), (39.79999923706055, 33.79999923706055, 1.5), (39.79999923706055, 34.79999923706055, 1.5)]
        double aeco:cctvTarget:requiredDensity = 0
        custom token aeco:phase = "proposed"
    }

    def Xform "sp_hall_b_tile_5" (
        prepend apiSchemas = ["AecoCctvTargetAPI"]
    )
    {
        double aeco:cctvTarget:gridSpacing = 1
        double aeco:cctvTarget:passFraction = 1
        double3[] aeco:cctvTarget:points = [(40.79999923706055, 18.799999237060547, 1.5), (40.79999923706055, 19.799999237060547, 1.5), (41.79999923706055, 18.799999237060547, 1.5), (41.79999923706055, 19.799999237060547, 1.5), (42.79999923706055, 18.799999237060547, 1.5), (42.79999923706055, 19.799999237060547, 1.5), (43.79999923706055, 18.799999237060547, 1.5), (43.79999923706055, 19.799999237060547, 1.5)]
        double aeco:cctvTarget:requiredDensity = 0
        custom token aeco:phase = "proposed"
    }

    def Xform "sp_hall_b_tile_6" (
        prepend apiSchemas = ["AecoCctvTargetAPI"]
    )
    {
        double aeco:cctvTarget:gridSpacing = 1
        double aeco:cctvTarget:passFraction = 1
        double3[] aeco:cctvTarget:points = [(40.79999923706055, 20.799999237060547, 1.5), (40.79999923706055, 21.799999237060547, 1.5), (40.79999923706055, 22.799999237060547, 1.5), (40.79999923706055, 23.799999237060547, 1.5), (41.79999923706055, 20.799999237060547, 1.5), (41.79999923706055, 21.799999237060547, 1.5), (41.79999923706055, 22.799999237060547, 1.5), (41.79999923706055, 23.799999237060547, 1.5), (42.79999923706055, 20.799999237060547, 1.5), (42.79999923706055, 21.799999237060547, 1.5), (42.79999923706055, 22.799999237060547, 1.5), (42.79999923706055, 23.799999237060547, 1.5), (43.79999923706055, 20.799999237060547, 1.5), (43.79999923706055, 21.799999237060547, 1.5), (43.79999923706055, 22.799999237060547, 1.5), (43.79999923706055, 23.799999237060547, 1.5)]
        double aeco:cctvTarget:requiredDensity = 0
        custom token aeco:phase = "proposed"
    }

    def Xform "sp_hall_b_tile_7" (
        prepend apiSchemas = ["AecoCctvTargetAPI"]
    )
    {
        double aeco:cctvTarget:gridSpacing = 1
        double aeco:cctvTarget:passFraction = 1
        double3[] aeco:cctvTarget:points = [(40.79999923706055, 24.799999237060547, 1.5), (40.79999923706055, 25.799999237060547, 1.5), (40.79999923706055, 26.799999237060547, 1.5), (40.79999923706055, 27.799999237060547, 1.5), (41.79999923706055, 24.799999237060547, 1.5), (41.79999923706055, 25.799999237060547, 1.5), (41.79999923706055, 26.799999237060547, 1.5), (41.79999923706055, 27.799999237060547, 1.5), (42.79999923706055, 24.799999237060547, 1.5), (42.79999923706055, 25.799999237060547, 1.5), (42.79999923706055, 26.799999237060547, 1.5), (42.79999923706055, 27.799999237060547, 1.5), (43.79999923706055, 24.799999237060547, 1.5), (43.79999923706055, 25.799999237060547, 1.5), (43.79999923706055, 26.799999237060547, 1.5), (43.79999923706055, 27.799999237060547, 1.5)]
        double aeco:cctvTarget:requiredDensity = 0
        custom token aeco:phase = "proposed"
    }

    def Xform "sp_hall_b_tile_8" (
        prepend apiSchemas = ["AecoCctvTargetAPI"]
    )
    {
        double aeco:cctvTarget:gridSpacing = 1
        double aeco:cctvTarget:passFraction = 1
        double3[] aeco:cctvTarget:points = [(40.79999923706055, 28.799999237060547, 1.5), (40.79999923706055, 29.799999237060547, 1.5), (40.79999923706055, 30.799999237060547, 1.5), (40.79999923706055, 31.799999237060547, 1.5), (41.79999923706055, 28.799999237060547, 1.5), (41.79999923706055, 29.799999237060547, 1.5), (41.79999923706055, 30.799999237060547, 1.5), (41.79999923706055, 31.799999237060547, 1.5), (42.79999923706055, 28.799999237060547, 1.5), (42.79999923706055, 29.799999237060547, 1.5), (42.79999923706055, 30.799999237060547, 1.5), (42.79999923706055, 31.799999237060547, 1.5), (43.79999923706055, 28.799999237060547, 1.5), (43.79999923706055, 29.799999237060547, 1.5), (43.79999923706055, 30.799999237060547, 1.5), (43.79999923706055, 31.799999237060547, 1.5)]
        double aeco:cctvTarget:requiredDensity = 0
        custom token aeco:phase = "proposed"
    }

    def Xform "sp_hall_b_tile_9" (
        prepend apiSchemas = ["AecoCctvTargetAPI"]
    )
    {
        double aeco:cctvTarget:gridSpacing = 1
        double aeco:cctvTarget:passFraction = 1
        double3[] aeco:cctvTarget:points = [(40.79999923706055, 32.79999923706055, 1.5), (40.79999923706055, 33.79999923706055, 1.5), (40.79999923706055, 34.79999923706055, 1.5), (41.79999923706055, 32.79999923706055, 1.5), (41.79999923706055, 33.79999923706055, 1.5), (41.79999923706055, 34.79999923706055, 1.5), (42.79999923706055, 32.79999923706055, 1.5), (42.79999923706055, 33.79999923706055, 1.5), (42.79999923706055, 34.79999923706055, 1.5), (43.79999923706055, 32.79999923706055, 1.5), (43.79999923706055, 33.79999923706055, 1.5), (43.79999923706055, 34.79999923706055, 1.5)]
        double aeco:cctvTarget:requiredDensity = 0
        custom token aeco:phase = "proposed"
    }

    def Xform "sp_hall_b_tile_10" (
        prepend apiSchemas = ["AecoCctvTargetAPI"]
    )
    {
        double aeco:cctvTarget:gridSpacing = 1
        double aeco:cctvTarget:passFraction = 1
        double3[] aeco:cctvTarget:points = [(44.79999923706055, 18.799999237060547, 1.5), (44.79999923706055, 19.799999237060547, 1.5), (45.79999923706055, 18.799999237060547, 1.5), (45.79999923706055, 19.799999237060547, 1.5), (46.79999923706055, 18.799999237060547, 1.5), (46.79999923706055, 19.799999237060547, 1.5), (47.79999923706055, 18.799999237060547, 1.5), (47.79999923706055, 19.799999237060547, 1.5)]
        double aeco:cctvTarget:requiredDensity = 0
        custom token aeco:phase = "proposed"
    }

    def Xform "sp_hall_b_tile_11" (
        prepend apiSchemas = ["AecoCctvTargetAPI"]
    )
    {
        double aeco:cctvTarget:gridSpacing = 1
        double aeco:cctvTarget:passFraction = 1
        double3[] aeco:cctvTarget:points = [(44.79999923706055, 20.799999237060547, 1.5), (44.79999923706055, 21.799999237060547, 1.5), (44.79999923706055, 22.799999237060547, 1.5), (44.79999923706055, 23.799999237060547, 1.5), (45.79999923706055, 20.799999237060547, 1.5), (45.79999923706055, 21.799999237060547, 1.5), (45.79999923706055, 22.799999237060547, 1.5), (45.79999923706055, 23.799999237060547, 1.5), (46.79999923706055, 20.799999237060547, 1.5), (46.79999923706055, 21.799999237060547, 1.5), (46.79999923706055, 22.799999237060547, 1.5), (46.79999923706055, 23.799999237060547, 1.5), (47.79999923706055, 20.799999237060547, 1.5), (47.79999923706055, 21.799999237060547, 1.5), (47.79999923706055, 22.799999237060547, 1.5), (47.79999923706055, 23.799999237060547, 1.5)]
        double aeco:cctvTarget:requiredDensity = 0
        custom token aeco:phase = "proposed"
    }

    def Xform "sp_hall_b_tile_12" (
        prepend apiSchemas = ["AecoCctvTargetAPI"]
    )
    {
        double aeco:cctvTarget:gridSpacing = 1
        double aeco:cctvTarget:passFraction = 1
        double3[] aeco:cctvTarget:points = [(44.79999923706055, 24.799999237060547, 1.5), (44.79999923706055, 25.799999237060547, 1.5), (44.79999923706055, 26.799999237060547, 1.5), (44.79999923706055, 27.799999237060547, 1.5), (45.79999923706055, 24.799999237060547, 1.5), (45.79999923706055, 25.799999237060547, 1.5), (45.79999923706055, 26.799999237060547, 1.5), (45.79999923706055, 27.799999237060547, 1.5), (46.79999923706055, 24.799999237060547, 1.5), (46.79999923706055, 25.799999237060547, 1.5), (46.79999923706055, 26.799999237060547, 1.5), (46.79999923706055, 27.799999237060547, 1.5), (47.79999923706055, 24.799999237060547, 1.5), (47.79999923706055, 25.799999237060547, 1.5), (47.79999923706055, 26.799999237060547, 1.5), (47.79999923706055, 27.799999237060547, 1.5)]
        double aeco:cctvTarget:requiredDensity = 0
        custom token aeco:phase = "proposed"
    }

    def Xform "sp_hall_b_tile_13" (
        prepend apiSchemas = ["AecoCctvTargetAPI"]
    )
    {
        double aeco:cctvTarget:gridSpacing = 1
        double aeco:cctvTarget:passFraction = 1
        double3[] aeco:cctvTarget:points = [(44.79999923706055, 28.799999237060547, 1.5), (44.79999923706055, 29.799999237060547, 1.5), (44.79999923706055, 30.799999237060547, 1.5), (44.79999923706055, 31.799999237060547, 1.5), (45.79999923706055, 28.799999237060547, 1.5), (45.79999923706055, 29.799999237060547, 1.5), (45.79999923706055, 30.799999237060547, 1.5), (45.79999923706055, 31.799999237060547, 1.5), (46.79999923706055, 28.799999237060547, 1.5), (46.79999923706055, 29.799999237060547, 1.5), (46.79999923706055, 30.799999237060547, 1.5), (46.79999923706055, 31.799999237060547, 1.5), (47.79999923706055, 28.799999237060547, 1.5), (47.79999923706055, 29.799999237060547, 1.5), (47.79999923706055, 30.799999237060547, 1.5), (47.79999923706055, 31.799999237060547, 1.5)]
        double aeco:cctvTarget:requiredDensity = 0
        custom token aeco:phase = "proposed"
    }

    def Xform "sp_hall_b_tile_14" (
        prepend apiSchemas = ["AecoCctvTargetAPI"]
    )
    {
        double aeco:cctvTarget:gridSpacing = 1
        double aeco:cctvTarget:passFraction = 1
        double3[] aeco:cctvTarget:points = [(44.79999923706055, 32.79999923706055, 1.5), (44.79999923706055, 33.79999923706055, 1.5), (44.79999923706055, 34.79999923706055, 1.5), (45.79999923706055, 32.79999923706055, 1.5), (45.79999923706055, 33.79999923706055, 1.5), (45.79999923706055, 34.79999923706055, 1.5), (46.79999923706055, 32.79999923706055, 1.5), (46.79999923706055, 33.79999923706055, 1.5), (46.79999923706055, 34.79999923706055, 1.5), (47.79999923706055, 32.79999923706055, 1.5), (47.79999923706055, 33.79999923706055, 1.5), (47.79999923706055, 34.79999923706055, 1.5)]
        double aeco:cctvTarget:requiredDensity = 0
        custom token aeco:phase = "proposed"
    }

    def Xform "sp_hall_b_tile_15" (
        prepend apiSchemas = ["AecoCctvTargetAPI"]
    )
    {
        double aeco:cctvTarget:gridSpacing = 1
        double aeco:cctvTarget:passFraction = 1
        double3[] aeco:cctvTarget:points = [(48.79999923706055, 18.799999237060547, 1.5), (48.79999923706055, 19.799999237060547, 1.5), (49.79999923706055, 18.799999237060547, 1.5), (49.79999923706055, 19.799999237060547, 1.5), (50.79999923706055, 18.799999237060547, 1.5), (50.79999923706055, 19.799999237060547, 1.5), (51.79999923706055, 18.799999237060547, 1.5), (51.79999923706055, 19.799999237060547, 1.5)]
        double aeco:cctvTarget:requiredDensity = 0
        custom token aeco:phase = "proposed"
    }

    def Xform "sp_hall_b_tile_16" (
        prepend apiSchemas = ["AecoCctvTargetAPI"]
    )
    {
        double aeco:cctvTarget:gridSpacing = 1
        double aeco:cctvTarget:passFraction = 1
        double3[] aeco:cctvTarget:points = [(48.79999923706055, 20.799999237060547, 1.5), (48.79999923706055, 21.799999237060547, 1.5), (48.79999923706055, 22.799999237060547, 1.5), (48.79999923706055, 23.799999237060547, 1.5), (49.79999923706055, 20.799999237060547, 1.5), (49.79999923706055, 21.799999237060547, 1.5), (49.79999923706055, 22.799999237060547, 1.5), (49.79999923706055, 23.799999237060547, 1.5), (50.79999923706055, 20.799999237060547, 1.5), (50.79999923706055, 21.799999237060547, 1.5), (50.79999923706055, 22.799999237060547, 1.5), (50.79999923706055, 23.799999237060547, 1.5), (51.79999923706055, 20.799999237060547, 1.5), (51.79999923706055, 21.799999237060547, 1.5), (51.79999923706055, 22.799999237060547, 1.5), (51.79999923706055, 23.799999237060547, 1.5)]
        double aeco:cctvTarget:requiredDensity = 0
        custom token aeco:phase = "proposed"
    }

    def Xform "sp_hall_b_tile_17" (
        prepend apiSchemas = ["AecoCctvTargetAPI"]
    )
    {
        double aeco:cctvTarget:gridSpacing = 1
        double aeco:cctvTarget:passFraction = 1
        double3[] aeco:cctvTarget:points = [(48.79999923706055, 24.799999237060547, 1.5), (48.79999923706055, 25.799999237060547, 1.5), (48.79999923706055, 26.799999237060547, 1.5), (48.79999923706055, 27.799999237060547, 1.5), (49.79999923706055, 24.799999237060547, 1.5), (49.79999923706055, 25.799999237060547, 1.5), (49.79999923706055, 26.799999237060547, 1.5), (49.79999923706055, 27.799999237060547, 1.5), (50.79999923706055, 24.799999237060547, 1.5), (50.79999923706055, 25.799999237060547, 1.5), (50.79999923706055, 26.799999237060547, 1.5), (50.79999923706055, 27.799999237060547, 1.5), (51.79999923706055, 24.799999237060547, 1.5), (51.79999923706055, 25.799999237060547, 1.5), (51.79999923706055, 26.799999237060547, 1.5), (51.79999923706055, 27.799999237060547, 1.5)]
        double aeco:cctvTarget:requiredDensity = 0
        custom token aeco:phase = "proposed"
    }

    def Xform "sp_hall_b_tile_18" (
        prepend apiSchemas = ["AecoCctvTargetAPI"]
    )
    {
        double aeco:cctvTarget:gridSpacing = 1
        double aeco:cctvTarget:passFraction = 1
        double3[] aeco:cctvTarget:points = [(48.79999923706055, 28.799999237060547, 1.5), (48.79999923706055, 29.799999237060547, 1.5), (48.79999923706055, 30.799999237060547, 1.5), (48.79999923706055, 31.799999237060547, 1.5), (49.79999923706055, 28.799999237060547, 1.5), (49.79999923706055, 29.799999237060547, 1.5), (49.79999923706055, 30.799999237060547, 1.5), (49.79999923706055, 31.799999237060547, 1.5), (50.79999923706055, 28.799999237060547, 1.5), (50.79999923706055, 29.799999237060547, 1.5), (50.79999923706055, 30.799999237060547, 1.5), (50.79999923706055, 31.799999237060547, 1.5), (51.79999923706055, 28.799999237060547, 1.5), (51.79999923706055, 29.799999237060547, 1.5), (51.79999923706055, 30.799999237060547, 1.5), (51.79999923706055, 31.799999237060547, 1.5)]
        double aeco:cctvTarget:requiredDensity = 0
        custom token aeco:phase = "proposed"
    }

    def Xform "sp_hall_b_tile_19" (
        prepend apiSchemas = ["AecoCctvTargetAPI"]
    )
    {
        double aeco:cctvTarget:gridSpacing = 1
        double aeco:cctvTarget:passFraction = 1
        double3[] aeco:cctvTarget:points = [(48.79999923706055, 32.79999923706055, 1.5), (48.79999923706055, 33.79999923706055, 1.5), (48.79999923706055, 34.79999923706055, 1.5), (49.79999923706055, 32.79999923706055, 1.5), (49.79999923706055, 33.79999923706055, 1.5), (49.79999923706055, 34.79999923706055, 1.5), (50.79999923706055, 32.79999923706055, 1.5), (50.79999923706055, 33.79999923706055, 1.5), (50.79999923706055, 34.79999923706055, 1.5), (51.79999923706055, 32.79999923706055, 1.5), (51.79999923706055, 33.79999923706055, 1.5), (51.79999923706055, 34.79999923706055, 1.5)]
        double aeco:cctvTarget:requiredDensity = 0
        custom token aeco:phase = "proposed"
    }

    def Xform "sp_hall_b_tile_20" (
        prepend apiSchemas = ["AecoCctvTargetAPI"]
    )
    {
        double aeco:cctvTarget:gridSpacing = 1
        double aeco:cctvTarget:passFraction = 1
        double3[] aeco:cctvTarget:points = [(52.79999923706055, 18.799999237060547, 1.5), (52.79999923706055, 19.799999237060547, 1.5), (53.79999923706055, 18.799999237060547, 1.5), (53.79999923706055, 19.799999237060547, 1.5), (54.79999923706055, 18.799999237060547, 1.5), (54.79999923706055, 19.799999237060547, 1.5), (55.79999923706055, 18.799999237060547, 1.5), (55.79999923706055, 19.799999237060547, 1.5)]
        double aeco:cctvTarget:requiredDensity = 0
        custom token aeco:phase = "proposed"
    }

    def Xform "sp_hall_b_tile_21" (
        prepend apiSchemas = ["AecoCctvTargetAPI"]
    )
    {
        double aeco:cctvTarget:gridSpacing = 1
        double aeco:cctvTarget:passFraction = 1
        double3[] aeco:cctvTarget:points = [(52.79999923706055, 20.799999237060547, 1.5), (52.79999923706055, 21.799999237060547, 1.5), (52.79999923706055, 22.799999237060547, 1.5), (52.79999923706055, 23.799999237060547, 1.5), (53.79999923706055, 20.799999237060547, 1.5), (53.79999923706055, 21.799999237060547, 1.5), (53.79999923706055, 22.799999237060547, 1.5), (53.79999923706055, 23.799999237060547, 1.5), (54.79999923706055, 20.799999237060547, 1.5), (54.79999923706055, 21.799999237060547, 1.5), (54.79999923706055, 22.799999237060547, 1.5), (54.79999923706055, 23.799999237060547, 1.5), (55.79999923706055, 20.799999237060547, 1.5), (55.79999923706055, 21.799999237060547, 1.5), (55.79999923706055, 22.799999237060547, 1.5), (55.79999923706055, 23.799999237060547, 1.5)]
        double aeco:cctvTarget:requiredDensity = 0
        custom token aeco:phase = "proposed"
    }

    def Xform "sp_hall_b_tile_22" (
        prepend apiSchemas = ["AecoCctvTargetAPI"]
    )
    {
        double aeco:cctvTarget:gridSpacing = 1
        double aeco:cctvTarget:passFraction = 1
        double3[] aeco:cctvTarget:points = [(52.79999923706055, 24.799999237060547, 1.5), (52.79999923706055, 25.799999237060547, 1.5), (52.79999923706055, 26.799999237060547, 1.5), (52.79999923706055, 27.799999237060547, 1.5), (53.79999923706055, 24.799999237060547, 1.5), (53.79999923706055, 25.799999237060547, 1.5), (53.79999923706055, 26.799999237060547, 1.5), (53.79999923706055, 27.799999237060547, 1.5), (54.79999923706055, 24.799999237060547, 1.5), (54.79999923706055, 25.799999237060547, 1.5), (54.79999923706055, 26.799999237060547, 1.5), (54.79999923706055, 27.799999237060547, 1.5), (55.79999923706055, 24.799999237060547, 1.5), (55.79999923706055, 25.799999237060547, 1.5), (55.79999923706055, 26.799999237060547, 1.5), (55.79999923706055, 27.799999237060547, 1.5)]
        double aeco:cctvTarget:requiredDensity = 0
        custom token aeco:phase = "proposed"
    }

    def Xform "sp_hall_b_tile_23" (
        prepend apiSchemas = ["AecoCctvTargetAPI"]
    )
    {
        double aeco:cctvTarget:gridSpacing = 1
        double aeco:cctvTarget:passFraction = 1
        double3[] aeco:cctvTarget:points = [(52.79999923706055, 28.799999237060547, 1.5), (52.79999923706055, 29.799999237060547, 1.5), (52.79999923706055, 30.799999237060547, 1.5), (52.79999923706055, 31.799999237060547, 1.5), (53.79999923706055, 28.799999237060547, 1.5), (53.79999923706055, 29.799999237060547, 1.5), (53.79999923706055, 30.799999237060547, 1.5), (53.79999923706055, 31.799999237060547, 1.5), (54.79999923706055, 28.799999237060547, 1.5), (54.79999923706055, 29.799999237060547, 1.5), (54.79999923706055, 30.799999237060547, 1.5), (54.79999923706055, 31.799999237060547, 1.5), (55.79999923706055, 28.799999237060547, 1.5), (55.79999923706055, 29.799999237060547, 1.5), (55.79999923706055, 30.799999237060547, 1.5), (55.79999923706055, 31.799999237060547, 1.5)]
        double aeco:cctvTarget:requiredDensity = 0
        custom token aeco:phase = "proposed"
    }

    def Xform "sp_hall_b_tile_24" (
        prepend apiSchemas = ["AecoCctvTargetAPI"]
    )
    {
        double aeco:cctvTarget:gridSpacing = 1
        double aeco:cctvTarget:passFraction = 1
        double3[] aeco:cctvTarget:points = [(52.79999923706055, 32.79999923706055, 1.5), (52.79999923706055, 33.79999923706055, 1.5), (52.79999923706055, 34.79999923706055, 1.5), (53.79999923706055, 32.79999923706055, 1.5), (53.79999923706055, 33.79999923706055, 1.5), (53.79999923706055, 34.79999923706055, 1.5), (54.79999923706055, 32.79999923706055, 1.5), (54.79999923706055, 33.79999923706055, 1.5), (54.79999923706055, 34.79999923706055, 1.5), (55.79999923706055, 32.79999923706055, 1.5), (55.79999923706055, 33.79999923706055, 1.5), (55.79999923706055, 34.79999923706055, 1.5)]
        double aeco:cctvTarget:requiredDensity = 0
        custom token aeco:phase = "proposed"
    }

    def Xform "sp_hall_b_tile_25" (
        prepend apiSchemas = ["AecoCctvTargetAPI"]
    )
    {
        double aeco:cctvTarget:gridSpacing = 1
        double aeco:cctvTarget:passFraction = 1
        double3[] aeco:cctvTarget:points = [(56.79999923706055, 18.799999237060547, 1.5), (56.79999923706055, 19.799999237060547, 1.5), (57.79999923706055, 18.799999237060547, 1.5), (57.79999923706055, 19.799999237060547, 1.5), (58.79999923706055, 18.799999237060547, 1.5), (58.79999923706055, 19.799999237060547, 1.5), (59.79999923706055, 18.799999237060547, 1.5), (59.79999923706055, 19.799999237060547, 1.5)]
        double aeco:cctvTarget:requiredDensity = 0
        custom token aeco:phase = "proposed"
    }

    def Xform "sp_hall_b_tile_26" (
        prepend apiSchemas = ["AecoCctvTargetAPI"]
    )
    {
        double aeco:cctvTarget:gridSpacing = 1
        double aeco:cctvTarget:passFraction = 1
        double3[] aeco:cctvTarget:points = [(56.79999923706055, 20.799999237060547, 1.5), (56.79999923706055, 21.799999237060547, 1.5), (56.79999923706055, 22.799999237060547, 1.5), (56.79999923706055, 23.799999237060547, 1.5), (57.79999923706055, 20.799999237060547, 1.5), (57.79999923706055, 21.799999237060547, 1.5), (57.79999923706055, 22.799999237060547, 1.5), (57.79999923706055, 23.799999237060547, 1.5), (58.79999923706055, 20.799999237060547, 1.5), (58.79999923706055, 21.799999237060547, 1.5), (58.79999923706055, 22.799999237060547, 1.5), (58.79999923706055, 23.799999237060547, 1.5), (59.79999923706055, 20.799999237060547, 1.5), (59.79999923706055, 21.799999237060547, 1.5), (59.79999923706055, 22.799999237060547, 1.5), (59.79999923706055, 23.799999237060547, 1.5)]
        double aeco:cctvTarget:requiredDensity = 0
        custom token aeco:phase = "proposed"
    }

    def Xform "sp_hall_b_tile_27" (
        prepend apiSchemas = ["AecoCctvTargetAPI"]
    )
    {
        double aeco:cctvTarget:gridSpacing = 1
        double aeco:cctvTarget:passFraction = 1
        double3[] aeco:cctvTarget:points = [(56.79999923706055, 24.799999237060547, 1.5), (56.79999923706055, 25.799999237060547, 1.5), (56.79999923706055, 26.799999237060547, 1.5), (56.79999923706055, 27.799999237060547, 1.5), (57.79999923706055, 24.799999237060547, 1.5), (57.79999923706055, 25.799999237060547, 1.5), (57.79999923706055, 26.799999237060547, 1.5), (57.79999923706055, 27.799999237060547, 1.5), (58.79999923706055, 24.799999237060547, 1.5), (58.79999923706055, 25.799999237060547, 1.5), (58.79999923706055, 26.799999237060547, 1.5), (58.79999923706055, 27.799999237060547, 1.5), (59.79999923706055, 24.799999237060547, 1.5), (59.79999923706055, 25.799999237060547, 1.5), (59.79999923706055, 26.799999237060547, 1.5), (59.79999923706055, 27.799999237060547, 1.5)]
        double aeco:cctvTarget:requiredDensity = 0
        custom token aeco:phase = "proposed"
    }

    def Xform "sp_hall_b_tile_28" (
        prepend apiSchemas = ["AecoCctvTargetAPI"]
    )
    {
        double aeco:cctvTarget:gridSpacing = 1
        double aeco:cctvTarget:passFraction = 1
        double3[] aeco:cctvTarget:points = [(56.79999923706055, 28.799999237060547, 1.5), (56.79999923706055, 29.799999237060547, 1.5), (56.79999923706055, 30.799999237060547, 1.5), (56.79999923706055, 31.799999237060547, 1.5), (57.79999923706055, 28.799999237060547, 1.5), (57.79999923706055, 29.799999237060547, 1.5), (57.79999923706055, 30.799999237060547, 1.5), (57.79999923706055, 31.799999237060547, 1.5), (58.79999923706055, 28.799999237060547, 1.5), (58.79999923706055, 29.799999237060547, 1.5), (58.79999923706055, 30.799999237060547, 1.5), (58.79999923706055, 31.799999237060547, 1.5), (59.79999923706055, 28.799999237060547, 1.5), (59.79999923706055, 29.799999237060547, 1.5), (59.79999923706055, 30.799999237060547, 1.5), (59.79999923706055, 31.799999237060547, 1.5)]
        double aeco:cctvTarget:requiredDensity = 0
        custom token aeco:phase = "proposed"
    }

    def Xform "sp_hall_b_tile_29" (
        prepend apiSchemas = ["AecoCctvTargetAPI"]
    )
    {
        double aeco:cctvTarget:gridSpacing = 1
        double aeco:cctvTarget:passFraction = 1
        double3[] aeco:cctvTarget:points = [(56.79999923706055, 32.79999923706055, 1.5), (56.79999923706055, 33.79999923706055, 1.5), (56.79999923706055, 34.79999923706055, 1.5), (57.79999923706055, 32.79999923706055, 1.5), (57.79999923706055, 33.79999923706055, 1.5), (57.79999923706055, 34.79999923706055, 1.5), (58.79999923706055, 32.79999923706055, 1.5), (58.79999923706055, 33.79999923706055, 1.5), (58.79999923706055, 34.79999923706055, 1.5), (59.79999923706055, 32.79999923706055, 1.5), (59.79999923706055, 33.79999923706055, 1.5), (59.79999923706055, 34.79999923706055, 1.5)]
        double aeco:cctvTarget:requiredDensity = 0
        custom token aeco:phase = "proposed"
    }

    def Xform "sp_hall_b_tile_30" (
        prepend apiSchemas = ["AecoCctvTargetAPI"]
    )
    {
        double aeco:cctvTarget:gridSpacing = 1
        double aeco:cctvTarget:passFraction = 1
        double3[] aeco:cctvTarget:points = [(60.79999923706055, 18.799999237060547, 1.5), (60.79999923706055, 19.799999237060547, 1.5), (61.79999923706055, 18.799999237060547, 1.5), (61.79999923706055, 19.799999237060547, 1.5), (62.79999923706055, 18.799999237060547, 1.5), (62.79999923706055, 19.799999237060547, 1.5), (63.79999923706055, 18.799999237060547, 1.5), (63.79999923706055, 19.799999237060547, 1.5)]
        double aeco:cctvTarget:requiredDensity = 0
        custom token aeco:phase = "proposed"
    }

    def Xform "sp_hall_b_tile_31" (
        prepend apiSchemas = ["AecoCctvTargetAPI"]
    )
    {
        double aeco:cctvTarget:gridSpacing = 1
        double aeco:cctvTarget:passFraction = 1
        double3[] aeco:cctvTarget:points = [(60.79999923706055, 20.799999237060547, 1.5), (60.79999923706055, 21.799999237060547, 1.5), (60.79999923706055, 22.799999237060547, 1.5), (60.79999923706055, 23.799999237060547, 1.5), (61.79999923706055, 20.799999237060547, 1.5), (61.79999923706055, 21.799999237060547, 1.5), (61.79999923706055, 22.799999237060547, 1.5), (61.79999923706055, 23.799999237060547, 1.5), (62.79999923706055, 20.799999237060547, 1.5), (62.79999923706055, 21.799999237060547, 1.5), (62.79999923706055, 22.799999237060547, 1.5), (62.79999923706055, 23.799999237060547, 1.5), (63.79999923706055, 20.799999237060547, 1.5), (63.79999923706055, 21.799999237060547, 1.5), (63.79999923706055, 22.799999237060547, 1.5), (63.79999923706055, 23.799999237060547, 1.5)]
        double aeco:cctvTarget:requiredDensity = 0
        custom token aeco:phase = "proposed"
    }

    def Xform "sp_hall_b_tile_32" (
        prepend apiSchemas = ["AecoCctvTargetAPI"]
    )
    {
        double aeco:cctvTarget:gridSpacing = 1
        double aeco:cctvTarget:passFraction = 1
        double3[] aeco:cctvTarget:points = [(60.79999923706055, 24.799999237060547, 1.5), (60.79999923706055, 25.799999237060547, 1.5), (60.79999923706055, 26.799999237060547, 1.5), (60.79999923706055, 27.799999237060547, 1.5), (61.79999923706055, 24.799999237060547, 1.5), (61.79999923706055, 25.799999237060547, 1.5), (61.79999923706055, 26.799999237060547, 1.5), (61.79999923706055, 27.799999237060547, 1.5), (62.79999923706055, 24.799999237060547, 1.5), (62.79999923706055, 25.799999237060547, 1.5), (62.79999923706055, 26.799999237060547, 1.5), (62.79999923706055, 27.799999237060547, 1.5), (63.79999923706055, 24.799999237060547, 1.5), (63.79999923706055, 25.799999237060547, 1.5), (63.79999923706055, 26.799999237060547, 1.5), (63.79999923706055, 27.799999237060547, 1.5)]
        double aeco:cctvTarget:requiredDensity = 0
        custom token aeco:phase = "proposed"
    }

    def Xform "sp_hall_b_tile_33" (
        prepend apiSchemas = ["AecoCctvTargetAPI"]
    )
    {
        double aeco:cctvTarget:gridSpacing = 1
        double aeco:cctvTarget:passFraction = 1
        double3[] aeco:cctvTarget:points = [(60.79999923706055, 28.799999237060547, 1.5), (60.79999923706055, 29.799999237060547, 1.5), (60.79999923706055, 30.799999237060547, 1.5), (60.79999923706055, 31.799999237060547, 1.5), (61.79999923706055, 28.799999237060547, 1.5), (61.79999923706055, 29.799999237060547, 1.5), (61.79999923706055, 30.799999237060547, 1.5), (61.79999923706055, 31.799999237060547, 1.5), (62.79999923706055, 28.799999237060547, 1.5), (62.79999923706055, 29.799999237060547, 1.5), (62.79999923706055, 30.799999237060547, 1.5), (62.79999923706055, 31.799999237060547, 1.5), (63.79999923706055, 28.799999237060547, 1.5), (63.79999923706055, 29.799999237060547, 1.5), (63.79999923706055, 30.799999237060547, 1.5), (63.79999923706055, 31.799999237060547, 1.5)]
        double aeco:cctvTarget:requiredDensity = 0
        custom token aeco:phase = "proposed"
    }

    def Xform "sp_hall_b_tile_34" (
        prepend apiSchemas = ["AecoCctvTargetAPI"]
    )
    {
        double aeco:cctvTarget:gridSpacing = 1
        double aeco:cctvTarget:passFraction = 1
        double3[] aeco:cctvTarget:points = [(60.79999923706055, 32.79999923706055, 1.5), (60.79999923706055, 33.79999923706055, 1.5), (60.79999923706055, 34.79999923706055, 1.5), (61.79999923706055, 32.79999923706055, 1.5), (61.79999923706055, 33.79999923706055, 1.5), (61.79999923706055, 34.79999923706055, 1.5), (62.79999923706055, 32.79999923706055, 1.5), (62.79999923706055, 33.79999923706055, 1.5), (62.79999923706055, 34.79999923706055, 1.5), (63.79999923706055, 32.79999923706055, 1.5), (63.79999923706055, 33.79999923706055, 1.5), (63.79999923706055, 34.79999923706055, 1.5)]
        double aeco:cctvTarget:requiredDensity = 0
        custom token aeco:phase = "proposed"
    }

    def Xform "sp_hall_b_tile_35" (
        prepend apiSchemas = ["AecoCctvTargetAPI"]
    )
    {
        double aeco:cctvTarget:gridSpacing = 1
        double aeco:cctvTarget:passFraction = 1
        double3[] aeco:cctvTarget:points = [(64.80000305175781, 18.799999237060547, 1.5), (64.80000305175781, 19.799999237060547, 1.5), (65.80000305175781, 18.799999237060547, 1.5), (65.80000305175781, 19.799999237060547, 1.5), (66.80000305175781, 18.799999237060547, 1.5), (66.80000305175781, 19.799999237060547, 1.5)]
        double aeco:cctvTarget:requiredDensity = 0
        custom token aeco:phase = "proposed"
    }

    def Xform "sp_hall_b_tile_36" (
        prepend apiSchemas = ["AecoCctvTargetAPI"]
    )
    {
        double aeco:cctvTarget:gridSpacing = 1
        double aeco:cctvTarget:passFraction = 1
        double3[] aeco:cctvTarget:points = [(64.80000305175781, 20.799999237060547, 1.5), (64.80000305175781, 21.799999237060547, 1.5), (64.80000305175781, 22.799999237060547, 1.5), (64.80000305175781, 23.799999237060547, 1.5), (65.80000305175781, 20.799999237060547, 1.5), (65.80000305175781, 21.799999237060547, 1.5), (65.80000305175781, 22.799999237060547, 1.5), (65.80000305175781, 23.799999237060547, 1.5), (66.80000305175781, 20.799999237060547, 1.5), (66.80000305175781, 21.799999237060547, 1.5), (66.80000305175781, 22.799999237060547, 1.5), (66.80000305175781, 23.799999237060547, 1.5)]
        double aeco:cctvTarget:requiredDensity = 0
        custom token aeco:phase = "proposed"
    }

    def Xform "sp_hall_b_tile_37" (
        prepend apiSchemas = ["AecoCctvTargetAPI"]
    )
    {
        double aeco:cctvTarget:gridSpacing = 1
        double aeco:cctvTarget:passFraction = 1
        double3[] aeco:cctvTarget:points = [(64.80000305175781, 24.799999237060547, 1.5), (64.80000305175781, 25.799999237060547, 1.5), (64.80000305175781, 26.799999237060547, 1.5), (64.80000305175781, 27.799999237060547, 1.5), (65.80000305175781, 24.799999237060547, 1.5), (65.80000305175781, 25.799999237060547, 1.5), (65.80000305175781, 26.799999237060547, 1.5), (65.80000305175781, 27.799999237060547, 1.5), (66.80000305175781, 24.799999237060547, 1.5), (66.80000305175781, 25.799999237060547, 1.5), (66.80000305175781, 26.799999237060547, 1.5), (66.80000305175781, 27.799999237060547, 1.5)]
        double aeco:cctvTarget:requiredDensity = 0
        custom token aeco:phase = "proposed"
    }

    def Xform "sp_hall_b_tile_38" (
        prepend apiSchemas = ["AecoCctvTargetAPI"]
    )
    {
        double aeco:cctvTarget:gridSpacing = 1
        double aeco:cctvTarget:passFraction = 1
        double3[] aeco:cctvTarget:points = [(64.80000305175781, 28.799999237060547, 1.5), (64.80000305175781, 29.799999237060547, 1.5), (64.80000305175781, 30.799999237060547, 1.5), (64.80000305175781, 31.799999237060547, 1.5), (65.80000305175781, 28.799999237060547, 1.5), (65.80000305175781, 29.799999237060547, 1.5), (65.80000305175781, 30.799999237060547, 1.5), (65.80000305175781, 31.799999237060547, 1.5), (66.80000305175781, 28.799999237060547, 1.5), (66.80000305175781, 29.799999237060547, 1.5), (66.80000305175781, 30.799999237060547, 1.5), (66.80000305175781, 31.799999237060547, 1.5)]
        double aeco:cctvTarget:requiredDensity = 0
        custom token aeco:phase = "proposed"
    }

    def Xform "sp_hall_b_tile_39" (
        prepend apiSchemas = ["AecoCctvTargetAPI"]
    )
    {
        double aeco:cctvTarget:gridSpacing = 1
        double aeco:cctvTarget:passFraction = 1
        double3[] aeco:cctvTarget:points = [(64.80000305175781, 32.79999923706055, 1.5), (64.80000305175781, 33.79999923706055, 1.5), (64.80000305175781, 34.79999923706055, 1.5), (65.80000305175781, 32.79999923706055, 1.5), (65.80000305175781, 33.79999923706055, 1.5), (65.80000305175781, 34.79999923706055, 1.5), (66.80000305175781, 32.79999923706055, 1.5), (66.80000305175781, 33.79999923706055, 1.5), (66.80000305175781, 34.79999923706055, 1.5)]
        double aeco:cctvTarget:requiredDensity = 0
        custom token aeco:phase = "proposed"
    }

    def Xform "sp_batt_a_tile_0" (
        prepend apiSchemas = ["AecoCctvTargetAPI"]
    )
    {
        double aeco:cctvTarget:gridSpacing = 1
        double aeco:cctvTarget:passFraction = 1
        double3[] aeco:cctvTarget:points = [(0.800000011920929, 0.800000011920929, 1.5), (0.800000011920929, 1.7999999523162842, 1.5), (0.800000011920929, 2.799999952316284, 1.5), (0.800000011920929, 3.799999952316284, 1.5), (1.7999999523162842, 0.800000011920929, 1.5), (1.7999999523162842, 1.7999999523162842, 1.5), (1.7999999523162842, 2.799999952316284, 1.5), (1.7999999523162842, 3.799999952316284, 1.5), (2.799999952316284, 0.800000011920929, 1.5), (2.799999952316284, 1.7999999523162842, 1.5), (2.799999952316284, 2.799999952316284, 1.5), (2.799999952316284, 3.799999952316284, 1.5), (3.799999952316284, 0.800000011920929, 1.5), (3.799999952316284, 1.7999999523162842, 1.5), (3.799999952316284, 2.799999952316284, 1.5), (3.799999952316284, 3.799999952316284, 1.5)]
        double aeco:cctvTarget:requiredDensity = 0
        custom token aeco:phase = "proposed"
    }

    def Xform "sp_batt_a_tile_1" (
        prepend apiSchemas = ["AecoCctvTargetAPI"]
    )
    {
        double aeco:cctvTarget:gridSpacing = 1
        double aeco:cctvTarget:passFraction = 1
        double3[] aeco:cctvTarget:points = [(0.800000011920929, 4.800000190734863, 1.5), (1.7999999523162842, 4.800000190734863, 1.5), (2.799999952316284, 4.800000190734863, 1.5), (3.799999952316284, 4.800000190734863, 1.5)]
        double aeco:cctvTarget:requiredDensity = 0
        custom token aeco:phase = "proposed"
    }

    def Xform "sp_batt_a_tile_2" (
        prepend apiSchemas = ["AecoCctvTargetAPI"]
    )
    {
        double aeco:cctvTarget:gridSpacing = 1
        double aeco:cctvTarget:passFraction = 1
        double3[] aeco:cctvTarget:points = [(4.800000190734863, 0.800000011920929, 1.5), (4.800000190734863, 1.7999999523162842, 1.5), (4.800000190734863, 2.799999952316284, 1.5), (4.800000190734863, 3.799999952316284, 1.5), (5.800000190734863, 0.800000011920929, 1.5), (5.800000190734863, 1.7999999523162842, 1.5), (5.800000190734863, 2.799999952316284, 1.5), (5.800000190734863, 3.799999952316284, 1.5), (6.800000190734863, 0.800000011920929, 1.5), (6.800000190734863, 1.7999999523162842, 1.5), (6.800000190734863, 2.799999952316284, 1.5), (6.800000190734863, 3.799999952316284, 1.5), (7.800000190734863, 0.800000011920929, 1.5), (7.800000190734863, 1.7999999523162842, 1.5), (7.800000190734863, 2.799999952316284, 1.5), (7.800000190734863, 3.799999952316284, 1.5)]
        double aeco:cctvTarget:requiredDensity = 0
        custom token aeco:phase = "proposed"
    }

    def Xform "sp_batt_a_tile_3" (
        prepend apiSchemas = ["AecoCctvTargetAPI"]
    )
    {
        double aeco:cctvTarget:gridSpacing = 1
        double aeco:cctvTarget:passFraction = 1
        double3[] aeco:cctvTarget:points = [(4.800000190734863, 4.800000190734863, 1.5), (5.800000190734863, 4.800000190734863, 1.5), (6.800000190734863, 4.800000190734863, 1.5), (7.800000190734863, 4.800000190734863, 1.5)]
        double aeco:cctvTarget:requiredDensity = 0
        custom token aeco:phase = "proposed"
    }

    def Xform "sp_batt_a_tile_4" (
        prepend apiSchemas = ["AecoCctvTargetAPI"]
    )
    {
        double aeco:cctvTarget:gridSpacing = 1
        double aeco:cctvTarget:passFraction = 1
        double3[] aeco:cctvTarget:points = [(8.800000190734863, 0.800000011920929, 1.5), (8.800000190734863, 1.7999999523162842, 1.5), (8.800000190734863, 2.799999952316284, 1.5), (8.800000190734863, 3.799999952316284, 1.5), (9.800000190734863, 0.800000011920929, 1.5), (9.800000190734863, 1.7999999523162842, 1.5), (9.800000190734863, 2.799999952316284, 1.5), (9.800000190734863, 3.799999952316284, 1.5), (10.800000190734863, 0.800000011920929, 1.5), (10.800000190734863, 1.7999999523162842, 1.5), (10.800000190734863, 2.799999952316284, 1.5), (10.800000190734863, 3.799999952316284, 1.5)]
        double aeco:cctvTarget:requiredDensity = 0
        custom token aeco:phase = "proposed"
    }

    def Xform "sp_batt_a_tile_5" (
        prepend apiSchemas = ["AecoCctvTargetAPI"]
    )
    {
        double aeco:cctvTarget:gridSpacing = 1
        double aeco:cctvTarget:passFraction = 1
        double3[] aeco:cctvTarget:points = [(8.800000190734863, 4.800000190734863, 1.5), (9.800000190734863, 4.800000190734863, 1.5), (10.800000190734863, 4.800000190734863, 1.5)]
        double aeco:cctvTarget:requiredDensity = 0
        custom token aeco:phase = "proposed"
    }

    def Xform "sp_batt_b_tile_0" (
        prepend apiSchemas = ["AecoCctvTargetAPI"]
    )
    {
        double aeco:cctvTarget:gridSpacing = 1
        double aeco:cctvTarget:passFraction = 1
        double3[] aeco:cctvTarget:points = [(60.79999923706055, 0.800000011920929, 1.5), (60.79999923706055, 1.7999999523162842, 1.5), (60.79999923706055, 2.799999952316284, 1.5), (60.79999923706055, 3.799999952316284, 1.5), (61.79999923706055, 0.800000011920929, 1.5), (61.79999923706055, 1.7999999523162842, 1.5), (61.79999923706055, 2.799999952316284, 1.5), (61.79999923706055, 3.799999952316284, 1.5), (62.79999923706055, 0.800000011920929, 1.5), (62.79999923706055, 1.7999999523162842, 1.5), (62.79999923706055, 2.799999952316284, 1.5), (62.79999923706055, 3.799999952316284, 1.5), (63.79999923706055, 0.800000011920929, 1.5), (63.79999923706055, 1.7999999523162842, 1.5), (63.79999923706055, 2.799999952316284, 1.5), (63.79999923706055, 3.799999952316284, 1.5)]
        double aeco:cctvTarget:requiredDensity = 0
        custom token aeco:phase = "proposed"
    }

    def Xform "sp_batt_b_tile_1" (
        prepend apiSchemas = ["AecoCctvTargetAPI"]
    )
    {
        double aeco:cctvTarget:gridSpacing = 1
        double aeco:cctvTarget:passFraction = 1
        double3[] aeco:cctvTarget:points = [(60.79999923706055, 4.800000190734863, 1.5), (61.79999923706055, 4.800000190734863, 1.5), (62.79999923706055, 4.800000190734863, 1.5), (63.79999923706055, 4.800000190734863, 1.5)]
        double aeco:cctvTarget:requiredDensity = 0
        custom token aeco:phase = "proposed"
    }

    def Xform "sp_batt_b_tile_2" (
        prepend apiSchemas = ["AecoCctvTargetAPI"]
    )
    {
        double aeco:cctvTarget:gridSpacing = 1
        double aeco:cctvTarget:passFraction = 1
        double3[] aeco:cctvTarget:points = [(64.80000305175781, 0.800000011920929, 1.5), (64.80000305175781, 1.7999999523162842, 1.5), (64.80000305175781, 2.799999952316284, 1.5), (64.80000305175781, 3.799999952316284, 1.5), (65.80000305175781, 0.800000011920929, 1.5), (65.80000305175781, 1.7999999523162842, 1.5), (65.80000305175781, 2.799999952316284, 1.5), (65.80000305175781, 3.799999952316284, 1.5), (66.80000305175781, 0.800000011920929, 1.5), (66.80000305175781, 1.7999999523162842, 1.5), (66.80000305175781, 2.799999952316284, 1.5), (66.80000305175781, 3.799999952316284, 1.5), (67.80000305175781, 0.800000011920929, 1.5), (67.80000305175781, 1.7999999523162842, 1.5), (67.80000305175781, 2.799999952316284, 1.5), (67.80000305175781, 3.799999952316284, 1.5)]
        double aeco:cctvTarget:requiredDensity = 0
        custom token aeco:phase = "proposed"
    }

    def Xform "sp_batt_b_tile_3" (
        prepend apiSchemas = ["AecoCctvTargetAPI"]
    )
    {
        double aeco:cctvTarget:gridSpacing = 1
        double aeco:cctvTarget:passFraction = 1
        double3[] aeco:cctvTarget:points = [(64.80000305175781, 4.800000190734863, 1.5), (65.80000305175781, 4.800000190734863, 1.5), (66.80000305175781, 4.800000190734863, 1.5), (67.80000305175781, 4.800000190734863, 1.5)]
        double aeco:cctvTarget:requiredDensity = 0
        custom token aeco:phase = "proposed"
    }

    def Xform "sp_batt_b_tile_4" (
        prepend apiSchemas = ["AecoCctvTargetAPI"]
    )
    {
        double aeco:cctvTarget:gridSpacing = 1
        double aeco:cctvTarget:passFraction = 1
        double3[] aeco:cctvTarget:points = [(68.80000305175781, 0.800000011920929, 1.5), (68.80000305175781, 1.7999999523162842, 1.5), (68.80000305175781, 2.799999952316284, 1.5), (68.80000305175781, 3.799999952316284, 1.5), (69.80000305175781, 0.800000011920929, 1.5), (69.80000305175781, 1.7999999523162842, 1.5), (69.80000305175781, 2.799999952316284, 1.5), (69.80000305175781, 3.799999952316284, 1.5), (70.80000305175781, 0.800000011920929, 1.5), (70.80000305175781, 1.7999999523162842, 1.5), (70.80000305175781, 2.799999952316284, 1.5), (70.80000305175781, 3.799999952316284, 1.5)]
        double aeco:cctvTarget:requiredDensity = 0
        custom token aeco:phase = "proposed"
    }

    def Xform "sp_batt_b_tile_5" (
        prepend apiSchemas = ["AecoCctvTargetAPI"]
    )
    {
        double aeco:cctvTarget:gridSpacing = 1
        double aeco:cctvTarget:passFraction = 1
        double3[] aeco:cctvTarget:points = [(68.80000305175781, 4.800000190734863, 1.5), (69.80000305175781, 4.800000190734863, 1.5), (70.80000305175781, 4.800000190734863, 1.5)]
        double aeco:cctvTarget:requiredDensity = 0
        custom token aeco:phase = "proposed"
    }

    def Xform "sp_meeting_tile_0" (
        prepend apiSchemas = ["AecoCctvTargetAPI"]
    )
    {
        double aeco:cctvTarget:gridSpacing = 1
        double aeco:cctvTarget:passFraction = 1
        double3[] aeco:cctvTarget:points = [(22.799999237060547, -11.199999809265137, 1.5), (22.799999237060547, -10.199999809265137, 1.5), (22.799999237060547, -9.199999809265137, 1.5), (22.799999237060547, -8.199999809265137, 1.5), (23.799999237060547, -11.199999809265137, 1.5), (23.799999237060547, -10.199999809265137, 1.5), (23.799999237060547, -9.199999809265137, 1.5), (23.799999237060547, -8.199999809265137, 1.5)]
        double aeco:cctvTarget:requiredDensity = 0
        custom token aeco:phase = "proposed"
    }

    def Xform "sp_meeting_tile_1" (
        prepend apiSchemas = ["AecoCctvTargetAPI"]
    )
    {
        double aeco:cctvTarget:gridSpacing = 1
        double aeco:cctvTarget:passFraction = 1
        double3[] aeco:cctvTarget:points = [(22.799999237060547, -7.199999809265137, 1.5), (23.799999237060547, -7.199999809265137, 1.5)]
        double aeco:cctvTarget:requiredDensity = 0
        custom token aeco:phase = "proposed"
    }

    def Xform "sp_meeting_tile_2" (
        prepend apiSchemas = ["AecoCctvTargetAPI"]
    )
    {
        double aeco:cctvTarget:gridSpacing = 1
        double aeco:cctvTarget:passFraction = 1
        double3[] aeco:cctvTarget:points = [(24.799999237060547, -11.199999809265137, 1.5), (24.799999237060547, -10.199999809265137, 1.5), (24.799999237060547, -9.199999809265137, 1.5), (24.799999237060547, -8.199999809265137, 1.5), (25.799999237060547, -11.199999809265137, 1.5), (25.799999237060547, -10.199999809265137, 1.5), (25.799999237060547, -9.199999809265137, 1.5), (25.799999237060547, -8.199999809265137, 1.5), (26.799999237060547, -11.199999809265137, 1.5), (26.799999237060547, -10.199999809265137, 1.5), (26.799999237060547, -9.199999809265137, 1.5), (26.799999237060547, -8.199999809265137, 1.5), (27.799999237060547, -11.199999809265137, 1.5), (27.799999237060547, -10.199999809265137, 1.5), (27.799999237060547, -9.199999809265137, 1.5), (27.799999237060547, -8.199999809265137, 1.5)]
        double aeco:cctvTarget:requiredDensity = 0
        custom token aeco:phase = "proposed"
    }

    def Xform "sp_meeting_tile_3" (
        prepend apiSchemas = ["AecoCctvTargetAPI"]
    )
    {
        double aeco:cctvTarget:gridSpacing = 1
        double aeco:cctvTarget:passFraction = 1
        double3[] aeco:cctvTarget:points = [(24.799999237060547, -7.199999809265137, 1.5), (25.799999237060547, -7.199999809265137, 1.5), (26.799999237060547, -7.199999809265137, 1.5), (27.799999237060547, -7.199999809265137, 1.5)]
        double aeco:cctvTarget:requiredDensity = 0
        custom token aeco:phase = "proposed"
    }

    def Xform "sp_meeting_tile_4" (
        prepend apiSchemas = ["AecoCctvTargetAPI"]
    )
    {
        double aeco:cctvTarget:gridSpacing = 1
        double aeco:cctvTarget:passFraction = 1
        double3[] aeco:cctvTarget:points = [(28.799999237060547, -11.199999809265137, 1.5), (28.799999237060547, -10.199999809265137, 1.5), (28.799999237060547, -9.199999809265137, 1.5), (28.799999237060547, -8.199999809265137, 1.5)]
        double aeco:cctvTarget:requiredDensity = 0
        custom token aeco:phase = "proposed"
    }

    def Xform "sp_meeting_tile_5" (
        prepend apiSchemas = ["AecoCctvTargetAPI"]
    )
    {
        double aeco:cctvTarget:gridSpacing = 1
        double aeco:cctvTarget:passFraction = 1
        double3[] aeco:cctvTarget:points = [(28.799999237060547, -7.199999809265137, 1.5)]
        double aeco:cctvTarget:requiredDensity = 0
        custom token aeco:phase = "proposed"
    }

    def Xform "sp_kitchen_tile_0" (
        prepend apiSchemas = ["AecoCctvTargetAPI"]
    )
    {
        double aeco:cctvTarget:gridSpacing = 1
        double aeco:cctvTarget:passFraction = 1
        double3[] aeco:cctvTarget:points = [(26.799999237060547, -7.199999809265137, 5.5), (26.799999237060547, -6.199999809265137, 5.5), (26.799999237060547, -5.199999809265137, 5.5), (26.799999237060547, -4.199999809265137, 5.5), (27.799999237060547, -7.199999809265137, 5.5), (27.799999237060547, -6.199999809265137, 5.5), (27.799999237060547, -5.199999809265137, 5.5), (27.799999237060547, -4.199999809265137, 5.5)]
        double aeco:cctvTarget:requiredDensity = 0
        custom token aeco:phase = "proposed"
    }

    def Xform "sp_kitchen_tile_1" (
        prepend apiSchemas = ["AecoCctvTargetAPI"]
    )
    {
        double aeco:cctvTarget:gridSpacing = 1
        double aeco:cctvTarget:passFraction = 1
        double3[] aeco:cctvTarget:points = [(28.799999237060547, -7.199999809265137, 5.5), (28.799999237060547, -6.199999809265137, 5.5), (28.799999237060547, -5.199999809265137, 5.5), (28.799999237060547, -4.199999809265137, 5.5)]
        double aeco:cctvTarget:requiredDensity = 0
        custom token aeco:phase = "proposed"
    }

    def Xform "sp_office_tile_0" (
        prepend apiSchemas = ["AecoCctvTargetAPI"]
    )
    {
        double aeco:cctvTarget:gridSpacing = 1
        double aeco:cctvTarget:passFraction = 1
        double3[] aeco:cctvTarget:points = [(12.800000190734863, -11.199999809265137, 5.5), (12.800000190734863, -10.199999809265137, 5.5), (12.800000190734863, -9.199999809265137, 5.5), (12.800000190734863, -8.199999809265137, 5.5), (13.800000190734863, -11.199999809265137, 5.5), (13.800000190734863, -10.199999809265137, 5.5), (13.800000190734863, -9.199999809265137, 5.5), (13.800000190734863, -8.199999809265137, 5.5), (14.800000190734863, -11.199999809265137, 5.5), (14.800000190734863, -10.199999809265137, 5.5), (14.800000190734863, -9.199999809265137, 5.5), (14.800000190734863, -8.199999809265137, 5.5), (15.800000190734863, -11.199999809265137, 5.5), (15.800000190734863, -10.199999809265137, 5.5), (15.800000190734863, -9.199999809265137, 5.5), (15.800000190734863, -8.199999809265137, 5.5)]
        double aeco:cctvTarget:requiredDensity = 0
        custom token aeco:phase = "proposed"
    }

    def Xform "sp_office_tile_1" (
        prepend apiSchemas = ["AecoCctvTargetAPI"]
    )
    {
        double aeco:cctvTarget:gridSpacing = 1
        double aeco:cctvTarget:passFraction = 1
        double3[] aeco:cctvTarget:points = [(12.800000190734863, -7.199999809265137, 5.5), (12.800000190734863, -6.199999809265137, 5.5), (12.800000190734863, -5.199999809265137, 5.5), (12.800000190734863, -4.199999809265137, 5.5), (13.800000190734863, -7.199999809265137, 5.5), (13.800000190734863, -6.199999809265137, 5.5), (13.800000190734863, -5.199999809265137, 5.5), (13.800000190734863, -4.199999809265137, 5.5), (14.800000190734863, -7.199999809265137, 5.5), (14.800000190734863, -6.199999809265137, 5.5), (14.800000190734863, -5.199999809265137, 5.5), (14.800000190734863, -4.199999809265137, 5.5), (15.800000190734863, -7.199999809265137, 5.5), (15.800000190734863, -6.199999809265137, 5.5), (15.800000190734863, -5.199999809265137, 5.5), (15.800000190734863, -4.199999809265137, 5.5)]
        double aeco:cctvTarget:requiredDensity = 0
        custom token aeco:phase = "proposed"
    }

    def Xform "sp_office_tile_2" (
        prepend apiSchemas = ["AecoCctvTargetAPI"]
    )
    {
        double aeco:cctvTarget:gridSpacing = 1
        double aeco:cctvTarget:passFraction = 1
        double3[] aeco:cctvTarget:points = [(16.799999237060547, -11.199999809265137, 5.5), (16.799999237060547, -10.199999809265137, 5.5), (16.799999237060547, -9.199999809265137, 5.5), (16.799999237060547, -8.199999809265137, 5.5), (17.799999237060547, -11.199999809265137, 5.5), (17.799999237060547, -10.199999809265137, 5.5), (17.799999237060547, -9.199999809265137, 5.5), (17.799999237060547, -8.199999809265137, 5.5), (18.799999237060547, -11.199999809265137, 5.5), (18.799999237060547, -10.199999809265137, 5.5), (18.799999237060547, -9.199999809265137, 5.5), (18.799999237060547, -8.199999809265137, 5.5), (19.799999237060547, -11.199999809265137, 5.5), (19.799999237060547, -10.199999809265137, 5.5), (19.799999237060547, -9.199999809265137, 5.5), (19.799999237060547, -8.199999809265137, 5.5)]
        double aeco:cctvTarget:requiredDensity = 0
        custom token aeco:phase = "proposed"
    }

    def Xform "sp_office_tile_3" (
        prepend apiSchemas = ["AecoCctvTargetAPI"]
    )
    {
        double aeco:cctvTarget:gridSpacing = 1
        double aeco:cctvTarget:passFraction = 1
        double3[] aeco:cctvTarget:points = [(16.799999237060547, -7.199999809265137, 5.5), (16.799999237060547, -6.199999809265137, 5.5), (16.799999237060547, -5.199999809265137, 5.5), (16.799999237060547, -4.199999809265137, 5.5), (17.799999237060547, -7.199999809265137, 5.5), (17.799999237060547, -6.199999809265137, 5.5), (17.799999237060547, -5.199999809265137, 5.5), (17.799999237060547, -4.199999809265137, 5.5), (18.799999237060547, -7.199999809265137, 5.5), (18.799999237060547, -6.199999809265137, 5.5), (18.799999237060547, -5.199999809265137, 5.5), (18.799999237060547, -4.199999809265137, 5.5), (19.799999237060547, -7.199999809265137, 5.5), (19.799999237060547, -6.199999809265137, 5.5), (19.799999237060547, -5.199999809265137, 5.5), (19.799999237060547, -4.199999809265137, 5.5)]
        double aeco:cctvTarget:requiredDensity = 0
        custom token aeco:phase = "proposed"
    }

    def Xform "sp_office_tile_4" (
        prepend apiSchemas = ["AecoCctvTargetAPI"]
    )
    {
        double aeco:cctvTarget:gridSpacing = 1
        double aeco:cctvTarget:passFraction = 1
        double3[] aeco:cctvTarget:points = [(20.799999237060547, -11.199999809265137, 5.5), (20.799999237060547, -10.199999809265137, 5.5), (20.799999237060547, -9.199999809265137, 5.5), (20.799999237060547, -8.199999809265137, 5.5)]
        double aeco:cctvTarget:requiredDensity = 0
        custom token aeco:phase = "proposed"
    }

    def Xform "sp_office_tile_5" (
        prepend apiSchemas = ["AecoCctvTargetAPI"]
    )
    {
        double aeco:cctvTarget:gridSpacing = 1
        double aeco:cctvTarget:passFraction = 1
        double3[] aeco:cctvTarget:points = [(20.799999237060547, -7.199999809265137, 5.5), (20.799999237060547, -6.199999809265137, 5.5), (20.799999237060547, -5.199999809265137, 5.5), (20.799999237060547, -4.199999809265137, 5.5)]
        double aeco:cctvTarget:requiredDensity = 0
        custom token aeco:phase = "proposed"
    }

    def Xform "sp_wc_tile_0" (
        prepend apiSchemas = ["AecoCctvTargetAPI"]
    )
    {
        double aeco:cctvTarget:gridSpacing = 1
        double aeco:cctvTarget:passFraction = 1
        double3[] aeco:cctvTarget:points = [(26.799999237060547, -11.199999809265137, 5.5), (26.799999237060547, -10.199999809265137, 5.5), (26.799999237060547, -9.199999809265137, 5.5), (27.799999237060547, -11.199999809265137, 5.5), (27.799999237060547, -10.199999809265137, 5.5), (27.799999237060547, -9.199999809265137, 5.5)]
        double aeco:cctvTarget:requiredDensity = 0
        custom token aeco:phase = "proposed"
    }

    def Xform "sp_wc_tile_1" (
        prepend apiSchemas = ["AecoCctvTargetAPI"]
    )
    {
        double aeco:cctvTarget:gridSpacing = 1
        double aeco:cctvTarget:passFraction = 1
        double3[] aeco:cctvTarget:points = [(28.799999237060547, -11.199999809265137, 5.5), (28.799999237060547, -10.199999809265137, 5.5), (28.799999237060547, -9.199999809265137, 5.5)]
        double aeco:cctvTarget:requiredDensity = 0
        custom token aeco:phase = "proposed"
    }

    def Xform "sp_meeting_1_tile_0" (
        prepend apiSchemas = ["AecoCctvTargetAPI"]
    )
    {
        double aeco:cctvTarget:gridSpacing = 1
        double aeco:cctvTarget:passFraction = 1
        double3[] aeco:cctvTarget:points = [(22.799999237060547, -11.199999809265137, 5.5), (22.799999237060547, -10.199999809265137, 5.5), (22.799999237060547, -9.199999809265137, 5.5), (22.799999237060547, -8.199999809265137, 5.5), (23.799999237060547, -11.199999809265137, 5.5), (23.799999237060547, -10.199999809265137, 5.5), (23.799999237060547, -9.199999809265137, 5.5), (23.799999237060547, -8.199999809265137, 5.5)]
        double aeco:cctvTarget:requiredDensity = 0
        custom token aeco:phase = "proposed"
    }

    def Xform "sp_meeting_1_tile_1" (
        prepend apiSchemas = ["AecoCctvTargetAPI"]
    )
    {
        double aeco:cctvTarget:gridSpacing = 1
        double aeco:cctvTarget:passFraction = 1
        double3[] aeco:cctvTarget:points = [(22.799999237060547, -7.199999809265137, 5.5), (22.799999237060547, -6.199999809265137, 5.5), (22.799999237060547, -5.199999809265137, 5.5), (22.799999237060547, -4.199999809265137, 5.5), (23.799999237060547, -7.199999809265137, 5.5), (23.799999237060547, -6.199999809265137, 5.5), (23.799999237060547, -5.199999809265137, 5.5), (23.799999237060547, -4.199999809265137, 5.5)]
        double aeco:cctvTarget:requiredDensity = 0
        custom token aeco:phase = "proposed"
    }

    def Xform "sp_meeting_1_tile_2" (
        prepend apiSchemas = ["AecoCctvTargetAPI"]
    )
    {
        double aeco:cctvTarget:gridSpacing = 1
        double aeco:cctvTarget:passFraction = 1
        double3[] aeco:cctvTarget:points = [(24.799999237060547, -11.199999809265137, 5.5), (24.799999237060547, -10.199999809265137, 5.5), (24.799999237060547, -9.199999809265137, 5.5), (24.799999237060547, -8.199999809265137, 5.5)]
        double aeco:cctvTarget:requiredDensity = 0
        custom token aeco:phase = "proposed"
    }

    def Xform "sp_meeting_1_tile_3" (
        prepend apiSchemas = ["AecoCctvTargetAPI"]
    )
    {
        double aeco:cctvTarget:gridSpacing = 1
        double aeco:cctvTarget:passFraction = 1
        double3[] aeco:cctvTarget:points = [(24.799999237060547, -7.199999809265137, 5.5), (24.799999237060547, -6.199999809265137, 5.5), (24.799999237060547, -5.199999809265137, 5.5), (24.799999237060547, -4.199999809265137, 5.5)]
        double aeco:cctvTarget:requiredDensity = 0
        custom token aeco:phase = "proposed"
    }
}

def "SecurityStudies"
{
    def Scope "CriticalDoors" (
        prepend apiSchemas = ["AecoCctvStudyAPI"]
    )
    {
        uniform token aeco:cctvStudy:densityModel = "plane"
        uniform token aeco:cctvStudy:levelSystem = "dori2015"
        uniform token[] aeco:cctvStudy:phases = ["proposed", "existing"]
        uniform token aeco:cctvStudy:ptzPolicy = "presetsNotSole"
        int2 aeco:cctvStudy:raySamples = (16, 12)
        double aeco:cctvStudy:requiredDensity = 250
        bool aeco:cctvStudy:writeShells = 1
        rel collection:cameras:includes = [
            </demo_datacentre_01/demo_datacentre_01_Site/demo_datacentre_01/L00_Ground/Corridor_Centre/sec_cam_door_hall_a_e>,
            </demo_datacentre_01/demo_datacentre_01_Site/demo_datacentre_01/L00_Ground/Corridor_Centre/sec_cam_door_hall_b_w>,
            </demo_datacentre_01/demo_datacentre_01_Site/demo_datacentre_01/L00_Ground/Corridor_East/sec_cam_door_hall_b_e>,
            </demo_datacentre_01/demo_datacentre_01_Site/demo_datacentre_01/L00_Ground/Corridor_South/sec_cam_door_mmr_1>,
            </demo_datacentre_01/demo_datacentre_01_Site/demo_datacentre_01/L00_Ground/Corridor_South/sec_cam_door_office_link>,
            </demo_datacentre_01/demo_datacentre_01_Site/demo_datacentre_01/L00_Ground/Corridor_Spine/sec_cam_door_elec_a>,
            </demo_datacentre_01/demo_datacentre_01_Site/demo_datacentre_01/L00_Ground/Corridor_Spine/sec_cam_door_elec_b>,
            </demo_datacentre_01/demo_datacentre_01_Site/demo_datacentre_01/L00_Ground/Corridor_Spine/sec_cam_door_hall_a_s>,
            </demo_datacentre_01/demo_datacentre_01_Site/demo_datacentre_01/L00_Ground/Corridor_Spine/sec_cam_door_hall_b_s>,
            </demo_datacentre_01/demo_datacentre_01_Site/demo_datacentre_01/L00_Ground/Corridor_Spine/sec_cam_door_mmr_2>,
            </demo_datacentre_01/demo_datacentre_01_Site/demo_datacentre_01/L00_Ground/Corridor_West/sec_cam_door_hall_a_w>,
        ]
        rel collection:exclusions:includes = None
        rel collection:targets:includes = [
            </demo_datacentre_01/demo_datacentre_01_Site/demo_datacentre_01/L00_Ground/door_hall_a_e>,
            </demo_datacentre_01/demo_datacentre_01_Site/demo_datacentre_01/L00_Ground/door_hall_b_w>,
            </demo_datacentre_01/demo_datacentre_01_Site/demo_datacentre_01/L00_Ground/door_hall_b_e>,
            </demo_datacentre_01/demo_datacentre_01_Site/demo_datacentre_01/L00_Ground/door_mmr_1>,
            </demo_datacentre_01/demo_datacentre_01_Site/demo_datacentre_01/L00_Ground/Office_Link>,
            </demo_datacentre_01/demo_datacentre_01_Site/demo_datacentre_01/L00_Ground/door_elec_a>,
            </demo_datacentre_01/demo_datacentre_01_Site/demo_datacentre_01/L00_Ground/door_elec_b>,
            </demo_datacentre_01/demo_datacentre_01_Site/demo_datacentre_01/L00_Ground/door_hall_a_s>,
            </demo_datacentre_01/demo_datacentre_01_Site/demo_datacentre_01/L00_Ground/door_hall_b_s>,
            </demo_datacentre_01/demo_datacentre_01_Site/demo_datacentre_01/L00_Ground/door_mmr_2>,
            </demo_datacentre_01/demo_datacentre_01_Site/demo_datacentre_01/L00_Ground/door_hall_a_w>,
        ]
    }

    def Scope "Privacy" (
        prepend apiSchemas = ["AecoCctvStudyAPI"]
    )
    {
        uniform token aeco:cctvStudy:densityModel = "plane"
        uniform token aeco:cctvStudy:levelSystem = "dori2015"
        uniform token[] aeco:cctvStudy:phases = ["proposed", "existing"]
        uniform token aeco:cctvStudy:ptzPolicy = "presetsNotSole"
        int2 aeco:cctvStudy:raySamples = (16, 12)
        double aeco:cctvStudy:requiredDensity = 0
        bool aeco:cctvStudy:writeShells = 1
        rel collection:cameras:includes = [
            </demo_datacentre_01/demo_datacentre_01_Site/Generator_Yard_A/sec_cam_ext_gen_a>,
            </demo_datacentre_01/demo_datacentre_01_Site/Generator_Yard_A/sec_cam_yard_a>,
            </demo_datacentre_01/demo_datacentre_01_Site/Generator_Yard_A/sec_cam_yard_gen_a_fixed_1>,
            </demo_datacentre_01/demo_datacentre_01_Site/Generator_Yard_A/sec_cam_yard_gen_a_fixed_2>,
            </demo_datacentre_01/demo_datacentre_01_Site/Generator_Yard_B/sec_cam_ext_gen_b>,
            </demo_datacentre_01/demo_datacentre_01_Site/Generator_Yard_B/sec_cam_yard_b>,
            </demo_datacentre_01/demo_datacentre_01_Site/Generator_Yard_B/sec_cam_yard_gen_b_fixed_1>,
            </demo_datacentre_01/demo_datacentre_01_Site/Generator_Yard_B/sec_cam_yard_gen_b_fixed_2>,
            </demo_datacentre_01/demo_datacentre_01_Site/Heat_Rejection_Yard/sec_cam_ext_dock>,
            </demo_datacentre_01/demo_datacentre_01_Site/Heat_Rejection_Yard/sec_cam_ext_main>,
            </demo_datacentre_01/demo_datacentre_01_Site/Heat_Rejection_Yard/sec_cam_ext_plant_ext>,
            </demo_datacentre_01/demo_datacentre_01_Site/Heat_Rejection_Yard/sec_cam_yard_hr_fixed_1>,
            </demo_datacentre_01/demo_datacentre_01_Site/Heat_Rejection_Yard/sec_cam_yard_hr_fixed_2>,
            </demo_datacentre_01/demo_datacentre_01_Site/demo_datacentre_01/L00_Ground/Corridor_Centre/sec_cam_corr_corr_c_1>,
            </demo_datacentre_01/demo_datacentre_01_Site/demo_datacentre_01/L00_Ground/Corridor_Centre/sec_cam_corr_corr_c_2>,
            </demo_datacentre_01/demo_datacentre_01_Site/demo_datacentre_01/L00_Ground/Corridor_Centre/sec_cam_door_hall_a_e>,
            </demo_datacentre_01/demo_datacentre_01_Site/demo_datacentre_01/L00_Ground/Corridor_Centre/sec_cam_door_hall_b_w>,
            </demo_datacentre_01/demo_datacentre_01_Site/demo_datacentre_01/L00_Ground/Corridor_East/sec_cam_corr_corr_e_1>,
            </demo_datacentre_01/demo_datacentre_01_Site/demo_datacentre_01/L00_Ground/Corridor_East/sec_cam_corr_corr_e_2>,
            </demo_datacentre_01/demo_datacentre_01_Site/demo_datacentre_01/L00_Ground/Corridor_East/sec_cam_door_hall_b_e>,
            </demo_datacentre_01/demo_datacentre_01_Site/demo_datacentre_01/L00_Ground/Corridor_South/sec_cam_corr_corr_s_1>,
            </demo_datacentre_01/demo_datacentre_01_Site/demo_datacentre_01/L00_Ground/Corridor_South/sec_cam_corr_corr_s_2>,
            </demo_datacentre_01/demo_datacentre_01_Site/demo_datacentre_01/L00_Ground/Corridor_South/sec_cam_door_mmr_1>,
            </demo_datacentre_01/demo_datacentre_01_Site/demo_datacentre_01/L00_Ground/Corridor_South/sec_cam_door_office_link>,
            </demo_datacentre_01/demo_datacentre_01_Site/demo_datacentre_01/L00_Ground/Corridor_Spine/sec_cam_corr_corr_spine_1>,
            </demo_datacentre_01/demo_datacentre_01_Site/demo_datacentre_01/L00_Ground/Corridor_Spine/sec_cam_corr_corr_spine_2>,
            </demo_datacentre_01/demo_datacentre_01_Site/demo_datacentre_01/L00_Ground/Corridor_Spine/sec_cam_corr_corr_spine_3>,
            </demo_datacentre_01/demo_datacentre_01_Site/demo_datacentre_01/L00_Ground/Corridor_Spine/sec_cam_corr_corr_spine_4>,
            </demo_datacentre_01/demo_datacentre_01_Site/demo_datacentre_01/L00_Ground/Corridor_Spine/sec_cam_corr_corr_spine_5>,
            </demo_datacentre_01/demo_datacentre_01_Site/demo_datacentre_01/L00_Ground/Corridor_Spine/sec_cam_corr_corr_spine_6>,
            </demo_datacentre_01/demo_datacentre_01_Site/demo_datacentre_01/L00_Ground/Corridor_Spine/sec_cam_door_elec_a>,
            </demo_datacentre_01/demo_datacentre_01_Site/demo_datacentre_01/L00_Ground/Corridor_Spine/sec_cam_door_elec_b>,
            </demo_datacentre_01/demo_datacentre_01_Site/demo_datacentre_01/L00_Ground/Corridor_Spine/sec_cam_door_hall_a_s>,
            </demo_datacentre_01/demo_datacentre_01_Site/demo_datacentre_01/L00_Ground/Corridor_Spine/sec_cam_door_hall_b_s>,
            </demo_datacentre_01/demo_datacentre_01_Site/demo_datacentre_01/L00_Ground/Corridor_Spine/sec_cam_door_mmr_2>,
            </demo_datacentre_01/demo_datacentre_01_Site/demo_datacentre_01/L00_Ground/Corridor_West/sec_cam_corr_corr_w_1>,
            </demo_datacentre_01/demo_datacentre_01_Site/demo_datacentre_01/L00_Ground/Corridor_West/sec_cam_corr_corr_w_2>,
            </demo_datacentre_01/demo_datacentre_01_Site/demo_datacentre_01/L00_Ground/Corridor_West/sec_cam_door_hall_a_w>,
            </demo_datacentre_01/demo_datacentre_01_Site/demo_datacentre_01/L00_Ground/Entrance_Lobby/sec_cam_lobby>,
            </demo_datacentre_01/demo_datacentre_01_Site/demo_datacentre_01/L00_Ground/Entrance_Lobby/sec_cam_lobby_fixed_1>,
            </demo_datacentre_01/demo_datacentre_01_Site/demo_datacentre_01/L00_Ground/Entrance_Lobby/sec_cam_lobby_fixed_2>,
            </demo_datacentre_01/demo_datacentre_01_Site/demo_datacentre_01/L00_Ground/Office_Corridor_L00/sec_cam_corr_ocorr_0_1>,
            </demo_datacentre_01/demo_datacentre_01_Site/demo_datacentre_01/L00_Ground/Office_Corridor_L00/sec_cam_corr_ocorr_0_2>,
            </demo_datacentre_01/demo_datacentre_01_Site/demo_datacentre_01/L01_Office/Office_Corridor_L01/sec_cam_corr_ocorr_1_1>,
            </demo_datacentre_01/demo_datacentre_01_Site/demo_datacentre_01/L01_Office/Office_Corridor_L01/sec_cam_corr_ocorr_1_2>,
        ]
        rel collection:exclusions:includes = [
            </SecurityTargets/sp_hall_a_tile_0>,
            </SecurityTargets/sp_hall_a_tile_1>,
            </SecurityTargets/sp_hall_a_tile_2>,
            </SecurityTargets/sp_hall_a_tile_3>,
            </SecurityTargets/sp_hall_a_tile_4>,
            </SecurityTargets/sp_hall_a_tile_5>,
            </SecurityTargets/sp_hall_a_tile_6>,
            </SecurityTargets/sp_hall_a_tile_7>,
            </SecurityTargets/sp_hall_a_tile_8>,
            </SecurityTargets/sp_hall_a_tile_9>,
            </SecurityTargets/sp_hall_a_tile_10>,
            </SecurityTargets/sp_hall_a_tile_11>,
            </SecurityTargets/sp_hall_a_tile_12>,
            </SecurityTargets/sp_hall_a_tile_13>,
            </SecurityTargets/sp_hall_a_tile_14>,
            </SecurityTargets/sp_hall_a_tile_15>,
            </SecurityTargets/sp_hall_a_tile_16>,
            </SecurityTargets/sp_hall_a_tile_17>,
            </SecurityTargets/sp_hall_a_tile_18>,
            </SecurityTargets/sp_hall_a_tile_19>,
            </SecurityTargets/sp_hall_a_tile_20>,
            </SecurityTargets/sp_hall_a_tile_21>,
            </SecurityTargets/sp_hall_a_tile_22>,
            </SecurityTargets/sp_hall_a_tile_23>,
            </SecurityTargets/sp_hall_a_tile_24>,
            </SecurityTargets/sp_hall_a_tile_25>,
            </SecurityTargets/sp_hall_a_tile_26>,
            </SecurityTargets/sp_hall_a_tile_27>,
            </SecurityTargets/sp_hall_a_tile_28>,
            </SecurityTargets/sp_hall_a_tile_29>,
            </SecurityTargets/sp_hall_a_tile_30>,
            </SecurityTargets/sp_hall_a_tile_31>,
            </SecurityTargets/sp_hall_a_tile_32>,
            </SecurityTargets/sp_hall_a_tile_33>,
            </SecurityTargets/sp_hall_a_tile_34>,
            </SecurityTargets/sp_hall_a_tile_35>,
            </SecurityTargets/sp_hall_a_tile_36>,
            </SecurityTargets/sp_hall_a_tile_37>,
            </SecurityTargets/sp_hall_a_tile_38>,
            </SecurityTargets/sp_hall_a_tile_39>,
            </SecurityTargets/sp_hall_b_tile_0>,
            </SecurityTargets/sp_hall_b_tile_1>,
            </SecurityTargets/sp_hall_b_tile_2>,
            </SecurityTargets/sp_hall_b_tile_3>,
            </SecurityTargets/sp_hall_b_tile_4>,
            </SecurityTargets/sp_hall_b_tile_5>,
            </SecurityTargets/sp_hall_b_tile_6>,
            </SecurityTargets/sp_hall_b_tile_7>,
            </SecurityTargets/sp_hall_b_tile_8>,
            </SecurityTargets/sp_hall_b_tile_9>,
            </SecurityTargets/sp_hall_b_tile_10>,
            </SecurityTargets/sp_hall_b_tile_11>,
            </SecurityTargets/sp_hall_b_tile_12>,
            </SecurityTargets/sp_hall_b_tile_13>,
            </SecurityTargets/sp_hall_b_tile_14>,
            </SecurityTargets/sp_hall_b_tile_15>,
            </SecurityTargets/sp_hall_b_tile_16>,
            </SecurityTargets/sp_hall_b_tile_17>,
            </SecurityTargets/sp_hall_b_tile_18>,
            </SecurityTargets/sp_hall_b_tile_19>,
            </SecurityTargets/sp_hall_b_tile_20>,
            </SecurityTargets/sp_hall_b_tile_21>,
            </SecurityTargets/sp_hall_b_tile_22>,
            </SecurityTargets/sp_hall_b_tile_23>,
            </SecurityTargets/sp_hall_b_tile_24>,
            </SecurityTargets/sp_hall_b_tile_25>,
            </SecurityTargets/sp_hall_b_tile_26>,
            </SecurityTargets/sp_hall_b_tile_27>,
            </SecurityTargets/sp_hall_b_tile_28>,
            </SecurityTargets/sp_hall_b_tile_29>,
            </SecurityTargets/sp_hall_b_tile_30>,
            </SecurityTargets/sp_hall_b_tile_31>,
            </SecurityTargets/sp_hall_b_tile_32>,
            </SecurityTargets/sp_hall_b_tile_33>,
            </SecurityTargets/sp_hall_b_tile_34>,
            </SecurityTargets/sp_hall_b_tile_35>,
            </SecurityTargets/sp_hall_b_tile_36>,
            </SecurityTargets/sp_hall_b_tile_37>,
            </SecurityTargets/sp_hall_b_tile_38>,
            </SecurityTargets/sp_hall_b_tile_39>,
            </SecurityTargets/sp_batt_a_tile_0>,
            </SecurityTargets/sp_batt_a_tile_1>,
            </SecurityTargets/sp_batt_a_tile_2>,
            </SecurityTargets/sp_batt_a_tile_3>,
            </SecurityTargets/sp_batt_a_tile_4>,
            </SecurityTargets/sp_batt_a_tile_5>,
            </SecurityTargets/sp_batt_b_tile_0>,
            </SecurityTargets/sp_batt_b_tile_1>,
            </SecurityTargets/sp_batt_b_tile_2>,
            </SecurityTargets/sp_batt_b_tile_3>,
            </SecurityTargets/sp_batt_b_tile_4>,
            </SecurityTargets/sp_batt_b_tile_5>,
            </SecurityTargets/sp_meeting_tile_0>,
            </SecurityTargets/sp_meeting_tile_1>,
            </SecurityTargets/sp_meeting_tile_2>,
            </SecurityTargets/sp_meeting_tile_3>,
            </SecurityTargets/sp_meeting_tile_4>,
            </SecurityTargets/sp_meeting_tile_5>,
            </SecurityTargets/sp_kitchen_tile_0>,
            </SecurityTargets/sp_kitchen_tile_1>,
            </SecurityTargets/sp_office_tile_0>,
            </SecurityTargets/sp_office_tile_1>,
            </SecurityTargets/sp_office_tile_2>,
            </SecurityTargets/sp_office_tile_3>,
            </SecurityTargets/sp_office_tile_4>,
            </SecurityTargets/sp_office_tile_5>,
            </SecurityTargets/sp_wc_tile_0>,
            </SecurityTargets/sp_wc_tile_1>,
            </SecurityTargets/sp_meeting_1_tile_0>,
            </SecurityTargets/sp_meeting_1_tile_1>,
            </SecurityTargets/sp_meeting_1_tile_2>,
            </SecurityTargets/sp_meeting_1_tile_3>,
        ]
        rel collection:targets:includes = None
    }
}

