#usda 1.0
(
    customLayerData = {
        string "aeco:cctv:densityModel" = "plane"
        string "aeco:cctv:layer" = "derived"
        string "aeco:cctv:levelSystem" = "dori2015"
        string "aeco:cctv:stamp" = "usdAecoCctv derive 0.5.5"
    }
    defaultPrim = "CctvLobby"
    endTimeCode = 384
    fallbackPrimTypes = {
        token[] AecoFacility = ["Xform"]
        token[] AecoLevel = ["Xform"]
        token[] AecoSite = ["Xform"]
        token[] AecoSpace = ["Xform"]
        token[] AecoSystem = ["Scope"]
    }
    framesPerSecond = 24
    metersPerUnit = 1
    startTimeCode = 0
    subLayers = [
        @./lobby.usda@
    ]
    timeCodesPerSecond = 24
    upAxis = "Z"
)

over "CctvLobby"
{
    over "Site"
    {
        over "Building"
        {
            over "L0"
            {
                over "Lobby"
                {
                    over "Cam_1"
                    {
                        double aeco:cctv:mountHeight = 3.2199999999999998

                        over "Sensor_0"
                        {
                            double aeco:cctvSensor:effectiveWidth = 7.679649793158473
                            double aeco:cctvSensor:hfov = 104
                            double aeco:cctvSensor:targetRange = 8.100369375621646
                            double aeco:cctvSensor:vfov = 76.00000000000001
                            float2 clippingRange = (0.05, 14)
                            float focalLength = 3
                            float horizontalAperture = 7.67965
                            float verticalAperture = 4.6877136
                            matrix4d xformOp:transform = ( (1, 0, 0, 0), (0, 0.6427876096865396, 0.766044443118978, 0), (0, -0.766044443118978, 0.6427876096865396, 0), (0, 0, -0.08, 1) )
                            uniform token[] xformOpOrder = ["xformOp:transform"]

                            def Mesh "Sector" (
                                prepend apiSchemas = ["AecoDerivedGeometryAPI", "MaterialBindingAPI"]
                            )
                            {
                                uniform token aeco:derived:approx = "tessellated"
                                uniform token aeco:derived:role = "sector"
                                string aeco:derived:source = "06cd3d1d-3759-5a90-a46c-bd5c8b199e1c"
                                string aeco:derived:stamp = "usdAecoCctv derive 0.5.5"
                                uniform bool doubleSided = 1
                                float3[] extent = [(-11.03215, -8.619261, -14), (11.03215, 8.619261, 0)]
                                int[] faceVertexCounts = [4, 4, 4, 4, 4, 4, 4, 4, 4, 4, 4, 4, 4, 4, 4, 4, 4, 4, 4, 4, 4, 4, 4, 4, 4, 4, 4, 4, 4, 4, 4, 4, 4, 4, 4, 4, 4, 4, 4, 4, 4, 4, 4, 4, 4, 4, 4, 4, 4, 4, 4, 4, 4, 4, 4, 4, 4, 4, 4, 4, 4, 4, 4, 4, 4, 4, 4, 4, 4, 4, 4, 4, 4, 4, 4, 4, 4, 4, 4, 4, 4, 4, 4, 4, 4, 4, 4, 4, 4, 4, 4, 4, 4, 4, 4, 4, 4, 4, 4, 4, 4, 4, 4, 4, 4, 4, 4, 4, 4, 4, 4, 4, 4, 4, 4, 4, 4, 4, 4, 4, 4, 4, 4, 4, 4, 4, 4, 4, 4, 4, 4, 4, 4, 4, 4, 4, 4, 4, 4, 4, 4, 4, 4, 4, 4, 4, 4, 4, 4, 4, 4, 4, 4, 4, 4, 4, 4, 4, 4, 4, 4, 4, 4, 4, 4, 4, 4, 4, 4, 4, 4, 4, 4, 4, 4, 4, 4, 4, 4, 4, 4, 4, 4, 4, 4, 4, 4, 4, 4, 4, 4, 4, 4, 4, 4, 4, 4, 4, 4, 4, 4, 4, 4, 4, 4, 4, 4, 4, 4, 4, 4, 4, 4, 4, 4, 4, 4, 4, 4, 4, 4, 4, 4, 4, 4, 4, 4, 4, 4, 4, 4, 4, 4, 4, 4, 4, 4, 4, 4, 4, 4, 4, 4, 4, 4, 4, 4, 4, 4, 4, 4, 4, 4, 4, 4, 4, 4, 4, 4, 4, 4, 4, 4, 4, 4, 4, 4, 4, 4, 4, 4, 4, 4, 4, 4, 4, 4, 4, 4, 4, 4, 4, 4, 4, 4, 4, 4, 4, 4, 4, 4, 4, 4, 4, 4, 4, 4, 4, 4, 4, 4, 4, 4, 4, 4, 4, 4, 4, 4, 4, 4, 4, 4, 4, 4, 4, 4, 4, 4, 4, 4, 4, 4, 4, 4, 4, 4, 4, 4, 4, 4, 4, 4, 4, 4, 4, 3, 3, 3, 3, 3, 3, 3, 3, 3, 3, 3, 3, 3, 3, 3, 3, 3, 3, 3, 3, 3, 3, 3, 3, 3, 3, 3, 3, 3, 3, 3, 3, 3, 3, 3, 3, 3, 3, 3, 3, 3, 3, 3, 3, 3, 3, 3, 3, 3, 3, 3, 3, 3, 3, 3, 3, 3, 3, 3, 3, 3, 3, 3, 3, 3, 3, 3, 3, 3, 3, 3, 3, 3, 3, 3, 3]
                                int[] faceVertexIndices = [1, 26, 27, 2, 2, 27, 28, 3, 3, 28, 29, 4, 4, 29, 30, 5, 5, 30, 31, 6, 6, 31, 32, 7, 7, 32, 33, 8, 8, 33, 34, 9, 9, 34, 35, 10, 10, 35, 36, 11, 11, 36, 37, 12, 12, 37, 38, 13, 13, 38, 39, 14, 14, 39, 40, 15, 15, 40, 41, 16, 16, 41, 42, 17, 17, 42, 43, 18, 18, 43, 44, 19, 19, 44, 45, 20, 20, 45, 46, 21, 21, 46, 47, 22, 22, 47, 48, 23, 23, 48, 49, 24, 24, 49, 50, 25, 26, 51, 52, 27, 27, 52, 53, 28, 28, 53, 54, 29, 29, 54, 55, 30, 30, 55, 56, 31, 31, 56, 57, 32, 32, 57, 58, 33, 33, 58, 59, 34, 34, 59, 60, 35, 35, 60, 61, 36, 36, 61, 62, 37, 37, 62, 63, 38, 38, 63, 64, 39, 39, 64, 65, 40, 40, 65, 66, 41, 41, 66, 67, 42, 42, 67, 68, 43, 43, 68, 69, 44, 44, 69, 70, 45, 45, 70, 71, 46, 46, 71, 72, 47, 47, 72, 73, 48, 48, 73, 74, 49, 49, 74, 75, 50, 51, 76, 77, 52, 52, 77, 78, 53, 53, 78, 79, 54, 54, 79, 80, 55, 55, 80, 81, 56, 56, 81, 82, 57, 57, 82, 83, 58, 58, 83, 84, 59, 59, 84, 85, 60, 60, 85, 86, 61, 61, 86, 87, 62, 62, 87, 88, 63, 63, 88, 89, 64, 64, 89, 90, 65, 65, 90, 91, 66, 66, 91, 92, 67, 67, 92, 93, 68, 68, 93, 94, 69, 69, 94, 95, 70, 70, 95, 96, 71, 71, 96, 97, 72, 72, 97, 98, 73, 73, 98, 99, 74, 74, 99, 100, 75, 76, 101, 102, 77, 77, 102, 103, 78, 78, 103, 104, 79, 79, 104, 105, 80, 80, 105, 106, 81, 81, 106, 107, 82, 82, 107, 108, 83, 83, 108, 109, 84, 84, 109, 110, 85, 85, 110, 111, 86, 86, 111, 112, 87, 87, 112, 113, 88, 88, 113, 114, 89, 89, 114, 115, 90, 90, 115, 116, 91, 91, 116, 117, 92, 92, 117, 118, 93, 93, 118, 119, 94, 94, 119, 120, 95, 95, 120, 121, 96, 96, 121, 122, 97, 97, 122, 123, 98, 98, 123, 124, 99, 99, 124, 125, 100, 101, 126, 127, 102, 102, 127, 128, 103, 103, 128, 129, 104, 104, 129, 130, 105, 105, 130, 131, 106, 106, 131, 132, 107, 107, 132, 133, 108, 108, 133, 134, 109, 109, 134, 135, 110, 110, 135, 136, 111, 111, 136, 137, 112, 112, 137, 138, 113, 113, 138, 139, 114, 114, 139, 140, 115, 115, 140, 141, 116, 116, 141, 142, 117, 117, 142, 143, 118, 118, 143, 144, 119, 119, 144, 145, 120, 120, 145, 146, 121, 121, 146, 147, 122, 122, 147, 148, 123, 123, 148, 149, 124, 124, 149, 150, 125, 126, 151, 152, 127, 127, 152, 153, 128, 128, 153, 154, 129, 129, 154, 155, 130, 130, 155, 156, 131, 131, 156, 157, 132, 132, 157, 158, 133, 133, 158, 159, 134, 134, 159, 160, 135, 135, 160, 161, 136, 136, 161, 162, 137, 137, 162, 163, 138, 138, 163, 164, 139, 139, 164, 165, 140, 140, 165, 166, 141, 141, 166, 167, 142, 142, 167, 168, 143, 143, 168, 169, 144, 144, 169, 170, 145, 145, 170, 171, 146, 146, 171, 172, 147, 147, 172, 173, 148, 148, 173, 174, 149, 149, 174, 175, 150, 151, 176, 177, 152, 152, 177, 178, 153, 153, 178, 179, 154, 154, 179, 180, 155, 155, 180, 181, 156, 156, 181, 182, 157, 157, 182, 183, 158, 158, 183, 184, 159, 159, 184, 185, 160, 160, 185, 186, 161, 161, 186, 187, 162, 162, 187, 188, 163, 163, 188, 189, 164, 164, 189, 190, 165, 165, 190, 191, 166, 166, 191, 192, 167, 167, 192, 193, 168, 168, 193, 194, 169, 169, 194, 195, 170, 170, 195, 196, 171, 171, 196, 197, 172, 172, 197, 198, 173, 173, 198, 199, 174, 174, 199, 200, 175, 176, 201, 202, 177, 177, 202, 203, 178, 178, 203, 204, 179, 179, 204, 205, 180, 180, 205, 206, 181, 181, 206, 207, 182, 182, 207, 208, 183, 183, 208, 209, 184, 184, 209, 210, 185, 185, 210, 211, 186, 186, 211, 212, 187, 187, 212, 213, 188, 188, 213, 214, 189, 189, 214, 215, 190, 190, 215, 216, 191, 191, 216, 217, 192, 192, 217, 218, 193, 193, 218, 219, 194, 194, 219, 220, 195, 195, 220, 221, 196, 196, 221, 222, 197, 197, 222, 223, 198, 198, 223, 224, 199, 199, 224, 225, 200, 201, 226, 227, 202, 202, 227, 228, 203, 203, 228, 229, 204, 204, 229, 230, 205, 205, 230, 231, 206, 206, 231, 232, 207, 207, 232, 233, 208, 208, 233, 234, 209, 209, 234, 235, 210, 210, 235, 236, 211, 211, 236, 237, 212, 212, 237, 238, 213, 213, 238, 239, 214, 214, 239, 240, 215, 215, 240, 241, 216, 216, 241, 242, 217, 217, 242, 243, 218, 218, 243, 244, 219, 219, 244, 245, 220, 220, 245, 246, 221, 221, 246, 247, 222, 222, 247, 248, 223, 223, 248, 249, 224, 224, 249, 250, 225, 226, 251, 252, 227, 227, 252, 253, 228, 228, 253, 254, 229, 229, 254, 255, 230, 230, 255, 256, 231, 231, 256, 257, 232, 232, 257, 258, 233, 233, 258, 259, 234, 234, 259, 260, 235, 235, 260, 261, 236, 236, 261, 262, 237, 237, 262, 263, 238, 238, 263, 264, 239, 239, 264, 265, 240, 240, 265, 266, 241, 241, 266, 267, 242, 242, 267, 268, 243, 243, 268, 269, 244, 244, 269, 270, 245, 245, 270, 271, 246, 246, 271, 272, 247, 247, 272, 273, 248, 248, 273, 274, 249, 249, 274, 275, 250, 251, 276, 277, 252, 252, 277, 278, 253, 253, 278, 279, 254, 254, 279, 280, 255, 255, 280, 281, 256, 256, 281, 282, 257, 257, 282, 283, 258, 258, 283, 284, 259, 259, 284, 285, 260, 260, 285, 286, 261, 261, 286, 287, 262, 262, 287, 288, 263, 263, 288, 289, 264, 264, 289, 290, 265, 265, 290, 291, 266, 266, 291, 292, 267, 267, 292, 293, 268, 268, 293, 294, 269, 269, 294, 295, 270, 270, 295, 296, 271, 271, 296, 297, 272, 272, 297, 298, 273, 273, 298, 299, 274, 274, 299, 300, 275, 276, 301, 302, 277, 277, 302, 303, 278, 278, 303, 304, 279, 279, 304, 305, 280, 280, 305, 306, 281, 281, 306, 307, 282, 282, 307, 308, 283, 283, 308, 309, 284, 284, 309, 310, 285, 285, 310, 311, 286, 286, 311, 312, 287, 287, 312, 313, 288, 288, 313, 314, 289, 289, 314, 315, 290, 290, 315, 316, 291, 291, 316, 317, 292, 292, 317, 318, 293, 293, 318, 319, 294, 294, 319, 320, 295, 295, 320, 321, 296, 296, 321, 322, 297, 297, 322, 323, 298, 298, 323, 324, 299, 299, 324, 325, 300, 301, 326, 327, 302, 302, 327, 328, 303, 303, 328, 329, 304, 304, 329, 330, 305, 305, 330, 331, 306, 306, 331, 332, 307, 307, 332, 333, 308, 308, 333, 334, 309, 309, 334, 335, 310, 310, 335, 336, 311, 311, 336, 337, 312, 312, 337, 338, 313, 313, 338, 339, 314, 314, 339, 340, 315, 315, 340, 341, 316, 316, 341, 342, 317, 317, 342, 343, 318, 318, 343, 344, 319, 319, 344, 345, 320, 320, 345, 346, 321, 321, 346, 347, 322, 322, 347, 348, 323, 323, 348, 349, 324, 324, 349, 350, 325, 326, 351, 352, 327, 327, 352, 353, 328, 328, 353, 354, 329, 329, 354, 355, 330, 330, 355, 356, 331, 331, 356, 357, 332, 332, 357, 358, 333, 333, 358, 359, 334, 334, 359, 360, 335, 335, 360, 361, 336, 336, 361, 362, 337, 337, 362, 363, 338, 338, 363, 364, 339, 339, 364, 365, 340, 340, 365, 366, 341, 341, 366, 367, 342, 342, 367, 368, 343, 343, 368, 369, 344, 344, 369, 370, 345, 345, 370, 371, 346, 346, 371, 372, 347, 347, 372, 373, 348, 348, 373, 374, 349, 349, 374, 375, 350, 0, 1, 2, 0, 2, 3, 0, 3, 4, 0, 4, 5, 0, 5, 6, 0, 6, 7, 0, 7, 8, 0, 8, 9, 0, 9, 10, 0, 10, 11, 0, 11, 12, 0, 12, 13, 0, 13, 14, 0, 14, 15, 0, 15, 16, 0, 16, 17, 0, 17, 18, 0, 18, 19, 0, 19, 20, 0, 20, 21, 0, 21, 22, 0, 22, 23, 0, 23, 24, 0, 24, 25, 0, 352, 351, 0, 353, 352, 0, 354, 353, 0, 355, 354, 0, 356, 355, 0, 357, 356, 0, 358, 357, 0, 359, 358, 0, 360, 359, 0, 361, 360, 0, 362, 361, 0, 363, 362, 0, 364, 363, 0, 365, 364, 0, 366, 365, 0, 367, 366, 0, 368, 367, 0, 369, 368, 0, 370, 369, 0, 371, 370, 0, 372, 371, 0, 373, 372, 0, 374, 373, 0, 375, 374, 0, 26, 1, 0, 51, 26, 0, 76, 51, 0, 101, 76, 0, 126, 101, 0, 151, 126, 0, 176, 151, 0, 201, 176, 0, 226, 201, 0, 251, 226, 0, 276, 251, 0, 301, 276, 0, 326, 301, 0, 351, 326, 0, 25, 50, 0, 50, 75, 0, 75, 100, 0, 100, 125, 0, 125, 150, 0, 150, 175, 0, 175, 200, 0, 200, 225, 0, 225, 250, 0, 250, 275, 0, 275, 300, 0, 300, 325, 0, 325, 350, 0, 350, 375]
                                rel material:binding = </AecoCctvLooks/Sector>
                                point3f[] points = [(0, 0, 0), (-9.941828, -6.0685635, -7.767407), (-9.504134, -6.3287916, -8.100484), (-9.007872, -6.5981636, -8.445265), (-8.446061, -6.8740487, -8.798381), (-7.8118973, -7.152658, -9.154984), (-7.0993505, -7.4288487, -9.508492), (-6.3039937, -7.6960063, -9.850439), (-5.424033, -7.9460855, -10.170526), (-4.461442, -8.1698885, -10.456981), (-3.4229863, -8.357662, -10.69732), (-2.3208551, -8.500001, -10.879504), (-1.1725745, -8.588976, -10.993387), (0, -8.619261, -11.03215), (1.1725745, -8.588976, -10.993387), (2.3208551, -8.500001, -10.879504), (3.4229863, -8.357662, -10.69732), (4.461442, -8.1698885, -10.456981), (5.424033, -7.9460855, -10.170526), (6.3039937, -7.6960063, -9.850439), (7.0993505, -7.4288487, -9.508492), (7.8118973, -7.152658, -9.154984), (8.446061, -6.8740487, -8.798381), (9.007872, -6.5981636, -8.445265), (9.504134, -6.3287916, -8.100484), (9.941828, -6.0685635, -7.767407), (-10.199293, -5.3363333, -7.968561), (-9.772749, -5.577996, -8.329427), (-9.285627, -5.829957, -8.705672), (-8.729859, -6.0900226, -9.094019), (-8.097301, -6.3548365, -9.489456), (-7.380366, -6.619634, -9.88487), (-6.572982, -6.8780494, -10.270752), (-5.671822, -7.122078, -10.635151), (-4.677759, -7.3422976, -10.963998), (-3.5972686, -7.528453, -11.241978), (-2.4434085, -7.6704392, -11.454), (-1.2359031, -7.7595863, -11.587121), (0, -7.79, -11.632536), (1.2359031, -7.7595863, -11.587121), (2.4434085, -7.6704392, -11.454), (3.5972686, -7.528453, -11.241978), (4.677759, -7.3422976, -10.963998), (5.671822, -7.122078, -10.635151), (6.572982, -6.8780494, -10.270752), (7.380366, -6.619634, -9.88487), (8.097301, -6.3548365, -9.489456), (8.729859, -6.0900226, -9.094019), (9.285627, -5.829957, -8.705672), (9.772749, -5.577996, -8.329427), (10.199293, -5.3363333, -7.968561), (-10.433513, -4.549065, -8.151553), (-10.01875, -4.7653384, -8.539098), (-9.5418625, -4.9923615, -8.945904), (-8.993736, -5.2284207, -9.368902), (-8.364894, -5.4707055, -9.803057), (-7.64615, -5.7150187, -10.240847), (-6.8296494, -5.955525, -10.671814), (-5.9103174, -6.1846294, -11.082351), (-4.8876505, -6.3931227, -11.455953), (-3.7675645, -6.57071, -11.774176), (-2.5638154, -6.7070208, -12.018433), (-1.2983398, -6.7929945, -12.172491), (0, -6.822396, -12.225176), (1.2983398, -6.7929945, -12.172491), (2.5638154, -6.7070208, -12.018433), (3.7675645, -6.57071, -11.774176), (4.8876505, -6.3931227, -11.455953), (5.9103174, -6.1846294, -11.082351), (6.8296494, -5.955525, -10.671814), (7.64615, -5.7150187, -10.240847), (8.364894, -5.4707055, -9.803057), (8.993736, -5.2284207, -9.368902), (9.5418625, -4.9923615, -8.945904), (10.01875, -4.7653384, -8.539098), (10.433513, -4.549065, -8.151553), (-10.637636, -3.7104514, -8.311032), (-10.234461, -3.8943515, -8.722949), (-9.768064, -4.088569, -9.157977), (-9.228397, -4.2918706, -9.613352), (-8.604742, -4.502054, -10.084142), (-7.8863616, -4.7156496, -10.562573), (-7.0636063, -4.92763, -11.037388), (-6.1295524, -5.131232, -11.493435), (-5.082132, -5.318006, -11.91179), (-3.9264634, -5.4782662, -12.270758), (-2.6767821, -5.602036, -12.547989), (-1.357125, -5.68045, -12.723628), (0, -5.707329, -12.7838335), (1.357125, -5.68045, -12.723628), (2.6767821, -5.602036, -12.547989), (3.9264634, -5.4782662, -12.270758), (5.082132, -5.318006, -11.91179), (6.1295524, -5.131232, -11.493435), (7.0636063, -4.92763, -11.037388), (7.8863616, -4.7156496, -10.562573), (8.604742, -4.502054, -10.084142), (9.228397, -4.2918706, -9.613352), (9.768064, -4.088569, -9.157977), (10.234461, -3.8943515, -8.722949), (10.637636, -3.7104514, -8.311032), (-10.804955, -2.8266096, -8.441755), (-10.412218, -2.971493, -8.8744545), (-9.955567, -3.1252887, -9.33377), (-9.424174, -3.2871912, -9.817296), (-8.806254, -3.4556153, -10.3203), (-8.08969, -3.6279225, -10.834901), (-7.26318, -3.8001406, -11.349236), (-6.3180227, -3.9667544, -11.846833), (-5.250561, -4.1206894, -12.306564), (-4.064979, -4.2536445, -12.703639), (-2.77577, -4.3569, -13.012014), (-1.4088082, -4.422583, -13.208179), (0, -4.445147, -13.275567), (1.4088082, -4.422583, -13.208179), (2.77577, -4.3569, -13.012014), (4.064979, -4.2536445, -12.703639), (5.250561, -4.1206894, -12.306564), (6.3180227, -3.9667544, -11.846833), (7.26318, -3.8001406, -11.349236), (8.08969, -3.6279225, -10.834901), (8.806254, -3.4556153, -10.3203), (9.424174, -3.2871912, -9.817296), (9.955567, -3.1252887, -9.33377), (10.412218, -2.971493, -8.8744545), (10.804955, -2.8266096, -8.441755), (-10.92942, -1.9061135, -8.538999), (-10.545013, -2.0062604, -8.987637), (-10.096309, -2.1129804, -9.465721), (-9.571899, -2.2258122, -9.971184), (-8.959182, -2.3437495, -10.499519), (-8.244948, -2.4650333, -11.042846), (-7.4165554, -2.5869253, -11.588897), (-6.4638124, -2.7055254, -12.120201), (-5.3816667, -2.8157213, -12.613856), (-4.173405, -2.9114017, -13.042485), (-2.853601, -2.9860435, -13.376864), (-1.4495631, -3.0336816, -13.590274), (0, -3.050075, -13.6637125), (1.4495631, -3.0336816, -13.590274), (2.853601, -2.9860435, -13.376864), (4.173405, -2.9114017, -13.042485), (5.3816667, -2.8157213, -12.613856), (6.4638124, -2.7055254, -12.120201), (7.4165554, -2.5869253, -11.588897), (8.244948, -2.4650333, -11.042846), (8.959182, -2.3437495, -10.499519), (9.571899, -2.2258122, -9.971184), (10.096309, -2.1129804, -9.465721), (10.545013, -2.0062604, -8.987637), (10.92942, -1.9061135, -8.538999), (-11.006197, -0.9597517, -8.598983), (-10.6271715, -1.0109458, -9.057661), (-10.183674, -1.0656322, -9.547629), (-9.66394, -1.1236074, -10.067063), (-9.0548525, -1.1843886, -10.611639), (-8.342506, -1.2471004, -11.17351), (-7.51338, -1.310349, -11.740191), (-6.556284, -1.3721154, -12.293593), (-5.4652066, -1.4297149, -12.809662), (-4.242779, -1.4798988, -13.259289), (-2.9035645, -1.5191629, -13.611078), (-1.4757819, -1.5442765, -13.836086), (0, -1.5529286, -13.913606), (1.4757819, -1.5442765, -13.836086), (2.9035645, -1.5191629, -13.611078), (4.242779, -1.4798988, -13.259289), (5.4652066, -1.4297149, -12.809662), (6.556284, -1.3721154, -12.293593), (7.51338, -1.310349, -11.740191), (8.342506, -1.2471004, -11.17351), (9.0548525, -1.1843886, -10.611639), (9.66394, -1.1236074, -10.067063), (10.183674, -1.0656322, -9.547629), (10.6271715, -1.0109458, -9.057661), (11.006197, -0.9597517, -8.598983), (-11.03215, 0, -8.619261), (-10.654986, 0, -9.081368), (-10.213303, 0, -9.575408), (-9.695215, 0, -10.099644), (-9.08743, 0, -10.649817), (-8.375804, 0, -11.218106), (-7.546508, 0, -11.791956), (-6.5880013, 0, -12.3530655), (-5.49393, 0, -12.876985), (-4.2666836, 0, -13.333995), (-2.9208112, 0, -13.691927), (-1.4848428, 0, -13.921036), (0, 0, -14), (1.4848428, 0, -13.921036), (2.9208112, 0, -13.691927), (4.2666836, 0, -13.333995), (5.49393, 0, -12.876985), (6.5880013, 0, -12.3530655), (7.546508, 0, -11.791956), (8.375804, 0, -11.218106), (9.08743, 0, -10.649817), (9.695215, 0, -10.099644), (10.213303, 0, -9.575408), (10.654986, 0, -9.081368), (11.03215, 0, -8.619261), (-11.006197, 0.9597517, -8.598983), (-10.6271715, 1.0109458, -9.057661), (-10.183674, 1.0656322, -9.547629), (-9.66394, 1.1236074, -10.067063), (-9.0548525, 1.1843886, -10.611639), (-8.342506, 1.2471004, -11.17351), (-7.51338, 1.310349, -11.740191), (-6.556284, 1.3721154, -12.293593), (-5.4652066, 1.4297149, -12.809662), (-4.242779, 1.4798988, -13.259289), (-2.9035645, 1.5191629, -13.611078), (-1.4757819, 1.5442765, -13.836086), (0, 1.5529286, -13.913606), (1.4757819, 1.5442765, -13.836086), (2.9035645, 1.5191629, -13.611078), (4.242779, 1.4798988, -13.259289), (5.4652066, 1.4297149, -12.809662), (6.556284, 1.3721154, -12.293593), (7.51338, 1.310349, -11.740191), (8.342506, 1.2471004, -11.17351), (9.0548525, 1.1843886, -10.611639), (9.66394, 1.1236074, -10.067063), (10.183674, 1.0656322, -9.547629), (10.6271715, 1.0109458, -9.057661), (11.006197, 0.9597517, -8.598983), (-10.92942, 1.9061135, -8.538999), (-10.545013, 2.0062604, -8.987637), (-10.096309, 2.1129804, -9.465721), (-9.571899, 2.2258122, -9.971184), (-8.959182, 2.3437495, -10.499519), (-8.244948, 2.4650333, -11.042846), (-7.4165554, 2.5869253, -11.588897), (-6.4638124, 2.7055254, -12.120201), (-5.3816667, 2.8157213, -12.613856), (-4.173405, 2.9114017, -13.042485), (-2.853601, 2.9860435, -13.376864), (-1.4495631, 3.0336816, -13.590274), (0, 3.050075, -13.6637125), (1.4495631, 3.0336816, -13.590274), (2.853601, 2.9860435, -13.376864), (4.173405, 2.9114017, -13.042485), (5.3816667, 2.8157213, -12.613856), (6.4638124, 2.7055254, -12.120201), (7.4165554, 2.5869253, -11.588897), (8.244948, 2.4650333, -11.042846), (8.959182, 2.3437495, -10.499519), (9.571899, 2.2258122, -9.971184), (10.096309, 2.1129804, -9.465721), (10.545013, 2.0062604, -8.987637), (10.92942, 1.9061135, -8.538999), (-10.804955, 2.8266096, -8.441755), (-10.412218, 2.971493, -8.8744545), (-9.955567, 3.1252887, -9.33377), (-9.424174, 3.2871912, -9.817296), (-8.806254, 3.4556153, -10.3203), (-8.08969, 3.6279225, -10.834901), (-7.26318, 3.8001406, -11.349236), (-6.3180227, 3.9667544, -11.846833), (-5.250561, 4.1206894, -12.306564), (-4.064979, 4.2536445, -12.703639), (-2.77577, 4.3569, -13.012014), (-1.4088082, 4.422583, -13.208179), (0, 4.445147, -13.275567), (1.4088082, 4.422583, -13.208179), (2.77577, 4.3569, -13.012014), (4.064979, 4.2536445, -12.703639), (5.250561, 4.1206894, -12.306564), (6.3180227, 3.9667544, -11.846833), (7.26318, 3.8001406, -11.349236), (8.08969, 3.6279225, -10.834901), (8.806254, 3.4556153, -10.3203), (9.424174, 3.2871912, -9.817296), (9.955567, 3.1252887, -9.33377), (10.412218, 2.971493, -8.8744545), (10.804955, 2.8266096, -8.441755), (-10.637636, 3.7104514, -8.311032), (-10.234461, 3.8943515, -8.722949), (-9.768064, 4.088569, -9.157977), (-9.228397, 4.2918706, -9.613352), (-8.604742, 4.502054, -10.084142), (-7.8863616, 4.7156496, -10.562573), (-7.0636063, 4.92763, -11.037388), (-6.1295524, 5.131232, -11.493435), (-5.082132, 5.318006, -11.91179), (-3.9264634, 5.4782662, -12.270758), (-2.6767821, 5.602036, -12.547989), (-1.357125, 5.68045, -12.723628), (0, 5.707329, -12.7838335), (1.357125, 5.68045, -12.723628), (2.6767821, 5.602036, -12.547989), (3.9264634, 5.4782662, -12.270758), (5.082132, 5.318006, -11.91179), (6.1295524, 5.131232, -11.493435), (7.0636063, 4.92763, -11.037388), (7.8863616, 4.7156496, -10.562573), (8.604742, 4.502054, -10.084142), (9.228397, 4.2918706, -9.613352), (9.768064, 4.088569, -9.157977), (10.234461, 3.8943515, -8.722949), (10.637636, 3.7104514, -8.311032), (-10.433513, 4.549065, -8.151553), (-10.01875, 4.7653384, -8.539098), (-9.5418625, 4.9923615, -8.945904), (-8.993736, 5.2284207, -9.368902), (-8.364894, 5.4707055, -9.803057), (-7.64615, 5.7150187, -10.240847), (-6.8296494, 5.955525, -10.671814), (-5.9103174, 6.1846294, -11.082351), (-4.8876505, 6.3931227, -11.455953), (-3.7675645, 6.57071, -11.774176), (-2.5638154, 6.7070208, -12.018433), (-1.2983398, 6.7929945, -12.172491), (0, 6.822396, -12.225176), (1.2983398, 6.7929945, -12.172491), (2.5638154, 6.7070208, -12.018433), (3.7675645, 6.57071, -11.774176), (4.8876505, 6.3931227, -11.455953), (5.9103174, 6.1846294, -11.082351), (6.8296494, 5.955525, -10.671814), (7.64615, 5.7150187, -10.240847), (8.364894, 5.4707055, -9.803057), (8.993736, 5.2284207, -9.368902), (9.5418625, 4.9923615, -8.945904), (10.01875, 4.7653384, -8.539098), (10.433513, 4.549065, -8.151553), (-10.199293, 5.3363333, -7.968561), (-9.772749, 5.577996, -8.329427), (-9.285627, 5.829957, -8.705672), (-8.729859, 6.0900226, -9.094019), (-8.097301, 6.3548365, -9.489456), (-7.380366, 6.619634, -9.88487), (-6.572982, 6.8780494, -10.270752), (-5.671822, 7.122078, -10.635151), (-4.677759, 7.3422976, -10.963998), (-3.5972686, 7.528453, -11.241978), (-2.4434085, 7.6704392, -11.454), (-1.2359031, 7.7595863, -11.587121), (0, 7.79, -11.632536), (1.2359031, 7.7595863, -11.587121), (2.4434085, 7.6704392, -11.454), (3.5972686, 7.528453, -11.241978), (4.677759, 7.3422976, -10.963998), (5.671822, 7.122078, -10.635151), (6.572982, 6.8780494, -10.270752), (7.380366, 6.619634, -9.88487), (8.097301, 6.3548365, -9.489456), (8.729859, 6.0900226, -9.094019), (9.285627, 5.829957, -8.705672), (9.772749, 5.577996, -8.329427), (10.199293, 5.3363333, -7.968561), (-9.941828, 6.0685635, -7.767407), (-9.504134, 6.3287916, -8.100484), (-9.007872, 6.5981636, -8.445265), (-8.446061, 6.8740487, -8.798381), (-7.8118973, 7.152658, -9.154984), (-7.0993505, 7.4288487, -9.508492), (-6.3039937, 7.6960063, -9.850439), (-5.424033, 7.9460855, -10.170526), (-4.461442, 8.1698885, -10.456981), (-3.4229863, 8.357662, -10.69732), (-2.3208551, 8.500001, -10.879504), (-1.1725745, 8.588976, -10.993387), (0, 8.619261, -11.03215), (1.1725745, 8.588976, -10.993387), (2.3208551, 8.500001, -10.879504), (3.4229863, 8.357662, -10.69732), (4.461442, 8.1698885, -10.456981), (5.424033, 7.9460855, -10.170526), (6.3039937, 7.6960063, -9.850439), (7.0993505, 7.4288487, -9.508492), (7.8118973, 7.152658, -9.154984), (8.446061, 6.8740487, -8.798381), (9.007872, 6.5981636, -8.445265), (9.504134, 6.3287916, -8.100484), (9.941828, 6.0685635, -7.767407)]
                                color3f[] primvars:displayColor = [(0, 0.85, 0.95)] (
                                    interpolation = "constant"
                                )
                                float[] primvars:displayOpacity = [0.3] (
                                    interpolation = "constant"
                                )
                                uniform token purpose = "guide"
                                uniform token subdivisionScheme = "none"
                            }

                            def Mesh "Shell_identify" (
                                prepend apiSchemas = ["AecoDerivedGeometryAPI", "MaterialBindingAPI"]
                            )
                            {
                                uniform token aeco:derived:approx = "tessellated"
                                uniform token aeco:derived:role = "coverage"
                                string aeco:derived:source = "06cd3d1d-3759-5a90-a46c-bd5c8b199e1c"
                                string aeco:derived:stamp = "usdAecoCctv derive 0.5.5"
                                uniform bool doubleSided = 1
                                float3[] extent = [(-3.191589, -2.4935427, -4.0501847), (3.191589, 2.4935427, 0)]
                                int[] faceVertexCounts = [4, 4, 4, 4, 4, 4, 4, 4, 4, 4, 4, 4, 4, 4, 4, 4, 4, 4, 4, 4, 4, 4, 4, 4, 4, 4, 4, 4, 4, 4, 4, 4, 4, 4, 4, 4, 4, 4, 4, 4, 4, 4, 4, 4, 4, 4, 4, 4, 4, 4, 4, 4, 4, 4, 4, 4, 4, 4, 4, 4, 4, 4, 4, 4, 4, 4, 4, 4, 4, 4, 4, 4, 4, 4, 4, 4, 4, 4, 4, 4, 4, 4, 4, 4, 4, 4, 4, 4, 4, 4, 4, 4, 4, 4, 4, 4, 4, 4, 4, 4, 4, 4, 4, 4, 4, 4, 4, 4, 4, 4, 4, 4, 4, 4, 4, 4, 4, 4, 4, 4, 4, 4, 4, 4, 4, 4, 4, 4, 4, 4, 4, 4, 4, 4, 4, 4, 4, 4, 4, 4, 4, 4, 4, 4, 4, 4, 4, 4, 4, 4, 4, 4, 4, 4, 4, 4, 4, 4, 4, 4, 4, 4, 4, 4, 4, 4, 4, 4, 4, 4, 4, 4, 4, 4, 4, 4, 4, 4, 4, 4, 4, 4, 4, 4, 4, 4, 4, 4, 4, 4, 4, 4, 4, 4, 4, 4, 4, 4, 4, 4, 4, 4, 4, 4, 4, 4, 4, 4, 4, 4, 4, 4, 4, 4, 4, 4, 4, 4, 4, 4, 4, 4, 4, 4, 4, 4, 4, 4, 4, 4, 4, 4, 4, 4, 4, 4, 4, 4, 4, 4, 4, 4, 4, 4, 4, 4, 4, 4, 4, 4, 4, 4, 4, 4, 4, 4, 4, 4, 4, 4, 4, 4, 4, 4, 4, 4, 4, 4, 4, 4, 4, 4, 4, 4, 4, 4, 4, 4, 4, 4, 4, 4, 4, 4, 4, 4, 4, 4, 4, 4, 4, 4, 4, 4, 4, 4, 4, 4, 4, 4, 4, 4, 4, 4, 4, 4, 4, 4, 4, 4, 4, 4, 4, 4, 4, 4, 4, 4, 4, 4, 4, 4, 4, 4, 4, 4, 4, 4, 4, 4, 4, 4, 4, 4, 4, 4, 3, 3, 3, 3, 3, 3, 3, 3, 3, 3, 3, 3, 3, 3, 3, 3, 3, 3, 3, 3, 3, 3, 3, 3, 3, 3, 3, 3, 3, 3, 3, 3, 3, 3, 3, 3, 3, 3, 3, 3, 3, 3, 3, 3, 3, 3, 3, 3, 3, 3, 3, 3, 3, 3, 3, 3, 3, 3, 3, 3, 3, 3, 3, 3, 3, 3, 3, 3, 3, 3, 3, 3, 3, 3, 3, 3]
                                int[] faceVertexIndices = [1, 26, 27, 2, 2, 27, 28, 3, 3, 28, 29, 4, 4, 29, 30, 5, 5, 30, 31, 6, 6, 31, 32, 7, 7, 32, 33, 8, 8, 33, 34, 9, 9, 34, 35, 10, 10, 35, 36, 11, 11, 36, 37, 12, 12, 37, 38, 13, 13, 38, 39, 14, 14, 39, 40, 15, 15, 40, 41, 16, 16, 41, 42, 17, 17, 42, 43, 18, 18, 43, 44, 19, 19, 44, 45, 20, 20, 45, 46, 21, 21, 46, 47, 22, 22, 47, 48, 23, 23, 48, 49, 24, 24, 49, 50, 25, 26, 51, 52, 27, 27, 52, 53, 28, 28, 53, 54, 29, 29, 54, 55, 30, 30, 55, 56, 31, 31, 56, 57, 32, 32, 57, 58, 33, 33, 58, 59, 34, 34, 59, 60, 35, 35, 60, 61, 36, 36, 61, 62, 37, 37, 62, 63, 38, 38, 63, 64, 39, 39, 64, 65, 40, 40, 65, 66, 41, 41, 66, 67, 42, 42, 67, 68, 43, 43, 68, 69, 44, 44, 69, 70, 45, 45, 70, 71, 46, 46, 71, 72, 47, 47, 72, 73, 48, 48, 73, 74, 49, 49, 74, 75, 50, 51, 76, 77, 52, 52, 77, 78, 53, 53, 78, 79, 54, 54, 79, 80, 55, 55, 80, 81, 56, 56, 81, 82, 57, 57, 82, 83, 58, 58, 83, 84, 59, 59, 84, 85, 60, 60, 85, 86, 61, 61, 86, 87, 62, 62, 87, 88, 63, 63, 88, 89, 64, 64, 89, 90, 65, 65, 90, 91, 66, 66, 91, 92, 67, 67, 92, 93, 68, 68, 93, 94, 69, 69, 94, 95, 70, 70, 95, 96, 71, 71, 96, 97, 72, 72, 97, 98, 73, 73, 98, 99, 74, 74, 99, 100, 75, 76, 101, 102, 77, 77, 102, 103, 78, 78, 103, 104, 79, 79, 104, 105, 80, 80, 105, 106, 81, 81, 106, 107, 82, 82, 107, 108, 83, 83, 108, 109, 84, 84, 109, 110, 85, 85, 110, 111, 86, 86, 111, 112, 87, 87, 112, 113, 88, 88, 113, 114, 89, 89, 114, 115, 90, 90, 115, 116, 91, 91, 116, 117, 92, 92, 117, 118, 93, 93, 118, 119, 94, 94, 119, 120, 95, 95, 120, 121, 96, 96, 121, 122, 97, 97, 122, 123, 98, 98, 123, 124, 99, 99, 124, 125, 100, 101, 126, 127, 102, 102, 127, 128, 103, 103, 128, 129, 104, 104, 129, 130, 105, 105, 130, 131, 106, 106, 131, 132, 107, 107, 132, 133, 108, 108, 133, 134, 109, 109, 134, 135, 110, 110, 135, 136, 111, 111, 136, 137, 112, 112, 137, 138, 113, 113, 138, 139, 114, 114, 139, 140, 115, 115, 140, 141, 116, 116, 141, 142, 117, 117, 142, 143, 118, 118, 143, 144, 119, 119, 144, 145, 120, 120, 145, 146, 121, 121, 146, 147, 122, 122, 147, 148, 123, 123, 148, 149, 124, 124, 149, 150, 125, 126, 151, 152, 127, 127, 152, 153, 128, 128, 153, 154, 129, 129, 154, 155, 130, 130, 155, 156, 131, 131, 156, 157, 132, 132, 157, 158, 133, 133, 158, 159, 134, 134, 159, 160, 135, 135, 160, 161, 136, 136, 161, 162, 137, 137, 162, 163, 138, 138, 163, 164, 139, 139, 164, 165, 140, 140, 165, 166, 141, 141, 166, 167, 142, 142, 167, 168, 143, 143, 168, 169, 144, 144, 169, 170, 145, 145, 170, 171, 146, 146, 171, 172, 147, 147, 172, 173, 148, 148, 173, 174, 149, 149, 174, 175, 150, 151, 176, 177, 152, 152, 177, 178, 153, 153, 178, 179, 154, 154, 179, 180, 155, 155, 180, 181, 156, 156, 181, 182, 157, 157, 182, 183, 158, 158, 183, 184, 159, 159, 184, 185, 160, 160, 185, 186, 161, 161, 186, 187, 162, 162, 187, 188, 163, 163, 188, 189, 164, 164, 189, 190, 165, 165, 190, 191, 166, 166, 191, 192, 167, 167, 192, 193, 168, 168, 193, 194, 169, 169, 194, 195, 170, 170, 195, 196, 171, 171, 196, 197, 172, 172, 197, 198, 173, 173, 198, 199, 174, 174, 199, 200, 175, 176, 201, 202, 177, 177, 202, 203, 178, 178, 203, 204, 179, 179, 204, 205, 180, 180, 205, 206, 181, 181, 206, 207, 182, 182, 207, 208, 183, 183, 208, 209, 184, 184, 209, 210, 185, 185, 210, 211, 186, 186, 211, 212, 187, 187, 212, 213, 188, 188, 213, 214, 189, 189, 214, 215, 190, 190, 215, 216, 191, 191, 216, 217, 192, 192, 217, 218, 193, 193, 218, 219, 194, 194, 219, 220, 195, 195, 220, 221, 196, 196, 221, 222, 197, 197, 222, 223, 198, 198, 223, 224, 199, 199, 224, 225, 200, 201, 226, 227, 202, 202, 227, 228, 203, 203, 228, 229, 204, 204, 229, 230, 205, 205, 230, 231, 206, 206, 231, 232, 207, 207, 232, 233, 208, 208, 233, 234, 209, 209, 234, 235, 210, 210, 235, 236, 211, 211, 236, 237, 212, 212, 237, 238, 213, 213, 238, 239, 214, 214, 239, 240, 215, 215, 240, 241, 216, 216, 241, 242, 217, 217, 242, 243, 218, 218, 243, 244, 219, 219, 244, 245, 220, 220, 245, 246, 221, 221, 246, 247, 222, 222, 247, 248, 223, 223, 248, 249, 224, 224, 249, 250, 225, 226, 251, 252, 227, 227, 252, 253, 228, 228, 253, 254, 229, 229, 254, 255, 230, 230, 255, 256, 231, 231, 256, 257, 232, 232, 257, 258, 233, 233, 258, 259, 234, 234, 259, 260, 235, 235, 260, 261, 236, 236, 261, 262, 237, 237, 262, 263, 238, 238, 263, 264, 239, 239, 264, 265, 240, 240, 265, 266, 241, 241, 266, 267, 242, 242, 267, 268, 243, 243, 268, 269, 244, 244, 269, 270, 245, 245, 270, 271, 246, 246, 271, 272, 247, 247, 272, 273, 248, 248, 273, 274, 249, 249, 274, 275, 250, 251, 276, 277, 252, 252, 277, 278, 253, 253, 278, 279, 254, 254, 279, 280, 255, 255, 280, 281, 256, 256, 281, 282, 257, 257, 282, 283, 258, 258, 283, 284, 259, 259, 284, 285, 260, 260, 285, 286, 261, 261, 286, 287, 262, 262, 287, 288, 263, 263, 288, 289, 264, 264, 289, 290, 265, 265, 290, 291, 266, 266, 291, 292, 267, 267, 292, 293, 268, 268, 293, 294, 269, 269, 294, 295, 270, 270, 295, 296, 271, 271, 296, 297, 272, 272, 297, 298, 273, 273, 298, 299, 274, 274, 299, 300, 275, 276, 301, 302, 277, 277, 302, 303, 278, 278, 303, 304, 279, 279, 304, 305, 280, 280, 305, 306, 281, 281, 306, 307, 282, 282, 307, 308, 283, 283, 308, 309, 284, 284, 309, 310, 285, 285, 310, 311, 286, 286, 311, 312, 287, 287, 312, 313, 288, 288, 313, 314, 289, 289, 314, 315, 290, 290, 315, 316, 291, 291, 316, 317, 292, 292, 317, 318, 293, 293, 318, 319, 294, 294, 319, 320, 295, 295, 320, 321, 296, 296, 321, 322, 297, 297, 322, 323, 298, 298, 323, 324, 299, 299, 324, 325, 300, 301, 326, 327, 302, 302, 327, 328, 303, 303, 328, 329, 304, 304, 329, 330, 305, 305, 330, 331, 306, 306, 331, 332, 307, 307, 332, 333, 308, 308, 333, 334, 309, 309, 334, 335, 310, 310, 335, 336, 311, 311, 336, 337, 312, 312, 337, 338, 313, 313, 338, 339, 314, 314, 339, 340, 315, 315, 340, 341, 316, 316, 341, 342, 317, 317, 342, 343, 318, 318, 343, 344, 319, 319, 344, 345, 320, 320, 345, 346, 321, 321, 346, 347, 322, 322, 347, 348, 323, 323, 348, 349, 324, 324, 349, 350, 325, 326, 351, 352, 327, 327, 352, 353, 328, 328, 353, 354, 329, 329, 354, 355, 330, 330, 355, 356, 331, 331, 356, 357, 332, 332, 357, 358, 333, 333, 358, 359, 334, 334, 359, 360, 335, 335, 360, 361, 336, 336, 361, 362, 337, 337, 362, 363, 338, 338, 363, 364, 339, 339, 364, 365, 340, 340, 365, 366, 341, 341, 366, 367, 342, 342, 367, 368, 343, 343, 368, 369, 344, 344, 369, 370, 345, 345, 370, 371, 346, 346, 371, 372, 347, 347, 372, 373, 348, 348, 373, 374, 349, 349, 374, 375, 350, 0, 1, 2, 0, 2, 3, 0, 3, 4, 0, 4, 5, 0, 5, 6, 0, 6, 7, 0, 7, 8, 0, 8, 9, 0, 9, 10, 0, 10, 11, 0, 11, 12, 0, 12, 13, 0, 13, 14, 0, 14, 15, 0, 15, 16, 0, 16, 17, 0, 17, 18, 0, 18, 19, 0, 19, 20, 0, 20, 21, 0, 21, 22, 0, 22, 23, 0, 23, 24, 0, 24, 25, 0, 352, 351, 0, 353, 352, 0, 354, 353, 0, 355, 354, 0, 356, 355, 0, 357, 356, 0, 358, 357, 0, 359, 358, 0, 360, 359, 0, 361, 360, 0, 362, 361, 0, 363, 362, 0, 364, 363, 0, 365, 364, 0, 366, 365, 0, 367, 366, 0, 368, 367, 0, 369, 368, 0, 370, 369, 0, 371, 370, 0, 372, 371, 0, 373, 372, 0, 374, 373, 0, 375, 374, 0, 26, 1, 0, 51, 26, 0, 76, 51, 0, 101, 76, 0, 126, 101, 0, 151, 126, 0, 176, 151, 0, 201, 176, 0, 226, 201, 0, 251, 226, 0, 276, 251, 0, 301, 276, 0, 326, 301, 0, 351, 326, 0, 25, 50, 0, 50, 75, 0, 75, 100, 0, 100, 125, 0, 125, 150, 0, 150, 175, 0, 175, 200, 0, 200, 225, 0, 225, 250, 0, 250, 275, 0, 275, 300, 0, 300, 325, 0, 325, 350, 0, 350, 375]
                                rel material:binding = </AecoCctvLooks/Shell_identify>
                                point3f[] points = [(0, 0, 0), (-2.8761597, -1.7556287, -2.2471023), (-2.7495356, -1.8309125, -2.343461), (-2.6059673, -1.9088415, -2.4432058), (-2.4434361, -1.9886547, -2.545362), (-2.2599733, -2.069256, -2.6485271), (-2.0538344, -2.1491578, -2.7507966), (-1.8237385, -2.2264462, -2.8497212), (-1.5691668, -2.2987938, -2.942322), (-1.2906902, -2.36354, -3.0251932), (-0.99026614, -2.4178624, -3.094723), (-0.6714209, -2.4590409, -3.1474288), (-0.33922452, -2.4847813, -3.1803749), (0, -2.4935427, -3.191589), (0.33922452, -2.4847813, -3.1803749), (0.6714209, -2.4590409, -3.1474288), (0.99026614, -2.4178624, -3.094723), (1.2906902, -2.36354, -3.0251932), (1.5691668, -2.2987938, -2.942322), (1.8237385, -2.2264462, -2.8497212), (2.0538344, -2.1491578, -2.7507966), (2.2599733, -2.069256, -2.6485271), (2.4434361, -1.9886547, -2.545362), (2.6059673, -1.9088415, -2.4432058), (2.7495356, -1.8309125, -2.343461), (2.8761597, -1.7556287, -2.2471023), (-2.9506443, -1.5437953, -2.305296), (-2.8272455, -1.613708, -2.4096942), (-2.6863217, -1.6866002, -2.5185416), (-2.525539, -1.7618368, -2.6308897), (-2.34254, -1.8384472, -2.7452893), (-2.1351318, -1.9150529, -2.8596818), (-1.9015564, -1.9898121, -2.9713173), (-1.6408519, -2.0604093, -3.0767376), (-1.3532705, -2.1241186, -3.1718724), (-1.0406859, -2.1779733, -3.2522917), (-0.70687544, -2.2190497, -3.3136296), (-0.35754544, -2.24484, -3.3521414), (0, -2.2536385, -3.36528), (0.35754544, -2.24484, -3.3521414), (0.70687544, -2.2190497, -3.3136296), (1.0406859, -2.1779733, -3.2522917), (1.3532705, -2.1241186, -3.1718724), (1.6408519, -2.0604093, -3.0767376), (1.9015564, -1.9898121, -2.9713173), (2.1351318, -1.9150529, -2.8596818), (2.34254, -1.8384472, -2.7452893), (2.525539, -1.7618368, -2.6308897), (2.6863217, -1.6866002, -2.5185416), (2.8272455, -1.613708, -2.4096942), (2.9506443, -1.5437953, -2.305296), (-3.0184038, -1.3160397, -2.3582354), (-2.8984137, -1.3786073, -2.4703515), (-2.7604504, -1.4442847, -2.58804), (-2.601878, -1.5125763, -2.7104132), (-2.4199548, -1.5826691, -2.8360138), (-2.212023, -1.6533487, -2.9626658), (-1.9758102, -1.7229269, -3.0873442), (-1.7098484, -1.7892066, -3.206112), (-1.4139919, -1.8495233, -3.3141947), (-1.0899523, -1.9008993, -3.4062562), (-0.741709, -1.9403337, -3.4769194), (-0.3756083, -1.9652059, -3.5214884), (0, -1.9737116, -3.5367298), (0.3756083, -1.9652059, -3.5214884), (0.741709, -1.9403337, -3.4769194), (1.0899523, -1.9008993, -3.4062562), (1.4139919, -1.8495233, -3.3141947), (1.7098484, -1.7892066, -3.206112), (1.9758102, -1.7229269, -3.0873442), (2.212023, -1.6533487, -2.9626658), (2.4199548, -1.5826691, -2.8360138), (2.601878, -1.5125763, -2.7104132), (2.7604504, -1.4442847, -2.58804), (2.8984137, -1.3786073, -2.4703515), (3.0184038, -1.3160397, -2.3582354), (-3.0774565, -1.0734295, -2.4043725), (-2.9608183, -1.1266316, -2.5235398), (-2.82589, -1.1828185, -2.6493926), (-2.6697652, -1.2416335, -2.7811322), (-2.4893425, -1.3024395, -2.9173312), (-2.2815158, -1.3642322, -3.0557408), (-2.0434935, -1.425558, -3.1931043), (-1.7732729, -1.4844598, -3.3250382), (-1.4702553, -1.5384933, -3.4460678), (-1.1359215, -1.5848565, -3.5499167), (-0.77439016, -1.6206629, -3.6301196), (-0.39261478, -1.643348, -3.6809316), (0, -1.651124, -3.698349), (0.39261478, -1.643348, -3.6809316), (0.77439016, -1.6206629, -3.6301196), (1.1359215, -1.5848565, -3.5499167), (1.4702553, -1.5384933, -3.4460678), (1.7732729, -1.4844598, -3.3250382), (2.0434935, -1.425558, -3.1931043), (2.2815158, -1.3642322, -3.0557408), (2.4893425, -1.3024395, -2.9173312), (2.6697652, -1.2416335, -2.7811322), (2.82589, -1.1828185, -2.6493926), (2.9608183, -1.1266316, -2.5235398), (3.0774565, -1.0734295, -2.4043725), (-3.1258614, -0.8177351, -2.4421906), (-3.0122433, -0.85964966, -2.56737), (-2.8801346, -0.90414256, -2.7002494), (-2.7264035, -0.9509808, -2.8401332), (-2.5476398, -0.99970573, -2.9856517), (-2.3403387, -1.049554, -3.134525), (-2.10123, -1.0993766, -3.2833214), (-1.827797, -1.1475778, -3.427276), (-1.5189817, -1.1921109, -3.5602756), (-1.175994, -1.2305747, -3.675149), (-0.8030272, -1.2604464, -3.7643616), (-0.4075667, -1.2794485, -3.821112), (0, -1.2859762, -3.840607), (0.4075667, -1.2794485, -3.821112), (0.8030272, -1.2604464, -3.7643616), (1.175994, -1.2305747, -3.675149), (1.5189817, -1.1921109, -3.5602756), (1.827797, -1.1475778, -3.427276), (2.10123, -1.0993766, -3.2833214), (2.3403387, -1.049554, -3.134525), (2.5476398, -0.99970573, -2.9856517), (2.7264035, -0.9509808, -2.8401332), (2.8801346, -0.90414256, -2.7002494), (3.0122433, -0.85964966, -2.56737), (3.1258614, -0.8177351, -2.4421906), (-3.1618693, -0.55143654, -2.470323), (-3.0506608, -0.58040893, -2.6001136), (-2.920851, -0.61128294, -2.7384226), (-2.76914, -0.643925, -2.8846524), (-2.5918813, -0.6780442, -3.0374994), (-2.3852546, -0.7131314, -3.194683), (-2.1456015, -0.7483946, -3.3526552), (-1.8699738, -0.7827055, -3.5063608), (-1.5569103, -0.8145851, -3.649175), (-1.2073616, -0.84226537, -3.773177), (-0.82554364, -0.8638591, -3.8699124), (-0.41935703, -0.8776408, -3.9316514), (0, -0.88238335, -3.952897), (0.41935703, -0.8776408, -3.9316514), (0.82554364, -0.8638591, -3.8699124), (1.2073616, -0.84226537, -3.773177), (1.5569103, -0.8145851, -3.649175), (1.8699738, -0.7827055, -3.5063608), (2.1456015, -0.7483946, -3.3526552), (2.3852546, -0.7131314, -3.194683), (2.5918813, -0.6780442, -3.0374994), (2.76914, -0.643925, -2.8846524), (2.920851, -0.61128294, -2.7384226), (3.0506608, -0.58040893, -2.6001136), (3.1618693, -0.55143654, -2.470323), (-3.1840806, -0.27765512, -2.4876764), (-3.074429, -0.2924655, -2.6203713), (-2.9461255, -0.30828622, -2.7621186), (-2.7957673, -0.3250584, -2.9123905), (-2.6195588, -0.34264234, -3.0699356), (-2.4134781, -0.36078477, -3.232484), (-2.1736126, -0.37908253, -3.3964248), (-1.8967258, -0.3969515, -3.556523), (-1.5810783, -0.41361496, -3.705821), (-1.2274313, -0.4281331, -3.8358977), (-0.839998, -0.43949217, -3.9376702), (-0.42694208, -0.4467575, -4.0027647), (0, -0.44926053, -4.025191), (0.42694208, -0.4467575, -4.0027647), (0.839998, -0.43949217, -3.9376702), (1.2274313, -0.4281331, -3.8358977), (1.5810783, -0.41361496, -3.705821), (1.8967258, -0.3969515, -3.556523), (2.1736126, -0.37908253, -3.3964248), (2.4134781, -0.36078477, -3.232484), (2.6195588, -0.34264234, -3.0699356), (2.7957673, -0.3250584, -2.9123905), (2.9461255, -0.30828622, -2.7621186), (3.074429, -0.2924655, -2.6203713), (3.1840806, -0.27765512, -2.4876764), (-3.191589, 0, -2.4935427), (-3.082476, 0, -2.62723), (-2.9546974, 0, -2.7701552), (-2.8048153, 0, -2.9218159), (-2.6289835, 0, -3.0809805), (-2.423111, 0, -3.245386), (-2.1831963, 0, -3.4113998), (-1.9059016, 0, -3.5737286), (-1.5893879, 0, -3.7252977), (-1.2343469, 0, -3.85751), (-0.8449875, 0, -3.9610596), (-0.4295634, 0, -4.0273404), (0, 0, -4.0501847), (0.4295634, 0, -4.0273404), (0.8449875, 0, -3.9610596), (1.2343469, 0, -3.85751), (1.5893879, 0, -3.7252977), (1.9059016, 0, -3.5737286), (2.1831963, 0, -3.4113998), (2.423111, 0, -3.245386), (2.6289835, 0, -3.0809805), (2.8048153, 0, -2.9218159), (2.9546974, 0, -2.7701552), (3.082476, 0, -2.62723), (3.191589, 0, -2.4935427), (-3.1840806, 0.27765512, -2.4876764), (-3.074429, 0.2924655, -2.6203713), (-2.9461255, 0.30828622, -2.7621186), (-2.7957673, 0.3250584, -2.9123905), (-2.6195588, 0.34264234, -3.0699356), (-2.4134781, 0.36078477, -3.232484), (-2.1736126, 0.37908253, -3.3964248), (-1.8967258, 0.3969515, -3.556523), (-1.5810783, 0.41361496, -3.705821), (-1.2274313, 0.4281331, -3.8358977), (-0.839998, 0.43949217, -3.9376702), (-0.42694208, 0.4467575, -4.0027647), (0, 0.44926053, -4.025191), (0.42694208, 0.4467575, -4.0027647), (0.839998, 0.43949217, -3.9376702), (1.2274313, 0.4281331, -3.8358977), (1.5810783, 0.41361496, -3.705821), (1.8967258, 0.3969515, -3.556523), (2.1736126, 0.37908253, -3.3964248), (2.4134781, 0.36078477, -3.232484), (2.6195588, 0.34264234, -3.0699356), (2.7957673, 0.3250584, -2.9123905), (2.9461255, 0.30828622, -2.7621186), (3.074429, 0.2924655, -2.6203713), (3.1840806, 0.27765512, -2.4876764), (-3.1618693, 0.55143654, -2.470323), (-3.0506608, 0.58040893, -2.6001136), (-2.920851, 0.61128294, -2.7384226), (-2.76914, 0.643925, -2.8846524), (-2.5918813, 0.6780442, -3.0374994), (-2.3852546, 0.7131314, -3.194683), (-2.1456015, 0.7483946, -3.3526552), (-1.8699738, 0.7827055, -3.5063608), (-1.5569103, 0.8145851, -3.649175), (-1.2073616, 0.84226537, -3.773177), (-0.82554364, 0.8638591, -3.8699124), (-0.41935703, 0.8776408, -3.9316514), (0, 0.88238335, -3.952897), (0.41935703, 0.8776408, -3.9316514), (0.82554364, 0.8638591, -3.8699124), (1.2073616, 0.84226537, -3.773177), (1.5569103, 0.8145851, -3.649175), (1.8699738, 0.7827055, -3.5063608), (2.1456015, 0.7483946, -3.3526552), (2.3852546, 0.7131314, -3.194683), (2.5918813, 0.6780442, -3.0374994), (2.76914, 0.643925, -2.8846524), (2.920851, 0.61128294, -2.7384226), (3.0506608, 0.58040893, -2.6001136), (3.1618693, 0.55143654, -2.470323), (-3.1258614, 0.8177351, -2.4421906), (-3.0122433, 0.85964966, -2.56737), (-2.8801346, 0.90414256, -2.7002494), (-2.7264035, 0.9509808, -2.8401332), (-2.5476398, 0.99970573, -2.9856517), (-2.3403387, 1.049554, -3.134525), (-2.10123, 1.0993766, -3.2833214), (-1.827797, 1.1475778, -3.427276), (-1.5189817, 1.1921109, -3.5602756), (-1.175994, 1.2305747, -3.675149), (-0.8030272, 1.2604464, -3.7643616), (-0.4075667, 1.2794485, -3.821112), (0, 1.2859762, -3.840607), (0.4075667, 1.2794485, -3.821112), (0.8030272, 1.2604464, -3.7643616), (1.175994, 1.2305747, -3.675149), (1.5189817, 1.1921109, -3.5602756), (1.827797, 1.1475778, -3.427276), (2.10123, 1.0993766, -3.2833214), (2.3403387, 1.049554, -3.134525), (2.5476398, 0.99970573, -2.9856517), (2.7264035, 0.9509808, -2.8401332), (2.8801346, 0.90414256, -2.7002494), (3.0122433, 0.85964966, -2.56737), (3.1258614, 0.8177351, -2.4421906), (-3.0774565, 1.0734295, -2.4043725), (-2.9608183, 1.1266316, -2.5235398), (-2.82589, 1.1828185, -2.6493926), (-2.6697652, 1.2416335, -2.7811322), (-2.4893425, 1.3024395, -2.9173312), (-2.2815158, 1.3642322, -3.0557408), (-2.0434935, 1.425558, -3.1931043), (-1.7732729, 1.4844598, -3.3250382), (-1.4702553, 1.5384933, -3.4460678), (-1.1359215, 1.5848565, -3.5499167), (-0.77439016, 1.6206629, -3.6301196), (-0.39261478, 1.643348, -3.6809316), (0, 1.651124, -3.698349), (0.39261478, 1.643348, -3.6809316), (0.77439016, 1.6206629, -3.6301196), (1.1359215, 1.5848565, -3.5499167), (1.4702553, 1.5384933, -3.4460678), (1.7732729, 1.4844598, -3.3250382), (2.0434935, 1.425558, -3.1931043), (2.2815158, 1.3642322, -3.0557408), (2.4893425, 1.3024395, -2.9173312), (2.6697652, 1.2416335, -2.7811322), (2.82589, 1.1828185, -2.6493926), (2.9608183, 1.1266316, -2.5235398), (3.0774565, 1.0734295, -2.4043725), (-3.0184038, 1.3160397, -2.3582354), (-2.8984137, 1.3786073, -2.4703515), (-2.7604504, 1.4442847, -2.58804), (-2.601878, 1.5125763, -2.7104132), (-2.4199548, 1.5826691, -2.8360138), (-2.212023, 1.6533487, -2.9626658), (-1.9758102, 1.7229269, -3.0873442), (-1.7098484, 1.7892066, -3.206112), (-1.4139919, 1.8495233, -3.3141947), (-1.0899523, 1.9008993, -3.4062562), (-0.741709, 1.9403337, -3.4769194), (-0.3756083, 1.9652059, -3.5214884), (0, 1.9737116, -3.5367298), (0.3756083, 1.9652059, -3.5214884), (0.741709, 1.9403337, -3.4769194), (1.0899523, 1.9008993, -3.4062562), (1.4139919, 1.8495233, -3.3141947), (1.7098484, 1.7892066, -3.206112), (1.9758102, 1.7229269, -3.0873442), (2.212023, 1.6533487, -2.9626658), (2.4199548, 1.5826691, -2.8360138), (2.601878, 1.5125763, -2.7104132), (2.7604504, 1.4442847, -2.58804), (2.8984137, 1.3786073, -2.4703515), (3.0184038, 1.3160397, -2.3582354), (-2.9506443, 1.5437953, -2.305296), (-2.8272455, 1.613708, -2.4096942), (-2.6863217, 1.6866002, -2.5185416), (-2.525539, 1.7618368, -2.6308897), (-2.34254, 1.8384472, -2.7452893), (-2.1351318, 1.9150529, -2.8596818), (-1.9015564, 1.9898121, -2.9713173), (-1.6408519, 2.0604093, -3.0767376), (-1.3532705, 2.1241186, -3.1718724), (-1.0406859, 2.1779733, -3.2522917), (-0.70687544, 2.2190497, -3.3136296), (-0.35754544, 2.24484, -3.3521414), (0, 2.2536385, -3.36528), (0.35754544, 2.24484, -3.3521414), (0.70687544, 2.2190497, -3.3136296), (1.0406859, 2.1779733, -3.2522917), (1.3532705, 2.1241186, -3.1718724), (1.6408519, 2.0604093, -3.0767376), (1.9015564, 1.9898121, -2.9713173), (2.1351318, 1.9150529, -2.8596818), (2.34254, 1.8384472, -2.7452893), (2.525539, 1.7618368, -2.6308897), (2.6863217, 1.6866002, -2.5185416), (2.8272455, 1.613708, -2.4096942), (2.9506443, 1.5437953, -2.305296), (-2.8761597, 1.7556287, -2.2471023), (-2.7495356, 1.8309125, -2.343461), (-2.6059673, 1.9088415, -2.4432058), (-2.4434361, 1.9886547, -2.545362), (-2.2599733, 2.069256, -2.6485271), (-2.0538344, 2.1491578, -2.7507966), (-1.8237385, 2.2264462, -2.8497212), (-1.5691668, 2.2987938, -2.942322), (-1.2906902, 2.36354, -3.0251932), (-0.99026614, 2.4178624, -3.094723), (-0.6714209, 2.4590409, -3.1474288), (-0.33922452, 2.4847813, -3.1803749), (0, 2.4935427, -3.191589), (0.33922452, 2.4847813, -3.1803749), (0.6714209, 2.4590409, -3.1474288), (0.99026614, 2.4178624, -3.094723), (1.2906902, 2.36354, -3.0251932), (1.5691668, 2.2987938, -2.942322), (1.8237385, 2.2264462, -2.8497212), (2.0538344, 2.1491578, -2.7507966), (2.2599733, 2.069256, -2.6485271), (2.4434361, 1.9886547, -2.545362), (2.6059673, 1.9088415, -2.4432058), (2.7495356, 1.8309125, -2.343461), (2.8761597, 1.7556287, -2.2471023)]
                                color3f[] primvars:displayColor = [(0, 0.5, 0.45)] (
                                    interpolation = "constant"
                                )
                                float[] primvars:displayOpacity = [0.3] (
                                    interpolation = "constant"
                                )
                                uniform token purpose = "guide"
                                uniform token subdivisionScheme = "none"
                            }

                            def Mesh "Shell_recognise" (
                                prepend apiSchemas = ["AecoDerivedGeometryAPI", "MaterialBindingAPI"]
                            )
                            {
                                uniform token aeco:derived:approx = "tessellated"
                                uniform token aeco:derived:role = "coverage"
                                string aeco:derived:source = "06cd3d1d-3759-5a90-a46c-bd5c8b199e1c"
                                string aeco:derived:stamp = "usdAecoCctv derive 0.5.5"
                                uniform bool doubleSided = 1
                                float3[] extent = [(-6.383178, -4.9870853, -8.100369), (6.383178, 4.9870853, 0)]
                                int[] faceVertexCounts = [4, 4, 4, 4, 4, 4, 4, 4, 4, 4, 4, 4, 4, 4, 4, 4, 4, 4, 4, 4, 4, 4, 4, 4, 4, 4, 4, 4, 4, 4, 4, 4, 4, 4, 4, 4, 4, 4, 4, 4, 4, 4, 4, 4, 4, 4, 4, 4, 4, 4, 4, 4, 4, 4, 4, 4, 4, 4, 4, 4, 4, 4, 4, 4, 4, 4, 4, 4, 4, 4, 4, 4, 4, 4, 4, 4, 4, 4, 4, 4, 4, 4, 4, 4, 4, 4, 4, 4, 4, 4, 4, 4, 4, 4, 4, 4, 4, 4, 4, 4, 4, 4, 4, 4, 4, 4, 4, 4, 4, 4, 4, 4, 4, 4, 4, 4, 4, 4, 4, 4, 4, 4, 4, 4, 4, 4, 4, 4, 4, 4, 4, 4, 4, 4, 4, 4, 4, 4, 4, 4, 4, 4, 4, 4, 4, 4, 4, 4, 4, 4, 4, 4, 4, 4, 4, 4, 4, 4, 4, 4, 4, 4, 4, 4, 4, 4, 4, 4, 4, 4, 4, 4, 4, 4, 4, 4, 4, 4, 4, 4, 4, 4, 4, 4, 4, 4, 4, 4, 4, 4, 4, 4, 4, 4, 4, 4, 4, 4, 4, 4, 4, 4, 4, 4, 4, 4, 4, 4, 4, 4, 4, 4, 4, 4, 4, 4, 4, 4, 4, 4, 4, 4, 4, 4, 4, 4, 4, 4, 4, 4, 4, 4, 4, 4, 4, 4, 4, 4, 4, 4, 4, 4, 4, 4, 4, 4, 4, 4, 4, 4, 4, 4, 4, 4, 4, 4, 4, 4, 4, 4, 4, 4, 4, 4, 4, 4, 4, 4, 4, 4, 4, 4, 4, 4, 4, 4, 4, 4, 4, 4, 4, 4, 4, 4, 4, 4, 4, 4, 4, 4, 4, 4, 4, 4, 4, 4, 4, 4, 4, 4, 4, 4, 4, 4, 4, 4, 4, 4, 4, 4, 4, 4, 4, 4, 4, 4, 4, 4, 4, 4, 4, 4, 4, 4, 4, 4, 4, 4, 4, 4, 4, 4, 4, 4, 4, 4, 3, 3, 3, 3, 3, 3, 3, 3, 3, 3, 3, 3, 3, 3, 3, 3, 3, 3, 3, 3, 3, 3, 3, 3, 3, 3, 3, 3, 3, 3, 3, 3, 3, 3, 3, 3, 3, 3, 3, 3, 3, 3, 3, 3, 3, 3, 3, 3, 3, 3, 3, 3, 3, 3, 3, 3, 3, 3, 3, 3, 3, 3, 3, 3, 3, 3, 3, 3, 3, 3, 3, 3, 3, 3, 3, 3]
                                int[] faceVertexIndices = [1, 26, 27, 2, 2, 27, 28, 3, 3, 28, 29, 4, 4, 29, 30, 5, 5, 30, 31, 6, 6, 31, 32, 7, 7, 32, 33, 8, 8, 33, 34, 9, 9, 34, 35, 10, 10, 35, 36, 11, 11, 36, 37, 12, 12, 37, 38, 13, 13, 38, 39, 14, 14, 39, 40, 15, 15, 40, 41, 16, 16, 41, 42, 17, 17, 42, 43, 18, 18, 43, 44, 19, 19, 44, 45, 20, 20, 45, 46, 21, 21, 46, 47, 22, 22, 47, 48, 23, 23, 48, 49, 24, 24, 49, 50, 25, 26, 51, 52, 27, 27, 52, 53, 28, 28, 53, 54, 29, 29, 54, 55, 30, 30, 55, 56, 31, 31, 56, 57, 32, 32, 57, 58, 33, 33, 58, 59, 34, 34, 59, 60, 35, 35, 60, 61, 36, 36, 61, 62, 37, 37, 62, 63, 38, 38, 63, 64, 39, 39, 64, 65, 40, 40, 65, 66, 41, 41, 66, 67, 42, 42, 67, 68, 43, 43, 68, 69, 44, 44, 69, 70, 45, 45, 70, 71, 46, 46, 71, 72, 47, 47, 72, 73, 48, 48, 73, 74, 49, 49, 74, 75, 50, 51, 76, 77, 52, 52, 77, 78, 53, 53, 78, 79, 54, 54, 79, 80, 55, 55, 80, 81, 56, 56, 81, 82, 57, 57, 82, 83, 58, 58, 83, 84, 59, 59, 84, 85, 60, 60, 85, 86, 61, 61, 86, 87, 62, 62, 87, 88, 63, 63, 88, 89, 64, 64, 89, 90, 65, 65, 90, 91, 66, 66, 91, 92, 67, 67, 92, 93, 68, 68, 93, 94, 69, 69, 94, 95, 70, 70, 95, 96, 71, 71, 96, 97, 72, 72, 97, 98, 73, 73, 98, 99, 74, 74, 99, 100, 75, 76, 101, 102, 77, 77, 102, 103, 78, 78, 103, 104, 79, 79, 104, 105, 80, 80, 105, 106, 81, 81, 106, 107, 82, 82, 107, 108, 83, 83, 108, 109, 84, 84, 109, 110, 85, 85, 110, 111, 86, 86, 111, 112, 87, 87, 112, 113, 88, 88, 113, 114, 89, 89, 114, 115, 90, 90, 115, 116, 91, 91, 116, 117, 92, 92, 117, 118, 93, 93, 118, 119, 94, 94, 119, 120, 95, 95, 120, 121, 96, 96, 121, 122, 97, 97, 122, 123, 98, 98, 123, 124, 99, 99, 124, 125, 100, 101, 126, 127, 102, 102, 127, 128, 103, 103, 128, 129, 104, 104, 129, 130, 105, 105, 130, 131, 106, 106, 131, 132, 107, 107, 132, 133, 108, 108, 133, 134, 109, 109, 134, 135, 110, 110, 135, 136, 111, 111, 136, 137, 112, 112, 137, 138, 113, 113, 138, 139, 114, 114, 139, 140, 115, 115, 140, 141, 116, 116, 141, 142, 117, 117, 142, 143, 118, 118, 143, 144, 119, 119, 144, 145, 120, 120, 145, 146, 121, 121, 146, 147, 122, 122, 147, 148, 123, 123, 148, 149, 124, 124, 149, 150, 125, 126, 151, 152, 127, 127, 152, 153, 128, 128, 153, 154, 129, 129, 154, 155, 130, 130, 155, 156, 131, 131, 156, 157, 132, 132, 157, 158, 133, 133, 158, 159, 134, 134, 159, 160, 135, 135, 160, 161, 136, 136, 161, 162, 137, 137, 162, 163, 138, 138, 163, 164, 139, 139, 164, 165, 140, 140, 165, 166, 141, 141, 166, 167, 142, 142, 167, 168, 143, 143, 168, 169, 144, 144, 169, 170, 145, 145, 170, 171, 146, 146, 171, 172, 147, 147, 172, 173, 148, 148, 173, 174, 149, 149, 174, 175, 150, 151, 176, 177, 152, 152, 177, 178, 153, 153, 178, 179, 154, 154, 179, 180, 155, 155, 180, 181, 156, 156, 181, 182, 157, 157, 182, 183, 158, 158, 183, 184, 159, 159, 184, 185, 160, 160, 185, 186, 161, 161, 186, 187, 162, 162, 187, 188, 163, 163, 188, 189, 164, 164, 189, 190, 165, 165, 190, 191, 166, 166, 191, 192, 167, 167, 192, 193, 168, 168, 193, 194, 169, 169, 194, 195, 170, 170, 195, 196, 171, 171, 196, 197, 172, 172, 197, 198, 173, 173, 198, 199, 174, 174, 199, 200, 175, 176, 201, 202, 177, 177, 202, 203, 178, 178, 203, 204, 179, 179, 204, 205, 180, 180, 205, 206, 181, 181, 206, 207, 182, 182, 207, 208, 183, 183, 208, 209, 184, 184, 209, 210, 185, 185, 210, 211, 186, 186, 211, 212, 187, 187, 212, 213, 188, 188, 213, 214, 189, 189, 214, 215, 190, 190, 215, 216, 191, 191, 216, 217, 192, 192, 217, 218, 193, 193, 218, 219, 194, 194, 219, 220, 195, 195, 220, 221, 196, 196, 221, 222, 197, 197, 222, 223, 198, 198, 223, 224, 199, 199, 224, 225, 200, 201, 226, 227, 202, 202, 227, 228, 203, 203, 228, 229, 204, 204, 229, 230, 205, 205, 230, 231, 206, 206, 231, 232, 207, 207, 232, 233, 208, 208, 233, 234, 209, 209, 234, 235, 210, 210, 235, 236, 211, 211, 236, 237, 212, 212, 237, 238, 213, 213, 238, 239, 214, 214, 239, 240, 215, 215, 240, 241, 216, 216, 241, 242, 217, 217, 242, 243, 218, 218, 243, 244, 219, 219, 244, 245, 220, 220, 245, 246, 221, 221, 246, 247, 222, 222, 247, 248, 223, 223, 248, 249, 224, 224, 249, 250, 225, 226, 251, 252, 227, 227, 252, 253, 228, 228, 253, 254, 229, 229, 254, 255, 230, 230, 255, 256, 231, 231, 256, 257, 232, 232, 257, 258, 233, 233, 258, 259, 234, 234, 259, 260, 235, 235, 260, 261, 236, 236, 261, 262, 237, 237, 262, 263, 238, 238, 263, 264, 239, 239, 264, 265, 240, 240, 265, 266, 241, 241, 266, 267, 242, 242, 267, 268, 243, 243, 268, 269, 244, 244, 269, 270, 245, 245, 270, 271, 246, 246, 271, 272, 247, 247, 272, 273, 248, 248, 273, 274, 249, 249, 274, 275, 250, 251, 276, 277, 252, 252, 277, 278, 253, 253, 278, 279, 254, 254, 279, 280, 255, 255, 280, 281, 256, 256, 281, 282, 257, 257, 282, 283, 258, 258, 283, 284, 259, 259, 284, 285, 260, 260, 285, 286, 261, 261, 286, 287, 262, 262, 287, 288, 263, 263, 288, 289, 264, 264, 289, 290, 265, 265, 290, 291, 266, 266, 291, 292, 267, 267, 292, 293, 268, 268, 293, 294, 269, 269, 294, 295, 270, 270, 295, 296, 271, 271, 296, 297, 272, 272, 297, 298, 273, 273, 298, 299, 274, 274, 299, 300, 275, 276, 301, 302, 277, 277, 302, 303, 278, 278, 303, 304, 279, 279, 304, 305, 280, 280, 305, 306, 281, 281, 306, 307, 282, 282, 307, 308, 283, 283, 308, 309, 284, 284, 309, 310, 285, 285, 310, 311, 286, 286, 311, 312, 287, 287, 312, 313, 288, 288, 313, 314, 289, 289, 314, 315, 290, 290, 315, 316, 291, 291, 316, 317, 292, 292, 317, 318, 293, 293, 318, 319, 294, 294, 319, 320, 295, 295, 320, 321, 296, 296, 321, 322, 297, 297, 322, 323, 298, 298, 323, 324, 299, 299, 324, 325, 300, 301, 326, 327, 302, 302, 327, 328, 303, 303, 328, 329, 304, 304, 329, 330, 305, 305, 330, 331, 306, 306, 331, 332, 307, 307, 332, 333, 308, 308, 333, 334, 309, 309, 334, 335, 310, 310, 335, 336, 311, 311, 336, 337, 312, 312, 337, 338, 313, 313, 338, 339, 314, 314, 339, 340, 315, 315, 340, 341, 316, 316, 341, 342, 317, 317, 342, 343, 318, 318, 343, 344, 319, 319, 344, 345, 320, 320, 345, 346, 321, 321, 346, 347, 322, 322, 347, 348, 323, 323, 348, 349, 324, 324, 349, 350, 325, 326, 351, 352, 327, 327, 352, 353, 328, 328, 353, 354, 329, 329, 354, 355, 330, 330, 355, 356, 331, 331, 356, 357, 332, 332, 357, 358, 333, 333, 358, 359, 334, 334, 359, 360, 335, 335, 360, 361, 336, 336, 361, 362, 337, 337, 362, 363, 338, 338, 363, 364, 339, 339, 364, 365, 340, 340, 365, 366, 341, 341, 366, 367, 342, 342, 367, 368, 343, 343, 368, 369, 344, 344, 369, 370, 345, 345, 370, 371, 346, 346, 371, 372, 347, 347, 372, 373, 348, 348, 373, 374, 349, 349, 374, 375, 350, 0, 1, 2, 0, 2, 3, 0, 3, 4, 0, 4, 5, 0, 5, 6, 0, 6, 7, 0, 7, 8, 0, 8, 9, 0, 9, 10, 0, 10, 11, 0, 11, 12, 0, 12, 13, 0, 13, 14, 0, 14, 15, 0, 15, 16, 0, 16, 17, 0, 17, 18, 0, 18, 19, 0, 19, 20, 0, 20, 21, 0, 21, 22, 0, 22, 23, 0, 23, 24, 0, 24, 25, 0, 352, 351, 0, 353, 352, 0, 354, 353, 0, 355, 354, 0, 356, 355, 0, 357, 356, 0, 358, 357, 0, 359, 358, 0, 360, 359, 0, 361, 360, 0, 362, 361, 0, 363, 362, 0, 364, 363, 0, 365, 364, 0, 366, 365, 0, 367, 366, 0, 368, 367, 0, 369, 368, 0, 370, 369, 0, 371, 370, 0, 372, 371, 0, 373, 372, 0, 374, 373, 0, 375, 374, 0, 26, 1, 0, 51, 26, 0, 76, 51, 0, 101, 76, 0, 126, 101, 0, 151, 126, 0, 176, 151, 0, 201, 176, 0, 226, 201, 0, 251, 226, 0, 276, 251, 0, 301, 276, 0, 326, 301, 0, 351, 326, 0, 25, 50, 0, 50, 75, 0, 75, 100, 0, 100, 125, 0, 125, 150, 0, 150, 175, 0, 175, 200, 0, 200, 225, 0, 225, 250, 0, 250, 275, 0, 275, 300, 0, 300, 325, 0, 325, 350, 0, 350, 375]
                                rel material:binding = </AecoCctvLooks/Shell_recognise>
                                point3f[] points = [(0, 0, 0), (-5.7523193, -3.5112574, -4.4942045), (-5.499071, -3.661825, -4.686922), (-5.2119346, -3.817683, -4.8864117), (-4.8868723, -3.9773095, -5.090724), (-4.5199466, -4.138512, -5.2970543), (-4.107669, -4.2983155, -5.501593), (-3.647477, -4.4528923, -5.6994424), (-3.1383336, -4.5975876, -5.884644), (-2.5813804, -4.72708, -6.0503864), (-1.9805323, -4.835725, -6.189446), (-1.3428417, -4.9180818, -6.2948575), (-0.67844903, -4.9695625, -6.3607497), (0, -4.9870853, -6.383178), (0.67844903, -4.9695625, -6.3607497), (1.3428417, -4.9180818, -6.2948575), (1.9805323, -4.835725, -6.189446), (2.5813804, -4.72708, -6.0503864), (3.1383336, -4.5975876, -5.884644), (3.647477, -4.4528923, -5.6994424), (4.107669, -4.2983155, -5.501593), (4.5199466, -4.138512, -5.2970543), (4.8868723, -3.9773095, -5.090724), (5.2119346, -3.817683, -4.8864117), (5.499071, -3.661825, -4.686922), (5.7523193, -3.5112574, -4.4942045), (-5.9012885, -3.0875907, -4.610592), (-5.654491, -3.227416, -4.8193884), (-5.3726435, -3.3732004, -5.037083), (-5.051078, -3.5236735, -5.2617793), (-4.68508, -3.6768944, -5.4905787), (-4.2702637, -3.8301058, -5.7193637), (-3.8031127, -3.9796243, -5.9426346), (-3.2817037, -4.1208186, -6.1534753), (-2.706541, -4.248237, -6.3437448), (-2.0813718, -4.3559465, -6.5045834), (-1.4137509, -4.4380994, -6.6272593), (-0.7150909, -4.48968, -6.7042828), (0, -4.507277, -6.73056), (0.7150909, -4.48968, -6.7042828), (1.4137509, -4.4380994, -6.6272593), (2.0813718, -4.3559465, -6.5045834), (2.706541, -4.248237, -6.3437448), (3.2817037, -4.1208186, -6.1534753), (3.8031127, -3.9796243, -5.9426346), (4.2702637, -3.8301058, -5.7193637), (4.68508, -3.6768944, -5.4905787), (5.051078, -3.5236735, -5.2617793), (5.3726435, -3.3732004, -5.037083), (5.654491, -3.227416, -4.8193884), (5.9012885, -3.0875907, -4.610592), (-6.0368075, -2.6320794, -4.7164707), (-5.7968273, -2.7572145, -4.940703), (-5.5209007, -2.8885694, -5.17608), (-5.203756, -3.0251527, -5.4208264), (-4.8399096, -3.1653383, -5.6720276), (-4.424046, -3.3066974, -5.9253316), (-3.9516203, -3.4458537, -6.1746883), (-3.4196968, -3.5784132, -6.412224), (-2.8279839, -3.6990466, -6.6283894), (-2.1799047, -3.8017986, -6.8125124), (-1.483418, -3.8806674, -6.953839), (-0.7512166, -3.9304118, -7.042977), (0, -3.9474232, -7.0734596), (0.7512166, -3.9304118, -7.042977), (1.483418, -3.8806674, -6.953839), (2.1799047, -3.8017986, -6.8125124), (2.8279839, -3.6990466, -6.6283894), (3.4196968, -3.5784132, -6.412224), (3.9516203, -3.4458537, -6.1746883), (4.424046, -3.3066974, -5.9253316), (4.8399096, -3.1653383, -5.6720276), (5.203756, -3.0251527, -5.4208264), (5.5209007, -2.8885694, -5.17608), (5.7968273, -2.7572145, -4.940703), (6.0368075, -2.6320794, -4.7164707), (-6.154913, -2.146859, -4.808745), (-5.9216366, -2.2532632, -5.0470796), (-5.65178, -2.365637, -5.298785), (-5.3395305, -2.483267, -5.5622644), (-4.978685, -2.604879, -5.8346624), (-4.5630317, -2.7284644, -6.1114817), (-4.086987, -2.851116, -6.3862085), (-3.5465457, -2.9689195, -6.6500764), (-2.9405105, -3.0769866, -6.8921356), (-2.271843, -3.169713, -7.0998335), (-1.5487803, -3.2413259, -7.260239), (-0.78522956, -3.286696, -7.361863), (0, -3.302248, -7.396698), (0.78522956, -3.286696, -7.361863), (1.5487803, -3.2413259, -7.260239), (2.271843, -3.169713, -7.0998335), (2.9405105, -3.0769866, -6.8921356), (3.5465457, -2.9689195, -6.6500764), (4.086987, -2.851116, -6.3862085), (4.5630317, -2.7284644, -6.1114817), (4.978685, -2.604879, -5.8346624), (5.3395305, -2.483267, -5.5622644), (5.65178, -2.365637, -5.298785), (5.9216366, -2.2532632, -5.0470796), (6.154913, -2.146859, -4.808745), (-6.251723, -1.6354702, -4.8843813), (-6.0244865, -1.7192993, -5.13474), (-5.760269, -1.8082851, -5.400499), (-5.452807, -1.9019616, -5.6802664), (-5.0952797, -1.9994115, -5.9713035), (-4.6806774, -2.099108, -6.26905), (-4.20246, -2.198753, -6.5666428), (-3.655594, -2.2951555, -6.854552), (-3.0379634, -2.3842218, -7.120551), (-2.351988, -2.4611495, -7.350298), (-1.6060544, -2.5208929, -7.5287232), (-0.8151334, -2.558897, -7.642224), (0, -2.5719523, -7.681214), (0.8151334, -2.558897, -7.642224), (1.6060544, -2.5208929, -7.5287232), (2.351988, -2.4611495, -7.350298), (3.0379634, -2.3842218, -7.120551), (3.655594, -2.2951555, -6.854552), (4.20246, -2.198753, -6.5666428), (4.6806774, -2.099108, -6.26905), (5.0952797, -1.9994115, -5.9713035), (5.452807, -1.9019616, -5.6802664), (5.760269, -1.8082851, -5.400499), (6.0244865, -1.7192993, -5.13474), (6.251723, -1.6354702, -4.8843813), (-6.3237386, -1.1028731, -4.940646), (-6.1013217, -1.1608179, -5.2002273), (-5.841702, -1.2225659, -5.4768453), (-5.53828, -1.28785, -5.7693048), (-5.1837626, -1.3560884, -6.074999), (-4.7705092, -1.4262629, -6.389366), (-4.291203, -1.4967892, -6.7053103), (-3.7399476, -1.565411, -7.0127215), (-3.1138206, -1.6291702, -7.29835), (-2.4147232, -1.6845307, -7.546354), (-1.6510873, -1.7277182, -7.739825), (-0.83871406, -1.7552816, -7.8633027), (0, -1.7647667, -7.905794), (0.83871406, -1.7552816, -7.8633027), (1.6510873, -1.7277182, -7.739825), (2.4147232, -1.6845307, -7.546354), (3.1138206, -1.6291702, -7.29835), (3.7399476, -1.565411, -7.0127215), (4.291203, -1.4967892, -6.7053103), (4.7705092, -1.4262629, -6.389366), (5.1837626, -1.3560884, -6.074999), (5.53828, -1.28785, -5.7693048), (5.841702, -1.2225659, -5.4768453), (6.1013217, -1.1608179, -5.2002273), (6.3237386, -1.1028731, -4.940646), (-6.368161, -0.55531025, -4.975353), (-6.148858, -0.584931, -5.2407427), (-5.892251, -0.61657244, -5.524237), (-5.5915346, -0.6501168, -5.824781), (-5.2391176, -0.6852847, -6.139871), (-4.8269563, -0.72156954, -6.464968), (-4.347225, -0.75816506, -6.7928495), (-3.7934515, -0.793903, -7.113046), (-3.1621566, -0.8272299, -7.411642), (-2.4548626, -0.8562662, -7.6717954), (-1.679996, -0.87898433, -7.8753405), (-0.85388416, -0.893515, -8.005529), (0, -0.89852107, -8.050382), (0.85388416, -0.893515, -8.005529), (1.679996, -0.87898433, -7.8753405), (2.4548626, -0.8562662, -7.6717954), (3.1621566, -0.8272299, -7.411642), (3.7934515, -0.793903, -7.113046), (4.347225, -0.75816506, -6.7928495), (4.8269563, -0.72156954, -6.464968), (5.2391176, -0.6852847, -6.139871), (5.5915346, -0.6501168, -5.824781), (5.892251, -0.61657244, -5.524237), (6.148858, -0.584931, -5.2407427), (6.368161, -0.55531025, -4.975353), (-6.383178, 0, -4.9870853), (-6.164952, 0, -5.25446), (-5.9093947, 0, -5.5403104), (-5.6096306, 0, -5.8436317), (-5.257967, 0, -6.161961), (-4.846222, 0, -6.490772), (-4.3663926, 0, -6.8227997), (-3.811803, 0, -7.147457), (-3.1787758, 0, -7.4505954), (-2.4686937, 0, -7.71502), (-1.689975, 0, -7.922119), (-0.8591268, 0, -8.054681), (0, 0, -8.100369), (0.8591268, 0, -8.054681), (1.689975, 0, -7.922119), (2.4686937, 0, -7.71502), (3.1787758, 0, -7.4505954), (3.811803, 0, -7.147457), (4.3663926, 0, -6.8227997), (4.846222, 0, -6.490772), (5.257967, 0, -6.161961), (5.6096306, 0, -5.8436317), (5.9093947, 0, -5.5403104), (6.164952, 0, -5.25446), (6.383178, 0, -4.9870853), (-6.368161, 0.55531025, -4.975353), (-6.148858, 0.584931, -5.2407427), (-5.892251, 0.61657244, -5.524237), (-5.5915346, 0.6501168, -5.824781), (-5.2391176, 0.6852847, -6.139871), (-4.8269563, 0.72156954, -6.464968), (-4.347225, 0.75816506, -6.7928495), (-3.7934515, 0.793903, -7.113046), (-3.1621566, 0.8272299, -7.411642), (-2.4548626, 0.8562662, -7.6717954), (-1.679996, 0.87898433, -7.8753405), (-0.85388416, 0.893515, -8.005529), (0, 0.89852107, -8.050382), (0.85388416, 0.893515, -8.005529), (1.679996, 0.87898433, -7.8753405), (2.4548626, 0.8562662, -7.6717954), (3.1621566, 0.8272299, -7.411642), (3.7934515, 0.793903, -7.113046), (4.347225, 0.75816506, -6.7928495), (4.8269563, 0.72156954, -6.464968), (5.2391176, 0.6852847, -6.139871), (5.5915346, 0.6501168, -5.824781), (5.892251, 0.61657244, -5.524237), (6.148858, 0.584931, -5.2407427), (6.368161, 0.55531025, -4.975353), (-6.3237386, 1.1028731, -4.940646), (-6.1013217, 1.1608179, -5.2002273), (-5.841702, 1.2225659, -5.4768453), (-5.53828, 1.28785, -5.7693048), (-5.1837626, 1.3560884, -6.074999), (-4.7705092, 1.4262629, -6.389366), (-4.291203, 1.4967892, -6.7053103), (-3.7399476, 1.565411, -7.0127215), (-3.1138206, 1.6291702, -7.29835), (-2.4147232, 1.6845307, -7.546354), (-1.6510873, 1.7277182, -7.739825), (-0.83871406, 1.7552816, -7.8633027), (0, 1.7647667, -7.905794), (0.83871406, 1.7552816, -7.8633027), (1.6510873, 1.7277182, -7.739825), (2.4147232, 1.6845307, -7.546354), (3.1138206, 1.6291702, -7.29835), (3.7399476, 1.565411, -7.0127215), (4.291203, 1.4967892, -6.7053103), (4.7705092, 1.4262629, -6.389366), (5.1837626, 1.3560884, -6.074999), (5.53828, 1.28785, -5.7693048), (5.841702, 1.2225659, -5.4768453), (6.1013217, 1.1608179, -5.2002273), (6.3237386, 1.1028731, -4.940646), (-6.251723, 1.6354702, -4.8843813), (-6.0244865, 1.7192993, -5.13474), (-5.760269, 1.8082851, -5.400499), (-5.452807, 1.9019616, -5.6802664), (-5.0952797, 1.9994115, -5.9713035), (-4.6806774, 2.099108, -6.26905), (-4.20246, 2.198753, -6.5666428), (-3.655594, 2.2951555, -6.854552), (-3.0379634, 2.3842218, -7.120551), (-2.351988, 2.4611495, -7.350298), (-1.6060544, 2.5208929, -7.5287232), (-0.8151334, 2.558897, -7.642224), (0, 2.5719523, -7.681214), (0.8151334, 2.558897, -7.642224), (1.6060544, 2.5208929, -7.5287232), (2.351988, 2.4611495, -7.350298), (3.0379634, 2.3842218, -7.120551), (3.655594, 2.2951555, -6.854552), (4.20246, 2.198753, -6.5666428), (4.6806774, 2.099108, -6.26905), (5.0952797, 1.9994115, -5.9713035), (5.452807, 1.9019616, -5.6802664), (5.760269, 1.8082851, -5.400499), (6.0244865, 1.7192993, -5.13474), (6.251723, 1.6354702, -4.8843813), (-6.154913, 2.146859, -4.808745), (-5.9216366, 2.2532632, -5.0470796), (-5.65178, 2.365637, -5.298785), (-5.3395305, 2.483267, -5.5622644), (-4.978685, 2.604879, -5.8346624), (-4.5630317, 2.7284644, -6.1114817), (-4.086987, 2.851116, -6.3862085), (-3.5465457, 2.9689195, -6.6500764), (-2.9405105, 3.0769866, -6.8921356), (-2.271843, 3.169713, -7.0998335), (-1.5487803, 3.2413259, -7.260239), (-0.78522956, 3.286696, -7.361863), (0, 3.302248, -7.396698), (0.78522956, 3.286696, -7.361863), (1.5487803, 3.2413259, -7.260239), (2.271843, 3.169713, -7.0998335), (2.9405105, 3.0769866, -6.8921356), (3.5465457, 2.9689195, -6.6500764), (4.086987, 2.851116, -6.3862085), (4.5630317, 2.7284644, -6.1114817), (4.978685, 2.604879, -5.8346624), (5.3395305, 2.483267, -5.5622644), (5.65178, 2.365637, -5.298785), (5.9216366, 2.2532632, -5.0470796), (6.154913, 2.146859, -4.808745), (-6.0368075, 2.6320794, -4.7164707), (-5.7968273, 2.7572145, -4.940703), (-5.5209007, 2.8885694, -5.17608), (-5.203756, 3.0251527, -5.4208264), (-4.8399096, 3.1653383, -5.6720276), (-4.424046, 3.3066974, -5.9253316), (-3.9516203, 3.4458537, -6.1746883), (-3.4196968, 3.5784132, -6.412224), (-2.8279839, 3.6990466, -6.6283894), (-2.1799047, 3.8017986, -6.8125124), (-1.483418, 3.8806674, -6.953839), (-0.7512166, 3.9304118, -7.042977), (0, 3.9474232, -7.0734596), (0.7512166, 3.9304118, -7.042977), (1.483418, 3.8806674, -6.953839), (2.1799047, 3.8017986, -6.8125124), (2.8279839, 3.6990466, -6.6283894), (3.4196968, 3.5784132, -6.412224), (3.9516203, 3.4458537, -6.1746883), (4.424046, 3.3066974, -5.9253316), (4.8399096, 3.1653383, -5.6720276), (5.203756, 3.0251527, -5.4208264), (5.5209007, 2.8885694, -5.17608), (5.7968273, 2.7572145, -4.940703), (6.0368075, 2.6320794, -4.7164707), (-5.9012885, 3.0875907, -4.610592), (-5.654491, 3.227416, -4.8193884), (-5.3726435, 3.3732004, -5.037083), (-5.051078, 3.5236735, -5.2617793), (-4.68508, 3.6768944, -5.4905787), (-4.2702637, 3.8301058, -5.7193637), (-3.8031127, 3.9796243, -5.9426346), (-3.2817037, 4.1208186, -6.1534753), (-2.706541, 4.248237, -6.3437448), (-2.0813718, 4.3559465, -6.5045834), (-1.4137509, 4.4380994, -6.6272593), (-0.7150909, 4.48968, -6.7042828), (0, 4.507277, -6.73056), (0.7150909, 4.48968, -6.7042828), (1.4137509, 4.4380994, -6.6272593), (2.0813718, 4.3559465, -6.5045834), (2.706541, 4.248237, -6.3437448), (3.2817037, 4.1208186, -6.1534753), (3.8031127, 3.9796243, -5.9426346), (4.2702637, 3.8301058, -5.7193637), (4.68508, 3.6768944, -5.4905787), (5.051078, 3.5236735, -5.2617793), (5.3726435, 3.3732004, -5.037083), (5.654491, 3.227416, -4.8193884), (5.9012885, 3.0875907, -4.610592), (-5.7523193, 3.5112574, -4.4942045), (-5.499071, 3.661825, -4.686922), (-5.2119346, 3.817683, -4.8864117), (-4.8868723, 3.9773095, -5.090724), (-4.5199466, 4.138512, -5.2970543), (-4.107669, 4.2983155, -5.501593), (-3.647477, 4.4528923, -5.6994424), (-3.1383336, 4.5975876, -5.884644), (-2.5813804, 4.72708, -6.0503864), (-1.9805323, 4.835725, -6.189446), (-1.3428417, 4.9180818, -6.2948575), (-0.67844903, 4.9695625, -6.3607497), (0, 4.9870853, -6.383178), (0.67844903, 4.9695625, -6.3607497), (1.3428417, 4.9180818, -6.2948575), (1.9805323, 4.835725, -6.189446), (2.5813804, 4.72708, -6.0503864), (3.1383336, 4.5975876, -5.884644), (3.647477, 4.4528923, -5.6994424), (4.107669, 4.2983155, -5.501593), (4.5199466, 4.138512, -5.2970543), (4.8868723, 3.9773095, -5.090724), (5.2119346, 3.817683, -4.8864117), (5.499071, 3.661825, -4.686922), (5.7523193, 3.5112574, -4.4942045)]
                                color3f[] primvars:displayColor = [(0.18333334, 0.6166667, 0.56666666)] (
                                    interpolation = "constant"
                                )
                                float[] primvars:displayOpacity = [0.3] (
                                    interpolation = "constant"
                                )
                                uniform token purpose = "guide"
                                uniform token subdivisionScheme = "none"
                            }
                        }
                    }

                    over "Cam_2"
                    {
                        double aeco:cctv:mountHeight = 3.2199999999999998

                        over "Sensor_0"
                        {
                            double aeco:cctvSensor:effectiveWidth = 7.679649793158473
                            double aeco:cctvSensor:hfov = 104
                            double aeco:cctvSensor:targetRange = 8.100369375621646
                            double aeco:cctvSensor:vfov = 76.00000000000001
                            float2 clippingRange = (0.05, 14)
                            float focalLength = 3
                            float horizontalAperture = 7.67965
                            float verticalAperture = 4.6877136
                            matrix4d xformOp:transform = ( (-1, -1.2246467991473532e-16, 0, 0), (7.871877887341989e-17, -0.6427876096865396, 0.766044443118978, 0), (-9.381338752702731e-17, 0.766044443118978, 0.6427876096865396, 0), (0, 0, -0.08, 1) )
                            uniform token[] xformOpOrder = ["xformOp:transform"]

                            def Mesh "Sector" (
                                prepend apiSchemas = ["AecoDerivedGeometryAPI", "MaterialBindingAPI"]
                            )
                            {
                                uniform token aeco:derived:approx = "tessellated"
                                uniform token aeco:derived:role = "sector"
                                string aeco:derived:source = "b7d974f6-85f7-5316-a41a-243814df5f21"
                                string aeco:derived:stamp = "usdAecoCctv derive 0.5.5"
                                uniform bool doubleSided = 1
                                float3[] extent = [(-11.03215, -8.619261, -14), (11.03215, 8.619261, 0)]
                                int[] faceVertexCounts = [4, 4, 4, 4, 4, 4, 4, 4, 4, 4, 4, 4, 4, 4, 4, 4, 4, 4, 4, 4, 4, 4, 4, 4, 4, 4, 4, 4, 4, 4, 4, 4, 4, 4, 4, 4, 4, 4, 4, 4, 4, 4, 4, 4, 4, 4, 4, 4, 4, 4, 4, 4, 4, 4, 4, 4, 4, 4, 4, 4, 4, 4, 4, 4, 4, 4, 4, 4, 4, 4, 4, 4, 4, 4, 4, 4, 4, 4, 4, 4, 4, 4, 4, 4, 4, 4, 4, 4, 4, 4, 4, 4, 4, 4, 4, 4, 4, 4, 4, 4, 4, 4, 4, 4, 4, 4, 4, 4, 4, 4, 4, 4, 4, 4, 4, 4, 4, 4, 4, 4, 4, 4, 4, 4, 4, 4, 4, 4, 4, 4, 4, 4, 4, 4, 4, 4, 4, 4, 4, 4, 4, 4, 4, 4, 4, 4, 4, 4, 4, 4, 4, 4, 4, 4, 4, 4, 4, 4, 4, 4, 4, 4, 4, 4, 4, 4, 4, 4, 4, 4, 4, 4, 4, 4, 4, 4, 4, 4, 4, 4, 4, 4, 4, 4, 4, 4, 4, 4, 4, 4, 4, 4, 4, 4, 4, 4, 4, 4, 4, 4, 4, 4, 4, 4, 4, 4, 4, 4, 4, 4, 4, 4, 4, 4, 4, 4, 4, 4, 4, 4, 4, 4, 4, 4, 4, 4, 4, 4, 4, 4, 4, 4, 4, 4, 4, 4, 4, 4, 4, 4, 4, 4, 4, 4, 4, 4, 4, 4, 4, 4, 4, 4, 4, 4, 4, 4, 4, 4, 4, 4, 4, 4, 4, 4, 4, 4, 4, 4, 4, 4, 4, 4, 4, 4, 4, 4, 4, 4, 4, 4, 4, 4, 4, 4, 4, 4, 4, 4, 4, 4, 4, 4, 4, 4, 4, 4, 4, 4, 4, 4, 4, 4, 4, 4, 4, 4, 4, 4, 4, 4, 4, 4, 4, 4, 4, 4, 4, 4, 4, 4, 4, 4, 4, 4, 4, 4, 4, 4, 4, 4, 4, 4, 4, 4, 4, 4, 3, 3, 3, 3, 3, 3, 3, 3, 3, 3, 3, 3, 3, 3, 3, 3, 3, 3, 3, 3, 3, 3, 3, 3, 3, 3, 3, 3, 3, 3, 3, 3, 3, 3, 3, 3, 3, 3, 3, 3, 3, 3, 3, 3, 3, 3, 3, 3, 3, 3, 3, 3, 3, 3, 3, 3, 3, 3, 3, 3, 3, 3, 3, 3, 3, 3, 3, 3, 3, 3, 3, 3, 3, 3, 3, 3]
                                int[] faceVertexIndices = [1, 26, 27, 2, 2, 27, 28, 3, 3, 28, 29, 4, 4, 29, 30, 5, 5, 30, 31, 6, 6, 31, 32, 7, 7, 32, 33, 8, 8, 33, 34, 9, 9, 34, 35, 10, 10, 35, 36, 11, 11, 36, 37, 12, 12, 37, 38, 13, 13, 38, 39, 14, 14, 39, 40, 15, 15, 40, 41, 16, 16, 41, 42, 17, 17, 42, 43, 18, 18, 43, 44, 19, 19, 44, 45, 20, 20, 45, 46, 21, 21, 46, 47, 22, 22, 47, 48, 23, 23, 48, 49, 24, 24, 49, 50, 25, 26, 51, 52, 27, 27, 52, 53, 28, 28, 53, 54, 29, 29, 54, 55, 30, 30, 55, 56, 31, 31, 56, 57, 32, 32, 57, 58, 33, 33, 58, 59, 34, 34, 59, 60, 35, 35, 60, 61, 36, 36, 61, 62, 37, 37, 62, 63, 38, 38, 63, 64, 39, 39, 64, 65, 40, 40, 65, 66, 41, 41, 66, 67, 42, 42, 67, 68, 43, 43, 68, 69, 44, 44, 69, 70, 45, 45, 70, 71, 46, 46, 71, 72, 47, 47, 72, 73, 48, 48, 73, 74, 49, 49, 74, 75, 50, 51, 76, 77, 52, 52, 77, 78, 53, 53, 78, 79, 54, 54, 79, 80, 55, 55, 80, 81, 56, 56, 81, 82, 57, 57, 82, 83, 58, 58, 83, 84, 59, 59, 84, 85, 60, 60, 85, 86, 61, 61, 86, 87, 62, 62, 87, 88, 63, 63, 88, 89, 64, 64, 89, 90, 65, 65, 90, 91, 66, 66, 91, 92, 67, 67, 92, 93, 68, 68, 93, 94, 69, 69, 94, 95, 70, 70, 95, 96, 71, 71, 96, 97, 72, 72, 97, 98, 73, 73, 98, 99, 74, 74, 99, 100, 75, 76, 101, 102, 77, 77, 102, 103, 78, 78, 103, 104, 79, 79, 104, 105, 80, 80, 105, 106, 81, 81, 106, 107, 82, 82, 107, 108, 83, 83, 108, 109, 84, 84, 109, 110, 85, 85, 110, 111, 86, 86, 111, 112, 87, 87, 112, 113, 88, 88, 113, 114, 89, 89, 114, 115, 90, 90, 115, 116, 91, 91, 116, 117, 92, 92, 117, 118, 93, 93, 118, 119, 94, 94, 119, 120, 95, 95, 120, 121, 96, 96, 121, 122, 97, 97, 122, 123, 98, 98, 123, 124, 99, 99, 124, 125, 100, 101, 126, 127, 102, 102, 127, 128, 103, 103, 128, 129, 104, 104, 129, 130, 105, 105, 130, 131, 106, 106, 131, 132, 107, 107, 132, 133, 108, 108, 133, 134, 109, 109, 134, 135, 110, 110, 135, 136, 111, 111, 136, 137, 112, 112, 137, 138, 113, 113, 138, 139, 114, 114, 139, 140, 115, 115, 140, 141, 116, 116, 141, 142, 117, 117, 142, 143, 118, 118, 143, 144, 119, 119, 144, 145, 120, 120, 145, 146, 121, 121, 146, 147, 122, 122, 147, 148, 123, 123, 148, 149, 124, 124, 149, 150, 125, 126, 151, 152, 127, 127, 152, 153, 128, 128, 153, 154, 129, 129, 154, 155, 130, 130, 155, 156, 131, 131, 156, 157, 132, 132, 157, 158, 133, 133, 158, 159, 134, 134, 159, 160, 135, 135, 160, 161, 136, 136, 161, 162, 137, 137, 162, 163, 138, 138, 163, 164, 139, 139, 164, 165, 140, 140, 165, 166, 141, 141, 166, 167, 142, 142, 167, 168, 143, 143, 168, 169, 144, 144, 169, 170, 145, 145, 170, 171, 146, 146, 171, 172, 147, 147, 172, 173, 148, 148, 173, 174, 149, 149, 174, 175, 150, 151, 176, 177, 152, 152, 177, 178, 153, 153, 178, 179, 154, 154, 179, 180, 155, 155, 180, 181, 156, 156, 181, 182, 157, 157, 182, 183, 158, 158, 183, 184, 159, 159, 184, 185, 160, 160, 185, 186, 161, 161, 186, 187, 162, 162, 187, 188, 163, 163, 188, 189, 164, 164, 189, 190, 165, 165, 190, 191, 166, 166, 191, 192, 167, 167, 192, 193, 168, 168, 193, 194, 169, 169, 194, 195, 170, 170, 195, 196, 171, 171, 196, 197, 172, 172, 197, 198, 173, 173, 198, 199, 174, 174, 199, 200, 175, 176, 201, 202, 177, 177, 202, 203, 178, 178, 203, 204, 179, 179, 204, 205, 180, 180, 205, 206, 181, 181, 206, 207, 182, 182, 207, 208, 183, 183, 208, 209, 184, 184, 209, 210, 185, 185, 210, 211, 186, 186, 211, 212, 187, 187, 212, 213, 188, 188, 213, 214, 189, 189, 214, 215, 190, 190, 215, 216, 191, 191, 216, 217, 192, 192, 217, 218, 193, 193, 218, 219, 194, 194, 219, 220, 195, 195, 220, 221, 196, 196, 221, 222, 197, 197, 222, 223, 198, 198, 223, 224, 199, 199, 224, 225, 200, 201, 226, 227, 202, 202, 227, 228, 203, 203, 228, 229, 204, 204, 229, 230, 205, 205, 230, 231, 206, 206, 231, 232, 207, 207, 232, 233, 208, 208, 233, 234, 209, 209, 234, 235, 210, 210, 235, 236, 211, 211, 236, 237, 212, 212, 237, 238, 213, 213, 238, 239, 214, 214, 239, 240, 215, 215, 240, 241, 216, 216, 241, 242, 217, 217, 242, 243, 218, 218, 243, 244, 219, 219, 244, 245, 220, 220, 245, 246, 221, 221, 246, 247, 222, 222, 247, 248, 223, 223, 248, 249, 224, 224, 249, 250, 225, 226, 251, 252, 227, 227, 252, 253, 228, 228, 253, 254, 229, 229, 254, 255, 230, 230, 255, 256, 231, 231, 256, 257, 232, 232, 257, 258, 233, 233, 258, 259, 234, 234, 259, 260, 235, 235, 260, 261, 236, 236, 261, 262, 237, 237, 262, 263, 238, 238, 263, 264, 239, 239, 264, 265, 240, 240, 265, 266, 241, 241, 266, 267, 242, 242, 267, 268, 243, 243, 268, 269, 244, 244, 269, 270, 245, 245, 270, 271, 246, 246, 271, 272, 247, 247, 272, 273, 248, 248, 273, 274, 249, 249, 274, 275, 250, 251, 276, 277, 252, 252, 277, 278, 253, 253, 278, 279, 254, 254, 279, 280, 255, 255, 280, 281, 256, 256, 281, 282, 257, 257, 282, 283, 258, 258, 283, 284, 259, 259, 284, 285, 260, 260, 285, 286, 261, 261, 286, 287, 262, 262, 287, 288, 263, 263, 288, 289, 264, 264, 289, 290, 265, 265, 290, 291, 266, 266, 291, 292, 267, 267, 292, 293, 268, 268, 293, 294, 269, 269, 294, 295, 270, 270, 295, 296, 271, 271, 296, 297, 272, 272, 297, 298, 273, 273, 298, 299, 274, 274, 299, 300, 275, 276, 301, 302, 277, 277, 302, 303, 278, 278, 303, 304, 279, 279, 304, 305, 280, 280, 305, 306, 281, 281, 306, 307, 282, 282, 307, 308, 283, 283, 308, 309, 284, 284, 309, 310, 285, 285, 310, 311, 286, 286, 311, 312, 287, 287, 312, 313, 288, 288, 313, 314, 289, 289, 314, 315, 290, 290, 315, 316, 291, 291, 316, 317, 292, 292, 317, 318, 293, 293, 318, 319, 294, 294, 319, 320, 295, 295, 320, 321, 296, 296, 321, 322, 297, 297, 322, 323, 298, 298, 323, 324, 299, 299, 324, 325, 300, 301, 326, 327, 302, 302, 327, 328, 303, 303, 328, 329, 304, 304, 329, 330, 305, 305, 330, 331, 306, 306, 331, 332, 307, 307, 332, 333, 308, 308, 333, 334, 309, 309, 334, 335, 310, 310, 335, 336, 311, 311, 336, 337, 312, 312, 337, 338, 313, 313, 338, 339, 314, 314, 339, 340, 315, 315, 340, 341, 316, 316, 341, 342, 317, 317, 342, 343, 318, 318, 343, 344, 319, 319, 344, 345, 320, 320, 345, 346, 321, 321, 346, 347, 322, 322, 347, 348, 323, 323, 348, 349, 324, 324, 349, 350, 325, 326, 351, 352, 327, 327, 352, 353, 328, 328, 353, 354, 329, 329, 354, 355, 330, 330, 355, 356, 331, 331, 356, 357, 332, 332, 357, 358, 333, 333, 358, 359, 334, 334, 359, 360, 335, 335, 360, 361, 336, 336, 361, 362, 337, 337, 362, 363, 338, 338, 363, 364, 339, 339, 364, 365, 340, 340, 365, 366, 341, 341, 366, 367, 342, 342, 367, 368, 343, 343, 368, 369, 344, 344, 369, 370, 345, 345, 370, 371, 346, 346, 371, 372, 347, 347, 372, 373, 348, 348, 373, 374, 349, 349, 374, 375, 350, 0, 1, 2, 0, 2, 3, 0, 3, 4, 0, 4, 5, 0, 5, 6, 0, 6, 7, 0, 7, 8, 0, 8, 9, 0, 9, 10, 0, 10, 11, 0, 11, 12, 0, 12, 13, 0, 13, 14, 0, 14, 15, 0, 15, 16, 0, 16, 17, 0, 17, 18, 0, 18, 19, 0, 19, 20, 0, 20, 21, 0, 21, 22, 0, 22, 23, 0, 23, 24, 0, 24, 25, 0, 352, 351, 0, 353, 352, 0, 354, 353, 0, 355, 354, 0, 356, 355, 0, 357, 356, 0, 358, 357, 0, 359, 358, 0, 360, 359, 0, 361, 360, 0, 362, 361, 0, 363, 362, 0, 364, 363, 0, 365, 364, 0, 366, 365, 0, 367, 366, 0, 368, 367, 0, 369, 368, 0, 370, 369, 0, 371, 370, 0, 372, 371, 0, 373, 372, 0, 374, 373, 0, 375, 374, 0, 26, 1, 0, 51, 26, 0, 76, 51, 0, 101, 76, 0, 126, 101, 0, 151, 126, 0, 176, 151, 0, 201, 176, 0, 226, 201, 0, 251, 226, 0, 276, 251, 0, 301, 276, 0, 326, 301, 0, 351, 326, 0, 25, 50, 0, 50, 75, 0, 75, 100, 0, 100, 125, 0, 125, 150, 0, 150, 175, 0, 175, 200, 0, 200, 225, 0, 225, 250, 0, 250, 275, 0, 275, 300, 0, 300, 325, 0, 325, 350, 0, 350, 375]
                                rel material:binding = </AecoCctvLooks/Sector>
                                point3f[] points = [(0, 0, 0), (-9.941828, -6.0685635, -7.767407), (-9.504134, -6.3287916, -8.100484), (-9.007872, -6.5981636, -8.445265), (-8.446061, -6.8740487, -8.798381), (-7.8118973, -7.152658, -9.154984), (-7.0993505, -7.4288487, -9.508492), (-6.3039937, -7.6960063, -9.850439), (-5.424033, -7.9460855, -10.170526), (-4.461442, -8.1698885, -10.456981), (-3.4229863, -8.357662, -10.69732), (-2.3208551, -8.500001, -10.879504), (-1.1725745, -8.588976, -10.993387), (0, -8.619261, -11.03215), (1.1725745, -8.588976, -10.993387), (2.3208551, -8.500001, -10.879504), (3.4229863, -8.357662, -10.69732), (4.461442, -8.1698885, -10.456981), (5.424033, -7.9460855, -10.170526), (6.3039937, -7.6960063, -9.850439), (7.0993505, -7.4288487, -9.508492), (7.8118973, -7.152658, -9.154984), (8.446061, -6.8740487, -8.798381), (9.007872, -6.5981636, -8.445265), (9.504134, -6.3287916, -8.100484), (9.941828, -6.0685635, -7.767407), (-10.199293, -5.3363333, -7.968561), (-9.772749, -5.577996, -8.329427), (-9.285627, -5.829957, -8.705672), (-8.729859, -6.0900226, -9.094019), (-8.097301, -6.3548365, -9.489456), (-7.380366, -6.619634, -9.88487), (-6.572982, -6.8780494, -10.270752), (-5.671822, -7.122078, -10.635151), (-4.677759, -7.3422976, -10.963998), (-3.5972686, -7.528453, -11.241978), (-2.4434085, -7.6704392, -11.454), (-1.2359031, -7.7595863, -11.587121), (0, -7.79, -11.632536), (1.2359031, -7.7595863, -11.587121), (2.4434085, -7.6704392, -11.454), (3.5972686, -7.528453, -11.241978), (4.677759, -7.3422976, -10.963998), (5.671822, -7.122078, -10.635151), (6.572982, -6.8780494, -10.270752), (7.380366, -6.619634, -9.88487), (8.097301, -6.3548365, -9.489456), (8.729859, -6.0900226, -9.094019), (9.285627, -5.829957, -8.705672), (9.772749, -5.577996, -8.329427), (10.199293, -5.3363333, -7.968561), (-10.433513, -4.549065, -8.151553), (-10.01875, -4.7653384, -8.539098), (-9.5418625, -4.9923615, -8.945904), (-8.993736, -5.2284207, -9.368902), (-8.364894, -5.4707055, -9.803057), (-7.64615, -5.7150187, -10.240847), (-6.8296494, -5.955525, -10.671814), (-5.9103174, -6.1846294, -11.082351), (-4.8876505, -6.3931227, -11.455953), (-3.7675645, -6.57071, -11.774176), (-2.5638154, -6.7070208, -12.018433), (-1.2983398, -6.7929945, -12.172491), (0, -6.822396, -12.225176), (1.2983398, -6.7929945, -12.172491), (2.5638154, -6.7070208, -12.018433), (3.7675645, -6.57071, -11.774176), (4.8876505, -6.3931227, -11.455953), (5.9103174, -6.1846294, -11.082351), (6.8296494, -5.955525, -10.671814), (7.64615, -5.7150187, -10.240847), (8.364894, -5.4707055, -9.803057), (8.993736, -5.2284207, -9.368902), (9.5418625, -4.9923615, -8.945904), (10.01875, -4.7653384, -8.539098), (10.433513, -4.549065, -8.151553), (-10.637636, -3.7104514, -8.311032), (-10.234461, -3.8943515, -8.722949), (-9.768064, -4.088569, -9.157977), (-9.228397, -4.2918706, -9.613352), (-8.604742, -4.502054, -10.084142), (-7.8863616, -4.7156496, -10.562573), (-7.0636063, -4.92763, -11.037388), (-6.1295524, -5.131232, -11.493435), (-5.082132, -5.318006, -11.91179), (-3.9264634, -5.4782662, -12.270758), (-2.6767821, -5.602036, -12.547989), (-1.357125, -5.68045, -12.723628), (0, -5.707329, -12.7838335), (1.357125, -5.68045, -12.723628), (2.6767821, -5.602036, -12.547989), (3.9264634, -5.4782662, -12.270758), (5.082132, -5.318006, -11.91179), (6.1295524, -5.131232, -11.493435), (7.0636063, -4.92763, -11.037388), (7.8863616, -4.7156496, -10.562573), (8.604742, -4.502054, -10.084142), (9.228397, -4.2918706, -9.613352), (9.768064, -4.088569, -9.157977), (10.234461, -3.8943515, -8.722949), (10.637636, -3.7104514, -8.311032), (-10.804955, -2.8266096, -8.441755), (-10.412218, -2.971493, -8.8744545), (-9.955567, -3.1252887, -9.33377), (-9.424174, -3.2871912, -9.817296), (-8.806254, -3.4556153, -10.3203), (-8.08969, -3.6279225, -10.834901), (-7.26318, -3.8001406, -11.349236), (-6.3180227, -3.9667544, -11.846833), (-5.250561, -4.1206894, -12.306564), (-4.064979, -4.2536445, -12.703639), (-2.77577, -4.3569, -13.012014), (-1.4088082, -4.422583, -13.208179), (0, -4.445147, -13.275567), (1.4088082, -4.422583, -13.208179), (2.77577, -4.3569, -13.012014), (4.064979, -4.2536445, -12.703639), (5.250561, -4.1206894, -12.306564), (6.3180227, -3.9667544, -11.846833), (7.26318, -3.8001406, -11.349236), (8.08969, -3.6279225, -10.834901), (8.806254, -3.4556153, -10.3203), (9.424174, -3.2871912, -9.817296), (9.955567, -3.1252887, -9.33377), (10.412218, -2.971493, -8.8744545), (10.804955, -2.8266096, -8.441755), (-10.92942, -1.9061135, -8.538999), (-10.545013, -2.0062604, -8.987637), (-10.096309, -2.1129804, -9.465721), (-9.571899, -2.2258122, -9.971184), (-8.959182, -2.3437495, -10.499519), (-8.244948, -2.4650333, -11.042846), (-7.4165554, -2.5869253, -11.588897), (-6.4638124, -2.7055254, -12.120201), (-5.3816667, -2.8157213, -12.613856), (-4.173405, -2.9114017, -13.042485), (-2.853601, -2.9860435, -13.376864), (-1.4495631, -3.0336816, -13.590274), (0, -3.050075, -13.6637125), (1.4495631, -3.0336816, -13.590274), (2.853601, -2.9860435, -13.376864), (4.173405, -2.9114017, -13.042485), (5.3816667, -2.8157213, -12.613856), (6.4638124, -2.7055254, -12.120201), (7.4165554, -2.5869253, -11.588897), (8.244948, -2.4650333, -11.042846), (8.959182, -2.3437495, -10.499519), (9.571899, -2.2258122, -9.971184), (10.096309, -2.1129804, -9.465721), (10.545013, -2.0062604, -8.987637), (10.92942, -1.9061135, -8.538999), (-11.006197, -0.9597517, -8.598983), (-10.6271715, -1.0109458, -9.057661), (-10.183674, -1.0656322, -9.547629), (-9.66394, -1.1236074, -10.067063), (-9.0548525, -1.1843886, -10.611639), (-8.342506, -1.2471004, -11.17351), (-7.51338, -1.310349, -11.740191), (-6.556284, -1.3721154, -12.293593), (-5.4652066, -1.4297149, -12.809662), (-4.242779, -1.4798988, -13.259289), (-2.9035645, -1.5191629, -13.611078), (-1.4757819, -1.5442765, -13.836086), (0, -1.5529286, -13.913606), (1.4757819, -1.5442765, -13.836086), (2.9035645, -1.5191629, -13.611078), (4.242779, -1.4798988, -13.259289), (5.4652066, -1.4297149, -12.809662), (6.556284, -1.3721154, -12.293593), (7.51338, -1.310349, -11.740191), (8.342506, -1.2471004, -11.17351), (9.0548525, -1.1843886, -10.611639), (9.66394, -1.1236074, -10.067063), (10.183674, -1.0656322, -9.547629), (10.6271715, -1.0109458, -9.057661), (11.006197, -0.9597517, -8.598983), (-11.03215, 0, -8.619261), (-10.654986, 0, -9.081368), (-10.213303, 0, -9.575408), (-9.695215, 0, -10.099644), (-9.08743, 0, -10.649817), (-8.375804, 0, -11.218106), (-7.546508, 0, -11.791956), (-6.5880013, 0, -12.3530655), (-5.49393, 0, -12.876985), (-4.2666836, 0, -13.333995), (-2.9208112, 0, -13.691927), (-1.4848428, 0, -13.921036), (0, 0, -14), (1.4848428, 0, -13.921036), (2.9208112, 0, -13.691927), (4.2666836, 0, -13.333995), (5.49393, 0, -12.876985), (6.5880013, 0, -12.3530655), (7.546508, 0, -11.791956), (8.375804, 0, -11.218106), (9.08743, 0, -10.649817), (9.695215, 0, -10.099644), (10.213303, 0, -9.575408), (10.654986, 0, -9.081368), (11.03215, 0, -8.619261), (-11.006197, 0.9597517, -8.598983), (-10.6271715, 1.0109458, -9.057661), (-10.183674, 1.0656322, -9.547629), (-9.66394, 1.1236074, -10.067063), (-9.0548525, 1.1843886, -10.611639), (-8.342506, 1.2471004, -11.17351), (-7.51338, 1.310349, -11.740191), (-6.556284, 1.3721154, -12.293593), (-5.4652066, 1.4297149, -12.809662), (-4.242779, 1.4798988, -13.259289), (-2.9035645, 1.5191629, -13.611078), (-1.4757819, 1.5442765, -13.836086), (0, 1.5529286, -13.913606), (1.4757819, 1.5442765, -13.836086), (2.9035645, 1.5191629, -13.611078), (4.242779, 1.4798988, -13.259289), (5.4652066, 1.4297149, -12.809662), (6.556284, 1.3721154, -12.293593), (7.51338, 1.310349, -11.740191), (8.342506, 1.2471004, -11.17351), (9.0548525, 1.1843886, -10.611639), (9.66394, 1.1236074, -10.067063), (10.183674, 1.0656322, -9.547629), (10.6271715, 1.0109458, -9.057661), (11.006197, 0.9597517, -8.598983), (-10.92942, 1.9061135, -8.538999), (-10.545013, 2.0062604, -8.987637), (-10.096309, 2.1129804, -9.465721), (-9.571899, 2.2258122, -9.971184), (-8.959182, 2.3437495, -10.499519), (-8.244948, 2.4650333, -11.042846), (-7.4165554, 2.5869253, -11.588897), (-6.4638124, 2.7055254, -12.120201), (-5.3816667, 2.8157213, -12.613856), (-4.173405, 2.9114017, -13.042485), (-2.853601, 2.9860435, -13.376864), (-1.4495631, 3.0336816, -13.590274), (0, 3.050075, -13.6637125), (1.4495631, 3.0336816, -13.590274), (2.853601, 2.9860435, -13.376864), (4.173405, 2.9114017, -13.042485), (5.3816667, 2.8157213, -12.613856), (6.4638124, 2.7055254, -12.120201), (7.4165554, 2.5869253, -11.588897), (8.244948, 2.4650333, -11.042846), (8.959182, 2.3437495, -10.499519), (9.571899, 2.2258122, -9.971184), (10.096309, 2.1129804, -9.465721), (10.545013, 2.0062604, -8.987637), (10.92942, 1.9061135, -8.538999), (-10.804955, 2.8266096, -8.441755), (-10.412218, 2.971493, -8.8744545), (-9.955567, 3.1252887, -9.33377), (-9.424174, 3.2871912, -9.817296), (-8.806254, 3.4556153, -10.3203), (-8.08969, 3.6279225, -10.834901), (-7.26318, 3.8001406, -11.349236), (-6.3180227, 3.9667544, -11.846833), (-5.250561, 4.1206894, -12.306564), (-4.064979, 4.2536445, -12.703639), (-2.77577, 4.3569, -13.012014), (-1.4088082, 4.422583, -13.208179), (0, 4.445147, -13.275567), (1.4088082, 4.422583, -13.208179), (2.77577, 4.3569, -13.012014), (4.064979, 4.2536445, -12.703639), (5.250561, 4.1206894, -12.306564), (6.3180227, 3.9667544, -11.846833), (7.26318, 3.8001406, -11.349236), (8.08969, 3.6279225, -10.834901), (8.806254, 3.4556153, -10.3203), (9.424174, 3.2871912, -9.817296), (9.955567, 3.1252887, -9.33377), (10.412218, 2.971493, -8.8744545), (10.804955, 2.8266096, -8.441755), (-10.637636, 3.7104514, -8.311032), (-10.234461, 3.8943515, -8.722949), (-9.768064, 4.088569, -9.157977), (-9.228397, 4.2918706, -9.613352), (-8.604742, 4.502054, -10.084142), (-7.8863616, 4.7156496, -10.562573), (-7.0636063, 4.92763, -11.037388), (-6.1295524, 5.131232, -11.493435), (-5.082132, 5.318006, -11.91179), (-3.9264634, 5.4782662, -12.270758), (-2.6767821, 5.602036, -12.547989), (-1.357125, 5.68045, -12.723628), (0, 5.707329, -12.7838335), (1.357125, 5.68045, -12.723628), (2.6767821, 5.602036, -12.547989), (3.9264634, 5.4782662, -12.270758), (5.082132, 5.318006, -11.91179), (6.1295524, 5.131232, -11.493435), (7.0636063, 4.92763, -11.037388), (7.8863616, 4.7156496, -10.562573), (8.604742, 4.502054, -10.084142), (9.228397, 4.2918706, -9.613352), (9.768064, 4.088569, -9.157977), (10.234461, 3.8943515, -8.722949), (10.637636, 3.7104514, -8.311032), (-10.433513, 4.549065, -8.151553), (-10.01875, 4.7653384, -8.539098), (-9.5418625, 4.9923615, -8.945904), (-8.993736, 5.2284207, -9.368902), (-8.364894, 5.4707055, -9.803057), (-7.64615, 5.7150187, -10.240847), (-6.8296494, 5.955525, -10.671814), (-5.9103174, 6.1846294, -11.082351), (-4.8876505, 6.3931227, -11.455953), (-3.7675645, 6.57071, -11.774176), (-2.5638154, 6.7070208, -12.018433), (-1.2983398, 6.7929945, -12.172491), (0, 6.822396, -12.225176), (1.2983398, 6.7929945, -12.172491), (2.5638154, 6.7070208, -12.018433), (3.7675645, 6.57071, -11.774176), (4.8876505, 6.3931227, -11.455953), (5.9103174, 6.1846294, -11.082351), (6.8296494, 5.955525, -10.671814), (7.64615, 5.7150187, -10.240847), (8.364894, 5.4707055, -9.803057), (8.993736, 5.2284207, -9.368902), (9.5418625, 4.9923615, -8.945904), (10.01875, 4.7653384, -8.539098), (10.433513, 4.549065, -8.151553), (-10.199293, 5.3363333, -7.968561), (-9.772749, 5.577996, -8.329427), (-9.285627, 5.829957, -8.705672), (-8.729859, 6.0900226, -9.094019), (-8.097301, 6.3548365, -9.489456), (-7.380366, 6.619634, -9.88487), (-6.572982, 6.8780494, -10.270752), (-5.671822, 7.122078, -10.635151), (-4.677759, 7.3422976, -10.963998), (-3.5972686, 7.528453, -11.241978), (-2.4434085, 7.6704392, -11.454), (-1.2359031, 7.7595863, -11.587121), (0, 7.79, -11.632536), (1.2359031, 7.7595863, -11.587121), (2.4434085, 7.6704392, -11.454), (3.5972686, 7.528453, -11.241978), (4.677759, 7.3422976, -10.963998), (5.671822, 7.122078, -10.635151), (6.572982, 6.8780494, -10.270752), (7.380366, 6.619634, -9.88487), (8.097301, 6.3548365, -9.489456), (8.729859, 6.0900226, -9.094019), (9.285627, 5.829957, -8.705672), (9.772749, 5.577996, -8.329427), (10.199293, 5.3363333, -7.968561), (-9.941828, 6.0685635, -7.767407), (-9.504134, 6.3287916, -8.100484), (-9.007872, 6.5981636, -8.445265), (-8.446061, 6.8740487, -8.798381), (-7.8118973, 7.152658, -9.154984), (-7.0993505, 7.4288487, -9.508492), (-6.3039937, 7.6960063, -9.850439), (-5.424033, 7.9460855, -10.170526), (-4.461442, 8.1698885, -10.456981), (-3.4229863, 8.357662, -10.69732), (-2.3208551, 8.500001, -10.879504), (-1.1725745, 8.588976, -10.993387), (0, 8.619261, -11.03215), (1.1725745, 8.588976, -10.993387), (2.3208551, 8.500001, -10.879504), (3.4229863, 8.357662, -10.69732), (4.461442, 8.1698885, -10.456981), (5.424033, 7.9460855, -10.170526), (6.3039937, 7.6960063, -9.850439), (7.0993505, 7.4288487, -9.508492), (7.8118973, 7.152658, -9.154984), (8.446061, 6.8740487, -8.798381), (9.007872, 6.5981636, -8.445265), (9.504134, 6.3287916, -8.100484), (9.941828, 6.0685635, -7.767407)]
                                color3f[] primvars:displayColor = [(0, 0.85, 0.95)] (
                                    interpolation = "constant"
                                )
                                float[] primvars:displayOpacity = [0.3] (
                                    interpolation = "constant"
                                )
                                uniform token purpose = "guide"
                                uniform token subdivisionScheme = "none"
                            }

                            def Mesh "Shell_identify" (
                                prepend apiSchemas = ["AecoDerivedGeometryAPI", "MaterialBindingAPI"]
                            )
                            {
                                uniform token aeco:derived:approx = "tessellated"
                                uniform token aeco:derived:role = "coverage"
                                string aeco:derived:source = "b7d974f6-85f7-5316-a41a-243814df5f21"
                                string aeco:derived:stamp = "usdAecoCctv derive 0.5.5"
                                uniform bool doubleSided = 1
                                float3[] extent = [(-3.191589, -2.4935427, -4.0501847), (3.191589, 2.4935427, 0)]
                                int[] faceVertexCounts = [4, 4, 4, 4, 4, 4, 4, 4, 4, 4, 4, 4, 4, 4, 4, 4, 4, 4, 4, 4, 4, 4, 4, 4, 4, 4, 4, 4, 4, 4, 4, 4, 4, 4, 4, 4, 4, 4, 4, 4, 4, 4, 4, 4, 4, 4, 4, 4, 4, 4, 4, 4, 4, 4, 4, 4, 4, 4, 4, 4, 4, 4, 4, 4, 4, 4, 4, 4, 4, 4, 4, 4, 4, 4, 4, 4, 4, 4, 4, 4, 4, 4, 4, 4, 4, 4, 4, 4, 4, 4, 4, 4, 4, 4, 4, 4, 4, 4, 4, 4, 4, 4, 4, 4, 4, 4, 4, 4, 4, 4, 4, 4, 4, 4, 4, 4, 4, 4, 4, 4, 4, 4, 4, 4, 4, 4, 4, 4, 4, 4, 4, 4, 4, 4, 4, 4, 4, 4, 4, 4, 4, 4, 4, 4, 4, 4, 4, 4, 4, 4, 4, 4, 4, 4, 4, 4, 4, 4, 4, 4, 4, 4, 4, 4, 4, 4, 4, 4, 4, 4, 4, 4, 4, 4, 4, 4, 4, 4, 4, 4, 4, 4, 4, 4, 4, 4, 4, 4, 4, 4, 4, 4, 4, 4, 4, 4, 4, 4, 4, 4, 4, 4, 4, 4, 4, 4, 4, 4, 4, 4, 4, 4, 4, 4, 4, 4, 4, 4, 4, 4, 4, 4, 4, 4, 4, 4, 4, 4, 4, 4, 4, 4, 4, 4, 4, 4, 4, 4, 4, 4, 4, 4, 4, 4, 4, 4, 4, 4, 4, 4, 4, 4, 4, 4, 4, 4, 4, 4, 4, 4, 4, 4, 4, 4, 4, 4, 4, 4, 4, 4, 4, 4, 4, 4, 4, 4, 4, 4, 4, 4, 4, 4, 4, 4, 4, 4, 4, 4, 4, 4, 4, 4, 4, 4, 4, 4, 4, 4, 4, 4, 4, 4, 4, 4, 4, 4, 4, 4, 4, 4, 4, 4, 4, 4, 4, 4, 4, 4, 4, 4, 4, 4, 4, 4, 4, 4, 4, 4, 4, 4, 4, 4, 4, 4, 4, 4, 3, 3, 3, 3, 3, 3, 3, 3, 3, 3, 3, 3, 3, 3, 3, 3, 3, 3, 3, 3, 3, 3, 3, 3, 3, 3, 3, 3, 3, 3, 3, 3, 3, 3, 3, 3, 3, 3, 3, 3, 3, 3, 3, 3, 3, 3, 3, 3, 3, 3, 3, 3, 3, 3, 3, 3, 3, 3, 3, 3, 3, 3, 3, 3, 3, 3, 3, 3, 3, 3, 3, 3, 3, 3, 3, 3]
                                int[] faceVertexIndices = [1, 26, 27, 2, 2, 27, 28, 3, 3, 28, 29, 4, 4, 29, 30, 5, 5, 30, 31, 6, 6, 31, 32, 7, 7, 32, 33, 8, 8, 33, 34, 9, 9, 34, 35, 10, 10, 35, 36, 11, 11, 36, 37, 12, 12, 37, 38, 13, 13, 38, 39, 14, 14, 39, 40, 15, 15, 40, 41, 16, 16, 41, 42, 17, 17, 42, 43, 18, 18, 43, 44, 19, 19, 44, 45, 20, 20, 45, 46, 21, 21, 46, 47, 22, 22, 47, 48, 23, 23, 48, 49, 24, 24, 49, 50, 25, 26, 51, 52, 27, 27, 52, 53, 28, 28, 53, 54, 29, 29, 54, 55, 30, 30, 55, 56, 31, 31, 56, 57, 32, 32, 57, 58, 33, 33, 58, 59, 34, 34, 59, 60, 35, 35, 60, 61, 36, 36, 61, 62, 37, 37, 62, 63, 38, 38, 63, 64, 39, 39, 64, 65, 40, 40, 65, 66, 41, 41, 66, 67, 42, 42, 67, 68, 43, 43, 68, 69, 44, 44, 69, 70, 45, 45, 70, 71, 46, 46, 71, 72, 47, 47, 72, 73, 48, 48, 73, 74, 49, 49, 74, 75, 50, 51, 76, 77, 52, 52, 77, 78, 53, 53, 78, 79, 54, 54, 79, 80, 55, 55, 80, 81, 56, 56, 81, 82, 57, 57, 82, 83, 58, 58, 83, 84, 59, 59, 84, 85, 60, 60, 85, 86, 61, 61, 86, 87, 62, 62, 87, 88, 63, 63, 88, 89, 64, 64, 89, 90, 65, 65, 90, 91, 66, 66, 91, 92, 67, 67, 92, 93, 68, 68, 93, 94, 69, 69, 94, 95, 70, 70, 95, 96, 71, 71, 96, 97, 72, 72, 97, 98, 73, 73, 98, 99, 74, 74, 99, 100, 75, 76, 101, 102, 77, 77, 102, 103, 78, 78, 103, 104, 79, 79, 104, 105, 80, 80, 105, 106, 81, 81, 106, 107, 82, 82, 107, 108, 83, 83, 108, 109, 84, 84, 109, 110, 85, 85, 110, 111, 86, 86, 111, 112, 87, 87, 112, 113, 88, 88, 113, 114, 89, 89, 114, 115, 90, 90, 115, 116, 91, 91, 116, 117, 92, 92, 117, 118, 93, 93, 118, 119, 94, 94, 119, 120, 95, 95, 120, 121, 96, 96, 121, 122, 97, 97, 122, 123, 98, 98, 123, 124, 99, 99, 124, 125, 100, 101, 126, 127, 102, 102, 127, 128, 103, 103, 128, 129, 104, 104, 129, 130, 105, 105, 130, 131, 106, 106, 131, 132, 107, 107, 132, 133, 108, 108, 133, 134, 109, 109, 134, 135, 110, 110, 135, 136, 111, 111, 136, 137, 112, 112, 137, 138, 113, 113, 138, 139, 114, 114, 139, 140, 115, 115, 140, 141, 116, 116, 141, 142, 117, 117, 142, 143, 118, 118, 143, 144, 119, 119, 144, 145, 120, 120, 145, 146, 121, 121, 146, 147, 122, 122, 147, 148, 123, 123, 148, 149, 124, 124, 149, 150, 125, 126, 151, 152, 127, 127, 152, 153, 128, 128, 153, 154, 129, 129, 154, 155, 130, 130, 155, 156, 131, 131, 156, 157, 132, 132, 157, 158, 133, 133, 158, 159, 134, 134, 159, 160, 135, 135, 160, 161, 136, 136, 161, 162, 137, 137, 162, 163, 138, 138, 163, 164, 139, 139, 164, 165, 140, 140, 165, 166, 141, 141, 166, 167, 142, 142, 167, 168, 143, 143, 168, 169, 144, 144, 169, 170, 145, 145, 170, 171, 146, 146, 171, 172, 147, 147, 172, 173, 148, 148, 173, 174, 149, 149, 174, 175, 150, 151, 176, 177, 152, 152, 177, 178, 153, 153, 178, 179, 154, 154, 179, 180, 155, 155, 180, 181, 156, 156, 181, 182, 157, 157, 182, 183, 158, 158, 183, 184, 159, 159, 184, 185, 160, 160, 185, 186, 161, 161, 186, 187, 162, 162, 187, 188, 163, 163, 188, 189, 164, 164, 189, 190, 165, 165, 190, 191, 166, 166, 191, 192, 167, 167, 192, 193, 168, 168, 193, 194, 169, 169, 194, 195, 170, 170, 195, 196, 171, 171, 196, 197, 172, 172, 197, 198, 173, 173, 198, 199, 174, 174, 199, 200, 175, 176, 201, 202, 177, 177, 202, 203, 178, 178, 203, 204, 179, 179, 204, 205, 180, 180, 205, 206, 181, 181, 206, 207, 182, 182, 207, 208, 183, 183, 208, 209, 184, 184, 209, 210, 185, 185, 210, 211, 186, 186, 211, 212, 187, 187, 212, 213, 188, 188, 213, 214, 189, 189, 214, 215, 190, 190, 215, 216, 191, 191, 216, 217, 192, 192, 217, 218, 193, 193, 218, 219, 194, 194, 219, 220, 195, 195, 220, 221, 196, 196, 221, 222, 197, 197, 222, 223, 198, 198, 223, 224, 199, 199, 224, 225, 200, 201, 226, 227, 202, 202, 227, 228, 203, 203, 228, 229, 204, 204, 229, 230, 205, 205, 230, 231, 206, 206, 231, 232, 207, 207, 232, 233, 208, 208, 233, 234, 209, 209, 234, 235, 210, 210, 235, 236, 211, 211, 236, 237, 212, 212, 237, 238, 213, 213, 238, 239, 214, 214, 239, 240, 215, 215, 240, 241, 216, 216, 241, 242, 217, 217, 242, 243, 218, 218, 243, 244, 219, 219, 244, 245, 220, 220, 245, 246, 221, 221, 246, 247, 222, 222, 247, 248, 223, 223, 248, 249, 224, 224, 249, 250, 225, 226, 251, 252, 227, 227, 252, 253, 228, 228, 253, 254, 229, 229, 254, 255, 230, 230, 255, 256, 231, 231, 256, 257, 232, 232, 257, 258, 233, 233, 258, 259, 234, 234, 259, 260, 235, 235, 260, 261, 236, 236, 261, 262, 237, 237, 262, 263, 238, 238, 263, 264, 239, 239, 264, 265, 240, 240, 265, 266, 241, 241, 266, 267, 242, 242, 267, 268, 243, 243, 268, 269, 244, 244, 269, 270, 245, 245, 270, 271, 246, 246, 271, 272, 247, 247, 272, 273, 248, 248, 273, 274, 249, 249, 274, 275, 250, 251, 276, 277, 252, 252, 277, 278, 253, 253, 278, 279, 254, 254, 279, 280, 255, 255, 280, 281, 256, 256, 281, 282, 257, 257, 282, 283, 258, 258, 283, 284, 259, 259, 284, 285, 260, 260, 285, 286, 261, 261, 286, 287, 262, 262, 287, 288, 263, 263, 288, 289, 264, 264, 289, 290, 265, 265, 290, 291, 266, 266, 291, 292, 267, 267, 292, 293, 268, 268, 293, 294, 269, 269, 294, 295, 270, 270, 295, 296, 271, 271, 296, 297, 272, 272, 297, 298, 273, 273, 298, 299, 274, 274, 299, 300, 275, 276, 301, 302, 277, 277, 302, 303, 278, 278, 303, 304, 279, 279, 304, 305, 280, 280, 305, 306, 281, 281, 306, 307, 282, 282, 307, 308, 283, 283, 308, 309, 284, 284, 309, 310, 285, 285, 310, 311, 286, 286, 311, 312, 287, 287, 312, 313, 288, 288, 313, 314, 289, 289, 314, 315, 290, 290, 315, 316, 291, 291, 316, 317, 292, 292, 317, 318, 293, 293, 318, 319, 294, 294, 319, 320, 295, 295, 320, 321, 296, 296, 321, 322, 297, 297, 322, 323, 298, 298, 323, 324, 299, 299, 324, 325, 300, 301, 326, 327, 302, 302, 327, 328, 303, 303, 328, 329, 304, 304, 329, 330, 305, 305, 330, 331, 306, 306, 331, 332, 307, 307, 332, 333, 308, 308, 333, 334, 309, 309, 334, 335, 310, 310, 335, 336, 311, 311, 336, 337, 312, 312, 337, 338, 313, 313, 338, 339, 314, 314, 339, 340, 315, 315, 340, 341, 316, 316, 341, 342, 317, 317, 342, 343, 318, 318, 343, 344, 319, 319, 344, 345, 320, 320, 345, 346, 321, 321, 346, 347, 322, 322, 347, 348, 323, 323, 348, 349, 324, 324, 349, 350, 325, 326, 351, 352, 327, 327, 352, 353, 328, 328, 353, 354, 329, 329, 354, 355, 330, 330, 355, 356, 331, 331, 356, 357, 332, 332, 357, 358, 333, 333, 358, 359, 334, 334, 359, 360, 335, 335, 360, 361, 336, 336, 361, 362, 337, 337, 362, 363, 338, 338, 363, 364, 339, 339, 364, 365, 340, 340, 365, 366, 341, 341, 366, 367, 342, 342, 367, 368, 343, 343, 368, 369, 344, 344, 369, 370, 345, 345, 370, 371, 346, 346, 371, 372, 347, 347, 372, 373, 348, 348, 373, 374, 349, 349, 374, 375, 350, 0, 1, 2, 0, 2, 3, 0, 3, 4, 0, 4, 5, 0, 5, 6, 0, 6, 7, 0, 7, 8, 0, 8, 9, 0, 9, 10, 0, 10, 11, 0, 11, 12, 0, 12, 13, 0, 13, 14, 0, 14, 15, 0, 15, 16, 0, 16, 17, 0, 17, 18, 0, 18, 19, 0, 19, 20, 0, 20, 21, 0, 21, 22, 0, 22, 23, 0, 23, 24, 0, 24, 25, 0, 352, 351, 0, 353, 352, 0, 354, 353, 0, 355, 354, 0, 356, 355, 0, 357, 356, 0, 358, 357, 0, 359, 358, 0, 360, 359, 0, 361, 360, 0, 362, 361, 0, 363, 362, 0, 364, 363, 0, 365, 364, 0, 366, 365, 0, 367, 366, 0, 368, 367, 0, 369, 368, 0, 370, 369, 0, 371, 370, 0, 372, 371, 0, 373, 372, 0, 374, 373, 0, 375, 374, 0, 26, 1, 0, 51, 26, 0, 76, 51, 0, 101, 76, 0, 126, 101, 0, 151, 126, 0, 176, 151, 0, 201, 176, 0, 226, 201, 0, 251, 226, 0, 276, 251, 0, 301, 276, 0, 326, 301, 0, 351, 326, 0, 25, 50, 0, 50, 75, 0, 75, 100, 0, 100, 125, 0, 125, 150, 0, 150, 175, 0, 175, 200, 0, 200, 225, 0, 225, 250, 0, 250, 275, 0, 275, 300, 0, 300, 325, 0, 325, 350, 0, 350, 375]
                                rel material:binding = </AecoCctvLooks/Shell_identify>
                                point3f[] points = [(0, 0, 0), (-2.8761597, -1.7556287, -2.2471023), (-2.7495356, -1.8309125, -2.343461), (-2.6059673, -1.9088415, -2.4432058), (-2.4434361, -1.9886547, -2.545362), (-2.2599733, -2.069256, -2.6485271), (-2.0538344, -2.1491578, -2.7507966), (-1.8237385, -2.2264462, -2.8497212), (-1.5691668, -2.2987938, -2.942322), (-1.2906902, -2.36354, -3.0251932), (-0.99026614, -2.4178624, -3.094723), (-0.6714209, -2.4590409, -3.1474288), (-0.33922452, -2.4847813, -3.1803749), (0, -2.4935427, -3.191589), (0.33922452, -2.4847813, -3.1803749), (0.6714209, -2.4590409, -3.1474288), (0.99026614, -2.4178624, -3.094723), (1.2906902, -2.36354, -3.0251932), (1.5691668, -2.2987938, -2.942322), (1.8237385, -2.2264462, -2.8497212), (2.0538344, -2.1491578, -2.7507966), (2.2599733, -2.069256, -2.6485271), (2.4434361, -1.9886547, -2.545362), (2.6059673, -1.9088415, -2.4432058), (2.7495356, -1.8309125, -2.343461), (2.8761597, -1.7556287, -2.2471023), (-2.9506443, -1.5437953, -2.305296), (-2.8272455, -1.613708, -2.4096942), (-2.6863217, -1.6866002, -2.5185416), (-2.525539, -1.7618368, -2.6308897), (-2.34254, -1.8384472, -2.7452893), (-2.1351318, -1.9150529, -2.8596818), (-1.9015564, -1.9898121, -2.9713173), (-1.6408519, -2.0604093, -3.0767376), (-1.3532705, -2.1241186, -3.1718724), (-1.0406859, -2.1779733, -3.2522917), (-0.70687544, -2.2190497, -3.3136296), (-0.35754544, -2.24484, -3.3521414), (0, -2.2536385, -3.36528), (0.35754544, -2.24484, -3.3521414), (0.70687544, -2.2190497, -3.3136296), (1.0406859, -2.1779733, -3.2522917), (1.3532705, -2.1241186, -3.1718724), (1.6408519, -2.0604093, -3.0767376), (1.9015564, -1.9898121, -2.9713173), (2.1351318, -1.9150529, -2.8596818), (2.34254, -1.8384472, -2.7452893), (2.525539, -1.7618368, -2.6308897), (2.6863217, -1.6866002, -2.5185416), (2.8272455, -1.613708, -2.4096942), (2.9506443, -1.5437953, -2.305296), (-3.0184038, -1.3160397, -2.3582354), (-2.8984137, -1.3786073, -2.4703515), (-2.7604504, -1.4442847, -2.58804), (-2.601878, -1.5125763, -2.7104132), (-2.4199548, -1.5826691, -2.8360138), (-2.212023, -1.6533487, -2.9626658), (-1.9758102, -1.7229269, -3.0873442), (-1.7098484, -1.7892066, -3.206112), (-1.4139919, -1.8495233, -3.3141947), (-1.0899523, -1.9008993, -3.4062562), (-0.741709, -1.9403337, -3.4769194), (-0.3756083, -1.9652059, -3.5214884), (0, -1.9737116, -3.5367298), (0.3756083, -1.9652059, -3.5214884), (0.741709, -1.9403337, -3.4769194), (1.0899523, -1.9008993, -3.4062562), (1.4139919, -1.8495233, -3.3141947), (1.7098484, -1.7892066, -3.206112), (1.9758102, -1.7229269, -3.0873442), (2.212023, -1.6533487, -2.9626658), (2.4199548, -1.5826691, -2.8360138), (2.601878, -1.5125763, -2.7104132), (2.7604504, -1.4442847, -2.58804), (2.8984137, -1.3786073, -2.4703515), (3.0184038, -1.3160397, -2.3582354), (-3.0774565, -1.0734295, -2.4043725), (-2.9608183, -1.1266316, -2.5235398), (-2.82589, -1.1828185, -2.6493926), (-2.6697652, -1.2416335, -2.7811322), (-2.4893425, -1.3024395, -2.9173312), (-2.2815158, -1.3642322, -3.0557408), (-2.0434935, -1.425558, -3.1931043), (-1.7732729, -1.4844598, -3.3250382), (-1.4702553, -1.5384933, -3.4460678), (-1.1359215, -1.5848565, -3.5499167), (-0.77439016, -1.6206629, -3.6301196), (-0.39261478, -1.643348, -3.6809316), (0, -1.651124, -3.698349), (0.39261478, -1.643348, -3.6809316), (0.77439016, -1.6206629, -3.6301196), (1.1359215, -1.5848565, -3.5499167), (1.4702553, -1.5384933, -3.4460678), (1.7732729, -1.4844598, -3.3250382), (2.0434935, -1.425558, -3.1931043), (2.2815158, -1.3642322, -3.0557408), (2.4893425, -1.3024395, -2.9173312), (2.6697652, -1.2416335, -2.7811322), (2.82589, -1.1828185, -2.6493926), (2.9608183, -1.1266316, -2.5235398), (3.0774565, -1.0734295, -2.4043725), (-3.1258614, -0.8177351, -2.4421906), (-3.0122433, -0.85964966, -2.56737), (-2.8801346, -0.90414256, -2.7002494), (-2.7264035, -0.9509808, -2.8401332), (-2.5476398, -0.99970573, -2.9856517), (-2.3403387, -1.049554, -3.134525), (-2.10123, -1.0993766, -3.2833214), (-1.827797, -1.1475778, -3.427276), (-1.5189817, -1.1921109, -3.5602756), (-1.175994, -1.2305747, -3.675149), (-0.8030272, -1.2604464, -3.7643616), (-0.4075667, -1.2794485, -3.821112), (0, -1.2859762, -3.840607), (0.4075667, -1.2794485, -3.821112), (0.8030272, -1.2604464, -3.7643616), (1.175994, -1.2305747, -3.675149), (1.5189817, -1.1921109, -3.5602756), (1.827797, -1.1475778, -3.427276), (2.10123, -1.0993766, -3.2833214), (2.3403387, -1.049554, -3.134525), (2.5476398, -0.99970573, -2.9856517), (2.7264035, -0.9509808, -2.8401332), (2.8801346, -0.90414256, -2.7002494), (3.0122433, -0.85964966, -2.56737), (3.1258614, -0.8177351, -2.4421906), (-3.1618693, -0.55143654, -2.470323), (-3.0506608, -0.58040893, -2.6001136), (-2.920851, -0.61128294, -2.7384226), (-2.76914, -0.643925, -2.8846524), (-2.5918813, -0.6780442, -3.0374994), (-2.3852546, -0.7131314, -3.194683), (-2.1456015, -0.7483946, -3.3526552), (-1.8699738, -0.7827055, -3.5063608), (-1.5569103, -0.8145851, -3.649175), (-1.2073616, -0.84226537, -3.773177), (-0.82554364, -0.8638591, -3.8699124), (-0.41935703, -0.8776408, -3.9316514), (0, -0.88238335, -3.952897), (0.41935703, -0.8776408, -3.9316514), (0.82554364, -0.8638591, -3.8699124), (1.2073616, -0.84226537, -3.773177), (1.5569103, -0.8145851, -3.649175), (1.8699738, -0.7827055, -3.5063608), (2.1456015, -0.7483946, -3.3526552), (2.3852546, -0.7131314, -3.194683), (2.5918813, -0.6780442, -3.0374994), (2.76914, -0.643925, -2.8846524), (2.920851, -0.61128294, -2.7384226), (3.0506608, -0.58040893, -2.6001136), (3.1618693, -0.55143654, -2.470323), (-3.1840806, -0.27765512, -2.4876764), (-3.074429, -0.2924655, -2.6203713), (-2.9461255, -0.30828622, -2.7621186), (-2.7957673, -0.3250584, -2.9123905), (-2.6195588, -0.34264234, -3.0699356), (-2.4134781, -0.36078477, -3.232484), (-2.1736126, -0.37908253, -3.3964248), (-1.8967258, -0.3969515, -3.556523), (-1.5810783, -0.41361496, -3.705821), (-1.2274313, -0.4281331, -3.8358977), (-0.839998, -0.43949217, -3.9376702), (-0.42694208, -0.4467575, -4.0027647), (0, -0.44926053, -4.025191), (0.42694208, -0.4467575, -4.0027647), (0.839998, -0.43949217, -3.9376702), (1.2274313, -0.4281331, -3.8358977), (1.5810783, -0.41361496, -3.705821), (1.8967258, -0.3969515, -3.556523), (2.1736126, -0.37908253, -3.3964248), (2.4134781, -0.36078477, -3.232484), (2.6195588, -0.34264234, -3.0699356), (2.7957673, -0.3250584, -2.9123905), (2.9461255, -0.30828622, -2.7621186), (3.074429, -0.2924655, -2.6203713), (3.1840806, -0.27765512, -2.4876764), (-3.191589, 0, -2.4935427), (-3.082476, 0, -2.62723), (-2.9546974, 0, -2.7701552), (-2.8048153, 0, -2.9218159), (-2.6289835, 0, -3.0809805), (-2.423111, 0, -3.245386), (-2.1831963, 0, -3.4113998), (-1.9059016, 0, -3.5737286), (-1.5893879, 0, -3.7252977), (-1.2343469, 0, -3.85751), (-0.8449875, 0, -3.9610596), (-0.4295634, 0, -4.0273404), (0, 0, -4.0501847), (0.4295634, 0, -4.0273404), (0.8449875, 0, -3.9610596), (1.2343469, 0, -3.85751), (1.5893879, 0, -3.7252977), (1.9059016, 0, -3.5737286), (2.1831963, 0, -3.4113998), (2.423111, 0, -3.245386), (2.6289835, 0, -3.0809805), (2.8048153, 0, -2.9218159), (2.9546974, 0, -2.7701552), (3.082476, 0, -2.62723), (3.191589, 0, -2.4935427), (-3.1840806, 0.27765512, -2.4876764), (-3.074429, 0.2924655, -2.6203713), (-2.9461255, 0.30828622, -2.7621186), (-2.7957673, 0.3250584, -2.9123905), (-2.6195588, 0.34264234, -3.0699356), (-2.4134781, 0.36078477, -3.232484), (-2.1736126, 0.37908253, -3.3964248), (-1.8967258, 0.3969515, -3.556523), (-1.5810783, 0.41361496, -3.705821), (-1.2274313, 0.4281331, -3.8358977), (-0.839998, 0.43949217, -3.9376702), (-0.42694208, 0.4467575, -4.0027647), (0, 0.44926053, -4.025191), (0.42694208, 0.4467575, -4.0027647), (0.839998, 0.43949217, -3.9376702), (1.2274313, 0.4281331, -3.8358977), (1.5810783, 0.41361496, -3.705821), (1.8967258, 0.3969515, -3.556523), (2.1736126, 0.37908253, -3.3964248), (2.4134781, 0.36078477, -3.232484), (2.6195588, 0.34264234, -3.0699356), (2.7957673, 0.3250584, -2.9123905), (2.9461255, 0.30828622, -2.7621186), (3.074429, 0.2924655, -2.6203713), (3.1840806, 0.27765512, -2.4876764), (-3.1618693, 0.55143654, -2.470323), (-3.0506608, 0.58040893, -2.6001136), (-2.920851, 0.61128294, -2.7384226), (-2.76914, 0.643925, -2.8846524), (-2.5918813, 0.6780442, -3.0374994), (-2.3852546, 0.7131314, -3.194683), (-2.1456015, 0.7483946, -3.3526552), (-1.8699738, 0.7827055, -3.5063608), (-1.5569103, 0.8145851, -3.649175), (-1.2073616, 0.84226537, -3.773177), (-0.82554364, 0.8638591, -3.8699124), (-0.41935703, 0.8776408, -3.9316514), (0, 0.88238335, -3.952897), (0.41935703, 0.8776408, -3.9316514), (0.82554364, 0.8638591, -3.8699124), (1.2073616, 0.84226537, -3.773177), (1.5569103, 0.8145851, -3.649175), (1.8699738, 0.7827055, -3.5063608), (2.1456015, 0.7483946, -3.3526552), (2.3852546, 0.7131314, -3.194683), (2.5918813, 0.6780442, -3.0374994), (2.76914, 0.643925, -2.8846524), (2.920851, 0.61128294, -2.7384226), (3.0506608, 0.58040893, -2.6001136), (3.1618693, 0.55143654, -2.470323), (-3.1258614, 0.8177351, -2.4421906), (-3.0122433, 0.85964966, -2.56737), (-2.8801346, 0.90414256, -2.7002494), (-2.7264035, 0.9509808, -2.8401332), (-2.5476398, 0.99970573, -2.9856517), (-2.3403387, 1.049554, -3.134525), (-2.10123, 1.0993766, -3.2833214), (-1.827797, 1.1475778, -3.427276), (-1.5189817, 1.1921109, -3.5602756), (-1.175994, 1.2305747, -3.675149), (-0.8030272, 1.2604464, -3.7643616), (-0.4075667, 1.2794485, -3.821112), (0, 1.2859762, -3.840607), (0.4075667, 1.2794485, -3.821112), (0.8030272, 1.2604464, -3.7643616), (1.175994, 1.2305747, -3.675149), (1.5189817, 1.1921109, -3.5602756), (1.827797, 1.1475778, -3.427276), (2.10123, 1.0993766, -3.2833214), (2.3403387, 1.049554, -3.134525), (2.5476398, 0.99970573, -2.9856517), (2.7264035, 0.9509808, -2.8401332), (2.8801346, 0.90414256, -2.7002494), (3.0122433, 0.85964966, -2.56737), (3.1258614, 0.8177351, -2.4421906), (-3.0774565, 1.0734295, -2.4043725), (-2.9608183, 1.1266316, -2.5235398), (-2.82589, 1.1828185, -2.6493926), (-2.6697652, 1.2416335, -2.7811322), (-2.4893425, 1.3024395, -2.9173312), (-2.2815158, 1.3642322, -3.0557408), (-2.0434935, 1.425558, -3.1931043), (-1.7732729, 1.4844598, -3.3250382), (-1.4702553, 1.5384933, -3.4460678), (-1.1359215, 1.5848565, -3.5499167), (-0.77439016, 1.6206629, -3.6301196), (-0.39261478, 1.643348, -3.6809316), (0, 1.651124, -3.698349), (0.39261478, 1.643348, -3.6809316), (0.77439016, 1.6206629, -3.6301196), (1.1359215, 1.5848565, -3.5499167), (1.4702553, 1.5384933, -3.4460678), (1.7732729, 1.4844598, -3.3250382), (2.0434935, 1.425558, -3.1931043), (2.2815158, 1.3642322, -3.0557408), (2.4893425, 1.3024395, -2.9173312), (2.6697652, 1.2416335, -2.7811322), (2.82589, 1.1828185, -2.6493926), (2.9608183, 1.1266316, -2.5235398), (3.0774565, 1.0734295, -2.4043725), (-3.0184038, 1.3160397, -2.3582354), (-2.8984137, 1.3786073, -2.4703515), (-2.7604504, 1.4442847, -2.58804), (-2.601878, 1.5125763, -2.7104132), (-2.4199548, 1.5826691, -2.8360138), (-2.212023, 1.6533487, -2.9626658), (-1.9758102, 1.7229269, -3.0873442), (-1.7098484, 1.7892066, -3.206112), (-1.4139919, 1.8495233, -3.3141947), (-1.0899523, 1.9008993, -3.4062562), (-0.741709, 1.9403337, -3.4769194), (-0.3756083, 1.9652059, -3.5214884), (0, 1.9737116, -3.5367298), (0.3756083, 1.9652059, -3.5214884), (0.741709, 1.9403337, -3.4769194), (1.0899523, 1.9008993, -3.4062562), (1.4139919, 1.8495233, -3.3141947), (1.7098484, 1.7892066, -3.206112), (1.9758102, 1.7229269, -3.0873442), (2.212023, 1.6533487, -2.9626658), (2.4199548, 1.5826691, -2.8360138), (2.601878, 1.5125763, -2.7104132), (2.7604504, 1.4442847, -2.58804), (2.8984137, 1.3786073, -2.4703515), (3.0184038, 1.3160397, -2.3582354), (-2.9506443, 1.5437953, -2.305296), (-2.8272455, 1.613708, -2.4096942), (-2.6863217, 1.6866002, -2.5185416), (-2.525539, 1.7618368, -2.6308897), (-2.34254, 1.8384472, -2.7452893), (-2.1351318, 1.9150529, -2.8596818), (-1.9015564, 1.9898121, -2.9713173), (-1.6408519, 2.0604093, -3.0767376), (-1.3532705, 2.1241186, -3.1718724), (-1.0406859, 2.1779733, -3.2522917), (-0.70687544, 2.2190497, -3.3136296), (-0.35754544, 2.24484, -3.3521414), (0, 2.2536385, -3.36528), (0.35754544, 2.24484, -3.3521414), (0.70687544, 2.2190497, -3.3136296), (1.0406859, 2.1779733, -3.2522917), (1.3532705, 2.1241186, -3.1718724), (1.6408519, 2.0604093, -3.0767376), (1.9015564, 1.9898121, -2.9713173), (2.1351318, 1.9150529, -2.8596818), (2.34254, 1.8384472, -2.7452893), (2.525539, 1.7618368, -2.6308897), (2.6863217, 1.6866002, -2.5185416), (2.8272455, 1.613708, -2.4096942), (2.9506443, 1.5437953, -2.305296), (-2.8761597, 1.7556287, -2.2471023), (-2.7495356, 1.8309125, -2.343461), (-2.6059673, 1.9088415, -2.4432058), (-2.4434361, 1.9886547, -2.545362), (-2.2599733, 2.069256, -2.6485271), (-2.0538344, 2.1491578, -2.7507966), (-1.8237385, 2.2264462, -2.8497212), (-1.5691668, 2.2987938, -2.942322), (-1.2906902, 2.36354, -3.0251932), (-0.99026614, 2.4178624, -3.094723), (-0.6714209, 2.4590409, -3.1474288), (-0.33922452, 2.4847813, -3.1803749), (0, 2.4935427, -3.191589), (0.33922452, 2.4847813, -3.1803749), (0.6714209, 2.4590409, -3.1474288), (0.99026614, 2.4178624, -3.094723), (1.2906902, 2.36354, -3.0251932), (1.5691668, 2.2987938, -2.942322), (1.8237385, 2.2264462, -2.8497212), (2.0538344, 2.1491578, -2.7507966), (2.2599733, 2.069256, -2.6485271), (2.4434361, 1.9886547, -2.545362), (2.6059673, 1.9088415, -2.4432058), (2.7495356, 1.8309125, -2.343461), (2.8761597, 1.7556287, -2.2471023)]
                                color3f[] primvars:displayColor = [(0, 0.5, 0.45)] (
                                    interpolation = "constant"
                                )
                                float[] primvars:displayOpacity = [0.3] (
                                    interpolation = "constant"
                                )
                                uniform token purpose = "guide"
                                uniform token subdivisionScheme = "none"
                            }

                            def Mesh "Shell_recognise" (
                                prepend apiSchemas = ["AecoDerivedGeometryAPI", "MaterialBindingAPI"]
                            )
                            {
                                uniform token aeco:derived:approx = "tessellated"
                                uniform token aeco:derived:role = "coverage"
                                string aeco:derived:source = "b7d974f6-85f7-5316-a41a-243814df5f21"
                                string aeco:derived:stamp = "usdAecoCctv derive 0.5.5"
                                uniform bool doubleSided = 1
                                float3[] extent = [(-6.383178, -4.9870853, -8.100369), (6.383178, 4.9870853, 0)]
                                int[] faceVertexCounts = [4, 4, 4, 4, 4, 4, 4, 4, 4, 4, 4, 4, 4, 4, 4, 4, 4, 4, 4, 4, 4, 4, 4, 4, 4, 4, 4, 4, 4, 4, 4, 4, 4, 4, 4, 4, 4, 4, 4, 4, 4, 4, 4, 4, 4, 4, 4, 4, 4, 4, 4, 4, 4, 4, 4, 4, 4, 4, 4, 4, 4, 4, 4, 4, 4, 4, 4, 4, 4, 4, 4, 4, 4, 4, 4, 4, 4, 4, 4, 4, 4, 4, 4, 4, 4, 4, 4, 4, 4, 4, 4, 4, 4, 4, 4, 4, 4, 4, 4, 4, 4, 4, 4, 4, 4, 4, 4, 4, 4, 4, 4, 4, 4, 4, 4, 4, 4, 4, 4, 4, 4, 4, 4, 4, 4, 4, 4, 4, 4, 4, 4, 4, 4, 4, 4, 4, 4, 4, 4, 4, 4, 4, 4, 4, 4, 4, 4, 4, 4, 4, 4, 4, 4, 4, 4, 4, 4, 4, 4, 4, 4, 4, 4, 4, 4, 4, 4, 4, 4, 4, 4, 4, 4, 4, 4, 4, 4, 4, 4, 4, 4, 4, 4, 4, 4, 4, 4, 4, 4, 4, 4, 4, 4, 4, 4, 4, 4, 4, 4, 4, 4, 4, 4, 4, 4, 4, 4, 4, 4, 4, 4, 4, 4, 4, 4, 4, 4, 4, 4, 4, 4, 4, 4, 4, 4, 4, 4, 4, 4, 4, 4, 4, 4, 4, 4, 4, 4, 4, 4, 4, 4, 4, 4, 4, 4, 4, 4, 4, 4, 4, 4, 4, 4, 4, 4, 4, 4, 4, 4, 4, 4, 4, 4, 4, 4, 4, 4, 4, 4, 4, 4, 4, 4, 4, 4, 4, 4, 4, 4, 4, 4, 4, 4, 4, 4, 4, 4, 4, 4, 4, 4, 4, 4, 4, 4, 4, 4, 4, 4, 4, 4, 4, 4, 4, 4, 4, 4, 4, 4, 4, 4, 4, 4, 4, 4, 4, 4, 4, 4, 4, 4, 4, 4, 4, 4, 4, 4, 4, 4, 4, 4, 4, 4, 4, 4, 4, 3, 3, 3, 3, 3, 3, 3, 3, 3, 3, 3, 3, 3, 3, 3, 3, 3, 3, 3, 3, 3, 3, 3, 3, 3, 3, 3, 3, 3, 3, 3, 3, 3, 3, 3, 3, 3, 3, 3, 3, 3, 3, 3, 3, 3, 3, 3, 3, 3, 3, 3, 3, 3, 3, 3, 3, 3, 3, 3, 3, 3, 3, 3, 3, 3, 3, 3, 3, 3, 3, 3, 3, 3, 3, 3, 3]
                                int[] faceVertexIndices = [1, 26, 27, 2, 2, 27, 28, 3, 3, 28, 29, 4, 4, 29, 30, 5, 5, 30, 31, 6, 6, 31, 32, 7, 7, 32, 33, 8, 8, 33, 34, 9, 9, 34, 35, 10, 10, 35, 36, 11, 11, 36, 37, 12, 12, 37, 38, 13, 13, 38, 39, 14, 14, 39, 40, 15, 15, 40, 41, 16, 16, 41, 42, 17, 17, 42, 43, 18, 18, 43, 44, 19, 19, 44, 45, 20, 20, 45, 46, 21, 21, 46, 47, 22, 22, 47, 48, 23, 23, 48, 49, 24, 24, 49, 50, 25, 26, 51, 52, 27, 27, 52, 53, 28, 28, 53, 54, 29, 29, 54, 55, 30, 30, 55, 56, 31, 31, 56, 57, 32, 32, 57, 58, 33, 33, 58, 59, 34, 34, 59, 60, 35, 35, 60, 61, 36, 36, 61, 62, 37, 37, 62, 63, 38, 38, 63, 64, 39, 39, 64, 65, 40, 40, 65, 66, 41, 41, 66, 67, 42, 42, 67, 68, 43, 43, 68, 69, 44, 44, 69, 70, 45, 45, 70, 71, 46, 46, 71, 72, 47, 47, 72, 73, 48, 48, 73, 74, 49, 49, 74, 75, 50, 51, 76, 77, 52, 52, 77, 78, 53, 53, 78, 79, 54, 54, 79, 80, 55, 55, 80, 81, 56, 56, 81, 82, 57, 57, 82, 83, 58, 58, 83, 84, 59, 59, 84, 85, 60, 60, 85, 86, 61, 61, 86, 87, 62, 62, 87, 88, 63, 63, 88, 89, 64, 64, 89, 90, 65, 65, 90, 91, 66, 66, 91, 92, 67, 67, 92, 93, 68, 68, 93, 94, 69, 69, 94, 95, 70, 70, 95, 96, 71, 71, 96, 97, 72, 72, 97, 98, 73, 73, 98, 99, 74, 74, 99, 100, 75, 76, 101, 102, 77, 77, 102, 103, 78, 78, 103, 104, 79, 79, 104, 105, 80, 80, 105, 106, 81, 81, 106, 107, 82, 82, 107, 108, 83, 83, 108, 109, 84, 84, 109, 110, 85, 85, 110, 111, 86, 86, 111, 112, 87, 87, 112, 113, 88, 88, 113, 114, 89, 89, 114, 115, 90, 90, 115, 116, 91, 91, 116, 117, 92, 92, 117, 118, 93, 93, 118, 119, 94, 94, 119, 120, 95, 95, 120, 121, 96, 96, 121, 122, 97, 97, 122, 123, 98, 98, 123, 124, 99, 99, 124, 125, 100, 101, 126, 127, 102, 102, 127, 128, 103, 103, 128, 129, 104, 104, 129, 130, 105, 105, 130, 131, 106, 106, 131, 132, 107, 107, 132, 133, 108, 108, 133, 134, 109, 109, 134, 135, 110, 110, 135, 136, 111, 111, 136, 137, 112, 112, 137, 138, 113, 113, 138, 139, 114, 114, 139, 140, 115, 115, 140, 141, 116, 116, 141, 142, 117, 117, 142, 143, 118, 118, 143, 144, 119, 119, 144, 145, 120, 120, 145, 146, 121, 121, 146, 147, 122, 122, 147, 148, 123, 123, 148, 149, 124, 124, 149, 150, 125, 126, 151, 152, 127, 127, 152, 153, 128, 128, 153, 154, 129, 129, 154, 155, 130, 130, 155, 156, 131, 131, 156, 157, 132, 132, 157, 158, 133, 133, 158, 159, 134, 134, 159, 160, 135, 135, 160, 161, 136, 136, 161, 162, 137, 137, 162, 163, 138, 138, 163, 164, 139, 139, 164, 165, 140, 140, 165, 166, 141, 141, 166, 167, 142, 142, 167, 168, 143, 143, 168, 169, 144, 144, 169, 170, 145, 145, 170, 171, 146, 146, 171, 172, 147, 147, 172, 173, 148, 148, 173, 174, 149, 149, 174, 175, 150, 151, 176, 177, 152, 152, 177, 178, 153, 153, 178, 179, 154, 154, 179, 180, 155, 155, 180, 181, 156, 156, 181, 182, 157, 157, 182, 183, 158, 158, 183, 184, 159, 159, 184, 185, 160, 160, 185, 186, 161, 161, 186, 187, 162, 162, 187, 188, 163, 163, 188, 189, 164, 164, 189, 190, 165, 165, 190, 191, 166, 166, 191, 192, 167, 167, 192, 193, 168, 168, 193, 194, 169, 169, 194, 195, 170, 170, 195, 196, 171, 171, 196, 197, 172, 172, 197, 198, 173, 173, 198, 199, 174, 174, 199, 200, 175, 176, 201, 202, 177, 177, 202, 203, 178, 178, 203, 204, 179, 179, 204, 205, 180, 180, 205, 206, 181, 181, 206, 207, 182, 182, 207, 208, 183, 183, 208, 209, 184, 184, 209, 210, 185, 185, 210, 211, 186, 186, 211, 212, 187, 187, 212, 213, 188, 188, 213, 214, 189, 189, 214, 215, 190, 190, 215, 216, 191, 191, 216, 217, 192, 192, 217, 218, 193, 193, 218, 219, 194, 194, 219, 220, 195, 195, 220, 221, 196, 196, 221, 222, 197, 197, 222, 223, 198, 198, 223, 224, 199, 199, 224, 225, 200, 201, 226, 227, 202, 202, 227, 228, 203, 203, 228, 229, 204, 204, 229, 230, 205, 205, 230, 231, 206, 206, 231, 232, 207, 207, 232, 233, 208, 208, 233, 234, 209, 209, 234, 235, 210, 210, 235, 236, 211, 211, 236, 237, 212, 212, 237, 238, 213, 213, 238, 239, 214, 214, 239, 240, 215, 215, 240, 241, 216, 216, 241, 242, 217, 217, 242, 243, 218, 218, 243, 244, 219, 219, 244, 245, 220, 220, 245, 246, 221, 221, 246, 247, 222, 222, 247, 248, 223, 223, 248, 249, 224, 224, 249, 250, 225, 226, 251, 252, 227, 227, 252, 253, 228, 228, 253, 254, 229, 229, 254, 255, 230, 230, 255, 256, 231, 231, 256, 257, 232, 232, 257, 258, 233, 233, 258, 259, 234, 234, 259, 260, 235, 235, 260, 261, 236, 236, 261, 262, 237, 237, 262, 263, 238, 238, 263, 264, 239, 239, 264, 265, 240, 240, 265, 266, 241, 241, 266, 267, 242, 242, 267, 268, 243, 243, 268, 269, 244, 244, 269, 270, 245, 245, 270, 271, 246, 246, 271, 272, 247, 247, 272, 273, 248, 248, 273, 274, 249, 249, 274, 275, 250, 251, 276, 277, 252, 252, 277, 278, 253, 253, 278, 279, 254, 254, 279, 280, 255, 255, 280, 281, 256, 256, 281, 282, 257, 257, 282, 283, 258, 258, 283, 284, 259, 259, 284, 285, 260, 260, 285, 286, 261, 261, 286, 287, 262, 262, 287, 288, 263, 263, 288, 289, 264, 264, 289, 290, 265, 265, 290, 291, 266, 266, 291, 292, 267, 267, 292, 293, 268, 268, 293, 294, 269, 269, 294, 295, 270, 270, 295, 296, 271, 271, 296, 297, 272, 272, 297, 298, 273, 273, 298, 299, 274, 274, 299, 300, 275, 276, 301, 302, 277, 277, 302, 303, 278, 278, 303, 304, 279, 279, 304, 305, 280, 280, 305, 306, 281, 281, 306, 307, 282, 282, 307, 308, 283, 283, 308, 309, 284, 284, 309, 310, 285, 285, 310, 311, 286, 286, 311, 312, 287, 287, 312, 313, 288, 288, 313, 314, 289, 289, 314, 315, 290, 290, 315, 316, 291, 291, 316, 317, 292, 292, 317, 318, 293, 293, 318, 319, 294, 294, 319, 320, 295, 295, 320, 321, 296, 296, 321, 322, 297, 297, 322, 323, 298, 298, 323, 324, 299, 299, 324, 325, 300, 301, 326, 327, 302, 302, 327, 328, 303, 303, 328, 329, 304, 304, 329, 330, 305, 305, 330, 331, 306, 306, 331, 332, 307, 307, 332, 333, 308, 308, 333, 334, 309, 309, 334, 335, 310, 310, 335, 336, 311, 311, 336, 337, 312, 312, 337, 338, 313, 313, 338, 339, 314, 314, 339, 340, 315, 315, 340, 341, 316, 316, 341, 342, 317, 317, 342, 343, 318, 318, 343, 344, 319, 319, 344, 345, 320, 320, 345, 346, 321, 321, 346, 347, 322, 322, 347, 348, 323, 323, 348, 349, 324, 324, 349, 350, 325, 326, 351, 352, 327, 327, 352, 353, 328, 328, 353, 354, 329, 329, 354, 355, 330, 330, 355, 356, 331, 331, 356, 357, 332, 332, 357, 358, 333, 333, 358, 359, 334, 334, 359, 360, 335, 335, 360, 361, 336, 336, 361, 362, 337, 337, 362, 363, 338, 338, 363, 364, 339, 339, 364, 365, 340, 340, 365, 366, 341, 341, 366, 367, 342, 342, 367, 368, 343, 343, 368, 369, 344, 344, 369, 370, 345, 345, 370, 371, 346, 346, 371, 372, 347, 347, 372, 373, 348, 348, 373, 374, 349, 349, 374, 375, 350, 0, 1, 2, 0, 2, 3, 0, 3, 4, 0, 4, 5, 0, 5, 6, 0, 6, 7, 0, 7, 8, 0, 8, 9, 0, 9, 10, 0, 10, 11, 0, 11, 12, 0, 12, 13, 0, 13, 14, 0, 14, 15, 0, 15, 16, 0, 16, 17, 0, 17, 18, 0, 18, 19, 0, 19, 20, 0, 20, 21, 0, 21, 22, 0, 22, 23, 0, 23, 24, 0, 24, 25, 0, 352, 351, 0, 353, 352, 0, 354, 353, 0, 355, 354, 0, 356, 355, 0, 357, 356, 0, 358, 357, 0, 359, 358, 0, 360, 359, 0, 361, 360, 0, 362, 361, 0, 363, 362, 0, 364, 363, 0, 365, 364, 0, 366, 365, 0, 367, 366, 0, 368, 367, 0, 369, 368, 0, 370, 369, 0, 371, 370, 0, 372, 371, 0, 373, 372, 0, 374, 373, 0, 375, 374, 0, 26, 1, 0, 51, 26, 0, 76, 51, 0, 101, 76, 0, 126, 101, 0, 151, 126, 0, 176, 151, 0, 201, 176, 0, 226, 201, 0, 251, 226, 0, 276, 251, 0, 301, 276, 0, 326, 301, 0, 351, 326, 0, 25, 50, 0, 50, 75, 0, 75, 100, 0, 100, 125, 0, 125, 150, 0, 150, 175, 0, 175, 200, 0, 200, 225, 0, 225, 250, 0, 250, 275, 0, 275, 300, 0, 300, 325, 0, 325, 350, 0, 350, 375]
                                rel material:binding = </AecoCctvLooks/Shell_recognise>
                                point3f[] points = [(0, 0, 0), (-5.7523193, -3.5112574, -4.4942045), (-5.499071, -3.661825, -4.686922), (-5.2119346, -3.817683, -4.8864117), (-4.8868723, -3.9773095, -5.090724), (-4.5199466, -4.138512, -5.2970543), (-4.107669, -4.2983155, -5.501593), (-3.647477, -4.4528923, -5.6994424), (-3.1383336, -4.5975876, -5.884644), (-2.5813804, -4.72708, -6.0503864), (-1.9805323, -4.835725, -6.189446), (-1.3428417, -4.9180818, -6.2948575), (-0.67844903, -4.9695625, -6.3607497), (0, -4.9870853, -6.383178), (0.67844903, -4.9695625, -6.3607497), (1.3428417, -4.9180818, -6.2948575), (1.9805323, -4.835725, -6.189446), (2.5813804, -4.72708, -6.0503864), (3.1383336, -4.5975876, -5.884644), (3.647477, -4.4528923, -5.6994424), (4.107669, -4.2983155, -5.501593), (4.5199466, -4.138512, -5.2970543), (4.8868723, -3.9773095, -5.090724), (5.2119346, -3.817683, -4.8864117), (5.499071, -3.661825, -4.686922), (5.7523193, -3.5112574, -4.4942045), (-5.9012885, -3.0875907, -4.610592), (-5.654491, -3.227416, -4.8193884), (-5.3726435, -3.3732004, -5.037083), (-5.051078, -3.5236735, -5.2617793), (-4.68508, -3.6768944, -5.4905787), (-4.2702637, -3.8301058, -5.7193637), (-3.8031127, -3.9796243, -5.9426346), (-3.2817037, -4.1208186, -6.1534753), (-2.706541, -4.248237, -6.3437448), (-2.0813718, -4.3559465, -6.5045834), (-1.4137509, -4.4380994, -6.6272593), (-0.7150909, -4.48968, -6.7042828), (0, -4.507277, -6.73056), (0.7150909, -4.48968, -6.7042828), (1.4137509, -4.4380994, -6.6272593), (2.0813718, -4.3559465, -6.5045834), (2.706541, -4.248237, -6.3437448), (3.2817037, -4.1208186, -6.1534753), (3.8031127, -3.9796243, -5.9426346), (4.2702637, -3.8301058, -5.7193637), (4.68508, -3.6768944, -5.4905787), (5.051078, -3.5236735, -5.2617793), (5.3726435, -3.3732004, -5.037083), (5.654491, -3.227416, -4.8193884), (5.9012885, -3.0875907, -4.610592), (-6.0368075, -2.6320794, -4.7164707), (-5.7968273, -2.7572145, -4.940703), (-5.5209007, -2.8885694, -5.17608), (-5.203756, -3.0251527, -5.4208264), (-4.8399096, -3.1653383, -5.6720276), (-4.424046, -3.3066974, -5.9253316), (-3.9516203, -3.4458537, -6.1746883), (-3.4196968, -3.5784132, -6.412224), (-2.8279839, -3.6990466, -6.6283894), (-2.1799047, -3.8017986, -6.8125124), (-1.483418, -3.8806674, -6.953839), (-0.7512166, -3.9304118, -7.042977), (0, -3.9474232, -7.0734596), (0.7512166, -3.9304118, -7.042977), (1.483418, -3.8806674, -6.953839), (2.1799047, -3.8017986, -6.8125124), (2.8279839, -3.6990466, -6.6283894), (3.4196968, -3.5784132, -6.412224), (3.9516203, -3.4458537, -6.1746883), (4.424046, -3.3066974, -5.9253316), (4.8399096, -3.1653383, -5.6720276), (5.203756, -3.0251527, -5.4208264), (5.5209007, -2.8885694, -5.17608), (5.7968273, -2.7572145, -4.940703), (6.0368075, -2.6320794, -4.7164707), (-6.154913, -2.146859, -4.808745), (-5.9216366, -2.2532632, -5.0470796), (-5.65178, -2.365637, -5.298785), (-5.3395305, -2.483267, -5.5622644), (-4.978685, -2.604879, -5.8346624), (-4.5630317, -2.7284644, -6.1114817), (-4.086987, -2.851116, -6.3862085), (-3.5465457, -2.9689195, -6.6500764), (-2.9405105, -3.0769866, -6.8921356), (-2.271843, -3.169713, -7.0998335), (-1.5487803, -3.2413259, -7.260239), (-0.78522956, -3.286696, -7.361863), (0, -3.302248, -7.396698), (0.78522956, -3.286696, -7.361863), (1.5487803, -3.2413259, -7.260239), (2.271843, -3.169713, -7.0998335), (2.9405105, -3.0769866, -6.8921356), (3.5465457, -2.9689195, -6.6500764), (4.086987, -2.851116, -6.3862085), (4.5630317, -2.7284644, -6.1114817), (4.978685, -2.604879, -5.8346624), (5.3395305, -2.483267, -5.5622644), (5.65178, -2.365637, -5.298785), (5.9216366, -2.2532632, -5.0470796), (6.154913, -2.146859, -4.808745), (-6.251723, -1.6354702, -4.8843813), (-6.0244865, -1.7192993, -5.13474), (-5.760269, -1.8082851, -5.400499), (-5.452807, -1.9019616, -5.6802664), (-5.0952797, -1.9994115, -5.9713035), (-4.6806774, -2.099108, -6.26905), (-4.20246, -2.198753, -6.5666428), (-3.655594, -2.2951555, -6.854552), (-3.0379634, -2.3842218, -7.120551), (-2.351988, -2.4611495, -7.350298), (-1.6060544, -2.5208929, -7.5287232), (-0.8151334, -2.558897, -7.642224), (0, -2.5719523, -7.681214), (0.8151334, -2.558897, -7.642224), (1.6060544, -2.5208929, -7.5287232), (2.351988, -2.4611495, -7.350298), (3.0379634, -2.3842218, -7.120551), (3.655594, -2.2951555, -6.854552), (4.20246, -2.198753, -6.5666428), (4.6806774, -2.099108, -6.26905), (5.0952797, -1.9994115, -5.9713035), (5.452807, -1.9019616, -5.6802664), (5.760269, -1.8082851, -5.400499), (6.0244865, -1.7192993, -5.13474), (6.251723, -1.6354702, -4.8843813), (-6.3237386, -1.1028731, -4.940646), (-6.1013217, -1.1608179, -5.2002273), (-5.841702, -1.2225659, -5.4768453), (-5.53828, -1.28785, -5.7693048), (-5.1837626, -1.3560884, -6.074999), (-4.7705092, -1.4262629, -6.389366), (-4.291203, -1.4967892, -6.7053103), (-3.7399476, -1.565411, -7.0127215), (-3.1138206, -1.6291702, -7.29835), (-2.4147232, -1.6845307, -7.546354), (-1.6510873, -1.7277182, -7.739825), (-0.83871406, -1.7552816, -7.8633027), (0, -1.7647667, -7.905794), (0.83871406, -1.7552816, -7.8633027), (1.6510873, -1.7277182, -7.739825), (2.4147232, -1.6845307, -7.546354), (3.1138206, -1.6291702, -7.29835), (3.7399476, -1.565411, -7.0127215), (4.291203, -1.4967892, -6.7053103), (4.7705092, -1.4262629, -6.389366), (5.1837626, -1.3560884, -6.074999), (5.53828, -1.28785, -5.7693048), (5.841702, -1.2225659, -5.4768453), (6.1013217, -1.1608179, -5.2002273), (6.3237386, -1.1028731, -4.940646), (-6.368161, -0.55531025, -4.975353), (-6.148858, -0.584931, -5.2407427), (-5.892251, -0.61657244, -5.524237), (-5.5915346, -0.6501168, -5.824781), (-5.2391176, -0.6852847, -6.139871), (-4.8269563, -0.72156954, -6.464968), (-4.347225, -0.75816506, -6.7928495), (-3.7934515, -0.793903, -7.113046), (-3.1621566, -0.8272299, -7.411642), (-2.4548626, -0.8562662, -7.6717954), (-1.679996, -0.87898433, -7.8753405), (-0.85388416, -0.893515, -8.005529), (0, -0.89852107, -8.050382), (0.85388416, -0.893515, -8.005529), (1.679996, -0.87898433, -7.8753405), (2.4548626, -0.8562662, -7.6717954), (3.1621566, -0.8272299, -7.411642), (3.7934515, -0.793903, -7.113046), (4.347225, -0.75816506, -6.7928495), (4.8269563, -0.72156954, -6.464968), (5.2391176, -0.6852847, -6.139871), (5.5915346, -0.6501168, -5.824781), (5.892251, -0.61657244, -5.524237), (6.148858, -0.584931, -5.2407427), (6.368161, -0.55531025, -4.975353), (-6.383178, 0, -4.9870853), (-6.164952, 0, -5.25446), (-5.9093947, 0, -5.5403104), (-5.6096306, 0, -5.8436317), (-5.257967, 0, -6.161961), (-4.846222, 0, -6.490772), (-4.3663926, 0, -6.8227997), (-3.811803, 0, -7.147457), (-3.1787758, 0, -7.4505954), (-2.4686937, 0, -7.71502), (-1.689975, 0, -7.922119), (-0.8591268, 0, -8.054681), (0, 0, -8.100369), (0.8591268, 0, -8.054681), (1.689975, 0, -7.922119), (2.4686937, 0, -7.71502), (3.1787758, 0, -7.4505954), (3.811803, 0, -7.147457), (4.3663926, 0, -6.8227997), (4.846222, 0, -6.490772), (5.257967, 0, -6.161961), (5.6096306, 0, -5.8436317), (5.9093947, 0, -5.5403104), (6.164952, 0, -5.25446), (6.383178, 0, -4.9870853), (-6.368161, 0.55531025, -4.975353), (-6.148858, 0.584931, -5.2407427), (-5.892251, 0.61657244, -5.524237), (-5.5915346, 0.6501168, -5.824781), (-5.2391176, 0.6852847, -6.139871), (-4.8269563, 0.72156954, -6.464968), (-4.347225, 0.75816506, -6.7928495), (-3.7934515, 0.793903, -7.113046), (-3.1621566, 0.8272299, -7.411642), (-2.4548626, 0.8562662, -7.6717954), (-1.679996, 0.87898433, -7.8753405), (-0.85388416, 0.893515, -8.005529), (0, 0.89852107, -8.050382), (0.85388416, 0.893515, -8.005529), (1.679996, 0.87898433, -7.8753405), (2.4548626, 0.8562662, -7.6717954), (3.1621566, 0.8272299, -7.411642), (3.7934515, 0.793903, -7.113046), (4.347225, 0.75816506, -6.7928495), (4.8269563, 0.72156954, -6.464968), (5.2391176, 0.6852847, -6.139871), (5.5915346, 0.6501168, -5.824781), (5.892251, 0.61657244, -5.524237), (6.148858, 0.584931, -5.2407427), (6.368161, 0.55531025, -4.975353), (-6.3237386, 1.1028731, -4.940646), (-6.1013217, 1.1608179, -5.2002273), (-5.841702, 1.2225659, -5.4768453), (-5.53828, 1.28785, -5.7693048), (-5.1837626, 1.3560884, -6.074999), (-4.7705092, 1.4262629, -6.389366), (-4.291203, 1.4967892, -6.7053103), (-3.7399476, 1.565411, -7.0127215), (-3.1138206, 1.6291702, -7.29835), (-2.4147232, 1.6845307, -7.546354), (-1.6510873, 1.7277182, -7.739825), (-0.83871406, 1.7552816, -7.8633027), (0, 1.7647667, -7.905794), (0.83871406, 1.7552816, -7.8633027), (1.6510873, 1.7277182, -7.739825), (2.4147232, 1.6845307, -7.546354), (3.1138206, 1.6291702, -7.29835), (3.7399476, 1.565411, -7.0127215), (4.291203, 1.4967892, -6.7053103), (4.7705092, 1.4262629, -6.389366), (5.1837626, 1.3560884, -6.074999), (5.53828, 1.28785, -5.7693048), (5.841702, 1.2225659, -5.4768453), (6.1013217, 1.1608179, -5.2002273), (6.3237386, 1.1028731, -4.940646), (-6.251723, 1.6354702, -4.8843813), (-6.0244865, 1.7192993, -5.13474), (-5.760269, 1.8082851, -5.400499), (-5.452807, 1.9019616, -5.6802664), (-5.0952797, 1.9994115, -5.9713035), (-4.6806774, 2.099108, -6.26905), (-4.20246, 2.198753, -6.5666428), (-3.655594, 2.2951555, -6.854552), (-3.0379634, 2.3842218, -7.120551), (-2.351988, 2.4611495, -7.350298), (-1.6060544, 2.5208929, -7.5287232), (-0.8151334, 2.558897, -7.642224), (0, 2.5719523, -7.681214), (0.8151334, 2.558897, -7.642224), (1.6060544, 2.5208929, -7.5287232), (2.351988, 2.4611495, -7.350298), (3.0379634, 2.3842218, -7.120551), (3.655594, 2.2951555, -6.854552), (4.20246, 2.198753, -6.5666428), (4.6806774, 2.099108, -6.26905), (5.0952797, 1.9994115, -5.9713035), (5.452807, 1.9019616, -5.6802664), (5.760269, 1.8082851, -5.400499), (6.0244865, 1.7192993, -5.13474), (6.251723, 1.6354702, -4.8843813), (-6.154913, 2.146859, -4.808745), (-5.9216366, 2.2532632, -5.0470796), (-5.65178, 2.365637, -5.298785), (-5.3395305, 2.483267, -5.5622644), (-4.978685, 2.604879, -5.8346624), (-4.5630317, 2.7284644, -6.1114817), (-4.086987, 2.851116, -6.3862085), (-3.5465457, 2.9689195, -6.6500764), (-2.9405105, 3.0769866, -6.8921356), (-2.271843, 3.169713, -7.0998335), (-1.5487803, 3.2413259, -7.260239), (-0.78522956, 3.286696, -7.361863), (0, 3.302248, -7.396698), (0.78522956, 3.286696, -7.361863), (1.5487803, 3.2413259, -7.260239), (2.271843, 3.169713, -7.0998335), (2.9405105, 3.0769866, -6.8921356), (3.5465457, 2.9689195, -6.6500764), (4.086987, 2.851116, -6.3862085), (4.5630317, 2.7284644, -6.1114817), (4.978685, 2.604879, -5.8346624), (5.3395305, 2.483267, -5.5622644), (5.65178, 2.365637, -5.298785), (5.9216366, 2.2532632, -5.0470796), (6.154913, 2.146859, -4.808745), (-6.0368075, 2.6320794, -4.7164707), (-5.7968273, 2.7572145, -4.940703), (-5.5209007, 2.8885694, -5.17608), (-5.203756, 3.0251527, -5.4208264), (-4.8399096, 3.1653383, -5.6720276), (-4.424046, 3.3066974, -5.9253316), (-3.9516203, 3.4458537, -6.1746883), (-3.4196968, 3.5784132, -6.412224), (-2.8279839, 3.6990466, -6.6283894), (-2.1799047, 3.8017986, -6.8125124), (-1.483418, 3.8806674, -6.953839), (-0.7512166, 3.9304118, -7.042977), (0, 3.9474232, -7.0734596), (0.7512166, 3.9304118, -7.042977), (1.483418, 3.8806674, -6.953839), (2.1799047, 3.8017986, -6.8125124), (2.8279839, 3.6990466, -6.6283894), (3.4196968, 3.5784132, -6.412224), (3.9516203, 3.4458537, -6.1746883), (4.424046, 3.3066974, -5.9253316), (4.8399096, 3.1653383, -5.6720276), (5.203756, 3.0251527, -5.4208264), (5.5209007, 2.8885694, -5.17608), (5.7968273, 2.7572145, -4.940703), (6.0368075, 2.6320794, -4.7164707), (-5.9012885, 3.0875907, -4.610592), (-5.654491, 3.227416, -4.8193884), (-5.3726435, 3.3732004, -5.037083), (-5.051078, 3.5236735, -5.2617793), (-4.68508, 3.6768944, -5.4905787), (-4.2702637, 3.8301058, -5.7193637), (-3.8031127, 3.9796243, -5.9426346), (-3.2817037, 4.1208186, -6.1534753), (-2.706541, 4.248237, -6.3437448), (-2.0813718, 4.3559465, -6.5045834), (-1.4137509, 4.4380994, -6.6272593), (-0.7150909, 4.48968, -6.7042828), (0, 4.507277, -6.73056), (0.7150909, 4.48968, -6.7042828), (1.4137509, 4.4380994, -6.6272593), (2.0813718, 4.3559465, -6.5045834), (2.706541, 4.248237, -6.3437448), (3.2817037, 4.1208186, -6.1534753), (3.8031127, 3.9796243, -5.9426346), (4.2702637, 3.8301058, -5.7193637), (4.68508, 3.6768944, -5.4905787), (5.051078, 3.5236735, -5.2617793), (5.3726435, 3.3732004, -5.037083), (5.654491, 3.227416, -4.8193884), (5.9012885, 3.0875907, -4.610592), (-5.7523193, 3.5112574, -4.4942045), (-5.499071, 3.661825, -4.686922), (-5.2119346, 3.817683, -4.8864117), (-4.8868723, 3.9773095, -5.090724), (-4.5199466, 4.138512, -5.2970543), (-4.107669, 4.2983155, -5.501593), (-3.647477, 4.4528923, -5.6994424), (-3.1383336, 4.5975876, -5.884644), (-2.5813804, 4.72708, -6.0503864), (-1.9805323, 4.835725, -6.189446), (-1.3428417, 4.9180818, -6.2948575), (-0.67844903, 4.9695625, -6.3607497), (0, 4.9870853, -6.383178), (0.67844903, 4.9695625, -6.3607497), (1.3428417, 4.9180818, -6.2948575), (1.9805323, 4.835725, -6.189446), (2.5813804, 4.72708, -6.0503864), (3.1383336, 4.5975876, -5.884644), (3.647477, 4.4528923, -5.6994424), (4.107669, 4.2983155, -5.501593), (4.5199466, 4.138512, -5.2970543), (4.8868723, 3.9773095, -5.090724), (5.2119346, 3.817683, -4.8864117), (5.499071, 3.661825, -4.686922), (5.7523193, 3.5112574, -4.4942045)]
                                color3f[] primvars:displayColor = [(0.18333334, 0.6166667, 0.56666666)] (
                                    interpolation = "constant"
                                )
                                float[] primvars:displayOpacity = [0.3] (
                                    interpolation = "constant"
                                )
                                uniform token purpose = "guide"
                                uniform token subdivisionScheme = "none"
                            }
                        }
                    }

                    over "Cam_3"
                    {
                        double aeco:cctv:mountHeight = 3.2199999999999998

                        over "Sensor_0"
                        {
                            double aeco:cctvSensor:effectiveWidth = 7.679649793158473
                            double aeco:cctvSensor:hfov = 104
                            double aeco:cctvSensor:targetRange = 8.100369375621646
                            double aeco:cctvSensor:vfov = 76.00000000000001
                            float2 clippingRange = (0.05, 14)
                            float focalLength = 3
                            float horizontalAperture = 7.67965
                            float verticalAperture = 4.6877136
                            matrix4d xformOp:transform = ( (2.220446049250313e-16, -1, 0, 0), (0.6427876096865396, 1.427275208435529e-16, 0.766044443118978, 0), (-0.766044443118978, -1.700960357273691e-16, 0.6427876096865396, 0), (0, 0, -0.08, 1) )
                            uniform token[] xformOpOrder = ["xformOp:transform"]

                            def Mesh "Sector" (
                                prepend apiSchemas = ["AecoDerivedGeometryAPI", "MaterialBindingAPI"]
                            )
                            {
                                uniform token aeco:derived:approx = "tessellated"
                                uniform token aeco:derived:role = "sector"
                                string aeco:derived:source = "bebc051c-f40b-582f-b8a5-f603d7376f5a"
                                string aeco:derived:stamp = "usdAecoCctv derive 0.5.5"
                                uniform bool doubleSided = 1
                                float3[] extent = [(-11.03215, -8.619261, -14), (11.03215, 8.619261, 0)]
                                int[] faceVertexCounts = [4, 4, 4, 4, 4, 4, 4, 4, 4, 4, 4, 4, 4, 4, 4, 4, 4, 4, 4, 4, 4, 4, 4, 4, 4, 4, 4, 4, 4, 4, 4, 4, 4, 4, 4, 4, 4, 4, 4, 4, 4, 4, 4, 4, 4, 4, 4, 4, 4, 4, 4, 4, 4, 4, 4, 4, 4, 4, 4, 4, 4, 4, 4, 4, 4, 4, 4, 4, 4, 4, 4, 4, 4, 4, 4, 4, 4, 4, 4, 4, 4, 4, 4, 4, 4, 4, 4, 4, 4, 4, 4, 4, 4, 4, 4, 4, 4, 4, 4, 4, 4, 4, 4, 4, 4, 4, 4, 4, 4, 4, 4, 4, 4, 4, 4, 4, 4, 4, 4, 4, 4, 4, 4, 4, 4, 4, 4, 4, 4, 4, 4, 4, 4, 4, 4, 4, 4, 4, 4, 4, 4, 4, 4, 4, 4, 4, 4, 4, 4, 4, 4, 4, 4, 4, 4, 4, 4, 4, 4, 4, 4, 4, 4, 4, 4, 4, 4, 4, 4, 4, 4, 4, 4, 4, 4, 4, 4, 4, 4, 4, 4, 4, 4, 4, 4, 4, 4, 4, 4, 4, 4, 4, 4, 4, 4, 4, 4, 4, 4, 4, 4, 4, 4, 4, 4, 4, 4, 4, 4, 4, 4, 4, 4, 4, 4, 4, 4, 4, 4, 4, 4, 4, 4, 4, 4, 4, 4, 4, 4, 4, 4, 4, 4, 4, 4, 4, 4, 4, 4, 4, 4, 4, 4, 4, 4, 4, 4, 4, 4, 4, 4, 4, 4, 4, 4, 4, 4, 4, 4, 4, 4, 4, 4, 4, 4, 4, 4, 4, 4, 4, 4, 4, 4, 4, 4, 4, 4, 4, 4, 4, 4, 4, 4, 4, 4, 4, 4, 4, 4, 4, 4, 4, 4, 4, 4, 4, 4, 4, 4, 4, 4, 4, 4, 4, 4, 4, 4, 4, 4, 4, 4, 4, 4, 4, 4, 4, 4, 4, 4, 4, 4, 4, 4, 4, 4, 4, 4, 4, 4, 4, 4, 4, 4, 4, 4, 4, 3, 3, 3, 3, 3, 3, 3, 3, 3, 3, 3, 3, 3, 3, 3, 3, 3, 3, 3, 3, 3, 3, 3, 3, 3, 3, 3, 3, 3, 3, 3, 3, 3, 3, 3, 3, 3, 3, 3, 3, 3, 3, 3, 3, 3, 3, 3, 3, 3, 3, 3, 3, 3, 3, 3, 3, 3, 3, 3, 3, 3, 3, 3, 3, 3, 3, 3, 3, 3, 3, 3, 3, 3, 3, 3, 3]
                                int[] faceVertexIndices = [1, 26, 27, 2, 2, 27, 28, 3, 3, 28, 29, 4, 4, 29, 30, 5, 5, 30, 31, 6, 6, 31, 32, 7, 7, 32, 33, 8, 8, 33, 34, 9, 9, 34, 35, 10, 10, 35, 36, 11, 11, 36, 37, 12, 12, 37, 38, 13, 13, 38, 39, 14, 14, 39, 40, 15, 15, 40, 41, 16, 16, 41, 42, 17, 17, 42, 43, 18, 18, 43, 44, 19, 19, 44, 45, 20, 20, 45, 46, 21, 21, 46, 47, 22, 22, 47, 48, 23, 23, 48, 49, 24, 24, 49, 50, 25, 26, 51, 52, 27, 27, 52, 53, 28, 28, 53, 54, 29, 29, 54, 55, 30, 30, 55, 56, 31, 31, 56, 57, 32, 32, 57, 58, 33, 33, 58, 59, 34, 34, 59, 60, 35, 35, 60, 61, 36, 36, 61, 62, 37, 37, 62, 63, 38, 38, 63, 64, 39, 39, 64, 65, 40, 40, 65, 66, 41, 41, 66, 67, 42, 42, 67, 68, 43, 43, 68, 69, 44, 44, 69, 70, 45, 45, 70, 71, 46, 46, 71, 72, 47, 47, 72, 73, 48, 48, 73, 74, 49, 49, 74, 75, 50, 51, 76, 77, 52, 52, 77, 78, 53, 53, 78, 79, 54, 54, 79, 80, 55, 55, 80, 81, 56, 56, 81, 82, 57, 57, 82, 83, 58, 58, 83, 84, 59, 59, 84, 85, 60, 60, 85, 86, 61, 61, 86, 87, 62, 62, 87, 88, 63, 63, 88, 89, 64, 64, 89, 90, 65, 65, 90, 91, 66, 66, 91, 92, 67, 67, 92, 93, 68, 68, 93, 94, 69, 69, 94, 95, 70, 70, 95, 96, 71, 71, 96, 97, 72, 72, 97, 98, 73, 73, 98, 99, 74, 74, 99, 100, 75, 76, 101, 102, 77, 77, 102, 103, 78, 78, 103, 104, 79, 79, 104, 105, 80, 80, 105, 106, 81, 81, 106, 107, 82, 82, 107, 108, 83, 83, 108, 109, 84, 84, 109, 110, 85, 85, 110, 111, 86, 86, 111, 112, 87, 87, 112, 113, 88, 88, 113, 114, 89, 89, 114, 115, 90, 90, 115, 116, 91, 91, 116, 117, 92, 92, 117, 118, 93, 93, 118, 119, 94, 94, 119, 120, 95, 95, 120, 121, 96, 96, 121, 122, 97, 97, 122, 123, 98, 98, 123, 124, 99, 99, 124, 125, 100, 101, 126, 127, 102, 102, 127, 128, 103, 103, 128, 129, 104, 104, 129, 130, 105, 105, 130, 131, 106, 106, 131, 132, 107, 107, 132, 133, 108, 108, 133, 134, 109, 109, 134, 135, 110, 110, 135, 136, 111, 111, 136, 137, 112, 112, 137, 138, 113, 113, 138, 139, 114, 114, 139, 140, 115, 115, 140, 141, 116, 116, 141, 142, 117, 117, 142, 143, 118, 118, 143, 144, 119, 119, 144, 145, 120, 120, 145, 146, 121, 121, 146, 147, 122, 122, 147, 148, 123, 123, 148, 149, 124, 124, 149, 150, 125, 126, 151, 152, 127, 127, 152, 153, 128, 128, 153, 154, 129, 129, 154, 155, 130, 130, 155, 156, 131, 131, 156, 157, 132, 132, 157, 158, 133, 133, 158, 159, 134, 134, 159, 160, 135, 135, 160, 161, 136, 136, 161, 162, 137, 137, 162, 163, 138, 138, 163, 164, 139, 139, 164, 165, 140, 140, 165, 166, 141, 141, 166, 167, 142, 142, 167, 168, 143, 143, 168, 169, 144, 144, 169, 170, 145, 145, 170, 171, 146, 146, 171, 172, 147, 147, 172, 173, 148, 148, 173, 174, 149, 149, 174, 175, 150, 151, 176, 177, 152, 152, 177, 178, 153, 153, 178, 179, 154, 154, 179, 180, 155, 155, 180, 181, 156, 156, 181, 182, 157, 157, 182, 183, 158, 158, 183, 184, 159, 159, 184, 185, 160, 160, 185, 186, 161, 161, 186, 187, 162, 162, 187, 188, 163, 163, 188, 189, 164, 164, 189, 190, 165, 165, 190, 191, 166, 166, 191, 192, 167, 167, 192, 193, 168, 168, 193, 194, 169, 169, 194, 195, 170, 170, 195, 196, 171, 171, 196, 197, 172, 172, 197, 198, 173, 173, 198, 199, 174, 174, 199, 200, 175, 176, 201, 202, 177, 177, 202, 203, 178, 178, 203, 204, 179, 179, 204, 205, 180, 180, 205, 206, 181, 181, 206, 207, 182, 182, 207, 208, 183, 183, 208, 209, 184, 184, 209, 210, 185, 185, 210, 211, 186, 186, 211, 212, 187, 187, 212, 213, 188, 188, 213, 214, 189, 189, 214, 215, 190, 190, 215, 216, 191, 191, 216, 217, 192, 192, 217, 218, 193, 193, 218, 219, 194, 194, 219, 220, 195, 195, 220, 221, 196, 196, 221, 222, 197, 197, 222, 223, 198, 198, 223, 224, 199, 199, 224, 225, 200, 201, 226, 227, 202, 202, 227, 228, 203, 203, 228, 229, 204, 204, 229, 230, 205, 205, 230, 231, 206, 206, 231, 232, 207, 207, 232, 233, 208, 208, 233, 234, 209, 209, 234, 235, 210, 210, 235, 236, 211, 211, 236, 237, 212, 212, 237, 238, 213, 213, 238, 239, 214, 214, 239, 240, 215, 215, 240, 241, 216, 216, 241, 242, 217, 217, 242, 243, 218, 218, 243, 244, 219, 219, 244, 245, 220, 220, 245, 246, 221, 221, 246, 247, 222, 222, 247, 248, 223, 223, 248, 249, 224, 224, 249, 250, 225, 226, 251, 252, 227, 227, 252, 253, 228, 228, 253, 254, 229, 229, 254, 255, 230, 230, 255, 256, 231, 231, 256, 257, 232, 232, 257, 258, 233, 233, 258, 259, 234, 234, 259, 260, 235, 235, 260, 261, 236, 236, 261, 262, 237, 237, 262, 263, 238, 238, 263, 264, 239, 239, 264, 265, 240, 240, 265, 266, 241, 241, 266, 267, 242, 242, 267, 268, 243, 243, 268, 269, 244, 244, 269, 270, 245, 245, 270, 271, 246, 246, 271, 272, 247, 247, 272, 273, 248, 248, 273, 274, 249, 249, 274, 275, 250, 251, 276, 277, 252, 252, 277, 278, 253, 253, 278, 279, 254, 254, 279, 280, 255, 255, 280, 281, 256, 256, 281, 282, 257, 257, 282, 283, 258, 258, 283, 284, 259, 259, 284, 285, 260, 260, 285, 286, 261, 261, 286, 287, 262, 262, 287, 288, 263, 263, 288, 289, 264, 264, 289, 290, 265, 265, 290, 291, 266, 266, 291, 292, 267, 267, 292, 293, 268, 268, 293, 294, 269, 269, 294, 295, 270, 270, 295, 296, 271, 271, 296, 297, 272, 272, 297, 298, 273, 273, 298, 299, 274, 274, 299, 300, 275, 276, 301, 302, 277, 277, 302, 303, 278, 278, 303, 304, 279, 279, 304, 305, 280, 280, 305, 306, 281, 281, 306, 307, 282, 282, 307, 308, 283, 283, 308, 309, 284, 284, 309, 310, 285, 285, 310, 311, 286, 286, 311, 312, 287, 287, 312, 313, 288, 288, 313, 314, 289, 289, 314, 315, 290, 290, 315, 316, 291, 291, 316, 317, 292, 292, 317, 318, 293, 293, 318, 319, 294, 294, 319, 320, 295, 295, 320, 321, 296, 296, 321, 322, 297, 297, 322, 323, 298, 298, 323, 324, 299, 299, 324, 325, 300, 301, 326, 327, 302, 302, 327, 328, 303, 303, 328, 329, 304, 304, 329, 330, 305, 305, 330, 331, 306, 306, 331, 332, 307, 307, 332, 333, 308, 308, 333, 334, 309, 309, 334, 335, 310, 310, 335, 336, 311, 311, 336, 337, 312, 312, 337, 338, 313, 313, 338, 339, 314, 314, 339, 340, 315, 315, 340, 341, 316, 316, 341, 342, 317, 317, 342, 343, 318, 318, 343, 344, 319, 319, 344, 345, 320, 320, 345, 346, 321, 321, 346, 347, 322, 322, 347, 348, 323, 323, 348, 349, 324, 324, 349, 350, 325, 326, 351, 352, 327, 327, 352, 353, 328, 328, 353, 354, 329, 329, 354, 355, 330, 330, 355, 356, 331, 331, 356, 357, 332, 332, 357, 358, 333, 333, 358, 359, 334, 334, 359, 360, 335, 335, 360, 361, 336, 336, 361, 362, 337, 337, 362, 363, 338, 338, 363, 364, 339, 339, 364, 365, 340, 340, 365, 366, 341, 341, 366, 367, 342, 342, 367, 368, 343, 343, 368, 369, 344, 344, 369, 370, 345, 345, 370, 371, 346, 346, 371, 372, 347, 347, 372, 373, 348, 348, 373, 374, 349, 349, 374, 375, 350, 0, 1, 2, 0, 2, 3, 0, 3, 4, 0, 4, 5, 0, 5, 6, 0, 6, 7, 0, 7, 8, 0, 8, 9, 0, 9, 10, 0, 10, 11, 0, 11, 12, 0, 12, 13, 0, 13, 14, 0, 14, 15, 0, 15, 16, 0, 16, 17, 0, 17, 18, 0, 18, 19, 0, 19, 20, 0, 20, 21, 0, 21, 22, 0, 22, 23, 0, 23, 24, 0, 24, 25, 0, 352, 351, 0, 353, 352, 0, 354, 353, 0, 355, 354, 0, 356, 355, 0, 357, 356, 0, 358, 357, 0, 359, 358, 0, 360, 359, 0, 361, 360, 0, 362, 361, 0, 363, 362, 0, 364, 363, 0, 365, 364, 0, 366, 365, 0, 367, 366, 0, 368, 367, 0, 369, 368, 0, 370, 369, 0, 371, 370, 0, 372, 371, 0, 373, 372, 0, 374, 373, 0, 375, 374, 0, 26, 1, 0, 51, 26, 0, 76, 51, 0, 101, 76, 0, 126, 101, 0, 151, 126, 0, 176, 151, 0, 201, 176, 0, 226, 201, 0, 251, 226, 0, 276, 251, 0, 301, 276, 0, 326, 301, 0, 351, 326, 0, 25, 50, 0, 50, 75, 0, 75, 100, 0, 100, 125, 0, 125, 150, 0, 150, 175, 0, 175, 200, 0, 200, 225, 0, 225, 250, 0, 250, 275, 0, 275, 300, 0, 300, 325, 0, 325, 350, 0, 350, 375]
                                rel material:binding = </AecoCctvLooks/Sector>
                                point3f[] points = [(0, 0, 0), (-9.941828, -6.0685635, -7.767407), (-9.504134, -6.3287916, -8.100484), (-9.007872, -6.5981636, -8.445265), (-8.446061, -6.8740487, -8.798381), (-7.8118973, -7.152658, -9.154984), (-7.0993505, -7.4288487, -9.508492), (-6.3039937, -7.6960063, -9.850439), (-5.424033, -7.9460855, -10.170526), (-4.461442, -8.1698885, -10.456981), (-3.4229863, -8.357662, -10.69732), (-2.3208551, -8.500001, -10.879504), (-1.1725745, -8.588976, -10.993387), (0, -8.619261, -11.03215), (1.1725745, -8.588976, -10.993387), (2.3208551, -8.500001, -10.879504), (3.4229863, -8.357662, -10.69732), (4.461442, -8.1698885, -10.456981), (5.424033, -7.9460855, -10.170526), (6.3039937, -7.6960063, -9.850439), (7.0993505, -7.4288487, -9.508492), (7.8118973, -7.152658, -9.154984), (8.446061, -6.8740487, -8.798381), (9.007872, -6.5981636, -8.445265), (9.504134, -6.3287916, -8.100484), (9.941828, -6.0685635, -7.767407), (-10.199293, -5.3363333, -7.968561), (-9.772749, -5.577996, -8.329427), (-9.285627, -5.829957, -8.705672), (-8.729859, -6.0900226, -9.094019), (-8.097301, -6.3548365, -9.489456), (-7.380366, -6.619634, -9.88487), (-6.572982, -6.8780494, -10.270752), (-5.671822, -7.122078, -10.635151), (-4.677759, -7.3422976, -10.963998), (-3.5972686, -7.528453, -11.241978), (-2.4434085, -7.6704392, -11.454), (-1.2359031, -7.7595863, -11.587121), (0, -7.79, -11.632536), (1.2359031, -7.7595863, -11.587121), (2.4434085, -7.6704392, -11.454), (3.5972686, -7.528453, -11.241978), (4.677759, -7.3422976, -10.963998), (5.671822, -7.122078, -10.635151), (6.572982, -6.8780494, -10.270752), (7.380366, -6.619634, -9.88487), (8.097301, -6.3548365, -9.489456), (8.729859, -6.0900226, -9.094019), (9.285627, -5.829957, -8.705672), (9.772749, -5.577996, -8.329427), (10.199293, -5.3363333, -7.968561), (-10.433513, -4.549065, -8.151553), (-10.01875, -4.7653384, -8.539098), (-9.5418625, -4.9923615, -8.945904), (-8.993736, -5.2284207, -9.368902), (-8.364894, -5.4707055, -9.803057), (-7.64615, -5.7150187, -10.240847), (-6.8296494, -5.955525, -10.671814), (-5.9103174, -6.1846294, -11.082351), (-4.8876505, -6.3931227, -11.455953), (-3.7675645, -6.57071, -11.774176), (-2.5638154, -6.7070208, -12.018433), (-1.2983398, -6.7929945, -12.172491), (0, -6.822396, -12.225176), (1.2983398, -6.7929945, -12.172491), (2.5638154, -6.7070208, -12.018433), (3.7675645, -6.57071, -11.774176), (4.8876505, -6.3931227, -11.455953), (5.9103174, -6.1846294, -11.082351), (6.8296494, -5.955525, -10.671814), (7.64615, -5.7150187, -10.240847), (8.364894, -5.4707055, -9.803057), (8.993736, -5.2284207, -9.368902), (9.5418625, -4.9923615, -8.945904), (10.01875, -4.7653384, -8.539098), (10.433513, -4.549065, -8.151553), (-10.637636, -3.7104514, -8.311032), (-10.234461, -3.8943515, -8.722949), (-9.768064, -4.088569, -9.157977), (-9.228397, -4.2918706, -9.613352), (-8.604742, -4.502054, -10.084142), (-7.8863616, -4.7156496, -10.562573), (-7.0636063, -4.92763, -11.037388), (-6.1295524, -5.131232, -11.493435), (-5.082132, -5.318006, -11.91179), (-3.9264634, -5.4782662, -12.270758), (-2.6767821, -5.602036, -12.547989), (-1.357125, -5.68045, -12.723628), (0, -5.707329, -12.7838335), (1.357125, -5.68045, -12.723628), (2.6767821, -5.602036, -12.547989), (3.9264634, -5.4782662, -12.270758), (5.082132, -5.318006, -11.91179), (6.1295524, -5.131232, -11.493435), (7.0636063, -4.92763, -11.037388), (7.8863616, -4.7156496, -10.562573), (8.604742, -4.502054, -10.084142), (9.228397, -4.2918706, -9.613352), (9.768064, -4.088569, -9.157977), (10.234461, -3.8943515, -8.722949), (10.637636, -3.7104514, -8.311032), (-10.804955, -2.8266096, -8.441755), (-10.412218, -2.971493, -8.8744545), (-9.955567, -3.1252887, -9.33377), (-9.424174, -3.2871912, -9.817296), (-8.806254, -3.4556153, -10.3203), (-8.08969, -3.6279225, -10.834901), (-7.26318, -3.8001406, -11.349236), (-6.3180227, -3.9667544, -11.846833), (-5.250561, -4.1206894, -12.306564), (-4.064979, -4.2536445, -12.703639), (-2.77577, -4.3569, -13.012014), (-1.4088082, -4.422583, -13.208179), (0, -4.445147, -13.275567), (1.4088082, -4.422583, -13.208179), (2.77577, -4.3569, -13.012014), (4.064979, -4.2536445, -12.703639), (5.250561, -4.1206894, -12.306564), (6.3180227, -3.9667544, -11.846833), (7.26318, -3.8001406, -11.349236), (8.08969, -3.6279225, -10.834901), (8.806254, -3.4556153, -10.3203), (9.424174, -3.2871912, -9.817296), (9.955567, -3.1252887, -9.33377), (10.412218, -2.971493, -8.8744545), (10.804955, -2.8266096, -8.441755), (-10.92942, -1.9061135, -8.538999), (-10.545013, -2.0062604, -8.987637), (-10.096309, -2.1129804, -9.465721), (-9.571899, -2.2258122, -9.971184), (-8.959182, -2.3437495, -10.499519), (-8.244948, -2.4650333, -11.042846), (-7.4165554, -2.5869253, -11.588897), (-6.4638124, -2.7055254, -12.120201), (-5.3816667, -2.8157213, -12.613856), (-4.173405, -2.9114017, -13.042485), (-2.853601, -2.9860435, -13.376864), (-1.4495631, -3.0336816, -13.590274), (0, -3.050075, -13.6637125), (1.4495631, -3.0336816, -13.590274), (2.853601, -2.9860435, -13.376864), (4.173405, -2.9114017, -13.042485), (5.3816667, -2.8157213, -12.613856), (6.4638124, -2.7055254, -12.120201), (7.4165554, -2.5869253, -11.588897), (8.244948, -2.4650333, -11.042846), (8.959182, -2.3437495, -10.499519), (9.571899, -2.2258122, -9.971184), (10.096309, -2.1129804, -9.465721), (10.545013, -2.0062604, -8.987637), (10.92942, -1.9061135, -8.538999), (-11.006197, -0.9597517, -8.598983), (-10.6271715, -1.0109458, -9.057661), (-10.183674, -1.0656322, -9.547629), (-9.66394, -1.1236074, -10.067063), (-9.0548525, -1.1843886, -10.611639), (-8.342506, -1.2471004, -11.17351), (-7.51338, -1.310349, -11.740191), (-6.556284, -1.3721154, -12.293593), (-5.4652066, -1.4297149, -12.809662), (-4.242779, -1.4798988, -13.259289), (-2.9035645, -1.5191629, -13.611078), (-1.4757819, -1.5442765, -13.836086), (0, -1.5529286, -13.913606), (1.4757819, -1.5442765, -13.836086), (2.9035645, -1.5191629, -13.611078), (4.242779, -1.4798988, -13.259289), (5.4652066, -1.4297149, -12.809662), (6.556284, -1.3721154, -12.293593), (7.51338, -1.310349, -11.740191), (8.342506, -1.2471004, -11.17351), (9.0548525, -1.1843886, -10.611639), (9.66394, -1.1236074, -10.067063), (10.183674, -1.0656322, -9.547629), (10.6271715, -1.0109458, -9.057661), (11.006197, -0.9597517, -8.598983), (-11.03215, 0, -8.619261), (-10.654986, 0, -9.081368), (-10.213303, 0, -9.575408), (-9.695215, 0, -10.099644), (-9.08743, 0, -10.649817), (-8.375804, 0, -11.218106), (-7.546508, 0, -11.791956), (-6.5880013, 0, -12.3530655), (-5.49393, 0, -12.876985), (-4.2666836, 0, -13.333995), (-2.9208112, 0, -13.691927), (-1.4848428, 0, -13.921036), (0, 0, -14), (1.4848428, 0, -13.921036), (2.9208112, 0, -13.691927), (4.2666836, 0, -13.333995), (5.49393, 0, -12.876985), (6.5880013, 0, -12.3530655), (7.546508, 0, -11.791956), (8.375804, 0, -11.218106), (9.08743, 0, -10.649817), (9.695215, 0, -10.099644), (10.213303, 0, -9.575408), (10.654986, 0, -9.081368), (11.03215, 0, -8.619261), (-11.006197, 0.9597517, -8.598983), (-10.6271715, 1.0109458, -9.057661), (-10.183674, 1.0656322, -9.547629), (-9.66394, 1.1236074, -10.067063), (-9.0548525, 1.1843886, -10.611639), (-8.342506, 1.2471004, -11.17351), (-7.51338, 1.310349, -11.740191), (-6.556284, 1.3721154, -12.293593), (-5.4652066, 1.4297149, -12.809662), (-4.242779, 1.4798988, -13.259289), (-2.9035645, 1.5191629, -13.611078), (-1.4757819, 1.5442765, -13.836086), (0, 1.5529286, -13.913606), (1.4757819, 1.5442765, -13.836086), (2.9035645, 1.5191629, -13.611078), (4.242779, 1.4798988, -13.259289), (5.4652066, 1.4297149, -12.809662), (6.556284, 1.3721154, -12.293593), (7.51338, 1.310349, -11.740191), (8.342506, 1.2471004, -11.17351), (9.0548525, 1.1843886, -10.611639), (9.66394, 1.1236074, -10.067063), (10.183674, 1.0656322, -9.547629), (10.6271715, 1.0109458, -9.057661), (11.006197, 0.9597517, -8.598983), (-10.92942, 1.9061135, -8.538999), (-10.545013, 2.0062604, -8.987637), (-10.096309, 2.1129804, -9.465721), (-9.571899, 2.2258122, -9.971184), (-8.959182, 2.3437495, -10.499519), (-8.244948, 2.4650333, -11.042846), (-7.4165554, 2.5869253, -11.588897), (-6.4638124, 2.7055254, -12.120201), (-5.3816667, 2.8157213, -12.613856), (-4.173405, 2.9114017, -13.042485), (-2.853601, 2.9860435, -13.376864), (-1.4495631, 3.0336816, -13.590274), (0, 3.050075, -13.6637125), (1.4495631, 3.0336816, -13.590274), (2.853601, 2.9860435, -13.376864), (4.173405, 2.9114017, -13.042485), (5.3816667, 2.8157213, -12.613856), (6.4638124, 2.7055254, -12.120201), (7.4165554, 2.5869253, -11.588897), (8.244948, 2.4650333, -11.042846), (8.959182, 2.3437495, -10.499519), (9.571899, 2.2258122, -9.971184), (10.096309, 2.1129804, -9.465721), (10.545013, 2.0062604, -8.987637), (10.92942, 1.9061135, -8.538999), (-10.804955, 2.8266096, -8.441755), (-10.412218, 2.971493, -8.8744545), (-9.955567, 3.1252887, -9.33377), (-9.424174, 3.2871912, -9.817296), (-8.806254, 3.4556153, -10.3203), (-8.08969, 3.6279225, -10.834901), (-7.26318, 3.8001406, -11.349236), (-6.3180227, 3.9667544, -11.846833), (-5.250561, 4.1206894, -12.306564), (-4.064979, 4.2536445, -12.703639), (-2.77577, 4.3569, -13.012014), (-1.4088082, 4.422583, -13.208179), (0, 4.445147, -13.275567), (1.4088082, 4.422583, -13.208179), (2.77577, 4.3569, -13.012014), (4.064979, 4.2536445, -12.703639), (5.250561, 4.1206894, -12.306564), (6.3180227, 3.9667544, -11.846833), (7.26318, 3.8001406, -11.349236), (8.08969, 3.6279225, -10.834901), (8.806254, 3.4556153, -10.3203), (9.424174, 3.2871912, -9.817296), (9.955567, 3.1252887, -9.33377), (10.412218, 2.971493, -8.8744545), (10.804955, 2.8266096, -8.441755), (-10.637636, 3.7104514, -8.311032), (-10.234461, 3.8943515, -8.722949), (-9.768064, 4.088569, -9.157977), (-9.228397, 4.2918706, -9.613352), (-8.604742, 4.502054, -10.084142), (-7.8863616, 4.7156496, -10.562573), (-7.0636063, 4.92763, -11.037388), (-6.1295524, 5.131232, -11.493435), (-5.082132, 5.318006, -11.91179), (-3.9264634, 5.4782662, -12.270758), (-2.6767821, 5.602036, -12.547989), (-1.357125, 5.68045, -12.723628), (0, 5.707329, -12.7838335), (1.357125, 5.68045, -12.723628), (2.6767821, 5.602036, -12.547989), (3.9264634, 5.4782662, -12.270758), (5.082132, 5.318006, -11.91179), (6.1295524, 5.131232, -11.493435), (7.0636063, 4.92763, -11.037388), (7.8863616, 4.7156496, -10.562573), (8.604742, 4.502054, -10.084142), (9.228397, 4.2918706, -9.613352), (9.768064, 4.088569, -9.157977), (10.234461, 3.8943515, -8.722949), (10.637636, 3.7104514, -8.311032), (-10.433513, 4.549065, -8.151553), (-10.01875, 4.7653384, -8.539098), (-9.5418625, 4.9923615, -8.945904), (-8.993736, 5.2284207, -9.368902), (-8.364894, 5.4707055, -9.803057), (-7.64615, 5.7150187, -10.240847), (-6.8296494, 5.955525, -10.671814), (-5.9103174, 6.1846294, -11.082351), (-4.8876505, 6.3931227, -11.455953), (-3.7675645, 6.57071, -11.774176), (-2.5638154, 6.7070208, -12.018433), (-1.2983398, 6.7929945, -12.172491), (0, 6.822396, -12.225176), (1.2983398, 6.7929945, -12.172491), (2.5638154, 6.7070208, -12.018433), (3.7675645, 6.57071, -11.774176), (4.8876505, 6.3931227, -11.455953), (5.9103174, 6.1846294, -11.082351), (6.8296494, 5.955525, -10.671814), (7.64615, 5.7150187, -10.240847), (8.364894, 5.4707055, -9.803057), (8.993736, 5.2284207, -9.368902), (9.5418625, 4.9923615, -8.945904), (10.01875, 4.7653384, -8.539098), (10.433513, 4.549065, -8.151553), (-10.199293, 5.3363333, -7.968561), (-9.772749, 5.577996, -8.329427), (-9.285627, 5.829957, -8.705672), (-8.729859, 6.0900226, -9.094019), (-8.097301, 6.3548365, -9.489456), (-7.380366, 6.619634, -9.88487), (-6.572982, 6.8780494, -10.270752), (-5.671822, 7.122078, -10.635151), (-4.677759, 7.3422976, -10.963998), (-3.5972686, 7.528453, -11.241978), (-2.4434085, 7.6704392, -11.454), (-1.2359031, 7.7595863, -11.587121), (0, 7.79, -11.632536), (1.2359031, 7.7595863, -11.587121), (2.4434085, 7.6704392, -11.454), (3.5972686, 7.528453, -11.241978), (4.677759, 7.3422976, -10.963998), (5.671822, 7.122078, -10.635151), (6.572982, 6.8780494, -10.270752), (7.380366, 6.619634, -9.88487), (8.097301, 6.3548365, -9.489456), (8.729859, 6.0900226, -9.094019), (9.285627, 5.829957, -8.705672), (9.772749, 5.577996, -8.329427), (10.199293, 5.3363333, -7.968561), (-9.941828, 6.0685635, -7.767407), (-9.504134, 6.3287916, -8.100484), (-9.007872, 6.5981636, -8.445265), (-8.446061, 6.8740487, -8.798381), (-7.8118973, 7.152658, -9.154984), (-7.0993505, 7.4288487, -9.508492), (-6.3039937, 7.6960063, -9.850439), (-5.424033, 7.9460855, -10.170526), (-4.461442, 8.1698885, -10.456981), (-3.4229863, 8.357662, -10.69732), (-2.3208551, 8.500001, -10.879504), (-1.1725745, 8.588976, -10.993387), (0, 8.619261, -11.03215), (1.1725745, 8.588976, -10.993387), (2.3208551, 8.500001, -10.879504), (3.4229863, 8.357662, -10.69732), (4.461442, 8.1698885, -10.456981), (5.424033, 7.9460855, -10.170526), (6.3039937, 7.6960063, -9.850439), (7.0993505, 7.4288487, -9.508492), (7.8118973, 7.152658, -9.154984), (8.446061, 6.8740487, -8.798381), (9.007872, 6.5981636, -8.445265), (9.504134, 6.3287916, -8.100484), (9.941828, 6.0685635, -7.767407)]
                                color3f[] primvars:displayColor = [(0, 0.85, 0.95)] (
                                    interpolation = "constant"
                                )
                                float[] primvars:displayOpacity = [0.3] (
                                    interpolation = "constant"
                                )
                                uniform token purpose = "guide"
                                uniform token subdivisionScheme = "none"
                            }

                            def Mesh "Shell_identify" (
                                prepend apiSchemas = ["AecoDerivedGeometryAPI", "MaterialBindingAPI"]
                            )
                            {
                                uniform token aeco:derived:approx = "tessellated"
                                uniform token aeco:derived:role = "coverage"
                                string aeco:derived:source = "bebc051c-f40b-582f-b8a5-f603d7376f5a"
                                string aeco:derived:stamp = "usdAecoCctv derive 0.5.5"
                                uniform bool doubleSided = 1
                                float3[] extent = [(-3.191589, -2.4935427, -4.0501847), (3.191589, 2.4935427, 0)]
                                int[] faceVertexCounts = [4, 4, 4, 4, 4, 4, 4, 4, 4, 4, 4, 4, 4, 4, 4, 4, 4, 4, 4, 4, 4, 4, 4, 4, 4, 4, 4, 4, 4, 4, 4, 4, 4, 4, 4, 4, 4, 4, 4, 4, 4, 4, 4, 4, 4, 4, 4, 4, 4, 4, 4, 4, 4, 4, 4, 4, 4, 4, 4, 4, 4, 4, 4, 4, 4, 4, 4, 4, 4, 4, 4, 4, 4, 4, 4, 4, 4, 4, 4, 4, 4, 4, 4, 4, 4, 4, 4, 4, 4, 4, 4, 4, 4, 4, 4, 4, 4, 4, 4, 4, 4, 4, 4, 4, 4, 4, 4, 4, 4, 4, 4, 4, 4, 4, 4, 4, 4, 4, 4, 4, 4, 4, 4, 4, 4, 4, 4, 4, 4, 4, 4, 4, 4, 4, 4, 4, 4, 4, 4, 4, 4, 4, 4, 4, 4, 4, 4, 4, 4, 4, 4, 4, 4, 4, 4, 4, 4, 4, 4, 4, 4, 4, 4, 4, 4, 4, 4, 4, 4, 4, 4, 4, 4, 4, 4, 4, 4, 4, 4, 4, 4, 4, 4, 4, 4, 4, 4, 4, 4, 4, 4, 4, 4, 4, 4, 4, 4, 4, 4, 4, 4, 4, 4, 4, 4, 4, 4, 4, 4, 4, 4, 4, 4, 4, 4, 4, 4, 4, 4, 4, 4, 4, 4, 4, 4, 4, 4, 4, 4, 4, 4, 4, 4, 4, 4, 4, 4, 4, 4, 4, 4, 4, 4, 4, 4, 4, 4, 4, 4, 4, 4, 4, 4, 4, 4, 4, 4, 4, 4, 4, 4, 4, 4, 4, 4, 4, 4, 4, 4, 4, 4, 4, 4, 4, 4, 4, 4, 4, 4, 4, 4, 4, 4, 4, 4, 4, 4, 4, 4, 4, 4, 4, 4, 4, 4, 4, 4, 4, 4, 4, 4, 4, 4, 4, 4, 4, 4, 4, 4, 4, 4, 4, 4, 4, 4, 4, 4, 4, 4, 4, 4, 4, 4, 4, 4, 4, 4, 4, 4, 4, 4, 4, 4, 4, 4, 4, 3, 3, 3, 3, 3, 3, 3, 3, 3, 3, 3, 3, 3, 3, 3, 3, 3, 3, 3, 3, 3, 3, 3, 3, 3, 3, 3, 3, 3, 3, 3, 3, 3, 3, 3, 3, 3, 3, 3, 3, 3, 3, 3, 3, 3, 3, 3, 3, 3, 3, 3, 3, 3, 3, 3, 3, 3, 3, 3, 3, 3, 3, 3, 3, 3, 3, 3, 3, 3, 3, 3, 3, 3, 3, 3, 3]
                                int[] faceVertexIndices = [1, 26, 27, 2, 2, 27, 28, 3, 3, 28, 29, 4, 4, 29, 30, 5, 5, 30, 31, 6, 6, 31, 32, 7, 7, 32, 33, 8, 8, 33, 34, 9, 9, 34, 35, 10, 10, 35, 36, 11, 11, 36, 37, 12, 12, 37, 38, 13, 13, 38, 39, 14, 14, 39, 40, 15, 15, 40, 41, 16, 16, 41, 42, 17, 17, 42, 43, 18, 18, 43, 44, 19, 19, 44, 45, 20, 20, 45, 46, 21, 21, 46, 47, 22, 22, 47, 48, 23, 23, 48, 49, 24, 24, 49, 50, 25, 26, 51, 52, 27, 27, 52, 53, 28, 28, 53, 54, 29, 29, 54, 55, 30, 30, 55, 56, 31, 31, 56, 57, 32, 32, 57, 58, 33, 33, 58, 59, 34, 34, 59, 60, 35, 35, 60, 61, 36, 36, 61, 62, 37, 37, 62, 63, 38, 38, 63, 64, 39, 39, 64, 65, 40, 40, 65, 66, 41, 41, 66, 67, 42, 42, 67, 68, 43, 43, 68, 69, 44, 44, 69, 70, 45, 45, 70, 71, 46, 46, 71, 72, 47, 47, 72, 73, 48, 48, 73, 74, 49, 49, 74, 75, 50, 51, 76, 77, 52, 52, 77, 78, 53, 53, 78, 79, 54, 54, 79, 80, 55, 55, 80, 81, 56, 56, 81, 82, 57, 57, 82, 83, 58, 58, 83, 84, 59, 59, 84, 85, 60, 60, 85, 86, 61, 61, 86, 87, 62, 62, 87, 88, 63, 63, 88, 89, 64, 64, 89, 90, 65, 65, 90, 91, 66, 66, 91, 92, 67, 67, 92, 93, 68, 68, 93, 94, 69, 69, 94, 95, 70, 70, 95, 96, 71, 71, 96, 97, 72, 72, 97, 98, 73, 73, 98, 99, 74, 74, 99, 100, 75, 76, 101, 102, 77, 77, 102, 103, 78, 78, 103, 104, 79, 79, 104, 105, 80, 80, 105, 106, 81, 81, 106, 107, 82, 82, 107, 108, 83, 83, 108, 109, 84, 84, 109, 110, 85, 85, 110, 111, 86, 86, 111, 112, 87, 87, 112, 113, 88, 88, 113, 114, 89, 89, 114, 115, 90, 90, 115, 116, 91, 91, 116, 117, 92, 92, 117, 118, 93, 93, 118, 119, 94, 94, 119, 120, 95, 95, 120, 121, 96, 96, 121, 122, 97, 97, 122, 123, 98, 98, 123, 124, 99, 99, 124, 125, 100, 101, 126, 127, 102, 102, 127, 128, 103, 103, 128, 129, 104, 104, 129, 130, 105, 105, 130, 131, 106, 106, 131, 132, 107, 107, 132, 133, 108, 108, 133, 134, 109, 109, 134, 135, 110, 110, 135, 136, 111, 111, 136, 137, 112, 112, 137, 138, 113, 113, 138, 139, 114, 114, 139, 140, 115, 115, 140, 141, 116, 116, 141, 142, 117, 117, 142, 143, 118, 118, 143, 144, 119, 119, 144, 145, 120, 120, 145, 146, 121, 121, 146, 147, 122, 122, 147, 148, 123, 123, 148, 149, 124, 124, 149, 150, 125, 126, 151, 152, 127, 127, 152, 153, 128, 128, 153, 154, 129, 129, 154, 155, 130, 130, 155, 156, 131, 131, 156, 157, 132, 132, 157, 158, 133, 133, 158, 159, 134, 134, 159, 160, 135, 135, 160, 161, 136, 136, 161, 162, 137, 137, 162, 163, 138, 138, 163, 164, 139, 139, 164, 165, 140, 140, 165, 166, 141, 141, 166, 167, 142, 142, 167, 168, 143, 143, 168, 169, 144, 144, 169, 170, 145, 145, 170, 171, 146, 146, 171, 172, 147, 147, 172, 173, 148, 148, 173, 174, 149, 149, 174, 175, 150, 151, 176, 177, 152, 152, 177, 178, 153, 153, 178, 179, 154, 154, 179, 180, 155, 155, 180, 181, 156, 156, 181, 182, 157, 157, 182, 183, 158, 158, 183, 184, 159, 159, 184, 185, 160, 160, 185, 186, 161, 161, 186, 187, 162, 162, 187, 188, 163, 163, 188, 189, 164, 164, 189, 190, 165, 165, 190, 191, 166, 166, 191, 192, 167, 167, 192, 193, 168, 168, 193, 194, 169, 169, 194, 195, 170, 170, 195, 196, 171, 171, 196, 197, 172, 172, 197, 198, 173, 173, 198, 199, 174, 174, 199, 200, 175, 176, 201, 202, 177, 177, 202, 203, 178, 178, 203, 204, 179, 179, 204, 205, 180, 180, 205, 206, 181, 181, 206, 207, 182, 182, 207, 208, 183, 183, 208, 209, 184, 184, 209, 210, 185, 185, 210, 211, 186, 186, 211, 212, 187, 187, 212, 213, 188, 188, 213, 214, 189, 189, 214, 215, 190, 190, 215, 216, 191, 191, 216, 217, 192, 192, 217, 218, 193, 193, 218, 219, 194, 194, 219, 220, 195, 195, 220, 221, 196, 196, 221, 222, 197, 197, 222, 223, 198, 198, 223, 224, 199, 199, 224, 225, 200, 201, 226, 227, 202, 202, 227, 228, 203, 203, 228, 229, 204, 204, 229, 230, 205, 205, 230, 231, 206, 206, 231, 232, 207, 207, 232, 233, 208, 208, 233, 234, 209, 209, 234, 235, 210, 210, 235, 236, 211, 211, 236, 237, 212, 212, 237, 238, 213, 213, 238, 239, 214, 214, 239, 240, 215, 215, 240, 241, 216, 216, 241, 242, 217, 217, 242, 243, 218, 218, 243, 244, 219, 219, 244, 245, 220, 220, 245, 246, 221, 221, 246, 247, 222, 222, 247, 248, 223, 223, 248, 249, 224, 224, 249, 250, 225, 226, 251, 252, 227, 227, 252, 253, 228, 228, 253, 254, 229, 229, 254, 255, 230, 230, 255, 256, 231, 231, 256, 257, 232, 232, 257, 258, 233, 233, 258, 259, 234, 234, 259, 260, 235, 235, 260, 261, 236, 236, 261, 262, 237, 237, 262, 263, 238, 238, 263, 264, 239, 239, 264, 265, 240, 240, 265, 266, 241, 241, 266, 267, 242, 242, 267, 268, 243, 243, 268, 269, 244, 244, 269, 270, 245, 245, 270, 271, 246, 246, 271, 272, 247, 247, 272, 273, 248, 248, 273, 274, 249, 249, 274, 275, 250, 251, 276, 277, 252, 252, 277, 278, 253, 253, 278, 279, 254, 254, 279, 280, 255, 255, 280, 281, 256, 256, 281, 282, 257, 257, 282, 283, 258, 258, 283, 284, 259, 259, 284, 285, 260, 260, 285, 286, 261, 261, 286, 287, 262, 262, 287, 288, 263, 263, 288, 289, 264, 264, 289, 290, 265, 265, 290, 291, 266, 266, 291, 292, 267, 267, 292, 293, 268, 268, 293, 294, 269, 269, 294, 295, 270, 270, 295, 296, 271, 271, 296, 297, 272, 272, 297, 298, 273, 273, 298, 299, 274, 274, 299, 300, 275, 276, 301, 302, 277, 277, 302, 303, 278, 278, 303, 304, 279, 279, 304, 305, 280, 280, 305, 306, 281, 281, 306, 307, 282, 282, 307, 308, 283, 283, 308, 309, 284, 284, 309, 310, 285, 285, 310, 311, 286, 286, 311, 312, 287, 287, 312, 313, 288, 288, 313, 314, 289, 289, 314, 315, 290, 290, 315, 316, 291, 291, 316, 317, 292, 292, 317, 318, 293, 293, 318, 319, 294, 294, 319, 320, 295, 295, 320, 321, 296, 296, 321, 322, 297, 297, 322, 323, 298, 298, 323, 324, 299, 299, 324, 325, 300, 301, 326, 327, 302, 302, 327, 328, 303, 303, 328, 329, 304, 304, 329, 330, 305, 305, 330, 331, 306, 306, 331, 332, 307, 307, 332, 333, 308, 308, 333, 334, 309, 309, 334, 335, 310, 310, 335, 336, 311, 311, 336, 337, 312, 312, 337, 338, 313, 313, 338, 339, 314, 314, 339, 340, 315, 315, 340, 341, 316, 316, 341, 342, 317, 317, 342, 343, 318, 318, 343, 344, 319, 319, 344, 345, 320, 320, 345, 346, 321, 321, 346, 347, 322, 322, 347, 348, 323, 323, 348, 349, 324, 324, 349, 350, 325, 326, 351, 352, 327, 327, 352, 353, 328, 328, 353, 354, 329, 329, 354, 355, 330, 330, 355, 356, 331, 331, 356, 357, 332, 332, 357, 358, 333, 333, 358, 359, 334, 334, 359, 360, 335, 335, 360, 361, 336, 336, 361, 362, 337, 337, 362, 363, 338, 338, 363, 364, 339, 339, 364, 365, 340, 340, 365, 366, 341, 341, 366, 367, 342, 342, 367, 368, 343, 343, 368, 369, 344, 344, 369, 370, 345, 345, 370, 371, 346, 346, 371, 372, 347, 347, 372, 373, 348, 348, 373, 374, 349, 349, 374, 375, 350, 0, 1, 2, 0, 2, 3, 0, 3, 4, 0, 4, 5, 0, 5, 6, 0, 6, 7, 0, 7, 8, 0, 8, 9, 0, 9, 10, 0, 10, 11, 0, 11, 12, 0, 12, 13, 0, 13, 14, 0, 14, 15, 0, 15, 16, 0, 16, 17, 0, 17, 18, 0, 18, 19, 0, 19, 20, 0, 20, 21, 0, 21, 22, 0, 22, 23, 0, 23, 24, 0, 24, 25, 0, 352, 351, 0, 353, 352, 0, 354, 353, 0, 355, 354, 0, 356, 355, 0, 357, 356, 0, 358, 357, 0, 359, 358, 0, 360, 359, 0, 361, 360, 0, 362, 361, 0, 363, 362, 0, 364, 363, 0, 365, 364, 0, 366, 365, 0, 367, 366, 0, 368, 367, 0, 369, 368, 0, 370, 369, 0, 371, 370, 0, 372, 371, 0, 373, 372, 0, 374, 373, 0, 375, 374, 0, 26, 1, 0, 51, 26, 0, 76, 51, 0, 101, 76, 0, 126, 101, 0, 151, 126, 0, 176, 151, 0, 201, 176, 0, 226, 201, 0, 251, 226, 0, 276, 251, 0, 301, 276, 0, 326, 301, 0, 351, 326, 0, 25, 50, 0, 50, 75, 0, 75, 100, 0, 100, 125, 0, 125, 150, 0, 150, 175, 0, 175, 200, 0, 200, 225, 0, 225, 250, 0, 250, 275, 0, 275, 300, 0, 300, 325, 0, 325, 350, 0, 350, 375]
                                rel material:binding = </AecoCctvLooks/Shell_identify>
                                point3f[] points = [(0, 0, 0), (-2.8761597, -1.7556287, -2.2471023), (-2.7495356, -1.8309125, -2.343461), (-2.6059673, -1.9088415, -2.4432058), (-2.4434361, -1.9886547, -2.545362), (-2.2599733, -2.069256, -2.6485271), (-2.0538344, -2.1491578, -2.7507966), (-1.8237385, -2.2264462, -2.8497212), (-1.5691668, -2.2987938, -2.942322), (-1.2906902, -2.36354, -3.0251932), (-0.99026614, -2.4178624, -3.094723), (-0.6714209, -2.4590409, -3.1474288), (-0.33922452, -2.4847813, -3.1803749), (0, -2.4935427, -3.191589), (0.33922452, -2.4847813, -3.1803749), (0.6714209, -2.4590409, -3.1474288), (0.99026614, -2.4178624, -3.094723), (1.2906902, -2.36354, -3.0251932), (1.5691668, -2.2987938, -2.942322), (1.8237385, -2.2264462, -2.8497212), (2.0538344, -2.1491578, -2.7507966), (2.2599733, -2.069256, -2.6485271), (2.4434361, -1.9886547, -2.545362), (2.6059673, -1.9088415, -2.4432058), (2.7495356, -1.8309125, -2.343461), (2.8761597, -1.7556287, -2.2471023), (-2.9506443, -1.5437953, -2.305296), (-2.8272455, -1.613708, -2.4096942), (-2.6863217, -1.6866002, -2.5185416), (-2.525539, -1.7618368, -2.6308897), (-2.34254, -1.8384472, -2.7452893), (-2.1351318, -1.9150529, -2.8596818), (-1.9015564, -1.9898121, -2.9713173), (-1.6408519, -2.0604093, -3.0767376), (-1.3532705, -2.1241186, -3.1718724), (-1.0406859, -2.1779733, -3.2522917), (-0.70687544, -2.2190497, -3.3136296), (-0.35754544, -2.24484, -3.3521414), (0, -2.2536385, -3.36528), (0.35754544, -2.24484, -3.3521414), (0.70687544, -2.2190497, -3.3136296), (1.0406859, -2.1779733, -3.2522917), (1.3532705, -2.1241186, -3.1718724), (1.6408519, -2.0604093, -3.0767376), (1.9015564, -1.9898121, -2.9713173), (2.1351318, -1.9150529, -2.8596818), (2.34254, -1.8384472, -2.7452893), (2.525539, -1.7618368, -2.6308897), (2.6863217, -1.6866002, -2.5185416), (2.8272455, -1.613708, -2.4096942), (2.9506443, -1.5437953, -2.305296), (-3.0184038, -1.3160397, -2.3582354), (-2.8984137, -1.3786073, -2.4703515), (-2.7604504, -1.4442847, -2.58804), (-2.601878, -1.5125763, -2.7104132), (-2.4199548, -1.5826691, -2.8360138), (-2.212023, -1.6533487, -2.9626658), (-1.9758102, -1.7229269, -3.0873442), (-1.7098484, -1.7892066, -3.206112), (-1.4139919, -1.8495233, -3.3141947), (-1.0899523, -1.9008993, -3.4062562), (-0.741709, -1.9403337, -3.4769194), (-0.3756083, -1.9652059, -3.5214884), (0, -1.9737116, -3.5367298), (0.3756083, -1.9652059, -3.5214884), (0.741709, -1.9403337, -3.4769194), (1.0899523, -1.9008993, -3.4062562), (1.4139919, -1.8495233, -3.3141947), (1.7098484, -1.7892066, -3.206112), (1.9758102, -1.7229269, -3.0873442), (2.212023, -1.6533487, -2.9626658), (2.4199548, -1.5826691, -2.8360138), (2.601878, -1.5125763, -2.7104132), (2.7604504, -1.4442847, -2.58804), (2.8984137, -1.3786073, -2.4703515), (3.0184038, -1.3160397, -2.3582354), (-3.0774565, -1.0734295, -2.4043725), (-2.9608183, -1.1266316, -2.5235398), (-2.82589, -1.1828185, -2.6493926), (-2.6697652, -1.2416335, -2.7811322), (-2.4893425, -1.3024395, -2.9173312), (-2.2815158, -1.3642322, -3.0557408), (-2.0434935, -1.425558, -3.1931043), (-1.7732729, -1.4844598, -3.3250382), (-1.4702553, -1.5384933, -3.4460678), (-1.1359215, -1.5848565, -3.5499167), (-0.77439016, -1.6206629, -3.6301196), (-0.39261478, -1.643348, -3.6809316), (0, -1.651124, -3.698349), (0.39261478, -1.643348, -3.6809316), (0.77439016, -1.6206629, -3.6301196), (1.1359215, -1.5848565, -3.5499167), (1.4702553, -1.5384933, -3.4460678), (1.7732729, -1.4844598, -3.3250382), (2.0434935, -1.425558, -3.1931043), (2.2815158, -1.3642322, -3.0557408), (2.4893425, -1.3024395, -2.9173312), (2.6697652, -1.2416335, -2.7811322), (2.82589, -1.1828185, -2.6493926), (2.9608183, -1.1266316, -2.5235398), (3.0774565, -1.0734295, -2.4043725), (-3.1258614, -0.8177351, -2.4421906), (-3.0122433, -0.85964966, -2.56737), (-2.8801346, -0.90414256, -2.7002494), (-2.7264035, -0.9509808, -2.8401332), (-2.5476398, -0.99970573, -2.9856517), (-2.3403387, -1.049554, -3.134525), (-2.10123, -1.0993766, -3.2833214), (-1.827797, -1.1475778, -3.427276), (-1.5189817, -1.1921109, -3.5602756), (-1.175994, -1.2305747, -3.675149), (-0.8030272, -1.2604464, -3.7643616), (-0.4075667, -1.2794485, -3.821112), (0, -1.2859762, -3.840607), (0.4075667, -1.2794485, -3.821112), (0.8030272, -1.2604464, -3.7643616), (1.175994, -1.2305747, -3.675149), (1.5189817, -1.1921109, -3.5602756), (1.827797, -1.1475778, -3.427276), (2.10123, -1.0993766, -3.2833214), (2.3403387, -1.049554, -3.134525), (2.5476398, -0.99970573, -2.9856517), (2.7264035, -0.9509808, -2.8401332), (2.8801346, -0.90414256, -2.7002494), (3.0122433, -0.85964966, -2.56737), (3.1258614, -0.8177351, -2.4421906), (-3.1618693, -0.55143654, -2.470323), (-3.0506608, -0.58040893, -2.6001136), (-2.920851, -0.61128294, -2.7384226), (-2.76914, -0.643925, -2.8846524), (-2.5918813, -0.6780442, -3.0374994), (-2.3852546, -0.7131314, -3.194683), (-2.1456015, -0.7483946, -3.3526552), (-1.8699738, -0.7827055, -3.5063608), (-1.5569103, -0.8145851, -3.649175), (-1.2073616, -0.84226537, -3.773177), (-0.82554364, -0.8638591, -3.8699124), (-0.41935703, -0.8776408, -3.9316514), (0, -0.88238335, -3.952897), (0.41935703, -0.8776408, -3.9316514), (0.82554364, -0.8638591, -3.8699124), (1.2073616, -0.84226537, -3.773177), (1.5569103, -0.8145851, -3.649175), (1.8699738, -0.7827055, -3.5063608), (2.1456015, -0.7483946, -3.3526552), (2.3852546, -0.7131314, -3.194683), (2.5918813, -0.6780442, -3.0374994), (2.76914, -0.643925, -2.8846524), (2.920851, -0.61128294, -2.7384226), (3.0506608, -0.58040893, -2.6001136), (3.1618693, -0.55143654, -2.470323), (-3.1840806, -0.27765512, -2.4876764), (-3.074429, -0.2924655, -2.6203713), (-2.9461255, -0.30828622, -2.7621186), (-2.7957673, -0.3250584, -2.9123905), (-2.6195588, -0.34264234, -3.0699356), (-2.4134781, -0.36078477, -3.232484), (-2.1736126, -0.37908253, -3.3964248), (-1.8967258, -0.3969515, -3.556523), (-1.5810783, -0.41361496, -3.705821), (-1.2274313, -0.4281331, -3.8358977), (-0.839998, -0.43949217, -3.9376702), (-0.42694208, -0.4467575, -4.0027647), (0, -0.44926053, -4.025191), (0.42694208, -0.4467575, -4.0027647), (0.839998, -0.43949217, -3.9376702), (1.2274313, -0.4281331, -3.8358977), (1.5810783, -0.41361496, -3.705821), (1.8967258, -0.3969515, -3.556523), (2.1736126, -0.37908253, -3.3964248), (2.4134781, -0.36078477, -3.232484), (2.6195588, -0.34264234, -3.0699356), (2.7957673, -0.3250584, -2.9123905), (2.9461255, -0.30828622, -2.7621186), (3.074429, -0.2924655, -2.6203713), (3.1840806, -0.27765512, -2.4876764), (-3.191589, 0, -2.4935427), (-3.082476, 0, -2.62723), (-2.9546974, 0, -2.7701552), (-2.8048153, 0, -2.9218159), (-2.6289835, 0, -3.0809805), (-2.423111, 0, -3.245386), (-2.1831963, 0, -3.4113998), (-1.9059016, 0, -3.5737286), (-1.5893879, 0, -3.7252977), (-1.2343469, 0, -3.85751), (-0.8449875, 0, -3.9610596), (-0.4295634, 0, -4.0273404), (0, 0, -4.0501847), (0.4295634, 0, -4.0273404), (0.8449875, 0, -3.9610596), (1.2343469, 0, -3.85751), (1.5893879, 0, -3.7252977), (1.9059016, 0, -3.5737286), (2.1831963, 0, -3.4113998), (2.423111, 0, -3.245386), (2.6289835, 0, -3.0809805), (2.8048153, 0, -2.9218159), (2.9546974, 0, -2.7701552), (3.082476, 0, -2.62723), (3.191589, 0, -2.4935427), (-3.1840806, 0.27765512, -2.4876764), (-3.074429, 0.2924655, -2.6203713), (-2.9461255, 0.30828622, -2.7621186), (-2.7957673, 0.3250584, -2.9123905), (-2.6195588, 0.34264234, -3.0699356), (-2.4134781, 0.36078477, -3.232484), (-2.1736126, 0.37908253, -3.3964248), (-1.8967258, 0.3969515, -3.556523), (-1.5810783, 0.41361496, -3.705821), (-1.2274313, 0.4281331, -3.8358977), (-0.839998, 0.43949217, -3.9376702), (-0.42694208, 0.4467575, -4.0027647), (0, 0.44926053, -4.025191), (0.42694208, 0.4467575, -4.0027647), (0.839998, 0.43949217, -3.9376702), (1.2274313, 0.4281331, -3.8358977), (1.5810783, 0.41361496, -3.705821), (1.8967258, 0.3969515, -3.556523), (2.1736126, 0.37908253, -3.3964248), (2.4134781, 0.36078477, -3.232484), (2.6195588, 0.34264234, -3.0699356), (2.7957673, 0.3250584, -2.9123905), (2.9461255, 0.30828622, -2.7621186), (3.074429, 0.2924655, -2.6203713), (3.1840806, 0.27765512, -2.4876764), (-3.1618693, 0.55143654, -2.470323), (-3.0506608, 0.58040893, -2.6001136), (-2.920851, 0.61128294, -2.7384226), (-2.76914, 0.643925, -2.8846524), (-2.5918813, 0.6780442, -3.0374994), (-2.3852546, 0.7131314, -3.194683), (-2.1456015, 0.7483946, -3.3526552), (-1.8699738, 0.7827055, -3.5063608), (-1.5569103, 0.8145851, -3.649175), (-1.2073616, 0.84226537, -3.773177), (-0.82554364, 0.8638591, -3.8699124), (-0.41935703, 0.8776408, -3.9316514), (0, 0.88238335, -3.952897), (0.41935703, 0.8776408, -3.9316514), (0.82554364, 0.8638591, -3.8699124), (1.2073616, 0.84226537, -3.773177), (1.5569103, 0.8145851, -3.649175), (1.8699738, 0.7827055, -3.5063608), (2.1456015, 0.7483946, -3.3526552), (2.3852546, 0.7131314, -3.194683), (2.5918813, 0.6780442, -3.0374994), (2.76914, 0.643925, -2.8846524), (2.920851, 0.61128294, -2.7384226), (3.0506608, 0.58040893, -2.6001136), (3.1618693, 0.55143654, -2.470323), (-3.1258614, 0.8177351, -2.4421906), (-3.0122433, 0.85964966, -2.56737), (-2.8801346, 0.90414256, -2.7002494), (-2.7264035, 0.9509808, -2.8401332), (-2.5476398, 0.99970573, -2.9856517), (-2.3403387, 1.049554, -3.134525), (-2.10123, 1.0993766, -3.2833214), (-1.827797, 1.1475778, -3.427276), (-1.5189817, 1.1921109, -3.5602756), (-1.175994, 1.2305747, -3.675149), (-0.8030272, 1.2604464, -3.7643616), (-0.4075667, 1.2794485, -3.821112), (0, 1.2859762, -3.840607), (0.4075667, 1.2794485, -3.821112), (0.8030272, 1.2604464, -3.7643616), (1.175994, 1.2305747, -3.675149), (1.5189817, 1.1921109, -3.5602756), (1.827797, 1.1475778, -3.427276), (2.10123, 1.0993766, -3.2833214), (2.3403387, 1.049554, -3.134525), (2.5476398, 0.99970573, -2.9856517), (2.7264035, 0.9509808, -2.8401332), (2.8801346, 0.90414256, -2.7002494), (3.0122433, 0.85964966, -2.56737), (3.1258614, 0.8177351, -2.4421906), (-3.0774565, 1.0734295, -2.4043725), (-2.9608183, 1.1266316, -2.5235398), (-2.82589, 1.1828185, -2.6493926), (-2.6697652, 1.2416335, -2.7811322), (-2.4893425, 1.3024395, -2.9173312), (-2.2815158, 1.3642322, -3.0557408), (-2.0434935, 1.425558, -3.1931043), (-1.7732729, 1.4844598, -3.3250382), (-1.4702553, 1.5384933, -3.4460678), (-1.1359215, 1.5848565, -3.5499167), (-0.77439016, 1.6206629, -3.6301196), (-0.39261478, 1.643348, -3.6809316), (0, 1.651124, -3.698349), (0.39261478, 1.643348, -3.6809316), (0.77439016, 1.6206629, -3.6301196), (1.1359215, 1.5848565, -3.5499167), (1.4702553, 1.5384933, -3.4460678), (1.7732729, 1.4844598, -3.3250382), (2.0434935, 1.425558, -3.1931043), (2.2815158, 1.3642322, -3.0557408), (2.4893425, 1.3024395, -2.9173312), (2.6697652, 1.2416335, -2.7811322), (2.82589, 1.1828185, -2.6493926), (2.9608183, 1.1266316, -2.5235398), (3.0774565, 1.0734295, -2.4043725), (-3.0184038, 1.3160397, -2.3582354), (-2.8984137, 1.3786073, -2.4703515), (-2.7604504, 1.4442847, -2.58804), (-2.601878, 1.5125763, -2.7104132), (-2.4199548, 1.5826691, -2.8360138), (-2.212023, 1.6533487, -2.9626658), (-1.9758102, 1.7229269, -3.0873442), (-1.7098484, 1.7892066, -3.206112), (-1.4139919, 1.8495233, -3.3141947), (-1.0899523, 1.9008993, -3.4062562), (-0.741709, 1.9403337, -3.4769194), (-0.3756083, 1.9652059, -3.5214884), (0, 1.9737116, -3.5367298), (0.3756083, 1.9652059, -3.5214884), (0.741709, 1.9403337, -3.4769194), (1.0899523, 1.9008993, -3.4062562), (1.4139919, 1.8495233, -3.3141947), (1.7098484, 1.7892066, -3.206112), (1.9758102, 1.7229269, -3.0873442), (2.212023, 1.6533487, -2.9626658), (2.4199548, 1.5826691, -2.8360138), (2.601878, 1.5125763, -2.7104132), (2.7604504, 1.4442847, -2.58804), (2.8984137, 1.3786073, -2.4703515), (3.0184038, 1.3160397, -2.3582354), (-2.9506443, 1.5437953, -2.305296), (-2.8272455, 1.613708, -2.4096942), (-2.6863217, 1.6866002, -2.5185416), (-2.525539, 1.7618368, -2.6308897), (-2.34254, 1.8384472, -2.7452893), (-2.1351318, 1.9150529, -2.8596818), (-1.9015564, 1.9898121, -2.9713173), (-1.6408519, 2.0604093, -3.0767376), (-1.3532705, 2.1241186, -3.1718724), (-1.0406859, 2.1779733, -3.2522917), (-0.70687544, 2.2190497, -3.3136296), (-0.35754544, 2.24484, -3.3521414), (0, 2.2536385, -3.36528), (0.35754544, 2.24484, -3.3521414), (0.70687544, 2.2190497, -3.3136296), (1.0406859, 2.1779733, -3.2522917), (1.3532705, 2.1241186, -3.1718724), (1.6408519, 2.0604093, -3.0767376), (1.9015564, 1.9898121, -2.9713173), (2.1351318, 1.9150529, -2.8596818), (2.34254, 1.8384472, -2.7452893), (2.525539, 1.7618368, -2.6308897), (2.6863217, 1.6866002, -2.5185416), (2.8272455, 1.613708, -2.4096942), (2.9506443, 1.5437953, -2.305296), (-2.8761597, 1.7556287, -2.2471023), (-2.7495356, 1.8309125, -2.343461), (-2.6059673, 1.9088415, -2.4432058), (-2.4434361, 1.9886547, -2.545362), (-2.2599733, 2.069256, -2.6485271), (-2.0538344, 2.1491578, -2.7507966), (-1.8237385, 2.2264462, -2.8497212), (-1.5691668, 2.2987938, -2.942322), (-1.2906902, 2.36354, -3.0251932), (-0.99026614, 2.4178624, -3.094723), (-0.6714209, 2.4590409, -3.1474288), (-0.33922452, 2.4847813, -3.1803749), (0, 2.4935427, -3.191589), (0.33922452, 2.4847813, -3.1803749), (0.6714209, 2.4590409, -3.1474288), (0.99026614, 2.4178624, -3.094723), (1.2906902, 2.36354, -3.0251932), (1.5691668, 2.2987938, -2.942322), (1.8237385, 2.2264462, -2.8497212), (2.0538344, 2.1491578, -2.7507966), (2.2599733, 2.069256, -2.6485271), (2.4434361, 1.9886547, -2.545362), (2.6059673, 1.9088415, -2.4432058), (2.7495356, 1.8309125, -2.343461), (2.8761597, 1.7556287, -2.2471023)]
                                color3f[] primvars:displayColor = [(0, 0.5, 0.45)] (
                                    interpolation = "constant"
                                )
                                float[] primvars:displayOpacity = [0.3] (
                                    interpolation = "constant"
                                )
                                uniform token purpose = "guide"
                                uniform token subdivisionScheme = "none"
                            }

                            def Mesh "Shell_recognise" (
                                prepend apiSchemas = ["AecoDerivedGeometryAPI", "MaterialBindingAPI"]
                            )
                            {
                                uniform token aeco:derived:approx = "tessellated"
                                uniform token aeco:derived:role = "coverage"
                                string aeco:derived:source = "bebc051c-f40b-582f-b8a5-f603d7376f5a"
                                string aeco:derived:stamp = "usdAecoCctv derive 0.5.5"
                                uniform bool doubleSided = 1
                                float3[] extent = [(-6.383178, -4.9870853, -8.100369), (6.383178, 4.9870853, 0)]
                                int[] faceVertexCounts = [4, 4, 4, 4, 4, 4, 4, 4, 4, 4, 4, 4, 4, 4, 4, 4, 4, 4, 4, 4, 4, 4, 4, 4, 4, 4, 4, 4, 4, 4, 4, 4, 4, 4, 4, 4, 4, 4, 4, 4, 4, 4, 4, 4, 4, 4, 4, 4, 4, 4, 4, 4, 4, 4, 4, 4, 4, 4, 4, 4, 4, 4, 4, 4, 4, 4, 4, 4, 4, 4, 4, 4, 4, 4, 4, 4, 4, 4, 4, 4, 4, 4, 4, 4, 4, 4, 4, 4, 4, 4, 4, 4, 4, 4, 4, 4, 4, 4, 4, 4, 4, 4, 4, 4, 4, 4, 4, 4, 4, 4, 4, 4, 4, 4, 4, 4, 4, 4, 4, 4, 4, 4, 4, 4, 4, 4, 4, 4, 4, 4, 4, 4, 4, 4, 4, 4, 4, 4, 4, 4, 4, 4, 4, 4, 4, 4, 4, 4, 4, 4, 4, 4, 4, 4, 4, 4, 4, 4, 4, 4, 4, 4, 4, 4, 4, 4, 4, 4, 4, 4, 4, 4, 4, 4, 4, 4, 4, 4, 4, 4, 4, 4, 4, 4, 4, 4, 4, 4, 4, 4, 4, 4, 4, 4, 4, 4, 4, 4, 4, 4, 4, 4, 4, 4, 4, 4, 4, 4, 4, 4, 4, 4, 4, 4, 4, 4, 4, 4, 4, 4, 4, 4, 4, 4, 4, 4, 4, 4, 4, 4, 4, 4, 4, 4, 4, 4, 4, 4, 4, 4, 4, 4, 4, 4, 4, 4, 4, 4, 4, 4, 4, 4, 4, 4, 4, 4, 4, 4, 4, 4, 4, 4, 4, 4, 4, 4, 4, 4, 4, 4, 4, 4, 4, 4, 4, 4, 4, 4, 4, 4, 4, 4, 4, 4, 4, 4, 4, 4, 4, 4, 4, 4, 4, 4, 4, 4, 4, 4, 4, 4, 4, 4, 4, 4, 4, 4, 4, 4, 4, 4, 4, 4, 4, 4, 4, 4, 4, 4, 4, 4, 4, 4, 4, 4, 4, 4, 4, 4, 4, 4, 4, 4, 4, 4, 4, 4, 3, 3, 3, 3, 3, 3, 3, 3, 3, 3, 3, 3, 3, 3, 3, 3, 3, 3, 3, 3, 3, 3, 3, 3, 3, 3, 3, 3, 3, 3, 3, 3, 3, 3, 3, 3, 3, 3, 3, 3, 3, 3, 3, 3, 3, 3, 3, 3, 3, 3, 3, 3, 3, 3, 3, 3, 3, 3, 3, 3, 3, 3, 3, 3, 3, 3, 3, 3, 3, 3, 3, 3, 3, 3, 3, 3]
                                int[] faceVertexIndices = [1, 26, 27, 2, 2, 27, 28, 3, 3, 28, 29, 4, 4, 29, 30, 5, 5, 30, 31, 6, 6, 31, 32, 7, 7, 32, 33, 8, 8, 33, 34, 9, 9, 34, 35, 10, 10, 35, 36, 11, 11, 36, 37, 12, 12, 37, 38, 13, 13, 38, 39, 14, 14, 39, 40, 15, 15, 40, 41, 16, 16, 41, 42, 17, 17, 42, 43, 18, 18, 43, 44, 19, 19, 44, 45, 20, 20, 45, 46, 21, 21, 46, 47, 22, 22, 47, 48, 23, 23, 48, 49, 24, 24, 49, 50, 25, 26, 51, 52, 27, 27, 52, 53, 28, 28, 53, 54, 29, 29, 54, 55, 30, 30, 55, 56, 31, 31, 56, 57, 32, 32, 57, 58, 33, 33, 58, 59, 34, 34, 59, 60, 35, 35, 60, 61, 36, 36, 61, 62, 37, 37, 62, 63, 38, 38, 63, 64, 39, 39, 64, 65, 40, 40, 65, 66, 41, 41, 66, 67, 42, 42, 67, 68, 43, 43, 68, 69, 44, 44, 69, 70, 45, 45, 70, 71, 46, 46, 71, 72, 47, 47, 72, 73, 48, 48, 73, 74, 49, 49, 74, 75, 50, 51, 76, 77, 52, 52, 77, 78, 53, 53, 78, 79, 54, 54, 79, 80, 55, 55, 80, 81, 56, 56, 81, 82, 57, 57, 82, 83, 58, 58, 83, 84, 59, 59, 84, 85, 60, 60, 85, 86, 61, 61, 86, 87, 62, 62, 87, 88, 63, 63, 88, 89, 64, 64, 89, 90, 65, 65, 90, 91, 66, 66, 91, 92, 67, 67, 92, 93, 68, 68, 93, 94, 69, 69, 94, 95, 70, 70, 95, 96, 71, 71, 96, 97, 72, 72, 97, 98, 73, 73, 98, 99, 74, 74, 99, 100, 75, 76, 101, 102, 77, 77, 102, 103, 78, 78, 103, 104, 79, 79, 104, 105, 80, 80, 105, 106, 81, 81, 106, 107, 82, 82, 107, 108, 83, 83, 108, 109, 84, 84, 109, 110, 85, 85, 110, 111, 86, 86, 111, 112, 87, 87, 112, 113, 88, 88, 113, 114, 89, 89, 114, 115, 90, 90, 115, 116, 91, 91, 116, 117, 92, 92, 117, 118, 93, 93, 118, 119, 94, 94, 119, 120, 95, 95, 120, 121, 96, 96, 121, 122, 97, 97, 122, 123, 98, 98, 123, 124, 99, 99, 124, 125, 100, 101, 126, 127, 102, 102, 127, 128, 103, 103, 128, 129, 104, 104, 129, 130, 105, 105, 130, 131, 106, 106, 131, 132, 107, 107, 132, 133, 108, 108, 133, 134, 109, 109, 134, 135, 110, 110, 135, 136, 111, 111, 136, 137, 112, 112, 137, 138, 113, 113, 138, 139, 114, 114, 139, 140, 115, 115, 140, 141, 116, 116, 141, 142, 117, 117, 142, 143, 118, 118, 143, 144, 119, 119, 144, 145, 120, 120, 145, 146, 121, 121, 146, 147, 122, 122, 147, 148, 123, 123, 148, 149, 124, 124, 149, 150, 125, 126, 151, 152, 127, 127, 152, 153, 128, 128, 153, 154, 129, 129, 154, 155, 130, 130, 155, 156, 131, 131, 156, 157, 132, 132, 157, 158, 133, 133, 158, 159, 134, 134, 159, 160, 135, 135, 160, 161, 136, 136, 161, 162, 137, 137, 162, 163, 138, 138, 163, 164, 139, 139, 164, 165, 140, 140, 165, 166, 141, 141, 166, 167, 142, 142, 167, 168, 143, 143, 168, 169, 144, 144, 169, 170, 145, 145, 170, 171, 146, 146, 171, 172, 147, 147, 172, 173, 148, 148, 173, 174, 149, 149, 174, 175, 150, 151, 176, 177, 152, 152, 177, 178, 153, 153, 178, 179, 154, 154, 179, 180, 155, 155, 180, 181, 156, 156, 181, 182, 157, 157, 182, 183, 158, 158, 183, 184, 159, 159, 184, 185, 160, 160, 185, 186, 161, 161, 186, 187, 162, 162, 187, 188, 163, 163, 188, 189, 164, 164, 189, 190, 165, 165, 190, 191, 166, 166, 191, 192, 167, 167, 192, 193, 168, 168, 193, 194, 169, 169, 194, 195, 170, 170, 195, 196, 171, 171, 196, 197, 172, 172, 197, 198, 173, 173, 198, 199, 174, 174, 199, 200, 175, 176, 201, 202, 177, 177, 202, 203, 178, 178, 203, 204, 179, 179, 204, 205, 180, 180, 205, 206, 181, 181, 206, 207, 182, 182, 207, 208, 183, 183, 208, 209, 184, 184, 209, 210, 185, 185, 210, 211, 186, 186, 211, 212, 187, 187, 212, 213, 188, 188, 213, 214, 189, 189, 214, 215, 190, 190, 215, 216, 191, 191, 216, 217, 192, 192, 217, 218, 193, 193, 218, 219, 194, 194, 219, 220, 195, 195, 220, 221, 196, 196, 221, 222, 197, 197, 222, 223, 198, 198, 223, 224, 199, 199, 224, 225, 200, 201, 226, 227, 202, 202, 227, 228, 203, 203, 228, 229, 204, 204, 229, 230, 205, 205, 230, 231, 206, 206, 231, 232, 207, 207, 232, 233, 208, 208, 233, 234, 209, 209, 234, 235, 210, 210, 235, 236, 211, 211, 236, 237, 212, 212, 237, 238, 213, 213, 238, 239, 214, 214, 239, 240, 215, 215, 240, 241, 216, 216, 241, 242, 217, 217, 242, 243, 218, 218, 243, 244, 219, 219, 244, 245, 220, 220, 245, 246, 221, 221, 246, 247, 222, 222, 247, 248, 223, 223, 248, 249, 224, 224, 249, 250, 225, 226, 251, 252, 227, 227, 252, 253, 228, 228, 253, 254, 229, 229, 254, 255, 230, 230, 255, 256, 231, 231, 256, 257, 232, 232, 257, 258, 233, 233, 258, 259, 234, 234, 259, 260, 235, 235, 260, 261, 236, 236, 261, 262, 237, 237, 262, 263, 238, 238, 263, 264, 239, 239, 264, 265, 240, 240, 265, 266, 241, 241, 266, 267, 242, 242, 267, 268, 243, 243, 268, 269, 244, 244, 269, 270, 245, 245, 270, 271, 246, 246, 271, 272, 247, 247, 272, 273, 248, 248, 273, 274, 249, 249, 274, 275, 250, 251, 276, 277, 252, 252, 277, 278, 253, 253, 278, 279, 254, 254, 279, 280, 255, 255, 280, 281, 256, 256, 281, 282, 257, 257, 282, 283, 258, 258, 283, 284, 259, 259, 284, 285, 260, 260, 285, 286, 261, 261, 286, 287, 262, 262, 287, 288, 263, 263, 288, 289, 264, 264, 289, 290, 265, 265, 290, 291, 266, 266, 291, 292, 267, 267, 292, 293, 268, 268, 293, 294, 269, 269, 294, 295, 270, 270, 295, 296, 271, 271, 296, 297, 272, 272, 297, 298, 273, 273, 298, 299, 274, 274, 299, 300, 275, 276, 301, 302, 277, 277, 302, 303, 278, 278, 303, 304, 279, 279, 304, 305, 280, 280, 305, 306, 281, 281, 306, 307, 282, 282, 307, 308, 283, 283, 308, 309, 284, 284, 309, 310, 285, 285, 310, 311, 286, 286, 311, 312, 287, 287, 312, 313, 288, 288, 313, 314, 289, 289, 314, 315, 290, 290, 315, 316, 291, 291, 316, 317, 292, 292, 317, 318, 293, 293, 318, 319, 294, 294, 319, 320, 295, 295, 320, 321, 296, 296, 321, 322, 297, 297, 322, 323, 298, 298, 323, 324, 299, 299, 324, 325, 300, 301, 326, 327, 302, 302, 327, 328, 303, 303, 328, 329, 304, 304, 329, 330, 305, 305, 330, 331, 306, 306, 331, 332, 307, 307, 332, 333, 308, 308, 333, 334, 309, 309, 334, 335, 310, 310, 335, 336, 311, 311, 336, 337, 312, 312, 337, 338, 313, 313, 338, 339, 314, 314, 339, 340, 315, 315, 340, 341, 316, 316, 341, 342, 317, 317, 342, 343, 318, 318, 343, 344, 319, 319, 344, 345, 320, 320, 345, 346, 321, 321, 346, 347, 322, 322, 347, 348, 323, 323, 348, 349, 324, 324, 349, 350, 325, 326, 351, 352, 327, 327, 352, 353, 328, 328, 353, 354, 329, 329, 354, 355, 330, 330, 355, 356, 331, 331, 356, 357, 332, 332, 357, 358, 333, 333, 358, 359, 334, 334, 359, 360, 335, 335, 360, 361, 336, 336, 361, 362, 337, 337, 362, 363, 338, 338, 363, 364, 339, 339, 364, 365, 340, 340, 365, 366, 341, 341, 366, 367, 342, 342, 367, 368, 343, 343, 368, 369, 344, 344, 369, 370, 345, 345, 370, 371, 346, 346, 371, 372, 347, 347, 372, 373, 348, 348, 373, 374, 349, 349, 374, 375, 350, 0, 1, 2, 0, 2, 3, 0, 3, 4, 0, 4, 5, 0, 5, 6, 0, 6, 7, 0, 7, 8, 0, 8, 9, 0, 9, 10, 0, 10, 11, 0, 11, 12, 0, 12, 13, 0, 13, 14, 0, 14, 15, 0, 15, 16, 0, 16, 17, 0, 17, 18, 0, 18, 19, 0, 19, 20, 0, 20, 21, 0, 21, 22, 0, 22, 23, 0, 23, 24, 0, 24, 25, 0, 352, 351, 0, 353, 352, 0, 354, 353, 0, 355, 354, 0, 356, 355, 0, 357, 356, 0, 358, 357, 0, 359, 358, 0, 360, 359, 0, 361, 360, 0, 362, 361, 0, 363, 362, 0, 364, 363, 0, 365, 364, 0, 366, 365, 0, 367, 366, 0, 368, 367, 0, 369, 368, 0, 370, 369, 0, 371, 370, 0, 372, 371, 0, 373, 372, 0, 374, 373, 0, 375, 374, 0, 26, 1, 0, 51, 26, 0, 76, 51, 0, 101, 76, 0, 126, 101, 0, 151, 126, 0, 176, 151, 0, 201, 176, 0, 226, 201, 0, 251, 226, 0, 276, 251, 0, 301, 276, 0, 326, 301, 0, 351, 326, 0, 25, 50, 0, 50, 75, 0, 75, 100, 0, 100, 125, 0, 125, 150, 0, 150, 175, 0, 175, 200, 0, 200, 225, 0, 225, 250, 0, 250, 275, 0, 275, 300, 0, 300, 325, 0, 325, 350, 0, 350, 375]
                                rel material:binding = </AecoCctvLooks/Shell_recognise>
                                point3f[] points = [(0, 0, 0), (-5.7523193, -3.5112574, -4.4942045), (-5.499071, -3.661825, -4.686922), (-5.2119346, -3.817683, -4.8864117), (-4.8868723, -3.9773095, -5.090724), (-4.5199466, -4.138512, -5.2970543), (-4.107669, -4.2983155, -5.501593), (-3.647477, -4.4528923, -5.6994424), (-3.1383336, -4.5975876, -5.884644), (-2.5813804, -4.72708, -6.0503864), (-1.9805323, -4.835725, -6.189446), (-1.3428417, -4.9180818, -6.2948575), (-0.67844903, -4.9695625, -6.3607497), (0, -4.9870853, -6.383178), (0.67844903, -4.9695625, -6.3607497), (1.3428417, -4.9180818, -6.2948575), (1.9805323, -4.835725, -6.189446), (2.5813804, -4.72708, -6.0503864), (3.1383336, -4.5975876, -5.884644), (3.647477, -4.4528923, -5.6994424), (4.107669, -4.2983155, -5.501593), (4.5199466, -4.138512, -5.2970543), (4.8868723, -3.9773095, -5.090724), (5.2119346, -3.817683, -4.8864117), (5.499071, -3.661825, -4.686922), (5.7523193, -3.5112574, -4.4942045), (-5.9012885, -3.0875907, -4.610592), (-5.654491, -3.227416, -4.8193884), (-5.3726435, -3.3732004, -5.037083), (-5.051078, -3.5236735, -5.2617793), (-4.68508, -3.6768944, -5.4905787), (-4.2702637, -3.8301058, -5.7193637), (-3.8031127, -3.9796243, -5.9426346), (-3.2817037, -4.1208186, -6.1534753), (-2.706541, -4.248237, -6.3437448), (-2.0813718, -4.3559465, -6.5045834), (-1.4137509, -4.4380994, -6.6272593), (-0.7150909, -4.48968, -6.7042828), (0, -4.507277, -6.73056), (0.7150909, -4.48968, -6.7042828), (1.4137509, -4.4380994, -6.6272593), (2.0813718, -4.3559465, -6.5045834), (2.706541, -4.248237, -6.3437448), (3.2817037, -4.1208186, -6.1534753), (3.8031127, -3.9796243, -5.9426346), (4.2702637, -3.8301058, -5.7193637), (4.68508, -3.6768944, -5.4905787), (5.051078, -3.5236735, -5.2617793), (5.3726435, -3.3732004, -5.037083), (5.654491, -3.227416, -4.8193884), (5.9012885, -3.0875907, -4.610592), (-6.0368075, -2.6320794, -4.7164707), (-5.7968273, -2.7572145, -4.940703), (-5.5209007, -2.8885694, -5.17608), (-5.203756, -3.0251527, -5.4208264), (-4.8399096, -3.1653383, -5.6720276), (-4.424046, -3.3066974, -5.9253316), (-3.9516203, -3.4458537, -6.1746883), (-3.4196968, -3.5784132, -6.412224), (-2.8279839, -3.6990466, -6.6283894), (-2.1799047, -3.8017986, -6.8125124), (-1.483418, -3.8806674, -6.953839), (-0.7512166, -3.9304118, -7.042977), (0, -3.9474232, -7.0734596), (0.7512166, -3.9304118, -7.042977), (1.483418, -3.8806674, -6.953839), (2.1799047, -3.8017986, -6.8125124), (2.8279839, -3.6990466, -6.6283894), (3.4196968, -3.5784132, -6.412224), (3.9516203, -3.4458537, -6.1746883), (4.424046, -3.3066974, -5.9253316), (4.8399096, -3.1653383, -5.6720276), (5.203756, -3.0251527, -5.4208264), (5.5209007, -2.8885694, -5.17608), (5.7968273, -2.7572145, -4.940703), (6.0368075, -2.6320794, -4.7164707), (-6.154913, -2.146859, -4.808745), (-5.9216366, -2.2532632, -5.0470796), (-5.65178, -2.365637, -5.298785), (-5.3395305, -2.483267, -5.5622644), (-4.978685, -2.604879, -5.8346624), (-4.5630317, -2.7284644, -6.1114817), (-4.086987, -2.851116, -6.3862085), (-3.5465457, -2.9689195, -6.6500764), (-2.9405105, -3.0769866, -6.8921356), (-2.271843, -3.169713, -7.0998335), (-1.5487803, -3.2413259, -7.260239), (-0.78522956, -3.286696, -7.361863), (0, -3.302248, -7.396698), (0.78522956, -3.286696, -7.361863), (1.5487803, -3.2413259, -7.260239), (2.271843, -3.169713, -7.0998335), (2.9405105, -3.0769866, -6.8921356), (3.5465457, -2.9689195, -6.6500764), (4.086987, -2.851116, -6.3862085), (4.5630317, -2.7284644, -6.1114817), (4.978685, -2.604879, -5.8346624), (5.3395305, -2.483267, -5.5622644), (5.65178, -2.365637, -5.298785), (5.9216366, -2.2532632, -5.0470796), (6.154913, -2.146859, -4.808745), (-6.251723, -1.6354702, -4.8843813), (-6.0244865, -1.7192993, -5.13474), (-5.760269, -1.8082851, -5.400499), (-5.452807, -1.9019616, -5.6802664), (-5.0952797, -1.9994115, -5.9713035), (-4.6806774, -2.099108, -6.26905), (-4.20246, -2.198753, -6.5666428), (-3.655594, -2.2951555, -6.854552), (-3.0379634, -2.3842218, -7.120551), (-2.351988, -2.4611495, -7.350298), (-1.6060544, -2.5208929, -7.5287232), (-0.8151334, -2.558897, -7.642224), (0, -2.5719523, -7.681214), (0.8151334, -2.558897, -7.642224), (1.6060544, -2.5208929, -7.5287232), (2.351988, -2.4611495, -7.350298), (3.0379634, -2.3842218, -7.120551), (3.655594, -2.2951555, -6.854552), (4.20246, -2.198753, -6.5666428), (4.6806774, -2.099108, -6.26905), (5.0952797, -1.9994115, -5.9713035), (5.452807, -1.9019616, -5.6802664), (5.760269, -1.8082851, -5.400499), (6.0244865, -1.7192993, -5.13474), (6.251723, -1.6354702, -4.8843813), (-6.3237386, -1.1028731, -4.940646), (-6.1013217, -1.1608179, -5.2002273), (-5.841702, -1.2225659, -5.4768453), (-5.53828, -1.28785, -5.7693048), (-5.1837626, -1.3560884, -6.074999), (-4.7705092, -1.4262629, -6.389366), (-4.291203, -1.4967892, -6.7053103), (-3.7399476, -1.565411, -7.0127215), (-3.1138206, -1.6291702, -7.29835), (-2.4147232, -1.6845307, -7.546354), (-1.6510873, -1.7277182, -7.739825), (-0.83871406, -1.7552816, -7.8633027), (0, -1.7647667, -7.905794), (0.83871406, -1.7552816, -7.8633027), (1.6510873, -1.7277182, -7.739825), (2.4147232, -1.6845307, -7.546354), (3.1138206, -1.6291702, -7.29835), (3.7399476, -1.565411, -7.0127215), (4.291203, -1.4967892, -6.7053103), (4.7705092, -1.4262629, -6.389366), (5.1837626, -1.3560884, -6.074999), (5.53828, -1.28785, -5.7693048), (5.841702, -1.2225659, -5.4768453), (6.1013217, -1.1608179, -5.2002273), (6.3237386, -1.1028731, -4.940646), (-6.368161, -0.55531025, -4.975353), (-6.148858, -0.584931, -5.2407427), (-5.892251, -0.61657244, -5.524237), (-5.5915346, -0.6501168, -5.824781), (-5.2391176, -0.6852847, -6.139871), (-4.8269563, -0.72156954, -6.464968), (-4.347225, -0.75816506, -6.7928495), (-3.7934515, -0.793903, -7.113046), (-3.1621566, -0.8272299, -7.411642), (-2.4548626, -0.8562662, -7.6717954), (-1.679996, -0.87898433, -7.8753405), (-0.85388416, -0.893515, -8.005529), (0, -0.89852107, -8.050382), (0.85388416, -0.893515, -8.005529), (1.679996, -0.87898433, -7.8753405), (2.4548626, -0.8562662, -7.6717954), (3.1621566, -0.8272299, -7.411642), (3.7934515, -0.793903, -7.113046), (4.347225, -0.75816506, -6.7928495), (4.8269563, -0.72156954, -6.464968), (5.2391176, -0.6852847, -6.139871), (5.5915346, -0.6501168, -5.824781), (5.892251, -0.61657244, -5.524237), (6.148858, -0.584931, -5.2407427), (6.368161, -0.55531025, -4.975353), (-6.383178, 0, -4.9870853), (-6.164952, 0, -5.25446), (-5.9093947, 0, -5.5403104), (-5.6096306, 0, -5.8436317), (-5.257967, 0, -6.161961), (-4.846222, 0, -6.490772), (-4.3663926, 0, -6.8227997), (-3.811803, 0, -7.147457), (-3.1787758, 0, -7.4505954), (-2.4686937, 0, -7.71502), (-1.689975, 0, -7.922119), (-0.8591268, 0, -8.054681), (0, 0, -8.100369), (0.8591268, 0, -8.054681), (1.689975, 0, -7.922119), (2.4686937, 0, -7.71502), (3.1787758, 0, -7.4505954), (3.811803, 0, -7.147457), (4.3663926, 0, -6.8227997), (4.846222, 0, -6.490772), (5.257967, 0, -6.161961), (5.6096306, 0, -5.8436317), (5.9093947, 0, -5.5403104), (6.164952, 0, -5.25446), (6.383178, 0, -4.9870853), (-6.368161, 0.55531025, -4.975353), (-6.148858, 0.584931, -5.2407427), (-5.892251, 0.61657244, -5.524237), (-5.5915346, 0.6501168, -5.824781), (-5.2391176, 0.6852847, -6.139871), (-4.8269563, 0.72156954, -6.464968), (-4.347225, 0.75816506, -6.7928495), (-3.7934515, 0.793903, -7.113046), (-3.1621566, 0.8272299, -7.411642), (-2.4548626, 0.8562662, -7.6717954), (-1.679996, 0.87898433, -7.8753405), (-0.85388416, 0.893515, -8.005529), (0, 0.89852107, -8.050382), (0.85388416, 0.893515, -8.005529), (1.679996, 0.87898433, -7.8753405), (2.4548626, 0.8562662, -7.6717954), (3.1621566, 0.8272299, -7.411642), (3.7934515, 0.793903, -7.113046), (4.347225, 0.75816506, -6.7928495), (4.8269563, 0.72156954, -6.464968), (5.2391176, 0.6852847, -6.139871), (5.5915346, 0.6501168, -5.824781), (5.892251, 0.61657244, -5.524237), (6.148858, 0.584931, -5.2407427), (6.368161, 0.55531025, -4.975353), (-6.3237386, 1.1028731, -4.940646), (-6.1013217, 1.1608179, -5.2002273), (-5.841702, 1.2225659, -5.4768453), (-5.53828, 1.28785, -5.7693048), (-5.1837626, 1.3560884, -6.074999), (-4.7705092, 1.4262629, -6.389366), (-4.291203, 1.4967892, -6.7053103), (-3.7399476, 1.565411, -7.0127215), (-3.1138206, 1.6291702, -7.29835), (-2.4147232, 1.6845307, -7.546354), (-1.6510873, 1.7277182, -7.739825), (-0.83871406, 1.7552816, -7.8633027), (0, 1.7647667, -7.905794), (0.83871406, 1.7552816, -7.8633027), (1.6510873, 1.7277182, -7.739825), (2.4147232, 1.6845307, -7.546354), (3.1138206, 1.6291702, -7.29835), (3.7399476, 1.565411, -7.0127215), (4.291203, 1.4967892, -6.7053103), (4.7705092, 1.4262629, -6.389366), (5.1837626, 1.3560884, -6.074999), (5.53828, 1.28785, -5.7693048), (5.841702, 1.2225659, -5.4768453), (6.1013217, 1.1608179, -5.2002273), (6.3237386, 1.1028731, -4.940646), (-6.251723, 1.6354702, -4.8843813), (-6.0244865, 1.7192993, -5.13474), (-5.760269, 1.8082851, -5.400499), (-5.452807, 1.9019616, -5.6802664), (-5.0952797, 1.9994115, -5.9713035), (-4.6806774, 2.099108, -6.26905), (-4.20246, 2.198753, -6.5666428), (-3.655594, 2.2951555, -6.854552), (-3.0379634, 2.3842218, -7.120551), (-2.351988, 2.4611495, -7.350298), (-1.6060544, 2.5208929, -7.5287232), (-0.8151334, 2.558897, -7.642224), (0, 2.5719523, -7.681214), (0.8151334, 2.558897, -7.642224), (1.6060544, 2.5208929, -7.5287232), (2.351988, 2.4611495, -7.350298), (3.0379634, 2.3842218, -7.120551), (3.655594, 2.2951555, -6.854552), (4.20246, 2.198753, -6.5666428), (4.6806774, 2.099108, -6.26905), (5.0952797, 1.9994115, -5.9713035), (5.452807, 1.9019616, -5.6802664), (5.760269, 1.8082851, -5.400499), (6.0244865, 1.7192993, -5.13474), (6.251723, 1.6354702, -4.8843813), (-6.154913, 2.146859, -4.808745), (-5.9216366, 2.2532632, -5.0470796), (-5.65178, 2.365637, -5.298785), (-5.3395305, 2.483267, -5.5622644), (-4.978685, 2.604879, -5.8346624), (-4.5630317, 2.7284644, -6.1114817), (-4.086987, 2.851116, -6.3862085), (-3.5465457, 2.9689195, -6.6500764), (-2.9405105, 3.0769866, -6.8921356), (-2.271843, 3.169713, -7.0998335), (-1.5487803, 3.2413259, -7.260239), (-0.78522956, 3.286696, -7.361863), (0, 3.302248, -7.396698), (0.78522956, 3.286696, -7.361863), (1.5487803, 3.2413259, -7.260239), (2.271843, 3.169713, -7.0998335), (2.9405105, 3.0769866, -6.8921356), (3.5465457, 2.9689195, -6.6500764), (4.086987, 2.851116, -6.3862085), (4.5630317, 2.7284644, -6.1114817), (4.978685, 2.604879, -5.8346624), (5.3395305, 2.483267, -5.5622644), (5.65178, 2.365637, -5.298785), (5.9216366, 2.2532632, -5.0470796), (6.154913, 2.146859, -4.808745), (-6.0368075, 2.6320794, -4.7164707), (-5.7968273, 2.7572145, -4.940703), (-5.5209007, 2.8885694, -5.17608), (-5.203756, 3.0251527, -5.4208264), (-4.8399096, 3.1653383, -5.6720276), (-4.424046, 3.3066974, -5.9253316), (-3.9516203, 3.4458537, -6.1746883), (-3.4196968, 3.5784132, -6.412224), (-2.8279839, 3.6990466, -6.6283894), (-2.1799047, 3.8017986, -6.8125124), (-1.483418, 3.8806674, -6.953839), (-0.7512166, 3.9304118, -7.042977), (0, 3.9474232, -7.0734596), (0.7512166, 3.9304118, -7.042977), (1.483418, 3.8806674, -6.953839), (2.1799047, 3.8017986, -6.8125124), (2.8279839, 3.6990466, -6.6283894), (3.4196968, 3.5784132, -6.412224), (3.9516203, 3.4458537, -6.1746883), (4.424046, 3.3066974, -5.9253316), (4.8399096, 3.1653383, -5.6720276), (5.203756, 3.0251527, -5.4208264), (5.5209007, 2.8885694, -5.17608), (5.7968273, 2.7572145, -4.940703), (6.0368075, 2.6320794, -4.7164707), (-5.9012885, 3.0875907, -4.610592), (-5.654491, 3.227416, -4.8193884), (-5.3726435, 3.3732004, -5.037083), (-5.051078, 3.5236735, -5.2617793), (-4.68508, 3.6768944, -5.4905787), (-4.2702637, 3.8301058, -5.7193637), (-3.8031127, 3.9796243, -5.9426346), (-3.2817037, 4.1208186, -6.1534753), (-2.706541, 4.248237, -6.3437448), (-2.0813718, 4.3559465, -6.5045834), (-1.4137509, 4.4380994, -6.6272593), (-0.7150909, 4.48968, -6.7042828), (0, 4.507277, -6.73056), (0.7150909, 4.48968, -6.7042828), (1.4137509, 4.4380994, -6.6272593), (2.0813718, 4.3559465, -6.5045834), (2.706541, 4.248237, -6.3437448), (3.2817037, 4.1208186, -6.1534753), (3.8031127, 3.9796243, -5.9426346), (4.2702637, 3.8301058, -5.7193637), (4.68508, 3.6768944, -5.4905787), (5.051078, 3.5236735, -5.2617793), (5.3726435, 3.3732004, -5.037083), (5.654491, 3.227416, -4.8193884), (5.9012885, 3.0875907, -4.610592), (-5.7523193, 3.5112574, -4.4942045), (-5.499071, 3.661825, -4.686922), (-5.2119346, 3.817683, -4.8864117), (-4.8868723, 3.9773095, -5.090724), (-4.5199466, 4.138512, -5.2970543), (-4.107669, 4.2983155, -5.501593), (-3.647477, 4.4528923, -5.6994424), (-3.1383336, 4.5975876, -5.884644), (-2.5813804, 4.72708, -6.0503864), (-1.9805323, 4.835725, -6.189446), (-1.3428417, 4.9180818, -6.2948575), (-0.67844903, 4.9695625, -6.3607497), (0, 4.9870853, -6.383178), (0.67844903, 4.9695625, -6.3607497), (1.3428417, 4.9180818, -6.2948575), (1.9805323, 4.835725, -6.189446), (2.5813804, 4.72708, -6.0503864), (3.1383336, 4.5975876, -5.884644), (3.647477, 4.4528923, -5.6994424), (4.107669, 4.2983155, -5.501593), (4.5199466, 4.138512, -5.2970543), (4.8868723, 3.9773095, -5.090724), (5.2119346, 3.817683, -4.8864117), (5.499071, 3.661825, -4.686922), (5.7523193, 3.5112574, -4.4942045)]
                                color3f[] primvars:displayColor = [(0.18333334, 0.6166667, 0.56666666)] (
                                    interpolation = "constant"
                                )
                                float[] primvars:displayOpacity = [0.3] (
                                    interpolation = "constant"
                                )
                                uniform token purpose = "guide"
                                uniform token subdivisionScheme = "none"
                            }
                        }
                    }

                    over "Cam_4"
                    {
                        double aeco:cctv:mountHeight = 2.85

                        over "Sensor_0"
                        {
                            double aeco:cctvSensor:effectiveWidth = 7.791462802032823
                            double aeco:cctvSensor:effectiveWidth.timeSamples = {
                                0: 7.791462802032823,
                                84: 7.791462802032823,
                                96: 7.793311119666538,
                                228: 7.793311119666538,
                                240: 7.794789773773509,
                                372: 7.794789773773509,
                                384: 7.791462802032823,
                            }
                            double aeco:cctvSensor:hfov = 58.194767858507866
                            double aeco:cctvSensor:hfov.timeSamples = {
                                0: 58.194767858507866,
                                84: 58.194767858507866,
                                96: 35.97943487531776,
                                228: 35.97943487531776,
                                240: 27.379821970110427,
                                372: 27.379821970110427,
                                384: 58.194767858507866,
                            }
                            double aeco:cctvSensor:targetRange = 27.599438701535632
                            double aeco:cctvSensor:targetRange.timeSamples = {
                                0: 27.599438701535632,
                                84: 27.599438701535632,
                                96: 47.30210232076214,
                                228: 47.30210232076214,
                                240: 63.057505624305236,
                                372: 63.057505624305236,
                                384: 27.599438701535632,
                            }
                            double aeco:cctvSensor:vfov = 34.737915987624
                            double aeco:cctvSensor:vfov.timeSamples = {
                                0: 34.737915987624,
                                84: 34.737915987624,
                                96: 20.675476282646127,
                                228: 20.675476282646127,
                                240: 15.577181552973848,
                                372: 15.577181552973848,
                                384: 34.737915987624,
                            }
                            float2 clippingRange = (0.05, 20)
                            float focalLength = 7
                            float focalLength.timeSamples = {
                                0: 7,
                                84: 7,
                                96: 12,
                                228: 12,
                                240: 16,
                                372: 16,
                                384: 7,
                            }
                            float horizontalAperture = 7.791463
                            float horizontalAperture.timeSamples = {
                                0: 7.791463,
                                84: 7.791463,
                                96: 7.793311,
                                228: 7.793311,
                                240: 7.79479,
                                372: 7.79479,
                                384: 7.791463,
                            }
                            float verticalAperture = 4.3790054
                            float verticalAperture.timeSamples = {
                                0: 4.3790054,
                                84: 4.3790054,
                                96: 4.377871,
                                228: 4.377871,
                                240: 4.376963,
                                372: 4.376963,
                                384: 4.3790054,
                            }
                            matrix4d xformOp:transform = ( (-0.7071067811865475, -0.7071067811865477, 0, 0), (0.2418447626479755, -0.24184476264797541, 0.9396926207859083, 0), (-0.6644630243886748, 0.6644630243886746, 0.342020143325669, 0), (0, 0, -0.15, 1) )
                            matrix4d xformOp:transform.timeSamples = {
                                0: ( (-0.7071067811865475, -0.7071067811865477, 0, 0), (0.2418447626479755, -0.24184476264797541, 0.9396926207859083, 0), (-0.6644630243886748, 0.6644630243886746, 0.342020143325669, 0), (0, 0, -0.15, 1) ),
                                84: ( (-0.7071067811865475, -0.7071067811865477, 0, 0), (0.2418447626479755, -0.24184476264797541, 0.9396926207859083, 0), (-0.6644630243886748, 0.6644630243886746, 0.342020143325669, 0), (0, 0, -0.15, 1) ),
                                96: ( (0.052562536747921995, -0.9986176343979829, 0, 0), (0.3003399812113218, 0.015808484404350905, 0.9537012045220559, 0), (-0.9523828407823223, -0.05012895460922803, 0.30075573559481744, 0), (0, 0, -0.15, 1) ),
                                228: ( (0.052562536747921995, -0.9986176343979829, 0, 0), (0.3003399812113218, 0.015808484404350905, 0.9537012045220559, 0), (-0.9523828407823223, -0.05012895460922803, 0.30075573559481744, 0), (0, 0, -0.15, 1) ),
                                240: ( (-0.30152131898399603, -0.9534594350040023, 0, 0), (0.1383787410441947, -0.043760792527912075, 0.9894121067908724, 0), (-0.9433643083269448, 0.29832884345831817, 0.14513332813536406, 0), (0, 0, -0.15, 1) ),
                                372: ( (-0.30152131898399603, -0.9534594350040023, 0, 0), (0.1383787410441947, -0.043760792527912075, 0.9894121067908724, 0), (-0.9433643083269448, 0.29832884345831817, 0.14513332813536406, 0), (0, 0, -0.15, 1) ),
                                384: ( (-0.7071067811865475, -0.7071067811865477, 0, 0), (0.2418447626479755, -0.24184476264797541, 0.9396926207859083, 0), (-0.6644630243886748, 0.6644630243886746, 0.342020143325669, 0), (0, 0, -0.15, 1) ),
                            }
                            uniform token[] xformOpOrder = ["xformOp:transform"]

                            def Mesh "Sector" (
                                prepend apiSchemas = ["AecoDerivedGeometryAPI", "MaterialBindingAPI"]
                            )
                            {
                                uniform token aeco:derived:approx = "tessellated"
                                uniform token aeco:derived:role = "sector"
                                string aeco:derived:source = "7159d2f3-92ae-5116-911d-c954167cd6f3"
                                string aeco:derived:stamp = "usdAecoCctv derive 0.5.5"
                                uniform bool doubleSided = 1
                                float3[] extent = [(-9.725909, -5.970475, -20), (9.725909, 5.970475, 0)]
                                float3[] extent.timeSamples = {
                                    0: [(-9.725909, -5.970475, -20), (9.725909, 5.970475, 0)],
                                    84: [(-9.725909, -5.970475, -20), (9.725909, 5.970475, 0)],
                                    96: [(-6.176926, -3.5890043, -20), (6.176926, 3.5890043, 0)],
                                    228: [(-6.176926, -3.5890043, -20), (6.176926, 3.5890043, 0)],
                                    240: [(-4.733341, -2.7103658, -20), (4.733341, 2.7103658, 0)],
                                    372: [(-4.733341, -2.7103658, -20), (4.733341, 2.7103658, 0)],
                                    384: [(-9.725909, -5.970475, -20), (9.725909, 5.970475, 0)],
                                }
                                int[] faceVertexCounts = [4, 4, 4, 4, 4, 4, 4, 4, 4, 4, 4, 4, 4, 4, 4, 4, 4, 4, 4, 4, 4, 4, 4, 4, 4, 4, 4, 4, 4, 4, 4, 4, 4, 4, 4, 4, 4, 4, 4, 4, 4, 4, 4, 4, 4, 4, 4, 4, 4, 4, 4, 4, 4, 4, 4, 4, 4, 4, 4, 4, 4, 4, 4, 4, 4, 4, 4, 4, 4, 4, 4, 4, 4, 4, 4, 4, 4, 4, 4, 4, 4, 4, 4, 4, 4, 4, 4, 4, 4, 4, 4, 4, 4, 4, 4, 4, 4, 4, 4, 4, 4, 4, 4, 4, 4, 4, 4, 4, 4, 4, 4, 4, 4, 4, 4, 4, 4, 4, 4, 4, 4, 4, 4, 4, 4, 4, 4, 4, 4, 4, 4, 4, 4, 4, 4, 4, 4, 4, 4, 4, 4, 4, 4, 4, 4, 4, 4, 4, 4, 4, 4, 4, 4, 4, 4, 4, 4, 4, 4, 4, 4, 4, 4, 4, 4, 4, 4, 4, 4, 4, 4, 4, 4, 4, 4, 4, 4, 4, 4, 4, 4, 4, 4, 4, 4, 4, 4, 4, 4, 4, 4, 4, 4, 4, 4, 4, 4, 4, 4, 4, 4, 4, 4, 4, 4, 4, 4, 4, 4, 4, 4, 4, 4, 4, 4, 4, 4, 4, 4, 4, 4, 4, 4, 4, 4, 4, 4, 4, 4, 4, 4, 4, 4, 4, 4, 4, 4, 4, 4, 4, 4, 4, 4, 4, 4, 4, 4, 4, 4, 4, 4, 4, 4, 4, 4, 4, 4, 4, 4, 4, 4, 4, 4, 4, 4, 4, 4, 4, 4, 4, 4, 4, 4, 4, 4, 4, 4, 4, 4, 4, 4, 4, 4, 4, 4, 4, 4, 4, 4, 4, 4, 4, 4, 4, 4, 4, 4, 4, 4, 4, 4, 4, 4, 4, 4, 4, 4, 4, 4, 4, 4, 4, 4, 4, 4, 4, 4, 4, 4, 4, 4, 4, 4, 4, 4, 4, 4, 4, 4, 4, 4, 4, 4, 4, 4, 4, 3, 3, 3, 3, 3, 3, 3, 3, 3, 3, 3, 3, 3, 3, 3, 3, 3, 3, 3, 3, 3, 3, 3, 3, 3, 3, 3, 3, 3, 3, 3, 3, 3, 3, 3, 3, 3, 3, 3, 3, 3, 3, 3, 3, 3, 3, 3, 3, 3, 3, 3, 3, 3, 3, 3, 3, 3, 3, 3, 3, 3, 3, 3, 3, 3, 3, 3, 3, 3, 3, 3, 3, 3, 3, 3, 3]
                                int[] faceVertexIndices = [1, 26, 27, 2, 2, 27, 28, 3, 3, 28, 29, 4, 4, 29, 30, 5, 5, 30, 31, 6, 6, 31, 32, 7, 7, 32, 33, 8, 8, 33, 34, 9, 9, 34, 35, 10, 10, 35, 36, 11, 11, 36, 37, 12, 12, 37, 38, 13, 13, 38, 39, 14, 14, 39, 40, 15, 15, 40, 41, 16, 16, 41, 42, 17, 17, 42, 43, 18, 18, 43, 44, 19, 19, 44, 45, 20, 20, 45, 46, 21, 21, 46, 47, 22, 22, 47, 48, 23, 23, 48, 49, 24, 24, 49, 50, 25, 26, 51, 52, 27, 27, 52, 53, 28, 28, 53, 54, 29, 29, 54, 55, 30, 30, 55, 56, 31, 31, 56, 57, 32, 32, 57, 58, 33, 33, 58, 59, 34, 34, 59, 60, 35, 35, 60, 61, 36, 36, 61, 62, 37, 37, 62, 63, 38, 38, 63, 64, 39, 39, 64, 65, 40, 40, 65, 66, 41, 41, 66, 67, 42, 42, 67, 68, 43, 43, 68, 69, 44, 44, 69, 70, 45, 45, 70, 71, 46, 46, 71, 72, 47, 47, 72, 73, 48, 48, 73, 74, 49, 49, 74, 75, 50, 51, 76, 77, 52, 52, 77, 78, 53, 53, 78, 79, 54, 54, 79, 80, 55, 55, 80, 81, 56, 56, 81, 82, 57, 57, 82, 83, 58, 58, 83, 84, 59, 59, 84, 85, 60, 60, 85, 86, 61, 61, 86, 87, 62, 62, 87, 88, 63, 63, 88, 89, 64, 64, 89, 90, 65, 65, 90, 91, 66, 66, 91, 92, 67, 67, 92, 93, 68, 68, 93, 94, 69, 69, 94, 95, 70, 70, 95, 96, 71, 71, 96, 97, 72, 72, 97, 98, 73, 73, 98, 99, 74, 74, 99, 100, 75, 76, 101, 102, 77, 77, 102, 103, 78, 78, 103, 104, 79, 79, 104, 105, 80, 80, 105, 106, 81, 81, 106, 107, 82, 82, 107, 108, 83, 83, 108, 109, 84, 84, 109, 110, 85, 85, 110, 111, 86, 86, 111, 112, 87, 87, 112, 113, 88, 88, 113, 114, 89, 89, 114, 115, 90, 90, 115, 116, 91, 91, 116, 117, 92, 92, 117, 118, 93, 93, 118, 119, 94, 94, 119, 120, 95, 95, 120, 121, 96, 96, 121, 122, 97, 97, 122, 123, 98, 98, 123, 124, 99, 99, 124, 125, 100, 101, 126, 127, 102, 102, 127, 128, 103, 103, 128, 129, 104, 104, 129, 130, 105, 105, 130, 131, 106, 106, 131, 132, 107, 107, 132, 133, 108, 108, 133, 134, 109, 109, 134, 135, 110, 110, 135, 136, 111, 111, 136, 137, 112, 112, 137, 138, 113, 113, 138, 139, 114, 114, 139, 140, 115, 115, 140, 141, 116, 116, 141, 142, 117, 117, 142, 143, 118, 118, 143, 144, 119, 119, 144, 145, 120, 120, 145, 146, 121, 121, 146, 147, 122, 122, 147, 148, 123, 123, 148, 149, 124, 124, 149, 150, 125, 126, 151, 152, 127, 127, 152, 153, 128, 128, 153, 154, 129, 129, 154, 155, 130, 130, 155, 156, 131, 131, 156, 157, 132, 132, 157, 158, 133, 133, 158, 159, 134, 134, 159, 160, 135, 135, 160, 161, 136, 136, 161, 162, 137, 137, 162, 163, 138, 138, 163, 164, 139, 139, 164, 165, 140, 140, 165, 166, 141, 141, 166, 167, 142, 142, 167, 168, 143, 143, 168, 169, 144, 144, 169, 170, 145, 145, 170, 171, 146, 146, 171, 172, 147, 147, 172, 173, 148, 148, 173, 174, 149, 149, 174, 175, 150, 151, 176, 177, 152, 152, 177, 178, 153, 153, 178, 179, 154, 154, 179, 180, 155, 155, 180, 181, 156, 156, 181, 182, 157, 157, 182, 183, 158, 158, 183, 184, 159, 159, 184, 185, 160, 160, 185, 186, 161, 161, 186, 187, 162, 162, 187, 188, 163, 163, 188, 189, 164, 164, 189, 190, 165, 165, 190, 191, 166, 166, 191, 192, 167, 167, 192, 193, 168, 168, 193, 194, 169, 169, 194, 195, 170, 170, 195, 196, 171, 171, 196, 197, 172, 172, 197, 198, 173, 173, 198, 199, 174, 174, 199, 200, 175, 176, 201, 202, 177, 177, 202, 203, 178, 178, 203, 204, 179, 179, 204, 205, 180, 180, 205, 206, 181, 181, 206, 207, 182, 182, 207, 208, 183, 183, 208, 209, 184, 184, 209, 210, 185, 185, 210, 211, 186, 186, 211, 212, 187, 187, 212, 213, 188, 188, 213, 214, 189, 189, 214, 215, 190, 190, 215, 216, 191, 191, 216, 217, 192, 192, 217, 218, 193, 193, 218, 219, 194, 194, 219, 220, 195, 195, 220, 221, 196, 196, 221, 222, 197, 197, 222, 223, 198, 198, 223, 224, 199, 199, 224, 225, 200, 201, 226, 227, 202, 202, 227, 228, 203, 203, 228, 229, 204, 204, 229, 230, 205, 205, 230, 231, 206, 206, 231, 232, 207, 207, 232, 233, 208, 208, 233, 234, 209, 209, 234, 235, 210, 210, 235, 236, 211, 211, 236, 237, 212, 212, 237, 238, 213, 213, 238, 239, 214, 214, 239, 240, 215, 215, 240, 241, 216, 216, 241, 242, 217, 217, 242, 243, 218, 218, 243, 244, 219, 219, 244, 245, 220, 220, 245, 246, 221, 221, 246, 247, 222, 222, 247, 248, 223, 223, 248, 249, 224, 224, 249, 250, 225, 226, 251, 252, 227, 227, 252, 253, 228, 228, 253, 254, 229, 229, 254, 255, 230, 230, 255, 256, 231, 231, 256, 257, 232, 232, 257, 258, 233, 233, 258, 259, 234, 234, 259, 260, 235, 235, 260, 261, 236, 236, 261, 262, 237, 237, 262, 263, 238, 238, 263, 264, 239, 239, 264, 265, 240, 240, 265, 266, 241, 241, 266, 267, 242, 242, 267, 268, 243, 243, 268, 269, 244, 244, 269, 270, 245, 245, 270, 271, 246, 246, 271, 272, 247, 247, 272, 273, 248, 248, 273, 274, 249, 249, 274, 275, 250, 251, 276, 277, 252, 252, 277, 278, 253, 253, 278, 279, 254, 254, 279, 280, 255, 255, 280, 281, 256, 256, 281, 282, 257, 257, 282, 283, 258, 258, 283, 284, 259, 259, 284, 285, 260, 260, 285, 286, 261, 261, 286, 287, 262, 262, 287, 288, 263, 263, 288, 289, 264, 264, 289, 290, 265, 265, 290, 291, 266, 266, 291, 292, 267, 267, 292, 293, 268, 268, 293, 294, 269, 269, 294, 295, 270, 270, 295, 296, 271, 271, 296, 297, 272, 272, 297, 298, 273, 273, 298, 299, 274, 274, 299, 300, 275, 276, 301, 302, 277, 277, 302, 303, 278, 278, 303, 304, 279, 279, 304, 305, 280, 280, 305, 306, 281, 281, 306, 307, 282, 282, 307, 308, 283, 283, 308, 309, 284, 284, 309, 310, 285, 285, 310, 311, 286, 286, 311, 312, 287, 287, 312, 313, 288, 288, 313, 314, 289, 289, 314, 315, 290, 290, 315, 316, 291, 291, 316, 317, 292, 292, 317, 318, 293, 293, 318, 319, 294, 294, 319, 320, 295, 295, 320, 321, 296, 296, 321, 322, 297, 297, 322, 323, 298, 298, 323, 324, 299, 299, 324, 325, 300, 301, 326, 327, 302, 302, 327, 328, 303, 303, 328, 329, 304, 304, 329, 330, 305, 305, 330, 331, 306, 306, 331, 332, 307, 307, 332, 333, 308, 308, 333, 334, 309, 309, 334, 335, 310, 310, 335, 336, 311, 311, 336, 337, 312, 312, 337, 338, 313, 313, 338, 339, 314, 314, 339, 340, 315, 315, 340, 341, 316, 316, 341, 342, 317, 317, 342, 343, 318, 318, 343, 344, 319, 319, 344, 345, 320, 320, 345, 346, 321, 321, 346, 347, 322, 322, 347, 348, 323, 323, 348, 349, 324, 324, 349, 350, 325, 326, 351, 352, 327, 327, 352, 353, 328, 328, 353, 354, 329, 329, 354, 355, 330, 330, 355, 356, 331, 331, 356, 357, 332, 332, 357, 358, 333, 333, 358, 359, 334, 334, 359, 360, 335, 335, 360, 361, 336, 336, 361, 362, 337, 337, 362, 363, 338, 338, 363, 364, 339, 339, 364, 365, 340, 340, 365, 366, 341, 341, 366, 367, 342, 342, 367, 368, 343, 343, 368, 369, 344, 344, 369, 370, 345, 345, 370, 371, 346, 346, 371, 372, 347, 347, 372, 373, 348, 348, 373, 374, 349, 349, 374, 375, 350, 0, 1, 2, 0, 2, 3, 0, 3, 4, 0, 4, 5, 0, 5, 6, 0, 6, 7, 0, 7, 8, 0, 8, 9, 0, 9, 10, 0, 10, 11, 0, 11, 12, 0, 12, 13, 0, 13, 14, 0, 14, 15, 0, 15, 16, 0, 16, 17, 0, 17, 18, 0, 18, 19, 0, 19, 20, 0, 20, 21, 0, 21, 22, 0, 22, 23, 0, 23, 24, 0, 24, 25, 0, 352, 351, 0, 353, 352, 0, 354, 353, 0, 355, 354, 0, 356, 355, 0, 357, 356, 0, 358, 357, 0, 359, 358, 0, 360, 359, 0, 361, 360, 0, 362, 361, 0, 363, 362, 0, 364, 363, 0, 365, 364, 0, 366, 365, 0, 367, 366, 0, 368, 367, 0, 369, 368, 0, 370, 369, 0, 371, 370, 0, 372, 371, 0, 373, 372, 0, 374, 373, 0, 375, 374, 0, 26, 1, 0, 51, 26, 0, 76, 51, 0, 101, 76, 0, 126, 101, 0, 151, 126, 0, 176, 151, 0, 201, 176, 0, 226, 201, 0, 251, 226, 0, 276, 251, 0, 301, 276, 0, 326, 301, 0, 351, 326, 0, 25, 50, 0, 50, 75, 0, 75, 100, 0, 100, 125, 0, 125, 150, 0, 150, 175, 0, 175, 200, 0, 200, 225, 0, 225, 250, 0, 250, 275, 0, 275, 300, 0, 300, 325, 0, 325, 350, 0, 350, 375]
                                rel material:binding = </AecoCctvLooks/Sector>
                                point3f[] points = [(0, 0, 0), (-9.381815, -5.272825, -16.857605), (-8.75523, -5.3680015, -17.161892), (-8.095055, -5.4595585, -17.454607), (-7.4016547, -5.546564, -17.73277), (-6.675897, -5.6280427, -17.993263), (-5.919208, -5.702999, -18.232904), (-5.133607, -5.7704425, -18.448524), (-4.321728, -5.829418, -18.637075), (-3.4868128, -5.87904, -18.79572), (-2.6326723, -5.918523, -18.921947), (-1.7636241, -5.947217, -19.013685), (-0.8843947, -5.964635, -19.069372), (0, -5.970475, -19.088043), (0.8843947, -5.964635, -19.069372), (1.7636241, -5.947217, -19.013685), (2.6326723, -5.918523, -18.921947), (3.4868128, -5.87904, -18.79572), (4.321728, -5.829418, -18.637075), (5.133607, -5.7704425, -18.448524), (5.919208, -5.702999, -18.232904), (6.675897, -5.6280427, -17.993263), (7.4016547, -5.546564, -17.73277), (8.095055, -5.4595585, -17.454607), (8.75523, -5.3680015, -17.161892), (9.381815, -5.272825, -16.857605), (-9.469533, -4.561821, -17.01522), (-8.840115, -4.6457534, -17.328281), (-8.17628, -4.726577, -17.629745), (-7.4783454, -4.8034577, -17.916504), (-6.7471485, -4.875523, -18.185303), (-5.984105, -4.9418793, -18.432806), (-5.1912527, -5.0016336, -18.655684), (-4.3712716, -5.053924, -18.850725), (-3.5274801, -5.0979495, -19.014936), (-2.6637988, -5.1329985, -19.145666), (-1.784682, -5.1584806, -19.240711), (-0.89501756, -5.1739535, -19.298424), (0, -5.179142, -19.317776), (0.89501756, -5.1739535, -19.298424), (1.784682, -5.1584806, -19.240711), (2.6637988, -5.1329985, -19.145666), (3.5274801, -5.0979495, -19.014936), (4.3712716, -5.053924, -18.850725), (5.1912527, -5.0016336, -18.655684), (5.984105, -4.9418793, -18.432806), (6.7471485, -4.875523, -18.185303), (7.4783454, -4.8034577, -17.916504), (8.17628, -4.726577, -17.629745), (8.840115, -4.6457534, -17.328281), (9.469533, -4.561821, -17.01522), (-9.54571, -3.8320985, -17.152098), (-8.913902, -3.903776, -17.47292), (-8.246953, -3.9728596, -17.782131), (-7.545134, -4.038631, -18.076515), (-6.8092537, -4.1003337, -18.352694), (-6.0407176, -4.157193, -18.60719), (-5.2415767, -4.2084327, -18.836533), (-4.414551, -4.2533016, -19.037363), (-3.5630255, -4.2911, -19.206543), (-2.6910172, -4.3212056, -19.341293), (-1.8031019, -4.3431015, -19.439297), (-0.90431154, -4.3564, -19.498821), (0, -4.3608603, -19.518784), (0.90431154, -4.3564, -19.498821), (1.8031019, -4.3431015, -19.439297), (2.6910172, -4.3212056, -19.341293), (3.5630255, -4.2911, -19.206543), (4.414551, -4.2533016, -19.037363), (5.2415767, -4.2084327, -18.836533), (6.0407176, -4.157193, -18.60719), (6.8092537, -4.1003337, -18.352694), (7.545134, -4.038631, -18.076515), (8.246953, -3.9728596, -17.782131), (8.913902, -3.903776, -17.47292), (9.54571, -3.8320985, -17.152098), (-9.609422, -3.0861406, -17.266579), (-8.975668, -3.1446605, -17.59399), (-8.306159, -3.201105, -17.909792), (-7.6011305, -3.2548828, -18.21067), (-6.8613625, -3.3053699, -18.49314), (-6.0882516, -3.3519247, -18.753607), (-5.283858, -3.393904, -18.988478), (-4.4509335, -3.4306846, -19.19426), (-3.592921, -3.4616838, -19.367697), (-2.7139182, -3.486384, -19.50589), (-1.8186046, -3.504354, -19.606432), (-0.9121349, -3.5152705, -19.66751), (0, -3.518932, -19.687994), (0.9121349, -3.5152705, -19.66751), (1.8186046, -3.504354, -19.606432), (2.7139182, -3.486384, -19.50589), (3.592921, -3.4616838, -19.367697), (4.4509335, -3.4306846, -19.19426), (5.283858, -3.393904, -18.988478), (6.0882516, -3.3519247, -18.753607), (6.8613625, -3.3053699, -18.49314), (7.6011305, -3.2548828, -18.21067), (8.306159, -3.201105, -17.909792), (8.975668, -3.1446605, -17.59399), (9.609422, -3.0861406, -17.266579), (-9.659868, -2.3267562, -17.357222), (-9.024605, -2.3713546, -17.689917), (-8.353101, -2.414397, -18.011007), (-7.645556, -2.4554298, -18.317104), (-6.9027295, -2.4939735, -18.604635), (-6.126008, -2.5295339, -18.86991), (-5.3174596, -2.5616152, -19.109232), (-4.4798613, -2.5897362, -19.31901), (-3.6167006, -2.613446, -19.49588), (-2.73214, -2.6323442, -19.636858), (-1.8309426, -2.6460965, -19.739449), (-0.9183621, -2.654452, -19.80178), (0, -2.6572552, -19.82269), (0.9183621, -2.654452, -19.80178), (1.8309426, -2.6460965, -19.739449), (2.73214, -2.6323442, -19.636858), (3.6167006, -2.613446, -19.49588), (4.4798613, -2.5897362, -19.31901), (5.3174596, -2.5616152, -19.109232), (6.126008, -2.5295339, -18.86991), (6.9027295, -2.4939735, -18.604635), (7.645556, -2.4554298, -18.317104), (8.353101, -2.414397, -18.011007), (9.024605, -2.3713546, -17.689917), (9.659868, -2.3267562, -17.357222), (-9.696391, -1.5570357, -17.422848), (-9.060055, -1.5871129, -17.759405), (-8.387122, -1.6161537, -18.084364), (-7.6777697, -1.6438503, -18.394281), (-6.9327393, -1.6698774, -18.68552), (-6.1534114, -1.6938994, -18.954319), (-5.3418574, -1.715579, -19.196909), (-4.500873, -1.7345885, -19.40962), (-3.6339781, -1.7506206, -19.589016), (-2.7453828, -1.7634021, -19.732037), (-1.8399107, -1.772705, -19.836134), (-0.92288905, -1.778358, -19.89939), (0, -1.7802544, -19.92061), (0.92288905, -1.778358, -19.89939), (1.8399107, -1.772705, -19.836134), (2.7453828, -1.7634021, -19.732037), (3.6339781, -1.7506206, -19.589016), (4.500873, -1.7345885, -19.40962), (5.3418574, -1.715579, -19.196909), (6.1534114, -1.6938994, -18.954319), (6.9327393, -1.6698774, -18.68552), (7.6777697, -1.6438503, -18.394281), (8.387122, -1.6161537, -18.084364), (9.060055, -1.5871129, -17.759405), (9.696391, -1.5570357, -17.422848), (-9.718505, -0.78029335, -17.462584), (-9.081526, -0.7954371, -17.801493), (-8.407736, -0.8100629, -18.12881), (-7.697294, -0.8240153, -18.44106), (-6.9509344, -0.83713, -18.73456), (-6.170031, -0.8492372, -19.005512), (-5.3566585, -0.86016625, -19.2501), (-4.5136228, -0.86975104, -19.464602), (-3.6444643, -0.87783605, -19.64554), (-2.7534213, -0.8842827, -19.789814), (-1.8453554, -0.8889754, -19.894833), (-0.92563754, -0.8918271, -19.958652), (0, -0.89278376, -19.980064), (0.92563754, -0.8918271, -19.958652), (1.8453554, -0.8889754, -19.894833), (2.7534213, -0.8842827, -19.789814), (3.6444643, -0.87783605, -19.64554), (4.5136228, -0.86975104, -19.464602), (5.3566585, -0.86016625, -19.2501), (6.170031, -0.8492372, -19.005512), (6.9509344, -0.83713, -18.73456), (7.697294, -0.8240153, -18.44106), (8.407736, -0.8100629, -18.12881), (9.081526, -0.7954371, -17.801493), (9.718505, -0.78029335, -17.462584), (-9.725909, 0, -17.47589), (-9.088717, 0, -17.81559), (-8.41464, 0, -18.1437), (-7.7038355, 0, -18.456732), (-6.9570312, 0, -18.750992), (-6.175601, 0, -19.022669), (-5.3616195, 0, -19.267927), (-4.5178967, 0, -19.483034), (-3.64798, 0, -19.664492), (-2.7561166, 0, -19.809185), (-1.847181, 0, -19.914515), (-0.92655915, 0, -19.978525), (0, 0, -20), (0.92655915, 0, -19.978525), (1.847181, 0, -19.914515), (2.7561166, 0, -19.809185), (3.64798, 0, -19.664492), (4.5178967, 0, -19.483034), (5.3616195, 0, -19.267927), (6.175601, 0, -19.022669), (6.9570312, 0, -18.750992), (7.7038355, 0, -18.456732), (8.41464, 0, -18.1437), (9.088717, 0, -17.81559), (9.725909, 0, -17.47589), (-9.718505, 0.78029335, -17.462584), (-9.081526, 0.7954371, -17.801493), (-8.407736, 0.8100629, -18.12881), (-7.697294, 0.8240153, -18.44106), (-6.9509344, 0.83713, -18.73456), (-6.170031, 0.8492372, -19.005512), (-5.3566585, 0.86016625, -19.2501), (-4.5136228, 0.86975104, -19.464602), (-3.6444643, 0.87783605, -19.64554), (-2.7534213, 0.8842827, -19.789814), (-1.8453554, 0.8889754, -19.894833), (-0.92563754, 0.8918271, -19.958652), (0, 0.89278376, -19.980064), (0.92563754, 0.8918271, -19.958652), (1.8453554, 0.8889754, -19.894833), (2.7534213, 0.8842827, -19.789814), (3.6444643, 0.87783605, -19.64554), (4.5136228, 0.86975104, -19.464602), (5.3566585, 0.86016625, -19.2501), (6.170031, 0.8492372, -19.005512), (6.9509344, 0.83713, -18.73456), (7.697294, 0.8240153, -18.44106), (8.407736, 0.8100629, -18.12881), (9.081526, 0.7954371, -17.801493), (9.718505, 0.78029335, -17.462584), (-9.696391, 1.5570357, -17.422848), (-9.060055, 1.5871129, -17.759405), (-8.387122, 1.6161537, -18.084364), (-7.6777697, 1.6438503, -18.394281), (-6.9327393, 1.6698774, -18.68552), (-6.1534114, 1.6938994, -18.954319), (-5.3418574, 1.715579, -19.196909), (-4.500873, 1.7345885, -19.40962), (-3.6339781, 1.7506206, -19.589016), (-2.7453828, 1.7634021, -19.732037), (-1.8399107, 1.772705, -19.836134), (-0.92288905, 1.778358, -19.89939), (0, 1.7802544, -19.92061), (0.92288905, 1.778358, -19.89939), (1.8399107, 1.772705, -19.836134), (2.7453828, 1.7634021, -19.732037), (3.6339781, 1.7506206, -19.589016), (4.500873, 1.7345885, -19.40962), (5.3418574, 1.715579, -19.196909), (6.1534114, 1.6938994, -18.954319), (6.9327393, 1.6698774, -18.68552), (7.6777697, 1.6438503, -18.394281), (8.387122, 1.6161537, -18.084364), (9.060055, 1.5871129, -17.759405), (9.696391, 1.5570357, -17.422848), (-9.659868, 2.3267562, -17.357222), (-9.024605, 2.3713546, -17.689917), (-8.353101, 2.414397, -18.011007), (-7.645556, 2.4554298, -18.317104), (-6.9027295, 2.4939735, -18.604635), (-6.126008, 2.5295339, -18.86991), (-5.3174596, 2.5616152, -19.109232), (-4.4798613, 2.5897362, -19.31901), (-3.6167006, 2.613446, -19.49588), (-2.73214, 2.6323442, -19.636858), (-1.8309426, 2.6460965, -19.739449), (-0.9183621, 2.654452, -19.80178), (0, 2.6572552, -19.82269), (0.9183621, 2.654452, -19.80178), (1.8309426, 2.6460965, -19.739449), (2.73214, 2.6323442, -19.636858), (3.6167006, 2.613446, -19.49588), (4.4798613, 2.5897362, -19.31901), (5.3174596, 2.5616152, -19.109232), (6.126008, 2.5295339, -18.86991), (6.9027295, 2.4939735, -18.604635), (7.645556, 2.4554298, -18.317104), (8.353101, 2.414397, -18.011007), (9.024605, 2.3713546, -17.689917), (9.659868, 2.3267562, -17.357222), (-9.609422, 3.0861406, -17.266579), (-8.975668, 3.1446605, -17.59399), (-8.306159, 3.201105, -17.909792), (-7.6011305, 3.2548828, -18.21067), (-6.8613625, 3.3053699, -18.49314), (-6.0882516, 3.3519247, -18.753607), (-5.283858, 3.393904, -18.988478), (-4.4509335, 3.4306846, -19.19426), (-3.592921, 3.4616838, -19.367697), (-2.7139182, 3.486384, -19.50589), (-1.8186046, 3.504354, -19.606432), (-0.9121349, 3.5152705, -19.66751), (0, 3.518932, -19.687994), (0.9121349, 3.5152705, -19.66751), (1.8186046, 3.504354, -19.606432), (2.7139182, 3.486384, -19.50589), (3.592921, 3.4616838, -19.367697), (4.4509335, 3.4306846, -19.19426), (5.283858, 3.393904, -18.988478), (6.0882516, 3.3519247, -18.753607), (6.8613625, 3.3053699, -18.49314), (7.6011305, 3.2548828, -18.21067), (8.306159, 3.201105, -17.909792), (8.975668, 3.1446605, -17.59399), (9.609422, 3.0861406, -17.266579), (-9.54571, 3.8320985, -17.152098), (-8.913902, 3.903776, -17.47292), (-8.246953, 3.9728596, -17.782131), (-7.545134, 4.038631, -18.076515), (-6.8092537, 4.1003337, -18.352694), (-6.0407176, 4.157193, -18.60719), (-5.2415767, 4.2084327, -18.836533), (-4.414551, 4.2533016, -19.037363), (-3.5630255, 4.2911, -19.206543), (-2.6910172, 4.3212056, -19.341293), (-1.8031019, 4.3431015, -19.439297), (-0.90431154, 4.3564, -19.498821), (0, 4.3608603, -19.518784), (0.90431154, 4.3564, -19.498821), (1.8031019, 4.3431015, -19.439297), (2.6910172, 4.3212056, -19.341293), (3.5630255, 4.2911, -19.206543), (4.414551, 4.2533016, -19.037363), (5.2415767, 4.2084327, -18.836533), (6.0407176, 4.157193, -18.60719), (6.8092537, 4.1003337, -18.352694), (7.545134, 4.038631, -18.076515), (8.246953, 3.9728596, -17.782131), (8.913902, 3.903776, -17.47292), (9.54571, 3.8320985, -17.152098), (-9.469533, 4.561821, -17.01522), (-8.840115, 4.6457534, -17.328281), (-8.17628, 4.726577, -17.629745), (-7.4783454, 4.8034577, -17.916504), (-6.7471485, 4.875523, -18.185303), (-5.984105, 4.9418793, -18.432806), (-5.1912527, 5.0016336, -18.655684), (-4.3712716, 5.053924, -18.850725), (-3.5274801, 5.0979495, -19.014936), (-2.6637988, 5.1329985, -19.145666), (-1.784682, 5.1584806, -19.240711), (-0.89501756, 5.1739535, -19.298424), (0, 5.179142, -19.317776), (0.89501756, 5.1739535, -19.298424), (1.784682, 5.1584806, -19.240711), (2.6637988, 5.1329985, -19.145666), (3.5274801, 5.0979495, -19.014936), (4.3712716, 5.053924, -18.850725), (5.1912527, 5.0016336, -18.655684), (5.984105, 4.9418793, -18.432806), (6.7471485, 4.875523, -18.185303), (7.4783454, 4.8034577, -17.916504), (8.17628, 4.726577, -17.629745), (8.840115, 4.6457534, -17.328281), (9.469533, 4.561821, -17.01522), (-9.381815, 5.272825, -16.857605), (-8.75523, 5.3680015, -17.161892), (-8.095055, 5.4595585, -17.454607), (-7.4016547, 5.546564, -17.73277), (-6.675897, 5.6280427, -17.993263), (-5.919208, 5.702999, -18.232904), (-5.133607, 5.7704425, -18.448524), (-4.321728, 5.829418, -18.637075), (-3.4868128, 5.87904, -18.79572), (-2.6326723, 5.918523, -18.921947), (-1.7636241, 5.947217, -19.013685), (-0.8843947, 5.964635, -19.069372), (0, 5.970475, -19.088043), (0.8843947, 5.964635, -19.069372), (1.7636241, 5.947217, -19.013685), (2.6326723, 5.918523, -18.921947), (3.4868128, 5.87904, -18.79572), (4.321728, 5.829418, -18.637075), (5.133607, 5.7704425, -18.448524), (5.919208, 5.702999, -18.232904), (6.675897, 5.6280427, -17.993263), (7.4016547, 5.546564, -17.73277), (8.095055, 5.4595585, -17.454607), (8.75523, 5.3680015, -17.161892), (9.381815, 5.272825, -16.857605)]
                                point3f[] points.timeSamples = {
                                    0: [(0, 0, 0), (-9.381815, -5.272825, -16.857605), (-8.75523, -5.3680015, -17.161892), (-8.095055, -5.4595585, -17.454607), (-7.4016547, -5.546564, -17.73277), (-6.675897, -5.6280427, -17.993263), (-5.919208, -5.702999, -18.232904), (-5.133607, -5.7704425, -18.448524), (-4.321728, -5.829418, -18.637075), (-3.4868128, -5.87904, -18.79572), (-2.6326723, -5.918523, -18.921947), (-1.7636241, -5.947217, -19.013685), (-0.8843947, -5.964635, -19.069372), (0, -5.970475, -19.088043), (0.8843947, -5.964635, -19.069372), (1.7636241, -5.947217, -19.013685), (2.6326723, -5.918523, -18.921947), (3.4868128, -5.87904, -18.79572), (4.321728, -5.829418, -18.637075), (5.133607, -5.7704425, -18.448524), (5.919208, -5.702999, -18.232904), (6.675897, -5.6280427, -17.993263), (7.4016547, -5.546564, -17.73277), (8.095055, -5.4595585, -17.454607), (8.75523, -5.3680015, -17.161892), (9.381815, -5.272825, -16.857605), (-9.469533, -4.561821, -17.01522), (-8.840115, -4.6457534, -17.328281), (-8.17628, -4.726577, -17.629745), (-7.4783454, -4.8034577, -17.916504), (-6.7471485, -4.875523, -18.185303), (-5.984105, -4.9418793, -18.432806), (-5.1912527, -5.0016336, -18.655684), (-4.3712716, -5.053924, -18.850725), (-3.5274801, -5.0979495, -19.014936), (-2.6637988, -5.1329985, -19.145666), (-1.784682, -5.1584806, -19.240711), (-0.89501756, -5.1739535, -19.298424), (0, -5.179142, -19.317776), (0.89501756, -5.1739535, -19.298424), (1.784682, -5.1584806, -19.240711), (2.6637988, -5.1329985, -19.145666), (3.5274801, -5.0979495, -19.014936), (4.3712716, -5.053924, -18.850725), (5.1912527, -5.0016336, -18.655684), (5.984105, -4.9418793, -18.432806), (6.7471485, -4.875523, -18.185303), (7.4783454, -4.8034577, -17.916504), (8.17628, -4.726577, -17.629745), (8.840115, -4.6457534, -17.328281), (9.469533, -4.561821, -17.01522), (-9.54571, -3.8320985, -17.152098), (-8.913902, -3.903776, -17.47292), (-8.246953, -3.9728596, -17.782131), (-7.545134, -4.038631, -18.076515), (-6.8092537, -4.1003337, -18.352694), (-6.0407176, -4.157193, -18.60719), (-5.2415767, -4.2084327, -18.836533), (-4.414551, -4.2533016, -19.037363), (-3.5630255, -4.2911, -19.206543), (-2.6910172, -4.3212056, -19.341293), (-1.8031019, -4.3431015, -19.439297), (-0.90431154, -4.3564, -19.498821), (0, -4.3608603, -19.518784), (0.90431154, -4.3564, -19.498821), (1.8031019, -4.3431015, -19.439297), (2.6910172, -4.3212056, -19.341293), (3.5630255, -4.2911, -19.206543), (4.414551, -4.2533016, -19.037363), (5.2415767, -4.2084327, -18.836533), (6.0407176, -4.157193, -18.60719), (6.8092537, -4.1003337, -18.352694), (7.545134, -4.038631, -18.076515), (8.246953, -3.9728596, -17.782131), (8.913902, -3.903776, -17.47292), (9.54571, -3.8320985, -17.152098), (-9.609422, -3.0861406, -17.266579), (-8.975668, -3.1446605, -17.59399), (-8.306159, -3.201105, -17.909792), (-7.6011305, -3.2548828, -18.21067), (-6.8613625, -3.3053699, -18.49314), (-6.0882516, -3.3519247, -18.753607), (-5.283858, -3.393904, -18.988478), (-4.4509335, -3.4306846, -19.19426), (-3.592921, -3.4616838, -19.367697), (-2.7139182, -3.486384, -19.50589), (-1.8186046, -3.504354, -19.606432), (-0.9121349, -3.5152705, -19.66751), (0, -3.518932, -19.687994), (0.9121349, -3.5152705, -19.66751), (1.8186046, -3.504354, -19.606432), (2.7139182, -3.486384, -19.50589), (3.592921, -3.4616838, -19.367697), (4.4509335, -3.4306846, -19.19426), (5.283858, -3.393904, -18.988478), (6.0882516, -3.3519247, -18.753607), (6.8613625, -3.3053699, -18.49314), (7.6011305, -3.2548828, -18.21067), (8.306159, -3.201105, -17.909792), (8.975668, -3.1446605, -17.59399), (9.609422, -3.0861406, -17.266579), (-9.659868, -2.3267562, -17.357222), (-9.024605, -2.3713546, -17.689917), (-8.353101, -2.414397, -18.011007), (-7.645556, -2.4554298, -18.317104), (-6.9027295, -2.4939735, -18.604635), (-6.126008, -2.5295339, -18.86991), (-5.3174596, -2.5616152, -19.109232), (-4.4798613, -2.5897362, -19.31901), (-3.6167006, -2.613446, -19.49588), (-2.73214, -2.6323442, -19.636858), (-1.8309426, -2.6460965, -19.739449), (-0.9183621, -2.654452, -19.80178), (0, -2.6572552, -19.82269), (0.9183621, -2.654452, -19.80178), (1.8309426, -2.6460965, -19.739449), (2.73214, -2.6323442, -19.636858), (3.6167006, -2.613446, -19.49588), (4.4798613, -2.5897362, -19.31901), (5.3174596, -2.5616152, -19.109232), (6.126008, -2.5295339, -18.86991), (6.9027295, -2.4939735, -18.604635), (7.645556, -2.4554298, -18.317104), (8.353101, -2.414397, -18.011007), (9.024605, -2.3713546, -17.689917), (9.659868, -2.3267562, -17.357222), (-9.696391, -1.5570357, -17.422848), (-9.060055, -1.5871129, -17.759405), (-8.387122, -1.6161537, -18.084364), (-7.6777697, -1.6438503, -18.394281), (-6.9327393, -1.6698774, -18.68552), (-6.1534114, -1.6938994, -18.954319), (-5.3418574, -1.715579, -19.196909), (-4.500873, -1.7345885, -19.40962), (-3.6339781, -1.7506206, -19.589016), (-2.7453828, -1.7634021, -19.732037), (-1.8399107, -1.772705, -19.836134), (-0.92288905, -1.778358, -19.89939), (0, -1.7802544, -19.92061), (0.92288905, -1.778358, -19.89939), (1.8399107, -1.772705, -19.836134), (2.7453828, -1.7634021, -19.732037), (3.6339781, -1.7506206, -19.589016), (4.500873, -1.7345885, -19.40962), (5.3418574, -1.715579, -19.196909), (6.1534114, -1.6938994, -18.954319), (6.9327393, -1.6698774, -18.68552), (7.6777697, -1.6438503, -18.394281), (8.387122, -1.6161537, -18.084364), (9.060055, -1.5871129, -17.759405), (9.696391, -1.5570357, -17.422848), (-9.718505, -0.78029335, -17.462584), (-9.081526, -0.7954371, -17.801493), (-8.407736, -0.8100629, -18.12881), (-7.697294, -0.8240153, -18.44106), (-6.9509344, -0.83713, -18.73456), (-6.170031, -0.8492372, -19.005512), (-5.3566585, -0.86016625, -19.2501), (-4.5136228, -0.86975104, -19.464602), (-3.6444643, -0.87783605, -19.64554), (-2.7534213, -0.8842827, -19.789814), (-1.8453554, -0.8889754, -19.894833), (-0.92563754, -0.8918271, -19.958652), (0, -0.89278376, -19.980064), (0.92563754, -0.8918271, -19.958652), (1.8453554, -0.8889754, -19.894833), (2.7534213, -0.8842827, -19.789814), (3.6444643, -0.87783605, -19.64554), (4.5136228, -0.86975104, -19.464602), (5.3566585, -0.86016625, -19.2501), (6.170031, -0.8492372, -19.005512), (6.9509344, -0.83713, -18.73456), (7.697294, -0.8240153, -18.44106), (8.407736, -0.8100629, -18.12881), (9.081526, -0.7954371, -17.801493), (9.718505, -0.78029335, -17.462584), (-9.725909, 0, -17.47589), (-9.088717, 0, -17.81559), (-8.41464, 0, -18.1437), (-7.7038355, 0, -18.456732), (-6.9570312, 0, -18.750992), (-6.175601, 0, -19.022669), (-5.3616195, 0, -19.267927), (-4.5178967, 0, -19.483034), (-3.64798, 0, -19.664492), (-2.7561166, 0, -19.809185), (-1.847181, 0, -19.914515), (-0.92655915, 0, -19.978525), (0, 0, -20), (0.92655915, 0, -19.978525), (1.847181, 0, -19.914515), (2.7561166, 0, -19.809185), (3.64798, 0, -19.664492), (4.5178967, 0, -19.483034), (5.3616195, 0, -19.267927), (6.175601, 0, -19.022669), (6.9570312, 0, -18.750992), (7.7038355, 0, -18.456732), (8.41464, 0, -18.1437), (9.088717, 0, -17.81559), (9.725909, 0, -17.47589), (-9.718505, 0.78029335, -17.462584), (-9.081526, 0.7954371, -17.801493), (-8.407736, 0.8100629, -18.12881), (-7.697294, 0.8240153, -18.44106), (-6.9509344, 0.83713, -18.73456), (-6.170031, 0.8492372, -19.005512), (-5.3566585, 0.86016625, -19.2501), (-4.5136228, 0.86975104, -19.464602), (-3.6444643, 0.87783605, -19.64554), (-2.7534213, 0.8842827, -19.789814), (-1.8453554, 0.8889754, -19.894833), (-0.92563754, 0.8918271, -19.958652), (0, 0.89278376, -19.980064), (0.92563754, 0.8918271, -19.958652), (1.8453554, 0.8889754, -19.894833), (2.7534213, 0.8842827, -19.789814), (3.6444643, 0.87783605, -19.64554), (4.5136228, 0.86975104, -19.464602), (5.3566585, 0.86016625, -19.2501), (6.170031, 0.8492372, -19.005512), (6.9509344, 0.83713, -18.73456), (7.697294, 0.8240153, -18.44106), (8.407736, 0.8100629, -18.12881), (9.081526, 0.7954371, -17.801493), (9.718505, 0.78029335, -17.462584), (-9.696391, 1.5570357, -17.422848), (-9.060055, 1.5871129, -17.759405), (-8.387122, 1.6161537, -18.084364), (-7.6777697, 1.6438503, -18.394281), (-6.9327393, 1.6698774, -18.68552), (-6.1534114, 1.6938994, -18.954319), (-5.3418574, 1.715579, -19.196909), (-4.500873, 1.7345885, -19.40962), (-3.6339781, 1.7506206, -19.589016), (-2.7453828, 1.7634021, -19.732037), (-1.8399107, 1.772705, -19.836134), (-0.92288905, 1.778358, -19.89939), (0, 1.7802544, -19.92061), (0.92288905, 1.778358, -19.89939), (1.8399107, 1.772705, -19.836134), (2.7453828, 1.7634021, -19.732037), (3.6339781, 1.7506206, -19.589016), (4.500873, 1.7345885, -19.40962), (5.3418574, 1.715579, -19.196909), (6.1534114, 1.6938994, -18.954319), (6.9327393, 1.6698774, -18.68552), (7.6777697, 1.6438503, -18.394281), (8.387122, 1.6161537, -18.084364), (9.060055, 1.5871129, -17.759405), (9.696391, 1.5570357, -17.422848), (-9.659868, 2.3267562, -17.357222), (-9.024605, 2.3713546, -17.689917), (-8.353101, 2.414397, -18.011007), (-7.645556, 2.4554298, -18.317104), (-6.9027295, 2.4939735, -18.604635), (-6.126008, 2.5295339, -18.86991), (-5.3174596, 2.5616152, -19.109232), (-4.4798613, 2.5897362, -19.31901), (-3.6167006, 2.613446, -19.49588), (-2.73214, 2.6323442, -19.636858), (-1.8309426, 2.6460965, -19.739449), (-0.9183621, 2.654452, -19.80178), (0, 2.6572552, -19.82269), (0.9183621, 2.654452, -19.80178), (1.8309426, 2.6460965, -19.739449), (2.73214, 2.6323442, -19.636858), (3.6167006, 2.613446, -19.49588), (4.4798613, 2.5897362, -19.31901), (5.3174596, 2.5616152, -19.109232), (6.126008, 2.5295339, -18.86991), (6.9027295, 2.4939735, -18.604635), (7.645556, 2.4554298, -18.317104), (8.353101, 2.414397, -18.011007), (9.024605, 2.3713546, -17.689917), (9.659868, 2.3267562, -17.357222), (-9.609422, 3.0861406, -17.266579), (-8.975668, 3.1446605, -17.59399), (-8.306159, 3.201105, -17.909792), (-7.6011305, 3.2548828, -18.21067), (-6.8613625, 3.3053699, -18.49314), (-6.0882516, 3.3519247, -18.753607), (-5.283858, 3.393904, -18.988478), (-4.4509335, 3.4306846, -19.19426), (-3.592921, 3.4616838, -19.367697), (-2.7139182, 3.486384, -19.50589), (-1.8186046, 3.504354, -19.606432), (-0.9121349, 3.5152705, -19.66751), (0, 3.518932, -19.687994), (0.9121349, 3.5152705, -19.66751), (1.8186046, 3.504354, -19.606432), (2.7139182, 3.486384, -19.50589), (3.592921, 3.4616838, -19.367697), (4.4509335, 3.4306846, -19.19426), (5.283858, 3.393904, -18.988478), (6.0882516, 3.3519247, -18.753607), (6.8613625, 3.3053699, -18.49314), (7.6011305, 3.2548828, -18.21067), (8.306159, 3.201105, -17.909792), (8.975668, 3.1446605, -17.59399), (9.609422, 3.0861406, -17.266579), (-9.54571, 3.8320985, -17.152098), (-8.913902, 3.903776, -17.47292), (-8.246953, 3.9728596, -17.782131), (-7.545134, 4.038631, -18.076515), (-6.8092537, 4.1003337, -18.352694), (-6.0407176, 4.157193, -18.60719), (-5.2415767, 4.2084327, -18.836533), (-4.414551, 4.2533016, -19.037363), (-3.5630255, 4.2911, -19.206543), (-2.6910172, 4.3212056, -19.341293), (-1.8031019, 4.3431015, -19.439297), (-0.90431154, 4.3564, -19.498821), (0, 4.3608603, -19.518784), (0.90431154, 4.3564, -19.498821), (1.8031019, 4.3431015, -19.439297), (2.6910172, 4.3212056, -19.341293), (3.5630255, 4.2911, -19.206543), (4.414551, 4.2533016, -19.037363), (5.2415767, 4.2084327, -18.836533), (6.0407176, 4.157193, -18.60719), (6.8092537, 4.1003337, -18.352694), (7.545134, 4.038631, -18.076515), (8.246953, 3.9728596, -17.782131), (8.913902, 3.903776, -17.47292), (9.54571, 3.8320985, -17.152098), (-9.469533, 4.561821, -17.01522), (-8.840115, 4.6457534, -17.328281), (-8.17628, 4.726577, -17.629745), (-7.4783454, 4.8034577, -17.916504), (-6.7471485, 4.875523, -18.185303), (-5.984105, 4.9418793, -18.432806), (-5.1912527, 5.0016336, -18.655684), (-4.3712716, 5.053924, -18.850725), (-3.5274801, 5.0979495, -19.014936), (-2.6637988, 5.1329985, -19.145666), (-1.784682, 5.1584806, -19.240711), (-0.89501756, 5.1739535, -19.298424), (0, 5.179142, -19.317776), (0.89501756, 5.1739535, -19.298424), (1.784682, 5.1584806, -19.240711), (2.6637988, 5.1329985, -19.145666), (3.5274801, 5.0979495, -19.014936), (4.3712716, 5.053924, -18.850725), (5.1912527, 5.0016336, -18.655684), (5.984105, 4.9418793, -18.432806), (6.7471485, 4.875523, -18.185303), (7.4783454, 4.8034577, -17.916504), (8.17628, 4.726577, -17.629745), (8.840115, 4.6457534, -17.328281), (9.469533, 4.561821, -17.01522), (-9.381815, 5.272825, -16.857605), (-8.75523, 5.3680015, -17.161892), (-8.095055, 5.4595585, -17.454607), (-7.4016547, 5.546564, -17.73277), (-6.675897, 5.6280427, -17.993263), (-5.919208, 5.702999, -18.232904), (-5.133607, 5.7704425, -18.448524), (-4.321728, 5.829418, -18.637075), (-3.4868128, 5.87904, -18.79572), (-2.6326723, 5.918523, -18.921947), (-1.7636241, 5.947217, -19.013685), (-0.8843947, 5.964635, -19.069372), (0, 5.970475, -19.088043), (0.8843947, 5.964635, -19.069372), (1.7636241, 5.947217, -19.013685), (2.6326723, 5.918523, -18.921947), (3.4868128, 5.87904, -18.79572), (4.321728, 5.829418, -18.637075), (5.133607, 5.7704425, -18.448524), (5.919208, 5.702999, -18.232904), (6.675897, 5.6280427, -17.993263), (7.4016547, 5.546564, -17.73277), (8.095055, 5.4595585, -17.454607), (8.75523, 5.3680015, -17.161892), (9.381815, 5.272825, -16.857605)],
                                    84: [(0, 0, 0), (-9.381815, -5.272825, -16.857605), (-8.75523, -5.3680015, -17.161892), (-8.095055, -5.4595585, -17.454607), (-7.4016547, -5.546564, -17.73277), (-6.675897, -5.6280427, -17.993263), (-5.919208, -5.702999, -18.232904), (-5.133607, -5.7704425, -18.448524), (-4.321728, -5.829418, -18.637075), (-3.4868128, -5.87904, -18.79572), (-2.6326723, -5.918523, -18.921947), (-1.7636241, -5.947217, -19.013685), (-0.8843947, -5.964635, -19.069372), (0, -5.970475, -19.088043), (0.8843947, -5.964635, -19.069372), (1.7636241, -5.947217, -19.013685), (2.6326723, -5.918523, -18.921947), (3.4868128, -5.87904, -18.79572), (4.321728, -5.829418, -18.637075), (5.133607, -5.7704425, -18.448524), (5.919208, -5.702999, -18.232904), (6.675897, -5.6280427, -17.993263), (7.4016547, -5.546564, -17.73277), (8.095055, -5.4595585, -17.454607), (8.75523, -5.3680015, -17.161892), (9.381815, -5.272825, -16.857605), (-9.469533, -4.561821, -17.01522), (-8.840115, -4.6457534, -17.328281), (-8.17628, -4.726577, -17.629745), (-7.4783454, -4.8034577, -17.916504), (-6.7471485, -4.875523, -18.185303), (-5.984105, -4.9418793, -18.432806), (-5.1912527, -5.0016336, -18.655684), (-4.3712716, -5.053924, -18.850725), (-3.5274801, -5.0979495, -19.014936), (-2.6637988, -5.1329985, -19.145666), (-1.784682, -5.1584806, -19.240711), (-0.89501756, -5.1739535, -19.298424), (0, -5.179142, -19.317776), (0.89501756, -5.1739535, -19.298424), (1.784682, -5.1584806, -19.240711), (2.6637988, -5.1329985, -19.145666), (3.5274801, -5.0979495, -19.014936), (4.3712716, -5.053924, -18.850725), (5.1912527, -5.0016336, -18.655684), (5.984105, -4.9418793, -18.432806), (6.7471485, -4.875523, -18.185303), (7.4783454, -4.8034577, -17.916504), (8.17628, -4.726577, -17.629745), (8.840115, -4.6457534, -17.328281), (9.469533, -4.561821, -17.01522), (-9.54571, -3.8320985, -17.152098), (-8.913902, -3.903776, -17.47292), (-8.246953, -3.9728596, -17.782131), (-7.545134, -4.038631, -18.076515), (-6.8092537, -4.1003337, -18.352694), (-6.0407176, -4.157193, -18.60719), (-5.2415767, -4.2084327, -18.836533), (-4.414551, -4.2533016, -19.037363), (-3.5630255, -4.2911, -19.206543), (-2.6910172, -4.3212056, -19.341293), (-1.8031019, -4.3431015, -19.439297), (-0.90431154, -4.3564, -19.498821), (0, -4.3608603, -19.518784), (0.90431154, -4.3564, -19.498821), (1.8031019, -4.3431015, -19.439297), (2.6910172, -4.3212056, -19.341293), (3.5630255, -4.2911, -19.206543), (4.414551, -4.2533016, -19.037363), (5.2415767, -4.2084327, -18.836533), (6.0407176, -4.157193, -18.60719), (6.8092537, -4.1003337, -18.352694), (7.545134, -4.038631, -18.076515), (8.246953, -3.9728596, -17.782131), (8.913902, -3.903776, -17.47292), (9.54571, -3.8320985, -17.152098), (-9.609422, -3.0861406, -17.266579), (-8.975668, -3.1446605, -17.59399), (-8.306159, -3.201105, -17.909792), (-7.6011305, -3.2548828, -18.21067), (-6.8613625, -3.3053699, -18.49314), (-6.0882516, -3.3519247, -18.753607), (-5.283858, -3.393904, -18.988478), (-4.4509335, -3.4306846, -19.19426), (-3.592921, -3.4616838, -19.367697), (-2.7139182, -3.486384, -19.50589), (-1.8186046, -3.504354, -19.606432), (-0.9121349, -3.5152705, -19.66751), (0, -3.518932, -19.687994), (0.9121349, -3.5152705, -19.66751), (1.8186046, -3.504354, -19.606432), (2.7139182, -3.486384, -19.50589), (3.592921, -3.4616838, -19.367697), (4.4509335, -3.4306846, -19.19426), (5.283858, -3.393904, -18.988478), (6.0882516, -3.3519247, -18.753607), (6.8613625, -3.3053699, -18.49314), (7.6011305, -3.2548828, -18.21067), (8.306159, -3.201105, -17.909792), (8.975668, -3.1446605, -17.59399), (9.609422, -3.0861406, -17.266579), (-9.659868, -2.3267562, -17.357222), (-9.024605, -2.3713546, -17.689917), (-8.353101, -2.414397, -18.011007), (-7.645556, -2.4554298, -18.317104), (-6.9027295, -2.4939735, -18.604635), (-6.126008, -2.5295339, -18.86991), (-5.3174596, -2.5616152, -19.109232), (-4.4798613, -2.5897362, -19.31901), (-3.6167006, -2.613446, -19.49588), (-2.73214, -2.6323442, -19.636858), (-1.8309426, -2.6460965, -19.739449), (-0.9183621, -2.654452, -19.80178), (0, -2.6572552, -19.82269), (0.9183621, -2.654452, -19.80178), (1.8309426, -2.6460965, -19.739449), (2.73214, -2.6323442, -19.636858), (3.6167006, -2.613446, -19.49588), (4.4798613, -2.5897362, -19.31901), (5.3174596, -2.5616152, -19.109232), (6.126008, -2.5295339, -18.86991), (6.9027295, -2.4939735, -18.604635), (7.645556, -2.4554298, -18.317104), (8.353101, -2.414397, -18.011007), (9.024605, -2.3713546, -17.689917), (9.659868, -2.3267562, -17.357222), (-9.696391, -1.5570357, -17.422848), (-9.060055, -1.5871129, -17.759405), (-8.387122, -1.6161537, -18.084364), (-7.6777697, -1.6438503, -18.394281), (-6.9327393, -1.6698774, -18.68552), (-6.1534114, -1.6938994, -18.954319), (-5.3418574, -1.715579, -19.196909), (-4.500873, -1.7345885, -19.40962), (-3.6339781, -1.7506206, -19.589016), (-2.7453828, -1.7634021, -19.732037), (-1.8399107, -1.772705, -19.836134), (-0.92288905, -1.778358, -19.89939), (0, -1.7802544, -19.92061), (0.92288905, -1.778358, -19.89939), (1.8399107, -1.772705, -19.836134), (2.7453828, -1.7634021, -19.732037), (3.6339781, -1.7506206, -19.589016), (4.500873, -1.7345885, -19.40962), (5.3418574, -1.715579, -19.196909), (6.1534114, -1.6938994, -18.954319), (6.9327393, -1.6698774, -18.68552), (7.6777697, -1.6438503, -18.394281), (8.387122, -1.6161537, -18.084364), (9.060055, -1.5871129, -17.759405), (9.696391, -1.5570357, -17.422848), (-9.718505, -0.78029335, -17.462584), (-9.081526, -0.7954371, -17.801493), (-8.407736, -0.8100629, -18.12881), (-7.697294, -0.8240153, -18.44106), (-6.9509344, -0.83713, -18.73456), (-6.170031, -0.8492372, -19.005512), (-5.3566585, -0.86016625, -19.2501), (-4.5136228, -0.86975104, -19.464602), (-3.6444643, -0.87783605, -19.64554), (-2.7534213, -0.8842827, -19.789814), (-1.8453554, -0.8889754, -19.894833), (-0.92563754, -0.8918271, -19.958652), (0, -0.89278376, -19.980064), (0.92563754, -0.8918271, -19.958652), (1.8453554, -0.8889754, -19.894833), (2.7534213, -0.8842827, -19.789814), (3.6444643, -0.87783605, -19.64554), (4.5136228, -0.86975104, -19.464602), (5.3566585, -0.86016625, -19.2501), (6.170031, -0.8492372, -19.005512), (6.9509344, -0.83713, -18.73456), (7.697294, -0.8240153, -18.44106), (8.407736, -0.8100629, -18.12881), (9.081526, -0.7954371, -17.801493), (9.718505, -0.78029335, -17.462584), (-9.725909, 0, -17.47589), (-9.088717, 0, -17.81559), (-8.41464, 0, -18.1437), (-7.7038355, 0, -18.456732), (-6.9570312, 0, -18.750992), (-6.175601, 0, -19.022669), (-5.3616195, 0, -19.267927), (-4.5178967, 0, -19.483034), (-3.64798, 0, -19.664492), (-2.7561166, 0, -19.809185), (-1.847181, 0, -19.914515), (-0.92655915, 0, -19.978525), (0, 0, -20), (0.92655915, 0, -19.978525), (1.847181, 0, -19.914515), (2.7561166, 0, -19.809185), (3.64798, 0, -19.664492), (4.5178967, 0, -19.483034), (5.3616195, 0, -19.267927), (6.175601, 0, -19.022669), (6.9570312, 0, -18.750992), (7.7038355, 0, -18.456732), (8.41464, 0, -18.1437), (9.088717, 0, -17.81559), (9.725909, 0, -17.47589), (-9.718505, 0.78029335, -17.462584), (-9.081526, 0.7954371, -17.801493), (-8.407736, 0.8100629, -18.12881), (-7.697294, 0.8240153, -18.44106), (-6.9509344, 0.83713, -18.73456), (-6.170031, 0.8492372, -19.005512), (-5.3566585, 0.86016625, -19.2501), (-4.5136228, 0.86975104, -19.464602), (-3.6444643, 0.87783605, -19.64554), (-2.7534213, 0.8842827, -19.789814), (-1.8453554, 0.8889754, -19.894833), (-0.92563754, 0.8918271, -19.958652), (0, 0.89278376, -19.980064), (0.92563754, 0.8918271, -19.958652), (1.8453554, 0.8889754, -19.894833), (2.7534213, 0.8842827, -19.789814), (3.6444643, 0.87783605, -19.64554), (4.5136228, 0.86975104, -19.464602), (5.3566585, 0.86016625, -19.2501), (6.170031, 0.8492372, -19.005512), (6.9509344, 0.83713, -18.73456), (7.697294, 0.8240153, -18.44106), (8.407736, 0.8100629, -18.12881), (9.081526, 0.7954371, -17.801493), (9.718505, 0.78029335, -17.462584), (-9.696391, 1.5570357, -17.422848), (-9.060055, 1.5871129, -17.759405), (-8.387122, 1.6161537, -18.084364), (-7.6777697, 1.6438503, -18.394281), (-6.9327393, 1.6698774, -18.68552), (-6.1534114, 1.6938994, -18.954319), (-5.3418574, 1.715579, -19.196909), (-4.500873, 1.7345885, -19.40962), (-3.6339781, 1.7506206, -19.589016), (-2.7453828, 1.7634021, -19.732037), (-1.8399107, 1.772705, -19.836134), (-0.92288905, 1.778358, -19.89939), (0, 1.7802544, -19.92061), (0.92288905, 1.778358, -19.89939), (1.8399107, 1.772705, -19.836134), (2.7453828, 1.7634021, -19.732037), (3.6339781, 1.7506206, -19.589016), (4.500873, 1.7345885, -19.40962), (5.3418574, 1.715579, -19.196909), (6.1534114, 1.6938994, -18.954319), (6.9327393, 1.6698774, -18.68552), (7.6777697, 1.6438503, -18.394281), (8.387122, 1.6161537, -18.084364), (9.060055, 1.5871129, -17.759405), (9.696391, 1.5570357, -17.422848), (-9.659868, 2.3267562, -17.357222), (-9.024605, 2.3713546, -17.689917), (-8.353101, 2.414397, -18.011007), (-7.645556, 2.4554298, -18.317104), (-6.9027295, 2.4939735, -18.604635), (-6.126008, 2.5295339, -18.86991), (-5.3174596, 2.5616152, -19.109232), (-4.4798613, 2.5897362, -19.31901), (-3.6167006, 2.613446, -19.49588), (-2.73214, 2.6323442, -19.636858), (-1.8309426, 2.6460965, -19.739449), (-0.9183621, 2.654452, -19.80178), (0, 2.6572552, -19.82269), (0.9183621, 2.654452, -19.80178), (1.8309426, 2.6460965, -19.739449), (2.73214, 2.6323442, -19.636858), (3.6167006, 2.613446, -19.49588), (4.4798613, 2.5897362, -19.31901), (5.3174596, 2.5616152, -19.109232), (6.126008, 2.5295339, -18.86991), (6.9027295, 2.4939735, -18.604635), (7.645556, 2.4554298, -18.317104), (8.353101, 2.414397, -18.011007), (9.024605, 2.3713546, -17.689917), (9.659868, 2.3267562, -17.357222), (-9.609422, 3.0861406, -17.266579), (-8.975668, 3.1446605, -17.59399), (-8.306159, 3.201105, -17.909792), (-7.6011305, 3.2548828, -18.21067), (-6.8613625, 3.3053699, -18.49314), (-6.0882516, 3.3519247, -18.753607), (-5.283858, 3.393904, -18.988478), (-4.4509335, 3.4306846, -19.19426), (-3.592921, 3.4616838, -19.367697), (-2.7139182, 3.486384, -19.50589), (-1.8186046, 3.504354, -19.606432), (-0.9121349, 3.5152705, -19.66751), (0, 3.518932, -19.687994), (0.9121349, 3.5152705, -19.66751), (1.8186046, 3.504354, -19.606432), (2.7139182, 3.486384, -19.50589), (3.592921, 3.4616838, -19.367697), (4.4509335, 3.4306846, -19.19426), (5.283858, 3.393904, -18.988478), (6.0882516, 3.3519247, -18.753607), (6.8613625, 3.3053699, -18.49314), (7.6011305, 3.2548828, -18.21067), (8.306159, 3.201105, -17.909792), (8.975668, 3.1446605, -17.59399), (9.609422, 3.0861406, -17.266579), (-9.54571, 3.8320985, -17.152098), (-8.913902, 3.903776, -17.47292), (-8.246953, 3.9728596, -17.782131), (-7.545134, 4.038631, -18.076515), (-6.8092537, 4.1003337, -18.352694), (-6.0407176, 4.157193, -18.60719), (-5.2415767, 4.2084327, -18.836533), (-4.414551, 4.2533016, -19.037363), (-3.5630255, 4.2911, -19.206543), (-2.6910172, 4.3212056, -19.341293), (-1.8031019, 4.3431015, -19.439297), (-0.90431154, 4.3564, -19.498821), (0, 4.3608603, -19.518784), (0.90431154, 4.3564, -19.498821), (1.8031019, 4.3431015, -19.439297), (2.6910172, 4.3212056, -19.341293), (3.5630255, 4.2911, -19.206543), (4.414551, 4.2533016, -19.037363), (5.2415767, 4.2084327, -18.836533), (6.0407176, 4.157193, -18.60719), (6.8092537, 4.1003337, -18.352694), (7.545134, 4.038631, -18.076515), (8.246953, 3.9728596, -17.782131), (8.913902, 3.903776, -17.47292), (9.54571, 3.8320985, -17.152098), (-9.469533, 4.561821, -17.01522), (-8.840115, 4.6457534, -17.328281), (-8.17628, 4.726577, -17.629745), (-7.4783454, 4.8034577, -17.916504), (-6.7471485, 4.875523, -18.185303), (-5.984105, 4.9418793, -18.432806), (-5.1912527, 5.0016336, -18.655684), (-4.3712716, 5.053924, -18.850725), (-3.5274801, 5.0979495, -19.014936), (-2.6637988, 5.1329985, -19.145666), (-1.784682, 5.1584806, -19.240711), (-0.89501756, 5.1739535, -19.298424), (0, 5.179142, -19.317776), (0.89501756, 5.1739535, -19.298424), (1.784682, 5.1584806, -19.240711), (2.6637988, 5.1329985, -19.145666), (3.5274801, 5.0979495, -19.014936), (4.3712716, 5.053924, -18.850725), (5.1912527, 5.0016336, -18.655684), (5.984105, 4.9418793, -18.432806), (6.7471485, 4.875523, -18.185303), (7.4783454, 4.8034577, -17.916504), (8.17628, 4.726577, -17.629745), (8.840115, 4.6457534, -17.328281), (9.469533, 4.561821, -17.01522), (-9.381815, 5.272825, -16.857605), (-8.75523, 5.3680015, -17.161892), (-8.095055, 5.4595585, -17.454607), (-7.4016547, 5.546564, -17.73277), (-6.675897, 5.6280427, -17.993263), (-5.919208, 5.702999, -18.232904), (-5.133607, 5.7704425, -18.448524), (-4.321728, 5.829418, -18.637075), (-3.4868128, 5.87904, -18.79572), (-2.6326723, 5.918523, -18.921947), (-1.7636241, 5.947217, -19.013685), (-0.8843947, 5.964635, -19.069372), (0, 5.970475, -19.088043), (0.8843947, 5.964635, -19.069372), (1.7636241, 5.947217, -19.013685), (2.6326723, 5.918523, -18.921947), (3.4868128, 5.87904, -18.79572), (4.321728, 5.829418, -18.637075), (5.133607, 5.7704425, -18.448524), (5.919208, 5.702999, -18.232904), (6.675897, 5.6280427, -17.993263), (7.4016547, 5.546564, -17.73277), (8.095055, 5.4595585, -17.454607), (8.75523, 5.3680015, -17.161892), (9.381815, 5.272825, -16.857605)],
                                    96: [(0, 0, 0), (-6.086011, -3.4187996, -18.74226), (-5.620562, -3.4443657, -18.882416), (-5.1449842, -3.4682167, -19.01317), (-4.6598744, -3.4902287, -19.13384), (-4.1659102, -3.510283, -19.24378), (-3.6638477, -3.5282679, -19.342377), (-3.1545155, -3.5440805, -19.429064), (-2.6388113, -3.557628, -19.503332), (-2.1176953, -3.5688283, -19.564734), (-1.5921812, -3.5776134, -19.612894), (-1.0633277, -3.5839283, -19.647514), (-0.5322283, -3.5877333, -19.668373), (0, -3.5890043, -19.67534), (0.5322283, -3.5877333, -19.668373), (1.0633277, -3.5839283, -19.647514), (1.5921812, -3.5776134, -19.612894), (2.1176953, -3.5688283, -19.564734), (2.6388113, -3.557628, -19.503332), (3.1545155, -3.5440805, -19.429064), (3.6638477, -3.5282679, -19.342377), (4.1659102, -3.510283, -19.24378), (4.6598744, -3.4902287, -19.13384), (5.1449842, -3.4682167, -19.01317), (5.620562, -3.4443657, -18.882416), (6.086011, -3.4187996, -18.74226), (-6.1097393, -2.941825, -18.815332), (-5.642807, -2.963998, -18.957148), (-5.1656313, -2.984687, -19.08947), (-4.6788144, -3.003784, -19.21161), (-4.183039, -3.021185, -19.322905), (-3.6790679, -3.0367928, -19.422728), (-3.1677382, -3.0505168, -19.510504), (-2.6499577, -3.062276, -19.585714), (-2.1266973, -3.071999, -19.6479), (-1.5989828, -3.0796256, -19.696678), (-1.0678862, -3.0851083, -19.731745), (-0.5345149, -3.0884118, -19.752872), (0, -3.0895154, -19.759932), (0.5345149, -3.0884118, -19.752872), (1.0678862, -3.0851083, -19.731745), (1.5989828, -3.0796256, -19.696678), (2.1266973, -3.071999, -19.6479), (2.6499577, -3.062276, -19.585714), (3.1677382, -3.0505168, -19.510504), (3.6790679, -3.0367928, -19.422728), (4.183039, -3.021185, -19.322905), (4.6788144, -3.003784, -19.21161), (5.1656313, -2.984687, -19.08947), (5.642807, -2.963998, -18.957148), (6.1097393, -2.941825, -18.815332), (-6.1300354, -2.4596646, -18.877836), (-5.661837, -2.4783285, -19.02108), (-5.1832976, -2.4957454, -19.154757), (-4.695022, -2.5118244, -19.278162), (-4.1976986, -2.5264773, -19.390623), (-3.6920955, -2.5396218, -19.491505), (-3.1790574, -2.551181, -19.580221), (-2.6595004, -2.5610862, -19.656242), (-2.1344044, -2.5692768, -19.719107), (-1.6048065, -2.575702, -19.768417), (-1.0717896, -2.5803208, -19.80387), (-0.53647286, -2.5831041, -19.825232), (0, -2.584034, -19.832367), (0.53647286, -2.5831041, -19.825232), (1.0717896, -2.5803208, -19.80387), (1.6048065, -2.575702, -19.768417), (2.1344044, -2.5692768, -19.719107), (2.6595004, -2.5610862, -19.656242), (3.1790574, -2.551181, -19.580221), (3.6920955, -2.5396218, -19.491505), (4.1976986, -2.5264773, -19.390623), (4.695022, -2.5118244, -19.278162), (5.1832976, -2.4957454, -19.154757), (5.661837, -2.4783285, -19.02108), (6.1300354, -2.4596646, -18.877836), (-6.146793, -1.9731108, -18.929441), (-5.6775517, -1.9881655, -19.073872), (-5.1978874, -2.0022163, -19.208672), (-4.7084093, -2.0151892, -19.33313), (-4.2098083, -2.0270128, -19.446562), (-3.7028582, -2.0376198, -19.548323), (-3.1884096, -2.046949, -19.637821), (-2.667385, -2.0549433, -19.71452), (-2.1407733, -2.0615544, -19.777945), (-1.6096191, -2.0667408, -19.8277), (-1.0750154, -2.0704694, -19.863472), (-0.538091, -2.0727162, -19.885027), (0, -2.0734668, -19.892227), (0.538091, -2.0727162, -19.885027), (1.0750154, -2.0704694, -19.863472), (1.6096191, -2.0667408, -19.8277), (2.1407733, -2.0615544, -19.777945), (2.667385, -2.0549433, -19.71452), (3.1884096, -2.046949, -19.637821), (3.7028582, -2.0376198, -19.548323), (4.2098083, -2.0270128, -19.446562), (4.7084093, -2.0151892, -19.33313), (5.1978874, -2.0022163, -19.208672), (5.6775517, -1.9881655, -19.073872), (6.146793, -1.9731108, -18.929441), (-6.1599216, -1.4829938, -18.969873), (-5.6898646, -1.494358, -19.115238), (-5.2093205, -1.5049653, -19.250923), (-4.7189007, -1.5147597, -19.37621), (-4.2193, -1.5236871, -19.490404), (-3.7112944, -1.5316967, -19.592861), (-3.1957407, -1.5387415, -19.682976), (-2.6735663, -1.5447791, -19.760204), (-2.1457663, -1.549772, -19.824074), (-1.6133924, -1.5536891, -19.87418), (-1.0775445, -1.5565053, -19.910204), (-0.5393597, -1.5582024, -19.931911), (0, -1.5587693, -19.939163), (0.5393597, -1.5582024, -19.931911), (1.0775445, -1.5565053, -19.910204), (1.6133924, -1.5536891, -19.87418), (2.1457663, -1.549772, -19.824074), (2.6735663, -1.5447791, -19.760204), (3.1957407, -1.5387415, -19.682976), (3.7112944, -1.5316967, -19.592861), (4.2193, -1.5236871, -19.490404), (4.7189007, -1.5147597, -19.37621), (5.2093205, -1.5049653, -19.250923), (5.6898646, -1.494358, -19.115238), (6.1599216, -1.4829938, -18.969873), (-6.169351, -0.990176, -18.998913), (-5.698709, -0.9977872, -19.14495), (-5.2175336, -1.004892, -19.281275), (-4.726438, -1.0114527, -19.407158), (-4.2261186, -1.017433, -19.521904), (-3.717356, -1.0227989, -19.62486), (-3.2010083, -1.0275186, -19.71542), (-2.678008, -1.0315636, -19.793034), (-2.1493542, -1.034909, -19.857222), (-1.6161038, -1.0375335, -19.90758), (-1.079362, -1.0394205, -19.943785), (-0.5402714, -1.0405576, -19.965605), (0, -1.0409374, -19.972893), (0.5402714, -1.0405576, -19.965605), (1.079362, -1.0394205, -19.943785), (1.6161038, -1.0375335, -19.90758), (2.1493542, -1.034909, -19.857222), (2.678008, -1.0315636, -19.793034), (3.2010083, -1.0275186, -19.71542), (3.717356, -1.0227989, -19.62486), (4.2261186, -1.017433, -19.521904), (4.726438, -1.0114527, -19.407158), (5.2175336, -1.004892, -19.281275), (5.698709, -0.9977872, -19.14495), (6.169351, -0.990176, -18.998913), (-6.1750298, -0.4955437, -19.0164), (-5.7040353, -0.49935988, -19.162846), (-5.2224803, -0.50292236, -19.299553), (-4.7309775, -0.5062121, -19.425797), (-4.230226, -0.50921094, -19.540878), (-3.721007, -0.51190174, -19.644136), (-3.2041814, -0.5142686, -19.734962), (-2.6806836, -0.5162971, -19.812809), (-2.1515157, -0.51797485, -19.87719), (-1.6177372, -0.5192911, -19.9277), (-1.0804569, -0.52023745, -19.964016), (-0.54082066, -0.52080774, -19.985903), (0, -0.52099824, -19.993214), (0.54082066, -0.52080774, -19.985903), (1.0804569, -0.52023745, -19.964016), (1.6177372, -0.5192911, -19.9277), (2.1515157, -0.51797485, -19.87719), (2.6806836, -0.5162971, -19.812809), (3.2041814, -0.5142686, -19.734962), (3.721007, -0.51190174, -19.644136), (4.230226, -0.50921094, -19.540878), (4.7309775, -0.5062121, -19.425797), (5.2224803, -0.50292236, -19.299553), (5.7040353, -0.49935988, -19.162846), (6.1750298, -0.4955437, -19.0164), (-6.176926, 0, -19.02224), (-5.705814, 0, -19.168821), (-5.224132, 0, -19.305658), (-4.732494, 0, -19.432022), (-4.231598, 0, -19.547215), (-3.7222264, 0, -19.650574), (-3.2052412, 0, -19.74149), (-2.6815774, 0, -19.819414), (-2.1522377, 0, -19.88386), (-1.6182828, 0, -19.934422), (-1.0808226, 0, -19.970774), (-0.5410041, 0, -19.992682), (0, 0, -20), (0.5410041, 0, -19.992682), (1.0808226, 0, -19.970774), (1.6182828, 0, -19.934422), (2.1522377, 0, -19.88386), (2.6815774, 0, -19.819414), (3.2052412, 0, -19.74149), (3.7222264, 0, -19.650574), (4.231598, 0, -19.547215), (4.732494, 0, -19.432022), (5.224132, 0, -19.305658), (5.705814, 0, -19.168821), (6.176926, 0, -19.02224), (-6.1750298, 0.4955437, -19.0164), (-5.7040353, 0.49935988, -19.162846), (-5.2224803, 0.50292236, -19.299553), (-4.7309775, 0.5062121, -19.425797), (-4.230226, 0.50921094, -19.540878), (-3.721007, 0.51190174, -19.644136), (-3.2041814, 0.5142686, -19.734962), (-2.6806836, 0.5162971, -19.812809), (-2.1515157, 0.51797485, -19.87719), (-1.6177372, 0.5192911, -19.9277), (-1.0804569, 0.52023745, -19.964016), (-0.54082066, 0.52080774, -19.985903), (0, 0.52099824, -19.993214), (0.54082066, 0.52080774, -19.985903), (1.0804569, 0.52023745, -19.964016), (1.6177372, 0.5192911, -19.9277), (2.1515157, 0.51797485, -19.87719), (2.6806836, 0.5162971, -19.812809), (3.2041814, 0.5142686, -19.734962), (3.721007, 0.51190174, -19.644136), (4.230226, 0.50921094, -19.540878), (4.7309775, 0.5062121, -19.425797), (5.2224803, 0.50292236, -19.299553), (5.7040353, 0.49935988, -19.162846), (6.1750298, 0.4955437, -19.0164), (-6.169351, 0.990176, -18.998913), (-5.698709, 0.9977872, -19.14495), (-5.2175336, 1.004892, -19.281275), (-4.726438, 1.0114527, -19.407158), (-4.2261186, 1.017433, -19.521904), (-3.717356, 1.0227989, -19.62486), (-3.2010083, 1.0275186, -19.71542), (-2.678008, 1.0315636, -19.793034), (-2.1493542, 1.034909, -19.857222), (-1.6161038, 1.0375335, -19.90758), (-1.079362, 1.0394205, -19.943785), (-0.5402714, 1.0405576, -19.965605), (0, 1.0409374, -19.972893), (0.5402714, 1.0405576, -19.965605), (1.079362, 1.0394205, -19.943785), (1.6161038, 1.0375335, -19.90758), (2.1493542, 1.034909, -19.857222), (2.678008, 1.0315636, -19.793034), (3.2010083, 1.0275186, -19.71542), (3.717356, 1.0227989, -19.62486), (4.2261186, 1.017433, -19.521904), (4.726438, 1.0114527, -19.407158), (5.2175336, 1.004892, -19.281275), (5.698709, 0.9977872, -19.14495), (6.169351, 0.990176, -18.998913), (-6.1599216, 1.4829938, -18.969873), (-5.6898646, 1.494358, -19.115238), (-5.2093205, 1.5049653, -19.250923), (-4.7189007, 1.5147597, -19.37621), (-4.2193, 1.5236871, -19.490404), (-3.7112944, 1.5316967, -19.592861), (-3.1957407, 1.5387415, -19.682976), (-2.6735663, 1.5447791, -19.760204), (-2.1457663, 1.549772, -19.824074), (-1.6133924, 1.5536891, -19.87418), (-1.0775445, 1.5565053, -19.910204), (-0.5393597, 1.5582024, -19.931911), (0, 1.5587693, -19.939163), (0.5393597, 1.5582024, -19.931911), (1.0775445, 1.5565053, -19.910204), (1.6133924, 1.5536891, -19.87418), (2.1457663, 1.549772, -19.824074), (2.6735663, 1.5447791, -19.760204), (3.1957407, 1.5387415, -19.682976), (3.7112944, 1.5316967, -19.592861), (4.2193, 1.5236871, -19.490404), (4.7189007, 1.5147597, -19.37621), (5.2093205, 1.5049653, -19.250923), (5.6898646, 1.494358, -19.115238), (6.1599216, 1.4829938, -18.969873), (-6.146793, 1.9731108, -18.929441), (-5.6775517, 1.9881655, -19.073872), (-5.1978874, 2.0022163, -19.208672), (-4.7084093, 2.0151892, -19.33313), (-4.2098083, 2.0270128, -19.446562), (-3.7028582, 2.0376198, -19.548323), (-3.1884096, 2.046949, -19.637821), (-2.667385, 2.0549433, -19.71452), (-2.1407733, 2.0615544, -19.777945), (-1.6096191, 2.0667408, -19.8277), (-1.0750154, 2.0704694, -19.863472), (-0.538091, 2.0727162, -19.885027), (0, 2.0734668, -19.892227), (0.538091, 2.0727162, -19.885027), (1.0750154, 2.0704694, -19.863472), (1.6096191, 2.0667408, -19.8277), (2.1407733, 2.0615544, -19.777945), (2.667385, 2.0549433, -19.71452), (3.1884096, 2.046949, -19.637821), (3.7028582, 2.0376198, -19.548323), (4.2098083, 2.0270128, -19.446562), (4.7084093, 2.0151892, -19.33313), (5.1978874, 2.0022163, -19.208672), (5.6775517, 1.9881655, -19.073872), (6.146793, 1.9731108, -18.929441), (-6.1300354, 2.4596646, -18.877836), (-5.661837, 2.4783285, -19.02108), (-5.1832976, 2.4957454, -19.154757), (-4.695022, 2.5118244, -19.278162), (-4.1976986, 2.5264773, -19.390623), (-3.6920955, 2.5396218, -19.491505), (-3.1790574, 2.551181, -19.580221), (-2.6595004, 2.5610862, -19.656242), (-2.1344044, 2.5692768, -19.719107), (-1.6048065, 2.575702, -19.768417), (-1.0717896, 2.5803208, -19.80387), (-0.53647286, 2.5831041, -19.825232), (0, 2.584034, -19.832367), (0.53647286, 2.5831041, -19.825232), (1.0717896, 2.5803208, -19.80387), (1.6048065, 2.575702, -19.768417), (2.1344044, 2.5692768, -19.719107), (2.6595004, 2.5610862, -19.656242), (3.1790574, 2.551181, -19.580221), (3.6920955, 2.5396218, -19.491505), (4.1976986, 2.5264773, -19.390623), (4.695022, 2.5118244, -19.278162), (5.1832976, 2.4957454, -19.154757), (5.661837, 2.4783285, -19.02108), (6.1300354, 2.4596646, -18.877836), (-6.1097393, 2.941825, -18.815332), (-5.642807, 2.963998, -18.957148), (-5.1656313, 2.984687, -19.08947), (-4.6788144, 3.003784, -19.21161), (-4.183039, 3.021185, -19.322905), (-3.6790679, 3.0367928, -19.422728), (-3.1677382, 3.0505168, -19.510504), (-2.6499577, 3.062276, -19.585714), (-2.1266973, 3.071999, -19.6479), (-1.5989828, 3.0796256, -19.696678), (-1.0678862, 3.0851083, -19.731745), (-0.5345149, 3.0884118, -19.752872), (0, 3.0895154, -19.759932), (0.5345149, 3.0884118, -19.752872), (1.0678862, 3.0851083, -19.731745), (1.5989828, 3.0796256, -19.696678), (2.1266973, 3.071999, -19.6479), (2.6499577, 3.062276, -19.585714), (3.1677382, 3.0505168, -19.510504), (3.6790679, 3.0367928, -19.422728), (4.183039, 3.021185, -19.322905), (4.6788144, 3.003784, -19.21161), (5.1656313, 2.984687, -19.08947), (5.642807, 2.963998, -18.957148), (6.1097393, 2.941825, -18.815332), (-6.086011, 3.4187996, -18.74226), (-5.620562, 3.4443657, -18.882416), (-5.1449842, 3.4682167, -19.01317), (-4.6598744, 3.4902287, -19.13384), (-4.1659102, 3.510283, -19.24378), (-3.6638477, 3.5282679, -19.342377), (-3.1545155, 3.5440805, -19.429064), (-2.6388113, 3.557628, -19.503332), (-2.1176953, 3.5688283, -19.564734), (-1.5921812, 3.5776134, -19.612894), (-1.0633277, 3.5839283, -19.647514), (-0.5322283, 3.5877333, -19.668373), (0, 3.5890043, -19.67534), (0.5322283, 3.5877333, -19.668373), (1.0633277, 3.5839283, -19.647514), (1.5921812, 3.5776134, -19.612894), (2.1176953, 3.5688283, -19.564734), (2.6388113, 3.557628, -19.503332), (3.1545155, 3.5440805, -19.429064), (3.6638477, 3.5282679, -19.342377), (4.1659102, 3.510283, -19.24378), (4.6598744, 3.4902287, -19.13384), (5.1449842, 3.4682167, -19.01317), (5.620562, 3.4443657, -18.882416), (6.086011, 3.4187996, -18.74226)],
                                    228: [(0, 0, 0), (-6.086011, -3.4187996, -18.74226), (-5.620562, -3.4443657, -18.882416), (-5.1449842, -3.4682167, -19.01317), (-4.6598744, -3.4902287, -19.13384), (-4.1659102, -3.510283, -19.24378), (-3.6638477, -3.5282679, -19.342377), (-3.1545155, -3.5440805, -19.429064), (-2.6388113, -3.557628, -19.503332), (-2.1176953, -3.5688283, -19.564734), (-1.5921812, -3.5776134, -19.612894), (-1.0633277, -3.5839283, -19.647514), (-0.5322283, -3.5877333, -19.668373), (0, -3.5890043, -19.67534), (0.5322283, -3.5877333, -19.668373), (1.0633277, -3.5839283, -19.647514), (1.5921812, -3.5776134, -19.612894), (2.1176953, -3.5688283, -19.564734), (2.6388113, -3.557628, -19.503332), (3.1545155, -3.5440805, -19.429064), (3.6638477, -3.5282679, -19.342377), (4.1659102, -3.510283, -19.24378), (4.6598744, -3.4902287, -19.13384), (5.1449842, -3.4682167, -19.01317), (5.620562, -3.4443657, -18.882416), (6.086011, -3.4187996, -18.74226), (-6.1097393, -2.941825, -18.815332), (-5.642807, -2.963998, -18.957148), (-5.1656313, -2.984687, -19.08947), (-4.6788144, -3.003784, -19.21161), (-4.183039, -3.021185, -19.322905), (-3.6790679, -3.0367928, -19.422728), (-3.1677382, -3.0505168, -19.510504), (-2.6499577, -3.062276, -19.585714), (-2.1266973, -3.071999, -19.6479), (-1.5989828, -3.0796256, -19.696678), (-1.0678862, -3.0851083, -19.731745), (-0.5345149, -3.0884118, -19.752872), (0, -3.0895154, -19.759932), (0.5345149, -3.0884118, -19.752872), (1.0678862, -3.0851083, -19.731745), (1.5989828, -3.0796256, -19.696678), (2.1266973, -3.071999, -19.6479), (2.6499577, -3.062276, -19.585714), (3.1677382, -3.0505168, -19.510504), (3.6790679, -3.0367928, -19.422728), (4.183039, -3.021185, -19.322905), (4.6788144, -3.003784, -19.21161), (5.1656313, -2.984687, -19.08947), (5.642807, -2.963998, -18.957148), (6.1097393, -2.941825, -18.815332), (-6.1300354, -2.4596646, -18.877836), (-5.661837, -2.4783285, -19.02108), (-5.1832976, -2.4957454, -19.154757), (-4.695022, -2.5118244, -19.278162), (-4.1976986, -2.5264773, -19.390623), (-3.6920955, -2.5396218, -19.491505), (-3.1790574, -2.551181, -19.580221), (-2.6595004, -2.5610862, -19.656242), (-2.1344044, -2.5692768, -19.719107), (-1.6048065, -2.575702, -19.768417), (-1.0717896, -2.5803208, -19.80387), (-0.53647286, -2.5831041, -19.825232), (0, -2.584034, -19.832367), (0.53647286, -2.5831041, -19.825232), (1.0717896, -2.5803208, -19.80387), (1.6048065, -2.575702, -19.768417), (2.1344044, -2.5692768, -19.719107), (2.6595004, -2.5610862, -19.656242), (3.1790574, -2.551181, -19.580221), (3.6920955, -2.5396218, -19.491505), (4.1976986, -2.5264773, -19.390623), (4.695022, -2.5118244, -19.278162), (5.1832976, -2.4957454, -19.154757), (5.661837, -2.4783285, -19.02108), (6.1300354, -2.4596646, -18.877836), (-6.146793, -1.9731108, -18.929441), (-5.6775517, -1.9881655, -19.073872), (-5.1978874, -2.0022163, -19.208672), (-4.7084093, -2.0151892, -19.33313), (-4.2098083, -2.0270128, -19.446562), (-3.7028582, -2.0376198, -19.548323), (-3.1884096, -2.046949, -19.637821), (-2.667385, -2.0549433, -19.71452), (-2.1407733, -2.0615544, -19.777945), (-1.6096191, -2.0667408, -19.8277), (-1.0750154, -2.0704694, -19.863472), (-0.538091, -2.0727162, -19.885027), (0, -2.0734668, -19.892227), (0.538091, -2.0727162, -19.885027), (1.0750154, -2.0704694, -19.863472), (1.6096191, -2.0667408, -19.8277), (2.1407733, -2.0615544, -19.777945), (2.667385, -2.0549433, -19.71452), (3.1884096, -2.046949, -19.637821), (3.7028582, -2.0376198, -19.548323), (4.2098083, -2.0270128, -19.446562), (4.7084093, -2.0151892, -19.33313), (5.1978874, -2.0022163, -19.208672), (5.6775517, -1.9881655, -19.073872), (6.146793, -1.9731108, -18.929441), (-6.1599216, -1.4829938, -18.969873), (-5.6898646, -1.494358, -19.115238), (-5.2093205, -1.5049653, -19.250923), (-4.7189007, -1.5147597, -19.37621), (-4.2193, -1.5236871, -19.490404), (-3.7112944, -1.5316967, -19.592861), (-3.1957407, -1.5387415, -19.682976), (-2.6735663, -1.5447791, -19.760204), (-2.1457663, -1.549772, -19.824074), (-1.6133924, -1.5536891, -19.87418), (-1.0775445, -1.5565053, -19.910204), (-0.5393597, -1.5582024, -19.931911), (0, -1.5587693, -19.939163), (0.5393597, -1.5582024, -19.931911), (1.0775445, -1.5565053, -19.910204), (1.6133924, -1.5536891, -19.87418), (2.1457663, -1.549772, -19.824074), (2.6735663, -1.5447791, -19.760204), (3.1957407, -1.5387415, -19.682976), (3.7112944, -1.5316967, -19.592861), (4.2193, -1.5236871, -19.490404), (4.7189007, -1.5147597, -19.37621), (5.2093205, -1.5049653, -19.250923), (5.6898646, -1.494358, -19.115238), (6.1599216, -1.4829938, -18.969873), (-6.169351, -0.990176, -18.998913), (-5.698709, -0.9977872, -19.14495), (-5.2175336, -1.004892, -19.281275), (-4.726438, -1.0114527, -19.407158), (-4.2261186, -1.017433, -19.521904), (-3.717356, -1.0227989, -19.62486), (-3.2010083, -1.0275186, -19.71542), (-2.678008, -1.0315636, -19.793034), (-2.1493542, -1.034909, -19.857222), (-1.6161038, -1.0375335, -19.90758), (-1.079362, -1.0394205, -19.943785), (-0.5402714, -1.0405576, -19.965605), (0, -1.0409374, -19.972893), (0.5402714, -1.0405576, -19.965605), (1.079362, -1.0394205, -19.943785), (1.6161038, -1.0375335, -19.90758), (2.1493542, -1.034909, -19.857222), (2.678008, -1.0315636, -19.793034), (3.2010083, -1.0275186, -19.71542), (3.717356, -1.0227989, -19.62486), (4.2261186, -1.017433, -19.521904), (4.726438, -1.0114527, -19.407158), (5.2175336, -1.004892, -19.281275), (5.698709, -0.9977872, -19.14495), (6.169351, -0.990176, -18.998913), (-6.1750298, -0.4955437, -19.0164), (-5.7040353, -0.49935988, -19.162846), (-5.2224803, -0.50292236, -19.299553), (-4.7309775, -0.5062121, -19.425797), (-4.230226, -0.50921094, -19.540878), (-3.721007, -0.51190174, -19.644136), (-3.2041814, -0.5142686, -19.734962), (-2.6806836, -0.5162971, -19.812809), (-2.1515157, -0.51797485, -19.87719), (-1.6177372, -0.5192911, -19.9277), (-1.0804569, -0.52023745, -19.964016), (-0.54082066, -0.52080774, -19.985903), (0, -0.52099824, -19.993214), (0.54082066, -0.52080774, -19.985903), (1.0804569, -0.52023745, -19.964016), (1.6177372, -0.5192911, -19.9277), (2.1515157, -0.51797485, -19.87719), (2.6806836, -0.5162971, -19.812809), (3.2041814, -0.5142686, -19.734962), (3.721007, -0.51190174, -19.644136), (4.230226, -0.50921094, -19.540878), (4.7309775, -0.5062121, -19.425797), (5.2224803, -0.50292236, -19.299553), (5.7040353, -0.49935988, -19.162846), (6.1750298, -0.4955437, -19.0164), (-6.176926, 0, -19.02224), (-5.705814, 0, -19.168821), (-5.224132, 0, -19.305658), (-4.732494, 0, -19.432022), (-4.231598, 0, -19.547215), (-3.7222264, 0, -19.650574), (-3.2052412, 0, -19.74149), (-2.6815774, 0, -19.819414), (-2.1522377, 0, -19.88386), (-1.6182828, 0, -19.934422), (-1.0808226, 0, -19.970774), (-0.5410041, 0, -19.992682), (0, 0, -20), (0.5410041, 0, -19.992682), (1.0808226, 0, -19.970774), (1.6182828, 0, -19.934422), (2.1522377, 0, -19.88386), (2.6815774, 0, -19.819414), (3.2052412, 0, -19.74149), (3.7222264, 0, -19.650574), (4.231598, 0, -19.547215), (4.732494, 0, -19.432022), (5.224132, 0, -19.305658), (5.705814, 0, -19.168821), (6.176926, 0, -19.02224), (-6.1750298, 0.4955437, -19.0164), (-5.7040353, 0.49935988, -19.162846), (-5.2224803, 0.50292236, -19.299553), (-4.7309775, 0.5062121, -19.425797), (-4.230226, 0.50921094, -19.540878), (-3.721007, 0.51190174, -19.644136), (-3.2041814, 0.5142686, -19.734962), (-2.6806836, 0.5162971, -19.812809), (-2.1515157, 0.51797485, -19.87719), (-1.6177372, 0.5192911, -19.9277), (-1.0804569, 0.52023745, -19.964016), (-0.54082066, 0.52080774, -19.985903), (0, 0.52099824, -19.993214), (0.54082066, 0.52080774, -19.985903), (1.0804569, 0.52023745, -19.964016), (1.6177372, 0.5192911, -19.9277), (2.1515157, 0.51797485, -19.87719), (2.6806836, 0.5162971, -19.812809), (3.2041814, 0.5142686, -19.734962), (3.721007, 0.51190174, -19.644136), (4.230226, 0.50921094, -19.540878), (4.7309775, 0.5062121, -19.425797), (5.2224803, 0.50292236, -19.299553), (5.7040353, 0.49935988, -19.162846), (6.1750298, 0.4955437, -19.0164), (-6.169351, 0.990176, -18.998913), (-5.698709, 0.9977872, -19.14495), (-5.2175336, 1.004892, -19.281275), (-4.726438, 1.0114527, -19.407158), (-4.2261186, 1.017433, -19.521904), (-3.717356, 1.0227989, -19.62486), (-3.2010083, 1.0275186, -19.71542), (-2.678008, 1.0315636, -19.793034), (-2.1493542, 1.034909, -19.857222), (-1.6161038, 1.0375335, -19.90758), (-1.079362, 1.0394205, -19.943785), (-0.5402714, 1.0405576, -19.965605), (0, 1.0409374, -19.972893), (0.5402714, 1.0405576, -19.965605), (1.079362, 1.0394205, -19.943785), (1.6161038, 1.0375335, -19.90758), (2.1493542, 1.034909, -19.857222), (2.678008, 1.0315636, -19.793034), (3.2010083, 1.0275186, -19.71542), (3.717356, 1.0227989, -19.62486), (4.2261186, 1.017433, -19.521904), (4.726438, 1.0114527, -19.407158), (5.2175336, 1.004892, -19.281275), (5.698709, 0.9977872, -19.14495), (6.169351, 0.990176, -18.998913), (-6.1599216, 1.4829938, -18.969873), (-5.6898646, 1.494358, -19.115238), (-5.2093205, 1.5049653, -19.250923), (-4.7189007, 1.5147597, -19.37621), (-4.2193, 1.5236871, -19.490404), (-3.7112944, 1.5316967, -19.592861), (-3.1957407, 1.5387415, -19.682976), (-2.6735663, 1.5447791, -19.760204), (-2.1457663, 1.549772, -19.824074), (-1.6133924, 1.5536891, -19.87418), (-1.0775445, 1.5565053, -19.910204), (-0.5393597, 1.5582024, -19.931911), (0, 1.5587693, -19.939163), (0.5393597, 1.5582024, -19.931911), (1.0775445, 1.5565053, -19.910204), (1.6133924, 1.5536891, -19.87418), (2.1457663, 1.549772, -19.824074), (2.6735663, 1.5447791, -19.760204), (3.1957407, 1.5387415, -19.682976), (3.7112944, 1.5316967, -19.592861), (4.2193, 1.5236871, -19.490404), (4.7189007, 1.5147597, -19.37621), (5.2093205, 1.5049653, -19.250923), (5.6898646, 1.494358, -19.115238), (6.1599216, 1.4829938, -18.969873), (-6.146793, 1.9731108, -18.929441), (-5.6775517, 1.9881655, -19.073872), (-5.1978874, 2.0022163, -19.208672), (-4.7084093, 2.0151892, -19.33313), (-4.2098083, 2.0270128, -19.446562), (-3.7028582, 2.0376198, -19.548323), (-3.1884096, 2.046949, -19.637821), (-2.667385, 2.0549433, -19.71452), (-2.1407733, 2.0615544, -19.777945), (-1.6096191, 2.0667408, -19.8277), (-1.0750154, 2.0704694, -19.863472), (-0.538091, 2.0727162, -19.885027), (0, 2.0734668, -19.892227), (0.538091, 2.0727162, -19.885027), (1.0750154, 2.0704694, -19.863472), (1.6096191, 2.0667408, -19.8277), (2.1407733, 2.0615544, -19.777945), (2.667385, 2.0549433, -19.71452), (3.1884096, 2.046949, -19.637821), (3.7028582, 2.0376198, -19.548323), (4.2098083, 2.0270128, -19.446562), (4.7084093, 2.0151892, -19.33313), (5.1978874, 2.0022163, -19.208672), (5.6775517, 1.9881655, -19.073872), (6.146793, 1.9731108, -18.929441), (-6.1300354, 2.4596646, -18.877836), (-5.661837, 2.4783285, -19.02108), (-5.1832976, 2.4957454, -19.154757), (-4.695022, 2.5118244, -19.278162), (-4.1976986, 2.5264773, -19.390623), (-3.6920955, 2.5396218, -19.491505), (-3.1790574, 2.551181, -19.580221), (-2.6595004, 2.5610862, -19.656242), (-2.1344044, 2.5692768, -19.719107), (-1.6048065, 2.575702, -19.768417), (-1.0717896, 2.5803208, -19.80387), (-0.53647286, 2.5831041, -19.825232), (0, 2.584034, -19.832367), (0.53647286, 2.5831041, -19.825232), (1.0717896, 2.5803208, -19.80387), (1.6048065, 2.575702, -19.768417), (2.1344044, 2.5692768, -19.719107), (2.6595004, 2.5610862, -19.656242), (3.1790574, 2.551181, -19.580221), (3.6920955, 2.5396218, -19.491505), (4.1976986, 2.5264773, -19.390623), (4.695022, 2.5118244, -19.278162), (5.1832976, 2.4957454, -19.154757), (5.661837, 2.4783285, -19.02108), (6.1300354, 2.4596646, -18.877836), (-6.1097393, 2.941825, -18.815332), (-5.642807, 2.963998, -18.957148), (-5.1656313, 2.984687, -19.08947), (-4.6788144, 3.003784, -19.21161), (-4.183039, 3.021185, -19.322905), (-3.6790679, 3.0367928, -19.422728), (-3.1677382, 3.0505168, -19.510504), (-2.6499577, 3.062276, -19.585714), (-2.1266973, 3.071999, -19.6479), (-1.5989828, 3.0796256, -19.696678), (-1.0678862, 3.0851083, -19.731745), (-0.5345149, 3.0884118, -19.752872), (0, 3.0895154, -19.759932), (0.5345149, 3.0884118, -19.752872), (1.0678862, 3.0851083, -19.731745), (1.5989828, 3.0796256, -19.696678), (2.1266973, 3.071999, -19.6479), (2.6499577, 3.062276, -19.585714), (3.1677382, 3.0505168, -19.510504), (3.6790679, 3.0367928, -19.422728), (4.183039, 3.021185, -19.322905), (4.6788144, 3.003784, -19.21161), (5.1656313, 2.984687, -19.08947), (5.642807, 2.963998, -18.957148), (6.1097393, 2.941825, -18.815332), (-6.086011, 3.4187996, -18.74226), (-5.620562, 3.4443657, -18.882416), (-5.1449842, 3.4682167, -19.01317), (-4.6598744, 3.4902287, -19.13384), (-4.1659102, 3.510283, -19.24378), (-3.6638477, 3.5282679, -19.342377), (-3.1545155, 3.5440805, -19.429064), (-2.6388113, 3.557628, -19.503332), (-2.1176953, 3.5688283, -19.564734), (-1.5921812, 3.5776134, -19.612894), (-1.0633277, 3.5839283, -19.647514), (-0.5322283, 3.5877333, -19.668373), (0, 3.5890043, -19.67534), (0.5322283, 3.5877333, -19.668373), (1.0633277, 3.5839283, -19.647514), (1.5921812, 3.5776134, -19.612894), (2.1176953, 3.5688283, -19.564734), (2.6388113, 3.557628, -19.503332), (3.1545155, 3.5440805, -19.429064), (3.6638477, 3.5282679, -19.342377), (4.1659102, 3.510283, -19.24378), (4.6598744, 3.4902287, -19.13384), (5.1449842, 3.4682167, -19.01317), (5.620562, 3.4443657, -18.882416), (6.086011, 3.4187996, -18.74226)],
                                    240: [(0, 0, 0), (-4.6920896, -2.6347218, -19.262465), (-4.3201127, -2.6463797, -19.347694), (-3.9433742, -2.65716, -19.42651), (-3.562217, -2.6670282, -19.498655), (-3.1770089, -2.6759512, -19.563892), (-2.7881398, -2.6838994, -19.622002), (-2.396019, -2.6908455, -19.672785), (-2.001075, -2.6967652, -19.716063), (-1.6037526, -2.7016377, -19.751686), (-1.2045099, -2.7054458, -19.779528), (-0.80381685, -2.7081757, -19.799486), (-0.4021521, -2.7098176, -19.811491), (0, -2.7103658, -19.815496), (0.4021521, -2.7098176, -19.811491), (0.80381685, -2.7081757, -19.799486), (1.2045099, -2.7054458, -19.779528), (1.6037526, -2.7016377, -19.751686), (2.001075, -2.6967652, -19.716063), (2.396019, -2.6908455, -19.672785), (2.7881398, -2.6838994, -19.622002), (3.1770089, -2.6759512, -19.563892), (3.562217, -2.6670282, -19.498655), (3.9433742, -2.65716, -19.42651), (4.3201127, -2.6463797, -19.347694), (4.6920896, -2.6347218, -19.262465), (-4.7029285, -2.26355, -19.306963), (-4.3301816, -2.273612, -19.392788), (-3.95264, -2.2829175, -19.472158), (-3.5706496, -2.2914357, -19.544815), (-3.1845806, -2.2991388, -19.610518), (-2.7948241, -2.3060005, -19.669044), (-2.4017932, -2.3119972, -19.720194), (-2.005919, -2.3171082, -19.763788), (-1.6076486, -2.321315, -19.799671), (-1.2074443, -2.324603, -19.827715), (-0.8057791, -2.32696, -19.84782), (-0.403135, -2.328378, -19.859913), (0, -2.328851, -19.863949), (0.403135, -2.328378, -19.859913), (0.8057791, -2.32696, -19.84782), (1.2074443, -2.324603, -19.827715), (1.6076486, -2.321315, -19.799671), (2.005919, -2.3171082, -19.763788), (2.4017932, -2.3119972, -19.720194), (2.7948241, -2.3060005, -19.669044), (3.1845806, -2.2991388, -19.610518), (3.5706496, -2.2914357, -19.544815), (3.95264, -2.2829175, -19.472158), (4.3301816, -2.273612, -19.392788), (4.7029285, -2.26355, -19.306963), (-4.712159, -1.8899939, -19.344856), (-4.3387566, -1.8984287, -19.43119), (-3.9605317, -1.9062295, -19.511034), (-3.5778322, -1.9133708, -19.58413), (-3.1910295, -1.919829, -19.65023), (-2.800518, -1.925582, -19.709116), (-2.4067118, -1.93061, -19.760578), (-2.010045, -1.9348954, -19.804441), (-1.6109676, -1.9384229, -19.840548), (-1.2099441, -1.9411799, -19.868767), (-0.8074508, -1.9431564, -19.888996), (-0.40397236, -1.9443451, -19.901163), (0, -1.944742, -19.905226), (0.40397236, -1.9443451, -19.901163), (0.8074508, -1.9431564, -19.888996), (1.2099441, -1.9411799, -19.868767), (1.6109676, -1.9384229, -19.840548), (2.010045, -1.9348954, -19.804441), (2.4067118, -1.93061, -19.760578), (2.800518, -1.925582, -19.709116), (3.1910295, -1.919829, -19.65023), (3.5778322, -1.9133708, -19.58413), (3.9605317, -1.9062295, -19.511034), (4.3387566, -1.8984287, -19.43119), (4.712159, -1.8899939, -19.344856), (-4.719752, -1.5144315, -19.376028), (-4.3458104, -1.5212121, -19.462782), (-3.9670236, -1.5274833, -19.543016), (-3.583741, -1.5332247, -19.616474), (-3.1963353, -1.5384169, -19.682903), (-2.8052025, -1.5430424, -19.742083), (-2.4107587, -1.547085, -19.793806), (-2.01344, -1.5505307, -19.83789), (-1.6136985, -1.553367, -19.87418), (-1.2120011, -1.555584, -19.902542), (-0.8088262, -1.5571731, -19.922876), (-0.40466136, -1.5581291, -19.935106), (0, -1.5584481, -19.939188), (0.40466136, -1.5581291, -19.935106), (0.8088262, -1.5571731, -19.922876), (1.2120011, -1.555584, -19.902542), (1.6136985, -1.553367, -19.87418), (2.01344, -1.5505307, -19.83789), (2.4107587, -1.547085, -19.793806), (2.8052025, -1.5430424, -19.742083), (3.1963353, -1.5384169, -19.682903), (3.583741, -1.5332247, -19.616474), (3.9670236, -1.5274833, -19.543016), (4.3458104, -1.5212121, -19.462782), (4.719752, -1.5144315, -19.376028), (-4.7256827, -1.1372509, -19.400375), (-4.3513203, -1.1423557, -19.48746), (-3.9720953, -1.1470771, -19.568), (-3.5883572, -1.1513997, -19.64174), (-3.2004805, -1.155309, -19.70843), (-2.8088622, -1.1587917, -19.76784), (-2.4139204, -1.1618356, -19.819767), (-2.0160923, -1.16443, -19.864025), (-1.6158321, -1.1665657, -19.900457), (-1.2136081, -1.168235, -19.928934), (-0.80990094, -1.1694317, -19.949348), (-0.4051997, -1.1701515, -19.961628), (0, -1.1703917, -19.965725), (0.4051997, -1.1701515, -19.961628), (0.80990094, -1.1694317, -19.949348), (1.2136081, -1.168235, -19.928934), (1.6158321, -1.1665657, -19.900457), (2.0160923, -1.16443, -19.864025), (2.4139204, -1.1618356, -19.819767), (2.8088622, -1.1587917, -19.76784), (3.2004805, -1.155309, -19.70843), (3.5883572, -1.1513997, -19.64174), (3.9720953, -1.1470771, -19.568), (4.3513203, -1.1423557, -19.48746), (4.7256827, -1.1372509, -19.400375), (-4.729933, -0.75884914, -19.417824), (-4.355269, -0.7622615, -19.505142), (-3.9757297, -0.76541775, -19.585905), (-3.5916653, -0.76830745, -19.65985), (-3.2034512, -0.7709209, -19.726723), (-2.811485, -0.77324915, -19.786299), (-2.4161866, -0.7752841, -19.838371), (-2.0179935, -0.77701867, -19.882755), (-1.6173613, -0.7784465, -19.91929), (-1.2147601, -0.7795625, -19.947847), (-0.81067115, -0.78036255, -19.96832), (-0.40558556, -0.7808438, -19.980635), (0, -0.7810044, -19.984745), (0.40558556, -0.7808438, -19.980635), (0.81067115, -0.78036255, -19.96832), (1.2147601, -0.7795625, -19.947847), (1.6173613, -0.7784465, -19.91929), (2.0179935, -0.77701867, -19.882755), (2.4161866, -0.7752841, -19.838371), (2.811485, -0.77324915, -19.786299), (3.2034512, -0.7709209, -19.726723), (3.5916653, -0.76830745, -19.65985), (3.9757297, -0.76541775, -19.585905), (4.355269, -0.7622615, -19.505142), (4.729933, -0.75884914, -19.417824), (-4.7324886, -0.37962955, -19.428316), (-4.3576436, -0.38133854, -19.515776), (-3.977915, -0.38291925, -19.596672), (-3.5936546, -0.38436648, -19.670738), (-3.2052376, -0.3856754, -19.737722), (-2.8130624, -0.38684148, -19.7974), (-2.4175491, -0.3878607, -19.84956), (-2.0191367, -0.38872942, -19.894018), (-1.6182809, -0.38944456, -19.930616), (-1.2154527, -0.3900035, -19.959223), (-0.8111344, -0.39040422, -19.97973), (-0.4058176, -0.39064527, -19.992065), (0, -0.3907257, -19.996183), (0.4058176, -0.39064527, -19.992065), (0.8111344, -0.39040422, -19.97973), (1.2154527, -0.3900035, -19.959223), (1.6182809, -0.38944456, -19.930616), (2.0191367, -0.38872942, -19.894018), (2.4175491, -0.3878607, -19.84956), (2.8130624, -0.38684148, -19.7974), (3.2052376, -0.3856754, -19.737722), (3.5936546, -0.38436648, -19.670738), (3.977915, -0.38291925, -19.596672), (4.3576436, -0.38133854, -19.515776), (4.7324886, -0.37962955, -19.428316), (-4.733341, 0, -19.431816), (-4.3584356, 0, -19.519325), (-3.9786444, 0, -19.600266), (-3.5943184, 0, -19.674372), (-3.2058337, 0, -19.741394), (-2.8135889, 0, -19.801104), (-2.4180038, 0, -19.853292), (-2.0195181, 0, -19.897778), (-1.6185879, 0, -19.934397), (-1.2156838, 0, -19.963018), (-0.81128895, 0, -19.983538), (-0.40589502, 0, -19.99588), (0, 0, -20), (0.40589502, 0, -19.99588), (0.81128895, 0, -19.983538), (1.2156838, 0, -19.963018), (1.6185879, 0, -19.934397), (2.0195181, 0, -19.897778), (2.4180038, 0, -19.853292), (2.8135889, 0, -19.801104), (3.2058337, 0, -19.741394), (3.5943184, 0, -19.674372), (3.9786444, 0, -19.600266), (4.3584356, 0, -19.519325), (4.733341, 0, -19.431816), (-4.7324886, 0.37962955, -19.428316), (-4.3576436, 0.38133854, -19.515776), (-3.977915, 0.38291925, -19.596672), (-3.5936546, 0.38436648, -19.670738), (-3.2052376, 0.3856754, -19.737722), (-2.8130624, 0.38684148, -19.7974), (-2.4175491, 0.3878607, -19.84956), (-2.0191367, 0.38872942, -19.894018), (-1.6182809, 0.38944456, -19.930616), (-1.2154527, 0.3900035, -19.959223), (-0.8111344, 0.39040422, -19.97973), (-0.4058176, 0.39064527, -19.992065), (0, 0.3907257, -19.996183), (0.4058176, 0.39064527, -19.992065), (0.8111344, 0.39040422, -19.97973), (1.2154527, 0.3900035, -19.959223), (1.6182809, 0.38944456, -19.930616), (2.0191367, 0.38872942, -19.894018), (2.4175491, 0.3878607, -19.84956), (2.8130624, 0.38684148, -19.7974), (3.2052376, 0.3856754, -19.737722), (3.5936546, 0.38436648, -19.670738), (3.977915, 0.38291925, -19.596672), (4.3576436, 0.38133854, -19.515776), (4.7324886, 0.37962955, -19.428316), (-4.729933, 0.75884914, -19.417824), (-4.355269, 0.7622615, -19.505142), (-3.9757297, 0.76541775, -19.585905), (-3.5916653, 0.76830745, -19.65985), (-3.2034512, 0.7709209, -19.726723), (-2.811485, 0.77324915, -19.786299), (-2.4161866, 0.7752841, -19.838371), (-2.0179935, 0.77701867, -19.882755), (-1.6173613, 0.7784465, -19.91929), (-1.2147601, 0.7795625, -19.947847), (-0.81067115, 0.78036255, -19.96832), (-0.40558556, 0.7808438, -19.980635), (0, 0.7810044, -19.984745), (0.40558556, 0.7808438, -19.980635), (0.81067115, 0.78036255, -19.96832), (1.2147601, 0.7795625, -19.947847), (1.6173613, 0.7784465, -19.91929), (2.0179935, 0.77701867, -19.882755), (2.4161866, 0.7752841, -19.838371), (2.811485, 0.77324915, -19.786299), (3.2034512, 0.7709209, -19.726723), (3.5916653, 0.76830745, -19.65985), (3.9757297, 0.76541775, -19.585905), (4.355269, 0.7622615, -19.505142), (4.729933, 0.75884914, -19.417824), (-4.7256827, 1.1372509, -19.400375), (-4.3513203, 1.1423557, -19.48746), (-3.9720953, 1.1470771, -19.568), (-3.5883572, 1.1513997, -19.64174), (-3.2004805, 1.155309, -19.70843), (-2.8088622, 1.1587917, -19.76784), (-2.4139204, 1.1618356, -19.819767), (-2.0160923, 1.16443, -19.864025), (-1.6158321, 1.1665657, -19.900457), (-1.2136081, 1.168235, -19.928934), (-0.80990094, 1.1694317, -19.949348), (-0.4051997, 1.1701515, -19.961628), (0, 1.1703917, -19.965725), (0.4051997, 1.1701515, -19.961628), (0.80990094, 1.1694317, -19.949348), (1.2136081, 1.168235, -19.928934), (1.6158321, 1.1665657, -19.900457), (2.0160923, 1.16443, -19.864025), (2.4139204, 1.1618356, -19.819767), (2.8088622, 1.1587917, -19.76784), (3.2004805, 1.155309, -19.70843), (3.5883572, 1.1513997, -19.64174), (3.9720953, 1.1470771, -19.568), (4.3513203, 1.1423557, -19.48746), (4.7256827, 1.1372509, -19.400375), (-4.719752, 1.5144315, -19.376028), (-4.3458104, 1.5212121, -19.462782), (-3.9670236, 1.5274833, -19.543016), (-3.583741, 1.5332247, -19.616474), (-3.1963353, 1.5384169, -19.682903), (-2.8052025, 1.5430424, -19.742083), (-2.4107587, 1.547085, -19.793806), (-2.01344, 1.5505307, -19.83789), (-1.6136985, 1.553367, -19.87418), (-1.2120011, 1.555584, -19.902542), (-0.8088262, 1.5571731, -19.922876), (-0.40466136, 1.5581291, -19.935106), (0, 1.5584481, -19.939188), (0.40466136, 1.5581291, -19.935106), (0.8088262, 1.5571731, -19.922876), (1.2120011, 1.555584, -19.902542), (1.6136985, 1.553367, -19.87418), (2.01344, 1.5505307, -19.83789), (2.4107587, 1.547085, -19.793806), (2.8052025, 1.5430424, -19.742083), (3.1963353, 1.5384169, -19.682903), (3.583741, 1.5332247, -19.616474), (3.9670236, 1.5274833, -19.543016), (4.3458104, 1.5212121, -19.462782), (4.719752, 1.5144315, -19.376028), (-4.712159, 1.8899939, -19.344856), (-4.3387566, 1.8984287, -19.43119), (-3.9605317, 1.9062295, -19.511034), (-3.5778322, 1.9133708, -19.58413), (-3.1910295, 1.919829, -19.65023), (-2.800518, 1.925582, -19.709116), (-2.4067118, 1.93061, -19.760578), (-2.010045, 1.9348954, -19.804441), (-1.6109676, 1.9384229, -19.840548), (-1.2099441, 1.9411799, -19.868767), (-0.8074508, 1.9431564, -19.888996), (-0.40397236, 1.9443451, -19.901163), (0, 1.944742, -19.905226), (0.40397236, 1.9443451, -19.901163), (0.8074508, 1.9431564, -19.888996), (1.2099441, 1.9411799, -19.868767), (1.6109676, 1.9384229, -19.840548), (2.010045, 1.9348954, -19.804441), (2.4067118, 1.93061, -19.760578), (2.800518, 1.925582, -19.709116), (3.1910295, 1.919829, -19.65023), (3.5778322, 1.9133708, -19.58413), (3.9605317, 1.9062295, -19.511034), (4.3387566, 1.8984287, -19.43119), (4.712159, 1.8899939, -19.344856), (-4.7029285, 2.26355, -19.306963), (-4.3301816, 2.273612, -19.392788), (-3.95264, 2.2829175, -19.472158), (-3.5706496, 2.2914357, -19.544815), (-3.1845806, 2.2991388, -19.610518), (-2.7948241, 2.3060005, -19.669044), (-2.4017932, 2.3119972, -19.720194), (-2.005919, 2.3171082, -19.763788), (-1.6076486, 2.321315, -19.799671), (-1.2074443, 2.324603, -19.827715), (-0.8057791, 2.32696, -19.84782), (-0.403135, 2.328378, -19.859913), (0, 2.328851, -19.863949), (0.403135, 2.328378, -19.859913), (0.8057791, 2.32696, -19.84782), (1.2074443, 2.324603, -19.827715), (1.6076486, 2.321315, -19.799671), (2.005919, 2.3171082, -19.763788), (2.4017932, 2.3119972, -19.720194), (2.7948241, 2.3060005, -19.669044), (3.1845806, 2.2991388, -19.610518), (3.5706496, 2.2914357, -19.544815), (3.95264, 2.2829175, -19.472158), (4.3301816, 2.273612, -19.392788), (4.7029285, 2.26355, -19.306963), (-4.6920896, 2.6347218, -19.262465), (-4.3201127, 2.6463797, -19.347694), (-3.9433742, 2.65716, -19.42651), (-3.562217, 2.6670282, -19.498655), (-3.1770089, 2.6759512, -19.563892), (-2.7881398, 2.6838994, -19.622002), (-2.396019, 2.6908455, -19.672785), (-2.001075, 2.6967652, -19.716063), (-1.6037526, 2.7016377, -19.751686), (-1.2045099, 2.7054458, -19.779528), (-0.80381685, 2.7081757, -19.799486), (-0.4021521, 2.7098176, -19.811491), (0, 2.7103658, -19.815496), (0.4021521, 2.7098176, -19.811491), (0.80381685, 2.7081757, -19.799486), (1.2045099, 2.7054458, -19.779528), (1.6037526, 2.7016377, -19.751686), (2.001075, 2.6967652, -19.716063), (2.396019, 2.6908455, -19.672785), (2.7881398, 2.6838994, -19.622002), (3.1770089, 2.6759512, -19.563892), (3.562217, 2.6670282, -19.498655), (3.9433742, 2.65716, -19.42651), (4.3201127, 2.6463797, -19.347694), (4.6920896, 2.6347218, -19.262465)],
                                    372: [(0, 0, 0), (-4.6920896, -2.6347218, -19.262465), (-4.3201127, -2.6463797, -19.347694), (-3.9433742, -2.65716, -19.42651), (-3.562217, -2.6670282, -19.498655), (-3.1770089, -2.6759512, -19.563892), (-2.7881398, -2.6838994, -19.622002), (-2.396019, -2.6908455, -19.672785), (-2.001075, -2.6967652, -19.716063), (-1.6037526, -2.7016377, -19.751686), (-1.2045099, -2.7054458, -19.779528), (-0.80381685, -2.7081757, -19.799486), (-0.4021521, -2.7098176, -19.811491), (0, -2.7103658, -19.815496), (0.4021521, -2.7098176, -19.811491), (0.80381685, -2.7081757, -19.799486), (1.2045099, -2.7054458, -19.779528), (1.6037526, -2.7016377, -19.751686), (2.001075, -2.6967652, -19.716063), (2.396019, -2.6908455, -19.672785), (2.7881398, -2.6838994, -19.622002), (3.1770089, -2.6759512, -19.563892), (3.562217, -2.6670282, -19.498655), (3.9433742, -2.65716, -19.42651), (4.3201127, -2.6463797, -19.347694), (4.6920896, -2.6347218, -19.262465), (-4.7029285, -2.26355, -19.306963), (-4.3301816, -2.273612, -19.392788), (-3.95264, -2.2829175, -19.472158), (-3.5706496, -2.2914357, -19.544815), (-3.1845806, -2.2991388, -19.610518), (-2.7948241, -2.3060005, -19.669044), (-2.4017932, -2.3119972, -19.720194), (-2.005919, -2.3171082, -19.763788), (-1.6076486, -2.321315, -19.799671), (-1.2074443, -2.324603, -19.827715), (-0.8057791, -2.32696, -19.84782), (-0.403135, -2.328378, -19.859913), (0, -2.328851, -19.863949), (0.403135, -2.328378, -19.859913), (0.8057791, -2.32696, -19.84782), (1.2074443, -2.324603, -19.827715), (1.6076486, -2.321315, -19.799671), (2.005919, -2.3171082, -19.763788), (2.4017932, -2.3119972, -19.720194), (2.7948241, -2.3060005, -19.669044), (3.1845806, -2.2991388, -19.610518), (3.5706496, -2.2914357, -19.544815), (3.95264, -2.2829175, -19.472158), (4.3301816, -2.273612, -19.392788), (4.7029285, -2.26355, -19.306963), (-4.712159, -1.8899939, -19.344856), (-4.3387566, -1.8984287, -19.43119), (-3.9605317, -1.9062295, -19.511034), (-3.5778322, -1.9133708, -19.58413), (-3.1910295, -1.919829, -19.65023), (-2.800518, -1.925582, -19.709116), (-2.4067118, -1.93061, -19.760578), (-2.010045, -1.9348954, -19.804441), (-1.6109676, -1.9384229, -19.840548), (-1.2099441, -1.9411799, -19.868767), (-0.8074508, -1.9431564, -19.888996), (-0.40397236, -1.9443451, -19.901163), (0, -1.944742, -19.905226), (0.40397236, -1.9443451, -19.901163), (0.8074508, -1.9431564, -19.888996), (1.2099441, -1.9411799, -19.868767), (1.6109676, -1.9384229, -19.840548), (2.010045, -1.9348954, -19.804441), (2.4067118, -1.93061, -19.760578), (2.800518, -1.925582, -19.709116), (3.1910295, -1.919829, -19.65023), (3.5778322, -1.9133708, -19.58413), (3.9605317, -1.9062295, -19.511034), (4.3387566, -1.8984287, -19.43119), (4.712159, -1.8899939, -19.344856), (-4.719752, -1.5144315, -19.376028), (-4.3458104, -1.5212121, -19.462782), (-3.9670236, -1.5274833, -19.543016), (-3.583741, -1.5332247, -19.616474), (-3.1963353, -1.5384169, -19.682903), (-2.8052025, -1.5430424, -19.742083), (-2.4107587, -1.547085, -19.793806), (-2.01344, -1.5505307, -19.83789), (-1.6136985, -1.553367, -19.87418), (-1.2120011, -1.555584, -19.902542), (-0.8088262, -1.5571731, -19.922876), (-0.40466136, -1.5581291, -19.935106), (0, -1.5584481, -19.939188), (0.40466136, -1.5581291, -19.935106), (0.8088262, -1.5571731, -19.922876), (1.2120011, -1.555584, -19.902542), (1.6136985, -1.553367, -19.87418), (2.01344, -1.5505307, -19.83789), (2.4107587, -1.547085, -19.793806), (2.8052025, -1.5430424, -19.742083), (3.1963353, -1.5384169, -19.682903), (3.583741, -1.5332247, -19.616474), (3.9670236, -1.5274833, -19.543016), (4.3458104, -1.5212121, -19.462782), (4.719752, -1.5144315, -19.376028), (-4.7256827, -1.1372509, -19.400375), (-4.3513203, -1.1423557, -19.48746), (-3.9720953, -1.1470771, -19.568), (-3.5883572, -1.1513997, -19.64174), (-3.2004805, -1.155309, -19.70843), (-2.8088622, -1.1587917, -19.76784), (-2.4139204, -1.1618356, -19.819767), (-2.0160923, -1.16443, -19.864025), (-1.6158321, -1.1665657, -19.900457), (-1.2136081, -1.168235, -19.928934), (-0.80990094, -1.1694317, -19.949348), (-0.4051997, -1.1701515, -19.961628), (0, -1.1703917, -19.965725), (0.4051997, -1.1701515, -19.961628), (0.80990094, -1.1694317, -19.949348), (1.2136081, -1.168235, -19.928934), (1.6158321, -1.1665657, -19.900457), (2.0160923, -1.16443, -19.864025), (2.4139204, -1.1618356, -19.819767), (2.8088622, -1.1587917, -19.76784), (3.2004805, -1.155309, -19.70843), (3.5883572, -1.1513997, -19.64174), (3.9720953, -1.1470771, -19.568), (4.3513203, -1.1423557, -19.48746), (4.7256827, -1.1372509, -19.400375), (-4.729933, -0.75884914, -19.417824), (-4.355269, -0.7622615, -19.505142), (-3.9757297, -0.76541775, -19.585905), (-3.5916653, -0.76830745, -19.65985), (-3.2034512, -0.7709209, -19.726723), (-2.811485, -0.77324915, -19.786299), (-2.4161866, -0.7752841, -19.838371), (-2.0179935, -0.77701867, -19.882755), (-1.6173613, -0.7784465, -19.91929), (-1.2147601, -0.7795625, -19.947847), (-0.81067115, -0.78036255, -19.96832), (-0.40558556, -0.7808438, -19.980635), (0, -0.7810044, -19.984745), (0.40558556, -0.7808438, -19.980635), (0.81067115, -0.78036255, -19.96832), (1.2147601, -0.7795625, -19.947847), (1.6173613, -0.7784465, -19.91929), (2.0179935, -0.77701867, -19.882755), (2.4161866, -0.7752841, -19.838371), (2.811485, -0.77324915, -19.786299), (3.2034512, -0.7709209, -19.726723), (3.5916653, -0.76830745, -19.65985), (3.9757297, -0.76541775, -19.585905), (4.355269, -0.7622615, -19.505142), (4.729933, -0.75884914, -19.417824), (-4.7324886, -0.37962955, -19.428316), (-4.3576436, -0.38133854, -19.515776), (-3.977915, -0.38291925, -19.596672), (-3.5936546, -0.38436648, -19.670738), (-3.2052376, -0.3856754, -19.737722), (-2.8130624, -0.38684148, -19.7974), (-2.4175491, -0.3878607, -19.84956), (-2.0191367, -0.38872942, -19.894018), (-1.6182809, -0.38944456, -19.930616), (-1.2154527, -0.3900035, -19.959223), (-0.8111344, -0.39040422, -19.97973), (-0.4058176, -0.39064527, -19.992065), (0, -0.3907257, -19.996183), (0.4058176, -0.39064527, -19.992065), (0.8111344, -0.39040422, -19.97973), (1.2154527, -0.3900035, -19.959223), (1.6182809, -0.38944456, -19.930616), (2.0191367, -0.38872942, -19.894018), (2.4175491, -0.3878607, -19.84956), (2.8130624, -0.38684148, -19.7974), (3.2052376, -0.3856754, -19.737722), (3.5936546, -0.38436648, -19.670738), (3.977915, -0.38291925, -19.596672), (4.3576436, -0.38133854, -19.515776), (4.7324886, -0.37962955, -19.428316), (-4.733341, 0, -19.431816), (-4.3584356, 0, -19.519325), (-3.9786444, 0, -19.600266), (-3.5943184, 0, -19.674372), (-3.2058337, 0, -19.741394), (-2.8135889, 0, -19.801104), (-2.4180038, 0, -19.853292), (-2.0195181, 0, -19.897778), (-1.6185879, 0, -19.934397), (-1.2156838, 0, -19.963018), (-0.81128895, 0, -19.983538), (-0.40589502, 0, -19.99588), (0, 0, -20), (0.40589502, 0, -19.99588), (0.81128895, 0, -19.983538), (1.2156838, 0, -19.963018), (1.6185879, 0, -19.934397), (2.0195181, 0, -19.897778), (2.4180038, 0, -19.853292), (2.8135889, 0, -19.801104), (3.2058337, 0, -19.741394), (3.5943184, 0, -19.674372), (3.9786444, 0, -19.600266), (4.3584356, 0, -19.519325), (4.733341, 0, -19.431816), (-4.7324886, 0.37962955, -19.428316), (-4.3576436, 0.38133854, -19.515776), (-3.977915, 0.38291925, -19.596672), (-3.5936546, 0.38436648, -19.670738), (-3.2052376, 0.3856754, -19.737722), (-2.8130624, 0.38684148, -19.7974), (-2.4175491, 0.3878607, -19.84956), (-2.0191367, 0.38872942, -19.894018), (-1.6182809, 0.38944456, -19.930616), (-1.2154527, 0.3900035, -19.959223), (-0.8111344, 0.39040422, -19.97973), (-0.4058176, 0.39064527, -19.992065), (0, 0.3907257, -19.996183), (0.4058176, 0.39064527, -19.992065), (0.8111344, 0.39040422, -19.97973), (1.2154527, 0.3900035, -19.959223), (1.6182809, 0.38944456, -19.930616), (2.0191367, 0.38872942, -19.894018), (2.4175491, 0.3878607, -19.84956), (2.8130624, 0.38684148, -19.7974), (3.2052376, 0.3856754, -19.737722), (3.5936546, 0.38436648, -19.670738), (3.977915, 0.38291925, -19.596672), (4.3576436, 0.38133854, -19.515776), (4.7324886, 0.37962955, -19.428316), (-4.729933, 0.75884914, -19.417824), (-4.355269, 0.7622615, -19.505142), (-3.9757297, 0.76541775, -19.585905), (-3.5916653, 0.76830745, -19.65985), (-3.2034512, 0.7709209, -19.726723), (-2.811485, 0.77324915, -19.786299), (-2.4161866, 0.7752841, -19.838371), (-2.0179935, 0.77701867, -19.882755), (-1.6173613, 0.7784465, -19.91929), (-1.2147601, 0.7795625, -19.947847), (-0.81067115, 0.78036255, -19.96832), (-0.40558556, 0.7808438, -19.980635), (0, 0.7810044, -19.984745), (0.40558556, 0.7808438, -19.980635), (0.81067115, 0.78036255, -19.96832), (1.2147601, 0.7795625, -19.947847), (1.6173613, 0.7784465, -19.91929), (2.0179935, 0.77701867, -19.882755), (2.4161866, 0.7752841, -19.838371), (2.811485, 0.77324915, -19.786299), (3.2034512, 0.7709209, -19.726723), (3.5916653, 0.76830745, -19.65985), (3.9757297, 0.76541775, -19.585905), (4.355269, 0.7622615, -19.505142), (4.729933, 0.75884914, -19.417824), (-4.7256827, 1.1372509, -19.400375), (-4.3513203, 1.1423557, -19.48746), (-3.9720953, 1.1470771, -19.568), (-3.5883572, 1.1513997, -19.64174), (-3.2004805, 1.155309, -19.70843), (-2.8088622, 1.1587917, -19.76784), (-2.4139204, 1.1618356, -19.819767), (-2.0160923, 1.16443, -19.864025), (-1.6158321, 1.1665657, -19.900457), (-1.2136081, 1.168235, -19.928934), (-0.80990094, 1.1694317, -19.949348), (-0.4051997, 1.1701515, -19.961628), (0, 1.1703917, -19.965725), (0.4051997, 1.1701515, -19.961628), (0.80990094, 1.1694317, -19.949348), (1.2136081, 1.168235, -19.928934), (1.6158321, 1.1665657, -19.900457), (2.0160923, 1.16443, -19.864025), (2.4139204, 1.1618356, -19.819767), (2.8088622, 1.1587917, -19.76784), (3.2004805, 1.155309, -19.70843), (3.5883572, 1.1513997, -19.64174), (3.9720953, 1.1470771, -19.568), (4.3513203, 1.1423557, -19.48746), (4.7256827, 1.1372509, -19.400375), (-4.719752, 1.5144315, -19.376028), (-4.3458104, 1.5212121, -19.462782), (-3.9670236, 1.5274833, -19.543016), (-3.583741, 1.5332247, -19.616474), (-3.1963353, 1.5384169, -19.682903), (-2.8052025, 1.5430424, -19.742083), (-2.4107587, 1.547085, -19.793806), (-2.01344, 1.5505307, -19.83789), (-1.6136985, 1.553367, -19.87418), (-1.2120011, 1.555584, -19.902542), (-0.8088262, 1.5571731, -19.922876), (-0.40466136, 1.5581291, -19.935106), (0, 1.5584481, -19.939188), (0.40466136, 1.5581291, -19.935106), (0.8088262, 1.5571731, -19.922876), (1.2120011, 1.555584, -19.902542), (1.6136985, 1.553367, -19.87418), (2.01344, 1.5505307, -19.83789), (2.4107587, 1.547085, -19.793806), (2.8052025, 1.5430424, -19.742083), (3.1963353, 1.5384169, -19.682903), (3.583741, 1.5332247, -19.616474), (3.9670236, 1.5274833, -19.543016), (4.3458104, 1.5212121, -19.462782), (4.719752, 1.5144315, -19.376028), (-4.712159, 1.8899939, -19.344856), (-4.3387566, 1.8984287, -19.43119), (-3.9605317, 1.9062295, -19.511034), (-3.5778322, 1.9133708, -19.58413), (-3.1910295, 1.919829, -19.65023), (-2.800518, 1.925582, -19.709116), (-2.4067118, 1.93061, -19.760578), (-2.010045, 1.9348954, -19.804441), (-1.6109676, 1.9384229, -19.840548), (-1.2099441, 1.9411799, -19.868767), (-0.8074508, 1.9431564, -19.888996), (-0.40397236, 1.9443451, -19.901163), (0, 1.944742, -19.905226), (0.40397236, 1.9443451, -19.901163), (0.8074508, 1.9431564, -19.888996), (1.2099441, 1.9411799, -19.868767), (1.6109676, 1.9384229, -19.840548), (2.010045, 1.9348954, -19.804441), (2.4067118, 1.93061, -19.760578), (2.800518, 1.925582, -19.709116), (3.1910295, 1.919829, -19.65023), (3.5778322, 1.9133708, -19.58413), (3.9605317, 1.9062295, -19.511034), (4.3387566, 1.8984287, -19.43119), (4.712159, 1.8899939, -19.344856), (-4.7029285, 2.26355, -19.306963), (-4.3301816, 2.273612, -19.392788), (-3.95264, 2.2829175, -19.472158), (-3.5706496, 2.2914357, -19.544815), (-3.1845806, 2.2991388, -19.610518), (-2.7948241, 2.3060005, -19.669044), (-2.4017932, 2.3119972, -19.720194), (-2.005919, 2.3171082, -19.763788), (-1.6076486, 2.321315, -19.799671), (-1.2074443, 2.324603, -19.827715), (-0.8057791, 2.32696, -19.84782), (-0.403135, 2.328378, -19.859913), (0, 2.328851, -19.863949), (0.403135, 2.328378, -19.859913), (0.8057791, 2.32696, -19.84782), (1.2074443, 2.324603, -19.827715), (1.6076486, 2.321315, -19.799671), (2.005919, 2.3171082, -19.763788), (2.4017932, 2.3119972, -19.720194), (2.7948241, 2.3060005, -19.669044), (3.1845806, 2.2991388, -19.610518), (3.5706496, 2.2914357, -19.544815), (3.95264, 2.2829175, -19.472158), (4.3301816, 2.273612, -19.392788), (4.7029285, 2.26355, -19.306963), (-4.6920896, 2.6347218, -19.262465), (-4.3201127, 2.6463797, -19.347694), (-3.9433742, 2.65716, -19.42651), (-3.562217, 2.6670282, -19.498655), (-3.1770089, 2.6759512, -19.563892), (-2.7881398, 2.6838994, -19.622002), (-2.396019, 2.6908455, -19.672785), (-2.001075, 2.6967652, -19.716063), (-1.6037526, 2.7016377, -19.751686), (-1.2045099, 2.7054458, -19.779528), (-0.80381685, 2.7081757, -19.799486), (-0.4021521, 2.7098176, -19.811491), (0, 2.7103658, -19.815496), (0.4021521, 2.7098176, -19.811491), (0.80381685, 2.7081757, -19.799486), (1.2045099, 2.7054458, -19.779528), (1.6037526, 2.7016377, -19.751686), (2.001075, 2.6967652, -19.716063), (2.396019, 2.6908455, -19.672785), (2.7881398, 2.6838994, -19.622002), (3.1770089, 2.6759512, -19.563892), (3.562217, 2.6670282, -19.498655), (3.9433742, 2.65716, -19.42651), (4.3201127, 2.6463797, -19.347694), (4.6920896, 2.6347218, -19.262465)],
                                    384: [(0, 0, 0), (-9.381815, -5.272825, -16.857605), (-8.75523, -5.3680015, -17.161892), (-8.095055, -5.4595585, -17.454607), (-7.4016547, -5.546564, -17.73277), (-6.675897, -5.6280427, -17.993263), (-5.919208, -5.702999, -18.232904), (-5.133607, -5.7704425, -18.448524), (-4.321728, -5.829418, -18.637075), (-3.4868128, -5.87904, -18.79572), (-2.6326723, -5.918523, -18.921947), (-1.7636241, -5.947217, -19.013685), (-0.8843947, -5.964635, -19.069372), (0, -5.970475, -19.088043), (0.8843947, -5.964635, -19.069372), (1.7636241, -5.947217, -19.013685), (2.6326723, -5.918523, -18.921947), (3.4868128, -5.87904, -18.79572), (4.321728, -5.829418, -18.637075), (5.133607, -5.7704425, -18.448524), (5.919208, -5.702999, -18.232904), (6.675897, -5.6280427, -17.993263), (7.4016547, -5.546564, -17.73277), (8.095055, -5.4595585, -17.454607), (8.75523, -5.3680015, -17.161892), (9.381815, -5.272825, -16.857605), (-9.469533, -4.561821, -17.01522), (-8.840115, -4.6457534, -17.328281), (-8.17628, -4.726577, -17.629745), (-7.4783454, -4.8034577, -17.916504), (-6.7471485, -4.875523, -18.185303), (-5.984105, -4.9418793, -18.432806), (-5.1912527, -5.0016336, -18.655684), (-4.3712716, -5.053924, -18.850725), (-3.5274801, -5.0979495, -19.014936), (-2.6637988, -5.1329985, -19.145666), (-1.784682, -5.1584806, -19.240711), (-0.89501756, -5.1739535, -19.298424), (0, -5.179142, -19.317776), (0.89501756, -5.1739535, -19.298424), (1.784682, -5.1584806, -19.240711), (2.6637988, -5.1329985, -19.145666), (3.5274801, -5.0979495, -19.014936), (4.3712716, -5.053924, -18.850725), (5.1912527, -5.0016336, -18.655684), (5.984105, -4.9418793, -18.432806), (6.7471485, -4.875523, -18.185303), (7.4783454, -4.8034577, -17.916504), (8.17628, -4.726577, -17.629745), (8.840115, -4.6457534, -17.328281), (9.469533, -4.561821, -17.01522), (-9.54571, -3.8320985, -17.152098), (-8.913902, -3.903776, -17.47292), (-8.246953, -3.9728596, -17.782131), (-7.545134, -4.038631, -18.076515), (-6.8092537, -4.1003337, -18.352694), (-6.0407176, -4.157193, -18.60719), (-5.2415767, -4.2084327, -18.836533), (-4.414551, -4.2533016, -19.037363), (-3.5630255, -4.2911, -19.206543), (-2.6910172, -4.3212056, -19.341293), (-1.8031019, -4.3431015, -19.439297), (-0.90431154, -4.3564, -19.498821), (0, -4.3608603, -19.518784), (0.90431154, -4.3564, -19.498821), (1.8031019, -4.3431015, -19.439297), (2.6910172, -4.3212056, -19.341293), (3.5630255, -4.2911, -19.206543), (4.414551, -4.2533016, -19.037363), (5.2415767, -4.2084327, -18.836533), (6.0407176, -4.157193, -18.60719), (6.8092537, -4.1003337, -18.352694), (7.545134, -4.038631, -18.076515), (8.246953, -3.9728596, -17.782131), (8.913902, -3.903776, -17.47292), (9.54571, -3.8320985, -17.152098), (-9.609422, -3.0861406, -17.266579), (-8.975668, -3.1446605, -17.59399), (-8.306159, -3.201105, -17.909792), (-7.6011305, -3.2548828, -18.21067), (-6.8613625, -3.3053699, -18.49314), (-6.0882516, -3.3519247, -18.753607), (-5.283858, -3.393904, -18.988478), (-4.4509335, -3.4306846, -19.19426), (-3.592921, -3.4616838, -19.367697), (-2.7139182, -3.486384, -19.50589), (-1.8186046, -3.504354, -19.606432), (-0.9121349, -3.5152705, -19.66751), (0, -3.518932, -19.687994), (0.9121349, -3.5152705, -19.66751), (1.8186046, -3.504354, -19.606432), (2.7139182, -3.486384, -19.50589), (3.592921, -3.4616838, -19.367697), (4.4509335, -3.4306846, -19.19426), (5.283858, -3.393904, -18.988478), (6.0882516, -3.3519247, -18.753607), (6.8613625, -3.3053699, -18.49314), (7.6011305, -3.2548828, -18.21067), (8.306159, -3.201105, -17.909792), (8.975668, -3.1446605, -17.59399), (9.609422, -3.0861406, -17.266579), (-9.659868, -2.3267562, -17.357222), (-9.024605, -2.3713546, -17.689917), (-8.353101, -2.414397, -18.011007), (-7.645556, -2.4554298, -18.317104), (-6.9027295, -2.4939735, -18.604635), (-6.126008, -2.5295339, -18.86991), (-5.3174596, -2.5616152, -19.109232), (-4.4798613, -2.5897362, -19.31901), (-3.6167006, -2.613446, -19.49588), (-2.73214, -2.6323442, -19.636858), (-1.8309426, -2.6460965, -19.739449), (-0.9183621, -2.654452, -19.80178), (0, -2.6572552, -19.82269), (0.9183621, -2.654452, -19.80178), (1.8309426, -2.6460965, -19.739449), (2.73214, -2.6323442, -19.636858), (3.6167006, -2.613446, -19.49588), (4.4798613, -2.5897362, -19.31901), (5.3174596, -2.5616152, -19.109232), (6.126008, -2.5295339, -18.86991), (6.9027295, -2.4939735, -18.604635), (7.645556, -2.4554298, -18.317104), (8.353101, -2.414397, -18.011007), (9.024605, -2.3713546, -17.689917), (9.659868, -2.3267562, -17.357222), (-9.696391, -1.5570357, -17.422848), (-9.060055, -1.5871129, -17.759405), (-8.387122, -1.6161537, -18.084364), (-7.6777697, -1.6438503, -18.394281), (-6.9327393, -1.6698774, -18.68552), (-6.1534114, -1.6938994, -18.954319), (-5.3418574, -1.715579, -19.196909), (-4.500873, -1.7345885, -19.40962), (-3.6339781, -1.7506206, -19.589016), (-2.7453828, -1.7634021, -19.732037), (-1.8399107, -1.772705, -19.836134), (-0.92288905, -1.778358, -19.89939), (0, -1.7802544, -19.92061), (0.92288905, -1.778358, -19.89939), (1.8399107, -1.772705, -19.836134), (2.7453828, -1.7634021, -19.732037), (3.6339781, -1.7506206, -19.589016), (4.500873, -1.7345885, -19.40962), (5.3418574, -1.715579, -19.196909), (6.1534114, -1.6938994, -18.954319), (6.9327393, -1.6698774, -18.68552), (7.6777697, -1.6438503, -18.394281), (8.387122, -1.6161537, -18.084364), (9.060055, -1.5871129, -17.759405), (9.696391, -1.5570357, -17.422848), (-9.718505, -0.78029335, -17.462584), (-9.081526, -0.7954371, -17.801493), (-8.407736, -0.8100629, -18.12881), (-7.697294, -0.8240153, -18.44106), (-6.9509344, -0.83713, -18.73456), (-6.170031, -0.8492372, -19.005512), (-5.3566585, -0.86016625, -19.2501), (-4.5136228, -0.86975104, -19.464602), (-3.6444643, -0.87783605, -19.64554), (-2.7534213, -0.8842827, -19.789814), (-1.8453554, -0.8889754, -19.894833), (-0.92563754, -0.8918271, -19.958652), (0, -0.89278376, -19.980064), (0.92563754, -0.8918271, -19.958652), (1.8453554, -0.8889754, -19.894833), (2.7534213, -0.8842827, -19.789814), (3.6444643, -0.87783605, -19.64554), (4.5136228, -0.86975104, -19.464602), (5.3566585, -0.86016625, -19.2501), (6.170031, -0.8492372, -19.005512), (6.9509344, -0.83713, -18.73456), (7.697294, -0.8240153, -18.44106), (8.407736, -0.8100629, -18.12881), (9.081526, -0.7954371, -17.801493), (9.718505, -0.78029335, -17.462584), (-9.725909, 0, -17.47589), (-9.088717, 0, -17.81559), (-8.41464, 0, -18.1437), (-7.7038355, 0, -18.456732), (-6.9570312, 0, -18.750992), (-6.175601, 0, -19.022669), (-5.3616195, 0, -19.267927), (-4.5178967, 0, -19.483034), (-3.64798, 0, -19.664492), (-2.7561166, 0, -19.809185), (-1.847181, 0, -19.914515), (-0.92655915, 0, -19.978525), (0, 0, -20), (0.92655915, 0, -19.978525), (1.847181, 0, -19.914515), (2.7561166, 0, -19.809185), (3.64798, 0, -19.664492), (4.5178967, 0, -19.483034), (5.3616195, 0, -19.267927), (6.175601, 0, -19.022669), (6.9570312, 0, -18.750992), (7.7038355, 0, -18.456732), (8.41464, 0, -18.1437), (9.088717, 0, -17.81559), (9.725909, 0, -17.47589), (-9.718505, 0.78029335, -17.462584), (-9.081526, 0.7954371, -17.801493), (-8.407736, 0.8100629, -18.12881), (-7.697294, 0.8240153, -18.44106), (-6.9509344, 0.83713, -18.73456), (-6.170031, 0.8492372, -19.005512), (-5.3566585, 0.86016625, -19.2501), (-4.5136228, 0.86975104, -19.464602), (-3.6444643, 0.87783605, -19.64554), (-2.7534213, 0.8842827, -19.789814), (-1.8453554, 0.8889754, -19.894833), (-0.92563754, 0.8918271, -19.958652), (0, 0.89278376, -19.980064), (0.92563754, 0.8918271, -19.958652), (1.8453554, 0.8889754, -19.894833), (2.7534213, 0.8842827, -19.789814), (3.6444643, 0.87783605, -19.64554), (4.5136228, 0.86975104, -19.464602), (5.3566585, 0.86016625, -19.2501), (6.170031, 0.8492372, -19.005512), (6.9509344, 0.83713, -18.73456), (7.697294, 0.8240153, -18.44106), (8.407736, 0.8100629, -18.12881), (9.081526, 0.7954371, -17.801493), (9.718505, 0.78029335, -17.462584), (-9.696391, 1.5570357, -17.422848), (-9.060055, 1.5871129, -17.759405), (-8.387122, 1.6161537, -18.084364), (-7.6777697, 1.6438503, -18.394281), (-6.9327393, 1.6698774, -18.68552), (-6.1534114, 1.6938994, -18.954319), (-5.3418574, 1.715579, -19.196909), (-4.500873, 1.7345885, -19.40962), (-3.6339781, 1.7506206, -19.589016), (-2.7453828, 1.7634021, -19.732037), (-1.8399107, 1.772705, -19.836134), (-0.92288905, 1.778358, -19.89939), (0, 1.7802544, -19.92061), (0.92288905, 1.778358, -19.89939), (1.8399107, 1.772705, -19.836134), (2.7453828, 1.7634021, -19.732037), (3.6339781, 1.7506206, -19.589016), (4.500873, 1.7345885, -19.40962), (5.3418574, 1.715579, -19.196909), (6.1534114, 1.6938994, -18.954319), (6.9327393, 1.6698774, -18.68552), (7.6777697, 1.6438503, -18.394281), (8.387122, 1.6161537, -18.084364), (9.060055, 1.5871129, -17.759405), (9.696391, 1.5570357, -17.422848), (-9.659868, 2.3267562, -17.357222), (-9.024605, 2.3713546, -17.689917), (-8.353101, 2.414397, -18.011007), (-7.645556, 2.4554298, -18.317104), (-6.9027295, 2.4939735, -18.604635), (-6.126008, 2.5295339, -18.86991), (-5.3174596, 2.5616152, -19.109232), (-4.4798613, 2.5897362, -19.31901), (-3.6167006, 2.613446, -19.49588), (-2.73214, 2.6323442, -19.636858), (-1.8309426, 2.6460965, -19.739449), (-0.9183621, 2.654452, -19.80178), (0, 2.6572552, -19.82269), (0.9183621, 2.654452, -19.80178), (1.8309426, 2.6460965, -19.739449), (2.73214, 2.6323442, -19.636858), (3.6167006, 2.613446, -19.49588), (4.4798613, 2.5897362, -19.31901), (5.3174596, 2.5616152, -19.109232), (6.126008, 2.5295339, -18.86991), (6.9027295, 2.4939735, -18.604635), (7.645556, 2.4554298, -18.317104), (8.353101, 2.414397, -18.011007), (9.024605, 2.3713546, -17.689917), (9.659868, 2.3267562, -17.357222), (-9.609422, 3.0861406, -17.266579), (-8.975668, 3.1446605, -17.59399), (-8.306159, 3.201105, -17.909792), (-7.6011305, 3.2548828, -18.21067), (-6.8613625, 3.3053699, -18.49314), (-6.0882516, 3.3519247, -18.753607), (-5.283858, 3.393904, -18.988478), (-4.4509335, 3.4306846, -19.19426), (-3.592921, 3.4616838, -19.367697), (-2.7139182, 3.486384, -19.50589), (-1.8186046, 3.504354, -19.606432), (-0.9121349, 3.5152705, -19.66751), (0, 3.518932, -19.687994), (0.9121349, 3.5152705, -19.66751), (1.8186046, 3.504354, -19.606432), (2.7139182, 3.486384, -19.50589), (3.592921, 3.4616838, -19.367697), (4.4509335, 3.4306846, -19.19426), (5.283858, 3.393904, -18.988478), (6.0882516, 3.3519247, -18.753607), (6.8613625, 3.3053699, -18.49314), (7.6011305, 3.2548828, -18.21067), (8.306159, 3.201105, -17.909792), (8.975668, 3.1446605, -17.59399), (9.609422, 3.0861406, -17.266579), (-9.54571, 3.8320985, -17.152098), (-8.913902, 3.903776, -17.47292), (-8.246953, 3.9728596, -17.782131), (-7.545134, 4.038631, -18.076515), (-6.8092537, 4.1003337, -18.352694), (-6.0407176, 4.157193, -18.60719), (-5.2415767, 4.2084327, -18.836533), (-4.414551, 4.2533016, -19.037363), (-3.5630255, 4.2911, -19.206543), (-2.6910172, 4.3212056, -19.341293), (-1.8031019, 4.3431015, -19.439297), (-0.90431154, 4.3564, -19.498821), (0, 4.3608603, -19.518784), (0.90431154, 4.3564, -19.498821), (1.8031019, 4.3431015, -19.439297), (2.6910172, 4.3212056, -19.341293), (3.5630255, 4.2911, -19.206543), (4.414551, 4.2533016, -19.037363), (5.2415767, 4.2084327, -18.836533), (6.0407176, 4.157193, -18.60719), (6.8092537, 4.1003337, -18.352694), (7.545134, 4.038631, -18.076515), (8.246953, 3.9728596, -17.782131), (8.913902, 3.903776, -17.47292), (9.54571, 3.8320985, -17.152098), (-9.469533, 4.561821, -17.01522), (-8.840115, 4.6457534, -17.328281), (-8.17628, 4.726577, -17.629745), (-7.4783454, 4.8034577, -17.916504), (-6.7471485, 4.875523, -18.185303), (-5.984105, 4.9418793, -18.432806), (-5.1912527, 5.0016336, -18.655684), (-4.3712716, 5.053924, -18.850725), (-3.5274801, 5.0979495, -19.014936), (-2.6637988, 5.1329985, -19.145666), (-1.784682, 5.1584806, -19.240711), (-0.89501756, 5.1739535, -19.298424), (0, 5.179142, -19.317776), (0.89501756, 5.1739535, -19.298424), (1.784682, 5.1584806, -19.240711), (2.6637988, 5.1329985, -19.145666), (3.5274801, 5.0979495, -19.014936), (4.3712716, 5.053924, -18.850725), (5.1912527, 5.0016336, -18.655684), (5.984105, 4.9418793, -18.432806), (6.7471485, 4.875523, -18.185303), (7.4783454, 4.8034577, -17.916504), (8.17628, 4.726577, -17.629745), (8.840115, 4.6457534, -17.328281), (9.469533, 4.561821, -17.01522), (-9.381815, 5.272825, -16.857605), (-8.75523, 5.3680015, -17.161892), (-8.095055, 5.4595585, -17.454607), (-7.4016547, 5.546564, -17.73277), (-6.675897, 5.6280427, -17.993263), (-5.919208, 5.702999, -18.232904), (-5.133607, 5.7704425, -18.448524), (-4.321728, 5.829418, -18.637075), (-3.4868128, 5.87904, -18.79572), (-2.6326723, 5.918523, -18.921947), (-1.7636241, 5.947217, -19.013685), (-0.8843947, 5.964635, -19.069372), (0, 5.970475, -19.088043), (0.8843947, 5.964635, -19.069372), (1.7636241, 5.947217, -19.013685), (2.6326723, 5.918523, -18.921947), (3.4868128, 5.87904, -18.79572), (4.321728, 5.829418, -18.637075), (5.133607, 5.7704425, -18.448524), (5.919208, 5.702999, -18.232904), (6.675897, 5.6280427, -17.993263), (7.4016547, 5.546564, -17.73277), (8.095055, 5.4595585, -17.454607), (8.75523, 5.3680015, -17.161892), (9.381815, 5.272825, -16.857605)],
                                }
                                color3f[] primvars:displayColor = [(0, 0.85, 0.95)] (
                                    interpolation = "constant"
                                )
                                float[] primvars:displayOpacity = [0.3] (
                                    interpolation = "constant"
                                )
                                uniform token purpose = "guide"
                                uniform token subdivisionScheme = "none"
                            }

                            def Mesh "Shell_identify" (
                                prepend apiSchemas = ["AecoDerivedGeometryAPI", "MaterialBindingAPI"]
                            )
                            {
                                uniform token aeco:derived:approx = "tessellated"
                                uniform token aeco:derived:role = "coverage"
                                string aeco:derived:source = "7159d2f3-92ae-5116-911d-c954167cd6f3"
                                string aeco:derived:stamp = "usdAecoCctv derive 0.5.5"
                                uniform bool doubleSided = 1
                                float3[] extent = [(-6.710741, -4.119544, -13.79972), (6.710741, 4.119544, 0)]
                                float3[] extent.timeSamples = {
                                    0: [(-6.710741, -4.119544, -13.79972), (6.710741, 4.119544, 0)],
                                    84: [(-6.710741, -4.119544, -13.79972), (6.710741, 4.119544, 0)],
                                    96: [(-6.176926, -3.5890043, -20), (6.176926, 3.5890043, 0)],
                                    228: [(-6.176926, -3.5890043, -20), (6.176926, 3.5890043, 0)],
                                    240: [(-4.733341, -2.7103658, -20), (4.733341, 2.7103658, 0)],
                                    372: [(-4.733341, -2.7103658, -20), (4.733341, 2.7103658, 0)],
                                    384: [(-6.710741, -4.119544, -13.79972), (6.710741, 4.119544, 0)],
                                }
                                int[] faceVertexCounts = [4, 4, 4, 4, 4, 4, 4, 4, 4, 4, 4, 4, 4, 4, 4, 4, 4, 4, 4, 4, 4, 4, 4, 4, 4, 4, 4, 4, 4, 4, 4, 4, 4, 4, 4, 4, 4, 4, 4, 4, 4, 4, 4, 4, 4, 4, 4, 4, 4, 4, 4, 4, 4, 4, 4, 4, 4, 4, 4, 4, 4, 4, 4, 4, 4, 4, 4, 4, 4, 4, 4, 4, 4, 4, 4, 4, 4, 4, 4, 4, 4, 4, 4, 4, 4, 4, 4, 4, 4, 4, 4, 4, 4, 4, 4, 4, 4, 4, 4, 4, 4, 4, 4, 4, 4, 4, 4, 4, 4, 4, 4, 4, 4, 4, 4, 4, 4, 4, 4, 4, 4, 4, 4, 4, 4, 4, 4, 4, 4, 4, 4, 4, 4, 4, 4, 4, 4, 4, 4, 4, 4, 4, 4, 4, 4, 4, 4, 4, 4, 4, 4, 4, 4, 4, 4, 4, 4, 4, 4, 4, 4, 4, 4, 4, 4, 4, 4, 4, 4, 4, 4, 4, 4, 4, 4, 4, 4, 4, 4, 4, 4, 4, 4, 4, 4, 4, 4, 4, 4, 4, 4, 4, 4, 4, 4, 4, 4, 4, 4, 4, 4, 4, 4, 4, 4, 4, 4, 4, 4, 4, 4, 4, 4, 4, 4, 4, 4, 4, 4, 4, 4, 4, 4, 4, 4, 4, 4, 4, 4, 4, 4, 4, 4, 4, 4, 4, 4, 4, 4, 4, 4, 4, 4, 4, 4, 4, 4, 4, 4, 4, 4, 4, 4, 4, 4, 4, 4, 4, 4, 4, 4, 4, 4, 4, 4, 4, 4, 4, 4, 4, 4, 4, 4, 4, 4, 4, 4, 4, 4, 4, 4, 4, 4, 4, 4, 4, 4, 4, 4, 4, 4, 4, 4, 4, 4, 4, 4, 4, 4, 4, 4, 4, 4, 4, 4, 4, 4, 4, 4, 4, 4, 4, 4, 4, 4, 4, 4, 4, 4, 4, 4, 4, 4, 4, 4, 4, 4, 4, 4, 4, 4, 4, 4, 4, 4, 4, 3, 3, 3, 3, 3, 3, 3, 3, 3, 3, 3, 3, 3, 3, 3, 3, 3, 3, 3, 3, 3, 3, 3, 3, 3, 3, 3, 3, 3, 3, 3, 3, 3, 3, 3, 3, 3, 3, 3, 3, 3, 3, 3, 3, 3, 3, 3, 3, 3, 3, 3, 3, 3, 3, 3, 3, 3, 3, 3, 3, 3, 3, 3, 3, 3, 3, 3, 3, 3, 3, 3, 3, 3, 3, 3, 3]
                                int[] faceVertexIndices = [1, 26, 27, 2, 2, 27, 28, 3, 3, 28, 29, 4, 4, 29, 30, 5, 5, 30, 31, 6, 6, 31, 32, 7, 7, 32, 33, 8, 8, 33, 34, 9, 9, 34, 35, 10, 10, 35, 36, 11, 11, 36, 37, 12, 12, 37, 38, 13, 13, 38, 39, 14, 14, 39, 40, 15, 15, 40, 41, 16, 16, 41, 42, 17, 17, 42, 43, 18, 18, 43, 44, 19, 19, 44, 45, 20, 20, 45, 46, 21, 21, 46, 47, 22, 22, 47, 48, 23, 23, 48, 49, 24, 24, 49, 50, 25, 26, 51, 52, 27, 27, 52, 53, 28, 28, 53, 54, 29, 29, 54, 55, 30, 30, 55, 56, 31, 31, 56, 57, 32, 32, 57, 58, 33, 33, 58, 59, 34, 34, 59, 60, 35, 35, 60, 61, 36, 36, 61, 62, 37, 37, 62, 63, 38, 38, 63, 64, 39, 39, 64, 65, 40, 40, 65, 66, 41, 41, 66, 67, 42, 42, 67, 68, 43, 43, 68, 69, 44, 44, 69, 70, 45, 45, 70, 71, 46, 46, 71, 72, 47, 47, 72, 73, 48, 48, 73, 74, 49, 49, 74, 75, 50, 51, 76, 77, 52, 52, 77, 78, 53, 53, 78, 79, 54, 54, 79, 80, 55, 55, 80, 81, 56, 56, 81, 82, 57, 57, 82, 83, 58, 58, 83, 84, 59, 59, 84, 85, 60, 60, 85, 86, 61, 61, 86, 87, 62, 62, 87, 88, 63, 63, 88, 89, 64, 64, 89, 90, 65, 65, 90, 91, 66, 66, 91, 92, 67, 67, 92, 93, 68, 68, 93, 94, 69, 69, 94, 95, 70, 70, 95, 96, 71, 71, 96, 97, 72, 72, 97, 98, 73, 73, 98, 99, 74, 74, 99, 100, 75, 76, 101, 102, 77, 77, 102, 103, 78, 78, 103, 104, 79, 79, 104, 105, 80, 80, 105, 106, 81, 81, 106, 107, 82, 82, 107, 108, 83, 83, 108, 109, 84, 84, 109, 110, 85, 85, 110, 111, 86, 86, 111, 112, 87, 87, 112, 113, 88, 88, 113, 114, 89, 89, 114, 115, 90, 90, 115, 116, 91, 91, 116, 117, 92, 92, 117, 118, 93, 93, 118, 119, 94, 94, 119, 120, 95, 95, 120, 121, 96, 96, 121, 122, 97, 97, 122, 123, 98, 98, 123, 124, 99, 99, 124, 125, 100, 101, 126, 127, 102, 102, 127, 128, 103, 103, 128, 129, 104, 104, 129, 130, 105, 105, 130, 131, 106, 106, 131, 132, 107, 107, 132, 133, 108, 108, 133, 134, 109, 109, 134, 135, 110, 110, 135, 136, 111, 111, 136, 137, 112, 112, 137, 138, 113, 113, 138, 139, 114, 114, 139, 140, 115, 115, 140, 141, 116, 116, 141, 142, 117, 117, 142, 143, 118, 118, 143, 144, 119, 119, 144, 145, 120, 120, 145, 146, 121, 121, 146, 147, 122, 122, 147, 148, 123, 123, 148, 149, 124, 124, 149, 150, 125, 126, 151, 152, 127, 127, 152, 153, 128, 128, 153, 154, 129, 129, 154, 155, 130, 130, 155, 156, 131, 131, 156, 157, 132, 132, 157, 158, 133, 133, 158, 159, 134, 134, 159, 160, 135, 135, 160, 161, 136, 136, 161, 162, 137, 137, 162, 163, 138, 138, 163, 164, 139, 139, 164, 165, 140, 140, 165, 166, 141, 141, 166, 167, 142, 142, 167, 168, 143, 143, 168, 169, 144, 144, 169, 170, 145, 145, 170, 171, 146, 146, 171, 172, 147, 147, 172, 173, 148, 148, 173, 174, 149, 149, 174, 175, 150, 151, 176, 177, 152, 152, 177, 178, 153, 153, 178, 179, 154, 154, 179, 180, 155, 155, 180, 181, 156, 156, 181, 182, 157, 157, 182, 183, 158, 158, 183, 184, 159, 159, 184, 185, 160, 160, 185, 186, 161, 161, 186, 187, 162, 162, 187, 188, 163, 163, 188, 189, 164, 164, 189, 190, 165, 165, 190, 191, 166, 166, 191, 192, 167, 167, 192, 193, 168, 168, 193, 194, 169, 169, 194, 195, 170, 170, 195, 196, 171, 171, 196, 197, 172, 172, 197, 198, 173, 173, 198, 199, 174, 174, 199, 200, 175, 176, 201, 202, 177, 177, 202, 203, 178, 178, 203, 204, 179, 179, 204, 205, 180, 180, 205, 206, 181, 181, 206, 207, 182, 182, 207, 208, 183, 183, 208, 209, 184, 184, 209, 210, 185, 185, 210, 211, 186, 186, 211, 212, 187, 187, 212, 213, 188, 188, 213, 214, 189, 189, 214, 215, 190, 190, 215, 216, 191, 191, 216, 217, 192, 192, 217, 218, 193, 193, 218, 219, 194, 194, 219, 220, 195, 195, 220, 221, 196, 196, 221, 222, 197, 197, 222, 223, 198, 198, 223, 224, 199, 199, 224, 225, 200, 201, 226, 227, 202, 202, 227, 228, 203, 203, 228, 229, 204, 204, 229, 230, 205, 205, 230, 231, 206, 206, 231, 232, 207, 207, 232, 233, 208, 208, 233, 234, 209, 209, 234, 235, 210, 210, 235, 236, 211, 211, 236, 237, 212, 212, 237, 238, 213, 213, 238, 239, 214, 214, 239, 240, 215, 215, 240, 241, 216, 216, 241, 242, 217, 217, 242, 243, 218, 218, 243, 244, 219, 219, 244, 245, 220, 220, 245, 246, 221, 221, 246, 247, 222, 222, 247, 248, 223, 223, 248, 249, 224, 224, 249, 250, 225, 226, 251, 252, 227, 227, 252, 253, 228, 228, 253, 254, 229, 229, 254, 255, 230, 230, 255, 256, 231, 231, 256, 257, 232, 232, 257, 258, 233, 233, 258, 259, 234, 234, 259, 260, 235, 235, 260, 261, 236, 236, 261, 262, 237, 237, 262, 263, 238, 238, 263, 264, 239, 239, 264, 265, 240, 240, 265, 266, 241, 241, 266, 267, 242, 242, 267, 268, 243, 243, 268, 269, 244, 244, 269, 270, 245, 245, 270, 271, 246, 246, 271, 272, 247, 247, 272, 273, 248, 248, 273, 274, 249, 249, 274, 275, 250, 251, 276, 277, 252, 252, 277, 278, 253, 253, 278, 279, 254, 254, 279, 280, 255, 255, 280, 281, 256, 256, 281, 282, 257, 257, 282, 283, 258, 258, 283, 284, 259, 259, 284, 285, 260, 260, 285, 286, 261, 261, 286, 287, 262, 262, 287, 288, 263, 263, 288, 289, 264, 264, 289, 290, 265, 265, 290, 291, 266, 266, 291, 292, 267, 267, 292, 293, 268, 268, 293, 294, 269, 269, 294, 295, 270, 270, 295, 296, 271, 271, 296, 297, 272, 272, 297, 298, 273, 273, 298, 299, 274, 274, 299, 300, 275, 276, 301, 302, 277, 277, 302, 303, 278, 278, 303, 304, 279, 279, 304, 305, 280, 280, 305, 306, 281, 281, 306, 307, 282, 282, 307, 308, 283, 283, 308, 309, 284, 284, 309, 310, 285, 285, 310, 311, 286, 286, 311, 312, 287, 287, 312, 313, 288, 288, 313, 314, 289, 289, 314, 315, 290, 290, 315, 316, 291, 291, 316, 317, 292, 292, 317, 318, 293, 293, 318, 319, 294, 294, 319, 320, 295, 295, 320, 321, 296, 296, 321, 322, 297, 297, 322, 323, 298, 298, 323, 324, 299, 299, 324, 325, 300, 301, 326, 327, 302, 302, 327, 328, 303, 303, 328, 329, 304, 304, 329, 330, 305, 305, 330, 331, 306, 306, 331, 332, 307, 307, 332, 333, 308, 308, 333, 334, 309, 309, 334, 335, 310, 310, 335, 336, 311, 311, 336, 337, 312, 312, 337, 338, 313, 313, 338, 339, 314, 314, 339, 340, 315, 315, 340, 341, 316, 316, 341, 342, 317, 317, 342, 343, 318, 318, 343, 344, 319, 319, 344, 345, 320, 320, 345, 346, 321, 321, 346, 347, 322, 322, 347, 348, 323, 323, 348, 349, 324, 324, 349, 350, 325, 326, 351, 352, 327, 327, 352, 353, 328, 328, 353, 354, 329, 329, 354, 355, 330, 330, 355, 356, 331, 331, 356, 357, 332, 332, 357, 358, 333, 333, 358, 359, 334, 334, 359, 360, 335, 335, 360, 361, 336, 336, 361, 362, 337, 337, 362, 363, 338, 338, 363, 364, 339, 339, 364, 365, 340, 340, 365, 366, 341, 341, 366, 367, 342, 342, 367, 368, 343, 343, 368, 369, 344, 344, 369, 370, 345, 345, 370, 371, 346, 346, 371, 372, 347, 347, 372, 373, 348, 348, 373, 374, 349, 349, 374, 375, 350, 0, 1, 2, 0, 2, 3, 0, 3, 4, 0, 4, 5, 0, 5, 6, 0, 6, 7, 0, 7, 8, 0, 8, 9, 0, 9, 10, 0, 10, 11, 0, 11, 12, 0, 12, 13, 0, 13, 14, 0, 14, 15, 0, 15, 16, 0, 16, 17, 0, 17, 18, 0, 18, 19, 0, 19, 20, 0, 20, 21, 0, 21, 22, 0, 22, 23, 0, 23, 24, 0, 24, 25, 0, 352, 351, 0, 353, 352, 0, 354, 353, 0, 355, 354, 0, 356, 355, 0, 357, 356, 0, 358, 357, 0, 359, 358, 0, 360, 359, 0, 361, 360, 0, 362, 361, 0, 363, 362, 0, 364, 363, 0, 365, 364, 0, 366, 365, 0, 367, 366, 0, 368, 367, 0, 369, 368, 0, 370, 369, 0, 371, 370, 0, 372, 371, 0, 373, 372, 0, 374, 373, 0, 375, 374, 0, 26, 1, 0, 51, 26, 0, 76, 51, 0, 101, 76, 0, 126, 101, 0, 151, 126, 0, 176, 151, 0, 201, 176, 0, 226, 201, 0, 251, 226, 0, 276, 251, 0, 301, 276, 0, 326, 301, 0, 351, 326, 0, 25, 50, 0, 50, 75, 0, 75, 100, 0, 100, 125, 0, 125, 150, 0, 150, 175, 0, 175, 200, 0, 200, 225, 0, 225, 250, 0, 250, 275, 0, 275, 300, 0, 300, 325, 0, 325, 350, 0, 350, 375]
                                rel material:binding = </AecoCctvLooks/Shell_identify>
                                point3f[] points = [(0, 0, 0), (-6.4733205, -3.6381752, -11.631512), (-6.0409856, -3.7038455, -11.841464), (-5.585474, -3.7670188, -12.043434), (-5.107038, -3.8270514, -12.235362), (-4.6062756, -3.8832707, -12.415099), (-4.0841703, -3.9349895, -12.580448), (-3.5421169, -3.9815242, -12.729223), (-2.981932, -4.022217, -12.85932), (-2.4058518, -4.0564547, -12.968781), (-1.816507, -4.083698, -13.055879), (-1.2168759, -4.103496, -13.119176), (-0.61021996, -4.1155143, -13.157599), (0, -4.119544, -13.170483), (0.61021996, -4.1155143, -13.157599), (1.2168759, -4.103496, -13.119176), (1.816507, -4.083698, -13.055879), (2.4058518, -4.0564547, -12.968781), (2.981932, -4.022217, -12.85932), (3.5421169, -3.9815242, -12.729223), (4.0841703, -3.9349895, -12.580448), (4.6062756, -3.8832707, -12.415099), (5.107038, -3.8270514, -12.235362), (5.585474, -3.7670188, -12.043434), (6.0409856, -3.7038455, -11.841464), (6.4733205, -3.6381752, -11.631512), (-6.533845, -3.1475925, -11.740264), (-6.099555, -3.205505, -11.956271), (-5.6415186, -3.2612715, -12.164277), (-5.1599536, -3.3143184, -12.362137), (-4.6554375, -3.3640425, -12.547605), (-4.128948, -3.4098272, -12.718377), (-3.5818913, -3.451057, -12.872161), (-3.016116, -3.4871368, -13.006736), (-2.4339118, -3.5175138, -13.120039), (-1.8379838, -3.541697, -13.21024), (-1.2314055, -3.5592792, -13.275821), (-0.61754954, -3.569955, -13.315641), (0, -3.5735352, -13.328995), (0.61754954, -3.569955, -13.315641), (1.2314055, -3.5592792, -13.275821), (1.8379838, -3.541697, -13.21024), (2.4339118, -3.5175138, -13.120039), (3.016116, -3.4871368, -13.006736), (3.5818913, -3.451057, -12.872161), (4.128948, -3.4098272, -12.718377), (4.6554375, -3.3640425, -12.547605), (5.1599536, -3.3143184, -12.362137), (5.6415186, -3.2612715, -12.164277), (6.099555, -3.205505, -11.956271), (6.533845, -3.1475925, -11.740264), (-6.5864053, -2.6440942, -11.834706), (-6.1504674, -2.6935506, -12.056068), (-5.690282, -2.7412174, -12.269421), (-5.2060366, -2.7865984, -12.472542), (-4.6982894, -2.8291728, -12.6631), (-4.16801, -2.8684049, -12.838699), (-3.6166143, -2.9037595, -12.996943), (-3.045978, -2.9347186, -13.135513), (-2.4584374, -2.9607987, -13.252246), (-1.8567641, -2.9815712, -13.345221), (-1.244115, -2.9966793, -13.412843), (-0.6239623, -3.005855, -13.453913), (0, -3.0089324, -13.467687), (0.6239623, -3.005855, -13.453913), (1.244115, -2.9966793, -13.412843), (1.8567641, -2.9815712, -13.345221), (2.4584374, -2.9607987, -13.252246), (3.045978, -2.9347186, -13.135513), (3.6166143, -2.9037595, -12.996943), (4.16801, -2.8684049, -12.838699), (4.6982894, -2.8291728, -12.6631), (5.2060366, -2.7865984, -12.472542), (5.690282, -2.7412174, -12.269421), (6.1504674, -2.6935506, -12.056068), (6.5864053, -2.6440942, -11.834706), (-6.6303663, -2.1293938, -11.913697), (-6.1930847, -2.1697717, -12.139606), (-5.7311335, -2.2087176, -12.357505), (-5.2446733, -2.2458236, -12.565107), (-4.734244, -2.280659, -12.760007), (-4.200808, -2.3127809, -12.939726), (-3.6457877, -2.341746, -13.101783), (-3.0710814, -2.367124, -13.24377), (-2.4790652, -2.388513, -13.363439), (-1.8725655, -2.405556, -13.458791), (-1.2548116, -2.4179552, -13.528163), (-0.62936026, -2.4254873, -13.570305), (0, -2.4280138, -13.584439), (0.62936026, -2.4254873, -13.570305), (1.2548116, -2.4179552, -13.528163), (1.8725655, -2.405556, -13.458791), (2.4790652, -2.388513, -13.363439), (3.0710814, -2.367124, -13.24377), (3.6457877, -2.341746, -13.101783), (4.200808, -2.3127809, -12.939726), (4.734244, -2.280659, -12.760007), (5.2446733, -2.2458236, -12.565107), (5.7311335, -2.2087176, -12.357505), (6.1930847, -2.1697717, -12.139606), (6.6303663, -2.1293938, -11.913697), (-6.665173, -1.6054292, -11.976239), (-6.226851, -1.6362014, -12.205794), (-5.7635226, -1.6659001, -12.427342), (-5.2753263, -1.6942121, -12.638545), (-4.7627864, -1.7208066, -12.836937), (-4.2268596, -1.7453429, -13.019973), (-3.6689725, -1.7674786, -13.1851015), (-3.0910413, -1.7868816, -13.329845), (-2.4954727, -1.8032411, -13.451884), (-1.8851383, -1.8162805, -13.549156), (-1.2633247, -1.8257695, -13.619943), (-0.633657, -1.8315347, -13.6629505), (0, -1.8334687, -13.677377), (0.633657, -1.8315347, -13.6629505), (1.2633247, -1.8257695, -13.619943), (1.8851383, -1.8162805, -13.549156), (2.4954727, -1.8032411, -13.451884), (3.0910413, -1.7868816, -13.329845), (3.6689725, -1.7674786, -13.1851015), (4.2268596, -1.7453429, -13.019973), (4.7627864, -1.7208066, -12.836937), (5.2753263, -1.6942121, -12.638545), (5.7635226, -1.6659001, -12.427342), (6.226851, -1.6362014, -12.205794), (6.665173, -1.6054292, -11.976239), (-6.690374, -1.0743328, -12.021521), (-6.251311, -1.0950856, -12.25374), (-5.7869964, -1.1151234, -12.477958), (-5.297553, -1.1342336, -12.691796), (-4.783493, -1.152192, -12.892746), (-4.2457676, -1.1687669, -13.078215), (-3.6858068, -1.1837255, -13.245599), (-3.105539, -1.1968417, -13.392365), (-2.507394, -1.2079036, -13.516146), (-1.8942755, -1.2167227, -13.614829), (-1.2695127, -1.2231416, -13.686655), (-0.6367805, -1.2270421, -13.7303), (0, -1.2283505, -13.744941), (0.6367805, -1.2270421, -13.7303), (1.2695127, -1.2231416, -13.686655), (1.8942755, -1.2167227, -13.614829), (2.507394, -1.2079036, -13.516146), (3.105539, -1.1968417, -13.392365), (3.6858068, -1.1837255, -13.245599), (4.2457676, -1.1687669, -13.078215), (4.783493, -1.152192, -12.892746), (5.297553, -1.1342336, -12.691796), (5.7869964, -1.1151234, -12.477958), (6.251311, -1.0950856, -12.25374), (6.690374, -1.0743328, -12.021521), (-6.7056317, -0.5383915, -12.048937), (-6.2661257, -0.54884046, -12.282781), (-5.8012195, -0.558932, -12.508625), (-5.311025, -0.568559, -12.724072), (-4.796047, -0.5776079, -12.926583), (-4.257235, -0.58596176, -13.113537), (-3.6960192, -0.59350264, -13.282298), (-3.1143363, -0.600116, -13.430303), (-2.5146294, -0.6056946, -13.555148), (-1.8998221, -0.61014265, -13.654694), (-1.2732693, -0.61338055, -13.727156), (-0.6386769, -0.61534816, -13.771191), (0, -0.6160083, -13.785963), (0.6386769, -0.61534816, -13.771191), (1.2732693, -0.61338055, -13.727156), (1.8998221, -0.61014265, -13.654694), (2.5146294, -0.6056946, -13.555148), (3.1143363, -0.600116, -13.430303), (3.6960192, -0.59350264, -13.282298), (4.257235, -0.58596176, -13.113537), (4.796047, -0.5776079, -12.926583), (5.311025, -0.568559, -12.724072), (5.8012195, -0.558932, -12.508625), (6.2661257, -0.54884046, -12.282781), (6.7056317, -0.5383915, -12.048937), (-6.710741, 0, -12.058118), (-6.271087, 0, -12.292506), (-5.805984, 0, -12.518898), (-5.3155384, 0, -12.734885), (-4.800254, 0, -12.937922), (-4.261078, 0, -13.125375), (-3.6994421, 0, -13.2946), (-3.1172855, 0, -13.44302), (-2.517055, 0, -13.568224), (-1.9016818, 0, -13.66806), (-1.274529, 0, -13.740736), (-0.6393128, 0, -13.784903), (0, 0, -13.79972), (0.6393128, 0, -13.784903), (1.274529, 0, -13.740736), (1.9016818, 0, -13.66806), (2.517055, 0, -13.568224), (3.1172855, 0, -13.44302), (3.6994421, 0, -13.2946), (4.261078, 0, -13.125375), (4.800254, 0, -12.937922), (5.3155384, 0, -12.734885), (5.805984, 0, -12.518898), (6.271087, 0, -12.292506), (6.710741, 0, -12.058118), (-6.7056317, 0.5383915, -12.048937), (-6.2661257, 0.54884046, -12.282781), (-5.8012195, 0.558932, -12.508625), (-5.311025, 0.568559, -12.724072), (-4.796047, 0.5776079, -12.926583), (-4.257235, 0.58596176, -13.113537), (-3.6960192, 0.59350264, -13.282298), (-3.1143363, 0.600116, -13.430303), (-2.5146294, 0.6056946, -13.555148), (-1.8998221, 0.61014265, -13.654694), (-1.2732693, 0.61338055, -13.727156), (-0.6386769, 0.61534816, -13.771191), (0, 0.6160083, -13.785963), (0.6386769, 0.61534816, -13.771191), (1.2732693, 0.61338055, -13.727156), (1.8998221, 0.61014265, -13.654694), (2.5146294, 0.6056946, -13.555148), (3.1143363, 0.600116, -13.430303), (3.6960192, 0.59350264, -13.282298), (4.257235, 0.58596176, -13.113537), (4.796047, 0.5776079, -12.926583), (5.311025, 0.568559, -12.724072), (5.8012195, 0.558932, -12.508625), (6.2661257, 0.54884046, -12.282781), (6.7056317, 0.5383915, -12.048937), (-6.690374, 1.0743328, -12.021521), (-6.251311, 1.0950856, -12.25374), (-5.7869964, 1.1151234, -12.477958), (-5.297553, 1.1342336, -12.691796), (-4.783493, 1.152192, -12.892746), (-4.2457676, 1.1687669, -13.078215), (-3.6858068, 1.1837255, -13.245599), (-3.105539, 1.1968417, -13.392365), (-2.507394, 1.2079036, -13.516146), (-1.8942755, 1.2167227, -13.614829), (-1.2695127, 1.2231416, -13.686655), (-0.6367805, 1.2270421, -13.7303), (0, 1.2283505, -13.744941), (0.6367805, 1.2270421, -13.7303), (1.2695127, 1.2231416, -13.686655), (1.8942755, 1.2167227, -13.614829), (2.507394, 1.2079036, -13.516146), (3.105539, 1.1968417, -13.392365), (3.6858068, 1.1837255, -13.245599), (4.2457676, 1.1687669, -13.078215), (4.783493, 1.152192, -12.892746), (5.297553, 1.1342336, -12.691796), (5.7869964, 1.1151234, -12.477958), (6.251311, 1.0950856, -12.25374), (6.690374, 1.0743328, -12.021521), (-6.665173, 1.6054292, -11.976239), (-6.226851, 1.6362014, -12.205794), (-5.7635226, 1.6659001, -12.427342), (-5.2753263, 1.6942121, -12.638545), (-4.7627864, 1.7208066, -12.836937), (-4.2268596, 1.7453429, -13.019973), (-3.6689725, 1.7674786, -13.1851015), (-3.0910413, 1.7868816, -13.329845), (-2.4954727, 1.8032411, -13.451884), (-1.8851383, 1.8162805, -13.549156), (-1.2633247, 1.8257695, -13.619943), (-0.633657, 1.8315347, -13.6629505), (0, 1.8334687, -13.677377), (0.633657, 1.8315347, -13.6629505), (1.2633247, 1.8257695, -13.619943), (1.8851383, 1.8162805, -13.549156), (2.4954727, 1.8032411, -13.451884), (3.0910413, 1.7868816, -13.329845), (3.6689725, 1.7674786, -13.1851015), (4.2268596, 1.7453429, -13.019973), (4.7627864, 1.7208066, -12.836937), (5.2753263, 1.6942121, -12.638545), (5.7635226, 1.6659001, -12.427342), (6.226851, 1.6362014, -12.205794), (6.665173, 1.6054292, -11.976239), (-6.6303663, 2.1293938, -11.913697), (-6.1930847, 2.1697717, -12.139606), (-5.7311335, 2.2087176, -12.357505), (-5.2446733, 2.2458236, -12.565107), (-4.734244, 2.280659, -12.760007), (-4.200808, 2.3127809, -12.939726), (-3.6457877, 2.341746, -13.101783), (-3.0710814, 2.367124, -13.24377), (-2.4790652, 2.388513, -13.363439), (-1.8725655, 2.405556, -13.458791), (-1.2548116, 2.4179552, -13.528163), (-0.62936026, 2.4254873, -13.570305), (0, 2.4280138, -13.584439), (0.62936026, 2.4254873, -13.570305), (1.2548116, 2.4179552, -13.528163), (1.8725655, 2.405556, -13.458791), (2.4790652, 2.388513, -13.363439), (3.0710814, 2.367124, -13.24377), (3.6457877, 2.341746, -13.101783), (4.200808, 2.3127809, -12.939726), (4.734244, 2.280659, -12.760007), (5.2446733, 2.2458236, -12.565107), (5.7311335, 2.2087176, -12.357505), (6.1930847, 2.1697717, -12.139606), (6.6303663, 2.1293938, -11.913697), (-6.5864053, 2.6440942, -11.834706), (-6.1504674, 2.6935506, -12.056068), (-5.690282, 2.7412174, -12.269421), (-5.2060366, 2.7865984, -12.472542), (-4.6982894, 2.8291728, -12.6631), (-4.16801, 2.8684049, -12.838699), (-3.6166143, 2.9037595, -12.996943), (-3.045978, 2.9347186, -13.135513), (-2.4584374, 2.9607987, -13.252246), (-1.8567641, 2.9815712, -13.345221), (-1.244115, 2.9966793, -13.412843), (-0.6239623, 3.005855, -13.453913), (0, 3.0089324, -13.467687), (0.6239623, 3.005855, -13.453913), (1.244115, 2.9966793, -13.412843), (1.8567641, 2.9815712, -13.345221), (2.4584374, 2.9607987, -13.252246), (3.045978, 2.9347186, -13.135513), (3.6166143, 2.9037595, -12.996943), (4.16801, 2.8684049, -12.838699), (4.6982894, 2.8291728, -12.6631), (5.2060366, 2.7865984, -12.472542), (5.690282, 2.7412174, -12.269421), (6.1504674, 2.6935506, -12.056068), (6.5864053, 2.6440942, -11.834706), (-6.533845, 3.1475925, -11.740264), (-6.099555, 3.205505, -11.956271), (-5.6415186, 3.2612715, -12.164277), (-5.1599536, 3.3143184, -12.362137), (-4.6554375, 3.3640425, -12.547605), (-4.128948, 3.4098272, -12.718377), (-3.5818913, 3.451057, -12.872161), (-3.016116, 3.4871368, -13.006736), (-2.4339118, 3.5175138, -13.120039), (-1.8379838, 3.541697, -13.21024), (-1.2314055, 3.5592792, -13.275821), (-0.61754954, 3.569955, -13.315641), (0, 3.5735352, -13.328995), (0.61754954, 3.569955, -13.315641), (1.2314055, 3.5592792, -13.275821), (1.8379838, 3.541697, -13.21024), (2.4339118, 3.5175138, -13.120039), (3.016116, 3.4871368, -13.006736), (3.5818913, 3.451057, -12.872161), (4.128948, 3.4098272, -12.718377), (4.6554375, 3.3640425, -12.547605), (5.1599536, 3.3143184, -12.362137), (5.6415186, 3.2612715, -12.164277), (6.099555, 3.205505, -11.956271), (6.533845, 3.1475925, -11.740264), (-6.4733205, 3.6381752, -11.631512), (-6.0409856, 3.7038455, -11.841464), (-5.585474, 3.7670188, -12.043434), (-5.107038, 3.8270514, -12.235362), (-4.6062756, 3.8832707, -12.415099), (-4.0841703, 3.9349895, -12.580448), (-3.5421169, 3.9815242, -12.729223), (-2.981932, 4.022217, -12.85932), (-2.4058518, 4.0564547, -12.968781), (-1.816507, 4.083698, -13.055879), (-1.2168759, 4.103496, -13.119176), (-0.61021996, 4.1155143, -13.157599), (0, 4.119544, -13.170483), (0.61021996, 4.1155143, -13.157599), (1.2168759, 4.103496, -13.119176), (1.816507, 4.083698, -13.055879), (2.4058518, 4.0564547, -12.968781), (2.981932, 4.022217, -12.85932), (3.5421169, 3.9815242, -12.729223), (4.0841703, 3.9349895, -12.580448), (4.6062756, 3.8832707, -12.415099), (5.107038, 3.8270514, -12.235362), (5.585474, 3.7670188, -12.043434), (6.0409856, 3.7038455, -11.841464), (6.4733205, 3.6381752, -11.631512)]
                                point3f[] points.timeSamples = {
                                    0: [(0, 0, 0), (-6.4733205, -3.6381752, -11.631512), (-6.0409856, -3.7038455, -11.841464), (-5.585474, -3.7670188, -12.043434), (-5.107038, -3.8270514, -12.235362), (-4.6062756, -3.8832707, -12.415099), (-4.0841703, -3.9349895, -12.580448), (-3.5421169, -3.9815242, -12.729223), (-2.981932, -4.022217, -12.85932), (-2.4058518, -4.0564547, -12.968781), (-1.816507, -4.083698, -13.055879), (-1.2168759, -4.103496, -13.119176), (-0.61021996, -4.1155143, -13.157599), (0, -4.119544, -13.170483), (0.61021996, -4.1155143, -13.157599), (1.2168759, -4.103496, -13.119176), (1.816507, -4.083698, -13.055879), (2.4058518, -4.0564547, -12.968781), (2.981932, -4.022217, -12.85932), (3.5421169, -3.9815242, -12.729223), (4.0841703, -3.9349895, -12.580448), (4.6062756, -3.8832707, -12.415099), (5.107038, -3.8270514, -12.235362), (5.585474, -3.7670188, -12.043434), (6.0409856, -3.7038455, -11.841464), (6.4733205, -3.6381752, -11.631512), (-6.533845, -3.1475925, -11.740264), (-6.099555, -3.205505, -11.956271), (-5.6415186, -3.2612715, -12.164277), (-5.1599536, -3.3143184, -12.362137), (-4.6554375, -3.3640425, -12.547605), (-4.128948, -3.4098272, -12.718377), (-3.5818913, -3.451057, -12.872161), (-3.016116, -3.4871368, -13.006736), (-2.4339118, -3.5175138, -13.120039), (-1.8379838, -3.541697, -13.21024), (-1.2314055, -3.5592792, -13.275821), (-0.61754954, -3.569955, -13.315641), (0, -3.5735352, -13.328995), (0.61754954, -3.569955, -13.315641), (1.2314055, -3.5592792, -13.275821), (1.8379838, -3.541697, -13.21024), (2.4339118, -3.5175138, -13.120039), (3.016116, -3.4871368, -13.006736), (3.5818913, -3.451057, -12.872161), (4.128948, -3.4098272, -12.718377), (4.6554375, -3.3640425, -12.547605), (5.1599536, -3.3143184, -12.362137), (5.6415186, -3.2612715, -12.164277), (6.099555, -3.205505, -11.956271), (6.533845, -3.1475925, -11.740264), (-6.5864053, -2.6440942, -11.834706), (-6.1504674, -2.6935506, -12.056068), (-5.690282, -2.7412174, -12.269421), (-5.2060366, -2.7865984, -12.472542), (-4.6982894, -2.8291728, -12.6631), (-4.16801, -2.8684049, -12.838699), (-3.6166143, -2.9037595, -12.996943), (-3.045978, -2.9347186, -13.135513), (-2.4584374, -2.9607987, -13.252246), (-1.8567641, -2.9815712, -13.345221), (-1.244115, -2.9966793, -13.412843), (-0.6239623, -3.005855, -13.453913), (0, -3.0089324, -13.467687), (0.6239623, -3.005855, -13.453913), (1.244115, -2.9966793, -13.412843), (1.8567641, -2.9815712, -13.345221), (2.4584374, -2.9607987, -13.252246), (3.045978, -2.9347186, -13.135513), (3.6166143, -2.9037595, -12.996943), (4.16801, -2.8684049, -12.838699), (4.6982894, -2.8291728, -12.6631), (5.2060366, -2.7865984, -12.472542), (5.690282, -2.7412174, -12.269421), (6.1504674, -2.6935506, -12.056068), (6.5864053, -2.6440942, -11.834706), (-6.6303663, -2.1293938, -11.913697), (-6.1930847, -2.1697717, -12.139606), (-5.7311335, -2.2087176, -12.357505), (-5.2446733, -2.2458236, -12.565107), (-4.734244, -2.280659, -12.760007), (-4.200808, -2.3127809, -12.939726), (-3.6457877, -2.341746, -13.101783), (-3.0710814, -2.367124, -13.24377), (-2.4790652, -2.388513, -13.363439), (-1.8725655, -2.405556, -13.458791), (-1.2548116, -2.4179552, -13.528163), (-0.62936026, -2.4254873, -13.570305), (0, -2.4280138, -13.584439), (0.62936026, -2.4254873, -13.570305), (1.2548116, -2.4179552, -13.528163), (1.8725655, -2.405556, -13.458791), (2.4790652, -2.388513, -13.363439), (3.0710814, -2.367124, -13.24377), (3.6457877, -2.341746, -13.101783), (4.200808, -2.3127809, -12.939726), (4.734244, -2.280659, -12.760007), (5.2446733, -2.2458236, -12.565107), (5.7311335, -2.2087176, -12.357505), (6.1930847, -2.1697717, -12.139606), (6.6303663, -2.1293938, -11.913697), (-6.665173, -1.6054292, -11.976239), (-6.226851, -1.6362014, -12.205794), (-5.7635226, -1.6659001, -12.427342), (-5.2753263, -1.6942121, -12.638545), (-4.7627864, -1.7208066, -12.836937), (-4.2268596, -1.7453429, -13.019973), (-3.6689725, -1.7674786, -13.1851015), (-3.0910413, -1.7868816, -13.329845), (-2.4954727, -1.8032411, -13.451884), (-1.8851383, -1.8162805, -13.549156), (-1.2633247, -1.8257695, -13.619943), (-0.633657, -1.8315347, -13.6629505), (0, -1.8334687, -13.677377), (0.633657, -1.8315347, -13.6629505), (1.2633247, -1.8257695, -13.619943), (1.8851383, -1.8162805, -13.549156), (2.4954727, -1.8032411, -13.451884), (3.0910413, -1.7868816, -13.329845), (3.6689725, -1.7674786, -13.1851015), (4.2268596, -1.7453429, -13.019973), (4.7627864, -1.7208066, -12.836937), (5.2753263, -1.6942121, -12.638545), (5.7635226, -1.6659001, -12.427342), (6.226851, -1.6362014, -12.205794), (6.665173, -1.6054292, -11.976239), (-6.690374, -1.0743328, -12.021521), (-6.251311, -1.0950856, -12.25374), (-5.7869964, -1.1151234, -12.477958), (-5.297553, -1.1342336, -12.691796), (-4.783493, -1.152192, -12.892746), (-4.2457676, -1.1687669, -13.078215), (-3.6858068, -1.1837255, -13.245599), (-3.105539, -1.1968417, -13.392365), (-2.507394, -1.2079036, -13.516146), (-1.8942755, -1.2167227, -13.614829), (-1.2695127, -1.2231416, -13.686655), (-0.6367805, -1.2270421, -13.7303), (0, -1.2283505, -13.744941), (0.6367805, -1.2270421, -13.7303), (1.2695127, -1.2231416, -13.686655), (1.8942755, -1.2167227, -13.614829), (2.507394, -1.2079036, -13.516146), (3.105539, -1.1968417, -13.392365), (3.6858068, -1.1837255, -13.245599), (4.2457676, -1.1687669, -13.078215), (4.783493, -1.152192, -12.892746), (5.297553, -1.1342336, -12.691796), (5.7869964, -1.1151234, -12.477958), (6.251311, -1.0950856, -12.25374), (6.690374, -1.0743328, -12.021521), (-6.7056317, -0.5383915, -12.048937), (-6.2661257, -0.54884046, -12.282781), (-5.8012195, -0.558932, -12.508625), (-5.311025, -0.568559, -12.724072), (-4.796047, -0.5776079, -12.926583), (-4.257235, -0.58596176, -13.113537), (-3.6960192, -0.59350264, -13.282298), (-3.1143363, -0.600116, -13.430303), (-2.5146294, -0.6056946, -13.555148), (-1.8998221, -0.61014265, -13.654694), (-1.2732693, -0.61338055, -13.727156), (-0.6386769, -0.61534816, -13.771191), (0, -0.6160083, -13.785963), (0.6386769, -0.61534816, -13.771191), (1.2732693, -0.61338055, -13.727156), (1.8998221, -0.61014265, -13.654694), (2.5146294, -0.6056946, -13.555148), (3.1143363, -0.600116, -13.430303), (3.6960192, -0.59350264, -13.282298), (4.257235, -0.58596176, -13.113537), (4.796047, -0.5776079, -12.926583), (5.311025, -0.568559, -12.724072), (5.8012195, -0.558932, -12.508625), (6.2661257, -0.54884046, -12.282781), (6.7056317, -0.5383915, -12.048937), (-6.710741, 0, -12.058118), (-6.271087, 0, -12.292506), (-5.805984, 0, -12.518898), (-5.3155384, 0, -12.734885), (-4.800254, 0, -12.937922), (-4.261078, 0, -13.125375), (-3.6994421, 0, -13.2946), (-3.1172855, 0, -13.44302), (-2.517055, 0, -13.568224), (-1.9016818, 0, -13.66806), (-1.274529, 0, -13.740736), (-0.6393128, 0, -13.784903), (0, 0, -13.79972), (0.6393128, 0, -13.784903), (1.274529, 0, -13.740736), (1.9016818, 0, -13.66806), (2.517055, 0, -13.568224), (3.1172855, 0, -13.44302), (3.6994421, 0, -13.2946), (4.261078, 0, -13.125375), (4.800254, 0, -12.937922), (5.3155384, 0, -12.734885), (5.805984, 0, -12.518898), (6.271087, 0, -12.292506), (6.710741, 0, -12.058118), (-6.7056317, 0.5383915, -12.048937), (-6.2661257, 0.54884046, -12.282781), (-5.8012195, 0.558932, -12.508625), (-5.311025, 0.568559, -12.724072), (-4.796047, 0.5776079, -12.926583), (-4.257235, 0.58596176, -13.113537), (-3.6960192, 0.59350264, -13.282298), (-3.1143363, 0.600116, -13.430303), (-2.5146294, 0.6056946, -13.555148), (-1.8998221, 0.61014265, -13.654694), (-1.2732693, 0.61338055, -13.727156), (-0.6386769, 0.61534816, -13.771191), (0, 0.6160083, -13.785963), (0.6386769, 0.61534816, -13.771191), (1.2732693, 0.61338055, -13.727156), (1.8998221, 0.61014265, -13.654694), (2.5146294, 0.6056946, -13.555148), (3.1143363, 0.600116, -13.430303), (3.6960192, 0.59350264, -13.282298), (4.257235, 0.58596176, -13.113537), (4.796047, 0.5776079, -12.926583), (5.311025, 0.568559, -12.724072), (5.8012195, 0.558932, -12.508625), (6.2661257, 0.54884046, -12.282781), (6.7056317, 0.5383915, -12.048937), (-6.690374, 1.0743328, -12.021521), (-6.251311, 1.0950856, -12.25374), (-5.7869964, 1.1151234, -12.477958), (-5.297553, 1.1342336, -12.691796), (-4.783493, 1.152192, -12.892746), (-4.2457676, 1.1687669, -13.078215), (-3.6858068, 1.1837255, -13.245599), (-3.105539, 1.1968417, -13.392365), (-2.507394, 1.2079036, -13.516146), (-1.8942755, 1.2167227, -13.614829), (-1.2695127, 1.2231416, -13.686655), (-0.6367805, 1.2270421, -13.7303), (0, 1.2283505, -13.744941), (0.6367805, 1.2270421, -13.7303), (1.2695127, 1.2231416, -13.686655), (1.8942755, 1.2167227, -13.614829), (2.507394, 1.2079036, -13.516146), (3.105539, 1.1968417, -13.392365), (3.6858068, 1.1837255, -13.245599), (4.2457676, 1.1687669, -13.078215), (4.783493, 1.152192, -12.892746), (5.297553, 1.1342336, -12.691796), (5.7869964, 1.1151234, -12.477958), (6.251311, 1.0950856, -12.25374), (6.690374, 1.0743328, -12.021521), (-6.665173, 1.6054292, -11.976239), (-6.226851, 1.6362014, -12.205794), (-5.7635226, 1.6659001, -12.427342), (-5.2753263, 1.6942121, -12.638545), (-4.7627864, 1.7208066, -12.836937), (-4.2268596, 1.7453429, -13.019973), (-3.6689725, 1.7674786, -13.1851015), (-3.0910413, 1.7868816, -13.329845), (-2.4954727, 1.8032411, -13.451884), (-1.8851383, 1.8162805, -13.549156), (-1.2633247, 1.8257695, -13.619943), (-0.633657, 1.8315347, -13.6629505), (0, 1.8334687, -13.677377), (0.633657, 1.8315347, -13.6629505), (1.2633247, 1.8257695, -13.619943), (1.8851383, 1.8162805, -13.549156), (2.4954727, 1.8032411, -13.451884), (3.0910413, 1.7868816, -13.329845), (3.6689725, 1.7674786, -13.1851015), (4.2268596, 1.7453429, -13.019973), (4.7627864, 1.7208066, -12.836937), (5.2753263, 1.6942121, -12.638545), (5.7635226, 1.6659001, -12.427342), (6.226851, 1.6362014, -12.205794), (6.665173, 1.6054292, -11.976239), (-6.6303663, 2.1293938, -11.913697), (-6.1930847, 2.1697717, -12.139606), (-5.7311335, 2.2087176, -12.357505), (-5.2446733, 2.2458236, -12.565107), (-4.734244, 2.280659, -12.760007), (-4.200808, 2.3127809, -12.939726), (-3.6457877, 2.341746, -13.101783), (-3.0710814, 2.367124, -13.24377), (-2.4790652, 2.388513, -13.363439), (-1.8725655, 2.405556, -13.458791), (-1.2548116, 2.4179552, -13.528163), (-0.62936026, 2.4254873, -13.570305), (0, 2.4280138, -13.584439), (0.62936026, 2.4254873, -13.570305), (1.2548116, 2.4179552, -13.528163), (1.8725655, 2.405556, -13.458791), (2.4790652, 2.388513, -13.363439), (3.0710814, 2.367124, -13.24377), (3.6457877, 2.341746, -13.101783), (4.200808, 2.3127809, -12.939726), (4.734244, 2.280659, -12.760007), (5.2446733, 2.2458236, -12.565107), (5.7311335, 2.2087176, -12.357505), (6.1930847, 2.1697717, -12.139606), (6.6303663, 2.1293938, -11.913697), (-6.5864053, 2.6440942, -11.834706), (-6.1504674, 2.6935506, -12.056068), (-5.690282, 2.7412174, -12.269421), (-5.2060366, 2.7865984, -12.472542), (-4.6982894, 2.8291728, -12.6631), (-4.16801, 2.8684049, -12.838699), (-3.6166143, 2.9037595, -12.996943), (-3.045978, 2.9347186, -13.135513), (-2.4584374, 2.9607987, -13.252246), (-1.8567641, 2.9815712, -13.345221), (-1.244115, 2.9966793, -13.412843), (-0.6239623, 3.005855, -13.453913), (0, 3.0089324, -13.467687), (0.6239623, 3.005855, -13.453913), (1.244115, 2.9966793, -13.412843), (1.8567641, 2.9815712, -13.345221), (2.4584374, 2.9607987, -13.252246), (3.045978, 2.9347186, -13.135513), (3.6166143, 2.9037595, -12.996943), (4.16801, 2.8684049, -12.838699), (4.6982894, 2.8291728, -12.6631), (5.2060366, 2.7865984, -12.472542), (5.690282, 2.7412174, -12.269421), (6.1504674, 2.6935506, -12.056068), (6.5864053, 2.6440942, -11.834706), (-6.533845, 3.1475925, -11.740264), (-6.099555, 3.205505, -11.956271), (-5.6415186, 3.2612715, -12.164277), (-5.1599536, 3.3143184, -12.362137), (-4.6554375, 3.3640425, -12.547605), (-4.128948, 3.4098272, -12.718377), (-3.5818913, 3.451057, -12.872161), (-3.016116, 3.4871368, -13.006736), (-2.4339118, 3.5175138, -13.120039), (-1.8379838, 3.541697, -13.21024), (-1.2314055, 3.5592792, -13.275821), (-0.61754954, 3.569955, -13.315641), (0, 3.5735352, -13.328995), (0.61754954, 3.569955, -13.315641), (1.2314055, 3.5592792, -13.275821), (1.8379838, 3.541697, -13.21024), (2.4339118, 3.5175138, -13.120039), (3.016116, 3.4871368, -13.006736), (3.5818913, 3.451057, -12.872161), (4.128948, 3.4098272, -12.718377), (4.6554375, 3.3640425, -12.547605), (5.1599536, 3.3143184, -12.362137), (5.6415186, 3.2612715, -12.164277), (6.099555, 3.205505, -11.956271), (6.533845, 3.1475925, -11.740264), (-6.4733205, 3.6381752, -11.631512), (-6.0409856, 3.7038455, -11.841464), (-5.585474, 3.7670188, -12.043434), (-5.107038, 3.8270514, -12.235362), (-4.6062756, 3.8832707, -12.415099), (-4.0841703, 3.9349895, -12.580448), (-3.5421169, 3.9815242, -12.729223), (-2.981932, 4.022217, -12.85932), (-2.4058518, 4.0564547, -12.968781), (-1.816507, 4.083698, -13.055879), (-1.2168759, 4.103496, -13.119176), (-0.61021996, 4.1155143, -13.157599), (0, 4.119544, -13.170483), (0.61021996, 4.1155143, -13.157599), (1.2168759, 4.103496, -13.119176), (1.816507, 4.083698, -13.055879), (2.4058518, 4.0564547, -12.968781), (2.981932, 4.022217, -12.85932), (3.5421169, 3.9815242, -12.729223), (4.0841703, 3.9349895, -12.580448), (4.6062756, 3.8832707, -12.415099), (5.107038, 3.8270514, -12.235362), (5.585474, 3.7670188, -12.043434), (6.0409856, 3.7038455, -11.841464), (6.4733205, 3.6381752, -11.631512)],
                                    84: [(0, 0, 0), (-6.4733205, -3.6381752, -11.631512), (-6.0409856, -3.7038455, -11.841464), (-5.585474, -3.7670188, -12.043434), (-5.107038, -3.8270514, -12.235362), (-4.6062756, -3.8832707, -12.415099), (-4.0841703, -3.9349895, -12.580448), (-3.5421169, -3.9815242, -12.729223), (-2.981932, -4.022217, -12.85932), (-2.4058518, -4.0564547, -12.968781), (-1.816507, -4.083698, -13.055879), (-1.2168759, -4.103496, -13.119176), (-0.61021996, -4.1155143, -13.157599), (0, -4.119544, -13.170483), (0.61021996, -4.1155143, -13.157599), (1.2168759, -4.103496, -13.119176), (1.816507, -4.083698, -13.055879), (2.4058518, -4.0564547, -12.968781), (2.981932, -4.022217, -12.85932), (3.5421169, -3.9815242, -12.729223), (4.0841703, -3.9349895, -12.580448), (4.6062756, -3.8832707, -12.415099), (5.107038, -3.8270514, -12.235362), (5.585474, -3.7670188, -12.043434), (6.0409856, -3.7038455, -11.841464), (6.4733205, -3.6381752, -11.631512), (-6.533845, -3.1475925, -11.740264), (-6.099555, -3.205505, -11.956271), (-5.6415186, -3.2612715, -12.164277), (-5.1599536, -3.3143184, -12.362137), (-4.6554375, -3.3640425, -12.547605), (-4.128948, -3.4098272, -12.718377), (-3.5818913, -3.451057, -12.872161), (-3.016116, -3.4871368, -13.006736), (-2.4339118, -3.5175138, -13.120039), (-1.8379838, -3.541697, -13.21024), (-1.2314055, -3.5592792, -13.275821), (-0.61754954, -3.569955, -13.315641), (0, -3.5735352, -13.328995), (0.61754954, -3.569955, -13.315641), (1.2314055, -3.5592792, -13.275821), (1.8379838, -3.541697, -13.21024), (2.4339118, -3.5175138, -13.120039), (3.016116, -3.4871368, -13.006736), (3.5818913, -3.451057, -12.872161), (4.128948, -3.4098272, -12.718377), (4.6554375, -3.3640425, -12.547605), (5.1599536, -3.3143184, -12.362137), (5.6415186, -3.2612715, -12.164277), (6.099555, -3.205505, -11.956271), (6.533845, -3.1475925, -11.740264), (-6.5864053, -2.6440942, -11.834706), (-6.1504674, -2.6935506, -12.056068), (-5.690282, -2.7412174, -12.269421), (-5.2060366, -2.7865984, -12.472542), (-4.6982894, -2.8291728, -12.6631), (-4.16801, -2.8684049, -12.838699), (-3.6166143, -2.9037595, -12.996943), (-3.045978, -2.9347186, -13.135513), (-2.4584374, -2.9607987, -13.252246), (-1.8567641, -2.9815712, -13.345221), (-1.244115, -2.9966793, -13.412843), (-0.6239623, -3.005855, -13.453913), (0, -3.0089324, -13.467687), (0.6239623, -3.005855, -13.453913), (1.244115, -2.9966793, -13.412843), (1.8567641, -2.9815712, -13.345221), (2.4584374, -2.9607987, -13.252246), (3.045978, -2.9347186, -13.135513), (3.6166143, -2.9037595, -12.996943), (4.16801, -2.8684049, -12.838699), (4.6982894, -2.8291728, -12.6631), (5.2060366, -2.7865984, -12.472542), (5.690282, -2.7412174, -12.269421), (6.1504674, -2.6935506, -12.056068), (6.5864053, -2.6440942, -11.834706), (-6.6303663, -2.1293938, -11.913697), (-6.1930847, -2.1697717, -12.139606), (-5.7311335, -2.2087176, -12.357505), (-5.2446733, -2.2458236, -12.565107), (-4.734244, -2.280659, -12.760007), (-4.200808, -2.3127809, -12.939726), (-3.6457877, -2.341746, -13.101783), (-3.0710814, -2.367124, -13.24377), (-2.4790652, -2.388513, -13.363439), (-1.8725655, -2.405556, -13.458791), (-1.2548116, -2.4179552, -13.528163), (-0.62936026, -2.4254873, -13.570305), (0, -2.4280138, -13.584439), (0.62936026, -2.4254873, -13.570305), (1.2548116, -2.4179552, -13.528163), (1.8725655, -2.405556, -13.458791), (2.4790652, -2.388513, -13.363439), (3.0710814, -2.367124, -13.24377), (3.6457877, -2.341746, -13.101783), (4.200808, -2.3127809, -12.939726), (4.734244, -2.280659, -12.760007), (5.2446733, -2.2458236, -12.565107), (5.7311335, -2.2087176, -12.357505), (6.1930847, -2.1697717, -12.139606), (6.6303663, -2.1293938, -11.913697), (-6.665173, -1.6054292, -11.976239), (-6.226851, -1.6362014, -12.205794), (-5.7635226, -1.6659001, -12.427342), (-5.2753263, -1.6942121, -12.638545), (-4.7627864, -1.7208066, -12.836937), (-4.2268596, -1.7453429, -13.019973), (-3.6689725, -1.7674786, -13.1851015), (-3.0910413, -1.7868816, -13.329845), (-2.4954727, -1.8032411, -13.451884), (-1.8851383, -1.8162805, -13.549156), (-1.2633247, -1.8257695, -13.619943), (-0.633657, -1.8315347, -13.6629505), (0, -1.8334687, -13.677377), (0.633657, -1.8315347, -13.6629505), (1.2633247, -1.8257695, -13.619943), (1.8851383, -1.8162805, -13.549156), (2.4954727, -1.8032411, -13.451884), (3.0910413, -1.7868816, -13.329845), (3.6689725, -1.7674786, -13.1851015), (4.2268596, -1.7453429, -13.019973), (4.7627864, -1.7208066, -12.836937), (5.2753263, -1.6942121, -12.638545), (5.7635226, -1.6659001, -12.427342), (6.226851, -1.6362014, -12.205794), (6.665173, -1.6054292, -11.976239), (-6.690374, -1.0743328, -12.021521), (-6.251311, -1.0950856, -12.25374), (-5.7869964, -1.1151234, -12.477958), (-5.297553, -1.1342336, -12.691796), (-4.783493, -1.152192, -12.892746), (-4.2457676, -1.1687669, -13.078215), (-3.6858068, -1.1837255, -13.245599), (-3.105539, -1.1968417, -13.392365), (-2.507394, -1.2079036, -13.516146), (-1.8942755, -1.2167227, -13.614829), (-1.2695127, -1.2231416, -13.686655), (-0.6367805, -1.2270421, -13.7303), (0, -1.2283505, -13.744941), (0.6367805, -1.2270421, -13.7303), (1.2695127, -1.2231416, -13.686655), (1.8942755, -1.2167227, -13.614829), (2.507394, -1.2079036, -13.516146), (3.105539, -1.1968417, -13.392365), (3.6858068, -1.1837255, -13.245599), (4.2457676, -1.1687669, -13.078215), (4.783493, -1.152192, -12.892746), (5.297553, -1.1342336, -12.691796), (5.7869964, -1.1151234, -12.477958), (6.251311, -1.0950856, -12.25374), (6.690374, -1.0743328, -12.021521), (-6.7056317, -0.5383915, -12.048937), (-6.2661257, -0.54884046, -12.282781), (-5.8012195, -0.558932, -12.508625), (-5.311025, -0.568559, -12.724072), (-4.796047, -0.5776079, -12.926583), (-4.257235, -0.58596176, -13.113537), (-3.6960192, -0.59350264, -13.282298), (-3.1143363, -0.600116, -13.430303), (-2.5146294, -0.6056946, -13.555148), (-1.8998221, -0.61014265, -13.654694), (-1.2732693, -0.61338055, -13.727156), (-0.6386769, -0.61534816, -13.771191), (0, -0.6160083, -13.785963), (0.6386769, -0.61534816, -13.771191), (1.2732693, -0.61338055, -13.727156), (1.8998221, -0.61014265, -13.654694), (2.5146294, -0.6056946, -13.555148), (3.1143363, -0.600116, -13.430303), (3.6960192, -0.59350264, -13.282298), (4.257235, -0.58596176, -13.113537), (4.796047, -0.5776079, -12.926583), (5.311025, -0.568559, -12.724072), (5.8012195, -0.558932, -12.508625), (6.2661257, -0.54884046, -12.282781), (6.7056317, -0.5383915, -12.048937), (-6.710741, 0, -12.058118), (-6.271087, 0, -12.292506), (-5.805984, 0, -12.518898), (-5.3155384, 0, -12.734885), (-4.800254, 0, -12.937922), (-4.261078, 0, -13.125375), (-3.6994421, 0, -13.2946), (-3.1172855, 0, -13.44302), (-2.517055, 0, -13.568224), (-1.9016818, 0, -13.66806), (-1.274529, 0, -13.740736), (-0.6393128, 0, -13.784903), (0, 0, -13.79972), (0.6393128, 0, -13.784903), (1.274529, 0, -13.740736), (1.9016818, 0, -13.66806), (2.517055, 0, -13.568224), (3.1172855, 0, -13.44302), (3.6994421, 0, -13.2946), (4.261078, 0, -13.125375), (4.800254, 0, -12.937922), (5.3155384, 0, -12.734885), (5.805984, 0, -12.518898), (6.271087, 0, -12.292506), (6.710741, 0, -12.058118), (-6.7056317, 0.5383915, -12.048937), (-6.2661257, 0.54884046, -12.282781), (-5.8012195, 0.558932, -12.508625), (-5.311025, 0.568559, -12.724072), (-4.796047, 0.5776079, -12.926583), (-4.257235, 0.58596176, -13.113537), (-3.6960192, 0.59350264, -13.282298), (-3.1143363, 0.600116, -13.430303), (-2.5146294, 0.6056946, -13.555148), (-1.8998221, 0.61014265, -13.654694), (-1.2732693, 0.61338055, -13.727156), (-0.6386769, 0.61534816, -13.771191), (0, 0.6160083, -13.785963), (0.6386769, 0.61534816, -13.771191), (1.2732693, 0.61338055, -13.727156), (1.8998221, 0.61014265, -13.654694), (2.5146294, 0.6056946, -13.555148), (3.1143363, 0.600116, -13.430303), (3.6960192, 0.59350264, -13.282298), (4.257235, 0.58596176, -13.113537), (4.796047, 0.5776079, -12.926583), (5.311025, 0.568559, -12.724072), (5.8012195, 0.558932, -12.508625), (6.2661257, 0.54884046, -12.282781), (6.7056317, 0.5383915, -12.048937), (-6.690374, 1.0743328, -12.021521), (-6.251311, 1.0950856, -12.25374), (-5.7869964, 1.1151234, -12.477958), (-5.297553, 1.1342336, -12.691796), (-4.783493, 1.152192, -12.892746), (-4.2457676, 1.1687669, -13.078215), (-3.6858068, 1.1837255, -13.245599), (-3.105539, 1.1968417, -13.392365), (-2.507394, 1.2079036, -13.516146), (-1.8942755, 1.2167227, -13.614829), (-1.2695127, 1.2231416, -13.686655), (-0.6367805, 1.2270421, -13.7303), (0, 1.2283505, -13.744941), (0.6367805, 1.2270421, -13.7303), (1.2695127, 1.2231416, -13.686655), (1.8942755, 1.2167227, -13.614829), (2.507394, 1.2079036, -13.516146), (3.105539, 1.1968417, -13.392365), (3.6858068, 1.1837255, -13.245599), (4.2457676, 1.1687669, -13.078215), (4.783493, 1.152192, -12.892746), (5.297553, 1.1342336, -12.691796), (5.7869964, 1.1151234, -12.477958), (6.251311, 1.0950856, -12.25374), (6.690374, 1.0743328, -12.021521), (-6.665173, 1.6054292, -11.976239), (-6.226851, 1.6362014, -12.205794), (-5.7635226, 1.6659001, -12.427342), (-5.2753263, 1.6942121, -12.638545), (-4.7627864, 1.7208066, -12.836937), (-4.2268596, 1.7453429, -13.019973), (-3.6689725, 1.7674786, -13.1851015), (-3.0910413, 1.7868816, -13.329845), (-2.4954727, 1.8032411, -13.451884), (-1.8851383, 1.8162805, -13.549156), (-1.2633247, 1.8257695, -13.619943), (-0.633657, 1.8315347, -13.6629505), (0, 1.8334687, -13.677377), (0.633657, 1.8315347, -13.6629505), (1.2633247, 1.8257695, -13.619943), (1.8851383, 1.8162805, -13.549156), (2.4954727, 1.8032411, -13.451884), (3.0910413, 1.7868816, -13.329845), (3.6689725, 1.7674786, -13.1851015), (4.2268596, 1.7453429, -13.019973), (4.7627864, 1.7208066, -12.836937), (5.2753263, 1.6942121, -12.638545), (5.7635226, 1.6659001, -12.427342), (6.226851, 1.6362014, -12.205794), (6.665173, 1.6054292, -11.976239), (-6.6303663, 2.1293938, -11.913697), (-6.1930847, 2.1697717, -12.139606), (-5.7311335, 2.2087176, -12.357505), (-5.2446733, 2.2458236, -12.565107), (-4.734244, 2.280659, -12.760007), (-4.200808, 2.3127809, -12.939726), (-3.6457877, 2.341746, -13.101783), (-3.0710814, 2.367124, -13.24377), (-2.4790652, 2.388513, -13.363439), (-1.8725655, 2.405556, -13.458791), (-1.2548116, 2.4179552, -13.528163), (-0.62936026, 2.4254873, -13.570305), (0, 2.4280138, -13.584439), (0.62936026, 2.4254873, -13.570305), (1.2548116, 2.4179552, -13.528163), (1.8725655, 2.405556, -13.458791), (2.4790652, 2.388513, -13.363439), (3.0710814, 2.367124, -13.24377), (3.6457877, 2.341746, -13.101783), (4.200808, 2.3127809, -12.939726), (4.734244, 2.280659, -12.760007), (5.2446733, 2.2458236, -12.565107), (5.7311335, 2.2087176, -12.357505), (6.1930847, 2.1697717, -12.139606), (6.6303663, 2.1293938, -11.913697), (-6.5864053, 2.6440942, -11.834706), (-6.1504674, 2.6935506, -12.056068), (-5.690282, 2.7412174, -12.269421), (-5.2060366, 2.7865984, -12.472542), (-4.6982894, 2.8291728, -12.6631), (-4.16801, 2.8684049, -12.838699), (-3.6166143, 2.9037595, -12.996943), (-3.045978, 2.9347186, -13.135513), (-2.4584374, 2.9607987, -13.252246), (-1.8567641, 2.9815712, -13.345221), (-1.244115, 2.9966793, -13.412843), (-0.6239623, 3.005855, -13.453913), (0, 3.0089324, -13.467687), (0.6239623, 3.005855, -13.453913), (1.244115, 2.9966793, -13.412843), (1.8567641, 2.9815712, -13.345221), (2.4584374, 2.9607987, -13.252246), (3.045978, 2.9347186, -13.135513), (3.6166143, 2.9037595, -12.996943), (4.16801, 2.8684049, -12.838699), (4.6982894, 2.8291728, -12.6631), (5.2060366, 2.7865984, -12.472542), (5.690282, 2.7412174, -12.269421), (6.1504674, 2.6935506, -12.056068), (6.5864053, 2.6440942, -11.834706), (-6.533845, 3.1475925, -11.740264), (-6.099555, 3.205505, -11.956271), (-5.6415186, 3.2612715, -12.164277), (-5.1599536, 3.3143184, -12.362137), (-4.6554375, 3.3640425, -12.547605), (-4.128948, 3.4098272, -12.718377), (-3.5818913, 3.451057, -12.872161), (-3.016116, 3.4871368, -13.006736), (-2.4339118, 3.5175138, -13.120039), (-1.8379838, 3.541697, -13.21024), (-1.2314055, 3.5592792, -13.275821), (-0.61754954, 3.569955, -13.315641), (0, 3.5735352, -13.328995), (0.61754954, 3.569955, -13.315641), (1.2314055, 3.5592792, -13.275821), (1.8379838, 3.541697, -13.21024), (2.4339118, 3.5175138, -13.120039), (3.016116, 3.4871368, -13.006736), (3.5818913, 3.451057, -12.872161), (4.128948, 3.4098272, -12.718377), (4.6554375, 3.3640425, -12.547605), (5.1599536, 3.3143184, -12.362137), (5.6415186, 3.2612715, -12.164277), (6.099555, 3.205505, -11.956271), (6.533845, 3.1475925, -11.740264), (-6.4733205, 3.6381752, -11.631512), (-6.0409856, 3.7038455, -11.841464), (-5.585474, 3.7670188, -12.043434), (-5.107038, 3.8270514, -12.235362), (-4.6062756, 3.8832707, -12.415099), (-4.0841703, 3.9349895, -12.580448), (-3.5421169, 3.9815242, -12.729223), (-2.981932, 4.022217, -12.85932), (-2.4058518, 4.0564547, -12.968781), (-1.816507, 4.083698, -13.055879), (-1.2168759, 4.103496, -13.119176), (-0.61021996, 4.1155143, -13.157599), (0, 4.119544, -13.170483), (0.61021996, 4.1155143, -13.157599), (1.2168759, 4.103496, -13.119176), (1.816507, 4.083698, -13.055879), (2.4058518, 4.0564547, -12.968781), (2.981932, 4.022217, -12.85932), (3.5421169, 3.9815242, -12.729223), (4.0841703, 3.9349895, -12.580448), (4.6062756, 3.8832707, -12.415099), (5.107038, 3.8270514, -12.235362), (5.585474, 3.7670188, -12.043434), (6.0409856, 3.7038455, -11.841464), (6.4733205, 3.6381752, -11.631512)],
                                    96: [(0, 0, 0), (-6.086011, -3.4187996, -18.74226), (-5.620562, -3.4443657, -18.882416), (-5.1449842, -3.4682167, -19.01317), (-4.6598744, -3.4902287, -19.13384), (-4.1659102, -3.510283, -19.24378), (-3.6638477, -3.5282679, -19.342377), (-3.1545155, -3.5440805, -19.429064), (-2.6388113, -3.557628, -19.503332), (-2.1176953, -3.5688283, -19.564734), (-1.5921812, -3.5776134, -19.612894), (-1.0633277, -3.5839283, -19.647514), (-0.5322283, -3.5877333, -19.668373), (0, -3.5890043, -19.67534), (0.5322283, -3.5877333, -19.668373), (1.0633277, -3.5839283, -19.647514), (1.5921812, -3.5776134, -19.612894), (2.1176953, -3.5688283, -19.564734), (2.6388113, -3.557628, -19.503332), (3.1545155, -3.5440805, -19.429064), (3.6638477, -3.5282679, -19.342377), (4.1659102, -3.510283, -19.24378), (4.6598744, -3.4902287, -19.13384), (5.1449842, -3.4682167, -19.01317), (5.620562, -3.4443657, -18.882416), (6.086011, -3.4187996, -18.74226), (-6.1097393, -2.941825, -18.815332), (-5.642807, -2.963998, -18.957148), (-5.1656313, -2.984687, -19.08947), (-4.6788144, -3.003784, -19.21161), (-4.183039, -3.021185, -19.322905), (-3.6790679, -3.0367928, -19.422728), (-3.1677382, -3.0505168, -19.510504), (-2.6499577, -3.062276, -19.585714), (-2.1266973, -3.071999, -19.6479), (-1.5989828, -3.0796256, -19.696678), (-1.0678862, -3.0851083, -19.731745), (-0.5345149, -3.0884118, -19.752872), (0, -3.0895154, -19.759932), (0.5345149, -3.0884118, -19.752872), (1.0678862, -3.0851083, -19.731745), (1.5989828, -3.0796256, -19.696678), (2.1266973, -3.071999, -19.6479), (2.6499577, -3.062276, -19.585714), (3.1677382, -3.0505168, -19.510504), (3.6790679, -3.0367928, -19.422728), (4.183039, -3.021185, -19.322905), (4.6788144, -3.003784, -19.21161), (5.1656313, -2.984687, -19.08947), (5.642807, -2.963998, -18.957148), (6.1097393, -2.941825, -18.815332), (-6.1300354, -2.4596646, -18.877836), (-5.661837, -2.4783285, -19.02108), (-5.1832976, -2.4957454, -19.154757), (-4.695022, -2.5118244, -19.278162), (-4.1976986, -2.5264773, -19.390623), (-3.6920955, -2.5396218, -19.491505), (-3.1790574, -2.551181, -19.580221), (-2.6595004, -2.5610862, -19.656242), (-2.1344044, -2.5692768, -19.719107), (-1.6048065, -2.575702, -19.768417), (-1.0717896, -2.5803208, -19.80387), (-0.53647286, -2.5831041, -19.825232), (0, -2.584034, -19.832367), (0.53647286, -2.5831041, -19.825232), (1.0717896, -2.5803208, -19.80387), (1.6048065, -2.575702, -19.768417), (2.1344044, -2.5692768, -19.719107), (2.6595004, -2.5610862, -19.656242), (3.1790574, -2.551181, -19.580221), (3.6920955, -2.5396218, -19.491505), (4.1976986, -2.5264773, -19.390623), (4.695022, -2.5118244, -19.278162), (5.1832976, -2.4957454, -19.154757), (5.661837, -2.4783285, -19.02108), (6.1300354, -2.4596646, -18.877836), (-6.146793, -1.9731108, -18.929441), (-5.6775517, -1.9881655, -19.073872), (-5.1978874, -2.0022163, -19.208672), (-4.7084093, -2.0151892, -19.33313), (-4.2098083, -2.0270128, -19.446562), (-3.7028582, -2.0376198, -19.548323), (-3.1884096, -2.046949, -19.637821), (-2.667385, -2.0549433, -19.71452), (-2.1407733, -2.0615544, -19.777945), (-1.6096191, -2.0667408, -19.8277), (-1.0750154, -2.0704694, -19.863472), (-0.538091, -2.0727162, -19.885027), (0, -2.0734668, -19.892227), (0.538091, -2.0727162, -19.885027), (1.0750154, -2.0704694, -19.863472), (1.6096191, -2.0667408, -19.8277), (2.1407733, -2.0615544, -19.777945), (2.667385, -2.0549433, -19.71452), (3.1884096, -2.046949, -19.637821), (3.7028582, -2.0376198, -19.548323), (4.2098083, -2.0270128, -19.446562), (4.7084093, -2.0151892, -19.33313), (5.1978874, -2.0022163, -19.208672), (5.6775517, -1.9881655, -19.073872), (6.146793, -1.9731108, -18.929441), (-6.1599216, -1.4829938, -18.969873), (-5.6898646, -1.494358, -19.115238), (-5.2093205, -1.5049653, -19.250923), (-4.7189007, -1.5147597, -19.37621), (-4.2193, -1.5236871, -19.490404), (-3.7112944, -1.5316967, -19.592861), (-3.1957407, -1.5387415, -19.682976), (-2.6735663, -1.5447791, -19.760204), (-2.1457663, -1.549772, -19.824074), (-1.6133924, -1.5536891, -19.87418), (-1.0775445, -1.5565053, -19.910204), (-0.5393597, -1.5582024, -19.931911), (0, -1.5587693, -19.939163), (0.5393597, -1.5582024, -19.931911), (1.0775445, -1.5565053, -19.910204), (1.6133924, -1.5536891, -19.87418), (2.1457663, -1.549772, -19.824074), (2.6735663, -1.5447791, -19.760204), (3.1957407, -1.5387415, -19.682976), (3.7112944, -1.5316967, -19.592861), (4.2193, -1.5236871, -19.490404), (4.7189007, -1.5147597, -19.37621), (5.2093205, -1.5049653, -19.250923), (5.6898646, -1.494358, -19.115238), (6.1599216, -1.4829938, -18.969873), (-6.169351, -0.990176, -18.998913), (-5.698709, -0.9977872, -19.14495), (-5.2175336, -1.004892, -19.281275), (-4.726438, -1.0114527, -19.407158), (-4.2261186, -1.017433, -19.521904), (-3.717356, -1.0227989, -19.62486), (-3.2010083, -1.0275186, -19.71542), (-2.678008, -1.0315636, -19.793034), (-2.1493542, -1.034909, -19.857222), (-1.6161038, -1.0375335, -19.90758), (-1.079362, -1.0394205, -19.943785), (-0.5402714, -1.0405576, -19.965605), (0, -1.0409374, -19.972893), (0.5402714, -1.0405576, -19.965605), (1.079362, -1.0394205, -19.943785), (1.6161038, -1.0375335, -19.90758), (2.1493542, -1.034909, -19.857222), (2.678008, -1.0315636, -19.793034), (3.2010083, -1.0275186, -19.71542), (3.717356, -1.0227989, -19.62486), (4.2261186, -1.017433, -19.521904), (4.726438, -1.0114527, -19.407158), (5.2175336, -1.004892, -19.281275), (5.698709, -0.9977872, -19.14495), (6.169351, -0.990176, -18.998913), (-6.1750298, -0.4955437, -19.0164), (-5.7040353, -0.49935988, -19.162846), (-5.2224803, -0.50292236, -19.299553), (-4.7309775, -0.5062121, -19.425797), (-4.230226, -0.50921094, -19.540878), (-3.721007, -0.51190174, -19.644136), (-3.2041814, -0.5142686, -19.734962), (-2.6806836, -0.5162971, -19.812809), (-2.1515157, -0.51797485, -19.87719), (-1.6177372, -0.5192911, -19.9277), (-1.0804569, -0.52023745, -19.964016), (-0.54082066, -0.52080774, -19.985903), (0, -0.52099824, -19.993214), (0.54082066, -0.52080774, -19.985903), (1.0804569, -0.52023745, -19.964016), (1.6177372, -0.5192911, -19.9277), (2.1515157, -0.51797485, -19.87719), (2.6806836, -0.5162971, -19.812809), (3.2041814, -0.5142686, -19.734962), (3.721007, -0.51190174, -19.644136), (4.230226, -0.50921094, -19.540878), (4.7309775, -0.5062121, -19.425797), (5.2224803, -0.50292236, -19.299553), (5.7040353, -0.49935988, -19.162846), (6.1750298, -0.4955437, -19.0164), (-6.176926, 0, -19.02224), (-5.705814, 0, -19.168821), (-5.224132, 0, -19.305658), (-4.732494, 0, -19.432022), (-4.231598, 0, -19.547215), (-3.7222264, 0, -19.650574), (-3.2052412, 0, -19.74149), (-2.6815774, 0, -19.819414), (-2.1522377, 0, -19.88386), (-1.6182828, 0, -19.934422), (-1.0808226, 0, -19.970774), (-0.5410041, 0, -19.992682), (0, 0, -20), (0.5410041, 0, -19.992682), (1.0808226, 0, -19.970774), (1.6182828, 0, -19.934422), (2.1522377, 0, -19.88386), (2.6815774, 0, -19.819414), (3.2052412, 0, -19.74149), (3.7222264, 0, -19.650574), (4.231598, 0, -19.547215), (4.732494, 0, -19.432022), (5.224132, 0, -19.305658), (5.705814, 0, -19.168821), (6.176926, 0, -19.02224), (-6.1750298, 0.4955437, -19.0164), (-5.7040353, 0.49935988, -19.162846), (-5.2224803, 0.50292236, -19.299553), (-4.7309775, 0.5062121, -19.425797), (-4.230226, 0.50921094, -19.540878), (-3.721007, 0.51190174, -19.644136), (-3.2041814, 0.5142686, -19.734962), (-2.6806836, 0.5162971, -19.812809), (-2.1515157, 0.51797485, -19.87719), (-1.6177372, 0.5192911, -19.9277), (-1.0804569, 0.52023745, -19.964016), (-0.54082066, 0.52080774, -19.985903), (0, 0.52099824, -19.993214), (0.54082066, 0.52080774, -19.985903), (1.0804569, 0.52023745, -19.964016), (1.6177372, 0.5192911, -19.9277), (2.1515157, 0.51797485, -19.87719), (2.6806836, 0.5162971, -19.812809), (3.2041814, 0.5142686, -19.734962), (3.721007, 0.51190174, -19.644136), (4.230226, 0.50921094, -19.540878), (4.7309775, 0.5062121, -19.425797), (5.2224803, 0.50292236, -19.299553), (5.7040353, 0.49935988, -19.162846), (6.1750298, 0.4955437, -19.0164), (-6.169351, 0.990176, -18.998913), (-5.698709, 0.9977872, -19.14495), (-5.2175336, 1.004892, -19.281275), (-4.726438, 1.0114527, -19.407158), (-4.2261186, 1.017433, -19.521904), (-3.717356, 1.0227989, -19.62486), (-3.2010083, 1.0275186, -19.71542), (-2.678008, 1.0315636, -19.793034), (-2.1493542, 1.034909, -19.857222), (-1.6161038, 1.0375335, -19.90758), (-1.079362, 1.0394205, -19.943785), (-0.5402714, 1.0405576, -19.965605), (0, 1.0409374, -19.972893), (0.5402714, 1.0405576, -19.965605), (1.079362, 1.0394205, -19.943785), (1.6161038, 1.0375335, -19.90758), (2.1493542, 1.034909, -19.857222), (2.678008, 1.0315636, -19.793034), (3.2010083, 1.0275186, -19.71542), (3.717356, 1.0227989, -19.62486), (4.2261186, 1.017433, -19.521904), (4.726438, 1.0114527, -19.407158), (5.2175336, 1.004892, -19.281275), (5.698709, 0.9977872, -19.14495), (6.169351, 0.990176, -18.998913), (-6.1599216, 1.4829938, -18.969873), (-5.6898646, 1.494358, -19.115238), (-5.2093205, 1.5049653, -19.250923), (-4.7189007, 1.5147597, -19.37621), (-4.2193, 1.5236871, -19.490404), (-3.7112944, 1.5316967, -19.592861), (-3.1957407, 1.5387415, -19.682976), (-2.6735663, 1.5447791, -19.760204), (-2.1457663, 1.549772, -19.824074), (-1.6133924, 1.5536891, -19.87418), (-1.0775445, 1.5565053, -19.910204), (-0.5393597, 1.5582024, -19.931911), (0, 1.5587693, -19.939163), (0.5393597, 1.5582024, -19.931911), (1.0775445, 1.5565053, -19.910204), (1.6133924, 1.5536891, -19.87418), (2.1457663, 1.549772, -19.824074), (2.6735663, 1.5447791, -19.760204), (3.1957407, 1.5387415, -19.682976), (3.7112944, 1.5316967, -19.592861), (4.2193, 1.5236871, -19.490404), (4.7189007, 1.5147597, -19.37621), (5.2093205, 1.5049653, -19.250923), (5.6898646, 1.494358, -19.115238), (6.1599216, 1.4829938, -18.969873), (-6.146793, 1.9731108, -18.929441), (-5.6775517, 1.9881655, -19.073872), (-5.1978874, 2.0022163, -19.208672), (-4.7084093, 2.0151892, -19.33313), (-4.2098083, 2.0270128, -19.446562), (-3.7028582, 2.0376198, -19.548323), (-3.1884096, 2.046949, -19.637821), (-2.667385, 2.0549433, -19.71452), (-2.1407733, 2.0615544, -19.777945), (-1.6096191, 2.0667408, -19.8277), (-1.0750154, 2.0704694, -19.863472), (-0.538091, 2.0727162, -19.885027), (0, 2.0734668, -19.892227), (0.538091, 2.0727162, -19.885027), (1.0750154, 2.0704694, -19.863472), (1.6096191, 2.0667408, -19.8277), (2.1407733, 2.0615544, -19.777945), (2.667385, 2.0549433, -19.71452), (3.1884096, 2.046949, -19.637821), (3.7028582, 2.0376198, -19.548323), (4.2098083, 2.0270128, -19.446562), (4.7084093, 2.0151892, -19.33313), (5.1978874, 2.0022163, -19.208672), (5.6775517, 1.9881655, -19.073872), (6.146793, 1.9731108, -18.929441), (-6.1300354, 2.4596646, -18.877836), (-5.661837, 2.4783285, -19.02108), (-5.1832976, 2.4957454, -19.154757), (-4.695022, 2.5118244, -19.278162), (-4.1976986, 2.5264773, -19.390623), (-3.6920955, 2.5396218, -19.491505), (-3.1790574, 2.551181, -19.580221), (-2.6595004, 2.5610862, -19.656242), (-2.1344044, 2.5692768, -19.719107), (-1.6048065, 2.575702, -19.768417), (-1.0717896, 2.5803208, -19.80387), (-0.53647286, 2.5831041, -19.825232), (0, 2.584034, -19.832367), (0.53647286, 2.5831041, -19.825232), (1.0717896, 2.5803208, -19.80387), (1.6048065, 2.575702, -19.768417), (2.1344044, 2.5692768, -19.719107), (2.6595004, 2.5610862, -19.656242), (3.1790574, 2.551181, -19.580221), (3.6920955, 2.5396218, -19.491505), (4.1976986, 2.5264773, -19.390623), (4.695022, 2.5118244, -19.278162), (5.1832976, 2.4957454, -19.154757), (5.661837, 2.4783285, -19.02108), (6.1300354, 2.4596646, -18.877836), (-6.1097393, 2.941825, -18.815332), (-5.642807, 2.963998, -18.957148), (-5.1656313, 2.984687, -19.08947), (-4.6788144, 3.003784, -19.21161), (-4.183039, 3.021185, -19.322905), (-3.6790679, 3.0367928, -19.422728), (-3.1677382, 3.0505168, -19.510504), (-2.6499577, 3.062276, -19.585714), (-2.1266973, 3.071999, -19.6479), (-1.5989828, 3.0796256, -19.696678), (-1.0678862, 3.0851083, -19.731745), (-0.5345149, 3.0884118, -19.752872), (0, 3.0895154, -19.759932), (0.5345149, 3.0884118, -19.752872), (1.0678862, 3.0851083, -19.731745), (1.5989828, 3.0796256, -19.696678), (2.1266973, 3.071999, -19.6479), (2.6499577, 3.062276, -19.585714), (3.1677382, 3.0505168, -19.510504), (3.6790679, 3.0367928, -19.422728), (4.183039, 3.021185, -19.322905), (4.6788144, 3.003784, -19.21161), (5.1656313, 2.984687, -19.08947), (5.642807, 2.963998, -18.957148), (6.1097393, 2.941825, -18.815332), (-6.086011, 3.4187996, -18.74226), (-5.620562, 3.4443657, -18.882416), (-5.1449842, 3.4682167, -19.01317), (-4.6598744, 3.4902287, -19.13384), (-4.1659102, 3.510283, -19.24378), (-3.6638477, 3.5282679, -19.342377), (-3.1545155, 3.5440805, -19.429064), (-2.6388113, 3.557628, -19.503332), (-2.1176953, 3.5688283, -19.564734), (-1.5921812, 3.5776134, -19.612894), (-1.0633277, 3.5839283, -19.647514), (-0.5322283, 3.5877333, -19.668373), (0, 3.5890043, -19.67534), (0.5322283, 3.5877333, -19.668373), (1.0633277, 3.5839283, -19.647514), (1.5921812, 3.5776134, -19.612894), (2.1176953, 3.5688283, -19.564734), (2.6388113, 3.557628, -19.503332), (3.1545155, 3.5440805, -19.429064), (3.6638477, 3.5282679, -19.342377), (4.1659102, 3.510283, -19.24378), (4.6598744, 3.4902287, -19.13384), (5.1449842, 3.4682167, -19.01317), (5.620562, 3.4443657, -18.882416), (6.086011, 3.4187996, -18.74226)],
                                    228: [(0, 0, 0), (-6.086011, -3.4187996, -18.74226), (-5.620562, -3.4443657, -18.882416), (-5.1449842, -3.4682167, -19.01317), (-4.6598744, -3.4902287, -19.13384), (-4.1659102, -3.510283, -19.24378), (-3.6638477, -3.5282679, -19.342377), (-3.1545155, -3.5440805, -19.429064), (-2.6388113, -3.557628, -19.503332), (-2.1176953, -3.5688283, -19.564734), (-1.5921812, -3.5776134, -19.612894), (-1.0633277, -3.5839283, -19.647514), (-0.5322283, -3.5877333, -19.668373), (0, -3.5890043, -19.67534), (0.5322283, -3.5877333, -19.668373), (1.0633277, -3.5839283, -19.647514), (1.5921812, -3.5776134, -19.612894), (2.1176953, -3.5688283, -19.564734), (2.6388113, -3.557628, -19.503332), (3.1545155, -3.5440805, -19.429064), (3.6638477, -3.5282679, -19.342377), (4.1659102, -3.510283, -19.24378), (4.6598744, -3.4902287, -19.13384), (5.1449842, -3.4682167, -19.01317), (5.620562, -3.4443657, -18.882416), (6.086011, -3.4187996, -18.74226), (-6.1097393, -2.941825, -18.815332), (-5.642807, -2.963998, -18.957148), (-5.1656313, -2.984687, -19.08947), (-4.6788144, -3.003784, -19.21161), (-4.183039, -3.021185, -19.322905), (-3.6790679, -3.0367928, -19.422728), (-3.1677382, -3.0505168, -19.510504), (-2.6499577, -3.062276, -19.585714), (-2.1266973, -3.071999, -19.6479), (-1.5989828, -3.0796256, -19.696678), (-1.0678862, -3.0851083, -19.731745), (-0.5345149, -3.0884118, -19.752872), (0, -3.0895154, -19.759932), (0.5345149, -3.0884118, -19.752872), (1.0678862, -3.0851083, -19.731745), (1.5989828, -3.0796256, -19.696678), (2.1266973, -3.071999, -19.6479), (2.6499577, -3.062276, -19.585714), (3.1677382, -3.0505168, -19.510504), (3.6790679, -3.0367928, -19.422728), (4.183039, -3.021185, -19.322905), (4.6788144, -3.003784, -19.21161), (5.1656313, -2.984687, -19.08947), (5.642807, -2.963998, -18.957148), (6.1097393, -2.941825, -18.815332), (-6.1300354, -2.4596646, -18.877836), (-5.661837, -2.4783285, -19.02108), (-5.1832976, -2.4957454, -19.154757), (-4.695022, -2.5118244, -19.278162), (-4.1976986, -2.5264773, -19.390623), (-3.6920955, -2.5396218, -19.491505), (-3.1790574, -2.551181, -19.580221), (-2.6595004, -2.5610862, -19.656242), (-2.1344044, -2.5692768, -19.719107), (-1.6048065, -2.575702, -19.768417), (-1.0717896, -2.5803208, -19.80387), (-0.53647286, -2.5831041, -19.825232), (0, -2.584034, -19.832367), (0.53647286, -2.5831041, -19.825232), (1.0717896, -2.5803208, -19.80387), (1.6048065, -2.575702, -19.768417), (2.1344044, -2.5692768, -19.719107), (2.6595004, -2.5610862, -19.656242), (3.1790574, -2.551181, -19.580221), (3.6920955, -2.5396218, -19.491505), (4.1976986, -2.5264773, -19.390623), (4.695022, -2.5118244, -19.278162), (5.1832976, -2.4957454, -19.154757), (5.661837, -2.4783285, -19.02108), (6.1300354, -2.4596646, -18.877836), (-6.146793, -1.9731108, -18.929441), (-5.6775517, -1.9881655, -19.073872), (-5.1978874, -2.0022163, -19.208672), (-4.7084093, -2.0151892, -19.33313), (-4.2098083, -2.0270128, -19.446562), (-3.7028582, -2.0376198, -19.548323), (-3.1884096, -2.046949, -19.637821), (-2.667385, -2.0549433, -19.71452), (-2.1407733, -2.0615544, -19.777945), (-1.6096191, -2.0667408, -19.8277), (-1.0750154, -2.0704694, -19.863472), (-0.538091, -2.0727162, -19.885027), (0, -2.0734668, -19.892227), (0.538091, -2.0727162, -19.885027), (1.0750154, -2.0704694, -19.863472), (1.6096191, -2.0667408, -19.8277), (2.1407733, -2.0615544, -19.777945), (2.667385, -2.0549433, -19.71452), (3.1884096, -2.046949, -19.637821), (3.7028582, -2.0376198, -19.548323), (4.2098083, -2.0270128, -19.446562), (4.7084093, -2.0151892, -19.33313), (5.1978874, -2.0022163, -19.208672), (5.6775517, -1.9881655, -19.073872), (6.146793, -1.9731108, -18.929441), (-6.1599216, -1.4829938, -18.969873), (-5.6898646, -1.494358, -19.115238), (-5.2093205, -1.5049653, -19.250923), (-4.7189007, -1.5147597, -19.37621), (-4.2193, -1.5236871, -19.490404), (-3.7112944, -1.5316967, -19.592861), (-3.1957407, -1.5387415, -19.682976), (-2.6735663, -1.5447791, -19.760204), (-2.1457663, -1.549772, -19.824074), (-1.6133924, -1.5536891, -19.87418), (-1.0775445, -1.5565053, -19.910204), (-0.5393597, -1.5582024, -19.931911), (0, -1.5587693, -19.939163), (0.5393597, -1.5582024, -19.931911), (1.0775445, -1.5565053, -19.910204), (1.6133924, -1.5536891, -19.87418), (2.1457663, -1.549772, -19.824074), (2.6735663, -1.5447791, -19.760204), (3.1957407, -1.5387415, -19.682976), (3.7112944, -1.5316967, -19.592861), (4.2193, -1.5236871, -19.490404), (4.7189007, -1.5147597, -19.37621), (5.2093205, -1.5049653, -19.250923), (5.6898646, -1.494358, -19.115238), (6.1599216, -1.4829938, -18.969873), (-6.169351, -0.990176, -18.998913), (-5.698709, -0.9977872, -19.14495), (-5.2175336, -1.004892, -19.281275), (-4.726438, -1.0114527, -19.407158), (-4.2261186, -1.017433, -19.521904), (-3.717356, -1.0227989, -19.62486), (-3.2010083, -1.0275186, -19.71542), (-2.678008, -1.0315636, -19.793034), (-2.1493542, -1.034909, -19.857222), (-1.6161038, -1.0375335, -19.90758), (-1.079362, -1.0394205, -19.943785), (-0.5402714, -1.0405576, -19.965605), (0, -1.0409374, -19.972893), (0.5402714, -1.0405576, -19.965605), (1.079362, -1.0394205, -19.943785), (1.6161038, -1.0375335, -19.90758), (2.1493542, -1.034909, -19.857222), (2.678008, -1.0315636, -19.793034), (3.2010083, -1.0275186, -19.71542), (3.717356, -1.0227989, -19.62486), (4.2261186, -1.017433, -19.521904), (4.726438, -1.0114527, -19.407158), (5.2175336, -1.004892, -19.281275), (5.698709, -0.9977872, -19.14495), (6.169351, -0.990176, -18.998913), (-6.1750298, -0.4955437, -19.0164), (-5.7040353, -0.49935988, -19.162846), (-5.2224803, -0.50292236, -19.299553), (-4.7309775, -0.5062121, -19.425797), (-4.230226, -0.50921094, -19.540878), (-3.721007, -0.51190174, -19.644136), (-3.2041814, -0.5142686, -19.734962), (-2.6806836, -0.5162971, -19.812809), (-2.1515157, -0.51797485, -19.87719), (-1.6177372, -0.5192911, -19.9277), (-1.0804569, -0.52023745, -19.964016), (-0.54082066, -0.52080774, -19.985903), (0, -0.52099824, -19.993214), (0.54082066, -0.52080774, -19.985903), (1.0804569, -0.52023745, -19.964016), (1.6177372, -0.5192911, -19.9277), (2.1515157, -0.51797485, -19.87719), (2.6806836, -0.5162971, -19.812809), (3.2041814, -0.5142686, -19.734962), (3.721007, -0.51190174, -19.644136), (4.230226, -0.50921094, -19.540878), (4.7309775, -0.5062121, -19.425797), (5.2224803, -0.50292236, -19.299553), (5.7040353, -0.49935988, -19.162846), (6.1750298, -0.4955437, -19.0164), (-6.176926, 0, -19.02224), (-5.705814, 0, -19.168821), (-5.224132, 0, -19.305658), (-4.732494, 0, -19.432022), (-4.231598, 0, -19.547215), (-3.7222264, 0, -19.650574), (-3.2052412, 0, -19.74149), (-2.6815774, 0, -19.819414), (-2.1522377, 0, -19.88386), (-1.6182828, 0, -19.934422), (-1.0808226, 0, -19.970774), (-0.5410041, 0, -19.992682), (0, 0, -20), (0.5410041, 0, -19.992682), (1.0808226, 0, -19.970774), (1.6182828, 0, -19.934422), (2.1522377, 0, -19.88386), (2.6815774, 0, -19.819414), (3.2052412, 0, -19.74149), (3.7222264, 0, -19.650574), (4.231598, 0, -19.547215), (4.732494, 0, -19.432022), (5.224132, 0, -19.305658), (5.705814, 0, -19.168821), (6.176926, 0, -19.02224), (-6.1750298, 0.4955437, -19.0164), (-5.7040353, 0.49935988, -19.162846), (-5.2224803, 0.50292236, -19.299553), (-4.7309775, 0.5062121, -19.425797), (-4.230226, 0.50921094, -19.540878), (-3.721007, 0.51190174, -19.644136), (-3.2041814, 0.5142686, -19.734962), (-2.6806836, 0.5162971, -19.812809), (-2.1515157, 0.51797485, -19.87719), (-1.6177372, 0.5192911, -19.9277), (-1.0804569, 0.52023745, -19.964016), (-0.54082066, 0.52080774, -19.985903), (0, 0.52099824, -19.993214), (0.54082066, 0.52080774, -19.985903), (1.0804569, 0.52023745, -19.964016), (1.6177372, 0.5192911, -19.9277), (2.1515157, 0.51797485, -19.87719), (2.6806836, 0.5162971, -19.812809), (3.2041814, 0.5142686, -19.734962), (3.721007, 0.51190174, -19.644136), (4.230226, 0.50921094, -19.540878), (4.7309775, 0.5062121, -19.425797), (5.2224803, 0.50292236, -19.299553), (5.7040353, 0.49935988, -19.162846), (6.1750298, 0.4955437, -19.0164), (-6.169351, 0.990176, -18.998913), (-5.698709, 0.9977872, -19.14495), (-5.2175336, 1.004892, -19.281275), (-4.726438, 1.0114527, -19.407158), (-4.2261186, 1.017433, -19.521904), (-3.717356, 1.0227989, -19.62486), (-3.2010083, 1.0275186, -19.71542), (-2.678008, 1.0315636, -19.793034), (-2.1493542, 1.034909, -19.857222), (-1.6161038, 1.0375335, -19.90758), (-1.079362, 1.0394205, -19.943785), (-0.5402714, 1.0405576, -19.965605), (0, 1.0409374, -19.972893), (0.5402714, 1.0405576, -19.965605), (1.079362, 1.0394205, -19.943785), (1.6161038, 1.0375335, -19.90758), (2.1493542, 1.034909, -19.857222), (2.678008, 1.0315636, -19.793034), (3.2010083, 1.0275186, -19.71542), (3.717356, 1.0227989, -19.62486), (4.2261186, 1.017433, -19.521904), (4.726438, 1.0114527, -19.407158), (5.2175336, 1.004892, -19.281275), (5.698709, 0.9977872, -19.14495), (6.169351, 0.990176, -18.998913), (-6.1599216, 1.4829938, -18.969873), (-5.6898646, 1.494358, -19.115238), (-5.2093205, 1.5049653, -19.250923), (-4.7189007, 1.5147597, -19.37621), (-4.2193, 1.5236871, -19.490404), (-3.7112944, 1.5316967, -19.592861), (-3.1957407, 1.5387415, -19.682976), (-2.6735663, 1.5447791, -19.760204), (-2.1457663, 1.549772, -19.824074), (-1.6133924, 1.5536891, -19.87418), (-1.0775445, 1.5565053, -19.910204), (-0.5393597, 1.5582024, -19.931911), (0, 1.5587693, -19.939163), (0.5393597, 1.5582024, -19.931911), (1.0775445, 1.5565053, -19.910204), (1.6133924, 1.5536891, -19.87418), (2.1457663, 1.549772, -19.824074), (2.6735663, 1.5447791, -19.760204), (3.1957407, 1.5387415, -19.682976), (3.7112944, 1.5316967, -19.592861), (4.2193, 1.5236871, -19.490404), (4.7189007, 1.5147597, -19.37621), (5.2093205, 1.5049653, -19.250923), (5.6898646, 1.494358, -19.115238), (6.1599216, 1.4829938, -18.969873), (-6.146793, 1.9731108, -18.929441), (-5.6775517, 1.9881655, -19.073872), (-5.1978874, 2.0022163, -19.208672), (-4.7084093, 2.0151892, -19.33313), (-4.2098083, 2.0270128, -19.446562), (-3.7028582, 2.0376198, -19.548323), (-3.1884096, 2.046949, -19.637821), (-2.667385, 2.0549433, -19.71452), (-2.1407733, 2.0615544, -19.777945), (-1.6096191, 2.0667408, -19.8277), (-1.0750154, 2.0704694, -19.863472), (-0.538091, 2.0727162, -19.885027), (0, 2.0734668, -19.892227), (0.538091, 2.0727162, -19.885027), (1.0750154, 2.0704694, -19.863472), (1.6096191, 2.0667408, -19.8277), (2.1407733, 2.0615544, -19.777945), (2.667385, 2.0549433, -19.71452), (3.1884096, 2.046949, -19.637821), (3.7028582, 2.0376198, -19.548323), (4.2098083, 2.0270128, -19.446562), (4.7084093, 2.0151892, -19.33313), (5.1978874, 2.0022163, -19.208672), (5.6775517, 1.9881655, -19.073872), (6.146793, 1.9731108, -18.929441), (-6.1300354, 2.4596646, -18.877836), (-5.661837, 2.4783285, -19.02108), (-5.1832976, 2.4957454, -19.154757), (-4.695022, 2.5118244, -19.278162), (-4.1976986, 2.5264773, -19.390623), (-3.6920955, 2.5396218, -19.491505), (-3.1790574, 2.551181, -19.580221), (-2.6595004, 2.5610862, -19.656242), (-2.1344044, 2.5692768, -19.719107), (-1.6048065, 2.575702, -19.768417), (-1.0717896, 2.5803208, -19.80387), (-0.53647286, 2.5831041, -19.825232), (0, 2.584034, -19.832367), (0.53647286, 2.5831041, -19.825232), (1.0717896, 2.5803208, -19.80387), (1.6048065, 2.575702, -19.768417), (2.1344044, 2.5692768, -19.719107), (2.6595004, 2.5610862, -19.656242), (3.1790574, 2.551181, -19.580221), (3.6920955, 2.5396218, -19.491505), (4.1976986, 2.5264773, -19.390623), (4.695022, 2.5118244, -19.278162), (5.1832976, 2.4957454, -19.154757), (5.661837, 2.4783285, -19.02108), (6.1300354, 2.4596646, -18.877836), (-6.1097393, 2.941825, -18.815332), (-5.642807, 2.963998, -18.957148), (-5.1656313, 2.984687, -19.08947), (-4.6788144, 3.003784, -19.21161), (-4.183039, 3.021185, -19.322905), (-3.6790679, 3.0367928, -19.422728), (-3.1677382, 3.0505168, -19.510504), (-2.6499577, 3.062276, -19.585714), (-2.1266973, 3.071999, -19.6479), (-1.5989828, 3.0796256, -19.696678), (-1.0678862, 3.0851083, -19.731745), (-0.5345149, 3.0884118, -19.752872), (0, 3.0895154, -19.759932), (0.5345149, 3.0884118, -19.752872), (1.0678862, 3.0851083, -19.731745), (1.5989828, 3.0796256, -19.696678), (2.1266973, 3.071999, -19.6479), (2.6499577, 3.062276, -19.585714), (3.1677382, 3.0505168, -19.510504), (3.6790679, 3.0367928, -19.422728), (4.183039, 3.021185, -19.322905), (4.6788144, 3.003784, -19.21161), (5.1656313, 2.984687, -19.08947), (5.642807, 2.963998, -18.957148), (6.1097393, 2.941825, -18.815332), (-6.086011, 3.4187996, -18.74226), (-5.620562, 3.4443657, -18.882416), (-5.1449842, 3.4682167, -19.01317), (-4.6598744, 3.4902287, -19.13384), (-4.1659102, 3.510283, -19.24378), (-3.6638477, 3.5282679, -19.342377), (-3.1545155, 3.5440805, -19.429064), (-2.6388113, 3.557628, -19.503332), (-2.1176953, 3.5688283, -19.564734), (-1.5921812, 3.5776134, -19.612894), (-1.0633277, 3.5839283, -19.647514), (-0.5322283, 3.5877333, -19.668373), (0, 3.5890043, -19.67534), (0.5322283, 3.5877333, -19.668373), (1.0633277, 3.5839283, -19.647514), (1.5921812, 3.5776134, -19.612894), (2.1176953, 3.5688283, -19.564734), (2.6388113, 3.557628, -19.503332), (3.1545155, 3.5440805, -19.429064), (3.6638477, 3.5282679, -19.342377), (4.1659102, 3.510283, -19.24378), (4.6598744, 3.4902287, -19.13384), (5.1449842, 3.4682167, -19.01317), (5.620562, 3.4443657, -18.882416), (6.086011, 3.4187996, -18.74226)],
                                    240: [(0, 0, 0), (-4.6920896, -2.6347218, -19.262465), (-4.3201127, -2.6463797, -19.347694), (-3.9433742, -2.65716, -19.42651), (-3.562217, -2.6670282, -19.498655), (-3.1770089, -2.6759512, -19.563892), (-2.7881398, -2.6838994, -19.622002), (-2.396019, -2.6908455, -19.672785), (-2.001075, -2.6967652, -19.716063), (-1.6037526, -2.7016377, -19.751686), (-1.2045099, -2.7054458, -19.779528), (-0.80381685, -2.7081757, -19.799486), (-0.4021521, -2.7098176, -19.811491), (0, -2.7103658, -19.815496), (0.4021521, -2.7098176, -19.811491), (0.80381685, -2.7081757, -19.799486), (1.2045099, -2.7054458, -19.779528), (1.6037526, -2.7016377, -19.751686), (2.001075, -2.6967652, -19.716063), (2.396019, -2.6908455, -19.672785), (2.7881398, -2.6838994, -19.622002), (3.1770089, -2.6759512, -19.563892), (3.562217, -2.6670282, -19.498655), (3.9433742, -2.65716, -19.42651), (4.3201127, -2.6463797, -19.347694), (4.6920896, -2.6347218, -19.262465), (-4.7029285, -2.26355, -19.306963), (-4.3301816, -2.273612, -19.392788), (-3.95264, -2.2829175, -19.472158), (-3.5706496, -2.2914357, -19.544815), (-3.1845806, -2.2991388, -19.610518), (-2.7948241, -2.3060005, -19.669044), (-2.4017932, -2.3119972, -19.720194), (-2.005919, -2.3171082, -19.763788), (-1.6076486, -2.321315, -19.799671), (-1.2074443, -2.324603, -19.827715), (-0.8057791, -2.32696, -19.84782), (-0.403135, -2.328378, -19.859913), (0, -2.328851, -19.863949), (0.403135, -2.328378, -19.859913), (0.8057791, -2.32696, -19.84782), (1.2074443, -2.324603, -19.827715), (1.6076486, -2.321315, -19.799671), (2.005919, -2.3171082, -19.763788), (2.4017932, -2.3119972, -19.720194), (2.7948241, -2.3060005, -19.669044), (3.1845806, -2.2991388, -19.610518), (3.5706496, -2.2914357, -19.544815), (3.95264, -2.2829175, -19.472158), (4.3301816, -2.273612, -19.392788), (4.7029285, -2.26355, -19.306963), (-4.712159, -1.8899939, -19.344856), (-4.3387566, -1.8984287, -19.43119), (-3.9605317, -1.9062295, -19.511034), (-3.5778322, -1.9133708, -19.58413), (-3.1910295, -1.919829, -19.65023), (-2.800518, -1.925582, -19.709116), (-2.4067118, -1.93061, -19.760578), (-2.010045, -1.9348954, -19.804441), (-1.6109676, -1.9384229, -19.840548), (-1.2099441, -1.9411799, -19.868767), (-0.8074508, -1.9431564, -19.888996), (-0.40397236, -1.9443451, -19.901163), (0, -1.944742, -19.905226), (0.40397236, -1.9443451, -19.901163), (0.8074508, -1.9431564, -19.888996), (1.2099441, -1.9411799, -19.868767), (1.6109676, -1.9384229, -19.840548), (2.010045, -1.9348954, -19.804441), (2.4067118, -1.93061, -19.760578), (2.800518, -1.925582, -19.709116), (3.1910295, -1.919829, -19.65023), (3.5778322, -1.9133708, -19.58413), (3.9605317, -1.9062295, -19.511034), (4.3387566, -1.8984287, -19.43119), (4.712159, -1.8899939, -19.344856), (-4.719752, -1.5144315, -19.376028), (-4.3458104, -1.5212121, -19.462782), (-3.9670236, -1.5274833, -19.543016), (-3.583741, -1.5332247, -19.616474), (-3.1963353, -1.5384169, -19.682903), (-2.8052025, -1.5430424, -19.742083), (-2.4107587, -1.547085, -19.793806), (-2.01344, -1.5505307, -19.83789), (-1.6136985, -1.553367, -19.87418), (-1.2120011, -1.555584, -19.902542), (-0.8088262, -1.5571731, -19.922876), (-0.40466136, -1.5581291, -19.935106), (0, -1.5584481, -19.939188), (0.40466136, -1.5581291, -19.935106), (0.8088262, -1.5571731, -19.922876), (1.2120011, -1.555584, -19.902542), (1.6136985, -1.553367, -19.87418), (2.01344, -1.5505307, -19.83789), (2.4107587, -1.547085, -19.793806), (2.8052025, -1.5430424, -19.742083), (3.1963353, -1.5384169, -19.682903), (3.583741, -1.5332247, -19.616474), (3.9670236, -1.5274833, -19.543016), (4.3458104, -1.5212121, -19.462782), (4.719752, -1.5144315, -19.376028), (-4.7256827, -1.1372509, -19.400375), (-4.3513203, -1.1423557, -19.48746), (-3.9720953, -1.1470771, -19.568), (-3.5883572, -1.1513997, -19.64174), (-3.2004805, -1.155309, -19.70843), (-2.8088622, -1.1587917, -19.76784), (-2.4139204, -1.1618356, -19.819767), (-2.0160923, -1.16443, -19.864025), (-1.6158321, -1.1665657, -19.900457), (-1.2136081, -1.168235, -19.928934), (-0.80990094, -1.1694317, -19.949348), (-0.4051997, -1.1701515, -19.961628), (0, -1.1703917, -19.965725), (0.4051997, -1.1701515, -19.961628), (0.80990094, -1.1694317, -19.949348), (1.2136081, -1.168235, -19.928934), (1.6158321, -1.1665657, -19.900457), (2.0160923, -1.16443, -19.864025), (2.4139204, -1.1618356, -19.819767), (2.8088622, -1.1587917, -19.76784), (3.2004805, -1.155309, -19.70843), (3.5883572, -1.1513997, -19.64174), (3.9720953, -1.1470771, -19.568), (4.3513203, -1.1423557, -19.48746), (4.7256827, -1.1372509, -19.400375), (-4.729933, -0.75884914, -19.417824), (-4.355269, -0.7622615, -19.505142), (-3.9757297, -0.76541775, -19.585905), (-3.5916653, -0.76830745, -19.65985), (-3.2034512, -0.7709209, -19.726723), (-2.811485, -0.77324915, -19.786299), (-2.4161866, -0.7752841, -19.838371), (-2.0179935, -0.77701867, -19.882755), (-1.6173613, -0.7784465, -19.91929), (-1.2147601, -0.7795625, -19.947847), (-0.81067115, -0.78036255, -19.96832), (-0.40558556, -0.7808438, -19.980635), (0, -0.7810044, -19.984745), (0.40558556, -0.7808438, -19.980635), (0.81067115, -0.78036255, -19.96832), (1.2147601, -0.7795625, -19.947847), (1.6173613, -0.7784465, -19.91929), (2.0179935, -0.77701867, -19.882755), (2.4161866, -0.7752841, -19.838371), (2.811485, -0.77324915, -19.786299), (3.2034512, -0.7709209, -19.726723), (3.5916653, -0.76830745, -19.65985), (3.9757297, -0.76541775, -19.585905), (4.355269, -0.7622615, -19.505142), (4.729933, -0.75884914, -19.417824), (-4.7324886, -0.37962955, -19.428316), (-4.3576436, -0.38133854, -19.515776), (-3.977915, -0.38291925, -19.596672), (-3.5936546, -0.38436648, -19.670738), (-3.2052376, -0.3856754, -19.737722), (-2.8130624, -0.38684148, -19.7974), (-2.4175491, -0.3878607, -19.84956), (-2.0191367, -0.38872942, -19.894018), (-1.6182809, -0.38944456, -19.930616), (-1.2154527, -0.3900035, -19.959223), (-0.8111344, -0.39040422, -19.97973), (-0.4058176, -0.39064527, -19.992065), (0, -0.3907257, -19.996183), (0.4058176, -0.39064527, -19.992065), (0.8111344, -0.39040422, -19.97973), (1.2154527, -0.3900035, -19.959223), (1.6182809, -0.38944456, -19.930616), (2.0191367, -0.38872942, -19.894018), (2.4175491, -0.3878607, -19.84956), (2.8130624, -0.38684148, -19.7974), (3.2052376, -0.3856754, -19.737722), (3.5936546, -0.38436648, -19.670738), (3.977915, -0.38291925, -19.596672), (4.3576436, -0.38133854, -19.515776), (4.7324886, -0.37962955, -19.428316), (-4.733341, 0, -19.431816), (-4.3584356, 0, -19.519325), (-3.9786444, 0, -19.600266), (-3.5943184, 0, -19.674372), (-3.2058337, 0, -19.741394), (-2.8135889, 0, -19.801104), (-2.4180038, 0, -19.853292), (-2.0195181, 0, -19.897778), (-1.6185879, 0, -19.934397), (-1.2156838, 0, -19.963018), (-0.81128895, 0, -19.983538), (-0.40589502, 0, -19.99588), (0, 0, -20), (0.40589502, 0, -19.99588), (0.81128895, 0, -19.983538), (1.2156838, 0, -19.963018), (1.6185879, 0, -19.934397), (2.0195181, 0, -19.897778), (2.4180038, 0, -19.853292), (2.8135889, 0, -19.801104), (3.2058337, 0, -19.741394), (3.5943184, 0, -19.674372), (3.9786444, 0, -19.600266), (4.3584356, 0, -19.519325), (4.733341, 0, -19.431816), (-4.7324886, 0.37962955, -19.428316), (-4.3576436, 0.38133854, -19.515776), (-3.977915, 0.38291925, -19.596672), (-3.5936546, 0.38436648, -19.670738), (-3.2052376, 0.3856754, -19.737722), (-2.8130624, 0.38684148, -19.7974), (-2.4175491, 0.3878607, -19.84956), (-2.0191367, 0.38872942, -19.894018), (-1.6182809, 0.38944456, -19.930616), (-1.2154527, 0.3900035, -19.959223), (-0.8111344, 0.39040422, -19.97973), (-0.4058176, 0.39064527, -19.992065), (0, 0.3907257, -19.996183), (0.4058176, 0.39064527, -19.992065), (0.8111344, 0.39040422, -19.97973), (1.2154527, 0.3900035, -19.959223), (1.6182809, 0.38944456, -19.930616), (2.0191367, 0.38872942, -19.894018), (2.4175491, 0.3878607, -19.84956), (2.8130624, 0.38684148, -19.7974), (3.2052376, 0.3856754, -19.737722), (3.5936546, 0.38436648, -19.670738), (3.977915, 0.38291925, -19.596672), (4.3576436, 0.38133854, -19.515776), (4.7324886, 0.37962955, -19.428316), (-4.729933, 0.75884914, -19.417824), (-4.355269, 0.7622615, -19.505142), (-3.9757297, 0.76541775, -19.585905), (-3.5916653, 0.76830745, -19.65985), (-3.2034512, 0.7709209, -19.726723), (-2.811485, 0.77324915, -19.786299), (-2.4161866, 0.7752841, -19.838371), (-2.0179935, 0.77701867, -19.882755), (-1.6173613, 0.7784465, -19.91929), (-1.2147601, 0.7795625, -19.947847), (-0.81067115, 0.78036255, -19.96832), (-0.40558556, 0.7808438, -19.980635), (0, 0.7810044, -19.984745), (0.40558556, 0.7808438, -19.980635), (0.81067115, 0.78036255, -19.96832), (1.2147601, 0.7795625, -19.947847), (1.6173613, 0.7784465, -19.91929), (2.0179935, 0.77701867, -19.882755), (2.4161866, 0.7752841, -19.838371), (2.811485, 0.77324915, -19.786299), (3.2034512, 0.7709209, -19.726723), (3.5916653, 0.76830745, -19.65985), (3.9757297, 0.76541775, -19.585905), (4.355269, 0.7622615, -19.505142), (4.729933, 0.75884914, -19.417824), (-4.7256827, 1.1372509, -19.400375), (-4.3513203, 1.1423557, -19.48746), (-3.9720953, 1.1470771, -19.568), (-3.5883572, 1.1513997, -19.64174), (-3.2004805, 1.155309, -19.70843), (-2.8088622, 1.1587917, -19.76784), (-2.4139204, 1.1618356, -19.819767), (-2.0160923, 1.16443, -19.864025), (-1.6158321, 1.1665657, -19.900457), (-1.2136081, 1.168235, -19.928934), (-0.80990094, 1.1694317, -19.949348), (-0.4051997, 1.1701515, -19.961628), (0, 1.1703917, -19.965725), (0.4051997, 1.1701515, -19.961628), (0.80990094, 1.1694317, -19.949348), (1.2136081, 1.168235, -19.928934), (1.6158321, 1.1665657, -19.900457), (2.0160923, 1.16443, -19.864025), (2.4139204, 1.1618356, -19.819767), (2.8088622, 1.1587917, -19.76784), (3.2004805, 1.155309, -19.70843), (3.5883572, 1.1513997, -19.64174), (3.9720953, 1.1470771, -19.568), (4.3513203, 1.1423557, -19.48746), (4.7256827, 1.1372509, -19.400375), (-4.719752, 1.5144315, -19.376028), (-4.3458104, 1.5212121, -19.462782), (-3.9670236, 1.5274833, -19.543016), (-3.583741, 1.5332247, -19.616474), (-3.1963353, 1.5384169, -19.682903), (-2.8052025, 1.5430424, -19.742083), (-2.4107587, 1.547085, -19.793806), (-2.01344, 1.5505307, -19.83789), (-1.6136985, 1.553367, -19.87418), (-1.2120011, 1.555584, -19.902542), (-0.8088262, 1.5571731, -19.922876), (-0.40466136, 1.5581291, -19.935106), (0, 1.5584481, -19.939188), (0.40466136, 1.5581291, -19.935106), (0.8088262, 1.5571731, -19.922876), (1.2120011, 1.555584, -19.902542), (1.6136985, 1.553367, -19.87418), (2.01344, 1.5505307, -19.83789), (2.4107587, 1.547085, -19.793806), (2.8052025, 1.5430424, -19.742083), (3.1963353, 1.5384169, -19.682903), (3.583741, 1.5332247, -19.616474), (3.9670236, 1.5274833, -19.543016), (4.3458104, 1.5212121, -19.462782), (4.719752, 1.5144315, -19.376028), (-4.712159, 1.8899939, -19.344856), (-4.3387566, 1.8984287, -19.43119), (-3.9605317, 1.9062295, -19.511034), (-3.5778322, 1.9133708, -19.58413), (-3.1910295, 1.919829, -19.65023), (-2.800518, 1.925582, -19.709116), (-2.4067118, 1.93061, -19.760578), (-2.010045, 1.9348954, -19.804441), (-1.6109676, 1.9384229, -19.840548), (-1.2099441, 1.9411799, -19.868767), (-0.8074508, 1.9431564, -19.888996), (-0.40397236, 1.9443451, -19.901163), (0, 1.944742, -19.905226), (0.40397236, 1.9443451, -19.901163), (0.8074508, 1.9431564, -19.888996), (1.2099441, 1.9411799, -19.868767), (1.6109676, 1.9384229, -19.840548), (2.010045, 1.9348954, -19.804441), (2.4067118, 1.93061, -19.760578), (2.800518, 1.925582, -19.709116), (3.1910295, 1.919829, -19.65023), (3.5778322, 1.9133708, -19.58413), (3.9605317, 1.9062295, -19.511034), (4.3387566, 1.8984287, -19.43119), (4.712159, 1.8899939, -19.344856), (-4.7029285, 2.26355, -19.306963), (-4.3301816, 2.273612, -19.392788), (-3.95264, 2.2829175, -19.472158), (-3.5706496, 2.2914357, -19.544815), (-3.1845806, 2.2991388, -19.610518), (-2.7948241, 2.3060005, -19.669044), (-2.4017932, 2.3119972, -19.720194), (-2.005919, 2.3171082, -19.763788), (-1.6076486, 2.321315, -19.799671), (-1.2074443, 2.324603, -19.827715), (-0.8057791, 2.32696, -19.84782), (-0.403135, 2.328378, -19.859913), (0, 2.328851, -19.863949), (0.403135, 2.328378, -19.859913), (0.8057791, 2.32696, -19.84782), (1.2074443, 2.324603, -19.827715), (1.6076486, 2.321315, -19.799671), (2.005919, 2.3171082, -19.763788), (2.4017932, 2.3119972, -19.720194), (2.7948241, 2.3060005, -19.669044), (3.1845806, 2.2991388, -19.610518), (3.5706496, 2.2914357, -19.544815), (3.95264, 2.2829175, -19.472158), (4.3301816, 2.273612, -19.392788), (4.7029285, 2.26355, -19.306963), (-4.6920896, 2.6347218, -19.262465), (-4.3201127, 2.6463797, -19.347694), (-3.9433742, 2.65716, -19.42651), (-3.562217, 2.6670282, -19.498655), (-3.1770089, 2.6759512, -19.563892), (-2.7881398, 2.6838994, -19.622002), (-2.396019, 2.6908455, -19.672785), (-2.001075, 2.6967652, -19.716063), (-1.6037526, 2.7016377, -19.751686), (-1.2045099, 2.7054458, -19.779528), (-0.80381685, 2.7081757, -19.799486), (-0.4021521, 2.7098176, -19.811491), (0, 2.7103658, -19.815496), (0.4021521, 2.7098176, -19.811491), (0.80381685, 2.7081757, -19.799486), (1.2045099, 2.7054458, -19.779528), (1.6037526, 2.7016377, -19.751686), (2.001075, 2.6967652, -19.716063), (2.396019, 2.6908455, -19.672785), (2.7881398, 2.6838994, -19.622002), (3.1770089, 2.6759512, -19.563892), (3.562217, 2.6670282, -19.498655), (3.9433742, 2.65716, -19.42651), (4.3201127, 2.6463797, -19.347694), (4.6920896, 2.6347218, -19.262465)],
                                    372: [(0, 0, 0), (-4.6920896, -2.6347218, -19.262465), (-4.3201127, -2.6463797, -19.347694), (-3.9433742, -2.65716, -19.42651), (-3.562217, -2.6670282, -19.498655), (-3.1770089, -2.6759512, -19.563892), (-2.7881398, -2.6838994, -19.622002), (-2.396019, -2.6908455, -19.672785), (-2.001075, -2.6967652, -19.716063), (-1.6037526, -2.7016377, -19.751686), (-1.2045099, -2.7054458, -19.779528), (-0.80381685, -2.7081757, -19.799486), (-0.4021521, -2.7098176, -19.811491), (0, -2.7103658, -19.815496), (0.4021521, -2.7098176, -19.811491), (0.80381685, -2.7081757, -19.799486), (1.2045099, -2.7054458, -19.779528), (1.6037526, -2.7016377, -19.751686), (2.001075, -2.6967652, -19.716063), (2.396019, -2.6908455, -19.672785), (2.7881398, -2.6838994, -19.622002), (3.1770089, -2.6759512, -19.563892), (3.562217, -2.6670282, -19.498655), (3.9433742, -2.65716, -19.42651), (4.3201127, -2.6463797, -19.347694), (4.6920896, -2.6347218, -19.262465), (-4.7029285, -2.26355, -19.306963), (-4.3301816, -2.273612, -19.392788), (-3.95264, -2.2829175, -19.472158), (-3.5706496, -2.2914357, -19.544815), (-3.1845806, -2.2991388, -19.610518), (-2.7948241, -2.3060005, -19.669044), (-2.4017932, -2.3119972, -19.720194), (-2.005919, -2.3171082, -19.763788), (-1.6076486, -2.321315, -19.799671), (-1.2074443, -2.324603, -19.827715), (-0.8057791, -2.32696, -19.84782), (-0.403135, -2.328378, -19.859913), (0, -2.328851, -19.863949), (0.403135, -2.328378, -19.859913), (0.8057791, -2.32696, -19.84782), (1.2074443, -2.324603, -19.827715), (1.6076486, -2.321315, -19.799671), (2.005919, -2.3171082, -19.763788), (2.4017932, -2.3119972, -19.720194), (2.7948241, -2.3060005, -19.669044), (3.1845806, -2.2991388, -19.610518), (3.5706496, -2.2914357, -19.544815), (3.95264, -2.2829175, -19.472158), (4.3301816, -2.273612, -19.392788), (4.7029285, -2.26355, -19.306963), (-4.712159, -1.8899939, -19.344856), (-4.3387566, -1.8984287, -19.43119), (-3.9605317, -1.9062295, -19.511034), (-3.5778322, -1.9133708, -19.58413), (-3.1910295, -1.919829, -19.65023), (-2.800518, -1.925582, -19.709116), (-2.4067118, -1.93061, -19.760578), (-2.010045, -1.9348954, -19.804441), (-1.6109676, -1.9384229, -19.840548), (-1.2099441, -1.9411799, -19.868767), (-0.8074508, -1.9431564, -19.888996), (-0.40397236, -1.9443451, -19.901163), (0, -1.944742, -19.905226), (0.40397236, -1.9443451, -19.901163), (0.8074508, -1.9431564, -19.888996), (1.2099441, -1.9411799, -19.868767), (1.6109676, -1.9384229, -19.840548), (2.010045, -1.9348954, -19.804441), (2.4067118, -1.93061, -19.760578), (2.800518, -1.925582, -19.709116), (3.1910295, -1.919829, -19.65023), (3.5778322, -1.9133708, -19.58413), (3.9605317, -1.9062295, -19.511034), (4.3387566, -1.8984287, -19.43119), (4.712159, -1.8899939, -19.344856), (-4.719752, -1.5144315, -19.376028), (-4.3458104, -1.5212121, -19.462782), (-3.9670236, -1.5274833, -19.543016), (-3.583741, -1.5332247, -19.616474), (-3.1963353, -1.5384169, -19.682903), (-2.8052025, -1.5430424, -19.742083), (-2.4107587, -1.547085, -19.793806), (-2.01344, -1.5505307, -19.83789), (-1.6136985, -1.553367, -19.87418), (-1.2120011, -1.555584, -19.902542), (-0.8088262, -1.5571731, -19.922876), (-0.40466136, -1.5581291, -19.935106), (0, -1.5584481, -19.939188), (0.40466136, -1.5581291, -19.935106), (0.8088262, -1.5571731, -19.922876), (1.2120011, -1.555584, -19.902542), (1.6136985, -1.553367, -19.87418), (2.01344, -1.5505307, -19.83789), (2.4107587, -1.547085, -19.793806), (2.8052025, -1.5430424, -19.742083), (3.1963353, -1.5384169, -19.682903), (3.583741, -1.5332247, -19.616474), (3.9670236, -1.5274833, -19.543016), (4.3458104, -1.5212121, -19.462782), (4.719752, -1.5144315, -19.376028), (-4.7256827, -1.1372509, -19.400375), (-4.3513203, -1.1423557, -19.48746), (-3.9720953, -1.1470771, -19.568), (-3.5883572, -1.1513997, -19.64174), (-3.2004805, -1.155309, -19.70843), (-2.8088622, -1.1587917, -19.76784), (-2.4139204, -1.1618356, -19.819767), (-2.0160923, -1.16443, -19.864025), (-1.6158321, -1.1665657, -19.900457), (-1.2136081, -1.168235, -19.928934), (-0.80990094, -1.1694317, -19.949348), (-0.4051997, -1.1701515, -19.961628), (0, -1.1703917, -19.965725), (0.4051997, -1.1701515, -19.961628), (0.80990094, -1.1694317, -19.949348), (1.2136081, -1.168235, -19.928934), (1.6158321, -1.1665657, -19.900457), (2.0160923, -1.16443, -19.864025), (2.4139204, -1.1618356, -19.819767), (2.8088622, -1.1587917, -19.76784), (3.2004805, -1.155309, -19.70843), (3.5883572, -1.1513997, -19.64174), (3.9720953, -1.1470771, -19.568), (4.3513203, -1.1423557, -19.48746), (4.7256827, -1.1372509, -19.400375), (-4.729933, -0.75884914, -19.417824), (-4.355269, -0.7622615, -19.505142), (-3.9757297, -0.76541775, -19.585905), (-3.5916653, -0.76830745, -19.65985), (-3.2034512, -0.7709209, -19.726723), (-2.811485, -0.77324915, -19.786299), (-2.4161866, -0.7752841, -19.838371), (-2.0179935, -0.77701867, -19.882755), (-1.6173613, -0.7784465, -19.91929), (-1.2147601, -0.7795625, -19.947847), (-0.81067115, -0.78036255, -19.96832), (-0.40558556, -0.7808438, -19.980635), (0, -0.7810044, -19.984745), (0.40558556, -0.7808438, -19.980635), (0.81067115, -0.78036255, -19.96832), (1.2147601, -0.7795625, -19.947847), (1.6173613, -0.7784465, -19.91929), (2.0179935, -0.77701867, -19.882755), (2.4161866, -0.7752841, -19.838371), (2.811485, -0.77324915, -19.786299), (3.2034512, -0.7709209, -19.726723), (3.5916653, -0.76830745, -19.65985), (3.9757297, -0.76541775, -19.585905), (4.355269, -0.7622615, -19.505142), (4.729933, -0.75884914, -19.417824), (-4.7324886, -0.37962955, -19.428316), (-4.3576436, -0.38133854, -19.515776), (-3.977915, -0.38291925, -19.596672), (-3.5936546, -0.38436648, -19.670738), (-3.2052376, -0.3856754, -19.737722), (-2.8130624, -0.38684148, -19.7974), (-2.4175491, -0.3878607, -19.84956), (-2.0191367, -0.38872942, -19.894018), (-1.6182809, -0.38944456, -19.930616), (-1.2154527, -0.3900035, -19.959223), (-0.8111344, -0.39040422, -19.97973), (-0.4058176, -0.39064527, -19.992065), (0, -0.3907257, -19.996183), (0.4058176, -0.39064527, -19.992065), (0.8111344, -0.39040422, -19.97973), (1.2154527, -0.3900035, -19.959223), (1.6182809, -0.38944456, -19.930616), (2.0191367, -0.38872942, -19.894018), (2.4175491, -0.3878607, -19.84956), (2.8130624, -0.38684148, -19.7974), (3.2052376, -0.3856754, -19.737722), (3.5936546, -0.38436648, -19.670738), (3.977915, -0.38291925, -19.596672), (4.3576436, -0.38133854, -19.515776), (4.7324886, -0.37962955, -19.428316), (-4.733341, 0, -19.431816), (-4.3584356, 0, -19.519325), (-3.9786444, 0, -19.600266), (-3.5943184, 0, -19.674372), (-3.2058337, 0, -19.741394), (-2.8135889, 0, -19.801104), (-2.4180038, 0, -19.853292), (-2.0195181, 0, -19.897778), (-1.6185879, 0, -19.934397), (-1.2156838, 0, -19.963018), (-0.81128895, 0, -19.983538), (-0.40589502, 0, -19.99588), (0, 0, -20), (0.40589502, 0, -19.99588), (0.81128895, 0, -19.983538), (1.2156838, 0, -19.963018), (1.6185879, 0, -19.934397), (2.0195181, 0, -19.897778), (2.4180038, 0, -19.853292), (2.8135889, 0, -19.801104), (3.2058337, 0, -19.741394), (3.5943184, 0, -19.674372), (3.9786444, 0, -19.600266), (4.3584356, 0, -19.519325), (4.733341, 0, -19.431816), (-4.7324886, 0.37962955, -19.428316), (-4.3576436, 0.38133854, -19.515776), (-3.977915, 0.38291925, -19.596672), (-3.5936546, 0.38436648, -19.670738), (-3.2052376, 0.3856754, -19.737722), (-2.8130624, 0.38684148, -19.7974), (-2.4175491, 0.3878607, -19.84956), (-2.0191367, 0.38872942, -19.894018), (-1.6182809, 0.38944456, -19.930616), (-1.2154527, 0.3900035, -19.959223), (-0.8111344, 0.39040422, -19.97973), (-0.4058176, 0.39064527, -19.992065), (0, 0.3907257, -19.996183), (0.4058176, 0.39064527, -19.992065), (0.8111344, 0.39040422, -19.97973), (1.2154527, 0.3900035, -19.959223), (1.6182809, 0.38944456, -19.930616), (2.0191367, 0.38872942, -19.894018), (2.4175491, 0.3878607, -19.84956), (2.8130624, 0.38684148, -19.7974), (3.2052376, 0.3856754, -19.737722), (3.5936546, 0.38436648, -19.670738), (3.977915, 0.38291925, -19.596672), (4.3576436, 0.38133854, -19.515776), (4.7324886, 0.37962955, -19.428316), (-4.729933, 0.75884914, -19.417824), (-4.355269, 0.7622615, -19.505142), (-3.9757297, 0.76541775, -19.585905), (-3.5916653, 0.76830745, -19.65985), (-3.2034512, 0.7709209, -19.726723), (-2.811485, 0.77324915, -19.786299), (-2.4161866, 0.7752841, -19.838371), (-2.0179935, 0.77701867, -19.882755), (-1.6173613, 0.7784465, -19.91929), (-1.2147601, 0.7795625, -19.947847), (-0.81067115, 0.78036255, -19.96832), (-0.40558556, 0.7808438, -19.980635), (0, 0.7810044, -19.984745), (0.40558556, 0.7808438, -19.980635), (0.81067115, 0.78036255, -19.96832), (1.2147601, 0.7795625, -19.947847), (1.6173613, 0.7784465, -19.91929), (2.0179935, 0.77701867, -19.882755), (2.4161866, 0.7752841, -19.838371), (2.811485, 0.77324915, -19.786299), (3.2034512, 0.7709209, -19.726723), (3.5916653, 0.76830745, -19.65985), (3.9757297, 0.76541775, -19.585905), (4.355269, 0.7622615, -19.505142), (4.729933, 0.75884914, -19.417824), (-4.7256827, 1.1372509, -19.400375), (-4.3513203, 1.1423557, -19.48746), (-3.9720953, 1.1470771, -19.568), (-3.5883572, 1.1513997, -19.64174), (-3.2004805, 1.155309, -19.70843), (-2.8088622, 1.1587917, -19.76784), (-2.4139204, 1.1618356, -19.819767), (-2.0160923, 1.16443, -19.864025), (-1.6158321, 1.1665657, -19.900457), (-1.2136081, 1.168235, -19.928934), (-0.80990094, 1.1694317, -19.949348), (-0.4051997, 1.1701515, -19.961628), (0, 1.1703917, -19.965725), (0.4051997, 1.1701515, -19.961628), (0.80990094, 1.1694317, -19.949348), (1.2136081, 1.168235, -19.928934), (1.6158321, 1.1665657, -19.900457), (2.0160923, 1.16443, -19.864025), (2.4139204, 1.1618356, -19.819767), (2.8088622, 1.1587917, -19.76784), (3.2004805, 1.155309, -19.70843), (3.5883572, 1.1513997, -19.64174), (3.9720953, 1.1470771, -19.568), (4.3513203, 1.1423557, -19.48746), (4.7256827, 1.1372509, -19.400375), (-4.719752, 1.5144315, -19.376028), (-4.3458104, 1.5212121, -19.462782), (-3.9670236, 1.5274833, -19.543016), (-3.583741, 1.5332247, -19.616474), (-3.1963353, 1.5384169, -19.682903), (-2.8052025, 1.5430424, -19.742083), (-2.4107587, 1.547085, -19.793806), (-2.01344, 1.5505307, -19.83789), (-1.6136985, 1.553367, -19.87418), (-1.2120011, 1.555584, -19.902542), (-0.8088262, 1.5571731, -19.922876), (-0.40466136, 1.5581291, -19.935106), (0, 1.5584481, -19.939188), (0.40466136, 1.5581291, -19.935106), (0.8088262, 1.5571731, -19.922876), (1.2120011, 1.555584, -19.902542), (1.6136985, 1.553367, -19.87418), (2.01344, 1.5505307, -19.83789), (2.4107587, 1.547085, -19.793806), (2.8052025, 1.5430424, -19.742083), (3.1963353, 1.5384169, -19.682903), (3.583741, 1.5332247, -19.616474), (3.9670236, 1.5274833, -19.543016), (4.3458104, 1.5212121, -19.462782), (4.719752, 1.5144315, -19.376028), (-4.712159, 1.8899939, -19.344856), (-4.3387566, 1.8984287, -19.43119), (-3.9605317, 1.9062295, -19.511034), (-3.5778322, 1.9133708, -19.58413), (-3.1910295, 1.919829, -19.65023), (-2.800518, 1.925582, -19.709116), (-2.4067118, 1.93061, -19.760578), (-2.010045, 1.9348954, -19.804441), (-1.6109676, 1.9384229, -19.840548), (-1.2099441, 1.9411799, -19.868767), (-0.8074508, 1.9431564, -19.888996), (-0.40397236, 1.9443451, -19.901163), (0, 1.944742, -19.905226), (0.40397236, 1.9443451, -19.901163), (0.8074508, 1.9431564, -19.888996), (1.2099441, 1.9411799, -19.868767), (1.6109676, 1.9384229, -19.840548), (2.010045, 1.9348954, -19.804441), (2.4067118, 1.93061, -19.760578), (2.800518, 1.925582, -19.709116), (3.1910295, 1.919829, -19.65023), (3.5778322, 1.9133708, -19.58413), (3.9605317, 1.9062295, -19.511034), (4.3387566, 1.8984287, -19.43119), (4.712159, 1.8899939, -19.344856), (-4.7029285, 2.26355, -19.306963), (-4.3301816, 2.273612, -19.392788), (-3.95264, 2.2829175, -19.472158), (-3.5706496, 2.2914357, -19.544815), (-3.1845806, 2.2991388, -19.610518), (-2.7948241, 2.3060005, -19.669044), (-2.4017932, 2.3119972, -19.720194), (-2.005919, 2.3171082, -19.763788), (-1.6076486, 2.321315, -19.799671), (-1.2074443, 2.324603, -19.827715), (-0.8057791, 2.32696, -19.84782), (-0.403135, 2.328378, -19.859913), (0, 2.328851, -19.863949), (0.403135, 2.328378, -19.859913), (0.8057791, 2.32696, -19.84782), (1.2074443, 2.324603, -19.827715), (1.6076486, 2.321315, -19.799671), (2.005919, 2.3171082, -19.763788), (2.4017932, 2.3119972, -19.720194), (2.7948241, 2.3060005, -19.669044), (3.1845806, 2.2991388, -19.610518), (3.5706496, 2.2914357, -19.544815), (3.95264, 2.2829175, -19.472158), (4.3301816, 2.273612, -19.392788), (4.7029285, 2.26355, -19.306963), (-4.6920896, 2.6347218, -19.262465), (-4.3201127, 2.6463797, -19.347694), (-3.9433742, 2.65716, -19.42651), (-3.562217, 2.6670282, -19.498655), (-3.1770089, 2.6759512, -19.563892), (-2.7881398, 2.6838994, -19.622002), (-2.396019, 2.6908455, -19.672785), (-2.001075, 2.6967652, -19.716063), (-1.6037526, 2.7016377, -19.751686), (-1.2045099, 2.7054458, -19.779528), (-0.80381685, 2.7081757, -19.799486), (-0.4021521, 2.7098176, -19.811491), (0, 2.7103658, -19.815496), (0.4021521, 2.7098176, -19.811491), (0.80381685, 2.7081757, -19.799486), (1.2045099, 2.7054458, -19.779528), (1.6037526, 2.7016377, -19.751686), (2.001075, 2.6967652, -19.716063), (2.396019, 2.6908455, -19.672785), (2.7881398, 2.6838994, -19.622002), (3.1770089, 2.6759512, -19.563892), (3.562217, 2.6670282, -19.498655), (3.9433742, 2.65716, -19.42651), (4.3201127, 2.6463797, -19.347694), (4.6920896, 2.6347218, -19.262465)],
                                    384: [(0, 0, 0), (-6.4733205, -3.6381752, -11.631512), (-6.0409856, -3.7038455, -11.841464), (-5.585474, -3.7670188, -12.043434), (-5.107038, -3.8270514, -12.235362), (-4.6062756, -3.8832707, -12.415099), (-4.0841703, -3.9349895, -12.580448), (-3.5421169, -3.9815242, -12.729223), (-2.981932, -4.022217, -12.85932), (-2.4058518, -4.0564547, -12.968781), (-1.816507, -4.083698, -13.055879), (-1.2168759, -4.103496, -13.119176), (-0.61021996, -4.1155143, -13.157599), (0, -4.119544, -13.170483), (0.61021996, -4.1155143, -13.157599), (1.2168759, -4.103496, -13.119176), (1.816507, -4.083698, -13.055879), (2.4058518, -4.0564547, -12.968781), (2.981932, -4.022217, -12.85932), (3.5421169, -3.9815242, -12.729223), (4.0841703, -3.9349895, -12.580448), (4.6062756, -3.8832707, -12.415099), (5.107038, -3.8270514, -12.235362), (5.585474, -3.7670188, -12.043434), (6.0409856, -3.7038455, -11.841464), (6.4733205, -3.6381752, -11.631512), (-6.533845, -3.1475925, -11.740264), (-6.099555, -3.205505, -11.956271), (-5.6415186, -3.2612715, -12.164277), (-5.1599536, -3.3143184, -12.362137), (-4.6554375, -3.3640425, -12.547605), (-4.128948, -3.4098272, -12.718377), (-3.5818913, -3.451057, -12.872161), (-3.016116, -3.4871368, -13.006736), (-2.4339118, -3.5175138, -13.120039), (-1.8379838, -3.541697, -13.21024), (-1.2314055, -3.5592792, -13.275821), (-0.61754954, -3.569955, -13.315641), (0, -3.5735352, -13.328995), (0.61754954, -3.569955, -13.315641), (1.2314055, -3.5592792, -13.275821), (1.8379838, -3.541697, -13.21024), (2.4339118, -3.5175138, -13.120039), (3.016116, -3.4871368, -13.006736), (3.5818913, -3.451057, -12.872161), (4.128948, -3.4098272, -12.718377), (4.6554375, -3.3640425, -12.547605), (5.1599536, -3.3143184, -12.362137), (5.6415186, -3.2612715, -12.164277), (6.099555, -3.205505, -11.956271), (6.533845, -3.1475925, -11.740264), (-6.5864053, -2.6440942, -11.834706), (-6.1504674, -2.6935506, -12.056068), (-5.690282, -2.7412174, -12.269421), (-5.2060366, -2.7865984, -12.472542), (-4.6982894, -2.8291728, -12.6631), (-4.16801, -2.8684049, -12.838699), (-3.6166143, -2.9037595, -12.996943), (-3.045978, -2.9347186, -13.135513), (-2.4584374, -2.9607987, -13.252246), (-1.8567641, -2.9815712, -13.345221), (-1.244115, -2.9966793, -13.412843), (-0.6239623, -3.005855, -13.453913), (0, -3.0089324, -13.467687), (0.6239623, -3.005855, -13.453913), (1.244115, -2.9966793, -13.412843), (1.8567641, -2.9815712, -13.345221), (2.4584374, -2.9607987, -13.252246), (3.045978, -2.9347186, -13.135513), (3.6166143, -2.9037595, -12.996943), (4.16801, -2.8684049, -12.838699), (4.6982894, -2.8291728, -12.6631), (5.2060366, -2.7865984, -12.472542), (5.690282, -2.7412174, -12.269421), (6.1504674, -2.6935506, -12.056068), (6.5864053, -2.6440942, -11.834706), (-6.6303663, -2.1293938, -11.913697), (-6.1930847, -2.1697717, -12.139606), (-5.7311335, -2.2087176, -12.357505), (-5.2446733, -2.2458236, -12.565107), (-4.734244, -2.280659, -12.760007), (-4.200808, -2.3127809, -12.939726), (-3.6457877, -2.341746, -13.101783), (-3.0710814, -2.367124, -13.24377), (-2.4790652, -2.388513, -13.363439), (-1.8725655, -2.405556, -13.458791), (-1.2548116, -2.4179552, -13.528163), (-0.62936026, -2.4254873, -13.570305), (0, -2.4280138, -13.584439), (0.62936026, -2.4254873, -13.570305), (1.2548116, -2.4179552, -13.528163), (1.8725655, -2.405556, -13.458791), (2.4790652, -2.388513, -13.363439), (3.0710814, -2.367124, -13.24377), (3.6457877, -2.341746, -13.101783), (4.200808, -2.3127809, -12.939726), (4.734244, -2.280659, -12.760007), (5.2446733, -2.2458236, -12.565107), (5.7311335, -2.2087176, -12.357505), (6.1930847, -2.1697717, -12.139606), (6.6303663, -2.1293938, -11.913697), (-6.665173, -1.6054292, -11.976239), (-6.226851, -1.6362014, -12.205794), (-5.7635226, -1.6659001, -12.427342), (-5.2753263, -1.6942121, -12.638545), (-4.7627864, -1.7208066, -12.836937), (-4.2268596, -1.7453429, -13.019973), (-3.6689725, -1.7674786, -13.1851015), (-3.0910413, -1.7868816, -13.329845), (-2.4954727, -1.8032411, -13.451884), (-1.8851383, -1.8162805, -13.549156), (-1.2633247, -1.8257695, -13.619943), (-0.633657, -1.8315347, -13.6629505), (0, -1.8334687, -13.677377), (0.633657, -1.8315347, -13.6629505), (1.2633247, -1.8257695, -13.619943), (1.8851383, -1.8162805, -13.549156), (2.4954727, -1.8032411, -13.451884), (3.0910413, -1.7868816, -13.329845), (3.6689725, -1.7674786, -13.1851015), (4.2268596, -1.7453429, -13.019973), (4.7627864, -1.7208066, -12.836937), (5.2753263, -1.6942121, -12.638545), (5.7635226, -1.6659001, -12.427342), (6.226851, -1.6362014, -12.205794), (6.665173, -1.6054292, -11.976239), (-6.690374, -1.0743328, -12.021521), (-6.251311, -1.0950856, -12.25374), (-5.7869964, -1.1151234, -12.477958), (-5.297553, -1.1342336, -12.691796), (-4.783493, -1.152192, -12.892746), (-4.2457676, -1.1687669, -13.078215), (-3.6858068, -1.1837255, -13.245599), (-3.105539, -1.1968417, -13.392365), (-2.507394, -1.2079036, -13.516146), (-1.8942755, -1.2167227, -13.614829), (-1.2695127, -1.2231416, -13.686655), (-0.6367805, -1.2270421, -13.7303), (0, -1.2283505, -13.744941), (0.6367805, -1.2270421, -13.7303), (1.2695127, -1.2231416, -13.686655), (1.8942755, -1.2167227, -13.614829), (2.507394, -1.2079036, -13.516146), (3.105539, -1.1968417, -13.392365), (3.6858068, -1.1837255, -13.245599), (4.2457676, -1.1687669, -13.078215), (4.783493, -1.152192, -12.892746), (5.297553, -1.1342336, -12.691796), (5.7869964, -1.1151234, -12.477958), (6.251311, -1.0950856, -12.25374), (6.690374, -1.0743328, -12.021521), (-6.7056317, -0.5383915, -12.048937), (-6.2661257, -0.54884046, -12.282781), (-5.8012195, -0.558932, -12.508625), (-5.311025, -0.568559, -12.724072), (-4.796047, -0.5776079, -12.926583), (-4.257235, -0.58596176, -13.113537), (-3.6960192, -0.59350264, -13.282298), (-3.1143363, -0.600116, -13.430303), (-2.5146294, -0.6056946, -13.555148), (-1.8998221, -0.61014265, -13.654694), (-1.2732693, -0.61338055, -13.727156), (-0.6386769, -0.61534816, -13.771191), (0, -0.6160083, -13.785963), (0.6386769, -0.61534816, -13.771191), (1.2732693, -0.61338055, -13.727156), (1.8998221, -0.61014265, -13.654694), (2.5146294, -0.6056946, -13.555148), (3.1143363, -0.600116, -13.430303), (3.6960192, -0.59350264, -13.282298), (4.257235, -0.58596176, -13.113537), (4.796047, -0.5776079, -12.926583), (5.311025, -0.568559, -12.724072), (5.8012195, -0.558932, -12.508625), (6.2661257, -0.54884046, -12.282781), (6.7056317, -0.5383915, -12.048937), (-6.710741, 0, -12.058118), (-6.271087, 0, -12.292506), (-5.805984, 0, -12.518898), (-5.3155384, 0, -12.734885), (-4.800254, 0, -12.937922), (-4.261078, 0, -13.125375), (-3.6994421, 0, -13.2946), (-3.1172855, 0, -13.44302), (-2.517055, 0, -13.568224), (-1.9016818, 0, -13.66806), (-1.274529, 0, -13.740736), (-0.6393128, 0, -13.784903), (0, 0, -13.79972), (0.6393128, 0, -13.784903), (1.274529, 0, -13.740736), (1.9016818, 0, -13.66806), (2.517055, 0, -13.568224), (3.1172855, 0, -13.44302), (3.6994421, 0, -13.2946), (4.261078, 0, -13.125375), (4.800254, 0, -12.937922), (5.3155384, 0, -12.734885), (5.805984, 0, -12.518898), (6.271087, 0, -12.292506), (6.710741, 0, -12.058118), (-6.7056317, 0.5383915, -12.048937), (-6.2661257, 0.54884046, -12.282781), (-5.8012195, 0.558932, -12.508625), (-5.311025, 0.568559, -12.724072), (-4.796047, 0.5776079, -12.926583), (-4.257235, 0.58596176, -13.113537), (-3.6960192, 0.59350264, -13.282298), (-3.1143363, 0.600116, -13.430303), (-2.5146294, 0.6056946, -13.555148), (-1.8998221, 0.61014265, -13.654694), (-1.2732693, 0.61338055, -13.727156), (-0.6386769, 0.61534816, -13.771191), (0, 0.6160083, -13.785963), (0.6386769, 0.61534816, -13.771191), (1.2732693, 0.61338055, -13.727156), (1.8998221, 0.61014265, -13.654694), (2.5146294, 0.6056946, -13.555148), (3.1143363, 0.600116, -13.430303), (3.6960192, 0.59350264, -13.282298), (4.257235, 0.58596176, -13.113537), (4.796047, 0.5776079, -12.926583), (5.311025, 0.568559, -12.724072), (5.8012195, 0.558932, -12.508625), (6.2661257, 0.54884046, -12.282781), (6.7056317, 0.5383915, -12.048937), (-6.690374, 1.0743328, -12.021521), (-6.251311, 1.0950856, -12.25374), (-5.7869964, 1.1151234, -12.477958), (-5.297553, 1.1342336, -12.691796), (-4.783493, 1.152192, -12.892746), (-4.2457676, 1.1687669, -13.078215), (-3.6858068, 1.1837255, -13.245599), (-3.105539, 1.1968417, -13.392365), (-2.507394, 1.2079036, -13.516146), (-1.8942755, 1.2167227, -13.614829), (-1.2695127, 1.2231416, -13.686655), (-0.6367805, 1.2270421, -13.7303), (0, 1.2283505, -13.744941), (0.6367805, 1.2270421, -13.7303), (1.2695127, 1.2231416, -13.686655), (1.8942755, 1.2167227, -13.614829), (2.507394, 1.2079036, -13.516146), (3.105539, 1.1968417, -13.392365), (3.6858068, 1.1837255, -13.245599), (4.2457676, 1.1687669, -13.078215), (4.783493, 1.152192, -12.892746), (5.297553, 1.1342336, -12.691796), (5.7869964, 1.1151234, -12.477958), (6.251311, 1.0950856, -12.25374), (6.690374, 1.0743328, -12.021521), (-6.665173, 1.6054292, -11.976239), (-6.226851, 1.6362014, -12.205794), (-5.7635226, 1.6659001, -12.427342), (-5.2753263, 1.6942121, -12.638545), (-4.7627864, 1.7208066, -12.836937), (-4.2268596, 1.7453429, -13.019973), (-3.6689725, 1.7674786, -13.1851015), (-3.0910413, 1.7868816, -13.329845), (-2.4954727, 1.8032411, -13.451884), (-1.8851383, 1.8162805, -13.549156), (-1.2633247, 1.8257695, -13.619943), (-0.633657, 1.8315347, -13.6629505), (0, 1.8334687, -13.677377), (0.633657, 1.8315347, -13.6629505), (1.2633247, 1.8257695, -13.619943), (1.8851383, 1.8162805, -13.549156), (2.4954727, 1.8032411, -13.451884), (3.0910413, 1.7868816, -13.329845), (3.6689725, 1.7674786, -13.1851015), (4.2268596, 1.7453429, -13.019973), (4.7627864, 1.7208066, -12.836937), (5.2753263, 1.6942121, -12.638545), (5.7635226, 1.6659001, -12.427342), (6.226851, 1.6362014, -12.205794), (6.665173, 1.6054292, -11.976239), (-6.6303663, 2.1293938, -11.913697), (-6.1930847, 2.1697717, -12.139606), (-5.7311335, 2.2087176, -12.357505), (-5.2446733, 2.2458236, -12.565107), (-4.734244, 2.280659, -12.760007), (-4.200808, 2.3127809, -12.939726), (-3.6457877, 2.341746, -13.101783), (-3.0710814, 2.367124, -13.24377), (-2.4790652, 2.388513, -13.363439), (-1.8725655, 2.405556, -13.458791), (-1.2548116, 2.4179552, -13.528163), (-0.62936026, 2.4254873, -13.570305), (0, 2.4280138, -13.584439), (0.62936026, 2.4254873, -13.570305), (1.2548116, 2.4179552, -13.528163), (1.8725655, 2.405556, -13.458791), (2.4790652, 2.388513, -13.363439), (3.0710814, 2.367124, -13.24377), (3.6457877, 2.341746, -13.101783), (4.200808, 2.3127809, -12.939726), (4.734244, 2.280659, -12.760007), (5.2446733, 2.2458236, -12.565107), (5.7311335, 2.2087176, -12.357505), (6.1930847, 2.1697717, -12.139606), (6.6303663, 2.1293938, -11.913697), (-6.5864053, 2.6440942, -11.834706), (-6.1504674, 2.6935506, -12.056068), (-5.690282, 2.7412174, -12.269421), (-5.2060366, 2.7865984, -12.472542), (-4.6982894, 2.8291728, -12.6631), (-4.16801, 2.8684049, -12.838699), (-3.6166143, 2.9037595, -12.996943), (-3.045978, 2.9347186, -13.135513), (-2.4584374, 2.9607987, -13.252246), (-1.8567641, 2.9815712, -13.345221), (-1.244115, 2.9966793, -13.412843), (-0.6239623, 3.005855, -13.453913), (0, 3.0089324, -13.467687), (0.6239623, 3.005855, -13.453913), (1.244115, 2.9966793, -13.412843), (1.8567641, 2.9815712, -13.345221), (2.4584374, 2.9607987, -13.252246), (3.045978, 2.9347186, -13.135513), (3.6166143, 2.9037595, -12.996943), (4.16801, 2.8684049, -12.838699), (4.6982894, 2.8291728, -12.6631), (5.2060366, 2.7865984, -12.472542), (5.690282, 2.7412174, -12.269421), (6.1504674, 2.6935506, -12.056068), (6.5864053, 2.6440942, -11.834706), (-6.533845, 3.1475925, -11.740264), (-6.099555, 3.205505, -11.956271), (-5.6415186, 3.2612715, -12.164277), (-5.1599536, 3.3143184, -12.362137), (-4.6554375, 3.3640425, -12.547605), (-4.128948, 3.4098272, -12.718377), (-3.5818913, 3.451057, -12.872161), (-3.016116, 3.4871368, -13.006736), (-2.4339118, 3.5175138, -13.120039), (-1.8379838, 3.541697, -13.21024), (-1.2314055, 3.5592792, -13.275821), (-0.61754954, 3.569955, -13.315641), (0, 3.5735352, -13.328995), (0.61754954, 3.569955, -13.315641), (1.2314055, 3.5592792, -13.275821), (1.8379838, 3.541697, -13.21024), (2.4339118, 3.5175138, -13.120039), (3.016116, 3.4871368, -13.006736), (3.5818913, 3.451057, -12.872161), (4.128948, 3.4098272, -12.718377), (4.6554375, 3.3640425, -12.547605), (5.1599536, 3.3143184, -12.362137), (5.6415186, 3.2612715, -12.164277), (6.099555, 3.205505, -11.956271), (6.533845, 3.1475925, -11.740264), (-6.4733205, 3.6381752, -11.631512), (-6.0409856, 3.7038455, -11.841464), (-5.585474, 3.7670188, -12.043434), (-5.107038, 3.8270514, -12.235362), (-4.6062756, 3.8832707, -12.415099), (-4.0841703, 3.9349895, -12.580448), (-3.5421169, 3.9815242, -12.729223), (-2.981932, 4.022217, -12.85932), (-2.4058518, 4.0564547, -12.968781), (-1.816507, 4.083698, -13.055879), (-1.2168759, 4.103496, -13.119176), (-0.61021996, 4.1155143, -13.157599), (0, 4.119544, -13.170483), (0.61021996, 4.1155143, -13.157599), (1.2168759, 4.103496, -13.119176), (1.816507, 4.083698, -13.055879), (2.4058518, 4.0564547, -12.968781), (2.981932, 4.022217, -12.85932), (3.5421169, 3.9815242, -12.729223), (4.0841703, 3.9349895, -12.580448), (4.6062756, 3.8832707, -12.415099), (5.107038, 3.8270514, -12.235362), (5.585474, 3.7670188, -12.043434), (6.0409856, 3.7038455, -11.841464), (6.4733205, 3.6381752, -11.631512)],
                                }
                                color3f[] primvars:displayColor = [(0, 0.5, 0.45)] (
                                    interpolation = "constant"
                                )
                                float[] primvars:displayOpacity = [0.3] (
                                    interpolation = "constant"
                                )
                                uniform token purpose = "guide"
                                uniform token subdivisionScheme = "none"
                            }

                            def Mesh "Envelope" (
                                prepend apiSchemas = ["AecoDerivedGeometryAPI", "MaterialBindingAPI"]
                            )
                            {
                                uniform token aeco:derived:approx = "tessellated"
                                uniform token aeco:derived:role = "sector"
                                string aeco:derived:source = "7159d2f3-92ae-5116-911d-c954167cd6f3"
                                string aeco:derived:stamp = "usdAecoCctv derive 0.5.5"
                                uniform bool doubleSided = 1
                                float3[] extent = [(-20, -20, -20), (20, 20, 0)]
                                int[] faceVertexCounts = [4, 4, 4, 4, 4, 4, 4, 4, 4, 4, 4, 4, 4, 4, 4, 4, 4, 4, 4, 4, 4, 4, 4, 4, 4, 4, 4, 4, 4, 4, 4, 4, 4, 4, 4, 4, 4, 4, 4, 4, 4, 4, 4, 4, 4, 4, 4, 4, 4, 4, 4, 4, 4, 4, 4, 4, 4, 4, 4, 4, 4, 4, 4, 4, 4, 4, 4, 4, 4, 4, 4, 4, 4, 4, 4, 4, 4, 4, 4, 4, 4, 4, 4, 4, 4, 4, 4, 4, 4, 4, 4, 4, 4, 4, 4, 4, 4, 4, 4, 4, 4, 4, 4, 4, 4, 4, 4, 4, 4, 4, 4, 4, 4, 4, 4, 4, 4, 4, 4, 4, 4, 4, 4, 4, 4, 4, 4, 4, 4, 4, 4, 4, 4, 4, 4, 4, 4, 4, 4, 4, 4, 4, 4, 4, 4, 4, 4, 4, 4, 4, 4, 4, 4, 4, 4, 4, 4, 4, 4, 4, 4, 4, 4, 4, 4, 4, 4, 4, 4, 4, 4, 4, 4, 4, 4, 4, 4, 4, 4, 4, 4, 4, 4, 4, 4, 4, 4, 4, 4, 4, 4, 4, 4, 4, 4, 4, 4, 4, 4, 4, 4, 4, 4, 4, 4, 4, 4, 4, 4, 4, 4, 4, 4, 4, 4, 4, 4, 4, 4, 4, 4, 4, 4, 4, 4, 4, 4, 4, 4, 4, 4, 4, 4, 4, 4, 4, 4, 4, 4, 4, 4, 4, 4, 4, 4, 4, 4, 4, 4, 4, 4, 4, 4, 4, 4, 4, 4, 4, 4, 4, 4, 4, 4, 4, 4, 4, 4, 4, 4, 4, 4, 4, 4, 4, 4, 4, 4, 4, 4, 4, 4, 4, 4, 4, 4, 4, 4, 4, 4, 4, 4, 4, 4, 4, 4, 4, 4, 4, 4, 4, 4, 4, 4, 4, 4, 4, 4, 4, 4, 4, 4, 4, 4, 4, 4, 4, 4, 4, 4, 4, 4, 4, 4, 4, 4, 4, 4, 4, 4, 4, 4, 4, 4, 4, 4, 4, 4, 4, 4, 4, 4, 4, 4, 4, 4, 4, 4, 4, 4, 4, 4, 4, 4, 4, 4, 4, 4, 4, 4, 4, 4, 4, 4, 4, 4, 4, 4, 4, 4, 4, 4, 4, 4, 4, 4, 4, 4, 4, 4, 4, 4, 4, 4, 4, 4, 4, 4, 4, 4, 4, 4, 4, 4, 4, 4, 4, 4, 4, 4, 4, 4, 4, 4, 4, 4, 4, 4, 4, 4, 4, 4, 4, 4, 4, 4, 4, 4, 4, 4, 4, 4, 4, 4, 4, 4, 4, 4, 4, 4, 4, 4, 4, 4, 4, 4, 4, 4, 4, 4, 4, 4, 4, 4, 4, 4, 4, 4, 4, 4, 4, 4, 4, 4, 4, 4, 4, 4, 4, 4, 4, 4, 4, 4, 4, 4, 4, 4, 4, 4, 4, 4, 4, 4, 4, 4, 4, 4, 4, 4, 4, 4, 4, 4, 4, 4, 4, 4, 4, 4, 4, 4, 4, 4, 4, 4, 4, 4, 4, 4, 4, 4, 4, 4, 4, 4, 4, 4, 4, 4, 4, 4, 4, 4, 4, 4, 4, 4, 4, 4, 4, 4, 4, 4, 4, 4, 4, 4, 4, 4, 4, 4, 4, 4, 4, 4, 4, 4, 4, 4, 4, 4, 4, 4, 4, 4, 4, 4, 4, 4, 4, 4, 4, 4, 4, 4, 4, 4, 4, 4, 4, 4, 4, 4, 4, 4, 4, 4, 4, 4, 4, 4, 4, 4, 4, 4, 4, 4, 4, 4, 4, 4, 4, 4, 4, 4, 4, 4, 4, 4, 4, 4, 4, 4, 4, 4, 4, 4, 4, 4, 4, 4, 4, 4, 4, 4, 4, 4, 4, 4, 4, 4, 4, 4, 4, 4, 4, 4, 4, 4, 4, 4, 4, 4, 4, 4, 4, 4, 4, 4, 4, 4, 4, 4, 4, 4, 4, 4, 4, 4, 4, 4, 4, 4, 4, 4, 4, 4, 4, 4, 4, 4, 4, 4, 4, 4, 4, 4, 4, 4, 4, 4, 4, 4, 4, 4, 4, 4, 4, 4, 4, 4, 4, 4, 4, 4, 4, 4, 4, 4, 4, 4, 4, 4, 4, 4, 4, 4, 4, 4, 4, 4, 4, 4, 4, 4, 4, 4, 4, 4, 4, 4, 4, 4, 4, 4, 4, 4, 4, 4, 4, 4, 4, 4, 4, 4, 4, 4, 4, 4, 4, 4, 4, 4, 4, 4, 4, 4, 4, 4, 4, 4, 4, 4, 4, 4, 4, 4, 4, 4, 4, 4, 4, 4, 4, 4, 4, 4, 4, 4, 4, 4, 4, 4, 4, 4, 4, 4, 4, 4, 4, 4, 4, 4, 4, 4, 4, 4, 4, 4, 4, 4, 4, 4, 4, 4, 4, 4, 4, 4, 4, 4, 4, 4, 4, 4, 4, 4, 4, 4, 4, 4, 4, 4, 4, 4, 4, 4, 4, 4, 4, 4, 4, 4, 4, 4, 4, 4, 4, 4, 4, 4, 4, 4, 4, 4, 4, 4, 4, 4, 4, 4, 4, 4, 4, 4, 4, 4, 4, 4, 4, 4, 4, 4, 4, 4, 4, 4, 4, 4, 4, 4, 4, 4, 4, 4, 4, 4, 4, 4, 4, 4, 4, 4, 4, 4, 4, 4, 4, 4, 4, 4, 4, 4, 4, 3, 3, 3, 3, 3, 3, 3, 3, 3, 3, 3, 3, 3, 3, 3, 3, 3, 3, 3, 3, 3, 3, 3, 3, 3, 3, 3, 3, 3, 3, 3, 3, 3, 3, 3, 3, 3, 3, 3, 3, 3, 3, 3, 3, 3, 3, 3, 3, 3, 3, 3, 3, 3, 3, 3, 3, 3, 3, 3, 3, 3, 3, 3, 3, 3, 3, 3, 3, 3, 3, 3, 3, 3, 3, 3, 3, 3, 3, 3, 3, 3, 3, 3, 3, 3, 3, 3, 3, 3, 3, 3, 3, 3, 3, 3, 3, 3, 3, 3, 3, 3, 3, 3, 3, 3, 3, 3, 3, 3, 3, 3, 3, 3, 3, 3, 3, 3, 3, 3, 3, 3, 3, 3, 3, 3, 3, 3, 3, 3, 3, 3, 3]
                                int[] faceVertexIndices = [1, 50, 51, 2, 2, 51, 52, 3, 3, 52, 53, 4, 4, 53, 54, 5, 5, 54, 55, 6, 6, 55, 56, 7, 7, 56, 57, 8, 8, 57, 58, 9, 9, 58, 59, 10, 10, 59, 60, 11, 11, 60, 61, 12, 12, 61, 62, 13, 13, 62, 63, 14, 14, 63, 64, 15, 15, 64, 65, 16, 16, 65, 66, 17, 17, 66, 67, 18, 18, 67, 68, 19, 19, 68, 69, 20, 20, 69, 70, 21, 21, 70, 71, 22, 22, 71, 72, 23, 23, 72, 73, 24, 24, 73, 74, 25, 25, 74, 75, 26, 26, 75, 76, 27, 27, 76, 77, 28, 28, 77, 78, 29, 29, 78, 79, 30, 30, 79, 80, 31, 31, 80, 81, 32, 32, 81, 82, 33, 33, 82, 83, 34, 34, 83, 84, 35, 35, 84, 85, 36, 36, 85, 86, 37, 37, 86, 87, 38, 38, 87, 88, 39, 39, 88, 89, 40, 40, 89, 90, 41, 41, 90, 91, 42, 42, 91, 92, 43, 43, 92, 93, 44, 44, 93, 94, 45, 45, 94, 95, 46, 46, 95, 96, 47, 47, 96, 97, 48, 48, 97, 98, 49, 50, 99, 100, 51, 51, 100, 101, 52, 52, 101, 102, 53, 53, 102, 103, 54, 54, 103, 104, 55, 55, 104, 105, 56, 56, 105, 106, 57, 57, 106, 107, 58, 58, 107, 108, 59, 59, 108, 109, 60, 60, 109, 110, 61, 61, 110, 111, 62, 62, 111, 112, 63, 63, 112, 113, 64, 64, 113, 114, 65, 65, 114, 115, 66, 66, 115, 116, 67, 67, 116, 117, 68, 68, 117, 118, 69, 69, 118, 119, 70, 70, 119, 120, 71, 71, 120, 121, 72, 72, 121, 122, 73, 73, 122, 123, 74, 74, 123, 124, 75, 75, 124, 125, 76, 76, 125, 126, 77, 77, 126, 127, 78, 78, 127, 128, 79, 79, 128, 129, 80, 80, 129, 130, 81, 81, 130, 131, 82, 82, 131, 132, 83, 83, 132, 133, 84, 84, 133, 134, 85, 85, 134, 135, 86, 86, 135, 136, 87, 87, 136, 137, 88, 88, 137, 138, 89, 89, 138, 139, 90, 90, 139, 140, 91, 91, 140, 141, 92, 92, 141, 142, 93, 93, 142, 143, 94, 94, 143, 144, 95, 95, 144, 145, 96, 96, 145, 146, 97, 97, 146, 147, 98, 99, 148, 149, 100, 100, 149, 150, 101, 101, 150, 151, 102, 102, 151, 152, 103, 103, 152, 153, 104, 104, 153, 154, 105, 105, 154, 155, 106, 106, 155, 156, 107, 107, 156, 157, 108, 108, 157, 158, 109, 109, 158, 159, 110, 110, 159, 160, 111, 111, 160, 161, 112, 112, 161, 162, 113, 113, 162, 163, 114, 114, 163, 164, 115, 115, 164, 165, 116, 116, 165, 166, 117, 117, 166, 167, 118, 118, 167, 168, 119, 119, 168, 169, 120, 120, 169, 170, 121, 121, 170, 171, 122, 122, 171, 172, 123, 123, 172, 173, 124, 124, 173, 174, 125, 125, 174, 175, 126, 126, 175, 176, 127, 127, 176, 177, 128, 128, 177, 178, 129, 129, 178, 179, 130, 130, 179, 180, 131, 131, 180, 181, 132, 132, 181, 182, 133, 133, 182, 183, 134, 134, 183, 184, 135, 135, 184, 185, 136, 136, 185, 186, 137, 137, 186, 187, 138, 138, 187, 188, 139, 139, 188, 189, 140, 140, 189, 190, 141, 141, 190, 191, 142, 142, 191, 192, 143, 143, 192, 193, 144, 144, 193, 194, 145, 145, 194, 195, 146, 146, 195, 196, 147, 148, 197, 198, 149, 149, 198, 199, 150, 150, 199, 200, 151, 151, 200, 201, 152, 152, 201, 202, 153, 153, 202, 203, 154, 154, 203, 204, 155, 155, 204, 205, 156, 156, 205, 206, 157, 157, 206, 207, 158, 158, 207, 208, 159, 159, 208, 209, 160, 160, 209, 210, 161, 161, 210, 211, 162, 162, 211, 212, 163, 163, 212, 213, 164, 164, 213, 214, 165, 165, 214, 215, 166, 166, 215, 216, 167, 167, 216, 217, 168, 168, 217, 218, 169, 169, 218, 219, 170, 170, 219, 220, 171, 171, 220, 221, 172, 172, 221, 222, 173, 173, 222, 223, 174, 174, 223, 224, 175, 175, 224, 225, 176, 176, 225, 226, 177, 177, 226, 227, 178, 178, 227, 228, 179, 179, 228, 229, 180, 180, 229, 230, 181, 181, 230, 231, 182, 182, 231, 232, 183, 183, 232, 233, 184, 184, 233, 234, 185, 185, 234, 235, 186, 186, 235, 236, 187, 187, 236, 237, 188, 188, 237, 238, 189, 189, 238, 239, 190, 190, 239, 240, 191, 191, 240, 241, 192, 192, 241, 242, 193, 193, 242, 243, 194, 194, 243, 244, 195, 195, 244, 245, 196, 197, 246, 247, 198, 198, 247, 248, 199, 199, 248, 249, 200, 200, 249, 250, 201, 201, 250, 251, 202, 202, 251, 252, 203, 203, 252, 253, 204, 204, 253, 254, 205, 205, 254, 255, 206, 206, 255, 256, 207, 207, 256, 257, 208, 208, 257, 258, 209, 209, 258, 259, 210, 210, 259, 260, 211, 211, 260, 261, 212, 212, 261, 262, 213, 213, 262, 263, 214, 214, 263, 264, 215, 215, 264, 265, 216, 216, 265, 266, 217, 217, 266, 267, 218, 218, 267, 268, 219, 219, 268, 269, 220, 220, 269, 270, 221, 221, 270, 271, 222, 222, 271, 272, 223, 223, 272, 273, 224, 224, 273, 274, 225, 225, 274, 275, 226, 226, 275, 276, 227, 227, 276, 277, 228, 228, 277, 278, 229, 229, 278, 279, 230, 230, 279, 280, 231, 231, 280, 281, 232, 232, 281, 282, 233, 233, 282, 283, 234, 234, 283, 284, 235, 235, 284, 285, 236, 236, 285, 286, 237, 237, 286, 287, 238, 238, 287, 288, 239, 239, 288, 289, 240, 240, 289, 290, 241, 241, 290, 291, 242, 242, 291, 292, 243, 243, 292, 293, 244, 244, 293, 294, 245, 246, 295, 296, 247, 247, 296, 297, 248, 248, 297, 298, 249, 249, 298, 299, 250, 250, 299, 300, 251, 251, 300, 301, 252, 252, 301, 302, 253, 253, 302, 303, 254, 254, 303, 304, 255, 255, 304, 305, 256, 256, 305, 306, 257, 257, 306, 307, 258, 258, 307, 308, 259, 259, 308, 309, 260, 260, 309, 310, 261, 261, 310, 311, 262, 262, 311, 312, 263, 263, 312, 313, 264, 264, 313, 314, 265, 265, 314, 315, 266, 266, 315, 316, 267, 267, 316, 317, 268, 268, 317, 318, 269, 269, 318, 319, 270, 270, 319, 320, 271, 271, 320, 321, 272, 272, 321, 322, 273, 273, 322, 323, 274, 274, 323, 324, 275, 275, 324, 325, 276, 276, 325, 326, 277, 277, 326, 327, 278, 278, 327, 328, 279, 279, 328, 329, 280, 280, 329, 330, 281, 281, 330, 331, 282, 282, 331, 332, 283, 283, 332, 333, 284, 284, 333, 334, 285, 285, 334, 335, 286, 286, 335, 336, 287, 287, 336, 337, 288, 288, 337, 338, 289, 289, 338, 339, 290, 290, 339, 340, 291, 291, 340, 341, 292, 292, 341, 342, 293, 293, 342, 343, 294, 295, 344, 345, 296, 296, 345, 346, 297, 297, 346, 347, 298, 298, 347, 348, 299, 299, 348, 349, 300, 300, 349, 350, 301, 301, 350, 351, 302, 302, 351, 352, 303, 303, 352, 353, 304, 304, 353, 354, 305, 305, 354, 355, 306, 306, 355, 356, 307, 307, 356, 357, 308, 308, 357, 358, 309, 309, 358, 359, 310, 310, 359, 360, 311, 311, 360, 361, 312, 312, 361, 362, 313, 313, 362, 363, 314, 314, 363, 364, 315, 315, 364, 365, 316, 316, 365, 366, 317, 317, 366, 367, 318, 318, 367, 368, 319, 319, 368, 369, 320, 320, 369, 370, 321, 321, 370, 371, 322, 322, 371, 372, 323, 323, 372, 373, 324, 324, 373, 374, 325, 325, 374, 375, 326, 326, 375, 376, 327, 327, 376, 377, 328, 328, 377, 378, 329, 329, 378, 379, 330, 330, 379, 380, 331, 331, 380, 381, 332, 332, 381, 382, 333, 333, 382, 383, 334, 334, 383, 384, 335, 335, 384, 385, 336, 336, 385, 386, 337, 337, 386, 387, 338, 338, 387, 388, 339, 339, 388, 389, 340, 340, 389, 390, 341, 341, 390, 391, 342, 342, 391, 392, 343, 344, 393, 394, 345, 345, 394, 395, 346, 346, 395, 396, 347, 347, 396, 397, 348, 348, 397, 398, 349, 349, 398, 399, 350, 350, 399, 400, 351, 351, 400, 401, 352, 352, 401, 402, 353, 353, 402, 403, 354, 354, 403, 404, 355, 355, 404, 405, 356, 356, 405, 406, 357, 357, 406, 407, 358, 358, 407, 408, 359, 359, 408, 409, 360, 360, 409, 410, 361, 361, 410, 411, 362, 362, 411, 412, 363, 363, 412, 413, 364, 364, 413, 414, 365, 365, 414, 415, 366, 366, 415, 416, 367, 367, 416, 417, 368, 368, 417, 418, 369, 369, 418, 419, 370, 370, 419, 420, 371, 371, 420, 421, 372, 372, 421, 422, 373, 373, 422, 423, 374, 374, 423, 424, 375, 375, 424, 425, 376, 376, 425, 426, 377, 377, 426, 427, 378, 378, 427, 428, 379, 379, 428, 429, 380, 380, 429, 430, 381, 381, 430, 431, 382, 382, 431, 432, 383, 383, 432, 433, 384, 384, 433, 434, 385, 385, 434, 435, 386, 386, 435, 436, 387, 387, 436, 437, 388, 388, 437, 438, 389, 389, 438, 439, 390, 390, 439, 440, 391, 391, 440, 441, 392, 393, 442, 443, 394, 394, 443, 444, 395, 395, 444, 445, 396, 396, 445, 446, 397, 397, 446, 447, 398, 398, 447, 448, 399, 399, 448, 449, 400, 400, 449, 450, 401, 401, 450, 451, 402, 402, 451, 452, 403, 403, 452, 453, 404, 404, 453, 454, 405, 405, 454, 455, 406, 406, 455, 456, 407, 407, 456, 457, 408, 408, 457, 458, 409, 409, 458, 459, 410, 410, 459, 460, 411, 411, 460, 461, 412, 412, 461, 462, 413, 413, 462, 463, 414, 414, 463, 464, 415, 415, 464, 465, 416, 416, 465, 466, 417, 417, 466, 467, 418, 418, 467, 468, 419, 419, 468, 469, 420, 420, 469, 470, 421, 421, 470, 471, 422, 422, 471, 472, 423, 423, 472, 473, 424, 424, 473, 474, 425, 425, 474, 475, 426, 426, 475, 476, 427, 427, 476, 477, 428, 428, 477, 478, 429, 429, 478, 479, 430, 430, 479, 480, 431, 431, 480, 481, 432, 432, 481, 482, 433, 433, 482, 483, 434, 434, 483, 484, 435, 435, 484, 485, 436, 436, 485, 486, 437, 437, 486, 487, 438, 438, 487, 488, 439, 439, 488, 489, 440, 440, 489, 490, 441, 442, 491, 492, 443, 443, 492, 493, 444, 444, 493, 494, 445, 445, 494, 495, 446, 446, 495, 496, 447, 447, 496, 497, 448, 448, 497, 498, 449, 449, 498, 499, 450, 450, 499, 500, 451, 451, 500, 501, 452, 452, 501, 502, 453, 453, 502, 503, 454, 454, 503, 504, 455, 455, 504, 505, 456, 456, 505, 506, 457, 457, 506, 507, 458, 458, 507, 508, 459, 459, 508, 509, 460, 460, 509, 510, 461, 461, 510, 511, 462, 462, 511, 512, 463, 463, 512, 513, 464, 464, 513, 514, 465, 465, 514, 515, 466, 466, 515, 516, 467, 467, 516, 517, 468, 468, 517, 518, 469, 469, 518, 519, 470, 470, 519, 520, 471, 471, 520, 521, 472, 472, 521, 522, 473, 473, 522, 523, 474, 474, 523, 524, 475, 475, 524, 525, 476, 476, 525, 526, 477, 477, 526, 527, 478, 478, 527, 528, 479, 479, 528, 529, 480, 480, 529, 530, 481, 481, 530, 531, 482, 482, 531, 532, 483, 483, 532, 533, 484, 484, 533, 534, 485, 485, 534, 535, 486, 486, 535, 536, 487, 487, 536, 537, 488, 488, 537, 538, 489, 489, 538, 539, 490, 491, 540, 541, 492, 492, 541, 542, 493, 493, 542, 543, 494, 494, 543, 544, 495, 495, 544, 545, 496, 496, 545, 546, 497, 497, 546, 547, 498, 498, 547, 548, 499, 499, 548, 549, 500, 500, 549, 550, 501, 501, 550, 551, 502, 502, 551, 552, 503, 503, 552, 553, 504, 504, 553, 554, 505, 505, 554, 555, 506, 506, 555, 556, 507, 507, 556, 557, 508, 508, 557, 558, 509, 509, 558, 559, 510, 510, 559, 560, 511, 511, 560, 561, 512, 512, 561, 562, 513, 513, 562, 563, 514, 514, 563, 564, 515, 515, 564, 565, 516, 516, 565, 566, 517, 517, 566, 567, 518, 518, 567, 568, 519, 519, 568, 569, 520, 520, 569, 570, 521, 521, 570, 571, 522, 522, 571, 572, 523, 523, 572, 573, 524, 524, 573, 574, 525, 525, 574, 575, 526, 526, 575, 576, 527, 527, 576, 577, 528, 528, 577, 578, 529, 529, 578, 579, 530, 530, 579, 580, 531, 531, 580, 581, 532, 532, 581, 582, 533, 533, 582, 583, 534, 534, 583, 584, 535, 535, 584, 585, 536, 536, 585, 586, 537, 537, 586, 587, 538, 538, 587, 588, 539, 540, 589, 590, 541, 541, 590, 591, 542, 542, 591, 592, 543, 543, 592, 593, 544, 544, 593, 594, 545, 545, 594, 595, 546, 546, 595, 596, 547, 547, 596, 597, 548, 548, 597, 598, 549, 549, 598, 599, 550, 550, 599, 600, 551, 551, 600, 601, 552, 552, 601, 602, 553, 553, 602, 603, 554, 554, 603, 604, 555, 555, 604, 605, 556, 556, 605, 606, 557, 557, 606, 607, 558, 558, 607, 608, 559, 559, 608, 609, 560, 560, 609, 610, 561, 561, 610, 611, 562, 562, 611, 612, 563, 563, 612, 613, 564, 564, 613, 614, 565, 565, 614, 615, 566, 566, 615, 616, 567, 567, 616, 617, 568, 568, 617, 618, 569, 569, 618, 619, 570, 570, 619, 620, 571, 571, 620, 621, 572, 572, 621, 622, 573, 573, 622, 623, 574, 574, 623, 624, 575, 575, 624, 625, 576, 576, 625, 626, 577, 577, 626, 627, 578, 578, 627, 628, 579, 579, 628, 629, 580, 580, 629, 630, 581, 581, 630, 631, 582, 582, 631, 632, 583, 583, 632, 633, 584, 584, 633, 634, 585, 585, 634, 635, 586, 586, 635, 636, 587, 587, 636, 637, 588, 589, 638, 639, 590, 590, 639, 640, 591, 591, 640, 641, 592, 592, 641, 642, 593, 593, 642, 643, 594, 594, 643, 644, 595, 595, 644, 645, 596, 596, 645, 646, 597, 597, 646, 647, 598, 598, 647, 648, 599, 599, 648, 649, 600, 600, 649, 650, 601, 601, 650, 651, 602, 602, 651, 652, 603, 603, 652, 653, 604, 604, 653, 654, 605, 605, 654, 655, 606, 606, 655, 656, 607, 607, 656, 657, 608, 608, 657, 658, 609, 609, 658, 659, 610, 610, 659, 660, 611, 611, 660, 661, 612, 612, 661, 662, 613, 613, 662, 663, 614, 614, 663, 664, 615, 615, 664, 665, 616, 616, 665, 666, 617, 617, 666, 667, 618, 618, 667, 668, 619, 619, 668, 669, 620, 620, 669, 670, 621, 621, 670, 671, 622, 622, 671, 672, 623, 623, 672, 673, 624, 624, 673, 674, 625, 625, 674, 675, 626, 626, 675, 676, 627, 627, 676, 677, 628, 628, 677, 678, 629, 629, 678, 679, 630, 630, 679, 680, 631, 631, 680, 681, 632, 632, 681, 682, 633, 633, 682, 683, 634, 634, 683, 684, 635, 635, 684, 685, 636, 636, 685, 686, 637, 638, 687, 688, 639, 639, 688, 689, 640, 640, 689, 690, 641, 641, 690, 691, 642, 642, 691, 692, 643, 643, 692, 693, 644, 644, 693, 694, 645, 645, 694, 695, 646, 646, 695, 696, 647, 647, 696, 697, 648, 648, 697, 698, 649, 649, 698, 699, 650, 650, 699, 700, 651, 651, 700, 701, 652, 652, 701, 702, 653, 653, 702, 703, 654, 654, 703, 704, 655, 655, 704, 705, 656, 656, 705, 706, 657, 657, 706, 707, 658, 658, 707, 708, 659, 659, 708, 709, 660, 660, 709, 710, 661, 661, 710, 711, 662, 662, 711, 712, 663, 663, 712, 713, 664, 664, 713, 714, 665, 665, 714, 715, 666, 666, 715, 716, 667, 667, 716, 717, 668, 668, 717, 718, 669, 669, 718, 719, 670, 670, 719, 720, 671, 671, 720, 721, 672, 672, 721, 722, 673, 673, 722, 723, 674, 674, 723, 724, 675, 675, 724, 725, 676, 676, 725, 726, 677, 677, 726, 727, 678, 678, 727, 728, 679, 679, 728, 729, 680, 680, 729, 730, 681, 681, 730, 731, 682, 682, 731, 732, 683, 683, 732, 733, 684, 684, 733, 734, 685, 685, 734, 735, 686, 687, 736, 737, 688, 688, 737, 738, 689, 689, 738, 739, 690, 690, 739, 740, 691, 691, 740, 741, 692, 692, 741, 742, 693, 693, 742, 743, 694, 694, 743, 744, 695, 695, 744, 745, 696, 696, 745, 746, 697, 697, 746, 747, 698, 698, 747, 748, 699, 699, 748, 749, 700, 700, 749, 750, 701, 701, 750, 751, 702, 702, 751, 752, 703, 703, 752, 753, 704, 704, 753, 754, 705, 705, 754, 755, 706, 706, 755, 756, 707, 707, 756, 757, 708, 708, 757, 758, 709, 709, 758, 759, 710, 710, 759, 760, 711, 711, 760, 761, 712, 712, 761, 762, 713, 713, 762, 763, 714, 714, 763, 764, 715, 715, 764, 765, 716, 716, 765, 766, 717, 717, 766, 767, 718, 718, 767, 768, 719, 719, 768, 769, 720, 720, 769, 770, 721, 721, 770, 771, 722, 722, 771, 772, 723, 723, 772, 773, 724, 724, 773, 774, 725, 725, 774, 775, 726, 726, 775, 776, 727, 727, 776, 777, 728, 728, 777, 778, 729, 729, 778, 779, 730, 730, 779, 780, 731, 731, 780, 781, 732, 732, 781, 782, 733, 733, 782, 783, 734, 734, 783, 784, 735, 736, 785, 786, 737, 737, 786, 787, 738, 738, 787, 788, 739, 739, 788, 789, 740, 740, 789, 790, 741, 741, 790, 791, 742, 742, 791, 792, 743, 743, 792, 793, 744, 744, 793, 794, 745, 745, 794, 795, 746, 746, 795, 796, 747, 747, 796, 797, 748, 748, 797, 798, 749, 749, 798, 799, 750, 750, 799, 800, 751, 751, 800, 801, 752, 752, 801, 802, 753, 753, 802, 803, 754, 754, 803, 804, 755, 755, 804, 805, 756, 756, 805, 806, 757, 757, 806, 807, 758, 758, 807, 808, 759, 759, 808, 809, 760, 760, 809, 810, 761, 761, 810, 811, 762, 762, 811, 812, 763, 763, 812, 813, 764, 764, 813, 814, 765, 765, 814, 815, 766, 766, 815, 816, 767, 767, 816, 817, 768, 768, 817, 818, 769, 769, 818, 819, 770, 770, 819, 820, 771, 771, 820, 821, 772, 772, 821, 822, 773, 773, 822, 823, 774, 774, 823, 824, 775, 775, 824, 825, 776, 776, 825, 826, 777, 777, 826, 827, 778, 778, 827, 828, 779, 779, 828, 829, 780, 780, 829, 830, 781, 781, 830, 831, 782, 782, 831, 832, 783, 783, 832, 833, 784, 785, 834, 835, 786, 786, 835, 836, 787, 787, 836, 837, 788, 788, 837, 838, 789, 789, 838, 839, 790, 790, 839, 840, 791, 791, 840, 841, 792, 792, 841, 842, 793, 793, 842, 843, 794, 794, 843, 844, 795, 795, 844, 845, 796, 796, 845, 846, 797, 797, 846, 847, 798, 798, 847, 848, 799, 799, 848, 849, 800, 800, 849, 850, 801, 801, 850, 851, 802, 802, 851, 852, 803, 803, 852, 853, 804, 804, 853, 854, 805, 805, 854, 855, 806, 806, 855, 856, 807, 807, 856, 857, 808, 808, 857, 858, 809, 809, 858, 859, 810, 810, 859, 860, 811, 811, 860, 861, 812, 812, 861, 862, 813, 813, 862, 863, 814, 814, 863, 864, 815, 815, 864, 865, 816, 816, 865, 866, 817, 817, 866, 867, 818, 818, 867, 868, 819, 819, 868, 869, 820, 820, 869, 870, 821, 821, 870, 871, 822, 822, 871, 872, 823, 823, 872, 873, 824, 824, 873, 874, 825, 825, 874, 875, 826, 826, 875, 876, 827, 827, 876, 877, 828, 828, 877, 878, 829, 829, 878, 879, 830, 830, 879, 880, 831, 831, 880, 881, 832, 832, 881, 882, 833, 834, 883, 884, 835, 835, 884, 885, 836, 836, 885, 886, 837, 837, 886, 887, 838, 838, 887, 888, 839, 839, 888, 889, 840, 840, 889, 890, 841, 841, 890, 891, 842, 842, 891, 892, 843, 843, 892, 893, 844, 844, 893, 894, 845, 845, 894, 895, 846, 846, 895, 896, 847, 847, 896, 897, 848, 848, 897, 898, 849, 849, 898, 899, 850, 850, 899, 900, 851, 851, 900, 901, 852, 852, 901, 902, 853, 853, 902, 903, 854, 854, 903, 904, 855, 855, 904, 905, 856, 856, 905, 906, 857, 857, 906, 907, 858, 858, 907, 908, 859, 859, 908, 909, 860, 860, 909, 910, 861, 861, 910, 911, 862, 862, 911, 912, 863, 863, 912, 913, 864, 864, 913, 914, 865, 865, 914, 915, 866, 866, 915, 916, 867, 867, 916, 917, 868, 868, 917, 918, 869, 869, 918, 919, 870, 870, 919, 920, 871, 871, 920, 921, 872, 872, 921, 922, 873, 873, 922, 923, 874, 874, 923, 924, 875, 875, 924, 925, 876, 876, 925, 926, 877, 877, 926, 927, 878, 878, 927, 928, 879, 879, 928, 929, 880, 880, 929, 930, 881, 881, 930, 931, 882, 0, 1, 2, 0, 2, 3, 0, 3, 4, 0, 4, 5, 0, 5, 6, 0, 6, 7, 0, 7, 8, 0, 8, 9, 0, 9, 10, 0, 10, 11, 0, 11, 12, 0, 12, 13, 0, 13, 14, 0, 14, 15, 0, 15, 16, 0, 16, 17, 0, 17, 18, 0, 18, 19, 0, 19, 20, 0, 20, 21, 0, 21, 22, 0, 22, 23, 0, 23, 24, 0, 24, 25, 0, 25, 26, 0, 26, 27, 0, 27, 28, 0, 28, 29, 0, 29, 30, 0, 30, 31, 0, 31, 32, 0, 32, 33, 0, 33, 34, 0, 34, 35, 0, 35, 36, 0, 36, 37, 0, 37, 38, 0, 38, 39, 0, 39, 40, 0, 40, 41, 0, 41, 42, 0, 42, 43, 0, 43, 44, 0, 44, 45, 0, 45, 46, 0, 46, 47, 0, 47, 48, 0, 48, 49, 0, 884, 883, 0, 885, 884, 0, 886, 885, 0, 887, 886, 0, 888, 887, 0, 889, 888, 0, 890, 889, 0, 891, 890, 0, 892, 891, 0, 893, 892, 0, 894, 893, 0, 895, 894, 0, 896, 895, 0, 897, 896, 0, 898, 897, 0, 899, 898, 0, 900, 899, 0, 901, 900, 0, 902, 901, 0, 903, 902, 0, 904, 903, 0, 905, 904, 0, 906, 905, 0, 907, 906, 0, 908, 907, 0, 909, 908, 0, 910, 909, 0, 911, 910, 0, 912, 911, 0, 913, 912, 0, 914, 913, 0, 915, 914, 0, 916, 915, 0, 917, 916, 0, 918, 917, 0, 919, 918, 0, 920, 919, 0, 921, 920, 0, 922, 921, 0, 923, 922, 0, 924, 923, 0, 925, 924, 0, 926, 925, 0, 927, 926, 0, 928, 927, 0, 929, 928, 0, 930, 929, 0, 931, 930, 0, 50, 1, 0, 99, 50, 0, 148, 99, 0, 197, 148, 0, 246, 197, 0, 295, 246, 0, 344, 295, 0, 393, 344, 0, 442, 393, 0, 491, 442, 0, 540, 491, 0, 589, 540, 0, 638, 589, 0, 687, 638, 0, 736, 687, 0, 785, 736, 0, 834, 785, 0, 883, 834, 0, 49, 98, 0, 98, 147, 0, 147, 196, 0, 196, 245, 0, 245, 294, 0, 294, 343, 0, 343, 392, 0, 392, 441, 0, 441, 490, 0, 490, 539, 0, 539, 588, 0, 588, 637, 0, 637, 686, 0, 686, 735, 0, 735, 784, 0, 784, 833, 0, 833, 882, 0, 882, 931]
                                rel material:binding = </AecoCctvLooks/Envelope>
                                point3f[] points = [(0, 0, 0), (-20, -2.4492936e-15, -0), (-19.828897, -2.610524, -0), (-19.318516, -5.176381, -0), (-18.47759, -7.653669, -0), (-17.320509, -10, -0), (-15.867066, -12.175228, -0), (-14.142136, -14.142136, -0), (-12.175228, -15.867066, -0), (-10, -17.320509, -0), (-7.653669, -18.47759, -0), (-5.176381, -19.318516, -0), (-2.610524, -19.828897, -0), (1.2246468e-15, -20, -0), (2.610524, -19.828897, -0), (5.176381, -19.318516, -0), (7.653669, -18.47759, -0), (10, -17.320509, -0), (12.175228, -15.867066, -0), (14.142136, -14.142136, -0), (15.867066, -12.175228, -0), (17.320509, -10, -0), (18.47759, -7.653669, -0), (19.318516, -5.176381, -0), (19.828897, -2.610524, -0), (20, 0, -0), (19.828897, 2.610524, -0), (19.318516, 5.176381, -0), (18.47759, 7.653669, -0), (17.320509, 10, -0), (15.867066, 12.175228, -0), (14.142136, 14.142136, -0), (12.175228, 15.867066, -0), (10, 17.320509, -0), (7.653669, 18.47759, -0), (5.176381, 19.318516, -0), (2.610524, 19.828897, -0), (1.2246468e-15, 20, -0), (-2.610524, 19.828897, -0), (-5.176381, 19.318516, -0), (-7.653669, 18.47759, -0), (-10, 17.320509, -0), (-12.175228, 15.867066, -0), (-14.142136, 14.142136, -0), (-15.867066, 12.175228, -0), (-17.320509, 10, -0), (-18.47759, 7.653669, -0), (-19.318516, 5.176381, -0), (-19.828897, 2.610524, -0), (-20, 2.4492936e-15, -0), (-19.923895, -2.4399733e-15, -1.7431148), (-19.753443, -2.60059, -1.7431148), (-19.245005, -5.1566834, -1.7431148), (-18.407278, -7.624544, -1.7431148), (-17.254599, -9.961947, -1.7431148), (-15.806687, -12.128899, -1.7431148), (-14.088321, -14.088321, -1.7431148), (-12.128899, -15.806687, -1.7431148), (-9.961947, -17.254599, -1.7431148), (-7.624544, -18.407278, -1.7431148), (-5.1566834, -19.245005, -1.7431148), (-2.60059, -19.753443, -1.7431148), (1.2199866e-15, -19.923895, -1.7431148), (2.60059, -19.753443, -1.7431148), (5.1566834, -19.245005, -1.7431148), (7.624544, -18.407278, -1.7431148), (9.961947, -17.254599, -1.7431148), (12.128899, -15.806687, -1.7431148), (14.088321, -14.088321, -1.7431148), (15.806687, -12.128899, -1.7431148), (17.254599, -9.961947, -1.7431148), (18.407278, -7.624544, -1.7431148), (19.245005, -5.1566834, -1.7431148), (19.753443, -2.60059, -1.7431148), (19.923895, 0, -1.7431148), (19.753443, 2.60059, -1.7431148), (19.245005, 5.1566834, -1.7431148), (18.407278, 7.624544, -1.7431148), (17.254599, 9.961947, -1.7431148), (15.806687, 12.128899, -1.7431148), (14.088321, 14.088321, -1.7431148), (12.128899, 15.806687, -1.7431148), (9.961947, 17.254599, -1.7431148), (7.624544, 18.407278, -1.7431148), (5.1566834, 19.245005, -1.7431148), (2.60059, 19.753443, -1.7431148), (1.2199866e-15, 19.923895, -1.7431148), (-2.60059, 19.753443, -1.7431148), (-5.1566834, 19.245005, -1.7431148), (-7.624544, 18.407278, -1.7431148), (-9.961947, 17.254599, -1.7431148), (-12.128899, 15.806687, -1.7431148), (-14.088321, 14.088321, -1.7431148), (-15.806687, 12.128899, -1.7431148), (-17.254599, 9.961947, -1.7431148), (-18.407278, 7.624544, -1.7431148), (-19.245005, 5.1566834, -1.7431148), (-19.753443, 2.60059, -1.7431148), (-19.923895, 2.4399733e-15, -1.7431148), (-19.696156, -2.4120832e-15, -3.4729636), (-19.52765, -2.5708642, -3.4729636), (-19.025024, -5.09774, -3.4729636), (-18.196875, -7.537392, -3.4729636), (-17.057371, -9.848078, -3.4729636), (-15.62601, -11.990259, -3.4729636), (-13.927285, -13.927285, -3.4729636), (-11.990259, -15.62601, -3.4729636), (-9.848078, -17.057371, -3.4729636), (-7.537392, -18.196875, -3.4729636), (-5.09774, -19.025024, -3.4729636), (-2.5708642, -19.52765, -3.4729636), (1.2060416e-15, -19.696156, -3.4729636), (2.5708642, -19.52765, -3.4729636), (5.09774, -19.025024, -3.4729636), (7.537392, -18.196875, -3.4729636), (9.848078, -17.057371, -3.4729636), (11.990259, -15.62601, -3.4729636), (13.927285, -13.927285, -3.4729636), (15.62601, -11.990259, -3.4729636), (17.057371, -9.848078, -3.4729636), (18.196875, -7.537392, -3.4729636), (19.025024, -5.09774, -3.4729636), (19.52765, -2.5708642, -3.4729636), (19.696156, 0, -3.4729636), (19.52765, 2.5708642, -3.4729636), (19.025024, 5.09774, -3.4729636), (18.196875, 7.537392, -3.4729636), (17.057371, 9.848078, -3.4729636), (15.62601, 11.990259, -3.4729636), (13.927285, 13.927285, -3.4729636), (11.990259, 15.62601, -3.4729636), (9.848078, 17.057371, -3.4729636), (7.537392, 18.196875, -3.4729636), (5.09774, 19.025024, -3.4729636), (2.5708642, 19.52765, -3.4729636), (1.2060416e-15, 19.696156, -3.4729636), (-2.5708642, 19.52765, -3.4729636), (-5.09774, 19.025024, -3.4729636), (-7.537392, 18.196875, -3.4729636), (-9.848078, 17.057371, -3.4729636), (-11.990259, 15.62601, -3.4729636), (-13.927285, 13.927285, -3.4729636), (-15.62601, 11.990259, -3.4729636), (-17.057371, 9.848078, -3.4729636), (-18.196875, 7.537392, -3.4729636), (-19.025024, 5.09774, -3.4729636), (-19.52765, 2.5708642, -3.4729636), (-19.696156, 2.4120832e-15, -3.4729636), (-19.318516, -2.3658359e-15, -5.176381), (-19.153244, -2.5215724, -5.176381), (-18.660254, -5, -5.176381), (-17.847982, -7.392876, -5.176381), (-16.730326, -9.659258, -5.176381), (-15.326409, -11.760367, -5.176381), (-13.6602545, -13.6602545, -5.176381), (-11.760367, -15.326409, -5.176381), (-9.659258, -16.730326, -5.176381), (-7.392876, -17.847982, -5.176381), (-5, -18.660254, -5.176381), (-2.5215724, -19.153244, -5.176381), (1.1829179e-15, -19.318516, -5.176381), (2.5215724, -19.153244, -5.176381), (5, -18.660254, -5.176381), (7.392876, -17.847982, -5.176381), (9.659258, -16.730326, -5.176381), (11.760367, -15.326409, -5.176381), (13.6602545, -13.6602545, -5.176381), (15.326409, -11.760367, -5.176381), (16.730326, -9.659258, -5.176381), (17.847982, -7.392876, -5.176381), (18.660254, -5, -5.176381), (19.153244, -2.5215724, -5.176381), (19.318516, 0, -5.176381), (19.153244, 2.5215724, -5.176381), (18.660254, 5, -5.176381), (17.847982, 7.392876, -5.176381), (16.730326, 9.659258, -5.176381), (15.326409, 11.760367, -5.176381), (13.6602545, 13.6602545, -5.176381), (11.760367, 15.326409, -5.176381), (9.659258, 16.730326, -5.176381), (7.392876, 17.847982, -5.176381), (5, 18.660254, -5.176381), (2.5215724, 19.153244, -5.176381), (1.1829179e-15, 19.318516, -5.176381), (-2.5215724, 19.153244, -5.176381), (-5, 18.660254, -5.176381), (-7.392876, 17.847982, -5.176381), (-9.659258, 16.730326, -5.176381), (-11.760367, 15.326409, -5.176381), (-13.6602545, 13.6602545, -5.176381), (-15.326409, 11.760367, -5.176381), (-16.730326, 9.659258, -5.176381), (-17.847982, 7.392876, -5.176381), (-18.660254, 5, -5.176381), (-19.153244, 2.5215724, -5.176381), (-19.318516, 2.3658359e-15, -5.176381), (-18.793852, -2.3015831e-15, -6.840403), (-18.633068, -2.45309, -6.840403), (-18.153467, -4.864207, -6.840403), (-17.363256, -7.1920958, -6.840403), (-16.275953, -9.396926, -6.840403), (-14.910166, -11.440972, -6.840403), (-13.289261, -13.289261, -6.840403), (-11.440972, -14.910166, -6.840403), (-9.396926, -16.275953, -6.840403), (-7.1920958, -17.363256, -6.840403), (-4.864207, -18.153467, -6.840403), (-2.45309, -18.633068, -6.840403), (1.1507916e-15, -18.793852, -6.840403), (2.45309, -18.633068, -6.840403), (4.864207, -18.153467, -6.840403), (7.1920958, -17.363256, -6.840403), (9.396926, -16.275953, -6.840403), (11.440972, -14.910166, -6.840403), (13.289261, -13.289261, -6.840403), (14.910166, -11.440972, -6.840403), (16.275953, -9.396926, -6.840403), (17.363256, -7.1920958, -6.840403), (18.153467, -4.864207, -6.840403), (18.633068, -2.45309, -6.840403), (18.793852, 0, -6.840403), (18.633068, 2.45309, -6.840403), (18.153467, 4.864207, -6.840403), (17.363256, 7.1920958, -6.840403), (16.275953, 9.396926, -6.840403), (14.910166, 11.440972, -6.840403), (13.289261, 13.289261, -6.840403), (11.440972, 14.910166, -6.840403), (9.396926, 16.275953, -6.840403), (7.1920958, 17.363256, -6.840403), (4.864207, 18.153467, -6.840403), (2.45309, 18.633068, -6.840403), (1.1507916e-15, 18.793852, -6.840403), (-2.45309, 18.633068, -6.840403), (-4.864207, 18.153467, -6.840403), (-7.1920958, 17.363256, -6.840403), (-9.396926, 16.275953, -6.840403), (-11.440972, 14.910166, -6.840403), (-13.289261, 13.289261, -6.840403), (-14.910166, 11.440972, -6.840403), (-16.275953, 9.396926, -6.840403), (-17.363256, 7.1920958, -6.840403), (-18.153467, 4.864207, -6.840403), (-18.633068, 2.45309, -6.840403), (-18.793852, 2.3015831e-15, -6.840403), (-18.126156, -2.219814e-15, -8.452365), (-17.971085, -2.3659382, -8.452365), (-17.508522, -4.6913943, -8.452365), (-16.746384, -6.9365797, -8.452365), (-15.697711, -9.063078, -8.452365), (-14.380446, -11.034505, -8.452365), (-12.817127, -12.817127, -8.452365), (-11.034505, -14.380446, -8.452365), (-9.063078, -15.697711, -8.452365), (-6.9365797, -16.746384, -8.452365), (-4.6913943, -17.508522, -8.452365), (-2.3659382, -17.971085, -8.452365), (1.109907e-15, -18.126156, -8.452365), (2.3659382, -17.971085, -8.452365), (4.6913943, -17.508522, -8.452365), (6.9365797, -16.746384, -8.452365), (9.063078, -15.697711, -8.452365), (11.034505, -14.380446, -8.452365), (12.817127, -12.817127, -8.452365), (14.380446, -11.034505, -8.452365), (15.697711, -9.063078, -8.452365), (16.746384, -6.9365797, -8.452365), (17.508522, -4.6913943, -8.452365), (17.971085, -2.3659382, -8.452365), (18.126156, 0, -8.452365), (17.971085, 2.3659382, -8.452365), (17.508522, 4.6913943, -8.452365), (16.746384, 6.9365797, -8.452365), (15.697711, 9.063078, -8.452365), (14.380446, 11.034505, -8.452365), (12.817127, 12.817127, -8.452365), (11.034505, 14.380446, -8.452365), (9.063078, 15.697711, -8.452365), (6.9365797, 16.746384, -8.452365), (4.6913943, 17.508522, -8.452365), (2.3659382, 17.971085, -8.452365), (1.109907e-15, 18.126156, -8.452365), (-2.3659382, 17.971085, -8.452365), (-4.6913943, 17.508522, -8.452365), (-6.9365797, 16.746384, -8.452365), (-9.063078, 15.697711, -8.452365), (-11.034505, 14.380446, -8.452365), (-12.817127, 12.817127, -8.452365), (-14.380446, 11.034505, -8.452365), (-15.697711, 9.063078, -8.452365), (-16.746384, 6.9365797, -8.452365), (-17.508522, 4.6913943, -8.452365), (-17.971085, 2.3659382, -8.452365), (-18.126156, 2.219814e-15, -8.452365), (-17.320509, -2.1211505e-15, -10), (-17.172329, -2.2607799, -10), (-16.730326, -4.4828773, -10), (-16.002064, -6.6282716, -10), (-15, -8.6602545, -10), (-13.741282, -10.544057, -10), (-12.247449, -12.247449, -10), (-10.544057, -13.741282, -10), (-8.6602545, -15, -10), (-6.6282716, -16.002064, -10), (-4.4828773, -16.730326, -10), (-2.2607799, -17.172329, -10), (1.0605752e-15, -17.320509, -10), (2.2607799, -17.172329, -10), (4.4828773, -16.730326, -10), (6.6282716, -16.002064, -10), (8.6602545, -15, -10), (10.544057, -13.741282, -10), (12.247449, -12.247449, -10), (13.741282, -10.544057, -10), (15, -8.6602545, -10), (16.002064, -6.6282716, -10), (16.730326, -4.4828773, -10), (17.172329, -2.2607799, -10), (17.320509, 0, -10), (17.172329, 2.2607799, -10), (16.730326, 4.4828773, -10), (16.002064, 6.6282716, -10), (15, 8.6602545, -10), (13.741282, 10.544057, -10), (12.247449, 12.247449, -10), (10.544057, 13.741282, -10), (8.6602545, 15, -10), (6.6282716, 16.002064, -10), (4.4828773, 16.730326, -10), (2.2607799, 17.172329, -10), (1.0605752e-15, 17.320509, -10), (-2.2607799, 17.172329, -10), (-4.4828773, 16.730326, -10), (-6.6282716, 16.002064, -10), (-8.6602545, 15, -10), (-10.544057, 13.741282, -10), (-12.247449, 12.247449, -10), (-13.741282, 10.544057, -10), (-15, 8.6602545, -10), (-16.002064, 6.6282716, -10), (-16.730326, 4.4828773, -10), (-17.172329, 2.2607799, -10), (-17.320509, 2.1211505e-15, -10), (-16.383041, -2.0063439e-15, -11.471529), (-16.242882, -2.138416, -11.471529), (-15.824802, -4.240243, -11.471529), (-15.135956, -6.2695184, -11.471529), (-14.188129, -8.191521, -11.471529), (-12.99754, -9.973363, -11.471529), (-11.584559, -11.584559, -11.471529), (-9.973363, -12.99754, -11.471529), (-8.191521, -14.188129, -11.471529), (-6.2695184, -15.135956, -11.471529), (-4.240243, -15.824802, -11.471529), (-2.138416, -16.242882, -11.471529), (1.0031719e-15, -16.383041, -11.471529), (2.138416, -16.242882, -11.471529), (4.240243, -15.824802, -11.471529), (6.2695184, -15.135956, -11.471529), (8.191521, -14.188129, -11.471529), (9.973363, -12.99754, -11.471529), (11.584559, -11.584559, -11.471529), (12.99754, -9.973363, -11.471529), (14.188129, -8.191521, -11.471529), (15.135956, -6.2695184, -11.471529), (15.824802, -4.240243, -11.471529), (16.242882, -2.138416, -11.471529), (16.383041, 0, -11.471529), (16.242882, 2.138416, -11.471529), (15.824802, 4.240243, -11.471529), (15.135956, 6.2695184, -11.471529), (14.188129, 8.191521, -11.471529), (12.99754, 9.973363, -11.471529), (11.584559, 11.584559, -11.471529), (9.973363, 12.99754, -11.471529), (8.191521, 14.188129, -11.471529), (6.2695184, 15.135956, -11.471529), (4.240243, 15.824802, -11.471529), (2.138416, 16.242882, -11.471529), (1.0031719e-15, 16.383041, -11.471529), (-2.138416, 16.242882, -11.471529), (-4.240243, 15.824802, -11.471529), (-6.2695184, 15.135956, -11.471529), (-8.191521, 14.188129, -11.471529), (-9.973363, 12.99754, -11.471529), (-11.584559, 11.584559, -11.471529), (-12.99754, 9.973363, -11.471529), (-14.188129, 8.191521, -11.471529), (-15.135956, 6.2695184, -11.471529), (-15.824802, 4.240243, -11.471529), (-16.242882, 2.138416, -11.471529), (-16.383041, 2.0063439e-15, -11.471529), (-15.3208885, -1.8762678e-15, -12.855752), (-15.189816, -1.9997773, -12.855752), (-14.798842, -3.9653378, -12.855752), (-14.154655, -5.8630505, -12.855752), (-13.268279, -7.6604443, -12.855752), (-12.154879, -9.326766, -12.855752), (-10.833505, -10.833505, -12.855752), (-9.326766, -12.154879, -12.855752), (-7.6604443, -13.268279, -12.855752), (-5.8630505, -14.154655, -12.855752), (-3.9653378, -14.798842, -12.855752), (-1.9997773, -15.189816, -12.855752), (9.381339e-16, -15.3208885, -12.855752), (1.9997773, -15.189816, -12.855752), (3.9653378, -14.798842, -12.855752), (5.8630505, -14.154655, -12.855752), (7.6604443, -13.268279, -12.855752), (9.326766, -12.154879, -12.855752), (10.833505, -10.833505, -12.855752), (12.154879, -9.326766, -12.855752), (13.268279, -7.6604443, -12.855752), (14.154655, -5.8630505, -12.855752), (14.798842, -3.9653378, -12.855752), (15.189816, -1.9997773, -12.855752), (15.3208885, 0, -12.855752), (15.189816, 1.9997773, -12.855752), (14.798842, 3.9653378, -12.855752), (14.154655, 5.8630505, -12.855752), (13.268279, 7.6604443, -12.855752), (12.154879, 9.326766, -12.855752), (10.833505, 10.833505, -12.855752), (9.326766, 12.154879, -12.855752), (7.6604443, 13.268279, -12.855752), (5.8630505, 14.154655, -12.855752), (3.9653378, 14.798842, -12.855752), (1.9997773, 15.189816, -12.855752), (9.381339e-16, 15.3208885, -12.855752), (-1.9997773, 15.189816, -12.855752), (-3.9653378, 14.798842, -12.855752), (-5.8630505, 14.154655, -12.855752), (-7.6604443, 13.268279, -12.855752), (-9.326766, 12.154879, -12.855752), (-10.833505, 10.833505, -12.855752), (-12.154879, 9.326766, -12.855752), (-13.268279, 7.6604443, -12.855752), (-14.154655, 5.8630505, -12.855752), (-14.798842, 3.9653378, -12.855752), (-15.189816, 1.9997773, -12.855752), (-15.3208885, 1.8762678e-15, -12.855752), (-14.142136, -1.7319121e-15, -14.142136), (-14.021148, -1.8459191, -14.142136), (-13.6602545, -3.660254, -14.142136), (-13.06563, -5.411961, -14.142136), (-12.247449, -7.071068, -14.142136), (-11.21971, -8.609187, -14.142136), (-10, -10, -14.142136), (-8.609187, -11.21971, -14.142136), (-7.071068, -12.247449, -14.142136), (-5.411961, -13.06563, -14.142136), (-3.660254, -13.6602545, -14.142136), (-1.8459191, -14.021148, -14.142136), (8.6595603e-16, -14.142136, -14.142136), (1.8459191, -14.021148, -14.142136), (3.660254, -13.6602545, -14.142136), (5.411961, -13.06563, -14.142136), (7.071068, -12.247449, -14.142136), (8.609187, -11.21971, -14.142136), (10, -10, -14.142136), (11.21971, -8.609187, -14.142136), (12.247449, -7.071068, -14.142136), (13.06563, -5.411961, -14.142136), (13.6602545, -3.660254, -14.142136), (14.021148, -1.8459191, -14.142136), (14.142136, 0, -14.142136), (14.021148, 1.8459191, -14.142136), (13.6602545, 3.660254, -14.142136), (13.06563, 5.411961, -14.142136), (12.247449, 7.071068, -14.142136), (11.21971, 8.609187, -14.142136), (10, 10, -14.142136), (8.609187, 11.21971, -14.142136), (7.071068, 12.247449, -14.142136), (5.411961, 13.06563, -14.142136), (3.660254, 13.6602545, -14.142136), (1.8459191, 14.021148, -14.142136), (8.6595603e-16, 14.142136, -14.142136), (-1.8459191, 14.021148, -14.142136), (-3.660254, 13.6602545, -14.142136), (-5.411961, 13.06563, -14.142136), (-7.071068, 12.247449, -14.142136), (-8.609187, 11.21971, -14.142136), (-10, 10, -14.142136), (-11.21971, 8.609187, -14.142136), (-12.247449, 7.071068, -14.142136), (-13.06563, 5.411961, -14.142136), (-13.6602545, 3.660254, -14.142136), (-14.021148, 1.8459191, -14.142136), (-14.142136, 1.7319121e-15, -14.142136), (-12.855752, -1.5743756e-15, -15.3208885), (-12.7457695, -1.6780124, -15.3208885), (-12.417703, -3.3273134, -15.3208885), (-11.877167, -4.9196835, -15.3208885), (-11.133408, -6.427876, -15.3208885), (-10.199154, -7.826086, -15.3208885), (-9.090389, -9.090389, -15.3208885), (-7.826086, -10.199154, -15.3208885), (-6.427876, -11.133408, -15.3208885), (-4.9196835, -11.877167, -15.3208885), (-3.3273134, -12.417703, -15.3208885), (-1.6780124, -12.7457695, -15.3208885), (7.871878e-16, -12.855752, -15.3208885), (1.6780124, -12.7457695, -15.3208885), (3.3273134, -12.417703, -15.3208885), (4.9196835, -11.877167, -15.3208885), (6.427876, -11.133408, -15.3208885), (7.826086, -10.199154, -15.3208885), (9.090389, -9.090389, -15.3208885), (10.199154, -7.826086, -15.3208885), (11.133408, -6.427876, -15.3208885), (11.877167, -4.9196835, -15.3208885), (12.417703, -3.3273134, -15.3208885), (12.7457695, -1.6780124, -15.3208885), (12.855752, 0, -15.3208885), (12.7457695, 1.6780124, -15.3208885), (12.417703, 3.3273134, -15.3208885), (11.877167, 4.9196835, -15.3208885), (11.133408, 6.427876, -15.3208885), (10.199154, 7.826086, -15.3208885), (9.090389, 9.090389, -15.3208885), (7.826086, 10.199154, -15.3208885), (6.427876, 11.133408, -15.3208885), (4.9196835, 11.877167, -15.3208885), (3.3273134, 12.417703, -15.3208885), (1.6780124, 12.7457695, -15.3208885), (7.871878e-16, 12.855752, -15.3208885), (-1.6780124, 12.7457695, -15.3208885), (-3.3273134, 12.417703, -15.3208885), (-4.9196835, 11.877167, -15.3208885), (-6.427876, 11.133408, -15.3208885), (-7.826086, 10.199154, -15.3208885), (-9.090389, 9.090389, -15.3208885), (-10.199154, 7.826086, -15.3208885), (-11.133408, 6.427876, -15.3208885), (-11.877167, 4.9196835, -15.3208885), (-12.417703, 3.3273134, -15.3208885), (-12.7457695, 1.6780124, -15.3208885), (-12.855752, 1.5743756e-15, -15.3208885), (-11.471529, -1.4048571e-15, -16.383041), (-11.373388, -1.497335, -16.383041), (-11.080646, -2.9690502, -16.383041), (-10.59831, -4.389964, -16.383041), (-9.934635, -5.7357645, -16.383041), (-9.100976, -6.983424, -16.383041), (-8.111596, -8.111596, -16.383041), (-6.983424, -9.100976, -16.383041), (-5.7357645, -9.934635, -16.383041), (-4.389964, -10.59831, -16.383041), (-2.9690502, -11.080646, -16.383041), (-1.497335, -11.373388, -16.383041), (7.0242854e-16, -11.471529, -16.383041), (1.497335, -11.373388, -16.383041), (2.9690502, -11.080646, -16.383041), (4.389964, -10.59831, -16.383041), (5.7357645, -9.934635, -16.383041), (6.983424, -9.100976, -16.383041), (8.111596, -8.111596, -16.383041), (9.100976, -6.983424, -16.383041), (9.934635, -5.7357645, -16.383041), (10.59831, -4.389964, -16.383041), (11.080646, -2.9690502, -16.383041), (11.373388, -1.497335, -16.383041), (11.471529, 0, -16.383041), (11.373388, 1.497335, -16.383041), (11.080646, 2.9690502, -16.383041), (10.59831, 4.389964, -16.383041), (9.934635, 5.7357645, -16.383041), (9.100976, 6.983424, -16.383041), (8.111596, 8.111596, -16.383041), (6.983424, 9.100976, -16.383041), (5.7357645, 9.934635, -16.383041), (4.389964, 10.59831, -16.383041), (2.9690502, 11.080646, -16.383041), (1.497335, 11.373388, -16.383041), (7.0242854e-16, 11.471529, -16.383041), (-1.497335, 11.373388, -16.383041), (-2.9690502, 11.080646, -16.383041), (-4.389964, 10.59831, -16.383041), (-5.7357645, 9.934635, -16.383041), (-6.983424, 9.100976, -16.383041), (-8.111596, 8.111596, -16.383041), (-9.100976, 6.983424, -16.383041), (-9.934635, 5.7357645, -16.383041), (-10.59831, 4.389964, -16.383041), (-11.080646, 2.9690502, -16.383041), (-11.373388, 1.497335, -16.383041), (-11.471529, 1.4048571e-15, -16.383041), (-10, -1.2246468e-15, -17.320509), (-9.914449, -1.305262, -17.320509), (-9.659258, -2.5881906, -17.320509), (-9.238795, -3.8268344, -17.320509), (-8.6602545, -5, -17.320509), (-7.933533, -6.087614, -17.320509), (-7.071068, -7.071068, -17.320509), (-6.087614, -7.933533, -17.320509), (-5, -8.6602545, -17.320509), (-3.8268344, -9.238795, -17.320509), (-2.5881906, -9.659258, -17.320509), (-1.305262, -9.914449, -17.320509), (6.123234e-16, -10, -17.320509), (1.305262, -9.914449, -17.320509), (2.5881906, -9.659258, -17.320509), (3.8268344, -9.238795, -17.320509), (5, -8.6602545, -17.320509), (6.087614, -7.933533, -17.320509), (7.071068, -7.071068, -17.320509), (7.933533, -6.087614, -17.320509), (8.6602545, -5, -17.320509), (9.238795, -3.8268344, -17.320509), (9.659258, -2.5881906, -17.320509), (9.914449, -1.305262, -17.320509), (10, 0, -17.320509), (9.914449, 1.305262, -17.320509), (9.659258, 2.5881906, -17.320509), (9.238795, 3.8268344, -17.320509), (8.6602545, 5, -17.320509), (7.933533, 6.087614, -17.320509), (7.071068, 7.071068, -17.320509), (6.087614, 7.933533, -17.320509), (5, 8.6602545, -17.320509), (3.8268344, 9.238795, -17.320509), (2.5881906, 9.659258, -17.320509), (1.305262, 9.914449, -17.320509), (6.123234e-16, 10, -17.320509), (-1.305262, 9.914449, -17.320509), (-2.5881906, 9.659258, -17.320509), (-3.8268344, 9.238795, -17.320509), (-5, 8.6602545, -17.320509), (-6.087614, 7.933533, -17.320509), (-7.071068, 7.071068, -17.320509), (-7.933533, 6.087614, -17.320509), (-8.6602545, 5, -17.320509), (-9.238795, 3.8268344, -17.320509), (-9.659258, 2.5881906, -17.320509), (-9.914449, 1.305262, -17.320509), (-10, 1.2246468e-15, -17.320509), (-8.452365, -1.0351162e-15, -18.126156), (-8.380054, -1.103255, -18.126156), (-8.164358, -2.187633, -18.126156), (-7.808967, -3.23458, -18.126156), (-7.319963, -4.2261825, -18.126156), (-6.7057123, -5.145474, -18.126156), (-5.9767246, -5.9767246, -18.126156), (-5.145474, -6.7057123, -18.126156), (-4.2261825, -7.319963, -18.126156), (-3.23458, -7.808967, -18.126156), (-2.187633, -8.164358, -18.126156), (-1.103255, -8.380054, -18.126156), (5.175581e-16, -8.452365, -18.126156), (1.103255, -8.380054, -18.126156), (2.187633, -8.164358, -18.126156), (3.23458, -7.808967, -18.126156), (4.2261825, -7.319963, -18.126156), (5.145474, -6.7057123, -18.126156), (5.9767246, -5.9767246, -18.126156), (6.7057123, -5.145474, -18.126156), (7.319963, -4.2261825, -18.126156), (7.808967, -3.23458, -18.126156), (8.164358, -2.187633, -18.126156), (8.380054, -1.103255, -18.126156), (8.452365, 0, -18.126156), (8.380054, 1.103255, -18.126156), (8.164358, 2.187633, -18.126156), (7.808967, 3.23458, -18.126156), (7.319963, 4.2261825, -18.126156), (6.7057123, 5.145474, -18.126156), (5.9767246, 5.9767246, -18.126156), (5.145474, 6.7057123, -18.126156), (4.2261825, 7.319963, -18.126156), (3.23458, 7.808967, -18.126156), (2.187633, 8.164358, -18.126156), (1.103255, 8.380054, -18.126156), (5.175581e-16, 8.452365, -18.126156), (-1.103255, 8.380054, -18.126156), (-2.187633, 8.164358, -18.126156), (-3.23458, 7.808967, -18.126156), (-4.2261825, 7.319963, -18.126156), (-5.145474, 6.7057123, -18.126156), (-5.9767246, 5.9767246, -18.126156), (-6.7057123, 5.145474, -18.126156), (-7.319963, 4.2261825, -18.126156), (-7.808967, 3.23458, -18.126156), (-8.164358, 2.187633, -18.126156), (-8.380054, 1.103255, -18.126156), (-8.452365, 1.0351162e-15, -18.126156), (-6.840403, -8.3770775e-16, -18.793852), (-6.7818823, -0.8928517, -18.793852), (-6.6073217, -1.7704265, -18.793852), (-6.3197083, -2.617709, -18.793852), (-5.9239626, -3.4202015, -18.793852), (-5.4268565, -4.1641736, -18.793852), (-4.8368955, -4.8368955, -18.793852), (-4.1641736, -5.4268565, -18.793852), (-3.4202015, -5.9239626, -18.793852), (-2.617709, -6.3197083, -18.793852), (-1.7704265, -6.6073217, -18.793852), (-0.8928517, -6.7818823, -18.793852), (4.1885387e-16, -6.840403, -18.793852), (0.8928517, -6.7818823, -18.793852), (1.7704265, -6.6073217, -18.793852), (2.617709, -6.3197083, -18.793852), (3.4202015, -5.9239626, -18.793852), (4.1641736, -5.4268565, -18.793852), (4.8368955, -4.8368955, -18.793852), (5.4268565, -4.1641736, -18.793852), (5.9239626, -3.4202015, -18.793852), (6.3197083, -2.617709, -18.793852), (6.6073217, -1.7704265, -18.793852), (6.7818823, -0.8928517, -18.793852), (6.840403, 0, -18.793852), (6.7818823, 0.8928517, -18.793852), (6.6073217, 1.7704265, -18.793852), (6.3197083, 2.617709, -18.793852), (5.9239626, 3.4202015, -18.793852), (5.4268565, 4.1641736, -18.793852), (4.8368955, 4.8368955, -18.793852), (4.1641736, 5.4268565, -18.793852), (3.4202015, 5.9239626, -18.793852), (2.617709, 6.3197083, -18.793852), (1.7704265, 6.6073217, -18.793852), (0.8928517, 6.7818823, -18.793852), (4.1885387e-16, 6.840403, -18.793852), (-0.8928517, 6.7818823, -18.793852), (-1.7704265, 6.6073217, -18.793852), (-2.617709, 6.3197083, -18.793852), (-3.4202015, 5.9239626, -18.793852), (-4.1641736, 5.4268565, -18.793852), (-4.8368955, 4.8368955, -18.793852), (-5.4268565, 4.1641736, -18.793852), (-5.9239626, 3.4202015, -18.793852), (-6.3197083, 2.617709, -18.793852), (-6.6073217, 1.7704265, -18.793852), (-6.7818823, 0.8928517, -18.793852), (-6.840403, 8.3770775e-16, -18.793852), (-5.176381, -6.3392385e-16, -19.318516), (-5.1320963, -0.6756533, -19.318516), (-5, -1.339746, -19.318516), (-4.7823524, -1.9809152, -19.318516), (-4.4828773, -2.5881906, -19.318516), (-4.106699, -3.151181, -19.318516), (-3.660254, -3.660254, -19.318516), (-3.151181, -4.106699, -19.318516), (-2.5881906, -4.4828773, -19.318516), (-1.9809152, -4.7823524, -19.318516), (-1.339746, -5, -19.318516), (-0.6756533, -5.1320963, -19.318516), (3.1696193e-16, -5.176381, -19.318516), (0.6756533, -5.1320963, -19.318516), (1.339746, -5, -19.318516), (1.9809152, -4.7823524, -19.318516), (2.5881906, -4.4828773, -19.318516), (3.151181, -4.106699, -19.318516), (3.660254, -3.660254, -19.318516), (4.106699, -3.151181, -19.318516), (4.4828773, -2.5881906, -19.318516), (4.7823524, -1.9809152, -19.318516), (5, -1.339746, -19.318516), (5.1320963, -0.6756533, -19.318516), (5.176381, 0, -19.318516), (5.1320963, 0.6756533, -19.318516), (5, 1.339746, -19.318516), (4.7823524, 1.9809152, -19.318516), (4.4828773, 2.5881906, -19.318516), (4.106699, 3.151181, -19.318516), (3.660254, 3.660254, -19.318516), (3.151181, 4.106699, -19.318516), (2.5881906, 4.4828773, -19.318516), (1.9809152, 4.7823524, -19.318516), (1.339746, 5, -19.318516), (0.6756533, 5.1320963, -19.318516), (3.1696193e-16, 5.176381, -19.318516), (-0.6756533, 5.1320963, -19.318516), (-1.339746, 5, -19.318516), (-1.9809152, 4.7823524, -19.318516), (-2.5881906, 4.4828773, -19.318516), (-3.151181, 4.106699, -19.318516), (-3.660254, 3.660254, -19.318516), (-4.106699, 3.151181, -19.318516), (-4.4828773, 2.5881906, -19.318516), (-4.7823524, 1.9809152, -19.318516), (-5, 1.339746, -19.318516), (-5.1320963, 0.6756533, -19.318516), (-5.176381, 6.3392385e-16, -19.318516), (-3.4729636, -4.2531536e-16, -19.696156), (-3.4432518, -0.4533127, -19.696156), (-3.3546252, -0.8988691, -19.696156), (-3.2086, -1.3290457, -19.696156), (-3.0076747, -1.7364818, -19.696156), (-2.7552872, -2.1142063, -19.696156), (-2.4557562, -2.4557562, -19.696156), (-2.1142063, -2.7552872, -19.696156), (-1.7364818, -3.0076747, -19.696156), (-1.3290457, -3.2086, -19.696156), (-0.8988691, -3.3546252, -19.696156), (-0.4533127, -3.4432518, -19.696156), (2.1265768e-16, -3.4729636, -19.696156), (0.4533127, -3.4432518, -19.696156), (0.8988691, -3.3546252, -19.696156), (1.3290457, -3.2086, -19.696156), (1.7364818, -3.0076747, -19.696156), (2.1142063, -2.7552872, -19.696156), (2.4557562, -2.4557562, -19.696156), (2.7552872, -2.1142063, -19.696156), (3.0076747, -1.7364818, -19.696156), (3.2086, -1.3290457, -19.696156), (3.3546252, -0.8988691, -19.696156), (3.4432518, -0.4533127, -19.696156), (3.4729636, 0, -19.696156), (3.4432518, 0.4533127, -19.696156), (3.3546252, 0.8988691, -19.696156), (3.2086, 1.3290457, -19.696156), (3.0076747, 1.7364818, -19.696156), (2.7552872, 2.1142063, -19.696156), (2.4557562, 2.4557562, -19.696156), (2.1142063, 2.7552872, -19.696156), (1.7364818, 3.0076747, -19.696156), (1.3290457, 3.2086, -19.696156), (0.8988691, 3.3546252, -19.696156), (0.4533127, 3.4432518, -19.696156), (2.1265768e-16, 3.4729636, -19.696156), (-0.4533127, 3.4432518, -19.696156), (-0.8988691, 3.3546252, -19.696156), (-1.3290457, 3.2086, -19.696156), (-1.7364818, 3.0076747, -19.696156), (-2.1142063, 2.7552872, -19.696156), (-2.4557562, 2.4557562, -19.696156), (-2.7552872, 2.1142063, -19.696156), (-3.0076747, 1.7364818, -19.696156), (-3.2086, 1.3290457, -19.696156), (-3.3546252, 0.8988691, -19.696156), (-3.4432518, 0.4533127, -19.696156), (-3.4729636, 4.2531536e-16, -19.696156), (-1.7431148, -2.1347e-16, -19.923895), (-1.7282022, -0.22752215, -19.923895), (-1.6837196, -0.4511513, -19.923895), (-1.6104281, -0.66706115, -19.923895), (-1.5095818, -0.8715574, -19.923895), (-1.382906, -1.0611411, -19.923895), (-1.2325684, -1.2325684, -19.923895), (-1.0611411, -1.382906, -19.923895), (-0.8715574, -1.5095818, -19.923895), (-0.66706115, -1.6104281, -19.923895), (-0.4511513, -1.6837196, -19.923895), (-0.22752215, -1.7282022, -19.923895), (1.06735e-16, -1.7431148, -19.923895), (0.22752215, -1.7282022, -19.923895), (0.4511513, -1.6837196, -19.923895), (0.66706115, -1.6104281, -19.923895), (0.8715574, -1.5095818, -19.923895), (1.0611411, -1.382906, -19.923895), (1.2325684, -1.2325684, -19.923895), (1.382906, -1.0611411, -19.923895), (1.5095818, -0.8715574, -19.923895), (1.6104281, -0.66706115, -19.923895), (1.6837196, -0.4511513, -19.923895), (1.7282022, -0.22752215, -19.923895), (1.7431148, 0, -19.923895), (1.7282022, 0.22752215, -19.923895), (1.6837196, 0.4511513, -19.923895), (1.6104281, 0.66706115, -19.923895), (1.5095818, 0.8715574, -19.923895), (1.382906, 1.0611411, -19.923895), (1.2325684, 1.2325684, -19.923895), (1.0611411, 1.382906, -19.923895), (0.8715574, 1.5095818, -19.923895), (0.66706115, 1.6104281, -19.923895), (0.4511513, 1.6837196, -19.923895), (0.22752215, 1.7282022, -19.923895), (1.06735e-16, 1.7431148, -19.923895), (-0.22752215, 1.7282022, -19.923895), (-0.4511513, 1.6837196, -19.923895), (-0.66706115, 1.6104281, -19.923895), (-0.8715574, 1.5095818, -19.923895), (-1.0611411, 1.382906, -19.923895), (-1.2325684, 1.2325684, -19.923895), (-1.382906, 1.0611411, -19.923895), (-1.5095818, 0.8715574, -19.923895), (-1.6104281, 0.66706115, -19.923895), (-1.6837196, 0.4511513, -19.923895), (-1.7282022, 0.22752215, -19.923895), (-1.7431148, 2.1347e-16, -19.923895), (-1.2246468e-15, -1.4997598e-31, -20), (-1.2141697e-15, -1.5984848e-16, -20), (-1.1829179e-15, -3.1696193e-16, -20), (-1.1314262e-15, -4.6865205e-16, -20), (-1.0605752e-15, -6.123234e-16, -20), (-9.715776e-16, -7.4551774e-16, -20), (-8.6595603e-16, -8.6595603e-16, -20), (-7.4551774e-16, -9.715776e-16, -20), (-6.123234e-16, -1.0605752e-15, -20), (-4.6865205e-16, -1.1314262e-15, -20), (-3.1696193e-16, -1.1829179e-15, -20), (-1.5984848e-16, -1.2141697e-15, -20), (7.498799e-32, -1.2246468e-15, -20), (1.5984848e-16, -1.2141697e-15, -20), (3.1696193e-16, -1.1829179e-15, -20), (4.6865205e-16, -1.1314262e-15, -20), (6.123234e-16, -1.0605752e-15, -20), (7.4551774e-16, -9.715776e-16, -20), (8.6595603e-16, -8.6595603e-16, -20), (9.715776e-16, -7.4551774e-16, -20), (1.0605752e-15, -6.123234e-16, -20), (1.1314262e-15, -4.6865205e-16, -20), (1.1829179e-15, -3.1696193e-16, -20), (1.2141697e-15, -1.5984848e-16, -20), (1.2246468e-15, 0, -20), (1.2141697e-15, 1.5984848e-16, -20), (1.1829179e-15, 3.1696193e-16, -20), (1.1314262e-15, 4.6865205e-16, -20), (1.0605752e-15, 6.123234e-16, -20), (9.715776e-16, 7.4551774e-16, -20), (8.6595603e-16, 8.6595603e-16, -20), (7.4551774e-16, 9.715776e-16, -20), (6.123234e-16, 1.0605752e-15, -20), (4.6865205e-16, 1.1314262e-15, -20), (3.1696193e-16, 1.1829179e-15, -20), (1.5984848e-16, 1.2141697e-15, -20), (7.498799e-32, 1.2246468e-15, -20), (-1.5984848e-16, 1.2141697e-15, -20), (-3.1696193e-16, 1.1829179e-15, -20), (-4.6865205e-16, 1.1314262e-15, -20), (-6.123234e-16, 1.0605752e-15, -20), (-7.4551774e-16, 9.715776e-16, -20), (-8.6595603e-16, 8.6595603e-16, -20), (-9.715776e-16, 7.4551774e-16, -20), (-1.0605752e-15, 6.123234e-16, -20), (-1.1314262e-15, 4.6865205e-16, -20), (-1.1829179e-15, 3.1696193e-16, -20), (-1.2141697e-15, 1.5984848e-16, -20), (-1.2246468e-15, 1.4997598e-31, -20)]
                                color3f[] primvars:displayColor = [(0.75, 0.75, 0.75)] (
                                    interpolation = "constant"
                                )
                                float[] primvars:displayOpacity = [0.3] (
                                    interpolation = "constant"
                                )
                                uniform token purpose = "guide"
                                uniform token subdivisionScheme = "none"
                                matrix4d xformOp:transform = ( (-0.7071067811865475, 0.2418447626479755, -0.6644630243886748, 0), (-0.7071067811865477, -0.24184476264797541, 0.6644630243886746, -0), (0, 0.9396926207859084, 0.34202014332566905, -0), (0, -0, 0, 1.0000000000000002) )
                                matrix4d xformOp:transform.timeSamples = {
                                    0: ( (-0.7071067811865475, 0.2418447626479755, -0.6644630243886748, 0), (-0.7071067811865477, -0.24184476264797541, 0.6644630243886746, -0), (0, 0.9396926207859084, 0.34202014332566905, -0), (0, -0, 0, 1.0000000000000002) ),
                                    84: ( (-0.7071067811865475, 0.2418447626479755, -0.6644630243886748, 0), (-0.7071067811865477, -0.24184476264797541, 0.6644630243886746, -0), (0, 0.9396926207859084, 0.34202014332566905, -0), (0, -0, 0, 1.0000000000000002) ),
                                    96: ( (0.052562536747921995, 0.3003399812113218, -0.9523828407823223, 0), (-0.9986176343979828, 0.015808484404350905, -0.05012895460922803, 0), (0, 0.953701204522056, 0.3007557355948175, -0), (0, 0, 0, 1.0000000000000002) ),
                                    228: ( (0.052562536747921995, 0.3003399812113218, -0.9523828407823223, 0), (-0.9986176343979828, 0.015808484404350905, -0.05012895460922803, 0), (0, 0.953701204522056, 0.3007557355948175, -0), (0, 0, 0, 1.0000000000000002) ),
                                    240: ( (-0.30152131898399603, 0.1383787410441947, -0.9433643083269448, 0), (-0.9534594350040023, -0.043760792527912075, 0.29832884345831817, -0), (0, 0.9894121067908724, 0.1451333281353641, -0), (0, -0, 0, 1) ),
                                    372: ( (-0.30152131898399603, 0.1383787410441947, -0.9433643083269448, 0), (-0.9534594350040023, -0.043760792527912075, 0.29832884345831817, -0), (0, 0.9894121067908724, 0.1451333281353641, -0), (0, -0, 0, 1) ),
                                    384: ( (-0.7071067811865475, 0.2418447626479755, -0.6644630243886748, 0), (-0.7071067811865477, -0.24184476264797541, 0.6644630243886746, -0), (0, 0.9396926207859084, 0.34202014332566905, -0), (0, -0, 0, 1.0000000000000002) ),
                                }
                                uniform token[] xformOpOrder = ["xformOp:transform"]
                            }
                        }
                    }
                }
            }
        }
    }
}

def "AecoCctvLooks"
{
    def Material "Sector"
    {
        token outputs:surface.connect = </AecoCctvLooks/Sector/PreviewSurface.outputs:surface>

        def Shader "PreviewSurface"
        {
            uniform token info:id = "UsdPreviewSurface"
            color3f inputs:diffuseColor = (0, 0.85, 0.95)
            float inputs:opacity = 0.3
            float inputs:roughness = 0.9
            token outputs:surface
        }
    }

    def Material "Shell_identify"
    {
        token outputs:surface.connect = </AecoCctvLooks/Shell_identify/PreviewSurface.outputs:surface>

        def Shader "PreviewSurface"
        {
            uniform token info:id = "UsdPreviewSurface"
            color3f inputs:diffuseColor = (0, 0.5, 0.45)
            float inputs:opacity = 0.3
            float inputs:roughness = 0.9
            token outputs:surface
        }
    }

    def Material "Shell_recognise"
    {
        token outputs:surface.connect = </AecoCctvLooks/Shell_recognise/PreviewSurface.outputs:surface>

        def Shader "PreviewSurface"
        {
            uniform token info:id = "UsdPreviewSurface"
            color3f inputs:diffuseColor = (0.18333334, 0.6166667, 0.56666666)
            float inputs:opacity = 0.3
            float inputs:roughness = 0.9
            token outputs:surface
        }
    }

    def Material "Envelope"
    {
        token outputs:surface.connect = </AecoCctvLooks/Envelope/PreviewSurface.outputs:surface>

        def Shader "PreviewSurface"
        {
            uniform token info:id = "UsdPreviewSurface"
            color3f inputs:diffuseColor = (0.75, 0.75, 0.75)
            float inputs:opacity = 0.3
            float inputs:roughness = 0.9
            token outputs:surface
        }
    }
}

over "_TypeCatalog"
{
    over "Dome_P3277"
    {
        int aeco:cctvType:sensorCount = 1
    }

    over "Ptz_Q6088"
    {
        int aeco:cctvType:sensorCount = 1
    }
}

